ID,price
143332,57858.055
28423,112811.47
28103,94947.07
106424,1596.2799
131956,7910.9683
104168,4983.9355
84710,72532.3
47148,36729.043
109086,15264.569
38564,30645.531
149899,47960.242
142786,71956.04
112470,18216.572
116755,51115.387
77001,14040.386
65836,3953.9727
140731,7621.013
64633,36374.715
25632,7049.7354
61151,13295.103
110265,7535.17
124734,13081.438
139328,66705.05
17408,25344.22
113078,125253.33
27431,37947.51
86160,30752.785
90240,3423.5542
125746,7460.972
67233,21884.932
12727,1868.3141
27297,106201.02
100107,31752.004
78057,17359.303
120699,4356.558
103773,18120.297
83526,4985.0493
117882,23053.719
95656,178659.69
115883,157049.05
26964,103399.266
100993,20705.115
78237,36610.773
25657,3880.6199
47813,12683.391
22145,16527.922
90629,111801.09
84591,45398.996
124399,13482.088
28464,10423.418
128984,31792.248
124945,24689.914
112601,71841.36
26603,2170.3381
86261,131297.39
109053,28924.307
80297,12984.008
8340,5598.2383
22349,9135.693
122786,39588.914
144859,4020.1245
66345,23770.848
2404,6871.545
42737,12835.527
65365,1419.6609
44842,6463.7314
75876,38254.05
138784,5158.9507
107468,25742.531
52770,10528.941
94727,18407.906
83223,26241.02
31989,82189.47
76357,2990.8262
38048,15713.449
9150,17811.531
115436,9337.708
136105,30146.549
85939,37899.98
68193,3493.1987
80527,306931.06
21790,18877.902
82148,18881.799
20485,90870.75
37293,19546.828
46932,73366.52
90941,14340.841
57365,39159.695
22635,15597.899
73830,69421.1
41479,13752.287
60507,1741.822
137274,6235.896
58305,49691.684
101931,2694.2754
43195,87636.14
116633,41211.38
46402,7567.693
63165,8482.06
12219,21844.17
15562,106324.9
33702,40669.973
3982,50761.812
55637,75787.3
122731,34568.05
51374,6344.357
8199,8016.7495
137197,5181.408
106088,16015.533
135145,34392.58
145045,1260.8392
87997,5123.1045
44903,38390.14
108112,11264.018
25933,14434.874
146773,7579.5864
55470,31401.941
50249,4846.969
37988,78274.24
53408,13052.998
141587,15771.231
23763,5519.0503
90583,12067.562
19691,5702.239
25354,56312.574
62963,18144.615
68954,6193.74
97372,38228.613
56003,127111.94
83515,26146.244
35304,20938.908
63270,79731.29
1218,64748.39
54427,29694.684
94965,3135.2559
16127,55878.734
11747,51863.48
64979,30499.697
63750,55293.85
112386,119410.82
135958,7266.8203
146866,15165.263
81139,1631.7734
40148,138100.78
135737,69313.7
10916,181001.52
141077,7321.2534
110386,13688.152
24837,98272.71
19398,31172.385
8577,15507.558
39185,34556.227
129153,12920.409
7858,155100.23
30121,25387.816
60169,27213.834
119343,10799.145
139982,34220.688
27181,5826.0947
46729,26279.95
133220,14186.532
71246,27237.832
62621,8337.702
142617,33125.562
65520,14291.217
91638,61381.348
90216,83580.86
114492,3964.9077
115092,4969.6377
148524,56894.562
42403,5445.264
89670,10253.283
97981,6654.4165
137222,6145.8364
90975,14720.192
129567,29721.139
106711,18969.557
131989,17836.902
128743,9902.305
28891,5972.377
34485,5502.5605
94538,30063.031
13977,3438.6982
84937,98135.13
46935,7652.605
55980,7723.841
48242,11401.6875
134363,49582.805
40171,7090.1387
27922,29283.045
23901,60941.453
44060,16359.549
105829,30398.086
88882,9699.802
17796,29918.828
54391,16493.61
69208,10110.763
122589,152269.95
137571,14608.718
99875,76842.95
4808,6503.4307
34148,11869.513
104043,32210.826
53610,30370.604
11982,10179.2295
82591,44085.508
55809,95529.08
132867,33234.18
21270,12630.337
12666,23238.107
107852,54411.254
12438,9600.499
59712,12691.805
83009,5374.815
29889,65211.484
39491,94.47371
22054,7278.0273
139139,44600.938
142974,74130.32
141853,10038.692
124850,23264.406
88968,103594.49
57929,22258.19
131564,5239.501
18025,59646.926
98108,18076.277
81113,73294.164
33858,7524.557
78981,119864.47
143825,3569.1738
141046,37065.008
96871,3668.162
87440,44301.35
6117,12119.745
16956,7831.422
111755,8858.43
95914,31993.023
58664,4830.8022
145503,-504.27274
1473,8359.734
95776,72687.52
143996,32455.742
107759,8282.526
135471,17026.605
136653,38879.28
128809,9368.218
89664,27073.941
96852,128587.27
72202,35667.125
37918,47657.83
21105,17347.578
34722,10007.455
141237,19790.105
1857,33701.32
149609,26830.062
130465,176627.88
7687,7781.6934
30639,34935.754
71,6535.6323
127003,53141.41
100489,24066.78
44517,28086.26
5601,7902.988
146158,6849.5337
144614,10880.735
8189,28441.795
117894,20226.408
58328,14429.681
10292,7927.2246
130807,42812.562
75343,40140.734
76004,32531.766
26894,6396.9565
124381,26111.6
103662,15835.753
113306,14529.893
47483,4350.8926
75676,213611.05
28043,13092.428
149755,12489.648
68409,2981.925
61575,76477.52
78183,18619.375
145108,44436.64
147020,27978.52
123232,26356.422
33442,3373.6248
144239,51955.105
76639,24664.246
18233,58865.375
52889,49408.336
96159,5391.66
108513,4343.044
116818,26153.363
94947,6418.1157
81734,2284.303
99068,27400.129
45432,5094.6885
77718,6586.6978
36103,18970.857
80463,20632.58
147209,182165.95
21209,14732.604
63003,36904.402
83071,31092.262
129548,26730.666
99854,4950.6626
62727,14949.136
67350,140641.88
130895,7832.365
112438,15374.943
84622,108117.49
117288,42027.402
45889,122399.06
94041,11840.288
111258,13243.077
86067,19084.438
140763,14180.026
42756,7921.498
115378,16240.117
55788,5629.2666
122287,14284.279
115139,7384.724
30320,28496.195
142404,23220.586
33540,18104.83
11912,18581.885
144987,11340.188
66991,12830.807
96793,26130.502
91503,6820.6436
58291,64949.29
133381,39298.297
111966,33576.484
16925,54519.402
43726,99742.17
22231,50423.605
20903,6358.282
17031,13501.612
35021,10056.019
71481,27292.842
28462,164121.69
133862,41194.047
42865,10751.681
74492,81001.49
20110,187227.84
67902,47629.55
53328,205267.83
7035,64727.582
114788,96880.17
8704,191606.12
125607,42188.54
66147,84413.18
47875,5983.986
9240,79098.44
50598,10483.61
76769,10959.327
60789,62536.254
91669,7578.797
110108,6009.2427
36865,24978.895
120637,57755.547
130574,55253.86
748,17427.338
95683,26074.906
20137,10478.568
38453,2403.5603
87313,5602.9106
5841,13384.416
32360,82289.84
69794,19539.48
48449,13284.337
98145,52559.68
28011,51927.508
122677,13082.594
25904,19108.268
29643,82449.57
13532,29101.475
78896,117248.22
33685,43501.17
107424,30023.93
51093,37667.633
128724,54083.68
8288,44966.332
37271,12905.941
146173,11070.375
14386,130050.125
114794,19368.486
120060,10936.853
107842,129097.81
115329,20547.9
101754,26125.889
88851,14432.788
67334,3173.1733
94558,11316.318
92150,39810.016
91327,238131.94
118728,2265.2668
105319,17026.79
83735,20249.092
1831,45582.887
81382,103124.22
117489,6068.949
130222,124371.52
40587,4074.0884
84122,46638.484
57744,60218.96
132245,28280.836
35520,71605.68
140284,29299.982
122421,7515.2437
126878,31828.531
35370,41193.438
45981,16200.5625
132670,9970.748
110486,47052.434
96368,30329.037
29955,18105.156
33834,9898.561
36366,3028.9995
143568,106344.125
149245,43377.312
75274,2112.8755
119280,52435.258
142479,9356.564
115529,18140.883
112703,21796.117
70649,80399.58
70567,11162.649
43017,20739.377
24430,10172.217
28990,5705.878
11736,11486.743
7162,4170.062
45178,21103.232
95480,12650.777
92046,19551.092
19753,26634.484
6926,34422.086
27660,10854.209
118770,5467.735
16077,44160.215
975,5637.5566
110509,56406.89
60969,59394.902
60515,19652.44
69198,67837.53
69769,23601.865
80767,6730.5503
57071,181652.08
54853,30796.822
146026,132928.28
37668,131425.66
17285,42743.453
18078,31818.254
85965,47966.605
79682,2319.4785
70109,11148.592
36479,18811.877
107832,9132.373
42630,89599.836
7163,6810.9062
10695,2970.1462
46648,33475.207
48133,6393.1943
118761,6788.0645
116370,19464.777
50401,9238.83
128174,7906.373
62519,177610.94
28557,1684.3502
49345,6508.9287
41056,3268.377
99602,43811.48
55885,15452.161
75582,60185.676
115243,53392.8
82017,60775.074
70516,4204.8325
41674,30969.307
80927,37250.145
96939,4967.3955
77405,46810.547
91012,13672.452
51972,144579.42
793,16823.066
34404,9846.743
128953,2657.628
11048,8303.012
91886,13694.146
123421,46644.25
89137,36474.246
107890,35446.805
70028,95731.45
86381,15381.356
100167,7255.7354
142078,160314.48
76368,59249.832
76933,4203.0605
123096,19665.494
22101,13098.191
51122,95235.5
122640,63082.906
110910,64712.355
48815,26852.596
51932,2167.673
135321,96375.26
46117,45650.082
60188,47156.8
97767,13519.056
32595,16158.182
68490,20639.064
23224,4589.3525
11883,24423.266
81677,47299.312
39697,13824.98
7775,162681.89
80636,23736.36
53581,11679.442
60368,107090.9
27179,7563.112
12539,4829.9897
27322,50649.168
3049,8116.8896
128381,9566.787
44550,9897.227
137907,16456.973
45128,5145.611
28767,58108.02
34656,22074.799
138020,66931.01
90399,13741.302
135150,5298.2
60478,8490.368
129377,177023.42
109054,29462.166
7045,29253.191
1591,52498.133
42541,151656.45
127655,6027.5493
2413,36524.367
104852,35286.484
38618,63892.766
4557,29400.45
125861,3705.9487
78770,64771.7
65692,100819.484
107804,185503.92
143693,67228.695
40783,3034.6985
50851,13422.738
45995,7978.4346
106906,120198.7
9714,44983.69
3567,1513.5616
42503,65300.375
10003,23900.277
143321,4241.346
795,31524.871
63505,2381.3843
78436,7422.5176
126425,17319.65
27139,8171.501
146203,5952.054
95987,3146.4495
4570,2510.1367
85928,4915.6484
37627,28930.025
62687,29247.38
29413,11254.308
31106,25836.941
13570,1768.102
128018,5221.006
123255,18470.96
134515,20549.377
102365,76517.96
79857,5281.391
149445,88725.28
92665,3985.577
73456,298.9971
60908,106777.85
97448,17019.379
8289,2761.4807
110659,23696.574
145033,7427.505
16575,93173.62
135575,15458.993
58877,21356.723
56332,5906.5737
141588,57747.906
115359,33867.492
140549,50115.355
65447,80629.484
119030,40476.574
11586,159906.8
16373,27391.059
58394,80704.84
43157,15858.792
79761,29237.607
118108,19038.66
135127,53436.11
13883,83928.06
86643,6671.833
148873,27711.965
62969,23515.123
17822,22420.344
48143,90971.62
58481,60319.81
56913,62411.387
60202,68529.93
131514,28915.658
37357,7524.8887
69566,4449.28
95575,4880.276
90739,3941.5303
74446,3902.4773
54007,6096.5713
92761,4477.488
102676,22545.305
145556,61139.008
10425,15077.603
122937,16246.513
96560,28969.65
8813,11737.691
39118,35085.9
26075,83625.91
29311,89001.93
3402,22746.2
67748,25139.94
122986,5883.973
24841,42889.266
64909,17471.121
31208,44056.477
149892,36790.805
71504,19913.416
111824,90191.516
88925,15871.528
9020,16909.422
131411,12968.181
55631,43166.79
17426,10390.782
129854,205797.6
118528,7843.9297
90635,111344.45
57911,15700.52
33029,22599.27
26890,18214.037
63378,11589.018
92814,2597.8452
110832,5692.639
59224,78931.125
105422,144069.5
7015,65152.86
97511,27021.586
96965,20537.01
70219,20328.283
81619,65971.64
109675,9551.305
140316,53741.355
79709,5942.3823
88547,20889.934
55333,15887.924
100952,30934.25
147145,16301.398
77186,54972.07
72318,10389.7705
97681,11512.849
22700,26335.514
33818,13672.888
111115,96701.23
9187,220770.1
112637,52829.906
21020,14920.135
83221,23593.373
19242,38913.766
73702,68814.52
101430,7819.037
121408,56756.098
84212,29316.184
119132,25564.234
46892,160829.19
131200,5496.5986
52029,13260.346
100210,5152.613
106082,9157.414
55501,73789.08
40554,18701.703
21756,6667.013
148268,9348.32
113771,3987.4792
100858,54378.55
3768,14375.629
59118,3334.3738
81694,26515.52
140873,25720.05
138797,7662.3604
93486,9148.633
97276,59586.34
47348,57023.734
29149,21698.365
16418,7261.556
53,3649.5352
91111,64053.176
46908,6053.507
66141,1312.8281
144121,4999.282
92711,22129.229
117794,43142.426
62547,45498.094
138463,127020.71
81768,4737.4307
68210,6104.952
66513,37791.047
94423,67167.17
5074,23534.385
57497,29701.416
66286,7364.486
127792,141090.03
108351,4409.4116
5141,8854.632
62952,8801.173
18815,22821.639
146153,2048.5833
119792,7354.255
78940,3469.1733
145367,9277.236
25319,61450.36
131374,9575.848
90386,21695.94
77798,8648.161
140756,13504.6045
86953,95704.766
30988,75403.81
97287,4555.593
53150,180509.84
130007,3914.4285
29376,7887.593
93380,11263.065
111083,7287.231
79683,35652.04
22599,11535.405
12696,110339.01
142508,24801.322
10176,10296.844
146156,168377.86
120066,35696.89
29337,53537.043
50947,27117.232
52282,14968.762
10331,6526.4805
56814,97652.71
134930,23393.229
98175,30798.006
75946,7552.1973
93207,12541.203
103511,77319.875
140064,18246.576
70665,81321.92
78211,109733.7
92308,1850.3113
46269,6918.667
91298,1714.5896
27430,19592.42
98144,834.60376
75601,65992.28
70143,4945.74
147413,20159.979
144153,7417.373
65568,49649.938
13813,282512.22
134007,14538.654
130111,11217.379
13220,16782.107
71795,5601.2466
113088,100319.6
65307,4501.7266
46576,2781.0525
108570,6612.4497
140170,24620.299
99696,13271.98
134180,5760.743
76870,14760.438
30233,24226.793
70333,19363.945
48229,42905.285
80997,48409.18
68219,5581.4272
63711,59980.188
131051,3085.034
124066,14750.56
103922,9141.609
24819,56452.652
43811,6384.2163
85014,59856.004
18076,5781.663
127469,57642.867
56036,9460.857
55963,9491.384
5037,12053.1045
33692,751.0374
43894,42133.0
25997,2952.6787
118752,30129.982
58334,13579.683
39450,30828.994
108011,946.0236
116152,6395.5312
26091,9298.231
78212,13437.324
61209,49949.57
94272,15192.496
145961,56274.113
84606,18836.494
26853,27134.545
79738,33658.887
21093,6638.8945
133842,125700.375
56570,46246.188
10642,146059.3
115184,6418.1406
19767,15075.885
40572,187190.77
14304,15502.111
10510,78133.51
1899,94004.93
81816,2367.4578
38476,62791.586
50020,4978.9453
85303,61538.47
40281,37123.516
43738,7671.766
52332,35995.625
64902,7890.27
114242,61159.598
25786,9832.278
11757,7185.9927
55764,71358.8
106983,140273.66
112647,158472.9
30755,8386.309
53115,5256.375
136629,15504.363
128538,12116.335
20605,15822.383
56288,86048.96
40526,112077.805
81940,1593.5441
41620,310759.47
47929,69108.734
80918,77774.6
139080,27605.322
49269,22682.83
123517,41984.734
33995,22089.344
36340,4629.3154
41828,8511.106
106785,8987.528
74266,163651.12
41216,36297.766
105680,9838.895
141407,19179.314
56154,4665.6436
5294,39925.395
134203,32179.352
77796,24834.73
72396,53680.234
36209,6917.942
97600,49055.98
35284,72938.89
68333,3112.0225
30614,16006.099
115022,74958.6
63662,65000.227
91196,1465.6268
110542,91646.484
99755,91387.914
120106,27031.48
114434,26095.441
68012,70563.414
29409,17855.05
33382,31542.615
15154,14467.626
70650,67651.42
41366,3398.6545
19246,16843.416
73323,12001.617
147619,8579.509
24370,57973.312
61481,3897.6182
16240,43695.258
104868,3614.887
96829,7487.378
64327,6056.81
46936,16600.62
132116,20299.66
114811,6829.0005
89992,10713.011
50521,7119.099
149576,13975.768
50832,20536.549
79877,45072.125
84298,18934.883
59245,42235.414
131354,8072.898
131678,6985.7466
120961,52013.79
37609,29021.303
20631,179105.11
21928,31083.209
140167,7414.3843
90324,161594.64
22105,3802.5098
41,25376.16
109477,84656.195
41810,22188.018
108993,47345.86
16112,134467.69
11988,5554.0874
16653,4222.481
122704,65102.797
95791,19155.02
20355,9400.208
141343,1312.2333
8978,171031.92
6662,10491.013
107601,18890.568
109279,6561.0825
62307,13655.04
101241,56068.14
109882,23885.05
116170,9002.05
44583,71949.79
28168,6196.099
19441,106449.19
15399,227725.56
37992,91158.27
122688,2768.511
711,56204.953
144355,18961.355
125632,96364.81
96828,20809.004
108122,45842.184
74934,10239.966
78472,98445.83
8348,5666.8374
73911,19635.367
96185,37429.66
107521,82836.25
11237,23780.447
73054,34711.707
110663,63822.7
125321,56624.227
3656,4184.1562
120478,10321.947
34227,50860.188
41189,40888.94
25290,98188.086
38013,1368.0614
79084,21943.332
105511,62104.27
9917,15410.845
62605,79748.49
92232,5771.315
108187,5854.199
135477,80550.25
35238,23565.152
90255,10167.338
16362,26358.717
107783,10272.678
51045,5576.969
82561,31548.992
116700,74567.984
125981,62445.637
101238,21919.535
46373,40612.707
48127,50170.21
127554,3546.184
63788,46078.36
1233,23368.977
129672,129403.45
88603,99729.38
17947,6723.783
36647,189594.11
11280,76289.2
98811,67497.83
89825,20754.094
18775,64484.914
53166,64225.52
436,60859.555
45357,152791.67
20973,34489.78
68824,6323.3125
126197,66983.63
143947,14587.808
3184,14182.781
175,8320.931
4193,68291.95
74411,47432.55
32305,32022.875
98826,7963.6045
55195,23746.812
142994,46405.043
43112,2182.2556
81255,2970.5754
33939,53919.438
61479,9346.717
98645,41625.33
132784,4864.414
19646,51799.098
67460,56146.875
74216,52361.777
54799,1313.766
25661,31516.309
63909,5474.2456
46813,50667.58
17501,5423.271
137220,7548.764
136095,59272.074
85489,37622.84
94867,54763.73
5375,15221.492
4171,4446.6846
48497,4078.144
101139,84831.16
49010,55040.023
146125,17555.322
117939,31018.21
143550,18597.117
124572,658.9056
59928,10406.58
49497,56081.754
46883,102509.38
14632,37376.723
148748,65862.38
147754,39459.13
41903,38851.82
23833,43980.266
116417,9323.435
78081,101761.83
28824,85749.734
117764,25568.758
83839,7280.6533
86384,17814.781
94881,100373.766
45534,18328.805
56988,21833.67
44,7336.8823
86763,67832.73
62757,3106.2192
70883,23414.525
13501,9701.152
123032,10081.903
146194,2246.0193
57857,35651.094
131643,58805.605
28762,9055.398
115232,3640.2822
11313,36214.3
117778,15880.174
77981,3414.5637
121710,49886.402
129590,43458.89
71533,45797.45
78104,3890.5442
81790,42684.96
54372,49132.777
34178,1750.8958
93006,68458.45
11546,88351.484
118526,18362.363
26090,5383.977
46286,4572.6626
18562,18038.861
53998,5488.4326
79593,12471.795
101819,7910.4507
53098,88292.875
67863,34704.32
142528,19900.027
78184,236223.22
98776,52618.875
75854,9985.633
16436,19664.627
73251,45662.02
145117,29436.71
98047,35614.387
37751,66468.13
123940,15759.963
8862,196270.5
48949,35740.75
93081,36455.562
100848,25014.66
95167,8162.745
109827,18062.738
67063,5215.4585
20950,4987.773
140189,62959.92
108588,82057.195
28897,7905.086
68151,27917.95
109888,30997.611
55095,46845.105
71101,174173.52
73634,62711.902
130119,2112.727
111748,5573.933
71379,4029.837
115114,74955.9
123948,188755.22
120034,24341.889
116111,11623.584
33469,34183.01
28723,28788.555
22433,61371.965
82444,59320.19
74469,85722.16
74838,33658.41
25539,67287.33
82997,8496.232
137242,33341.695
48167,8748.998
78242,29085.875
116071,13012.147
29524,146814.17
42585,6141.767
38290,3452.6873
83342,27598.277
24416,75856.03
131856,91082.25
13733,16128.6455
25943,65869.2
29873,2984.5588
47100,16900.75
18676,12514.176
108785,3568.6973
126651,54616.28
21954,7756.423
122657,5692.868
71505,155953.05
103630,11036.847
97213,8942.29
123505,63195.707
11935,27392.324
113706,12065.358
11185,8692.627
110152,20118.08
38033,44350.082
129223,6336.8076
105993,36761.86
114854,22111.068
89733,1178.4573
22220,49156.96
15102,12702.131
119500,17779.883
88977,19790.57
20640,12090.629
136297,7237.859
40207,44641.973
85026,23198.13
149566,8565.482
142540,6454.8867
145775,76142.555
24381,43066.695
107123,2328.5002
98801,11383.465
144959,37373.82
141361,5357.2
53148,50857.953
55918,30189.605
38248,189225.94
30910,15302.733
76562,120923.85
7489,22032.38
143433,15861.732
36095,4374.12
129884,144838.6
91941,17268.129
149246,22753.682
10670,20270.158
72550,3834.6592
14722,21275.01
38661,13432.551
144230,23312.75
10106,5771.315
99100,7770.146
6022,63656.43
88240,19277.287
128137,77654.03
51627,47944.52
41298,4577.7007
102305,29590.217
73879,10115.054
91675,22732.486
63828,132046.42
67738,14828.942
9017,1524.7305
13803,42556.742
54020,12803.96
97701,12864.185
510,92675.1
90883,82634.07
64066,51898.48
28730,44422.027
80529,26655.488
144596,6453.4917
83706,3147.675
53867,88821.35
30782,12416.328
8190,16201.1
113888,82650.6
111636,22680.01
113409,10662.579
118900,9998.932
140572,18230.88
131934,6121.257
24643,12763.577
11707,5807.2095
57743,9056.827
49663,27392.148
55612,5504.962
80285,24192.443
77094,30347.67
127895,9185.367
38045,8043.4556
36693,10957.682
67014,5931.5415
78372,7681.462
125204,16983.982
17428,9861.8
111288,14909.864
41199,52923.156
138491,3638.933
105525,13067.334
89011,33740.723
133127,39801.746
29520,10315.892
76887,16455.125
53260,19484.424
1389,68659.72
1487,12864.334
8648,14768.307
140755,8773.53
69294,50064.938
3277,2316.9426
146884,51797.504
141863,4667.3877
25413,121835.055
64235,14738.571
123640,37266.875
54036,58339.793
77262,34002.848
37963,12650.934
60601,11868.943
40413,10953.905
114917,126256.39
55340,19949.959
43252,14466.679
136354,177955.42
66031,30303.117
136311,22924.693
104371,19478.08
9246,42033.195
138642,120437.22
55491,4433.439
123544,12188.554
64471,44243.38
67672,76683.32
113480,8142.4277
10068,17314.252
109290,6636.283
120173,14998.167
14424,82360.42
86661,2049.2488
2987,17725.9
124132,2207.6323
101022,23723.936
45231,60725.22
43215,98321.33
30556,78260.445
98417,17176.662
22069,44947.96
1882,5321.613
88592,28288.809
77002,18424.81
130996,19145.98
126614,34567.285
59632,16405.014
69110,3595.4385
35142,64503.71
61651,16641.375
79692,96535.234
105643,17436.404
5333,113392.55
31672,67170.22
47272,37483.367
35987,7389.286
140522,94474.03
9855,107070.69
105503,1758.0768
37214,74267.35
7089,34608.094
140366,80381.52
58329,489546.56
149094,102431.19
53771,43162.47
85736,12099.274
38506,151141.66
61956,6019.367
5944,34373.54
107969,38289.035
42491,497717.7
53527,74476.68
92751,44332.043
26929,6876.982
98174,49700.332
20980,2192.6948
5528,14292.337
3445,78014.94
17129,10257.175
77565,49193.61
97457,86027.92
67847,28184.266
38730,5011.873
146759,30246.191
55742,17541.855
3570,8039.818
21669,17090.814
78661,9652.859
48809,1626.8347
119975,7476.638
83029,6271.0034
41731,5698.294
24043,58145.223
65338,68858.33
49715,10975.248
22295,150856.7
109139,4055.7395
106025,40784.49
119119,19908.191
109715,1755.8156
113807,50237.848
39936,8088.9033
75613,23869.94
4788,30805.904
43352,6644.1587
116711,8532.921
10961,23127.385
21835,28387.998
9406,6425.4707
120053,11025.103
119912,106569.46
62922,8138.0293
133491,4108.7085
105739,9468.012
55645,41449.996
116300,4373.3003
54228,36507.23
17265,1375.1982
62515,16471.975
114307,72126.086
110362,17778.28
68224,39771.004
39611,10642.395
30222,4781.231
137360,124499.54
147339,22962.219
26922,1927.1042
105122,68966.46
33643,23897.977
98677,30762.95
14360,5874.285
96024,32436.46
113428,4605.5146
41248,9335.954
71123,50925.637
54022,1980.1382
69072,948.6111
63228,72715.24
149248,122653.57
89238,41860.906
149543,35610.008
130728,15798.308
118502,16231.174
23560,18159.709
138831,100779.305
118492,3937.5815
95026,4054.3809
149240,21139.068
44311,9065.169
97497,10079.631
95629,85715.45
42699,163565.36
17672,2286.0
38695,11117.562
138647,35805.64
66139,14265.382
126334,11631.94
82058,9592.353
74986,6803.3027
149235,10155.667
2924,5241.693
17792,64614.926
142581,24136.895
94190,11102.275
44182,25530.844
135163,35710.773
102392,33106.37
87358,6077.636
11221,4379.3516
133469,10685.878
3319,6411.803
73261,7784.6147
28570,172828.36
94315,11538.795
92888,47609.94
123920,3787.1946
133123,70273.52
35835,104310.83
10517,21677.295
54396,18584.404
71365,44775.04
33455,6965.9473
58615,17487.6
132679,7098.1855
91386,4968.95
100648,23021.498
94539,31542.9
94376,49411.652
117750,12580.356
34605,17544.342
69225,6760.8184
73560,16571.729
17257,6203.942
80468,8190.751
1156,39454.12
48221,25641.295
132769,793.29285
144283,5618.591
9196,14198.977
17326,11461.1875
104560,174948.73
1935,24134.418
67781,34921.375
83339,34400.395
107409,21414.041
143274,10389.492
96731,9392.412
20376,136498.05
30731,4237.983
59041,8924.9375
115802,17058.328
72789,71082.4
43305,54859.28
59258,14662.286
9767,119968.664
68269,17859.58
20815,29659.549
64932,116372.125
144477,44477.5
68084,18158.205
75285,135632.23
99368,7033.528
141681,66865.88
72150,4891.7837
108773,30402.713
121127,22666.758
111800,59961.984
71703,4192.341
72250,30005.672
120997,11080.009
70481,15651.571
20497,69027.31
709,38678.555
145963,10483.857
60720,73552.34
34255,102484.91
105046,103839.29
61040,7364.6914
112501,40661.0
2135,16989.205
65102,51944.574
36494,2691.1155
23310,136878.69
122146,45034.35
88133,23118.93
68259,4159.767
71954,20171.55
79821,116213.62
121133,5627.2
19769,3535.5542
41774,40842.297
48038,11050.489
105667,14459.434
59612,30570.7
90351,72988.95
93348,1540.2512
106864,5273.8516
52228,1847.161
56065,57488.023
44816,14260.731
13439,26969.6
79604,25067.607
113022,35919.01
8967,1157.2126
48715,19639.05
82200,32977.086
28110,4446.116
84900,34658.844
65947,4526.497
97294,51977.3
9312,29215.523
89280,14831.437
76300,17805.184
8127,10829.942
101840,33666.195
45343,79821.71
97616,2488.3665
140626,89339.06
112590,37951.312
54177,10808.851
17287,3731.8894
47336,3553.6426
95586,17658.764
106749,3299.233
92498,58342.438
75147,5998.0923
127022,20563.412
56241,41488.848
80163,20346.85
97961,9128.074
125637,62751.676
7715,140091.31
126908,15479.694
132069,87782.336
120749,18023.998
68136,24515.938
1084,7638.8013
15565,75019.11
149085,24521.096
87035,286798.62
48014,19051.748
53028,49178.703
135571,7541.7505
9091,11850.131
9033,50173.625
64369,40823.46
27233,5954.2754
36616,19188.379
32441,6582.7153
5962,39368.414
88423,-285.22906
147072,172139.27
118319,7651.701
110024,14388.787
95263,22242.79
99061,37154.207
25907,7847.179
22249,79022.9
68946,5507.673
142061,69159.69
48769,51787.652
97409,13442.547
148394,17678.373
79905,6559.5425
13094,41149.9
44046,43741.65
40833,220519.73
12476,5929.254
127585,10474.482
50242,4799.075
9703,37256.81
28118,11563.686
93112,18686.053
14444,129382.17
21915,1736.8896
53319,6491.507
46884,6270.897
5226,52683.35
140789,8989.235
108107,28176.686
143784,29391.795
27947,34678.45
146531,82204.96
108902,30995.467
47207,69089.77
121015,17468.572
86845,89633.664
124124,24630.31
75215,9645.728
103314,11510.773
72481,22808.195
85675,7714.538
119623,18041.701
8179,102144.164
24457,9449.451
100258,3980.5415
6623,7587.168
43788,101234.28
9802,19363.639
99877,75798.64
33893,21648.969
120709,126823.71
142524,6235.3516
144259,213007.86
34695,9510.325
41172,18947.93
22460,38512.91
116561,54131.504
31568,106343.83
90538,16971.883
76969,12898.031
86591,6301.6465
99002,29256.807
149188,17635.66
89285,8844.925
89007,5620.7544
24818,18224.121
129676,44021.273
20755,27961.115
71980,150614.3
137100,77458.47
23269,12376.87
45390,16245.395
35538,13114.855
147541,19294.594
25541,22635.967
84059,20387.479
50916,4811.983
111424,75026.22
136659,87334.52
69977,6026.99
16755,32780.355
33822,89726.1
89592,23657.678
142262,34165.348
145661,1986.8044
98825,87448.87
55004,1358.8192
95592,4336.164
85083,14351.783
22346,44465.79
35264,3319.5393
99505,14445.428
18669,1314.6888
6553,48490.25
95703,11822.814
26800,5216.94
81799,24301.736
52679,11304.807
91530,26980.37
60403,80130.49
110500,6788.4253
14720,14739.731
19831,5423.639
119423,30274.43
127794,9693.48
142302,24967.518
105858,10532.319
85539,12360.921
133194,7644.27
149074,10161.297
48725,7017.234
31762,7501.9673
125140,4629.097
141451,4424.209
5935,13018.799
77662,74610.3
63229,32063.607
2761,15555.39
139878,6809.8438
132396,120789.35
115877,15485.205
76424,26881.441
102053,98958.17
109147,20914.799
8255,40740.668
99403,50522.98
78182,31167.719
62740,26244.332
135099,2739.8606
34548,26597.588
85528,33648.254
85350,5803.975
50073,13367.671
124607,63498.51
15696,40470.254
10589,51536.434
113184,10178.815
2088,397316.38
141044,7974.693
101995,113861.95
55229,3566.2004
40140,83563.26
24486,76670.734
2474,16656.662
131471,27041.03
136307,7723.1987
58284,12041.917
110082,2452.7253
122078,6220.9473
56405,69781.47
108962,5177.528
119632,6754.3994
99218,31543.744
79138,52605.523
12074,11621.968
117169,4129.816
16157,24769.707
21236,12110.687
16987,20347.729
83360,17732.293
132981,5332.7817
62774,14811.187
35337,12234.165
55215,46188.223
136444,18430.236
19790,91964.67
104653,122264.05
134502,4481.526
51284,47703.07
19343,59196.566
59678,21186.115
64726,43449.02
94422,16653.28
75181,11367.026
17641,24582.344
26560,20960.727
146862,76473.875
92580,1512.3827
12588,16079.317
51999,22683.787
61413,81669.16
46598,11399.572
84424,60082.848
6013,8581.155
95528,47812.914
121996,2877.8225
36239,67262.9
38758,5446.6436
41626,36353.906
79050,18438.336
32026,20075.266
72144,24582.904
126042,13593.377
105395,11524.795
36984,14589.966
93037,48290.27
38591,17923.219
47885,21088.48
1654,22041.715
128414,89215.53
125454,78631.03
84708,59789.043
92256,20296.451
95136,4002.0977
80447,7622.0054
26246,119778.445
13506,24238.582
69892,16908.074
18256,24720.227
38282,6205.351
111458,2090.456
135309,23670.787
116927,19195.873
8713,137923.44
46793,17745.98
123911,47675.805
132832,35156.664
93322,111.17023
149238,40544.086
81631,6235.6914
31987,90689.2
129947,110922.305
47777,937.527
82137,47470.074
57578,5489.993
39628,3579.5999
124663,25514.438
22967,1865.7808
71084,30935.443
112786,32057.215
75517,2373.7417
145578,93841.5
133538,175294.2
102419,12331.434
43431,5711.9395
35603,12866.737
50886,87588.22
75259,10922.081
40089,7982.7993
40515,40226.977
76819,5945.527
117782,7235.5054
8988,26069.535
77427,9447.564
51032,4464.9766
2763,41256.082
122778,15163.82
21138,29927.982
125207,89205.83
64361,21258.492
76711,35857.402
111316,9717.135
20333,88.04779
131243,10961.032
38687,7110.0605
38188,26928.65
49062,7339.2715
1182,8447.548
133042,10936.052
119565,16264.449
100162,57154.27
10188,8616.192
103651,6445.6377
102573,58692.64
39461,6189.3867
73443,9846.266
43065,11993.561
93655,42270.777
47156,18612.389
4804,24608.277
24505,1103.5573
15072,5053.6294
17413,2894.615
95363,42792.44
26383,23950.928
2055,51477.715
12327,43536.723
41107,19325.72
144957,13371.435
48353,28208.838
134262,35689.438
82111,1075.6812
56278,1729.2351
122626,26508.002
69338,30281.58
39882,14105.728
67676,3976.1094
54673,149359.33
93613,56383.465
98968,13221.502
66008,5923.385
28983,27104.338
101134,34328.305
70132,24632.104
118634,3345.4512
108100,24564.367
77185,31825.52
42608,55104.11
134451,14413.152
105052,25998.08
149114,27799.557
61438,3742.487
59417,9221.534
29079,73713.33
41256,14062.199
14181,4260.7026
9253,4799.3345
10453,56280.082
95719,25217.793
106940,9288.477
30934,113356.016
2853,47909.113
30431,71909.336
132834,6935.1494
31678,48507.89
91645,47536.17
83653,55112.207
138592,40589.72
76316,45257.723
45184,7748.6587
80459,11239.633
59581,15878.932
119290,57289.04
50420,5770.848
145554,9122.664
101658,17755.986
75438,6292.9644
124213,17706.291
48907,43501.383
91623,28323.531
92779,102742.12
43619,35063.395
114795,75418.32
28707,59997.082
128712,5745.812
114631,3238.876
19998,8789.437
45766,10301.873
98439,10186.618
122066,13523.082
88630,71079.24
124088,41732.766
9858,176778.31
82206,11352.308
86228,13868.767
102166,4537.0615
85184,133273.77
5570,12040.79
96203,11745.406
139810,1789.4312
32343,3321.9358
105953,25083.047
108005,6183.469
43232,69797.24
11290,13312.006
70636,76868.64
133200,9353.936
145757,41868.953
97727,45336.867
101222,39319.094
112547,3914.7312
74830,13407.816
10141,62790.934
35274,102639.28
126488,20260.562
123696,33617.676
116744,36.637646
134195,7099.417
64376,7592.6494
111836,20733.574
68857,10347.515
33652,3234.601
5645,5896.097
100883,31786.297
60445,87883.484
62375,9026.74
97927,13765.669
146475,20249.924
46832,15173.098
49758,52488.53
52340,7461.7075
35737,20771.29
77739,4550.813
51594,6385.065
123392,22982.092
142425,13122.215
146188,9645.524
147394,108043.836
55386,60266.883
101876,95099.08
115664,3250.6013
9954,12519.154
36488,16242.583
147626,6109.1636
139717,11930.491
147783,94078.95
107032,56388.016
142809,31009.912
5821,61632.348
6968,26213.082
145340,12054.287
51931,1993.4854
32359,62247.496
99838,26835.547
120218,149139.5
25210,31196.326
55711,14620.566
87142,11625.932
46319,23338.148
121386,233896.31
59331,18401.834
88725,10576.297
113641,85111.96
98748,33256.56
46328,9307.668
145385,16914.246
81829,5219.3657
41074,123581.97
67193,134896.34
123900,3233.1343
111912,5099.3413
78433,16659.928
52442,78690.81
23008,12219.758
47381,15396.266
52836,24885.88
82687,10722.394
77504,43172.87
108824,10588.907
59505,3947.1016
126939,17787.193
107372,41745.82
8711,89524.24
61912,7240.176
53611,35549.344
7689,37299.62
8019,63517.754
66498,1952.4568
46761,91386.73
36413,12464.118
81228,16216.088
71853,9405.331
17151,30419.512
48320,75193.305
54456,26919.457
50008,3619.0315
83878,12111.341
136,4144.16
101310,44398.234
24749,52853.273
71608,23379.146
131394,5449.119
64927,18988.934
74649,10845.257
58863,6045.392
119679,15616.875
137478,38224.46
69080,9250.432
117164,120171.586
5777,22009.65
24622,8148.522
6279,13422.133
58916,15283.466
39272,19596.096
142767,19111.535
105711,3817.548
20482,53134.61
22574,114744.28
21256,15283.163
66064,7994.1665
61389,43917.867
80117,75358.49
140067,14891.833
125135,62852.664
8040,69794.55
118917,4204.9956
117087,20962.807
70515,9533.714
115435,72887.7
8934,16630.562
132066,13098.822
14589,12245.099
45408,45052.406
47171,17861.242
8054,17617.012
20511,2177.0154
51483,19979.322
63184,22236.334
34570,4644.4253
9774,27940.016
111503,6765.483
74786,18395.246
149680,51330.957
67093,23125.57
8154,29370.479
59729,19738.805
139564,1971.6827
116961,45965.31
84489,6189.955
32128,24364.379
41414,26696.697
43580,12555.861
149433,16672.645
148921,40184.664
41088,13080.329
131921,140588.84
6217,8198.658
45305,11501.148
73462,14336.847
69846,49553.66
67066,136212.69
126983,4053.386
96095,49423.53
58118,21592.604
16631,37030.516
99794,19747.2
16628,18408.713
2425,8429.44
116013,49725.445
1416,34820.504
55464,13055.235
138191,109446.69
807,11161.477
131121,26567.002
80232,4903.0015
97085,8051.716
12096,853.04254
83266,45284.473
101942,10990.789
64146,18522.525
117451,2299.1838
104696,29904.494
91793,7379.499
12951,45748.594
87131,4969.323
26077,11553.387
38689,54326.203
137077,17740.637
80718,9795.324
67401,6404.1846
5736,243507.2
59155,47742.164
91867,5269.265
111720,17737.352
22598,101066.02
32379,2525.9106
65120,43154.56
5412,20285.025
110059,61793.113
146566,6199.331
5910,11775.496
35188,104435.21
37434,960.5666
30159,63290.195
66718,10727.888
33847,21001.654
80226,10371.178
21982,15732.827
74712,34406.613
133571,47770.094
14352,54176.465
8211,73705.39
63972,12271.731
112740,200584.33
100790,5005.5166
49703,48290.492
127186,118238.945
140124,56241.34
15980,10110.12
6177,25213.572
62902,32046.998
36044,25463.7
103078,35553.168
79663,230721.17
88739,52981.754
27067,163778.75
17414,6940.4814
141483,1457.0247
131709,5043.282
95013,78674.17
38267,29880.266
128524,18972.25
70931,4741.2656
61512,38085.344
7173,17495.053
18771,6950.345
94120,185085.31
139186,77071.78
81365,53917.87
137970,8680.308
49192,18499.393
11184,11488.473
69173,28548.719
146578,16575.316
8533,11576.373
16600,62045.24
104054,100456.91
59158,54984.453
141007,48498.824
86042,74704.82
44774,16886.963
131509,3977.723
141529,83270.055
28026,62595.31
96734,40922.062
120484,44507.89
103086,11976.266
64276,27691.223
134904,38763.57
6130,18494.678
28231,49349.758
11643,34299.477
53416,1734.533
6775,55399.945
74744,13589.57
8240,27816.68
90295,46010.38
140055,10598.585
32841,6280.269
44430,17366.686
42778,74068.35
106263,11537.373
35240,16676.35
39748,19591.52
11700,51789.168
74774,48591.957
131932,28609.49
69473,3217.187
4049,10438.07
106367,15551.106
51646,2613.3953
131304,6024.3115
124001,62585.664
113842,29071.762
14891,78931.75
38025,8816.2705
54668,49992.902
116731,24011.633
76568,12573.832
117013,121134.12
57439,5497.28
108689,1022.06555
58187,47229.49
6307,76368.02
19711,46741.555
93027,16304.435
19093,54184.523
70331,161309.33
90874,69134.72
146789,54755.977
98337,13156.841
53287,4546.593
10385,11848.479
76111,22439.879
130420,42618.32
20657,40620.24
25985,78545.46
55854,53844.273
142500,67227.43
54275,3508.7788
57408,16643.934
55033,9777.705
134786,23235.355
15728,10385.17
58562,46225.125
103320,137679.75
44979,3924.2205
2985,30022.785
149173,13036.027
99017,33878.715
147959,6162.556
147066,12383.104
123484,66182.96
59686,127411.92
73614,3115.4824
135847,42264.742
6220,29077.795
36099,17667.15
52217,111835.33
8147,20226.408
36854,18482.76
77794,62975.805
73580,16230.291
143744,9402.195
84043,7953.81
22024,47583.035
12461,101855.27
41503,24914.008
112100,7151.754
102285,83281.97
51099,34607.17
145107,29603.45
132722,4596.357
114220,6586.6597
2625,35373.06
44451,9932.324
63647,36706.258
106392,12432.49
25713,38871.758
113183,2486.068
146487,9132.462
81663,64910.97
1784,43723.67
53702,2794.0955
103449,90602.266
137771,39302.23
128598,26597.287
18681,40790.137
101505,25611.748
88157,8487.433
9131,6367.613
70064,32086.623
116829,31933.309
40616,45134.566
101343,31567.785
30143,7321.678
138378,19410.031
29480,13613.947
8417,260862.48
93450,19473.719
142529,11669.074
96727,98670.03
140490,22587.254
36431,4604.9277
122357,4698.5557
102090,54434.426
37216,140484.72
147932,19403.732
48057,43666.7
42996,3872.69
71735,79415.5
105922,29674.83
123719,1764.1094
122602,8410.405
31215,28218.15
11765,29069.63
50671,18981.697
63215,2141.6255
74888,41928.05
13212,32015.271
45991,23400.322
101234,233080.75
39658,8805.685
32983,31296.576
137464,179856.8
120088,95729.02
56721,21620.65
1008,107073.83
7004,83371.8
16210,128843.88
35461,3146.8684
105491,5322.922
45832,6886.736
137688,3179.8083
94149,8133.7866
111360,6482.1646
97569,51418.594
136891,4239.49
113008,6118.61
138709,49613.797
124710,104757.37
78260,1501.4908
99082,82436.27
122984,40550.543
147913,81299.1
147987,11124.375
35093,42209.902
67135,4130.0522
109457,120691.33
95217,5012.933
5564,12700.082
100296,24440.516
110142,35127.21
81719,31664.572
73073,7850.848
11315,36111.99
7453,98752.805
23149,42956.46
105335,2103.933
142886,20544.336
61313,34019.76
79670,40211.82
96801,38891.996
46713,2343.9155
66314,38261.01
46169,64409.16
15413,47180.28
18656,52005.965
69168,8382.874
118173,1763.7336
18294,57593.8
84373,26482.201
76845,80274.07
112416,3273.2715
141576,14607.972
119518,18695.373
96199,116257.39
110459,21585.262
34926,64536.586
34952,3658.9111
142002,231644.12
34338,346158.56
91813,4645.4155
79984,3029.7698
39163,20680.475
123956,8301.409
83988,50834.65
23118,24116.857
25282,95969.34
106315,14388.202
128529,50406.688
71922,10215.172
62771,30532.129
19941,151688.02
77575,6014.348
98503,157604.66
88093,6105.6763
114626,32383.059
47539,52688.13
53834,12168.747
147490,25257.072
19817,28429.55
127598,56330.855
113590,137284.45
71739,2985.5115
77634,5072.144
127138,21514.305
12015,7252.036
36611,10326.537
86966,49460.79
7042,24466.27
46475,51832.19
57725,18212.7
121746,51614.195
1180,44298.445
139783,5891.0303
77400,3980.2883
32546,11453.388
103706,96766.68
115791,6145.9937
17210,33934.67
78847,16228.47
10885,16074.376
21458,51702.4
137377,19710.13
123425,11905.034
34491,9515.45
47787,18808.695
35012,9012.013
146934,1652.3068
28234,14621.857
43784,53969.65
13175,35618.164
93817,15845.791
39656,13329.622
21016,23591.785
128849,70022.47
58447,10931.403
121720,26191.463
18161,1736.2954
94996,73417.164
102824,87109.81
118019,53877.836
96501,70702.08
51158,7436.1665
28419,31960.281
124314,2239.6719
140336,6856.425
117056,142020.22
109586,99683.055
124810,27791.389
34917,27545.324
30756,14302.888
62084,108252.99
60475,22279.729
82393,47190.54
18149,34393.016
11718,34719.887
129851,27026.125
8045,7449.7476
137346,59591.727
94911,30668.941
46907,45471.082
132118,187732.73
113223,9164.186
134430,48771.406
98187,19593.664
5077,41075.59
45423,55001.25
135187,14761.681
81480,6429.93
102695,17862.416
78907,25916.115
60031,32026.697
34874,6305.057
120211,11085.737
121385,11335.597
57207,27338.959
14992,17523.037
18869,44472.516
146540,14568.405
53975,107635.8
132519,75203.15
6650,45433.805
81428,47661.49
75118,53711.285
113388,98747.81
78136,923.92316
39808,40030.773
139184,61813.14
143217,26491.852
57570,10086.135
89294,278262.16
79419,94184.17
89008,105335.09
99117,8449.652
18164,5611.5327
143091,35048.766
10019,23851.02
132534,122354.85
21530,203278.16
62196,10806.038
33537,16619.63
117388,11977.817
15313,20289.14
37078,4254.2466
113293,6305.0957
4298,187177.39
51384,9678.912
142503,6169.9014
69551,16000.645
72412,27018.502
141941,30847.488
54525,8863.723
109742,107997.03
18598,42771.766
28391,89739.016
88658,106495.13
147752,7609.842
65011,3981.684
149118,6375.4893
24373,32724.922
140812,70031.4
123384,7282.2393
76864,2335.511
129346,13011.106
9579,21791.836
104007,4872.214
126793,123605.445
135890,4313.0063
139567,4284.2764
22479,45176.98
115239,175986.6
37302,30410.633
91293,4135.944
91660,51884.715
80965,555617.7
22953,73665.22
76246,221571.25
47548,21201.875
116440,6582.578
37545,17704.324
92109,99133.555
85460,16671.715
43415,11274.554
119264,63937.254
5824,14320.098
48748,30904.318
17861,6234.355
70909,124770.38
148760,25184.928
136498,8464.29
106598,57686.984
7237,52398.383
111880,5876.838
29308,10566.329
60956,43195.047
78591,56566.27
44379,2968.7803
37818,2888.571
126321,70686.516
65625,17515.912
46455,10795.165
119922,68472.76
122145,8026.878
61487,1581.8976
13569,12024.031
74858,36604.85
77704,2211.11
32670,66387.42
58745,5081.9336
59424,4143.3613
146835,14043.386
30771,36762.113
147943,3716.9385
68699,4263.646
141181,31232.27
60115,39810.355
70586,6348.3867
108010,19101.492
31073,113233.13
30484,18654.947
121618,2371.264
131101,5239.87
88005,97010.66
81817,15824.465
143196,14618.252
96181,10325.063
39537,10089.903
70220,117232.805
70271,34463.145
87800,20310.588
110176,3381.4827
119790,93148.33
121903,25397.926
69327,109708.766
4544,2213.6162
112139,5262.811
38217,49454.12
98930,153219.2
17450,54016.414
98985,22662.688
142838,21227.328
116945,38229.484
72400,38775.574
103371,20425.398
44103,32907.676
111903,25784.027
42562,31067.85
21557,4550.881
3032,100713.016
132859,14964.523
84406,12993.591
17703,73894.6
29196,114214.57
30952,2409.26
44770,9391.799
110292,18449.04
70888,7561.9243
39493,7549.773
115938,5534.4453
112608,30460.27
108905,10951.17
94984,27936.494
108560,46577.61
38529,6853.791
6736,6883.016
2367,26072.346
88377,140636.84
85122,34061.273
116805,16757.299
57146,30752.957
105089,91982.6
110881,8853.489
93323,46110.242
44541,16636.77
11543,44085.793
6859,51965.156
91570,189482.52
15752,51504.043
79585,33083.688
19145,38481.297
18762,23034.027
129687,67270.7
42511,17004.607
77146,12346.9375
139234,159249.45
45564,7603.266
101791,92459.83
59367,53353.645
95464,92291.62
63438,73414.336
23028,160190.94
98343,51943.438
107827,7307.723
27467,16929.928
19609,17820.7
13198,41867.582
93883,114269.14
50369,11798.046
132645,14138.38
142657,20017.396
68593,28772.635
139973,52532.93
85989,18644.705
7799,20278.477
111612,40761.586
93150,19318.348
107897,8957.483
22603,3379.2507
127142,148264.23
70138,5241.3467
30995,26674.488
134714,4415.254
135854,49057.758
101478,113751.15
33559,105729.734
4979,110312.016
31641,15264.291
13356,12629.341
134193,43961.293
28525,9434.074
130640,4930.273
89694,40545.977
39522,7991.8203
103846,13465.326
48831,7117.905
707,6295.3306
24056,30243.355
134268,5033.7188
34469,18577.46
105899,47994.254
134261,5426.708
124668,25257.504
130417,19596.373
119992,4132.941
81673,26888.332
36426,20113.77
105398,4584.8213
3608,58277.7
75675,19940.06
65353,16404.912
98905,79918.37
87932,11626.438
40380,86640.8
59078,7911.6255
43084,51265.29
90820,29356.283
104739,164639.47
142517,3333.0417
88002,27856.928
116631,5049.5557
31259,151690.17
74641,81030.07
148429,15174.462
66682,16964.875
72193,168364.16
123514,54229.055
47102,5020.8926
137640,107870.81
23475,5587.331
139598,46312.13
132062,127913.14
96937,43573.145
147263,10088.072
6818,8215.564
78975,54666.402
127924,8073.561
33300,9402.787
23413,4377.558
31186,9411.634
15504,6579.6333
87987,8595.775
138252,57997.59
133256,2376.109
114193,29892.99
142619,12738.296
31233,62786.465
13872,21022.984
95418,36051.453
42158,20582.885
141051,190519.27
116272,64862.348
45785,86329.02
98984,4641.006
146467,101157.87
42350,171496.0
13478,93890.914
117500,11044.973
1269,33632.773
147694,33844.473
109860,3478.149
86877,12109.834
129452,17222.473
39052,12554.7
89559,35960.496
36316,2363.4978
84514,10317.203
120563,27316.305
70900,36011.387
127183,90128.68
34941,8093.227
133874,24566.242
13859,44916.617
3855,6606.267
147095,19026.305
145849,65313.168
117144,18012.2
83376,11660.084
125303,47891.254
36230,7437.7793
51978,33994.63
57885,29407.402
125616,43148.46
3818,33511.81
126631,18473.912
143818,107919.84
27738,9059.053
109418,168285.69
25806,43759.816
44829,36652.316
114209,3572.0813
12218,34894.207
138422,27626.543
148886,49743.555
119531,96962.02
101637,11691.6875
116257,63325.16
14316,7853.384
91087,40764.953
40085,4243.049
105349,146780.22
67874,9932.045
136828,102802.56
95135,7616.7285
25754,40239.76
104733,7087.9507
130703,32986.37
24798,21013.477
33871,77020.8
137836,1142.0573
64658,10713.559
107812,4085.6323
20891,79696.99
98298,14000.95
123654,28721.697
88032,15992.194
40986,6594.7993
2016,3380.0095
32723,91437.13
39208,7050.2925
100901,120291.08
91696,4026.3354
50527,41100.695
126575,6388.0063
61861,82302.68
91242,21018.248
110084,51852.44
19255,398249.5
136050,87850.15
11308,92931.54
16846,6978.6953
137276,13868.047
89834,9563.6045
147592,46956.07
26324,20154.89
18252,10469.213
37727,8262.677
57824,5490.5767
99835,118650.8
103331,17620.445
51813,17531.926
46682,13070.294
46261,1321.1603
127185,10789.051
129360,16122.907
50074,11148.049
97656,22223.547
65786,10650.1455
94439,147941.89
51938,2158.2402
18564,16487.756
119547,40868.027
60360,5835.738
63856,123780.83
149811,5829.5884
47924,29303.328
8745,15034.222
60847,46759.426
98410,12208.114
96588,28071.832
26174,11547.345
72222,106253.54
146015,137400.27
144644,13329.22
2982,12667.31
123089,32019.87
126554,3907.4917
57968,13572.866
72843,48186.09
120241,15498.493
26747,14083.643
113204,23696.96
27498,29401.36
42688,88704.26
104484,41337.34
110246,10931.056
50446,1228.4244
29470,4953.2476
66067,10617.782
73440,3561.241
109185,31309.154
3894,169783.62
148931,37647.727
55886,42975.383
33645,27472.152
13844,10956.847
135373,5817.753
75083,5075.83
34081,69675.69
56931,-668.48553
106292,77219.64
62938,8525.494
104832,180064.73
102545,11597.152
25160,8322.621
60629,88396.984
127802,6753.925
89475,33945.39
57205,9537.18
20271,169310.4
101885,12884.986
117019,8093.654
122835,67711.164
133415,141397.3
7758,27609.256
36643,6909.756
146224,6768.103
81870,9276.333
67977,12335.159
129009,107913.26
72831,3255.589
108568,23241.078
126315,103792.31
141078,15479.81
53638,38126.38
132577,16292.798
74230,141816.6
11361,50654.844
142110,11679.83
84361,18461.793
64501,4965.8936
101711,81886.45
19782,1230.3622
44538,9716.496
34539,20150.94
106506,4484.887
87307,15051.127
127231,640.63916
111349,11335.348
143705,56440.46
55978,35282.633
117558,5698.6836
105362,327290.78
32336,11850.085
47621,15778.501
120401,20078.875
71088,14215.277
42607,24782.04
50024,146232.31
7307,18353.506
2479,19802.63
68565,28583.227
33246,10569.899
147436,84763.13
142659,8107.517
126170,38153.543
17004,9361.168
53934,28536.229
67020,17552.143
9062,9359.786
80035,32829.47
120978,92521.77
98025,10686.497
149935,65918.37
32072,92639.586
129217,22975.156
74878,12137.758
78079,27901.895
127483,166552.45
21123,54252.285
102265,12570.559
28227,24805.121
115447,46812.97
6317,5222.525
7823,20143.229
134357,20057.697
11792,146627.19
49198,10227.515
71975,11379.232
111904,87901.62
57623,3815.8164
45183,14748.315
105357,26984.582
4896,180012.94
67393,7725.0396
120824,5699.325
116292,19550.604
114540,24272.959
95863,6589.8687
75301,1823.0234
141106,18546.79
22381,23901.785
130739,7616.943
14221,53932.203
141212,47208.367
107947,2949.4368
5055,22095.285
108271,15321.431
33693,31123.188
36448,9468.099
24948,14566.234
135984,34133.457
129156,31349.828
33445,41636.297
93696,61522.29
102892,18046.627
53650,11476.468
3228,64543.04
146395,19301.928
103742,14480.845
111087,7641.818
119861,6598.5356
54965,17588.2
75791,2497.5654
102492,100633.27
65283,45019.457
129741,29070.637
90316,8442.181
114955,6492.187
89612,8856.822
84033,12193.045
87053,16756.227
30531,104839.49
43673,35588.492
136703,74723.19
43769,2967.987
103104,9545.102
9095,54803.145
2765,142102.58
37748,164440.42
72082,20398.72
44629,9263.398
40247,37865.234
142976,47604.547
113820,40581.72
12120,27761.895
112226,13269.739
62378,8394.746
100410,10064.602
149585,47170.98
96923,164849.64
117278,29203.105
85114,34063.254
58108,848.72754
40910,10812.437
85622,24019.285
102033,48595.375
144432,10639.927
36332,118124.16
99447,30343.703
39798,6039.4883
115275,6119.0806
142673,44792.46
87621,29180.713
136902,18974.582
41659,7211.457
56091,5743.221
99354,88377.516
42260,37787.91
61919,24314.562
14323,54812.316
59304,27382.402
12464,11927.548
25928,1169.8059
112557,48564.11
137680,23094.695
75264,41910.746
111394,85548.5
146264,10590.894
108131,3735.9258
21205,5913.0225
49737,20075.146
85392,9785.5205
35181,171553.38
16106,2631.101
16310,5095.596
68250,10482.124
94768,38048.184
72571,37968.023
2321,28548.826
96512,106107.4
66659,13673.106
103764,34928.06
44877,54037.383
2472,82624.8
149809,62511.254
80095,21969.56
79370,257844.56
66033,42129.883
96738,5363.551
68369,21706.037
45217,4178.42
84664,7396.0376
139209,35749.73
64722,11429.322
79824,9873.257
106585,18543.057
30803,13887.347
107328,9920.602
15292,20881.5
132607,8166.0684
63543,97863.57
80472,21495.275
14202,31005.229
1187,28290.908
124641,9596.301
14004,29373.418
125682,53128.895
110691,6858.7563
38794,5107.499
21134,53510.367
114903,30525.092
59378,12058.999
120134,10797.765
88366,408287.75
10165,21833.03
139788,50649.555
42139,1289.154
140354,6106.213
96153,134064.28
3672,31554.324
125402,11773.272
23345,20997.348
31028,110996.38
49461,3835.1536
18873,58272.74
95481,10857.356
84453,8771.713
35455,18501.256
144842,3390.2168
103092,30446.506
47490,23042.975
53759,13212.162
21285,49702.785
34569,3031.7158
130751,21613.934
75722,5464.1973
6945,22518.34
47036,40426.39
54101,60499.74
66786,12237.645
88411,84420.664
23712,48026.684
145641,72997.16
106013,31052.408
26809,8318.78
125241,16712.877
21187,5915.5938
131172,68906.3
16851,81501.86
90575,33316.402
94507,11791.377
33271,6745.5967
68179,21950.645
47697,7702.069
72531,155570.44
89769,5645.5957
43881,94050.23
144963,13113.892
126731,3594.6724
84679,26236.033
121202,14551.812
101660,26666.516
145829,1216.8142
120190,26136.152
14295,21332.73
2381,91825.414
26173,50644.438
27599,17661.643
114393,42428.34
106447,4275.154
89397,38756.395
65626,6055.0776
69628,8209.765
123636,41045.59
90569,10999.921
114809,11830.808
128297,17339.877
42070,17080.072
54757,4187.05
131110,2452.8325
99206,30928.113
36380,9201.595
139873,23900.324
10566,25035.035
75592,16396.59
99163,15113.023
1676,25706.717
106056,56383.85
21050,41579.438
93649,12786.637
42601,10404.109
109622,18947.217
63084,33745.24
67238,18767.553
140981,29979.598
121584,112275.21
82988,1388.0972
117366,64723.15
31625,8624.544
67508,3250.4084
47698,23722.938
40606,17482.164
8298,38906.066
90979,6168.568
109243,3600.32
55678,6038.0376
136682,34547.64
27876,3820.7014
16530,7002.393
130189,15546.245
83181,16774.346
91885,24339.572
135129,1006.67615
52261,270695.62
74949,4121.8066
137009,24605.738
97647,58534.29
23303,75822.086
32195,17384.238
19944,50184.586
41044,64327.84
132536,7847.862
44948,8218.963
43652,7948.5464
124241,64314.586
31880,29791.441
89893,12503.207
1866,109057.35
89898,47615.94
26029,49531.027
51256,42791.723
78635,5056.2983
146907,509738.9
88985,105505.54
139427,182666.97
85645,13320.632
88742,36746.87
119958,15389.99
22847,66750.58
132324,29749.057
27587,14791.223
95427,34919.88
21077,100534.29
66630,12284.753
129523,17086.236
106953,9538.605
14071,2651.9014
140096,10636.548
68726,49142.03
73086,70095.47
105297,79213.914
64994,5678.707
106611,24261.479
129878,-815.0908
66034,14049.249
33948,7730.124
52463,5362.9985
45336,4013.673
149149,11303.489
45078,51637.29
106301,26158.652
130200,34299.82
4445,5333.044
20203,5600.516
139531,13963.39
27090,25296.889
105039,33784.797
95002,65801.94
127316,14112.965
65703,18140.205
122495,68979.13
44635,110881.23
128892,3063.2573
108390,28626.55
50200,76459.9
116671,11553.743
86223,8321.967
114816,9326.031
85731,11286.192
101362,11614.61
60842,61998.367
38667,41421.434
134001,123514.74
79291,45586.26
78693,14536.456
21410,20630.24
60183,10386.802
61346,12018.051
72494,42648.734
121849,3767.5764
18787,39661.29
76489,6686.965
113920,9118.238
99959,47763.098
39409,3775.245
20310,24253.344
134478,11718.73
35641,124541.22
49417,38430.56
148917,6876.855
50635,46306.43
77859,47136.992
140685,44313.8
40194,14462.629
145801,2134.1243
3516,19883.365
109949,13967.998
145548,20211.678
52700,31396.111
88404,3958.3015
75062,6651.7383
109968,4545.3687
139117,21812.475
97089,131641.19
10604,2870.6538
89578,21225.895
141383,13843.83
19126,16828.707
47092,28004.098
7012,126760.96
83014,58445.37
84910,5644.3076
125595,13459.329
126928,11092.827
126942,4780.506
76685,33123.52
10687,18164.285
64195,19293.64
7213,4512.2847
143331,11536.188
72203,33293.77
54651,44725.586
95241,3972.2212
58180,112289.03
109814,6970.853
118950,201443.67
25658,12137.951
10616,1114.2131
26915,47130.305
127799,34311.938
63434,8482.977
67934,27852.438
99529,11246.072
117435,14710.441
113893,27595.693
137359,77935.02
26346,15712.7295
54604,12555.339
105087,5051.122
138475,22782.803
34762,5411.351
48171,57582.52
7986,85985.82
69821,58043.508
94852,27559.688
22841,87261.8
65293,12734.323
24221,20925.219
25700,57924.227
101543,3069.3313
62107,9471.413
56772,18834.865
34958,92046.97
113328,6168.447
10474,8599.355
5471,24633.682
7457,127479.12
52449,5049.3135
90269,89620.43
6748,20241.445
48636,12062.947
11828,1765.3854
143041,23856.602
57372,149415.02
140242,21869.104
1760,4980.256
111751,12385.6045
70843,28969.566
42894,6651.165
135442,35096.65
84107,8161.208
49628,14046.606
120897,87363.73
125838,48111.973
76975,8090.0596
45953,30387.951
12088,10367.687
77951,25113.596
53529,36540.066
79846,2053.8955
131675,18543.955
66824,12975.032
70063,33821.45
138064,12118.545
31378,35052.574
27910,21979.492
34673,10698.884
72300,14481.687
83412,3540.8232
98822,167699.36
69508,13511.734
47927,8055.8955
90660,18112.008
55700,3425.973
71412,30655.416
45082,23732.242
85191,21327.248
109021,14392.023
110076,36809.54
122938,67653.33
38229,24069.932
55243,46401.137
17275,21873.074
144241,90964.695
110590,2924.593
69537,27246.928
91715,66642.73
91322,12200.697
74908,98091.23
6311,46042.266
144390,83807.47
8304,51924.84
36822,10922.581
53221,57892.965
58403,90721.77
93477,24134.686
142776,6048.218
67019,55105.906
16138,7130.027
34687,46934.754
128436,6209.8877
23939,8070.7285
52640,60073.723
59996,7564.7607
108615,19949.365
17433,6007.347
47119,20665.621
141776,96686.74
27568,31675.936
132749,90008.664
90588,13408.016
149372,29355.477
121428,7292.118
21826,7567.262
66523,6923.0806
6113,29203.35
21125,15401.613
63287,6967.3745
82969,40036.117
31273,100506.875
85007,4943.866
145767,15496.433
93012,37357.73
21136,35909.855
97225,11359.715
104412,26402.021
26534,15877.899
15856,6464.718
65383,20585.955
86926,65094.17
64755,7961.3677
19078,18869.045
19734,6046.5527
47472,104642.77
71491,13780.594
19815,3202.5557
27932,9711.332
62277,21762.014
121697,10569.459
98820,5611.831
142065,8411.667
8238,4188.9404
25045,82140.34
74068,55866.043
94939,41850.363
16962,8675.91
2383,108397.945
13648,106500.36
19866,21481.021
17706,2196.2354
112830,24922.363
32363,18190.246
20871,9275.902
34650,77785.5
80158,19714.16
9897,163867.34
99350,19476.549
80495,8086.8755
78683,69136.45
78295,27867.924
48408,124822.91
12100,776.57294
39437,48819.05
73926,8280.918
52745,20782.598
76481,191277.11
53060,123225.1
100407,32872.508
38686,21653.395
63623,4109.954
112694,55941.44
75605,74146.69
134242,8610.394
10769,25822.148
83561,1456.0128
115319,9750.535
15023,39721.24
82379,174922.05
72179,67883.2
135877,16557.535
128780,16935.459
114378,66081.84
77116,3381.5967
558,11181.563
83153,20819.375
54493,12383.813
113300,7928.334
19653,23448.29
35237,12221.69
128723,10062.372
136948,3318.4404
34163,5589.681
145597,14299.196
13708,51233.74
148235,63505.465
53512,89831.37
47260,48115.016
45698,6731.167
128930,1688.8466
122270,11458.599
39964,23306.416
90499,107565.47
109926,83564.26
128329,47665.88
52364,44387.555
104011,41067.758
101596,95415.47
118368,13675.014
121177,7663.0674
66367,11120.304
63371,13719.742
136045,1774.1118
79004,27998.307
20667,6089.07
20351,17892.521
3263,29236.025
54180,230093.3
10540,17043.633
82783,3653.0208
41313,12473.918
128442,10874.574
44152,11272.807
124380,183763.34
132872,33496.113
65574,46064.195
82203,59674.152
48932,10225.263
24766,11183.849
71443,29071.746
102741,7726.3555
45581,23921.527
53746,13351.467
39651,3103.599
47206,43189.586
49409,30880.299
136851,11556.942
54848,50817.438
41108,36225.145
12624,12291.228
87561,61736.13
134206,39776.453
75710,10662.463
119476,19902.316
101321,56664.99
72938,52149.992
75080,41631.45
80327,36547.53
83965,898.50934
92874,103509.375
18153,12098.211
133640,11222.055
12650,1381.69
52170,8992.335
79954,66440.914
132564,91996.68
75004,50306.504
52665,12331.981
48134,19730.97
58195,55551.82
114692,9110.779
46085,5762.1074
67232,121888.24
32435,38777.9
87764,27436.09
32444,10930.345
25337,66521.78
38411,96390.66
5705,8758.329
56499,54365.766
96813,11715.835
53493,13755.175
59698,44569.664
63893,7653.8804
74432,48888.746
79885,12926.837
15226,293356.56
104309,7936.5825
128832,15248.816
7271,6472.246
36731,67078.984
136778,3189.974
141375,61837.96
19108,86017.73
2986,5642.5396
29725,10653.145
57689,23021.508
16997,4223.779
109318,43999.402
108215,5331.6606
76542,41885.82
101355,69487.77
26237,44066.0
76549,15488.684
133388,114029.97
38489,1436.9098
108970,14188.004
28561,47037.15
83101,4963.5737
48405,1988.931
122635,13726.203
61660,35642.68
132693,2104.5735
26286,7410.6113
70142,103077.21
113238,17862.969
101528,17700.205
44561,9332.428
23173,105271.766
7711,22341.373
65056,88244.22
36714,21458.49
74164,18081.318
22672,120943.836
57576,10098.333
44205,42581.797
126747,17333.277
144409,30503.734
56528,19581.193
88558,19872.35
145770,104034.32
81270,12698.456
112998,4450.6743
142471,33360.816
46621,8354.554
94536,73218.375
111164,10955.283
118273,8272.898
52961,39307.344
30797,163863.36
66441,25817.6
14521,6067.262
91455,31731.934
141678,23982.01
72335,14487.44
106045,68837.67
1661,9116.2295
80987,23124.82
46921,12209.874
120875,58802.633
10410,29987.645
133718,38560.934
144878,12312.301
31078,27414.95
60777,173297.36
64272,19962.695
51189,30393.268
59009,37972.29
112446,29568.105
5146,70956.03
82719,10326.417
62166,15146.104
42563,5922.598
16071,2686.6248
59980,34132.05
1136,2417.872
27039,6717.9297
22155,27434.262
126372,103205.15
127766,5263.964
148745,7437.458
130480,5455.365
79441,10137.667
6313,8950.466
128150,14795.002
137442,17855.426
39129,10205.787
22804,13114.008
59610,5448.2354
23786,57906.434
26410,19584.27
33103,21892.102
102658,8760.907
27281,8651.12
68441,12204.037
109109,6802.628
10226,24221.762
133559,35553.5
30509,55411.566
82905,4202.453
140772,3998.2363
53025,62963.168
147614,29220.479
97937,31576.484
40658,19060.38
10978,9736.396
76574,60799.473
102974,20639.701
136497,29514.13
122654,51501.47
27690,47844.38
82593,29454.953
95425,9310.393
80280,102173.07
56173,10135.184
134857,29503.377
67028,7418.2197
15104,1738.2389
5027,149594.3
114061,18543.234
149132,74158.13
116617,103171.64
79448,150636.38
86446,16511.53
15939,2314.102
143034,60823.348
35004,14420.301
140244,5718.1396
9133,104373.01
2863,21382.137
94975,9804.873
132514,7882.3584
109543,9879.598
20800,41808.953
4132,46783.137
39896,6504.5815
53941,6031.1055
94425,22332.79
58809,15547.561
78596,76354.34
108057,60016.082
108984,6646.1353
74904,15411.536
4065,5739.1973
68078,19392.611
69073,14894.247
131961,30666.148
121662,14046.267
103186,10269.087
106332,3122.0022
107965,13562.388
131016,31972.965
74281,32103.098
39485,74261.54
65966,61000.71
108664,96223.33
76046,5837.7017
73389,66471.73
76534,19959.734
33521,5992.082
144405,13797.114
148070,275372.3
12160,34072.0
128883,20639.205
90452,39737.113
28261,10867.68
94464,10685.006
2944,9359.271
16784,117985.72
48818,38728.453
134565,4898.1772
103364,15912.398
57403,31500.346
100338,107767.516
44330,14276.356
93236,169716.55
111440,97997.53
148956,20371.023
128881,18356.996
25646,24533.844
15715,19484.979
146172,60531.56
30795,16125.653
12911,13127.548
99979,19170.04
52724,92521.195
83892,6700.4434
26418,4386.423
130037,120284.78
80131,31512.03
45946,8557.482
6137,77802.305
28511,35613.43
106633,6521.9893
52200,33059.06
113433,122429.03
40477,40936.83
16162,30704.104
94763,11969.76
100090,14773.711
42026,49375.98
106492,20920.963
115716,3152.7915
34528,8308.313
16753,12472.579
29250,14854.862
5616,62798.35
72084,5607.37
108046,9847.067
115225,6778.808
76979,22162.088
119375,8487.475
40894,4172.808
113393,3416.1626
4169,92430.44
33987,13262.237
2417,8385.631
148464,380774.53
95635,15866.685
72951,258727.28
106299,3863.5369
96256,29744.504
110651,65160.098
94785,5127.212
18142,24667.957
85913,10692.4375
83882,53011.6
71559,37427.508
128197,34941.574
81499,74963.45
128219,32772.24
132318,34825.54
27184,12246.032
85729,131582.56
41277,31039.072
72403,20366.375
149633,27483.455
41989,3075.9429
20894,2093.288
45226,427189.5
116115,10778.048
142946,9101.358
127537,113268.09
73051,21992.36
138023,100458.64
30746,13131.362
71650,6230.61
119452,28484.219
28946,245742.45
146062,70672.484
10262,1333.3354
18746,32366.656
38827,51093.363
44726,62072.746
6387,2055.0562
14097,95342.98
85358,18974.97
52481,133073.73
31243,9807.613
29700,7972.406
148437,92867.04
106128,128502.664
23980,11329.167
35289,24970.586
68069,6111.3936
36924,28236.096
28791,49904.27
128287,11113.516
142732,176486.36
98641,42328.97
60994,8866.969
17164,2354.5771
9907,80239.39
140087,51554.684
44128,6955.712
87246,2179.6455
48371,3999.982
105116,11100.381
29478,8097.9985
63416,22593.12
147590,46999.76
92926,19765.488
66212,3863.3513
34675,90837.69
65981,32873.812
19551,4345.5957
75709,13879.824
47982,69519.82
70965,41116.473
135549,16537.83
75734,18098.803
26337,17792.26
92149,18746.736
129959,73087.53
59823,71273.586
101116,25138.953
51765,10535.219
110963,66612.68
111988,4426.72
88675,11756.501
146157,9738.485
77668,8944.887
17766,16671.863
39206,15257.557
119840,6511.6494
6713,45838.57
143828,24506.748
59476,55805.164
100443,8417.074
134027,948.7213
144922,9907.623
92683,32156.004
118036,35503.3
147421,11486.439
122126,25594.143
91226,10818.751
82042,62815.336
58214,35180.883
31071,3124.902
87592,44474.19
119582,256225.52
131013,10938.68
17372,40585.414
58224,22306.012
69827,18415.256
122315,26988.193
54199,103798.97
115105,8629.465
108818,8772.083
98441,15906.912
82536,62707.785
68017,2551.4067
140398,42358.707
6324,52684.973
127786,14410.201
133030,49400.598
145923,7960.257
84656,44858.332
54567,37776.117
101318,13689.724
68749,107168.39
39542,13025.119
20406,21841.338
84189,12965.37
42114,11784.4795
133358,10638.984
102181,21107.531
51515,7855.142
90972,21569.904
113960,163093.72
37456,56835.336
140183,96681.87
29050,78786.04
108173,158445.97
81476,56373.79
20001,25214.486
65291,3134.5498
17157,90163.14
80413,12950.069
119575,78059.08
89107,63770.453
45603,75946.484
117654,141403.94
86488,20739.484
20986,12901.023
126925,15952.56
93643,30088.592
105340,105766.34
143962,17060.723
135122,11971.444
105501,46523.805
15374,208329.75
77329,26342.764
71790,11226.599
35905,32925.516
10940,20085.145
69067,15785.942
26326,7468.7754
101710,135476.17
130877,6773.9336
33412,13602.866
138483,22186.11
10957,3320.3894
45350,107928.38
85335,63218.26
99197,45074.68
96302,51223.773
30189,14065.877
15830,8743.613
95242,1505.4385
44449,14215.59
75224,17804.406
99429,3550.0244
94245,6878.559
22237,9866.611
14,19271.582
45846,71131.695
1808,14413.201
70174,152359.4
96980,3565.6702
84897,42901.83
109681,17447.725
24238,5999.638
21583,35294.8
27745,19131.314
27468,6332.4
113598,-1005.79175
72422,127347.07
39597,16119.727
21599,38535.56
51762,28304.979
28466,13790.16
19192,13995.983
134420,12738.667
63349,25435.74
99361,46927.305
6057,10281.503
14161,12334.03
68353,19066.94
67267,11319.069
30475,49383.605
67079,5097.9478
41117,6284.271
121639,180463.94
6656,221064.8
142063,7092.4873
112486,125256.84
25993,15260.443
20827,10457.587
4436,52718.332
138782,15922.297
90888,9928.999
120442,5985.3115
85333,70651.77
145355,136168.48
79706,73716.99
13782,8307.37
70135,9164.63
53173,41658.85
126798,9363.281
98067,122963.2
13086,3275.3032
135440,138561.69
43603,28538.56
80430,71667.56
132657,101131.73
58940,19832.955
17034,4115.9277
77208,61779.598
93250,12163.67
22395,42269.453
60130,7673.894
130892,10023.117
108647,1462.1836
95658,77723.516
31516,28890.406
109514,39830.855
93269,59116.418
92108,23399.062
95775,9230.215
93182,144846.97
129589,10466.808
11235,30972.033
130001,77433.81
83115,6247.014
95309,108286.03
33343,47204.957
15907,64644.848
140090,93252.0
95570,23042.863
80847,104503.91
109137,5262.658
87673,65945.69
14833,30290.299
69102,34149.492
103551,37054.13
70478,8385.99
52436,3315.5105
18072,110736.7
36631,98942.75
54802,7265.1733
3498,14350.333
107229,3081.3953
146960,39052.598
106762,4315.216
133578,43165.92
49705,109534.13
94514,12548.573
80582,7669.4175
123368,25854.04
29383,94716.79
145952,912.29785
91703,29926.45
110010,38587.395
147512,4223.0415
97667,76876.875
116457,24429.166
144505,91282.95
138528,3631.8909
16337,79043.24
74901,17907.775
118054,53181.703
43448,6721.249
4412,12110.299
10623,1480.8136
56031,252642.16
112186,5178.959
101480,6844.68
39130,13673.08
6513,65595.2
62651,53610.555
61246,27492.91
147300,17085.184
16044,4620.0264
130323,54544.13
83382,10040.621
139708,10298.399
122200,47545.254
26002,28653.63
41427,24346.512
123085,6914.6426
54477,6502.043
124567,53002.793
145401,6988.0254
15249,983.7776
30859,12811.006
132567,33472.184
71535,5679.254
84455,34772.875
88397,30140.137
123456,35218.06
48433,12808.09
57400,30663.873
134559,31087.072
141663,7493.6006
62214,86842.01
70808,6436.663
63274,67615.52
85646,48743.37
141573,51934.55
123802,45850.297
74975,27742.098
13388,36973.027
32368,47614.223
81715,72691.195
589,11346.573
61854,12314.82
128855,300765.0
136381,106052.35
47827,108898.984
74748,19288.969
66520,11169.043
78302,6212.864
43534,24877.008
135921,11267.452
109685,200963.52
43749,40168.777
40410,17098.117
102661,11769.058
93510,72557.45
43945,32011.967
32067,44905.0
28025,45556.156
122305,90611.19
107878,15397.301
99983,23926.38
1820,16219.578
92119,23387.996
4617,42812.52
116790,15860.746
19988,14359.201
42786,9079.37
83928,48329.645
131233,62039.19
27954,89324.91
92902,17561.13
2728,50479.246
114915,4748.829
3654,10486.852
28431,6326.7124
94497,18921.414
14243,145947.44
48441,20137.844
11270,7995.978
6834,22266.938
49172,34860.74
72430,94124.945
81372,67897.625
130511,24568.865
39016,95802.266
128405,81162.45
41735,48109.79
53897,310180.8
128213,42266.426
119618,26803.893
83676,4380.7866
108748,13846.939
108923,55068.42
27097,89337.83
148872,7354.6694
16966,129914.79
107155,3347.763
107784,105400.83
107650,14975.459
22895,272533.6
45344,20774.688
149787,2720.6528
80551,24335.865
96487,2940.6516
128688,33059.36
97680,-1057.5656
21171,30148.209
51204,52513.508
61240,45199.79
10749,154837.67
105798,111248.78
26578,7299.5073
61274,22280.346
40804,9743.04
135857,105809.8
59444,18416.816
53660,40853.21
26170,9703.222
64439,4847.764
114592,7558.301
56867,2613.1245
140700,7629.5664
136527,271744.44
68051,53786.938
93498,9953.714
89164,25709.191
113922,51423.855
148134,128995.11
13755,27031.621
63325,6285.2925
2783,40049.39
94791,22596.934
113993,3364.6543
2400,11335.348
4593,20005.055
76081,124132.59
98138,120922.92
141915,64759.82
17916,52180.723
136916,30193.328
62833,3792.4558
1725,19437.54
109620,39732.33
128031,9815.406
82557,115767.94
139334,243721.39
122859,63601.473
45317,19134.281
26373,22074.123
47227,13162.164
100282,34715.195
74092,9129.712
137339,26256.844
108068,84052.98
142601,14813.259
9640,16149.921
40447,33423.49
11482,9083.914
73616,63879.664
86250,20224.248
14129,47528.555
4004,79803.21
92612,6021.2505
67195,11111.192
43573,29001.047
145500,6516.2915
22595,17937.463
24743,3512.0557
25090,17905.56
101454,38969.45
24582,144864.45
58043,136883.05
46844,75079.586
68653,101998.18
117486,16693.377
78217,33953.08
46191,65137.547
87566,277069.03
75687,8242.575
111727,95112.65
90605,37910.184
79074,15330.241
41848,19973.617
33349,37553.95
146975,8427.89
33581,14198.263
23321,4373.8374
9218,37595.734
132459,5104.1177
91862,36325.39
92532,8951.1875
54701,7322.024
104270,1076.7239
134500,31858.434
149488,6588.6436
102780,13216.539
127345,24258.434
3752,16062.966
69549,8574.685
19730,6177.5312
38457,8303.558
82492,8463.586
56547,8001.737
51335,12911.839
6800,21373.227
69031,47736.387
100774,36754.465
17704,23581.973
83639,3003.7297
149691,13551.094
53467,7478.0396
118732,44303.87
96952,20744.379
122007,122830.97
2379,14737.712
887,10042.78
76269,92646.164
57380,1064.0322
131257,33456.016
83400,4997.446
65401,4226.608
2550,9249.595
92763,22412.695
97350,346567.84
85790,28863.52
70936,48427.02
47997,10416.417
65509,9509.285
141625,91808.95
94989,13685.69
54602,10008.272
96008,16913.76
93630,6134.234
9168,112789.21
81160,11366.635
70086,55838.984
126858,34699.637
58905,21350.379
31299,41530.57
78498,73825.41
118477,76677.01
41333,18795.914
89104,5822.7427
2734,27066.033
74070,13944.244
125358,167939.8
2969,6329.6694
25896,3861.7632
52005,42013.125
46736,4503.194
4122,22183.49
116412,16872.402
44007,47420.703
75718,16607.213
68838,5238.205
113576,48462.32
33531,46659.03
7088,6585.583
8039,7167.066
104397,16784.836
123945,29610.678
76916,12652.072
12630,44025.37
58811,10256.015
6777,19814.975
10405,24452.502
140596,9092.836
113823,22662.979
85816,18992.451
65483,23338.418
21206,7054.9336
59474,6318.8623
69693,14394.053
28565,43148.004
125268,14235.875
125359,17004.828
14022,15856.5625
23148,6769.324
35513,77597.68
77145,18412.713
128534,81639.58
130423,35363.92
40284,11237.338
86340,92656.234
60863,30679.662
89657,369070.25
52732,7043.1
88871,2653.3315
5005,11795.14
1795,39898.05
140169,40837.46
109589,67375.49
62348,3560.5325
146826,13535.698
22175,14480.677
117098,37798.066
123175,4672.125
13942,23561.07
78535,12352.318
56199,126315.62
147369,37302.08
74573,41925.617
120223,35062.316
144992,12001.116
122029,60376.37
106628,7138.572
71565,8634.608
111646,4436.8164
138730,13218.736
85705,2926.4976
141701,23470.822
42948,19402.107
57549,24113.135
7235,110746.234
106752,6290.8374
16654,30178.146
57248,3922.053
136153,16082.837
106214,13741.858
77243,35965.59
31948,32406.754
101606,28851.514
142152,34153.34
34929,2556.6274
12198,18381.51
30931,7404.1772
123183,71941.87
57777,35017.066
130697,18329.87
90732,164886.95
648,191132.9
110217,64866.996
52711,4896.289
10738,86095.79
15474,6577.27
145477,34269.46
33644,74156.79
14038,9974.698
41144,104923.88
24536,12440.756
16809,40979.574
112750,48911.875
98686,85497.93
60635,78613.38
64617,2894.3052
62488,27302.16
104705,11631.631
141492,27331.258
28461,27649.912
30828,8262.215
110046,8411.967
119390,24216.295
2018,102622.93
48007,59190.098
18007,80859.07
112593,39580.523
7795,25437.691
27533,100995.52
37311,11011.46
8418,15542.462
51014,26857.377
52180,99001.016
129481,109759.984
92330,1261.6793
35261,130598.64
68165,5628.198
127639,56419.027
131042,65741.875
3366,5165.1895
81658,27223.252
88554,3026.5544
124246,34619.69
63878,72704.375
24362,19937.658
70128,182539.42
98480,6985.505
106559,10005.696
71756,85270.57
24789,1388.2056
118130,4709.576
99081,27573.676
136516,154139.97
11357,1267.4955
55565,3825.1624
111396,51029.15
37404,1959.3569
125456,4757.436
120892,13158.229
116869,5692.534
129757,32601.957
125435,84808.65
103304,16348.097
51601,8238.954
144262,10475.747
12928,19868.125
149273,172877.62
144539,2712.832
60978,18029.504
27348,7439.7505
147678,29914.324
33611,32308.041
56928,6588.688
81780,82725.93
47096,10190.106
16856,25876.045
71339,3484.333
7785,96395.51
33306,12602.232
124676,3511.449
59401,101192.34
100748,15788.853
122379,4094.6729
9172,20049.328
60998,12530.513
20706,37467.414
40494,19847.506
46053,4074.8684
121942,44511.508
67483,15071.108
86086,81040.05
41075,21359.197
39484,8730.309
59550,7853.235
48661,11369.266
102588,16945.941
41857,38589.31
58622,2881.8472
127661,40950.934
89575,46846.59
124346,38561.33
31006,3360.2397
15223,29649.45
11180,6373.3745
86601,29934.666
92265,104518.43
45490,17677.58
117602,109971.07
76008,21875.992
15863,4752.1377
25140,3258.2996
89058,215113.67
71540,117933.9
147549,82961.16
44478,5213.5376
32356,15253.7705
14008,45428.637
130567,6464.6333
120835,83013.055
21120,4718.037
88307,23029.729
101944,135545.95
6851,14018.311
130706,3635.2751
130518,25611.545
43816,8626.279
125588,9858.356
81243,17451.336
27410,19848.73
69856,4474.978
57389,652.55945
63693,9180.167
54682,111739.734
14611,7205.9043
120658,52651.97
7442,5665.5664
73780,3732.124
85374,3461.9727
51770,6607.371
28496,10601.066
44519,3293.9521
27849,36835.344
23922,8919.423
149109,162741.27
56229,11890.866
48044,27614.477
4097,7814.9185
41206,9161.095
72996,138491.3
132015,82425.305
119131,6947.2324
4239,83464.63
122195,21880.15
117066,33541.273
131888,52523.77
59199,64519.637
98824,57748.816
82173,312349.6
145690,23666.982
124342,71920.25
147892,32944.03
5265,48521.57
773,83123.266
85402,44977.02
76093,7548.717
4341,23432.928
95855,9700.91
2538,41586.758
85344,7617.7397
13067,18111.602
80087,18001.316
2583,132915.3
67423,25503.633
69387,12520.091
117108,191387.86
134217,7832.4385
112404,105882.47
12835,4598.165
57212,43144.17
127969,38784.832
85018,15246.1
26557,33802.645
98814,19059.88
54791,11211.564
149574,8090.5537
143611,85670.1
73388,79337.21
141843,11144.669
84992,4016.2622
110042,85831.35
50579,26752.621
27366,105960.77
149715,11717.19
53928,104628.234
105787,8346.622
50712,59348.707
104698,85246.39
71000,25460.166
118387,31593.768
98468,94859.11
76476,7468.6016
6820,108486.09
137609,16724.861
64187,25586.04
38636,46329.11
57676,35540.547
107370,15646.647
39175,40925.336
129458,103543.73
97822,4265.3306
69318,1581.3558
713,48459.246
51304,6286.33
121922,37081.332
97894,8999.621
73451,70182.836
30199,215108.3
140038,17468.371
22594,100385.43
140304,63454.0
92707,23775.0
141844,2350.624
13457,48270.223
129893,66496.71
24630,68198.01
23069,20620.455
46405,244733.38
4723,10821.27
44844,15573.182
149322,74907.945
28629,159378.25
11157,35422.98
53056,465.91983
66394,40801.047
8837,4198.7065
15908,136616.8
41202,26495.344
141063,43401.215
89871,41210.05
45401,15923.987
96629,4494.245
61070,35495.67
76842,90786.016
124440,6492.2993
99932,32723.982
1165,8737.331
67580,53030.656
71204,47229.2
127444,4005.3972
17970,5838.1133
41834,29025.082
30091,8306.29
44508,247371.52
111819,2486.8293
42603,4830.8105
72714,24406.443
145734,33939.066
103132,32462.557
56881,14345.5205
75776,98243.74
120339,105075.55
24417,12201.503
39663,9649.953
62994,14694.997
11841,13613.947
24403,16726.723
26287,2995.7148
135880,7515.013
87260,7709.8276
146732,31668.273
22294,78276.29
120493,25195.701
15618,11256.32
130479,3891.1008
75672,4126.222
26732,5124.035
113435,14591.518
114161,5919.594
23909,13324.071
104681,20579.45
999,12745.1875
7616,4360.0938
19890,59890.523
78537,99349.555
117687,23237.492
80946,217623.33
72089,15898.196
59744,47555.734
126538,15444.982
85636,7301.815
55377,22164.758
63067,93674.94
81398,30654.045
55241,3665.6416
37707,67397.51
97976,18230.07
57815,29763.24
450,19163.232
68520,9402.505
52108,5894.7197
125934,16465.33
62332,52234.14
90413,20344.125
48740,7241.982
104272,7844.7007
87691,30018.31
35827,46638.484
114650,8255.534
39006,9710.136
115744,46193.258
96205,10814.66
70552,120372.266
67219,11261.666
133442,64869.043
98142,83520.336
125808,14260.182
139162,9534.031
146398,14265.231
84078,76548.47
56636,16248.733
69322,15047.827
43690,12953.564
13332,60875.992
11659,3425.5315
84247,17402.355
106925,46513.746
130554,44259.098
75336,20929.795
64279,14785.532
22036,71219.266
11632,96668.36
24910,6245.7207
109374,86020.71
58031,49346.035
68314,238244.48
100242,29434.42
79823,43774.676
7694,15131.01
18102,12871.63
84768,21612.957
93811,41248.35
62327,22731.633
68095,167338.56
86347,9028.893
28551,46335.688
56816,51482.34
47188,63141.47
55638,4468.2334
50737,69465.74
40999,92710.84
73637,10573.42
139142,47294.992
25062,53492.992
66761,45431.32
56167,59583.5
92643,50113.777
60344,82829.08
123670,8272.092
127626,6073.4478
116373,13175.847
58496,17046.953
31453,133459.0
23444,40192.203
115483,5512.3345
51148,66209.414
63280,627.0545
113673,51712.37
126293,26802.93
135454,44700.867
128217,50814.37
53877,19413.074
35192,24878.1
78941,36072.25
130265,55243.645
117612,54739.664
104456,10335.995
103441,94545.78
82315,8188.8496
7640,7527.738
37724,5673.3364
42472,46390.35
140051,55005.617
50747,38409.727
58372,17603.129
142896,17251.848
20060,38639.273
102961,3020.7048
97848,31500.346
9695,49400.312
64766,107687.6
64996,4030.0364
10386,50550.062
77124,17350.332
134080,15367.795
50209,10034.376
149440,22306.826
135996,8394.463
92767,16169.851
41016,258076.31
142874,5064.045
44567,15533.397
123369,5591.151
107523,69512.53
119597,72940.97
136984,7553.3755
32763,18407.277
103393,24292.635
44801,106385.414
100548,10831.37
38594,3830.522
96859,11519.292
37523,202710.64
52982,37543.047
139101,78112.08
86774,51553.9
122734,47157.945
36469,71819.73
23646,52350.566
89444,17231.8
121415,46675.88
59592,63180.945
138653,82975.46
9042,37688.043
140900,33780.02
98038,36383.08
109642,139004.34
129407,45278.863
123641,111995.35
144159,35109.605
111654,9373.879
100323,6965.775
24142,7457.926
122551,84012.73
6762,22220.176
88263,2116.4517
127641,86146.34
42047,50396.53
30368,73483.35
50653,129490.81
61746,18937.713
138364,42517.68
49428,5056.5776
116591,14199.688
114370,67688.03
103522,22505.326
135554,20055.959
5779,46249.473
121213,3774.7559
134596,15335.403
118816,11854.97
23536,46943.156
19471,75038.57
89802,4413.1143
42302,10899.896
56132,144746.75
83802,65129.637
94295,80485.38
71109,77383.69
73351,34423.824
4765,6551.0254
40405,103805.28
4376,36387.066
121122,36421.31
4019,13962.087
9594,28847.26
88283,32459.328
16942,11394.922
2675,16125.3125
85390,94918.88
87497,25037.977
51929,82994.26
137461,10438.048
6103,1819.738
72896,1928.8724
7538,123480.88
69676,5873.835
84445,200548.03
54083,33871.227
138104,14143.08
50716,9292.753
14130,5267.5654
75503,39683.805
87926,17670.072
104395,80754.71
43742,8465.191
68004,63608.293
70545,19031.188
34716,117533.9
88892,29777.428
31429,45093.535
53835,17049.895
51595,59018.26
119268,25859.492
113978,14844.15
134138,17559.215
8822,29072.342
92873,5205.588
3604,17651.363
43251,100041.0
146000,6671.5503
136923,12648.724
40053,13085.991
88785,17114.049
11848,6016.7085
65601,155006.84
80809,3049.1567
82160,19640.752
146165,9330.438
110626,21731.75
41258,12844.101
115776,97442.586
127475,5893.8794
80745,82329.91
21005,50780.223
149115,20591.75
129288,46014.168
112569,101778.89
26819,7914.896
18283,7159.2163
93066,4514.386
112324,44304.12
148516,7519.0044
3949,18977.932
123741,109771.84
10835,10045.9375
61409,10438.97
102304,33196.695
102506,204334.4
123684,45068.168
137443,3672.44
6797,4866.889
60544,119085.03
132681,7743.0786
99043,32308.94
65393,85997.945
12615,3902.7646
147186,203167.3
103424,51199.46
45019,4096.414
111802,1657.4453
143991,105084.58
53864,10893.051
136242,169564.47
128935,33890.6
129388,117340.195
79978,9268.53
3401,99454.4
132619,21034.8
139104,5829.446
100937,95449.914
93882,45538.137
126547,7341.536
51652,5400.6846
110198,64238.375
113948,165511.11
62829,127095.3
82679,7158.2427
101962,287346.53
26780,4931.7183
22027,79882.15
74734,24586.646
116710,6839.1743
25628,11696.542
70968,11466.113
87791,44680.582
61098,47816.062
73153,55267.473
139611,18592.334
15409,5675.906
18260,1635.7554
95024,13162.51
145526,9328.062
61458,12170.998
24519,19915.096
103071,31987.66
6128,131547.4
49548,8349.077
42349,184566.83
92865,22433.258
122387,22187.521
106615,46696.98
82162,20823.049
116851,11605.546
135400,9688.771
148040,3978.1182
59875,5315.176
90328,1878.5237
105273,220255.2
119588,16246.3125
38268,113627.31
73010,7548.4556
117052,21319.826
3274,20864.83
113901,44069.15
98953,26511.51
112870,19627.693
99823,4089.767
76741,20505.76
2844,129781.2
71620,26400.922
34137,13838.606
145103,6189.6885
66073,9549.366
48721,8364.111
143063,9100.882
91369,33043.85
34999,19860.459
41673,13975.914
1480,5380.279
141321,12870.674
46745,1505.4385
50571,10755.104
72026,6942.283
113847,5081.776
115229,15406.684
146930,3755.0386
148284,24528.193
13940,17716.281
52585,65041.805
78633,133220.16
132685,4675.418
102786,16553.229
149689,5447.3677
64410,1606.691
71919,30660.576
31685,36261.64
50839,76840.14
25912,13858.554
28327,15402.804
38168,55901.28
23029,11006.744
133889,6826.5864
54136,19381.846
20436,5159.066
121382,214274.69
13379,38593.594
145047,3543.05
52776,82716.72
119935,6446.095
75797,7328.2637
3088,24315.973
72405,75022.586
98314,139576.92
41169,21582.312
27052,155015.94
142708,31853.836
36931,26621.443
65284,2135.937
67472,13472.634
68363,69249.05
5208,9412.14
83775,22828.605
64937,3829.8337
97578,28542.246
75541,61177.18
80437,4822.091
49700,77810.66
125481,108431.234
84830,36793.816
64781,7669.2314
81580,35049.977
79088,60279.812
147540,49022.39
43329,65053.15
68020,75256.72
118766,102188.46
141436,54093.637
59645,162517.97
146078,1440.6523
17225,79905.086
55206,2130.2979
131245,17110.996
83291,2962.2104
51301,12660.76
107381,26170.166
90450,6943.0254
69950,24044.81
98755,10616.192
39971,13148.175
46332,7269.5894
148418,5853.1377
104241,31550.479
53542,44325.77
104734,20200.266
146334,90306.664
52586,19185.291
77120,28557.81
7637,2353.114
8325,19751.549
125260,3944.7397
54375,50750.246
92115,47655.695
31890,123423.57
29018,6467.646
40624,57154.562
63344,13669.6455
81124,17470.28
8330,13451.909
112322,83758.016
12931,1184.8027
58042,56645.297
147620,17174.281
665,19025.549
125896,32618.873
29147,37680.23
61518,35659.797
107663,36830.945
63269,2787.6987
100121,9637.541
71678,49425.656
128923,11124.885
139537,14237.665
112624,23582.97
76366,61868.855
83347,10522.804
141334,26339.693
77420,20916.06
3314,35048.85
99555,13243.187
81197,75766.24
70026,13602.705
62434,192991.8
120918,14768.95
105997,5168.0024
47916,3058.754
137107,14848.156
74813,18491.584
36713,6799.7397
23324,5560.8877
4682,6603.2764
119660,21954.346
76762,16034.549
120003,25385.768
31040,9145.498
135173,20407.81
123746,11749.766
55872,33704.887
14336,6137.4785
67803,22008.629
146074,103875.016
26413,12739.876
5472,115507.57
78666,6695.503
22898,4484.45
88919,75049.8
79222,38105.75
67464,42810.035
53649,17233.256
74407,33782.63
86881,26052.783
90116,28958.393
144815,44411.79
93369,39731.938
116162,81167.35
58819,43656.152
61780,8003.2383
66363,21636.623
115800,23489.428
102880,117397.3
138827,118198.125
130322,52436.484
122536,5657.353
89092,12030.054
54378,9595.617
93252,73448.92
97136,16306.699
73751,38949.57
59448,10371.378
137509,44131.16
13142,5782.21
51797,60925.168
125837,16544.3
96279,5189.5205
140204,4397.9717
34759,3042.1528
85477,65765.6
87600,126540.11
112355,53345.68
120108,23672.98
39886,95520.875
24506,13609.55
92704,42417.426
91485,18697.271
86054,4260.251
120518,2746.545
19666,142858.47
29594,17777.775
142004,28289.715
40349,64241.395
100923,33756.31
70866,1913.348
32387,13007.096
19736,104560.836
92692,5141.7817
97115,101061.47
90879,13006.955
102594,11950.703
66268,1344.976
42445,66064.02
39336,36436.863
80598,13895.751
51419,507.5013
111698,53123.074
19046,10726.883
149077,2766.118
15346,4516.8325
132829,2617.5667
55110,3374.8076
14506,122269.42
43753,2783.9626
16009,1837.0017
103408,14491.252
105345,73828.98
95702,10409.917
63951,32563.777
109533,23051.367
93352,46324.297
141823,10565.623
18121,268419.34
12450,9131.158
65845,28248.252
127291,-752.9636
29239,22755.752
129715,3741.063
85911,6433.7036
55924,9134.535
18937,17232.094
759,56071.633
18756,2918.2483
4167,30565.707
2651,14858.948
3191,39331.58
12589,39590.074
93698,38407.293
75194,20833.45
7119,7538.369
22130,27245.318
43103,24199.387
8482,19495.752
53602,40562.242
91682,95795.68
84254,71398.1
100619,18221.457
125584,11679.774
65830,21067.879
90144,15915.9795
114524,47883.254
23816,7266.4946
131495,17477.143
144531,123646.305
114621,36700.746
43510,18634.8
69147,1428.5059
19054,43728.168
63952,12583.425
26358,30142.488
24803,6275.5312
93002,94963.54
85124,19439.55
30142,58882.77
32021,42947.742
29201,20576.951
100261,97530.74
102799,12071.162
144397,23450.217
66255,144813.84
18297,18342.79
9676,75030.58
1939,6603.226
9207,17894.48
69004,4340.4346
50016,50420.82
44407,6358.1265
11310,6164.439
84000,23872.37
23453,25372.139
111948,136630.19
6792,200991.62
140949,3376.0413
93307,87130.67
5022,10006.672
141671,85822.7
117667,151611.02
4784,24429.19
16007,27478.205
54699,22297.033
121551,4714.9746
124755,290155.62
7778,173079.8
99548,6433.4204
33003,39017.312
59684,1555.1692
103353,22699.14
115803,93573.19
144991,42759.7
2575,8726.41
3628,3292.1428
55252,36055.445
37831,15177.402
75804,4139.9517
95745,14913.311
75872,17447.77
111938,8292.998
136352,33936.387
98214,62985.133
115996,4860.4927
92579,15394.2705
41709,7874.002
115061,4609.6714
121600,160461.05
22834,19603.963
111368,12059.474
20023,15130.228
148867,9312.124
21770,49379.54
4251,100554.31
75867,53266.152
25169,106244.66
104781,24850.492
91091,4990.2046
83031,173543.05
13667,15718.566
70383,10847.393
64568,49538.11
88524,2557.4902
56819,4820.691
71561,10877.093
134512,110615.47
79306,126587.37
139529,23334.8
94869,3804.5889
42671,6761.439
94421,20278.422
120565,17039.904
89622,45754.242
87196,56147.883
124918,9114.759
53523,11412.512
34751,25595.44
143669,60322.3
85653,33842.58
16835,11903.809
16318,44051.098
143589,5556.5537
103920,21650.012
128248,27486.904
89637,5473.0903
44655,2021.5587
5885,130314.83
130359,84881.09
30858,142594.53
58121,8086.3
20508,40784.977
48551,36623.543
66549,4284.8315
134313,21229.713
941,7140.902
132804,1801.763
62317,148852.14
55887,13259.331
16967,51451.27
120817,17115.705
48984,33863.24
17060,4047.76
98662,29021.47
136584,16146.095
107801,10281.45
140192,15180.262
34860,50856.227
124023,19429.186
84392,30213.53
84103,11025.801
55648,13702.602
74355,106551.93
54824,23744.188
10294,8565.975
70204,7473.817
145436,51877.63
149444,7274.4956
79772,7892.1714
30239,3126.598
120512,8666.37
81271,30519.252
34288,30279.21
76391,3325.374
113106,138428.73
31285,4927.0654
85377,38036.23
55853,197216.69
49625,15706.218
87050,3112.841
45907,78844.65
12483,26016.326
54063,15521.129
25068,65672.09
143105,12857.155
100344,6617.881
113430,29269.537
34208,50856.574
2152,10948.026
40356,3357.6306
87222,45342.83
134959,5512.6147
81830,6276.5137
53063,104853.3
78700,17022.977
88960,53671.113
51660,9565.867
149907,66238.48
57377,23324.432
71896,62002.44
136554,7291.9487
57838,14638.225
22812,61739.945
60897,24449.93
56382,5918.168
99678,73934.72
5389,5788.261
92946,20062.172
71137,3848.3157
106422,45529.29
19087,16896.45
63236,14718.639
107256,76404.414
133653,41811.336
141629,6020.25
19638,30917.127
3289,49888.707
138755,83560.04
53531,3980.8433
50417,22338.844
5882,9450.159
25449,23466.445
45065,73217.85
95479,79748.49
52223,14295.929
53668,4451.4116
18228,17090.275
91443,42796.066
97219,53906.203
40488,21439.172
7444,54222.664
30686,3405.9746
21909,253335.97
28922,14510.994
17549,15620.225
14684,21053.68
41812,24544.232
58753,6394.4004
26042,18729.748
129716,11066.289
96433,9609.716
59449,93412.18
10092,46371.574
29003,109073.22
77832,75413.5
75514,3111.1404
50108,12604.0205
82715,42575.227
28988,5740.6943
108358,16732.258
128715,122554.29
102505,11215.255
53207,13308.311
116508,7587.0107
77312,2641.8442
73989,7162.319
28356,7555.1685
59128,8806.24
142005,6955.169
14230,13117.201
7960,24854.742
120983,2367.9424
29670,1688.3892
131762,183295.58
14646,123107.19
136458,7175.194
84244,12225.597
138101,6093.827
124263,8222.845
138028,14072.658
145069,90955.78
14980,5124.5503
52342,5590.9688
57613,76596.76
54698,24825.916
21152,8684.845
34314,6156.324
107805,44311.754
148700,225449.97
148587,3031.5735
25118,9368.658
134257,6043.057
141267,9227.329
61913,55424.33
138862,13350.092
108528,147255.77
85572,81727.65
22116,4202.678
74013,252346.2
44967,14106.366
130735,19706.877
104611,15858.665
93191,15066.014
2522,44928.87
144196,18791.793
13239,24874.373
7189,92196.27
61319,185594.69
127273,15510.628
54506,25569.04
110519,17535.553
16180,12913.677
64137,28217.188
70634,25795.22
46897,8876.376
18310,18895.578
68454,69930.875
99693,29505.293
54259,42396.23
43947,9351.115
45759,10019.463
59347,45628.598
113271,8484.111
85094,33813.215
35494,15015.162
67487,51190.707
98631,42896.156
44480,12636.229
56828,183663.38
63329,14295.929
95322,15802.065
3188,66050.48
77851,4222.5464
137060,7157.5938
72440,11127.574
21056,36657.38
38918,4656.8643
65491,11057.612
133818,48944.594
43332,34996.33
84074,17506.117
88505,27116.988
32011,19036.521
148550,76941.84
95511,11965.626
41796,22630.994
94078,5536.3364
90367,53476.51
61187,48770.742
50315,71103.805
149945,46884.516
92768,54594.977
112504,87432.6
139496,9321.889
143107,108650.01
16513,33812.97
140848,4945.964
102761,13247.932
134154,3136.826
69650,132692.27
71960,92812.27
2428,18752.836
131279,10939.357
122995,8859.178
57627,9686.111
139900,17676.998
43621,31008.275
87539,38633.383
120061,6913.119
46922,9327.815
76615,17669.21
146749,1614.0089
143969,6379.4526
13168,10585.012
21447,22494.066
42300,23639.473
133707,55834.906
132703,17585.955
40191,34186.81
125324,8629.464
85408,28370.537
54563,67436.57
75176,55170.06
92430,44580.926
85154,19592.445
76773,8514.608
63068,10435.4
107167,7144.9175
127816,117001.07
100082,70856.07
135642,51778.55
90382,1164.1582
18878,107452.28
38199,42889.625
111817,72967.44
16757,23768.238
41736,55027.824
30798,6856.8413
23238,44106.24
137924,25986.834
82987,1063.8428
1264,17894.123
24999,18795.947
143192,138609.33
126214,5619.7173
25434,62273.56
92925,45228.594
72132,32190.404
131020,3242.6829
78835,65179.04
19835,54302.473
44243,23847.982
2669,135500.08
54843,19181.268
89369,19498.326
93126,19532.916
27516,27337.31
69702,9907.386
98991,37337.47
6228,110551.82
78161,4917.9185
27519,52488.555
29694,20823.863
35505,24771.69
87208,5064.945
139122,8137.8345
26225,14972.255
111018,211239.08
57281,191356.1
148271,29567.3
71715,31300.871
64918,7009.3745
130834,4234.438
46403,31735.76
2878,128969.25
46142,6953.6865
6939,6913.4746
58517,11454.758
30258,8185.4863
66326,78644.59
85108,29795.893
121417,3108.1575
22604,33708.977
46223,13707.195
73962,20826.918
10186,17919.066
88617,30161.645
127053,119046.64
26187,93352.984
66768,22130.832
59355,39502.367
111716,5471.7544
50678,73026.56
81970,170555.42
11309,215792.14
113496,12330.753
14339,152492.83
24041,15219.171
117421,149424.9
37254,10927.009
83475,31157.658
148720,6261.32
61064,9826.652
118833,8049.572
115408,19784.035
138766,12872.564
2077,180071.81
87171,42899.29
52606,12297.042
143940,20759.424
5065,11043.981
102339,82240.73
148585,26094.727
84754,10332.217
97609,15733.302
6384,80039.32
48854,90361.56
25642,5836.8027
101212,16231.488
94948,6811.7896
54937,15299.311
34395,4933.724
15479,60650.03
176,13602.664
60746,6644.0884
8410,18259.193
98963,93453.875
23128,25327.82
141718,17006.334
127280,5255.68
84734,3974.4756
4277,33218.555
22064,64278.45
34696,24338.402
11977,73923.25
12855,21152.57
60359,4274.596
27870,155625.08
34385,42881.582
102007,14772.245
113366,104371.21
16850,72327.35
67703,15959.721
137802,26109.191
13972,16919.973
40660,7226.68
25092,24186.662
119616,51891.01
148119,8482.457
112605,16255.249
13636,1144.5543
144942,19862.238
8727,37588.05
6903,5930.1987
35161,26081.373
120119,50127.184
26094,5714.5757
53547,48193.484
74208,24483.473
45861,41774.555
136989,3204.9658
7977,17619.803
125876,16609.637
29066,11499.6
75841,44775.04
115643,186263.2
53206,11953.587
126993,33598.613
74991,99597.17
96360,85016.76
27637,37043.34
66285,8684.531
139279,223171.16
19780,21799.393
113896,57799.105
80427,3808.7844
101288,147372.81
140631,16945.723
112791,8660.215
94923,22628.898
3098,45212.363
148943,6011.051
46050,17309.834
93759,41749.402
46880,1240.7461
34460,54964.92
89228,19951.045
63670,24761.508
75361,4019.3438
47153,3636.9092
137595,15055.941
82604,12951.815
93635,11520.251
107757,32907.6
69514,6786.838
13072,4782.177
16392,8431.342
121157,20045.389
65900,57130.203
82927,5801.474
51954,7340.8203
23112,56490.344
137610,46760.26
125194,23167.898
81928,7541.59
48198,4180.647
20918,22390.195
10662,6592.1113
100756,18532.94
31001,10380.2705
143565,26638.326
110195,28308.402
101831,8711.673
116334,55943.125
133569,41469.69
76742,7557.4272
98744,33555.008
121384,125452.95
117467,3691.216
106920,27137.305
98066,27655.684
121076,33151.094
137611,15569.545
89219,46185.938
81968,9699.213
130979,13054.081
5088,3811.2332
146087,107767.516
15414,9859.479
147630,10418.729
66223,35514.953
139028,72534.0
98987,23532.68
43824,3025.4631
103271,58807.63
136022,50234.883
94134,12415.521
73627,119306.36
119090,16716.5
64896,20079.812
116475,205903.34
126923,11527.733
90678,3328.4456
138027,11508.276
45987,5309.477
87710,29852.137
17505,45311.28
89925,23800.094
105277,43607.594
78738,39787.504
33039,5008.744
40319,14247.666
140936,35393.973
42204,8660.613
39990,1099.8093
112941,23499.191
102637,106763.555
105930,7082.3086
105594,20922.238
90097,26654.982
131258,9846.143
97263,4356.7056
120078,21890.145
33303,30388.016
114496,4571.1035
55619,19047.557
105900,2314.597
98977,14593.538
50192,24567.955
145150,46463.176
134360,69802.96
71824,58565.73
93381,9310.286
117374,4055.4204
40213,104804.22
45818,30249.238
75533,40758.137
110823,233487.38
137263,34887.832
32842,780.02435
99609,16650.332
128404,35078.145
146851,78721.63
106227,6890.907
27677,60613.656
141864,58440.5
84545,5484.257
53103,34250.188
6798,6324.9663
66995,37990.742
55434,9693.344
143609,25674.13
10630,5670.164
142401,61446.7
116849,10448.529
114470,57505.71
56490,20382.084
9700,19181.52
121711,4605.3774
145822,8195.831
39983,13855.362
61737,51560.035
117819,6906.002
82606,24058.824
132933,15672.807
118822,9669.118
25497,9430.73
82962,3724.099
123397,74269.96
20558,94474.73
110754,141061.44
19879,4623.9126
107043,31007.408
11461,20426.533
81538,40809.848
112160,77472.08
60774,23530.314
1832,125033.58
66167,4514.386
141041,28642.066
109737,82826.6
92041,7695.172
72441,93805.78
628,75543.04
93711,6312.661
67904,69749.45
72897,38731.7
145258,55375.688
125855,31619.373
103302,39147.543
27241,30791.637
53080,6222.225
124896,7036.9126
138030,97293.69
50343,18060.576
132020,69382.93
47948,8404.73
858,18306.307
145360,157149.28
5957,14007.775
39712,20939.982
147261,28869.39
50913,6323.168
87230,10572.069
136707,10710.635
112874,22379.84
62841,108112.39
110475,22659.984
66258,29870.174
35859,18218.307
24233,13152.794
66704,10120.88
143222,12551.309
39331,26258.135
1130,8463.208
74452,10754.672
140347,90106.95
5770,28942.691
134590,152862.31
62891,14330.92
77428,21926.61
94567,5090.9404
16382,39670.676
59027,9813.287
99459,41548.207
51239,37393.832
108345,8759.408
40964,29786.75
17863,64533.7
53135,333320.06
112376,15670.489
5971,54975.566
13035,25804.744
51759,19699.883
58918,2176.0515
62705,57437.227
133424,5700.3823
26453,100445.49
40735,21246.828
93340,153348.58
33309,85543.57
8232,110021.48
88343,94999.516
111546,16384.424
122172,43437.074
74722,24019.133
138851,8916.221
64697,9747.387
131339,50598.188
1015,6901.73
6186,49475.547
65712,25464.469
27888,15278.763
53894,15441.937
2212,27724.514
56989,99264.06
145555,41805.473
60145,2711.9658
131717,82347.414
123105,83791.86
31864,42533.53
49987,34128.176
30608,18972.5
91653,15126.546
6125,25805.006
60189,13166.844
73493,3407.5557
123079,6658.595
76921,25355.11
12387,8273.69
7400,9694.024
123129,5975.3247
130130,4917.59
58536,7106.102
102587,4239.2896
73378,110460.56
25809,77158.16
24269,54615.023
107592,39878.785
116986,340791.3
122265,60285.867
145065,46051.63
27115,78863.52
81269,11740.151
29745,26320.514
7375,59909.13
84854,16998.725
26424,27852.488
1961,5387.756
81597,8912.003
52154,28986.64
5497,33401.8
49964,66193.6
7876,11429.8955
32354,122922.01
63162,29179.582
16512,22782.568
145618,16427.287
50674,54019.49
18563,89743.79
36014,10460.169
85708,13432.175
127078,25227.896
13363,31931.236
112086,86758.96
96451,83009.11
55628,2157.2473
77123,180361.25
76536,18178.36
96278,14644.459
117927,16587.326
13772,13113.62
228,22780.938
130570,5465.601
144629,13524.019
132286,25501.416
136123,53625.805
61422,4500.255
116079,56053.79
21155,34782.633
37018,6643.623
35642,14282.078
30853,167266.16
25281,68901.195
29077,24957.299
129006,15601.12
145785,15837.547
38877,5022.183
82600,2686.6592
59946,19067.549
132821,24859.531
92210,41625.277
68156,4747.468
59443,124515.81
148006,9819.489
40625,108872.125
83222,20146.906
99776,23112.38
117226,4217.4854
108262,65587.28
84343,6595.264
84511,4312.2944
55085,5759.2705
65918,3541.2424
144199,2392.03
138125,22499.87
119749,7368.7954
120979,34517.043
17027,9367.43
31563,109756.1
142882,13824.608
126886,15260.763
34679,57276.855
40266,5399.684
38447,176607.84
146508,6788.9683
63119,18476.486
26634,4269.2036
81825,12107.715
104285,45124.867
2332,51703.59
54447,54879.3
100881,61139.387
25606,20400.676
8138,6081.711
54841,27238.363
26008,3089.93
146711,23259.41
43400,13154.74
54011,73878.0
133655,76752.4
99221,210236.55
108925,30410.348
147348,3206.6816
108497,17617.316
76890,29098.377
97582,87569.28
73767,42186.97
1815,14339.616
7623,100318.16
136618,42910.438
43891,218056.61
63301,13187.153
12350,35124.996
74501,8118.0146
88427,4600.622
114019,30736.4
13567,18312.654
3257,108191.05
36486,108692.6
107620,12956.865
82721,7355.9277
109087,47084.24
129041,22784.127
41426,40801.375
50267,48076.652
64478,3404.3342
6794,13135.265
141520,15732.448
84959,7828.682
122402,9095.01
55415,12326.766
35615,13651.541
95627,611.71405
65720,14415.197
85671,12066.439
132974,124871.84
110921,22717.816
145473,22267.697
17012,9882.032
4837,20465.168
57488,7354.2344
72036,4316.535
104356,122563.414
9286,19542.688
66756,41895.92
34006,65237.336
12566,30948.541
65462,19178.766
50749,12821.724
84345,4454.2285
25156,10568.345
53466,11593.039
78213,22795.027
15402,15060.868
147616,24584.941
79251,6152.9976
103257,9223.914
71734,34670.715
91014,18618.045
64922,7151.877
13691,32268.645
94542,12303.12
111597,7050.2925
78262,70363.44
12020,5315.5615
43250,225803.47
57431,80443.06
132241,309793.5
27352,9723.733
24292,26048.16
84109,7045.407
123598,119999.16
140369,51877.348
44035,24578.79
13873,117859.98
4496,51384.555
149943,29534.635
24510,60198.59
38952,11010.228
47947,41835.793
120638,26671.924
39249,82912.23
114530,68676.3
15281,26856.684
129977,6339.9253
69890,120364.74
44657,17056.81
41463,4937.2993
53302,3710.5247
67670,76008.04
2274,86610.75
125287,13578.411
115872,12114.713
132044,29081.818
143073,16482.127
63520,16179.568
42574,10299.971
35341,26528.83
60280,14708.657
84739,28206.07
83583,3051.766
131690,6337.856
114525,52097.367
3563,105886.38
53331,3523.798
58944,7821.806
104553,108105.47
144062,25932.693
76298,44543.113
52929,94841.5
135155,8344.417
125659,23203.078
87801,5963.1226
48834,68904.805
72950,32582.53
33764,23619.24
12397,6117.8403
36067,52805.2
148795,8851.751
65419,88650.555
46227,2332.4526
62441,11989.475
16838,6084.9097
75623,5722.0146
82802,31477.766
30271,46661.086
8615,20774.568
77130,5077.145
5372,5886.746
96329,36306.03
23517,22335.053
41377,33829.086
121553,9775.973
93839,32507.377
117293,74699.18
64134,32286.549
140776,2093.371
16906,1743.1504
43430,75354.51
33633,49332.426
149359,24591.049
42057,49634.188
118449,50208.816
142133,16293.618
35664,36694.848
82360,13734.725
36746,72217.164
78583,7507.212
93461,63387.656
116384,15580.58
95318,35562.96
85145,9928.462
82714,10336.106
116923,36453.25
133518,6804.199
68311,7376.362
81845,8899.498
144042,10112.879
94726,7051.832
127459,32523.584
116357,64917.51
141144,28310.049
51533,20376.08
68093,53965.95
16527,7089.834
70958,98221.94
114118,8806.287
19657,9886.369
141242,3843.1812
33578,53739.88
108189,19724.182
103232,32742.697
115952,13672.983
111722,1997.5115
81838,35355.98
108943,20614.488
40607,69457.13
105779,66428.305
19205,8525.573
145535,1405.2614
65561,22712.725
44117,76223.25
109857,7085.6025
52887,6426.246
57810,14031.063
72999,35419.066
95906,32368.371
137427,2507.7078
58222,72531.2
114937,85141.055
36001,58665.63
84841,31878.225
125954,86070.19
16342,5911.3506
70270,14991.253
143016,2552.8784
123559,3341.2056
75046,11873.797
72158,88194.53
36371,33505.63
40706,5850.4053
93559,7600.645
63055,22938.693
75845,24447.701
26429,30441.56
145519,82821.09
10459,4983.1855
124696,16432.562
91952,13299.695
148082,172965.62
83357,33372.875
55225,11472.342
5429,10937.593
64039,23033.08
90330,7336.3115
101162,30155.72
103330,69597.47
56623,82861.73
73439,67191.266
80254,2038.47
39717,26775.98
122498,20174.006
123917,12777.219
136792,27774.52
23934,171120.97
31413,11978.3
135820,14938.35
147012,24619.342
10152,11998.868
113918,5135.0454
117414,25403.729
118856,21448.25
3798,16418.754
135865,7156.5376
52656,35945.81
106184,150276.88
115879,5392.363
140872,55642.227
772,30940.871
33443,19151.941
134048,15152.588
96355,57783.008
84057,12321.773
84182,4498.6475
136274,11389.711
88585,31603.95
100839,2621.2134
134531,10056.474
14368,7492.045
82099,28899.146
185,3568.8132
149030,150525.94
129630,56084.734
64322,14022.793
95513,13447.45
18513,29204.684
26354,39354.445
47901,7584.6094
16922,2214.3132
28876,27110.613
2884,23829.375
25843,240883.23
52618,183036.55
36161,69910.43
28015,45149.008
144088,10384.511
79928,20086.52
134117,4619.36
7030,4587.0356
5201,7212.595
144949,45905.582
100752,19303.793
124373,8507.027
138044,9864.343
62368,9471.988
38182,60201.984
63480,25507.725
101185,18958.28
44837,121668.47
38975,9953.467
61918,7746.749
72824,210281.83
28028,44554.715
61292,25009.61
71055,175338.56
100833,16858.9
107403,23270.67
37899,45463.836
8166,25071.035
135380,168976.84
51828,191277.16
88056,18909.62
144364,29865.205
43019,2718.2024
65259,3743.0303
78316,4248.215
56624,6108.5713
97577,23275.578
91176,5390.7285
123565,24411.754
77156,1670.3707
28054,17054.893
55584,43578.344
135008,44158.96
25759,80008.36
50112,2117.2886
16933,25858.38
126777,14435.022
21929,9858.536
119111,2431.947
49182,22067.334
59,17971.102
110029,4633.6924
92169,18245.812
146042,28512.16
127886,18348.55
79579,5213.6494
84949,1010.5799
61317,12146.6
116156,46959.04
143325,87760.125
50555,19193.291
21635,25784.018
112860,12190.932
79890,50642.152
77725,71791.12
69050,123332.195
128928,18160.87
77946,8387.333
144928,78973.16
15606,3576.231
4505,4311.9683
108658,7456.295
38659,17912.139
139093,14809.911
95583,48290.68
76165,112795.8
31553,11197.323
60952,91198.805
23996,102277.49
69320,31322.367
108352,124517.14
33188,6995.8706
3110,12145.776
141085,19013.229
20010,34598.51
11171,13402.879
144690,9935.455
105783,6272.298
100631,17245.328
129033,112298.1
105207,4911.645
34353,3327.136
19858,8990.838
73373,74032.086
101722,25811.105
4553,45952.09
124529,18113.45
105004,103229.52
118734,7178.347
81791,46596.125
4746,6661.497
120748,145883.69
83703,69018.086
43745,3079.1968
42431,35816.984
57500,3036.7085
141957,37798.434
8181,6682.397
12634,176082.25
89151,53464.99
95600,101788.97
21797,15525.078
16262,5789.4185
105581,58186.184
85840,18517.682
118776,46543.37
31267,24230.535
124357,84379.875
74507,30201.848
505,29678.584
137337,32503.41
14898,12618.206
117165,70688.66
125885,12616.697
147625,67576.086
2074,70165.11
41023,6285.9556
117138,21717.027
136382,69914.96
9252,5000.841
115398,40849.56
106412,7635.23
40086,3205.2942
43048,7640.3115
124813,47995.188
79212,3895.9114
91429,10282.636
59360,58630.43
80088,15149.754
28267,8504.277
123252,734.14404
132672,21126.64
104896,18900.734
3823,5706.589
139012,12957.505
129420,60057.707
41173,22223.84
99722,58034.11
90468,24552.742
98456,15295.657
6494,153926.52
117117,22325.795
76143,109510.0
81764,31532.916
95839,5647.8745
141496,8665.544
27036,40325.96
108676,52142.836
103658,9733.347
72198,34793.242
45410,37782.6
442,53279.56
117698,69587.24
32010,14218.653
44708,9399.405
36553,16436.594
40506,33101.7
69378,14991.4
38504,90395.67
57422,2700.4854
8208,15654.166
87919,11788.661
26136,4893.375
78902,8807.438
134796,17290.713
103301,63623.586
47147,2293.7761
44988,12935.932
49090,38953.027
54332,18758.107
97686,30548.242
54377,12142.409
33391,3409.245
134375,9750.927
146852,85603.51
141871,6862.4785
31266,73255.87
59728,5702.221
111193,7940.961
73016,36136.215
79589,11681.186
144590,6137.9443
39094,96965.75
14160,6645.617
4415,18979.791
119969,5432.8228
9691,22043.424
73864,4282.6567
143335,10759.244
71843,27454.373
66048,18256.318
41859,9611.123
62222,22714.371
143931,44952.812
142003,53110.9
92912,71923.055
10125,49118.16
109417,6266.6396
54244,10503.246
88390,33141.785
39466,4110.332
51664,32170.285
75227,68187.25
35656,75034.54
98432,264710.2
2177,113973.12
104795,14130.754
23657,3423.7412
121284,50973.844
126811,25447.482
93873,73725.086
64645,22020.13
127584,28952.822
11804,56347.27
5231,87695.66
32342,9433.262
9327,2493.4863
126491,15567.22
105246,63105.47
84360,3747.7375
29292,196910.8
85327,19033.951
146003,48344.34
14205,21196.432
15224,21018.309
8973,22784.03
40252,81386.49
20878,74874.586
14310,3992.55
58841,9470.97
90992,38058.91
72188,7929.957
24682,99333.81
95552,33104.43
59415,6976.4766
146733,13950.243
113349,6644.374
69156,13541.764
10841,12177.225
80613,48766.918
124270,20617.967
72333,36697.19
148980,155784.02
133151,8820.074
34922,78132.05
121745,10563.776
149556,111789.03
117093,17142.611
42128,120153.305
71242,3716.0195
40137,12565.427
137375,22032.15
74954,28729.953
94922,26388.697
42484,1316.6565
145525,17216.213
74647,7893.0396
119662,14283.94
56028,8424.242
39583,9904.866
108950,10339.792
35246,84809.984
100634,62943.867
46752,83211.47
47695,17206.764
62957,36013.523
125493,357051.44
47256,9928.719
78701,26872.744
19223,13976.367
118252,13407.0625
51925,89315.63
108149,21002.61
48752,30365.008
5530,90558.484
132866,11460.724
35329,131050.81
114334,31254.9
89949,57721.477
21676,32070.156
116510,10605.633
100630,12229.507
104587,2039.315
110338,51140.87
54849,16888.443
147746,41131.957
92806,11454.993
24316,69578.92
143269,28044.805
111690,8742.479
141262,182218.25
19456,38651.703
137499,20077.094
67972,29941.178
68402,6771.9854
62680,16975.445
137570,51656.348
27365,3491.9402
137036,101929.445
7288,25785.496
42979,6067.268
93046,21049.346
102287,8073.9556
140425,23466.754
97218,4438.9185
37683,28733.818
74806,18849.434
29947,31219.744
9198,223885.0
78448,17252.371
28116,32173.457
51780,5899.552
110039,5423.271
85506,24885.955
9533,4895.564
65177,5928.5435
116825,103918.87
106235,27599.174
81127,12547.721
6362,5679.254
125422,85624.43
59200,17481.766
64675,34711.02
13225,10911.739
121800,7341.3335
114712,19552.08
130406,101359.22
119430,3778.0232
135018,6915.9565
95624,12509.314
33588,15282.965
81935,50022.055
74658,36345.508
8735,7599.541
113894,84000.89
55152,-740.6334
16348,8034.621
14183,14867.261
49986,94857.57
6734,52772.457
6966,8919.058
129755,120274.8
138440,21435.398
80380,22057.242
145703,302485.28
37764,106360.2
87281,7834.3135
96843,44627.824
37157,6711.86
86843,78047.37
3283,40214.68
36549,17677.02
5972,3247.6177
20030,23713.863
96875,216613.52
9448,24537.92
121145,10404.376
96643,2090.5264
85106,105397.56
40458,49936.547
2045,25861.027
89127,30549.523
34490,14573.2
38931,6860.0713
71647,9108.767
67021,22444.404
16333,51128.27
16346,36278.41
127677,26488.238
109870,96647.34
35178,129317.445
109898,16523.447
113353,22808.074
108596,45662.727
20147,7865.123
126139,3598.0586
112483,83214.23
13899,13418.468
145095,6093.694
149278,101115.97
8962,129668.97
126432,43971.754
148556,14114.795
95466,3755.6274
20496,36936.95
39374,10490.649
136608,18873.357
32492,1627.125
145046,19178.484
136769,10883.735
38463,5246.6743
88944,9498.226
92172,31301.785
92043,11554.598
15651,43677.38
58482,39975.934
46858,12095.562
136752,5168.106
21795,21232.684
10311,6903.9575
45300,7075.959
144489,1447.9657
113811,52806.812
139672,3239.712
147075,7022.7695
106047,61776.88
75138,32977.54
16452,17646.582
89667,1746.8154
47785,230123.28
3424,33331.473
12670,7630.3535
96946,5632.845
129416,73835.69
16742,8626.832
127059,15493.754
136465,10307.858
121529,28641.97
13729,43501.246
52977,9354.953
92240,160307.03
86964,24492.049
124299,5851.179
70910,53067.28
36850,86026.52
107120,6991.441
23452,7998.7812
66274,95722.375
48364,19326.58
93003,1670.8097
4818,3196.323
109558,3382.176
145903,91812.84
115656,19826.982
135483,12722.126
137613,65793.375
2966,14547.791
132449,4278.1167
28581,16622.854
5732,101765.75
140920,6473.7983
122114,211107.94
98364,22852.604
24754,6413.805
94459,5317.1646
3296,26163.59
48916,11625.348
19099,69853.86
41101,22693.713
148100,11388.571
119389,12288.223
116792,15638.07
364,70485.91
52510,17987.967
116813,18376.568
102963,101712.79
143011,6187.3184
52726,11500.78
146895,97946.49
98839,14805.989
18848,47961.188
116297,14468.953
21440,19008.35
38328,9972.128
61648,30743.799
57035,7195.1763
115690,12719.706
128463,44277.375
105152,2258.1885
77850,35400.805
36515,42689.76
59723,8009.912
16939,18978.727
79515,128918.766
113798,76455.625
29429,16977.527
41215,77487.805
125827,81508.2
3056,6976.8384
146409,3130.2825
34283,122514.805
112892,45744.723
66638,7170.3516
119456,90161.125
16721,23518.77
149658,51204.45
51898,210487.31
111203,102089.07
143153,19227.95
35915,9516.489
78885,24843.418
27105,8954.657
58726,47452.62
13623,83251.68
43023,11725.721
1022,45921.11
18993,21578.715
66960,130981.62
15531,83674.555
4374,70258.86
144790,73880.67
21863,37573.266
72998,5434.566
137785,3600.256
142341,48351.855
51389,6569.2983
71912,21598.16
99683,17211.605
43097,14909.46
8068,35703.426
54028,171030.3
19201,15016.722
140128,6020.7207
6770,3175.937
26150,4163.0557
34520,39552.934
87289,11522.388
21387,4087.5103
67835,38167.684
11121,21844.219
54160,98962.83
129608,58213.098
117552,27196.719
93840,13180.475
31409,26405.775
98433,37154.926
108769,19172.58
127322,5246.2197
73953,35851.773
146354,18975.516
110941,71224.086
143608,18092.213
66940,18728.15
113503,5647.8745
6653,6694.222
83544,9044.783
119678,77475.37
52916,20200.816
88841,34485.02
124225,17449.365
112409,79614.11
33872,55481.324
4001,5608.2573
78758,8572.113
99485,6114.975
126762,69949.55
101370,39912.85
126332,134730.58
110103,5049.279
106131,2978.511
80343,52859.945
136272,141256.02
77724,6316.365
67674,41494.312
130104,18686.113
53344,92150.31
101107,14085.574
55566,29567.3
78927,84578.03
132481,15641.909
141632,23550.998
142693,95412.734
141458,10149.064
49361,84775.125
89863,22286.205
148226,40013.406
89367,31454.787
131410,2008.2201
97493,2602.9426
7010,112023.75
80553,33152.1
92601,17392.207
64089,57406.53
65912,7160.066
20227,45061.934
15899,938.48627
68383,10519.217
131293,43945.23
78648,14221.406
114187,48159.355
17391,49372.707
135323,8392.778
40335,23618.371
146764,34103.113
130141,7380.9336
5958,177424.39
22313,5531.18
104574,8213.348
69288,5032.077
38286,100567.61
87347,24318.885
93213,3243.8394
62133,117786.47
141540,22585.846
74746,10769.608
95010,48224.73
118250,45792.758
115810,26187.291
70355,13030.803
68227,3168.0984
122451,34247.805
17455,20356.691
144857,14633.112
9217,59323.766
30346,11806.802
51674,7223.373
11381,33180.6
47547,5042.714
16645,21748.67
95859,3052.0479
99982,5410.2373
61538,70217.74
26822,10056.647
76995,33113.652
125417,14172.302
41183,6340.5586
97134,5766.8457
76351,4141.117
147648,97948.445
87954,98064.52
126885,31596.35
126823,5688.0645
135200,3255.6597
93517,33623.742
127369,2126.2065
126154,6708.6484
83661,43398.926
44632,35841.613
41089,93455.555
43494,72364.88
121989,19604.73
43474,64412.46
100124,17377.475
128978,3966.4426
103111,34466.207
113341,58040.395
126025,17133.771
64691,19764.045
60534,22678.44
49247,21181.217
81591,5490.4897
52065,2375.0996
80048,28992.725
92250,4349.436
34723,66114.63
111400,3401.6892
15556,87844.4
62331,17034.826
121552,53042.57
94882,43924.9
28993,183138.3
102560,39586.84
83906,44720.68
29073,8258.711
1830,6819.1904
27306,9053.701
57475,6760.198
67430,14127.665
6339,10392.626
959,-457.77838
31582,39814.336
132662,9855.882
110043,7631.3594
135377,6805.654
82161,34743.383
131611,7474.503
20149,25630.69
137195,11640.588
31654,45764.36
139613,5999.772
21322,21087.643
38859,19738.62
111785,34034.39
117171,10341.033
41391,27802.992
136167,69399.92
113786,55794.758
99172,18913.035
29545,196953.31
97050,51934.324
47802,31492.86
77370,63556.78
81288,43973.234
106357,68668.05
145959,9840.592
8444,3777.7153
95052,10723.972
64883,142969.36
88451,17617.8
55392,8801.806
116644,110942.17
54350,25748.943
6743,13347.852
35110,11131.453
86856,4736.995
76302,33315.016
54509,58956.285
11793,31429.098
143758,14917.21
5855,5265.296
49876,19116.184
51319,58857.0
50615,28578.742
127874,32428.85
63393,31470.996
23192,150450.98
80317,17064.908
48594,6619.019
38690,109620.14
22234,41925.977
42084,12156.546
54721,22341.025
121734,242676.86
58876,4742.882
14487,27664.66
33024,19649.992
83030,3180.1807
56857,4999.7656
21716,34594.48
56601,7637.2886
116549,8179.699
37772,21915.469
13257,27998.031
35270,22483.582
97150,14057.417
121356,4977.1396
8059,11907.804
45307,12472.708
123812,23174.62
132524,12719.896
75490,126098.96
31578,20317.234
57835,17554.508
69406,6734.1016
59465,40271.855
110747,79884.92
125106,13783.72
124844,18545.74
118827,17617.049
106210,15483.191
41416,53863.812
17688,73860.77
56032,35211.2
144965,2326.429
43866,51400.594
66612,96059.63
82127,227450.03
82437,15638.801
58484,17676.744
55952,14474.411
58761,8647.465
12565,73914.9
48280,2896.7712
86554,9828.397
110247,78297.33
104716,8249.419
71578,14243.256
125356,46725.715
36911,117294.35
8540,79796.63
41011,54998.125
107305,9252.057
74026,8840.947
136758,209257.98
61572,2017.0447
28080,8904.809
32487,92871.15
51346,22331.797
46318,21582.416
45424,214353.28
104711,9108.838
140219,9013.703
33624,38571.1
126571,6626.31
84410,6907.2046
120558,1389.819
90984,25816.65
146061,31268.102
43184,39233.61
16787,40556.92
106648,92146.68
54282,187309.95
115217,12789.747
123943,11884.023
96842,3205.0977
10849,30078.62
76032,45636.17
70453,37672.758
53822,9356.837
40251,1668.352
40769,5560.0327
83814,51369.582
94893,6557.896
83131,5298.364
88442,15134.066
1592,35374.258
147911,55350.297
94167,179819.98
106143,12041.796
19193,49762.477
27576,60618.656
28145,36859.76
139952,99083.74
93259,2700.3633
79484,12286.981
77804,78814.69
88615,56985.5
73289,5466.12
125269,118428.43
1826,87434.58
49379,7005.0405
146922,4570.2256
14821,8711.188
100433,20112.105
77398,1620.6298
66633,24965.322
88997,54110.67
4748,24013.094
56952,1329.5828
55227,50543.85
71176,4889.293
97631,9710.261
135436,1440.6859
94740,12521.752
58255,81146.01
27086,17332.816
67377,433037.53
123381,17550.22
146989,45025.023
27466,18285.066
144503,68443.625
142195,29493.701
87145,72206.22
145029,19914.723
119370,55737.168
147788,37573.902
34207,6854.5913
180,49582.254
26961,5817.9434
125089,4274.4766
24496,92662.27
34948,5299.5327
90202,33058.58
64324,10352.634
144832,12060.96
63458,1055.2551
98611,101255.16
2940,10230.554
133166,21103.715
41076,13550.957
79371,85792.74
49508,41984.086
35389,28897.31
123697,37444.246
33416,3578.1145
42167,18236.246
74009,10190.966
115828,32419.293
39288,7356.542
81743,12295.212
140129,19227.102
141631,9211.361
110783,6135.9116
113718,46939.3
89483,6519.545
124112,1902.13
69491,20443.398
21806,7832.251
114030,39712.066
136097,40858.61
26935,22497.164
111015,6369.2446
96600,7934.7266
95147,113519.945
40718,56869.45
91024,6439.5293
140449,7230.616
10268,27261.008
146913,101698.54
77190,870.9256
42840,96938.68
105708,30538.74
55800,13605.6
27315,5595.0664
147315,30264.168
133550,3619.359
137382,31547.469
125687,11042.421
58430,74026.62
98683,73253.125
126836,17043.81
133729,13312.006
135583,28137.11
22611,60736.383
107929,70779.33
20377,7478.753
111346,5225.4756
59938,12188.864
79713,5220.1187
37731,42788.895
96017,18204.627
141286,17299.947
12071,19214.861
86626,732.04456
70643,57760.016
67715,16573.816
10686,25365.555
61239,105302.2
144488,9643.546
70307,35217.938
148631,2667.4258
137947,51770.33
60315,16417.621
125304,9884.677
45583,3456.593
111792,56595.383
91051,40312.61
80148,4874.9497
134865,9615.531
22136,59439.45
146463,13214.858
65503,45952.797
133422,56180.133
47858,1492.8838
72329,9039.743
64141,5368.2803
106772,25852.04
24681,55077.035
120387,8255.969
105704,54035.875
133689,4405.4277
131649,57627.477
105032,76371.31
102249,19906.457
120289,55512.047
82261,48095.71
92599,91872.875
65255,62947.008
114624,43210.676
115245,122810.984
85236,28355.21
90637,16960.168
93172,8037.6606
103239,6083.6777
71823,52368.26
95653,36258.387
34481,3865.8225
19416,7006.5127
116035,11305.858
90893,21752.371
138120,22460.912
44049,39945.605
61465,4023.268
74868,46177.234
38601,3637.187
52444,422513.88
109233,100796.33
37990,23091.438
5632,7017.6465
93875,6421.5283
127370,55129.98
90832,12254.168
27606,-907.61755
16635,71661.22
127772,5482.913
81380,6644.043
47631,25696.996
36973,10176.325
86306,29684.475
96810,95976.2
129886,15544.27
20814,4737.161
19910,48767.7
129057,5042.6836
148551,64261.457
98427,21859.992
11174,60263.336
142451,7910.3525
41880,121066.58
133723,6189.615
155,52073.746
24950,2635.6104
25514,50860.5
114536,296261.6
10382,94724.4
107052,76004.484
111643,63461.617
84823,4287.0566
146834,98957.445
136537,64602.008
4153,3664.033
149079,37243.55
46676,30835.936
74962,9701.28
32586,52461.934
66833,1646.0703
8941,36586.21
12103,26641.29
31114,18747.092
73096,292188.9
6332,80058.945
27363,13163.565
79008,61261.914
52736,13468.748
84407,21276.63
83183,20068.533
98615,66790.41
47830,229772.64
146765,6606.881
85971,164406.94
7061,57273.69
95919,64825.29
50623,22092.02
121147,42080.69
144388,7380.9375
114330,54736.836
20504,9914.176
19373,34873.043
94194,2960.126
122425,18096.408
83090,41187.188
114239,52134.605
24571,19634.531
54503,29410.496
47442,36992.19
126077,14357.141
62791,17002.477
23519,52597.42
22023,106462.75
108882,41404.535
114295,30256.734
20176,6680.6064
11800,24663.25
106160,141987.5
137838,10731.749
10124,23614.135
83614,38138.812
65105,78740.88
122920,3180.7144
109438,9895.175
4560,101361.25
9854,12721.569
40876,39422.11
101437,6017.835
82057,21158.791
127529,9821.869
17409,189158.44
63097,17308.86
60147,83239.664
55761,5272.4414
89279,3292.1292
11255,15246.531
56886,34920.402
138351,129812.98
133274,96652.39
116571,5366.521
53227,32838.875
117261,155909.31
35102,27896.021
59053,1660.3673
11194,5496.6304
35659,26645.559
52741,1895.6289
55871,15934.974
114230,6920.0127
75165,22458.572
112371,66960.96
6678,12831.081
88165,4249.4385
126978,72463.43
147853,6278.1016
2926,11622.626
80277,19626.635
71660,96474.2
49035,12547.874
131338,28906.258
109084,18632.348
148180,33039.06
48969,175099.97
24805,13024.964
130170,4415.81
88455,113462.484
72274,180039.36
31744,49401.816
143232,46811.727
108083,35394.953
112846,44734.34
62379,66414.42
19538,70048.57
69328,28036.379
52254,26379.785
32339,46778.8
144476,64325.027
125489,191148.4
127254,17170.549
87269,70052.88
29287,48875.83
52907,12145.677
26731,8399.935
59665,34208.07
105479,19026.559
146980,5095.596
111478,1637.3866
52179,43985.37
17039,26603.102
124447,15373.154
122744,28064.791
47237,59769.355
9898,141193.0
74378,41071.004
51332,217553.25
34638,8223.825
32774,8272.864
43522,14045.142
99098,17760.477
47586,123592.28
15978,79748.49
147974,26184.805
45955,27372.275
66874,4791.128
28005,1718.6753
49386,12512.871
63823,2976.4314
94349,8305.852
15166,22944.285
9401,3948.4678
62854,14088.05
29012,7728.79
21845,99336.44
117628,91434.99
120960,17483.783
84951,123637.27
125823,18600.283
33253,53231.016
87267,79188.484
130108,7444.673
15444,1413.4502
92239,5497.4062
137817,9326.161
35215,24357.486
69868,10907.621
54126,25909.814
103415,10153.649
109581,5289.2407
149836,30318.287
140416,9684.094
70441,70146.08
81887,18449.998
82264,22959.7
5748,32963.484
91788,6208.221
125534,38232.26
61345,76253.92
112138,76224.46
62383,28472.207
121894,6091.263
140066,41124.277
9935,6631.6704
6668,55568.95
56349,6008.888
87484,136144.22
25517,196756.42
121176,56385.92
34008,29313.588
60500,111018.98
83215,25413.705
113350,37394.883
86764,54181.766
133985,97208.164
145841,7537.608
124059,22192.559
34270,63345.742
59926,11008.642
128249,9345.002
149087,56917.336
34616,18533.44
147222,7214.6416
35843,4900.296
131746,7782.771
3830,2017.1349
4644,58654.28
139430,38108.707
26050,34055.355
10597,7575.7046
96269,8921.075
29654,58606.773
1364,39370.016
44216,3781.143
86611,6105.9224
149601,21292.566
23376,8417.595
104503,34822.746
83654,22293.137
99882,19413.088
54664,10837.292
30638,5702.8384
54542,104054.555
96358,1754.1083
27399,20053.3
41078,75673.336
98835,46118.848
89958,17824.941
143411,12293.253
139960,30038.936
84552,30884.965
3341,18302.8
67241,17883.531
34457,4205.084
143976,24001.693
1106,59998.977
6276,64478.88
76943,27550.545
35824,5257.557
70897,75914.766
85461,6005.5034
54093,49177.56
39204,172829.36
144616,63927.43
32710,67518.37
130116,52489.43
65773,37577.72
85632,119762.47
84581,10415.763
38190,118171.17
118337,9169.924
84070,9004.057
108430,57589.734
36547,6075.799
74459,5932.0703
93073,5692.506
108409,53584.094
54171,66523.22
124438,4958.1035
30020,5275.5366
134772,1904.6843
64829,1773.8641
138722,56202.246
23365,4868.4893
37897,65907.6
148861,46227.785
116265,24713.518
4875,114452.09
52176,41129.61
146828,31025.559
64174,3692.6309
27415,2572.921
115566,7323.4204
51084,50617.93
45853,18946.898
46814,10419.307
102665,21248.105
130476,1270.2549
27088,16271.516
126102,9806.268
70998,91471.82
51315,111410.59
5451,7620.263
127494,3392.4866
58685,23489.412
109631,55856.668
47710,56589.344
140679,80530.28
130947,36325.594
111311,4724.8853
27182,9812.085
48354,28958.938
67168,16181.511
93086,146925.8
15405,2088.713
60074,31812.445
71039,19532.879
95189,20138.418
117608,7077.7983
69047,5393.7764
117145,14995.038
134825,56016.484
65344,12825.578
100133,7654.789
142956,4378.7583
140657,3033.3816
93007,20191.7
89619,62935.105
21462,59561.508
58764,6246.6484
7276,23858.928
116304,29699.469
38073,64582.914
93626,80029.98
82280,77824.34
117069,32695.273
125782,9411.634
64417,10572.22
122228,11406.856
137991,53943.246
104935,6812.304
109207,1741.5967
37009,9032.443
3848,76570.81
109985,3823.536
89406,12974.339
94434,68286.52
117003,37492.35
121851,28694.121
578,6868.38
48910,127162.6
9894,16472.44
6435,19011.844
137925,4300.5557
97157,12835.1
44764,26643.844
83355,54798.03
27773,177954.73
25254,41099.72
4305,9923.467
56093,19830.6
131407,50284.758
84884,6108.1597
36434,18480.812
20021,54846.1
119636,2764.0818
94051,50469.664
126043,9531.574
26661,35703.477
138381,2786.3718
76822,32085.816
143028,34282.375
51348,50718.707
114226,5820.901
120566,96894.79
79093,1551.0322
66767,117351.27
109228,7035.7607
24101,43190.395
4955,15796.906
25048,25519.068
103484,22886.307
37436,116381.61
56380,13644.25
124846,75984.41
71856,67504.41
8071,23988.412
107853,6848.5273
130460,6090.1807
78599,3013.7646
7319,8635.601
81339,5339.521
74588,60872.453
10689,71247.88
98357,5764.0186
36395,43479.145
52963,72710.58
31861,9436.1455
144391,13823.954
107196,45950.113
37191,6464.087
16644,18898.07
2372,14593.975
97271,26939.727
58954,31142.414
92790,26083.107
124854,112266.72
51251,28814.635
6823,39419.133
61558,28892.658
125300,154221.52
105363,69286.26
620,79190.03
82798,13246.111
30395,6140.545
35851,16037.661
102028,7626.4673
34919,30473.527
104766,3657.513
120735,11063.779
84964,19818.652
131305,24802.576
117441,2440.4697
105480,15594.45
35990,11303.735
81862,98951.71
55493,27112.854
108838,3823.227
63290,4478.0107
18243,3022.6113
64015,37561.45
83017,49955.555
72864,4880.4556
129771,4418.989
145063,77875.836
50627,35558.35
36645,28358.705
105237,11690.356
49851,18356.012
118815,1073.7091
124715,13801.523
98923,6580.0337
8858,156240.11
107782,11195.582
45030,110082.64
92344,3864.2544
142355,16968.104
119607,4338.1787
12423,85717.97
52267,3654.3357
8361,7513.715
1016,9540.098
37364,44531.688
142233,68440.266
65579,27252.209
3582,45525.57
2839,2061.8865
117913,40577.3
74117,19818.383
55744,89061.29
19124,7273.36
57059,11901.242
92294,33575.043
47050,29540.373
109204,43031.363
139917,16578.361
78658,43168.863
6711,4065.3276
19040,26846.44
141036,30201.322
83597,18204.922
16693,62903.86
17777,912.29785
101943,4768.5605
14288,9979.496
78094,15138.389
76930,31444.307
123464,16676.953
36821,218881.58
113085,36498.176
50654,18958.395
107654,24529.27
22845,7115.941
37268,13101.168
58122,90499.4
58316,19148.727
82063,869.11084
857,9141.235
48823,7087.9087
24794,30261.918
49999,6863.077
112492,29365.654
71197,10840.919
19731,9991.563
38456,13778.626
95834,8390.67
104310,37220.066
46184,18208.256
72988,89035.28
78032,37597.992
106786,11917.453
122715,4032.4634
142373,12023.5
78418,7538.931
126649,2181.17
53499,7878.286
54053,75462.27
23397,4595.737
148777,199576.89
71827,40390.336
97895,22114.756
106432,81300.734
54520,2088.6895
8130,68866.555
136706,182925.06
58814,92127.78
87359,22042.217
105376,38451.055
112219,5096.6426
136169,10402.252
30398,139239.19
74985,10745.723
21208,75981.92
56319,176.35976
110850,97359.17
70981,30528.682
42252,117835.82
13172,5908.064
91710,65273.633
101500,14901.9
100529,84324.67
58719,9259.673
36326,24216.996
34411,66138.05
110665,51039.28
81370,4993.3496
3549,10896.477
2637,31144.854
53681,11501.231
143293,15754.327
71294,66802.82
130548,29528.63
141027,126378.32
63318,4304.2056
107321,23464.09
3347,82237.375
143042,11848.06
65412,17678.377
141229,135388.4
27215,4129.1367
147472,1423.214
50436,1155.8975
117207,22034.41
29728,54007.645
137950,16964.604
123516,33096.79
14862,25232.422
145567,65020.65
123661,15458.175
63498,3647.1396
50952,4620.458
114000,5166.566
32749,80627.914
106542,388442.16
5489,4020.4922
57774,82628.57
94238,40047.816
35073,13194.953
18132,4981.423
118710,23125.422
14391,12835.7
18514,38443.27
48948,25119.896
75540,49179.996
58369,90939.82
18098,6038.749
88500,-2333.2505
53521,11343.334
143587,8435.793
16597,45910.47
59433,167729.14
115093,57890.67
93422,3396.2722
50754,106891.17
133131,57922.28
14651,79024.945
121035,54570.215
26425,16458.031
64326,70812.445
137096,151332.66
127176,46515.574
16256,3458.3723
51749,56239.453
35498,5489.9126
95277,45467.09
115101,53924.164
16248,42926.617
60277,49161.88
47980,31521.656
8643,26481.49
141706,19843.5
108141,156501.06
146072,52760.6
30097,76996.56
16001,17623.754
8426,40916.35
80436,119149.4
54560,11855.416
112800,40602.875
137418,8044.533
120315,44858.48
106389,14818.239
51546,6811.4473
21400,6212.987
58709,49616.188
58128,5989.7065
103339,2033.5176
12838,68657.98
108263,16313.851
121112,66099.26
141109,14357.313
880,5838.9863
123156,8965.378
113177,12070.807
34250,125925.75
42954,102293.02
58520,7255.12
143227,301754.9
121708,4130.8867
83107,26104.643
145085,5978.264
120615,9493.622
145291,4468.4175
148457,14260.257
36484,68576.39
130235,13027.12
25516,12167.432
122208,55269.797
38462,70896.21
9620,51329.535
64987,17646.082
146701,11466.9795
24984,28625.477
52139,3449.7388
78150,21371.576
111496,27600.61
4268,22251.8
108230,31249.984
13922,41337.09
142046,61850.355
62667,78909.89
115721,2332.8425
133495,22423.219
7325,35752.453
9982,18743.754
123139,23623.396
62544,2263.9226
109969,29819.365
53185,93667.57
107907,24965.518
95084,107254.06
96839,112758.41
61300,4854.159
53625,2383.3994
2690,4375.6353
120008,13951.579
124971,92633.74
106900,17230.568
105874,75572.016
119728,36770.94
148190,75021.84
67339,7571.0684
58010,36560.28
72053,10304.087
40643,26056.773
40648,10363.559
20129,1587.3914
131286,7911.768
97959,86740.945
123740,46168.348
38047,12802.075
22393,6244.0786
86534,14268.149
96916,25337.42
58175,92617.88
75616,16229.201
110786,15065.65
135611,8383.115
47646,84955.29
108029,12200.949
22212,11229.966
109772,21155.852
4026,15257.06
38345,2899.9165
88738,22640.797
49451,142236.5
122663,23305.91
64069,78636.15
10395,16187.332
8703,8238.475
80602,8976.772
53787,18814.709
67016,3677.917
9789,6802.794
147709,5221.969
112389,28242.502
78474,60136.652
76643,21364.121
20664,110923.72
15192,353731.34
95974,80154.125
142111,56658.445
93920,34275.824
14437,7871.843
126473,9599.863
136409,52731.53
1405,12973.597
57327,41429.543
103131,14632.791
98210,9159.244
132869,14903.717
9067,9043.596
90921,51241.375
67128,78113.36
72308,9152.869
434,11274.676
145442,108501.72
143797,49148.734
23276,19550.51
101252,6276.4443
121699,7066.4565
135467,11915.179
133893,71692.19
17330,18173.18
74946,22484.854
10206,22189.336
119675,86176.625
66453,56149.277
133046,81555.52
8985,34206.52
101684,2549.1677
120753,10347.947
17724,6725.991
127569,20264.926
88152,79079.695
86997,32067.168
123863,180015.9
109039,22756.648
9364,94522.91
127040,5156.673
74679,10478.65
33820,54136.74
139435,27190.75
16005,107895.914
30761,39802.695
83724,23376.709
37862,17325.275
123674,9111.511
67146,278733.6
17230,43489.887
88521,107956.266
71682,11048.918
108365,84280.55
66910,5747.274
27426,43498.965
101416,5592.439
44271,48392.516
25016,52620.395
15617,9699.769
50190,39872.43
88037,6659.586
30008,65595.77
113926,51735.68
133346,10456.428
142096,10392.608
20332,52504.42
136536,2391.995
88278,36809.098
49845,25967.934
131429,11541.975
110295,43745.164
63288,24140.38
60683,15389.91
44802,23343.477
43875,5932.2886
10330,11684.105
119163,4200.165
72192,14549.236
122119,68458.445
79128,28844.87
60278,10035.603
85308,28232.281
144628,10521.926
18463,13358.216
77310,16249.073
94157,82116.54
41985,18510.2
56256,9159.399
81533,24095.225
86636,21442.098
89990,3227.677
58571,1623.1343
128237,5267.21
141849,64654.445
59392,24660.94
18595,153749.6
122506,23116.625
45632,-311.86786
85659,4287.37
51164,15615.465
95264,5816.498
81394,6939.9946
90561,47611.918
79411,14536.303
144359,11517.463
100981,57433.6
68242,130227.27
89494,15698.181
28858,30189.332
42048,6324.6587
119677,42035.227
48476,65785.09
75449,118837.56
139742,36816.94
111616,13788.558
87524,60593.75
125172,18180.484
86176,108624.055
62359,167200.8
52321,5787.433
14759,8131.3413
1254,36320.594
95641,4621.1367
2296,56951.863
59396,148448.11
116718,37141.41
30455,14240.567
58922,30693.889
124552,12188.745
84458,5048.3916
128575,134542.12
135408,82398.36
120162,7685.6587
65815,44293.066
113512,59983.832
9413,59761.355
36635,42146.4
124030,41150.863
70750,7098.071
17634,17075.293
18596,21809.492
100014,8188.8496
34432,3371.3586
80002,16651.537
89656,13694.591
148984,3152.617
29302,9732.427
67776,24303.902
105312,3809.0505
37298,18194.42
98019,67122.9
133068,231344.61
34203,8521.813
77986,23755.709
118376,14194.523
112529,9013.27
60461,8526.746
54555,85500.4
70288,52882.066
78218,50353.32
58426,49280.19
142909,22701.734
140422,27951.814
52768,70703.14
109020,43375.695
653,15264.208
69788,26098.146
138369,20588.084
50447,19081.945
20258,6204.3574
19111,45275.453
84125,28439.54
30749,4415.8345
39439,9405.459
47880,10941.345
116033,27678.54
136168,68582.69
29194,11104.705
145972,48034.89
73874,76173.77
6549,26863.34
1574,73401.47
144310,38020.836
52997,152128.2
112057,30170.883
148899,14065.479
90362,8779.705
24097,123204.28
51800,5497.9077
16494,30302.732
132486,10372.571
63718,14424.745
24436,79632.164
88727,21903.906
45973,976.10114
102861,6060.016
86105,84763.13
74580,10165.397
107258,4761.1133
45567,135437.64
73912,7208.2783
9776,42115.574
13833,23310.965
8937,69149.9
42187,1358.8192
76463,6372.7734
108830,8672.387
79414,4024.8994
139167,4947.5215
84544,23095.977
142413,15500.804
70905,7554.883
25289,31573.137
135227,24737.656
839,68032.96
108449,4237.1245
75507,2905.4016
37589,25390.918
131963,28173.77
26570,13871.208
20177,16442.5
111024,1566.2004
16149,23429.047
28444,6256.8013
77163,98172.54
77541,105178.16
124186,66778.266
43858,29385.71
73567,19202.436
67623,3763.9167
127140,16753.941
130461,23006.537
68452,37973.65
116840,19407.09
17142,9905.405
6569,1130.574
105323,13081.438
78144,8238.274
37086,20504.87
51461,24735.553
7874,4207.961
146673,37087.027
133751,4416.3667
80377,6363.6973
99146,41562.39
59095,22446.16
74690,31518.832
90471,72987.93
46138,5322.476
92093,9709.691
109821,5723.8584
109182,31962.715
124233,13539.286
69231,62582.14
138437,10569.838
24449,57652.824
142245,84653.805
141592,16366.576
42581,11620.303
46764,16125.906
59361,46719.926
142497,34808.547
109319,62782.973
52604,2253.2144
22942,6474.237
119848,18356.348
123316,3785.9907
130471,1889.0461
90729,39285.35
64426,42266.688
65087,34341.367
26433,2560.346
10200,19177.51
41100,4530.2993
4893,21198.805
131381,9331.501
141746,39134.56
55454,19103.498
36627,42803.855
111337,84367.53
131184,344027.34
20394,140751.4
105084,49152.17
43671,31935.867
56961,5520.2236
27820,8624.957
67509,8414.131
37100,40081.023
113761,1838.4325
121231,106286.82
131428,35211.098
127083,2870.8962
61517,9888.299
73691,14641.142
121139,4208.0596
118624,27705.436
24299,48282.05
113897,96697.51
65765,13304.845
68655,5602.1523
126857,7528.8584
106454,29406.566
30220,49254.277
126314,30457.562
4702,12670.683
98112,9265.158
90990,7408.81
68319,25728.79
68212,2379.876
83063,15558.998
46244,6569.4443
62637,77222.75
129922,7403.931
42490,24778.857
87914,27803.639
54719,2196.3757
50958,20342.412
94940,97240.11
147968,4809.447
25792,12545.016
1679,6832.0967
31030,21981.355
32333,39127.4
40055,92591.0
79368,50401.68
71767,218266.53
9574,50272.07
90881,18181.096
148279,7023.406
133378,38159.79
90668,2627.6196
24250,29705.48
92141,25467.668
75358,91285.58
6375,9373.953
51300,22448.236
100576,10208.923
78960,11694.147
57350,144001.7
40567,32938.434
88140,4240.6025
122590,10396.137
140107,10013.041
148782,6625.199
15014,137172.98
101506,8206.959
82691,8512.673
97421,7643.155
102326,11399.758
568,44202.758
47659,22839.873
83752,57068.18
51132,16704.154
15554,72078.086
47581,17737.691
77797,12578.727
112349,43756.137
82433,93391.41
84703,9423.043
119248,13442.868
59614,5208.139
100791,38781.516
123450,67138.74
52788,45940.16
34710,276635.38
95774,23953.951
146515,18505.121
146142,46405.81
53304,12452.363
35029,51355.53
18473,137456.19
68286,57104.473
54309,55018.3
74192,39030.082
111806,16282.184
93836,8407.048
60196,34408.355
23504,4055.9402
37416,25736.076
60405,11921.941
56282,12930.304
34993,46473.082
79602,34061.258
108507,16876.709
10907,14932.46
10889,3863.2834
16064,64934.57
10522,9520.381
148558,43952.535
35610,30275.791
6652,39779.34
19997,10981.111
45037,307264.9
11391,25752.4
77170,5797.4595
57417,3963.1592
97845,201419.67
79005,20285.625
55503,79088.77
109855,3995.1506
63194,6620.7607
66458,13348.609
60006,50040.895
1041,183671.05
76196,16055.767
45755,80812.36
57786,5123.2417
77019,1288.6764
15231,14094.035
107813,11395.224
88640,16542.066
99435,19872.994
53773,128551.17
67052,5802.7534
21783,2538.7122
42171,76526.59
117103,1597.9398
73088,46798.867
127917,34863.69
89776,48152.977
72965,28375.41
32293,16513.455
30286,184182.45
140543,71059.27
29892,46946.465
41523,41002.895
109016,324368.2
144589,1628.1958
16708,11633.378
149672,36045.285
32748,45267.785
51784,22210.643
46570,5701.85
4685,3190.3184
116137,86106.8
135411,87360.54
45484,50421.203
124324,19273.697
51030,1851.7427
50793,19927.443
140740,2750.5398
139055,31327.164
50345,22901.395
83334,24367.484
30698,13672.983
40800,7141.075
12959,45002.117
103290,12109.884
147445,8278.03
7508,58795.324
65884,17782.729
138144,11536.151
83442,15724.428
140929,5753.584
8271,5324.574
54015,2384.575
52190,7594.5894
142555,74883.77
46749,69681.32
118846,44117.316
34059,54873.453
54289,11851.357
53708,161488.61
149928,2887.358
39339,35382.137
69409,1305.1934
102913,58172.83
60241,1243.8246
12699,10598.303
80044,124369.38
1171,20875.74
109393,28534.213
117527,37415.984
119929,8178.5254
30210,55203.844
4162,58973.277
98429,22649.06
125315,2863.9658
98119,3248.7827
34658,19992.229
35453,3956.464
127787,10378.892
76807,28392.117
13787,4110.337
37978,97240.11
45957,32302.863
26501,22506.666
79736,9876.974
125173,81717.32
92914,14380.578
23423,13665.29
784,1358.6224
74346,4280.939
56487,30867.072
90357,22633.09
51444,43733.594
67299,132875.39
144048,14322.042
60845,14183.058
109454,31412.305
91374,2812.2097
105337,111781.81
58959,5070.689
116592,7799.5884
140555,91492.92
86787,47933.02
38696,36210.562
8188,9336.684
13443,114259.484
27617,32600.262
103657,20320.79
41168,9730.16
22245,113077.58
97028,23259.727
99041,54582.633
133291,11304.997
87875,9690.082
59733,12815.705
6914,35641.8
126648,7825.9824
51498,148014.72
41371,32511.297
121693,4576.2534
76068,129708.47
113054,12718.702
33604,21581.268
68834,13870.587
122140,27943.225
72734,30410.342
93561,2011.3286
29368,83584.586
103407,10045.809
26582,3748.4495
69279,4588.627
29295,15197.493
23219,3480.979
41343,169634.38
76222,21798.508
100277,18062.645
43160,23106.023
28740,30306.402
125939,47810.188
71303,139872.4
125409,6351.4946
71259,33406.85
127540,79192.79
27998,41474.207
137533,5981.5684
63990,856.41284
13479,5253.934
104179,33577.883
107091,12942.415
70332,13594.08
136966,6727.378
99550,35794.58
2495,66415.875
72003,43943.543
47277,3001.4731
92486,25227.28
147528,14804.617
8450,12265.566
98511,36476.41
69055,24690.68
1641,6087.122
127257,9381.489
107618,3219.493
120035,18709.018
112451,42947.09
143184,2235.769
4334,23804.535
39058,14507.601
86797,71640.41
105577,4921.855
18721,12542.577
90594,38720.383
54994,32527.635
132827,27534.219
8767,840.74207
78616,5669.2266
147363,61699.473
113956,8219.386
138861,33586.53
114867,15453.202
19629,59670.83
133940,4206.028
143899,8248.891
37194,42966.652
145318,560.77155
84274,28982.67
6776,59229.457
71248,1803.5393
60004,4040.8025
56953,2831.5164
113280,64183.465
127510,10136.753
48052,16325.028
13419,31116.938
82499,11892.818
69619,47739.344
141756,3903.8516
132219,9867.653
108678,73516.766
9694,80393.16
123723,35609.754
17596,29708.418
124343,89225.414
30599,2215.0461
120681,7861.051
24183,36905.02
94358,34498.562
12494,21132.941
134118,31047.135
1567,23685.516
109672,5435.791
101862,39160.504
13574,3470.8708
92494,32596.074
28933,8688.403
16268,64304.08
89677,18218.193
124910,18122.178
145391,115435.77
6850,43066.273
129463,75533.21
37443,53755.0
144749,16894.81
14257,15524.779
126031,11120.436
107465,34706.957
69567,23485.654
26736,33602.285
63296,3778.9722
117639,82726.695
67482,22459.607
88067,26911.895
40078,3865.9043
95039,407267.0
12354,36418.203
148182,3909.836
42806,33283.504
68072,22439.88
93734,14483.11
134433,24565.488
16743,8561.757
32714,7201.7515
20907,43221.27
48806,3752.3096
60709,4380.6206
14668,183536.98
37193,6807.4385
32882,8308.503
114344,18409.256
114516,191449.1
30306,32401.842
24814,21542.293
19704,10056.419
1465,81287.664
141832,35645.625
144787,14013.502
55244,67815.516
65367,15066.018
74654,11198.279
94288,9299.606
120181,14783.723
133172,26070.756
106545,166888.28
37985,32211.979
47706,11272.423
42438,1383.8743
60033,34164.86
83152,13095.749
129944,16573.945
25420,63140.84
11337,176291.92
40103,61047.785
137384,15705.65
79965,22431.615
56581,216779.08
67649,7531.8022
129207,65889.67
136986,23081.898
33438,15398.007
138481,11220.067
138138,12928.226
1822,37170.195
99201,27514.121
66723,29363.604
110361,5820.496
87393,2968.7957
61455,3688.6157
125436,101931.79
15629,7037.859
144090,13231.589
102199,3432.6162
110928,63484.664
145844,4218.637
85527,3668.2285
11215,49565.668
52377,31466.664
88926,24116.266
60166,75605.48
4433,8473.158
65299,16068.78
20790,19540.283
47324,4301.202
108885,4124.1494
140442,9659.754
3629,43360.492
141126,6695.443
53927,7444.1943
124279,41955.23
31992,24131.557
30762,19816.72
17050,25287.816
85510,26100.02
94455,12044.427
129564,15171.767
131232,3212.417
91955,209852.78
85421,2381.4688
3527,4111.3345
1369,7070.363
29895,127536.91
11195,6861.9287
40328,6935.2676
83349,52709.426
3193,6343.704
46809,25486.936
19296,35859.08
38820,66587.53
126046,3619.9668
55168,75710.52
9161,36416.758
77630,75534.58
6416,13304.576
48130,87343.77
11234,47020.707
115568,17584.63
105641,13640.251
108104,100712.086
84890,21711.367
52213,1557.1101
48698,39822.12
101352,12131.265
134035,160004.67
21487,65269.598
127594,11696.358
89936,69497.7
20284,4123.56
35048,15642.129
36594,5204.506
36990,7766.0586
83586,6101.642
141868,10995.351
15019,75892.44
13808,4684.667
45103,93363.125
43123,1461.7218
102349,11144.384
13381,15548.793
733,42569.684
69992,31131.406
124463,35623.312
61806,14522.955
148682,33860.07
86766,31627.49
19318,46550.92
108685,143086.55
71652,12590.274
135803,25463.867
96854,11108.907
77544,9110.915
4743,34888.543
33452,30650.814
45521,16442.738
89344,65597.914
13104,21729.88
102864,13114.417
10926,19808.697
125394,641.9347
121883,9317.967
126427,32309.203
111085,7996.8984
112986,11934.199
4091,71181.695
2096,47415.566
69139,34636.18
32237,55194.17
7764,7729.151
51173,3385.4675
79315,113026.055
28084,69301.7
149335,5885.6704
70101,32101.213
86373,31256.65
24424,22249.385
69017,35839.023
51501,46189.04
87821,4962.987
68461,31733.627
61634,2451.289
138357,24947.975
50866,21819.61
120764,45062.113
118772,98741.35
39036,6552.9736
66934,9533.539
43221,10952.719
14117,108653.805
129787,48924.047
51206,13219.219
121571,28358.914
130968,110559.89
17867,72643.266
11249,3907.2043
19896,73914.766
137809,18487.834
51850,39639.066
116538,67572.086
103286,82089.42
21811,3798.9817
140712,1859.9884
131775,9819.238
48658,81783.664
80085,10252.59
22762,4527.154
98383,16117.483
72379,16905.014
47938,133612.61
127333,17176.799
1087,126653.41
47164,40768.496
22317,3167.1414
103978,5467.4775
45912,72975.81
77172,15220.759
47141,9114.734
137906,44528.637
19588,4637.589
87778,58189.58
93870,4384.907
103013,5473.99
144786,32355.732
62275,1024.4576
31843,24060.615
24834,18037.68
82039,77118.74
19306,3294.1655
141342,5828.752
45530,55493.95
33626,49761.438
69997,49177.367
31993,33799.145
4104,4543.205
54296,9411.271
61445,15955.306
111306,109021.19
61264,11464.294
120113,17552.389
36726,22673.842
3393,12255.119
17143,165407.53
100299,3422.2642
69135,41697.715
99340,9791.681
76992,123430.78
89328,34720.508
49515,5160.4067
33729,61594.746
13127,4287.856
37565,36732.44
79024,14217.908
16705,16212.416
49669,12659.834
119895,49694.312
79988,57733.992
113069,2912.5752
30711,17695.469
43008,75892.125
123071,29725.607
83341,34977.312
80717,9153.836
147728,37130.2
147202,38644.938
131630,5148.293
102206,12344.42
56686,19694.7
22037,11867.043
14158,58639.793
66812,30691.096
59824,1511.8423
63483,4405.037
62560,18088.412
141595,62059.58
21589,17130.168
96822,33034.457
85409,11842.254
39805,143518.05
22148,5323.913
148919,11305.206
82595,4451.179
80889,6836.5576
146413,49760.195
83081,134033.9
71374,42510.277
79725,9030.214
99158,3483.0337
75073,49042.28
76764,94402.21
68720,79923.96
24731,40246.812
44405,1197.6111
71459,13579.369
93993,2178.235
128581,37775.168
83840,5836.4634
78403,34161.074
88312,17658.498
133351,7292.445
113190,20155.398
134733,161562.77
148241,2719.114
73027,9735.735
135392,66703.484
12938,3626.1025
97348,50159.59
147636,1226.1458
103238,226768.38
113167,38223.76
75898,54856.95
7064,5766.3726
23383,192455.72
97625,32105.475
64346,50607.066
53836,5480.135
111005,54478.582
46944,6670.304
73526,61996.566
53033,39397.047
38927,12397.248
51774,77725.086
35266,17092.037
3684,12656.811
82350,48703.676
90895,66261.43
69429,6853.0366
127318,57852.56
34246,6906.984
137514,59320.79
112549,141588.08
24503,18292.271
136746,28546.402
66309,309462.7
82888,13597.703
3662,33986.15
70310,9848.614
120172,1277.5762
81913,42246.207
74601,33206.875
139356,19320.99
129799,16226.985
78087,28978.842
48830,41328.04
61701,17073.92
937,4608.644
46968,878.3592
133852,2656.9512
75673,4730.227
56825,24176.018
5276,87429.85
78413,35713.637
99062,9407.385
101682,1980.8519
65755,97931.234
44828,16523.736
74704,63537.08
16020,51101.023
98970,41099.246
149578,10398.686
142848,77519.445
118398,16287.046
14431,208069.23
129850,29044.504
59655,64687.152
112472,3102.7412
127757,136092.42
69309,11490.431
144166,18478.275
64606,24338.07
114930,4038.5547
54989,3536.3982
5752,59412.043
142372,4219.377
42871,17881.457
71143,36333.54
15073,10069.907
22253,18029.42
104453,972.62445
40901,6688.6963
18451,18070.07
43361,47332.81
54232,6043.418
18708,4387.055
24498,20361.191
33114,247731.39
28497,12467.63
123465,61145.87
143112,34684.316
34823,15805.603
126032,48287.19
136101,19620.66
9635,9394.193
147320,6454.44
20473,104245.84
111976,2861.9285
116701,1608.0366
114308,5996.004
42625,2958.3894
86981,6522.6685
71651,9272.754
56002,152679.95
83508,4265.6533
24160,265598.4
47345,159326.36
20675,13730.114
148208,60021.184
117259,96473.9
11445,18349.162
118731,8756.572
108703,4744.5312
18981,63790.195
75624,78886.875
20097,98924.07
106258,53042.906
71659,46696.37
23935,44415.285
36336,224559.1
123113,12177.225
142521,36979.81
115941,2453.5073
15817,3628.8672
108118,54329.344
39575,42037.582
149592,33987.67
47280,23817.996
107108,47925.004
5199,55154.156
100957,39893.56
39480,26709.53
65264,33503.473
134285,1589.3408
48500,4985.545
25088,6164.1646
137011,35609.05
139922,63331.754
130215,14208.501
18353,4160.986
37811,9341.945
51896,36514.74
140844,43375.348
100955,32952.13
89760,4392.687
125639,18685.457
143640,9127.223
115316,57192.195
78923,240939.8
71121,1611.0996
74940,30472.926
84678,3665.3313
113148,2214.8726
8943,70717.9
85291,20259.13
132947,92198.55
43391,17226.463
30930,114773.33
115388,44859.45
137002,9349.583
13154,27732.037
76990,48887.438
132726,9233.69
128307,1944.1892
62300,44889.344
128265,50323.027
80719,40102.59
69775,34028.99
127166,22919.008
128374,5107.2183
56131,7536.6772
122232,5294.5376
137270,28517.26
95590,6837.4097
23543,87394.36
148953,6539.459
76362,13393.241
135518,21179.152
110753,26261.023
14798,6104.804
53147,21093.867
42526,130548.25
140576,92158.42
107549,215326.16
52634,4967.1826
63361,46933.14
11364,87677.18
66356,5250.533
7161,11742.339
107482,28591.46
125830,5664.704
30849,15079.245
59011,42572.72
52843,7338.9995
64166,2645.755
102904,31860.932
88557,31674.418
78100,41387.844
65796,1479.8539
117920,14535.134
133255,12437.342
71564,84911.19
40500,6415.394
45687,21163.383
122428,16339.94
119444,2646.109
124360,37997.027
72473,27901.613
25025,10218.771
82498,41105.34
72539,12125.093
54442,9213.068
146482,954.2971
40146,6196.5317
50708,74564.32
37759,90174.6
68717,4470.618
112797,8328.498
39141,11334.856
135012,3676.157
4363,53944.99
131406,11914.949
143951,36679.04
77380,36027.547
22335,71934.84
101000,10634.78
128819,17312.562
146767,12604.692
318,28791.305
82295,21896.559
103285,71597.47
116578,18708.99
141367,70210.016
38736,46762.184
1936,6847.0034
99305,62035.22
104755,67919.84
31522,20292.611
133112,4811.4277
94363,6431.434
31012,53952.67
145749,61008.49
8721,2333.5718
139958,3443.3076
116183,39848.656
96882,9386.968
80891,4997.2876
80037,27573.676
49584,28395.473
135305,41972.594
44026,27814.52
131972,30590.816
94737,8171.449
56677,293740.78
148463,15430.676
86730,24757.035
110553,16163.223
62601,14197.833
62075,6162.39
93824,13845.8
61739,57650.926
48048,63570.105
104174,9249.148
113833,118718.15
71444,26780.293
13227,12638.882
52814,44241.43
10950,24250.943
114721,63602.105
82590,129828.37
116627,4352.7437
51002,14554.556
42341,34897.03
22688,10224.439
92058,86182.016
117481,81230.72
71977,6814.086
22277,791.3608
113475,4205.597
142769,1725.6215
67213,72219.46
54995,4654.2427
142293,12010.581
142136,44112.117
13970,37466.68
77809,22296.041
85268,11285.351
5792,11743.301
126756,173997.02
119822,19150.47
58272,2103.0122
25583,28457.38
109627,47275.418
25868,4972.1904
73961,-725.4732
67992,6097.111
26865,35548.625
123504,863.57635
111161,9216.883
42675,37074.625
65081,57714.133
1548,12631.406
103046,59262.574
60662,14653.781
145119,18822.53
91282,25156.309
103470,9145.982
105809,3352.2876
143718,37430.164
61471,64724.344
30697,40483.54
85153,70455.86
145975,4336.1685
46656,41144.816
50753,7936.9414
5449,13924.744
124872,71442.73
21268,58046.73
92802,22574.871
147777,49973.984
49763,6814.219
68494,7420.694
33230,9778.8
136214,37546.93
134447,68197.31
30738,3669.82
96553,5712.4053
87426,23151.191
115733,198178.52
55935,65957.086
24811,13152.963
124015,16620.975
119367,58693.055
70598,41044.52
3531,15777.938
126131,4063.0457
6738,8821.139
130546,1845.3
23860,20245.268
82118,43181.54
20079,92032.36
108378,19006.402
117240,63107.543
24333,11438.92
38612,15109.331
109017,8821.895
104604,40640.316
87871,69853.79
27752,6542.1963
124261,31716.62
124638,28542.035
22422,21428.205
106260,40106.477
79844,3682.772
56034,24810.889
146365,533794.8
17059,2861.211
29091,40736.91
88044,3640.326
68991,3886.424
34731,23014.797
61495,20618.848
91991,48799.785
81276,7113.1987
34149,48830.246
99033,33681.96
88102,230022.55
114564,18647.05
65359,11328.953
133954,264420.06
61705,60455.336
1495,98640.64
57049,39165.54
28935,30666.594
65548,6923.333
125589,4046.2476
147338,4997.744
107966,9200.486
76360,4859.266
92268,7560.6377
148048,62709.57
84929,29673.213
24244,19199.451
9226,41119.83
121815,4873.021
137027,56410.57
148474,12194.951
145736,17526.887
58818,1350.7535
13255,13413.39
140754,2355.385
71079,24291.07
103520,8990.4795
48288,7476.83
14122,9460.238
96639,6504.4604
84958,105137.6
12026,12191.378
117342,18649.797
31318,25718.174
73924,66645.86
133202,37625.12
125314,43656.098
10513,103701.63
50822,5055.219
41149,3073.685
4913,41629.84
69570,27554.746
137642,7624.3237
112341,21970.125
45552,93509.266
23454,98624.09
58309,53417.41
56666,150646.1
11297,3867.8992
27490,3031.469
104834,25642.068
69781,100912.375
9346,20457.6
64692,56457.836
66191,6730.1426
91971,20097.47
17181,21072.209
41178,66549.53
29814,29654.072
63502,5676.996
88154,6738.2314
41633,9106.072
139517,38228.68
71375,10091.319
149103,15265.066
67706,33309.273
54625,16733.814
118987,31600.95
52144,50959.023
51401,51285.777
145746,9829.312
60736,22711.61
90456,14320.407
103077,6365.379
66281,9017.633
15427,32859.91
4941,47181.2
61308,28080.365
82984,14608.078
52278,13976.663
35134,122237.99
132493,44848.383
14599,13089.635
71190,40905.953
111647,64410.4
69097,27178.982
56182,11705.872
136938,7046.115
3297,1902.4169
76159,23370.418
140579,12306.217
54546,25166.176
112551,59806.55
39126,13085.898
123090,2811.9067
70189,17672.45
65831,49679.438
70280,10159.095
69937,29121.658
142103,58284.008
67145,61621.934
109673,205556.38
139942,32919.066
486,13376.716
73341,189118.66
52152,6656.0117
101323,8165.819
86613,9916.353
37120,4860.7627
65019,43127.01
40436,52056.727
125292,4085.4058
71537,5305.456
68241,26190.146
141363,46044.51
126760,8711.124
15946,9381.489
40327,5157.145
91357,1041.9767
148186,26403.27
143155,9634.911
130778,10015.418
118809,20188.172
15561,110385.66
4050,29012.967
99917,22584.879
11469,38707.676
93386,17468.477
139326,59442.03
33321,8802.56
79457,58284.008
41301,194768.6
87762,11520.808
124554,79236.34
130401,122295.46
119384,159909.86
36869,75483.625
35706,67222.6
98893,2799.3328
38070,4924.078
2245,142790.55
126910,120621.13
128917,9984.213
147830,7051.69
136104,21088.777
4776,85726.734
27967,2633.4727
77043,4175.4307
16269,50457.78
32486,5065.6626
38767,13463.027
121558,8793.938
105595,12321.764
57220,2316.893
113917,12213.196
100363,15667.6
146209,42370.242
6457,32849.51
8596,20602.932
62790,18876.127
125946,8205.714
50782,8597.716
115689,12255.786
109174,1144.2655
80154,21910.854
69690,13288.166
41235,31582.164
140248,15445.407
140958,8373.791
96384,31511.709
55947,35620.016
149505,90998.14
31780,8829.295
4516,19568.375
75268,15524.499
116488,155988.98
113684,30597.115
39982,30546.72
90415,45818.707
21614,6899.7144
70483,40920.113
85555,4961.8003
50682,10424.854
136362,7024.1025
21045,56704.94
95519,257435.45
146151,93184.695
1504,61796.176
66622,78850.29
120922,53705.574
89045,20345.756
99638,18456.2
25553,12585.794
88101,18957.086
59182,5126.1406
109460,13895.302
39041,7720.9585
49294,27511.674
89302,46673.04
78746,78776.34
144235,48362.48
5144,10039.368
6817,41674.89
102633,80896.375
49003,17985.385
77596,14227.111
120005,25111.05
70776,6123.5815
140569,227371.55
121690,55352.18
26209,91495.516
38185,6497.8086
106707,7098.388
85657,7805.076
48873,13613.742
82049,32248.889
40892,11200.416
84578,12257.39
2809,8009.7925
121211,1938.8135
112789,14739.038
131631,10179.828
126071,84789.91
125978,9491.018
9125,6632.7246
35795,111844.445
144960,11312.904
80338,10249.763
59652,23912.732
50551,10904.201
95076,13536.669
39819,10718.906
29695,82686.75
108593,30407.035
133971,21731.143
51658,16001.634
15343,8505.438
118843,48235.582
12357,2317.8748
117194,53994.258
65186,3982.277
93959,7752.8965
108451,3185.0537
23937,7939.354
126845,81850.586
79605,7449.6187
79011,12820.321
128363,91621.766
29740,65818.64
69704,70494.3
32925,10939.713
24577,2309.251
27562,20057.55
122111,2307.3804
37101,3693.842
5832,17584.184
102162,151456.92
19804,67180.266
99335,31437.66
31768,6285.7427
13494,6288.4287
134687,78665.02
41590,56725.49
90258,7442.375
125081,19523.451
82043,19718.264
56917,4258.4863
110299,17474.342
46421,3799.659
37094,27826.367
3934,39395.117
68029,7844.083
52236,107276.79
64914,6391.6724
88722,5030.342
4206,12219.498
38407,65410.492
88381,10489.27
53503,4262.687
131530,28295.377
118980,104468.74
126968,9693.958
61363,10519.386
14877,176867.89
142891,69253.54
11196,61639.633
76446,94450.01
104009,369908.6
58700,347698.38
58101,7481.3496
104089,3866.144
13445,21095.803
7740,7046.9785
24850,20704.602
42721,6235.1777
106004,44592.836
126177,6980.0566
94968,3768.7969
9134,12639.724
128658,8906.904
2179,15518.625
39587,93986.39
76909,181.3507
114115,3552.7493
17493,117723.375
68635,35155.598
125990,7014.2153
114206,35687.52
30865,6996.8325
137842,17470.877
107385,79103.914
66566,20710.418
16295,26441.742
63774,45066.26
61411,48270.723
128748,106247.02
49066,149301.86
53269,5528.033
115478,86873.61
22952,29860.574
117670,12901.269
33990,102066.23
55586,4280.136
78808,36724.195
139838,14155.43
86484,11743.39
67302,64746.637
75408,21645.512
6414,12742.484
48230,14705.749
130678,35703.277
143460,36584.125
112375,10185.641
125703,7279.3047
79136,120951.88
113201,9644.115
142988,37574.68
60748,54040.523
45809,15934.747
60530,2935.2075
71583,22135.387
111207,14860.909
88463,64422.387
108414,91902.23
109066,198322.22
41322,27593.498
75234,106236.664
114944,93204.24
42317,11754.52
3526,46034.082
13584,23770.498
64111,5628.097
122515,5430.61
119886,32170.693
26593,60370.887
127582,12864.923
146400,1745.2611
130718,5801.5894
112596,68304.93
59124,6712.7476
10440,31993.566
125070,73197.98
91518,16613.049
10248,185887.2
38860,19839.537
9228,74301.26
26966,26912.568
125351,79463.27
72738,8540.556
143137,40671.516
32249,2406.9756
143728,38853.35
104192,1075.1733
34025,73411.7
128695,2532.4758
128110,7360.8
37674,104319.43
104277,5899.803
139183,51620.45
13016,8819.384
136467,2991.5657
20933,62851.14
117076,8342.585
29501,8761.728
45881,195364.47
128801,14794.055
43712,79865.58
107946,3196.2632
9192,117109.92
59112,55897.88
148323,33553.812
88863,93696.18
28252,11533.994
8874,18198.63
18030,7815.869
64810,30521.863
10087,4957.6035
145613,32743.06
86858,18741.805
82196,324202.6
96646,161699.55
31495,10006.63
57695,19785.652
133668,4848.2085
325,63925.07
3925,21910.324
73113,23068.293
83693,24936.887
54670,23151.635
18950,29023.604
94612,11999.067
146682,200742.34
145679,106808.58
95578,43553.02
105995,12403.914
128372,55607.297
137675,32202.877
31015,97230.62
54214,4632.3413
113334,55844.25
92288,184808.97
55960,15235.25
125088,24577.88
95690,87581.74
91588,105321.234
135190,95079.66
97595,9992.075
145488,42734.99
87262,4699.17
50256,70401.06
87965,21083.76
79580,15006.305
126594,10959.568
46820,28229.537
111898,16743.299
31634,164487.0
126950,33135.99
57728,7344.2173
133969,59615.945
5660,25013.797
107458,31664.771
62770,10683.846
21151,15197.943
82370,77242.805
51267,5564.237
44901,14462.076
57189,77120.77
117691,15116.158
73857,6045.3403
18936,39875.28
125893,3272.2732
48472,18480.918
38004,18433.537
62721,24088.445
89083,10111.296
124792,48919.26
47360,67715.984
29081,49757.43
35053,8670.804
122886,312379.9
102024,138062.28
11686,158367.14
117306,15008.41
61170,25649.846
95390,13089.635
82184,78648.87
24605,11360.581
54831,32578.799
56264,54580.496
21394,241164.0
104616,29577.791
140212,2010.138
80066,13548.088
106509,47076.004
62920,37575.574
96823,4686.8613
12230,2845.318
13447,19849.713
104662,3777.0505
78945,65733.234
17114,17845.156
80820,166835.48
71298,22361.217
59847,67754.61
4714,39712.65
97795,22803.578
29258,4871.8457
30579,41122.23
32552,4085.7368
140311,2400.035
112392,34970.35
98265,1271.417
101618,36398.656
20770,38479.81
41398,105937.18
36834,6835.475
69817,22053.713
8083,80864.055
1710,5391.9463
47824,49951.45
120683,32956.53
45020,2406.1978
124442,6824.799
110836,2190.3853
100118,2039.9569
120901,7243.415
22626,3260.4893
31352,25185.734
10506,12803.639
22947,23410.44
50809,32182.854
72964,9742.024
6047,145868.7
144226,17275.844
9120,12200.509
122095,30172.412
11425,7081.3394
81804,28331.223
102182,36681.332
69928,36129.99
48352,70420.86
132638,15538.951
23582,221252.89
70443,3316.9495
103073,14363.029
39248,576229.25
56905,2712.807
115016,34397.914
114273,1374.0638
57477,205618.05
30146,9330.743
110560,69059.72
23055,231008.62
86428,6620.524
57998,1686.3177
111187,9774.513
103183,4438.9478
95654,25712.773
9599,10201.223
48486,15199.246
75466,7722.5913
105698,48675.64
81889,53655.66
60917,125774.305
43876,1378.2537
128339,32525.39
17715,10921.874
54336,4309.8335
36843,4660.842
20879,11292.604
145304,8415.87
137402,8043.825
87848,38471.62
58023,14342.677
66737,23529.21
32053,10913.372
85578,12734.219
79174,11859.049
28678,6256.663
99599,5005.064
41001,64486.004
59797,3802.8022
42285,91084.875
117228,40729.97
115330,33824.492
61269,5195.1987
58613,49959.332
32988,3852.772
28139,42225.91
77744,22682.986
21494,3154.8564
34364,41092.28
6591,9062.6455
80135,33481.406
98837,70015.56
102507,12232.487
115424,46000.785
96554,29733.217
145697,92402.12
35911,58551.598
83996,5649.3975
117503,220939.11
33982,20852.994
79092,58867.23
144251,5040.8755
93260,5391.549
35303,27242.182
82509,23351.658
58995,84023.1
72287,22073.45
18272,8051.9556
26521,50647.7
102698,6535.9795
7647,68542.18
124199,4640.7437
49727,14213.607
85561,19577.5
99030,25661.818
129278,23033.977
3456,77955.99
64843,2298.6619
22704,14502.679
60539,12546.149
17137,22675.855
38535,8655.501
15998,4896.691
96043,12383.93
104329,15675.598
88810,15809.363
75006,2517.1055
119771,11269.868
92037,14088.659
81716,13129.751
120523,224688.98
59680,94336.06
23814,2422.4514
65247,37040.555
74835,9619.672
127762,58455.5
41392,81774.29
44213,13734.573
19785,8306.015
37477,99445.31
126215,24869.314
75145,28209.863
55,16709.27
23263,80471.24
137971,9092.823
71026,17434.676
31690,18877.76
144840,10887.221
64650,35336.06
84892,86982.19
41583,12069.627
1231,801.94275
112784,2097.9058
143133,154985.4
26527,5714.2563
123950,12612.462
141624,57212.97
117902,52826.504
90396,5778.8257
105007,506086.25
84202,50904.49
41068,5897.9336
65066,8781.337
47917,29309.113
69515,110945.74
68252,37107.05
135882,3828.518
97554,18454.098
143459,34850.562
93743,48628.04
95086,45933.92
7534,85698.82
77907,1712.7848
99207,63159.117
70242,9290.816
110373,7026.048
128585,39772.348
21182,64327.84
130781,208510.9
83317,19571.557
138920,24891.074
55814,22010.53
14553,981.0719
141898,9375.235
140111,93565.805
92842,79938.63
57047,41016.98
40429,3630.7224
55179,10900.533
55983,29849.436
20267,41344.61
83430,94333.4
28017,195889.3
123353,59921.008
58365,59856.297
82500,40326.586
122362,13596.759
65045,14667.3
64540,17780.314
108742,34381.473
105354,147420.6
128169,16485.16
12440,49129.82
60803,12496.293
71522,28511.967
129903,26074.396
128344,7219.8306
49468,9476.221
68738,165856.77
121275,26396.459
118680,17632.283
6224,10710.07
112700,7074.485
136212,7954.0645
107613,21508.322
15140,43393.36
100674,28522.65
35612,4985.3184
130934,42389.12
141546,247769.28
11167,3185.5525
71515,5486.0747
85286,5930.437
78880,54320.637
96515,54854.496
74827,1100.0227
20380,2748.4504
7808,96685.85
22022,13592.904
2126,47327.082
126272,14997.145
99865,30687.238
13878,4790.9263
132312,13223.659
87118,31438.344
48272,21528.725
115263,3690.5083
8076,27785.076
77874,24200.102
25874,5083.796
135592,4236.931
124403,199925.1
149490,10169.967
101973,67066.08
77473,62472.85
128766,39898.855
114840,21677.434
95788,1770.9712
73465,7953.2324
104814,7455.7114
51171,4018.291
94915,14582.17
138706,80516.08
112540,41411.535
22843,8111.2876
112671,109837.39
124969,96807.58
121107,40207.098
10438,15261.667
75104,64825.848
51386,53153.453
93660,110020.516
81926,83811.016
124665,62784.703
64320,10259.649
18093,8891.162
31605,37139.297
143116,5076.97
1244,97880.34
72846,10166.47
59880,4116.7026
51690,66669.63
116900,77838.625
141680,56664.734
70337,54942.45
95865,165324.89
34107,23692.805
84529,1670.7246
80494,189629.78
11865,24653.916
35130,7219.542
117761,63873.34
53733,8206.845
91163,10146.997
87152,26010.531
23618,197125.77
104248,11374.76
116051,30636.709
101232,97625.83
89644,25550.387
81744,24510.639
56090,30413.697
57833,105615.16
20875,19404.137
148815,40773.043
87438,45317.47
67075,158870.4
15189,29190.469
43189,4422.8696
36496,9619.181
135426,162162.25
66277,43468.406
50030,19689.56
149962,17470.14
87457,11593.269
110268,9954.651
149259,10601.999
60111,46880.438
46977,102012.66
30503,38455.867
146357,1162.125
113621,12106.543
143958,9117.298
17913,8810.852
71081,91945.34
36130,100531.625
86378,6907.626
48235,50686.645
101785,81981.805
32994,2373.2932
41912,20233.049
20758,3432.412
46641,1957.1956
97512,4573.3916
75142,4714.219
6089,26220.465
2915,24892.936
112360,11695.021
65103,769.66656
11936,7910.9717
59872,92558.07
68204,32439.107
91407,37392.54
80896,48995.387
58269,56624.695
47142,174770.77
139385,3085.3665
127247,31194.059
143075,26148.578
66645,7823.8105
135237,25569.924
108815,8697.869
146974,9216.279
102367,26638.266
76778,9036.394
141762,100914.45
111947,10151.093
121893,88346.78
46982,30934.482
103610,18633.562
66410,24151.11
34744,7733.7666
73342,105196.03
109402,1908.7218
57516,10439.392
679,28067.05
58360,40285.92
132755,45030.71
88795,17804.57
139593,28561.252
141556,3408.2944
116283,4889.293
10834,7415.996
56429,9716.835
113472,7460.6416
90064,16061.035
134023,24510.98
127334,7728.256
25953,128533.04
121394,18520.676
133354,5161.8843
108001,36099.824
4158,10167.047
57114,36217.82
6240,45276.91
16292,21462.42
144319,42905.94
17661,62873.566
80633,6771.7056
78855,7701.223
100704,31224.328
71905,23032.734
72971,60918.85
37658,10601.664
76531,50669.043
736,56291.035
44471,55863.31
12953,58585.7
5476,88467.39
147244,736.382
13496,49375.605
23072,48276.426
86203,63900.41
92342,32685.816
140557,153266.34
20331,13845.725
142283,18470.275
140761,20135.895
124534,90040.57
123238,18278.428
103501,21194.01
18906,4209.488
143525,46418.914
29804,56946.31
114183,82791.89
77715,31993.959
98639,29177.791
93134,45705.12
45747,57109.605
73442,18849.361
114076,8908.476
47784,78360.23
132576,1805.6123
82228,53394.805
139447,18523.86
72063,30306.396
19584,15582.166
93576,34002.676
50813,6742.3457
82906,90286.34
49039,6210.5234
21309,12280.847
145892,12028.559
30155,11604.874
131614,3063.284
146011,6482.1646
96995,15708.778
35960,49449.74
87355,6284.9727
87469,47939.72
149821,7148.1704
33324,22923.324
110365,43157.508
133339,22995.195
99470,35805.348
64517,12059.428
29282,36455.254
140350,4092.757
78138,24325.291
58450,110032.625
60162,13663.515
26154,5630.1665
81989,9528.283
3589,11862.791
24518,11212.684
12293,19110.299
130179,81279.086
77592,4753.9126
141676,800.0199
35800,14484.011
141459,2585.1387
8173,10310.73
43326,2314.0203
120279,32858.086
120319,9944.372
14315,47905.55
8292,83658.43
106908,19532.922
137837,20059.695
123350,39642.418
72346,12178.497
12654,8160.264
92691,14309.7705
147215,12144.926
20300,11104.489
86862,6689.1113
42339,17335.223
44445,1336.6064
47419,11775.929
136968,3621.5215
76828,81389.625
43599,9644.103
69871,5396.501
75312,9401.08
29841,9688.385
131127,34284.008
94775,10726.42
1281,33330.79
126052,132123.61
63289,10909.679
119277,15709.966
98001,32763.85
47506,14736.018
68102,5416.6074
149165,11467.016
124803,12369.505
58780,19443.918
62772,6600.942
53644,6172.14
86460,26988.068
141420,128642.25
61326,51909.28
148191,13322.393
22006,2492.0107
103085,38479.758
15911,10987.303
43364,22755.75
34527,26653.87
147748,61228.203
18914,64529.902
70019,6333.0864
56375,15246.318
40634,1793.4816
60203,11280.475
56179,66357.85
82940,3244.9854
25828,4346.921
89693,11110.131
133556,105735.3
100368,51250.55
17096,15168.055
111657,5618.678
29098,84936.22
82990,90463.72
40991,21521.676
50578,36293.2
51654,30900.809
31077,105898.24
82742,11048.4375
129827,22796.363
145422,12085.283
32912,40440.54
81655,7065.0664
33070,17936.547
16559,1180.7584
70224,34584.168
80222,23759.38
49258,6481.51
38685,43823.035
44261,2048.6172
95424,12275.831
145933,7764.3706
49567,1721.6179
9864,18269.004
42301,3489.1052
145938,9816.71
27767,120873.414
114111,12572.464
56387,175338.0
128116,20928.66
120801,25889.453
24294,43214.473
146353,25527.428
49601,46200.68
50882,10074.827
130911,7914.2437
95045,56143.926
129379,7115.347
22156,38087.793
9962,214935.25
79975,26359.527
102276,27577.465
110058,15775.946
30962,2258.0566
30044,2176.3987
52049,56197.598
128453,18429.344
93797,8682.565
45272,2750.7383
13424,21316.055
102677,28041.611
101364,60141.035
34611,19095.373
118016,4001.7556
34173,759.8512
139770,33740.703
65470,5149.668
101861,11839.061
55525,4651.2617
123326,26332.219
23282,14376.526
135679,91548.88
3535,127071.91
71234,5159.063
63636,5856.407
133195,46731.953
4233,36732.754
111212,16647.69
107858,3305.1455
59321,102637.14
42483,35968.906
126521,97240.11
132580,8920.365
146227,11028.551
62117,7496.345
78913,28224.98
99156,17345.516
107598,1908.5944
82059,66135.41
40156,4279.161
48360,18858.312
118667,38244.234
30098,6937.9224
98492,32603.557
24985,77437.42
94548,21171.672
149231,99071.5
110221,25676.555
42190,40345.242
135607,37378.824
51826,52531.51
49135,2218.7007
132641,197093.16
88988,44106.81
139530,83803.05
127060,37720.965
10486,50187.96
78886,25605.898
7806,116328.8
36875,43170.2
59026,10728.309
136396,160834.52
94208,23011.115
74165,80776.79
136903,97309.55
122955,59635.316
133245,13825.158
115908,10827.378
90771,6300.7266
34761,4052.2192
51460,15781.767
103181,4622.9546
132254,38733.707
122131,40062.438
69464,11786.966
107763,80526.35
43807,5322.1777
132368,58640.953
86423,16461.447
106467,16973.916
70297,532683.25
21538,4771.276
95180,22030.465
144899,29577.828
146550,63557.613
4020,20637.379
68604,70117.22
36769,65072.418
46633,14656.253
46416,32913.656
22934,10727.783
15871,22418.527
140417,6546.6714
64849,116989.26
105861,34184.324
70807,10979.768
122442,7439.7646
52404,6366.639
7787,26161.344
132795,14294.466
125904,3953.5881
139486,47171.438
145876,10441.704
64558,9816.893
40226,54369.004
126239,93165.234
133223,5682.208
92246,2164.37
107863,60713.938
82724,18479.969
3377,17392.479
42052,21820.342
144927,90410.695
83909,43073.438
33536,8827.928
77050,9261.944
84099,127388.07
72200,5183.0815
85963,3431.2415
95760,3195.523
106040,15531.152
83801,12875.6455
45935,10645.101
91727,35608.79
124118,60757.004
43553,22345.172
40415,5187.475
74217,17626.16
148199,10060.48
54150,6185.794
113733,18406.125
60654,117516.06
10724,8979.422
34477,15224.764
47582,5636.544
142859,11376.14
58052,61043.105
44528,-66.64489
78157,136842.75
113251,47414.617
73915,6042.351
93152,7465.9937
129860,23174.002
99614,5248.1377
12690,8027.4263
15470,2080.3564
62027,10664.701
88386,140073.66
120675,33788.652
38694,17239.646
146726,15846.68
133847,23517.902
77900,4651.832
115209,42794.305
28013,17905.305
19850,21852.002
114380,10961.77
34202,8296.419
78222,45320.7
45448,3818.4768
105287,25978.531
28605,14973.969
24050,22830.463
7801,77842.99
48838,54799.094
108282,23434.033
21114,14130.524
98278,8409.673
19264,59393.387
121485,20782.209
28428,7239.394
85624,36333.715
126750,26855.38
142827,123542.77
139668,16643.73
30940,3944.8945
78827,21357.535
31994,7546.242
52082,28795.328
108487,194633.67
77118,2503.1624
1185,66181.49
101664,23504.062
124746,97888.33
133066,6434.1006
45044,10586.83
116843,2634.5164
23884,6017.686
126550,28860.709
119920,18924.059
61396,216065.64
82626,9005.125
28312,35857.402
149050,15332.873
107275,55389.21
47067,5050.1826
29416,52473.3
137923,11260.161
126338,33494.484
112263,196571.8
16107,265240.3
82607,17902.44
102011,76676.29
103381,62908.36
34383,13199.79
119923,143463.83
31941,9502.3955
54677,28452.81
31617,87545.64
70327,37889.79
114638,11633.57
8477,4956.75
132914,15992.593
89859,10252.338
146328,12167.141
26305,10871.055
21417,6629.3457
17830,112893.5
79891,44618.414
30429,47058.242
54606,8247.83
7660,19930.629
147653,90065.75
37916,3253.0134
58434,34238.33
100315,27677.041
32174,54442.67
80189,3219.4841
123069,7492.541
99637,27400.129
65443,37947.285
16770,14039.726
136280,42966.273
79849,77653.65
54816,8717.917
60167,26737.107
117959,148017.88
111688,61376.652
127200,14881.355
106852,7803.056
78937,28055.707
107286,39670.41
19455,7412.9385
50616,24465.668
50025,4054.4448
54835,6344.952
2604,4488.5117
104959,33814.06
100293,10280.15
50069,8266.8545
45765,23088.701
33464,16262.687
5010,11307.658
85869,6586.5806
25560,38442.395
79972,149089.1
106209,40836.062
27084,34939.75
144423,17136.256
66681,5202.473
130247,99543.54
145577,6111.523
36051,16627.016
7786,4604.2666
109812,36592.027
146320,70891.85
145356,7547.0977
105638,24011.057
104145,13242.161
115677,5184.6265
7820,2550.4094
85817,7877.576
13995,256640.8
115004,46768.55
52790,14458.375
111493,9209.883
85822,21318.78
28425,91430.64
56102,45481.55
35703,61325.684
126262,27581.365
84955,8582.447
33608,55542.41
59785,94703.78
130228,77143.73
71838,70444.75
73764,3970.616
5772,98240.54
74616,21353.15
39274,29977.602
130912,4544.902
32960,26066.406
22291,19057.096
135810,147386.03
28200,13297.463
41405,11779.434
73009,6599.8706
129230,11612.748
139943,27051.803
49944,16832.293
90048,1178.3926
79599,8112.943
10987,4919.2935
105300,81068.24
132123,15010.487
31870,32556.621
148871,5800.9644
18201,15088.01
76132,52017.07
6563,7461.648
123615,26260.475
149206,44052.242
121000,143533.06
23904,4102.523
92002,17734.738
140601,62396.258
3704,41690.47
101671,84977.74
50239,21240.543
31025,53519.23
3750,34011.223
12258,3383.674
47408,3535.6643
15275,103475.21
30266,4156.0684
15702,14349.362
110061,11377.846
58549,16724.465
104848,37854.72
1051,78645.3
149497,23787.168
117673,26707.17
17957,64178.06
15570,12520.519
91913,27259.14
125280,23919.295
110937,25349.992
56733,24153.098
142072,7252.2876
128358,3513.9968
48110,20628.13
40177,12802.7
12024,26821.46
79873,14481.83
35565,4308.3335
79755,6842.813
59126,107784.81
79038,206048.56
105196,137598.28
54895,21603.256
91446,7467.7666
146948,69081.914
100667,99503.63
69003,52134.043
116081,7728.044
57988,17394.328
147629,2125.0137
92031,10252.868
32817,3628.0483
2586,17022.65
142698,14106.909
149959,115356.19
59228,130681.336
32879,7904.7515
91803,14980.641
39299,3339.369
112949,17683.172
47437,1276.0548
136742,41671.047
17395,6300.167
103171,6483.3633
24171,59904.29
65800,77563.63
132406,66934.64
114710,7133.6216
110261,9468.812
71634,14056.842
55376,3347.7954
146757,276930.9
117055,28232.65
36287,58418.945
118905,1676.357
126916,14968.02
16735,18555.398
19121,125981.39
129617,11911.641
126041,39628.414
24169,105078.09
5196,30359.256
43146,157885.67
74924,5045.9873
43829,45298.56
28750,24801.783
2401,5603.9727
129324,20870.598
70796,5161.014
114263,2592.2034
14540,7383.2373
106604,161230.55
147921,9469.586
20557,2889.3335
65142,20328.879
117619,34774.355
124443,16399.357
20039,97763.86
85988,18508.662
119092,107198.945
27152,34597.38
31618,6269.096
71387,19162.094
85087,102140.91
61860,43893.05
115337,4125.7637
77508,6064.784
100512,12021.396
38098,7770.6045
43313,28177.705
146549,9250.724
79398,53077.965
105047,5326.8555
87676,10279.331
144635,70862.49
49658,7256.279
29307,226406.47
59022,15469.397
60760,27706.92
104590,17927.062
97329,1361.6674
129616,56417.91
134440,3890.863
97446,34682.816
15572,20740.928
2579,13524.685
117721,59751.516
4988,92873.586
38708,20583.969
147904,4820.902
79752,188735.27
146170,8371.953
18035,60700.902
143256,3714.0964
128740,34904.668
987,53140.418
95564,10430.411
102497,66509.35
119883,162514.47
133305,13558.185
124045,3190.1184
36682,7115.9756
103081,316908.0
124401,78681.86
149851,5070.176
122120,8208.476
60896,157471.88
110821,134333.7
31277,15693.385
68750,186841.94
108290,43974.035
125942,26233.102
13548,3003.018
16674,71427.65
122729,45001.195
32213,52041.137
149361,19193.889
92649,20469.57
70228,4326.2905
2438,14077.152
131970,33892.89
47556,67623.28
143359,21776.023
101899,11041.458
127449,61248.496
91286,8546.647
43893,63882.742
34436,65192.76
120426,3872.2446
71684,9189.562
112939,23766.41
57594,32211.92
35629,6613.184
137292,5436.4263
121931,102548.62
67410,11416.19
127020,4222.8853
122781,4047.6912
14894,33058.227
69983,22340.457
36519,11786.216
112543,3413.3557
39908,10844.403
127608,24814.828
124693,192028.08
116922,25066.482
77348,62428.65
140834,38868.9
77707,10746.752
52072,25871.143
144825,95422.6
127367,12276.685
142943,12443.801
130714,53222.098
91299,5126.755
141480,2650.1562
7483,104477.836
51596,57356.445
117280,47673.555
132327,15586.996
71413,18410.523
136914,19456.068
90558,80400.2
69826,22790.477
8344,3262.7324
115758,12306.743
90496,4279.199
12801,3255.7444
105882,9352.077
115625,107284.89
133773,101960.05
118527,12550.452
29639,3415.391
114618,20442.596
111398,5810.8184
83269,44083.113
144286,58267.227
104518,16122.366
3037,72982.09
135627,70138.34
45263,9640.316
111453,24357.516
82585,43474.547
145343,13772.891
93424,169156.67
86355,24763.59
45287,14662.625
76268,10426.846
18566,5406.724
64773,17587.264
98155,249625.89
16536,21156.125
36462,2093.371
28088,6571.2383
138611,19222.205
95468,48062.785
10340,116653.73
39305,17306.664
61966,151481.1
50853,12186.278
50876,34387.26
109428,200514.86
29917,13153.213
36591,10223.768
104726,7943.0713
52522,6650.95
119768,24364.188
48735,27365.871
129885,10594.673
112964,51544.543
29658,74552.74
81741,9273.209
144492,35109.52
97505,21165.98
56484,20702.582
142822,18924.63
39077,36265.406
61423,11671.839
46557,23738.877
128977,136510.92
31745,2978.2734
25626,110643.03
90056,28022.889
78550,7289.529
104630,173467.6
50575,31606.51
26436,114674.78
134369,6655.6816
59019,16924.568
141352,11247.448
44769,5379.5845
95058,41352.125
61980,389945.5
1160,89123.24
79081,11607.304
17993,71524.28
21751,114034.266
45411,20959.82
39297,41448.016
91029,82077.62
75626,88495.7
82418,43231.652
36557,40387.832
127441,217251.22
51834,40671.234
74905,53467.965
14112,27984.957
126851,61178.004
116810,43824.746
5206,10398.807
82069,15179.465
4903,14030.959
35630,81075.336
66465,47156.8
100628,23656.268
14417,27017.287
132061,30274.877
119977,8287.66
51769,305488.56
99772,29728.018
5676,1293.6592
81429,19650.6
76023,4673.4634
135956,87668.11
30383,51736.33
102778,48305.637
24746,38759.926
76190,57602.93
57654,5611.2373
81751,18628.35
13040,2644.1858
83044,10937.811
55787,22980.525
57860,30441.762
13090,43512.605
18080,6010.881
144720,161544.05
127156,9269.111
93304,10024.271
61434,15591.127
98888,3489.7302
125388,10073.461
45834,19712.947
116073,63710.04
147604,35269.42
15755,9608.3955
138196,15495.17
80373,2366.1091
59376,6815.604
5717,118478.61
90734,130081.16
89541,64201.684
28845,445313.0
113700,6677.227
75024,6205.5913
64090,10571.23
22744,93607.52
6951,5643.138
11393,5897.652
133092,49016.83
14070,4432.6494
94285,143279.69
64800,21219.97
63747,2744.9136
96754,28463.809
52443,61887.094
83326,27181.594
32736,4596.5767
38491,5833.4272
122527,4215.565
19446,128300.58
114821,19770.62
123843,22931.688
89227,84211.516
116536,4889.467
81063,53587.76
104074,22761.77
15655,44646.504
12079,33091.098
13516,34606.258
54936,6457.355
110581,5860.579
131718,50481.453
111625,14752.405
99774,5168.6904
145447,58164.203
116047,50440.02
135033,37265.56
56639,15930.483
67573,19234.855
96930,41272.91
14377,57233.168
102082,108158.32
62814,4189.5693
45879,27325.963
3345,1926.3251
65999,100514.93
135768,112277.695
125923,20878.512
25362,8124.01
127427,1593.9285
149378,61804.15
22484,82548.26
129178,36347.984
75019,8580.032
144798,8565.839
2700,36400.81
25486,10111.792
125169,22527.549
59276,73655.1
32006,36242.438
120953,20200.787
117622,68232.1
111913,6591.0874
72869,1555.8807
100334,15968.36
46554,39313.324
270,21807.264
60762,6507.9126
56608,9058.154
125549,29817.58
59064,26153.363
92442,46329.15
24654,2151.5305
16312,11199.169
144396,42334.03
75233,169809.5
22792,43817.285
64005,95905.35
69001,49265.242
1652,5023.724
16561,56336.715
132707,6500.9253
115295,42398.562
114648,5665.378
3434,34422.082
114047,11244.941
8488,17275.072
17459,48322.31
38159,9633.616
49460,8573.914
59845,14291.16
127856,18233.281
48613,16773.463
120691,20988.895
83912,11913.67
9809,103197.07
32762,36978.043
20783,28765.283
41340,128015.36
122897,9717.003
3606,63347.895
10424,144507.39
75558,9008.744
142516,980.68176
61733,74658.125
34519,9133.91
54385,3804.6917
97802,81699.48
70258,14223.312
126339,47993.613
49614,17497.645
88601,25782.873
87038,19650.2
48047,46230.125
73839,13549.203
4987,16012.484
115981,54605.293
85137,8355.922
39763,81567.79
94231,6972.1777
112467,70504.26
54556,24319.617
123060,17553.541
6170,4281.1533
114449,33830.285
58124,3756.298
105653,26224.354
94559,9588.118
125679,48445.9
17834,49500.258
43849,10417.883
135557,7226.5444
95845,39374.547
26699,31504.838
6066,10169.282
31193,148553.95
145890,102125.26
142039,49751.473
102596,3894.1455
42130,35198.223
107262,1524.5767
2128,36579.676
27949,130169.42
2725,81772.78
114044,52297.457
50797,48091.703
44429,9257.224
18700,29767.234
6789,13548.708
137815,10055.372
68197,33842.273
93139,89223.336
148133,72249.16
93447,22988.576
100983,62917.098
90685,11321.64
140659,42934.824
29440,31090.227
105205,6036.9604
76067,16369.66
146411,986.77374
116448,21960.906
112914,70001.734
61614,10134.485
76780,19047.557
110063,53428.96
4043,63105.47
76477,30239.69
32610,8126.3804
117491,5967.8394
104177,1007.5329
50302,30827.66
72116,70354.4
67120,59340.258
102652,18123.314
142483,5926.1675
143247,114222.305
105679,13614.365
46754,111505.42
121020,20533.39
91508,3802.2285
91639,4368.484
63644,20610.387
62202,47079.574
27372,63632.19
13341,16305.063
65421,83461.62
126322,15427.957
78193,32290.195
26412,29590.88
70610,7895.9907
130795,20988.146
81934,29735.217
64721,14521.875
106910,3323.0957
109225,10180.516
111740,80236.26
1806,9523.113
16893,56066.31
51067,44123.09
149774,51020.812
20996,23976.553
41020,9166.079
41537,82161.484
68734,79904.06
118396,13318.234
129574,7700.234
115525,42826.164
132292,7596.8604
17016,63022.074
1875,197335.84
57870,7176.814
135298,22505.973
122161,14851.604
60971,41154.14
135577,40348.53
79017,35794.504
93629,17736.531
117237,12409.681
137170,38425.723
66735,189442.17
39528,6085.1562
61043,14158.855
95926,16461.383
65638,32320.918
104548,42895.613
113925,68723.66
63401,135198.77
82088,46775.734
141771,21327.324
95153,331262.7
134539,11640.528
89484,84083.37
110321,1478.6936
40000,8184.3076
120254,8881.256
30450,31667.666
103736,12295.782
14450,14556.292
33198,177700.98
133844,11843.901
18748,81461.69
72161,30084.746
90540,20092.762
40531,21376.652
10561,148110.14
94710,14677.645
61462,29188.44
145289,29166.463
18019,31221.16
10167,37436.652
93598,3950.9092
18332,3651.2566
82752,25052.29
146399,5116.8706
43521,84083.125
27881,98794.414
90611,28612.348
18577,8085.805
11486,13896.184
145974,167708.3
4024,1020.97485
121737,6884.1826
111607,2629.3057
129920,2886.7488
30953,66462.32
52518,93508.26
33402,24656.105
81733,25860.375
117248,139956.62
85786,49912.492
131265,94213.17
29102,117396.76
119952,4823.4634
136501,72048.3
26701,84469.49
132191,86582.69
83198,71980.84
84163,33446.3
85082,20383.873
135469,102677.516
68463,16022.237
49295,27085.36
99248,19862.086
70803,22901.023
50201,1251.8594
85689,14545.233
46425,30856.83
128454,26244.727
136667,25288.516
70663,20501.465
50022,27427.566
78271,12074.579
21886,15549.885
45540,34145.16
76980,2271.3955
139433,34868.336
136881,4459.352
124724,98557.375
35242,45281.02
30496,73924.35
95521,94269.35
43838,12273.431
770,23890.445
108134,9182.211
95375,1671.9144
3230,60397.65
86699,5384.2017
36029,6254.537
55486,36529.684
132803,2039.6
24638,108543.38
4694,6372.4766
15222,126371.45
84733,10618.321
117933,68326.84
71271,9915.059
112412,7467.0835
61237,14567.816
33371,96193.15
90492,102491.08
81939,58497.633
46470,122893.44
43150,23536.092
110070,1968.3823
97630,14128.6045
39290,14181.071
111008,61518.855
102999,6032.636
135685,16104.144
94373,35750.715
47575,48467.156
123966,10506.409
113950,64508.082
42539,5579.9907
129318,76524.95
71066,108859.29
46737,17190.018
32957,100987.2
93874,21483.555
85262,10655.324
84907,36349.11
22293,14092.494
149031,12441.892
142274,1716.2141
73936,57699.965
147551,21577.68
52036,71782.06
104527,166658.58
29320,44727.492
140045,50490.625
40594,22655.611
147850,7102.5967
80939,5550.876
149228,90929.164
88543,130766.06
50459,49131.04
90478,29588.193
27997,9108.667
70037,15590.627
586,11254.206
63422,91192.445
121944,41815.934
61082,46707.83
82041,66721.19
88512,52910.797
120112,40978.582
144145,112668.14
91996,12687.255
89486,15449.732
24769,22486.57
37852,15948.028
61646,17758.729
102294,8609.617
76757,24681.395
19478,10082.329
76645,1813.8074
115460,7479.7607
55402,73301.89
120046,7084.7056
34154,14971.566
27952,919.88275
88042,1594.3916
69546,6327.9395
47488,25494.943
87474,55056.703
73470,40634.56
129213,5260.8203
57039,57823.332
21652,24185.047
133301,24857.6
62471,31794.42
85398,4482.3726
110653,16193.962
66406,61342.74
114182,4128.5264
32633,46549.87
119287,18882.986
121525,55600.785
41687,9785.182
103907,181990.33
69184,4418.822
14345,90084.49
52899,140481.58
104806,22927.506
80673,35547.78
38087,2210.8445
114483,1401.8265
129803,12564.537
58424,174892.47
144231,17801.484
18460,7577.716
62352,155445.05
91922,36283.59
63803,138810.22
106705,18474.488
133032,3753.9414
111682,9360.16
110487,16130.62
43592,2134.704
37793,18282.076
107195,29673.756
88806,46809.45
35962,51487.9
70410,15021.543
98986,6261.9087
119753,34910.227
143087,59579.36
128220,7824.68
96636,36966.44
127975,45971.56
88787,29727.0
55239,78821.57
145003,25857.098
57190,6075.9644
48514,23256.127
148421,96327.45
57395,33723.4
32109,12036.501
135082,47282.09
103468,39181.59
73375,49013.31
47707,43216.848
60658,1387.004
47432,6044.5615
37779,15935.919
117068,3826.1218
99336,33895.64
47617,4638.659
14958,7057.28
55820,5061.7427
4952,13317.372
113478,76016.89
127558,7861.7456
7846,33964.94
49013,118620.33
21195,36065.656
73923,19937.209
102293,18202.354
54957,13533.771
47395,1495.8665
27246,123435.27
48771,5181.5527
146902,37186.21
37473,22060.545
3346,33654.902
36879,3205.2593
74342,68573.08
141539,40705.125
60953,39496.492
140186,7608.084
108710,16679.924
59802,106063.055
25110,29698.191
78837,10171.393
6752,5826.7817
30129,24449.812
23212,28089.86
86364,100458.625
26197,48935.38
110607,25573.406
30571,79383.41
91628,39010.59
119669,82965.91
104634,66512.34
136950,5962.545
50405,5637.8115
90604,57552.94
23268,26177.488
90947,63474.08
96194,3851.9106
20968,12268.766
114352,6146.798
101395,24061.379
13768,21690.979
78572,1371.3792
123281,25914.553
133815,3693.3418
17769,5083.693
14011,22586.762
112852,39462.26
76915,5748.038
53510,4867.956
147390,13095.74
482,26038.252
1373,2185.564
60378,10420.518
22659,69541.586
24303,18948.117
65618,23555.416
106606,16271.897
25500,14547.202
32377,5238.167
124627,31571.678
2418,77103.06
49837,4644.914
53695,3452.863
108913,53055.223
93258,11292.448
33532,109905.89
83244,4746.192
6516,5977.533
36214,103623.59
31383,22202.385
131820,119597.46
72071,6587.6934
123886,54497.82
102343,27433.57
93135,42149.848
107070,50110.777
65637,42343.55
40454,3390.4844
125648,12734.833
103406,2109.8484
63790,18936.438
42544,36292.492
6682,9666.653
43791,19661.158
85062,134374.2
41562,98841.13
109112,21418.46
107577,9164.216
16719,4810.695
68274,5162.1226
60617,58495.547
33911,7148.103
115234,7095.365
28688,3505.9722
45036,16432.562
35115,90580.84
108795,18130.883
43847,10758.612
130844,34921.09
103509,139520.86
131864,22051.67
138221,106624.414
142259,2102.8093
681,11815.681
144954,5407.9365
30329,29160.828
7033,13102.228
2131,1786.1592
63542,2400.5977
93918,29945.537
5608,3127.7148
105646,3975.7234
57007,16458.51
136230,2618.7566
67162,8774.607
44431,32332.16
53334,14692.679
118832,18275.494
146404,37352.88
49867,51877.984
19481,23248.389
113817,53058.12
7659,54407.03
47849,267389.4
113714,5269.727
85570,34769.55
6829,52215.836
142815,18871.443
148583,11761.093
109369,19633.078
73986,25537.416
45986,13114.9795
70930,73227.02
144640,21993.908
82314,170629.03
132371,8048.284
82893,3185.7292
8632,94998.99
118727,256250.14
81509,5496.75
57779,33144.758
11441,135444.08
24469,10563.294
124008,113038.02
66402,46533.273
106793,52347.562
91416,14347.8125
130722,52476.64
44899,9720.534
110932,11467.32
22995,116134.4
139714,14138.377
16918,60104.32
33868,33954.56
65594,59023.91
46659,12860.75
62821,38045.098
133566,7110.506
66180,89093.74
77821,34588.133
34521,33520.42
96503,62147.754
109893,26614.219
84271,40853.855
96701,2861.7148
105472,67711.664
26610,9856.609
11854,14443.013
119240,60454.84
111557,7849.089
41956,57007.78
114409,4531.554
101755,34072.652
60964,19120.688
65451,4640.5435
30591,37047.766
96018,147921.33
147214,8600.379
63381,7293.622
143072,3891.1008
128301,11874.34
1645,132404.61
57940,57345.234
60019,26442.58
62825,100520.0
147685,39944.715
128192,76701.78
39099,51928.207
142165,17189.514
44653,35145.91
56892,4433.882
29286,4322.4004
138553,1890.5933
66354,38903.082
66299,31686.922
131562,157580.61
69965,18052.684
78383,157323.4
90642,17995.004
106038,13646.992
37970,4205.084
33556,18849.674
53617,11115.471
107209,9559.333
149540,27733.398
54898,2756.3733
142181,88700.555
71642,5627.1084
127678,6746.3345
25184,11912.684
30694,3066.353
91802,89318.53
121044,12084.52
21765,58370.7
65527,64778.67
50381,24397.049
34273,215139.95
58616,50695.457
19137,8519.983
99889,38105.77
1352,28783.666
94812,148960.3
28218,27659.791
52347,19744.271
41685,16925.812
97550,31282.707
1953,91998.34
121578,3774.5723
130701,11285.134
73746,46271.543
73783,145926.31
65567,12506.436
128043,17808.592
3950,13771.042
117640,94467.84
63278,40300.32
129294,85264.11
39814,33307.27
43696,47079.99
20650,3910.7634
29246,6007.678
12533,42782.188
122904,11477.506
6676,55748.555
23575,12264.372
69407,11815.091
101172,39892.145
112769,14438.519
18497,7638.425
142641,6479.1772
57038,6412.928
133058,5807.605
22200,66888.586
127508,10609.059
73668,52297.07
128527,6495.9155
106294,31525.932
96254,6837.704
18345,7173.89
20472,27390.39
9251,31410.027
30326,28542.715
141386,22570.336
9209,25335.027
85711,92323.55
73716,39296.555
65855,18015.203
24084,13035.1875
30167,11311.668
22223,86309.58
68206,32290.385
44360,2354.175
146356,137298.7
63529,16491.215
48423,42438.332
99952,6292.5327
84500,9014.301
11264,26201.963
732,54868.27
16681,55753.24
42146,29860.46
46915,22289.031
90650,97159.44
62087,4890.551
39919,23940.55
31889,7667.651
110075,16283.091
44159,2982.4011
147675,9609.057
127983,18587.078
136954,69679.836
87576,18756.604
833,15478.823
148166,828.0851
95324,3163.9424
10785,47437.61
80801,167402.84
143972,2752.9902
16788,11327.479
56972,69328.64
91461,9004.115
83374,1720.8485
136540,8735.201
144938,43931.78
130600,12347.322
15633,10785.592
21859,91022.4
106226,3127.1575
22121,48088.87
117633,33636.04
6083,164436.62
65119,3054.2107
89135,2552.8784
106409,109591.086
39057,5652.296
39084,15096.1875
43668,10362.752
6873,5966.1313
113484,86426.125
71005,9963.837
51504,32867.746
55001,13639.381
90369,15935.166
148319,35658.914
2573,11394.111
66992,9341.313
28129,23556.701
127687,16123.364
61225,10831.498
54795,207340.14
101201,35757.51
4650,71888.055
64390,18305.193
120902,25848.0
85533,55168.344
126646,2873.0957
38129,125226.05
17052,231989.19
13959,43127.926
50960,32350.898
60314,212760.27
121359,21175.467
106144,14536.352
15036,30399.22
100810,105934.91
105417,51558.895
29770,40022.387
48394,2498.6633
22720,3777.6677
129660,4165.2246
128907,10198.075
104631,15378.818
54382,56472.52
114290,10495.017
12185,40520.17
21257,224344.39
105772,7628.682
120114,136443.2
32279,13896.555
131055,52825.72
88950,2378.2725
40877,428563.47
116767,54030.707
74602,71665.375
2225,35247.805
75011,12560.777
77205,4241.5195
1589,14044.341
66347,17315.31
3637,35973.83
58744,31580.309
53082,28473.615
79089,7472.5557
58234,11513.476
64253,179052.5
40592,38175.777
109864,38958.996
104761,26086.848
130814,13711.743
66527,24310.139
27045,135502.66
78406,49113.96
67698,100615.26
49540,33094.023
121053,23033.08
66038,33243.965
1803,30360.885
119493,18955.7
31981,4642.8623
42595,93721.94
127387,186116.02
60580,30245.016
56080,101194.6
9467,73498.48
116019,25625.25
124583,25695.504
62695,1763.3188
85754,147394.05
45693,21187.736
24252,13416.782
141914,28810.682
4977,65954.06
16951,15796.7
106525,93451.76
95139,49237.3
24326,32563.17
117067,15718.8955
110507,42677.727
44149,78314.34
43747,27147.373
137289,20931.078
134441,9709.72
103670,24292.76
105284,54704.66
80300,23955.857
100863,11827.843
2448,99697.56
22825,10138.665
146361,34695.203
106982,61729.91
128544,47226.523
147179,35455.83
145212,29708.979
91476,90382.28
136333,4542.633
47530,17622.082
93879,31917.264
71956,15257.999
37572,19300.195
71414,4595.2285
39520,60503.895
73163,59678.64
45578,6692.819
48655,16532.252
95697,27279.713
33258,25330.021
51245,12353.31
105935,34096.633
131412,155538.95
65216,10102.35
104648,7912.9688
141854,11491.467
119147,34219.535
122700,15733.302
40362,7400.0073
106206,75076.38
145231,10536.736
119160,7669.4507
30282,29520.176
98926,215496.6
71987,49557.547
11826,20279.125
104854,7101.0376
100734,11078.933
98733,83063.21
127932,96555.08
76801,9991.75
40374,48593.316
110015,18966.389
107679,39007.11
25969,19075.674
85280,8697.907
68521,10502.347
38232,34284.47
99189,126891.09
103466,20171.686
132023,20901.691
142970,3995.074
64585,47959.797
23614,10947.627
124269,14231.506
83210,10313.842
39860,176641.23
95352,27574.31
147327,51191.758
111382,84763.13
91986,1417.0455
40495,15083.739
134116,14258.669
11018,-261.53998
60848,2850.683
55007,6359.239
125128,54239.24
33665,87605.32
54273,33486.46
78368,35449.0
135604,62264.27
119573,16451.338
105765,20383.068
43412,35245.676
123922,24423.227
47607,21679.236
100612,12623.199
99559,67481.08
76638,77846.625
123131,193721.27
3673,6792.4336
146734,3818.282
21445,131633.4
142168,7316.884
147377,6861.463
68010,6240.8813
27133,12897.824
3832,104485.08
9471,168003.38
100846,5790.5005
21092,82554.53
14963,25303.654
27573,3472.542
82482,72114.914
52201,6130.6753
108971,23694.133
49322,103577.766
114985,45123.957
129397,32286.635
78036,5360.627
67438,19444.492
20927,10101.312
105022,3613.7185
71315,1003.14667
113294,4382.8926
91542,22848.012
149242,11439.996
30975,18187.543
44319,54130.176
132498,5920.7603
124156,42102.188
138042,14391.161
9147,104176.23
146548,139567.11
57507,8304.577
42333,6268.059
25733,12189.224
148389,29062.773
45857,12142.869
71445,18467.223
92545,98815.11
125997,20089.709
16862,5644.737
112141,13990.153
52137,29043.691
103234,80759.945
98845,13187.939
13083,24812.287
18584,72286.27
15004,8477.468
5397,96290.16
137391,56181.6
62756,6321.7705
6542,6084.068
96806,15924.359
126037,16287.429
51553,8958.866
148696,10135.313
81371,60197.992
45993,79447.7
17767,103797.2
84323,102336.77
139171,29569.037
56464,5626.2954
125229,73849.56
111156,9836.528
95870,31979.549
116715,5190.7983
35719,83949.97
10225,101256.58
26397,18028.377
43327,18946.863
43968,138256.3
52670,2869.2644
49815,40180.977
86100,39295.344
11509,2641.335
103549,30835.6
13944,16206.929
102398,149264.8
144210,3283.2322
44293,20622.516
31939,7390.99
148961,3942.5396
51288,22888.424
133739,12403.242
61186,23622.02
6577,20490.307
99339,26341.037
72126,9366.246
19722,4278.674
17141,27097.387
55163,13008.685
4359,13182.908
73047,27651.27
130199,168159.78
5267,36209.105
10025,175691.38
110546,16008.639
100519,9004.237
111176,18283.557
131519,17989.512
56247,4846.9463
74757,12304.724
107335,85105.875
130,23813.078
93254,50919.746
99723,2384.0254
40128,59533.832
100158,40740.32
148161,51931.29
117702,2327.111
115419,5663.209
9878,7152.5923
123676,5176.924
28667,8422.414
81435,2845.4404
134044,29522.086
106766,17135.85
99632,45600.64
118791,44920.707
20669,32718.826
80491,4739.7314
38454,8034.1094
96557,28972.791
130345,3952.001
48096,220158.27
65487,7452.9053
128479,40352.566
21418,62786.656
46199,26489.363
66152,87555.836
90403,18908.066
60458,57978.062
104683,15257.968
26930,3917.901
105341,85935.35
80061,36572.65
97633,68181.68
86432,4717.2173
13656,9144.47
98350,11702.916
120516,12795.111
141741,6707.05
61074,16262.772
125633,6453.797
101070,21598.914
68687,7978.475
140190,6445.431
36751,32515.729
76394,11253.027
103024,40256.887
8301,25489.08
59840,17779.621
52008,5967.025
19592,12264.93
115997,169284.8
25746,15386.133
123154,13128.985
57894,5454.447
98015,40917.242
69032,147798.16
56083,19313.764
146107,9555.989
133834,72969.63
46141,21222.61
108305,65005.555
48684,23899.428
6625,26829.162
74343,445.40485
70638,4392.3716
118145,151615.22
68405,94698.05
147883,19902.404
127880,13075.178
87882,15691.452
18287,7813.4404
46508,141882.52
118828,141573.66
71405,99975.375
42590,15018.275
52104,1579.8644
123328,155507.94
55710,13931.79
99916,3114.8477
79811,50565.43
113649,12267.15
8692,9108.204
83717,6332.424
13552,32437.49
4636,95586.56
90978,78014.67
23023,95541.77
102278,6584.964
60051,42377.11
145689,14664.132
130450,17577.334
92347,17961.102
97539,13423.85
81083,9145.284
38505,19507.936
45896,1620.1544
143961,6234.1494
149538,88272.42
13949,95825.234
3753,39581.395
120920,120298.57
123738,13974.906
104370,21688.402
90598,48126.164
28061,64430.598
136434,1391.6289
51054,50190.07
135430,16812.006
85300,6077.0728
116324,2246.6455
69709,3977.252
108324,10263.105
113081,3058.2065
147083,36559.95
45890,42590.383
25523,168362.02
15564,64907.54
86631,102499.51
111777,33571.715
105564,20866.828
78249,44101.082
60667,3810.4385
61158,4459.1787
36711,11236.026
29450,34694.855
25462,8568.001
49227,65442.25
79322,7708.559
22924,52591.67
63998,8064.0474
56984,1615.401
147496,24631.064
112267,10309.498
26347,14256.686
133389,16631.951
147575,5180.5654
46401,1658.951
65748,14332.393
97583,227565.7
66338,28193.512
29775,4234.6216
76631,20391.8
94482,36510.402
136730,19396.785
9486,50451.56
110765,52097.406
83615,50341.14
42550,185213.17
93765,29504.416
98887,17359.787
99710,73702.35
11349,28121.002
78812,20203.135
103326,22578.355
137103,5278.954
96816,7937.7485
145601,55640.586
7225,39403.11
60877,12107.226
118230,108188.36
55307,66951.28
84001,144763.23
7726,15883.333
130422,26047.543
137482,6147.554
111888,109260.25
133474,121511.375
149865,16660.598
101604,66949.73
115003,34075.9
126383,3959.0295
122638,68551.086
91874,28961.553
57208,52101.492
76495,53722.66
50366,45558.98
85314,4271.328
115700,75557.21
112869,6519.505
19745,33009.367
30078,1562.166
97468,78426.54
58952,26674.488
21188,17093.572
20196,24703.914
63847,3376.8503
114359,7017.298
87843,76018.805
60755,9179.919
95994,186944.34
56674,17258.12
61019,139095.58
33089,23077.854
7794,18785.195
121278,627.46954
77906,59711.715
86704,9484.356
5638,24782.04
60309,36411.684
21900,49372.49
58917,3777.4883
88470,16077.619
19389,164080.75
87649,16989.219
105150,112607.05
146233,53448.16
74419,40276.234
53198,36733.32
6366,9710.321
9719,62814.47
59156,11475.983
141127,7932.0596
36521,1107.7972
7863,16912.46
80722,9896.499
75940,9778.531
107680,3018.3484
2722,21477.516
137432,6020.0205
114428,23822.53
32386,18616.543
7467,1754.3989
72432,22934.398
18975,9932.18
121438,807.50433
105634,6800.8384
92935,132756.75
8397,62866.33
23574,6068.1064
136838,6325.29
9449,2260.9639
110419,1923.3463
37322,26263.176
55251,55872.094
25445,168762.39
66847,36132.77
104570,8927.433
56022,15860.168
77031,6089.213
64789,40765.77
23077,67090.97
100231,6477.1626
32364,67332.81
117966,13763.226
108800,40689.93
9587,89048.17
95823,17428.314
957,5255.7344
146706,63926.684
132828,33628.477
81378,75164.24
90944,43206.387
82070,1880.0271
136139,88439.61
12595,13946.637
40173,9227.317
145953,74935.17
139510,3576.4106
99469,91155.234
45982,74524.336
76171,17957.648
136351,3645.2114
73666,172591.47
21091,27539.049
36459,16525.357
105729,10735.389
15260,17509.0
54219,2703.9792
102591,95982.914
127670,11345.23
18070,11646.119
145048,7390.537
106771,9305.019
145996,89491.164
121184,136545.64
5704,93224.8
51066,45841.81
17479,13696.158
81671,77753.25
36166,2179.016
29799,80010.3
132231,55640.074
55162,49049.805
129526,40442.375
138482,101486.64
122321,4333.6733
43983,4058.716
50207,10897.459
123152,12613.592
87282,9670.929
45318,23780.598
55080,47287.27
56965,23604.67
40307,11807.617
96424,5254.188
99028,9191.374
30059,47930.21
126275,41599.43
11541,2128.8545
103634,50105.332
141006,65372.812
118106,58987.18
111704,78908.13
53176,80058.945
107053,101124.53
51182,4477.2666
98621,7259.903
123755,61078.793
65429,99569.15
8108,4529.8086
73266,30718.18
134761,21503.596
140852,67691.6
15482,74842.14
69758,10907.866
121917,10205.727
79392,4609.729
142329,10259.578
26484,22015.484
31826,115636.07
19333,28654.277
50559,5285.1636
90782,8641.464
131778,28922.688
38424,104482.805
20958,139732.44
133994,33898.56
130204,55498.637
116215,33392.46
7233,5323.827
65366,7053.7124
41029,34873.723
78592,34771.723
28956,66266.18
149693,22970.309
125437,92740.15
43143,2264.3826
33971,91739.86
130393,13262.113
119985,12984.092
57457,58036.312
107037,96783.88
82859,4685.012
70669,83653.32
103621,35073.91
9264,144669.95
71600,3650.6853
68562,57947.93
19062,22601.307
104542,1964.593
134553,46348.883
27154,8141.8174
64160,33693.496
29218,366005.7
105910,8437.067
70736,5242.1807
137900,3641.266
70623,5467.1143
117287,76729.58
36597,5884.767
5289,44470.8
17891,104789.24
26882,4723.4526
9477,1819.1621
89381,9154.541
15332,4042.1912
11902,52963.625
94477,22183.63
33790,28137.209
82939,62556.45
116789,14051.717
11136,9369.615
11896,17243.22
68322,85706.61
56786,54559.81
21189,3240.7136
59850,15183.568
101247,143792.4
144095,5190.6406
37571,9701.898
13836,21164.32
40656,120543.66
18002,3764.2114
127675,26006.13
33118,10248.294
85985,38183.824
127568,16673.793
57204,26530.799
102128,3650.9834
118540,48214.773
99729,11477.831
60237,2850.648
67466,139354.08
26937,44977.445
72774,4505.926
56424,8893.294
131165,38980.176
100802,13486.745
52473,35701.57
36338,27535.775
79063,92272.36
148281,21321.93
31869,2372.8792
136650,11388.507
141688,19347.34
3601,67977.58
45341,10787.205
86854,31744.066
41059,182883.62
34830,159944.03
83392,12939.679
15744,42433.953
141461,30697.14
149014,10993.8125
134300,39100.72
110770,21223.842
66971,19636.787
133520,18685.865
97535,15628.037
40568,40514.977
134611,39681.89
30381,39543.37
94875,7695.5884
15533,16718.178
91328,4389.071
11877,674.0072
118253,81095.91
129003,15572.064
106579,3644.417
12573,3381.667
110601,23914.852
147230,40297.926
138116,1780.5112
111622,37289.25
16554,14063.014
70612,2476.4297
91839,10813.63
11152,172924.55
148334,9021.931
13391,13835.782
102401,11507.184
53190,14907.241
9392,20000.924
128765,86306.4
126729,30088.436
142320,15708.779
110057,44718.566
56903,1856.8175
139419,10557.169
111012,9890.422
18837,61809.62
117205,6808.6885
1514,26431.83
84655,185.61102
35167,339995.53
118590,5131.0806
12270,6348.014
139511,13574.29
29647,15678.21
115075,5479.679
101849,14298.488
142467,19594.232
101515,11698.211
83700,59040.754
123780,69426.57
76565,5098.233
113024,72578.266
67819,28963.83
67878,28142.684
3496,19055.201
116660,4106.922
92449,3717.4148
134841,47217.652
117723,5623.0605
133144,61782.418
116030,18070.645
96644,26815.592
10726,38151.773
39328,42475.707
96409,6953.29
109945,19896.9
133027,59997.324
121128,10044.81
143907,35239.1
135476,9262.728
38945,230231.48
31276,27866.018
19445,7934.7236
13535,30883.912
76946,83177.805
53107,23978.418
24400,8953.561
137746,6299.1147
146825,84567.67
2905,6918.945
87814,5595.7437
143901,6898.7207
100640,5794.7856
59316,36186.625
94595,4622.867
16187,24948.03
25995,10936.758
69964,70441.13
126286,11190.567
76839,4396.0894
120903,76513.805
80094,6141.98
11708,44324.67
34232,14349.945
93848,3947.1287
148868,10369.474
16391,30267.941
94658,21305.71
84396,5692.8594
57548,210484.8
128737,176326.73
77538,3925.696
123546,95341.02
68434,18863.87
66312,17164.832
42222,9368.985
16496,66598.66
5236,77625.49
28617,3209.7224
17630,1405.513
34711,9969.737
912,25647.9
146838,13761.951
69557,36612.176
50326,1646.5483
68594,29291.514
75706,4964.653
146662,55916.207
73589,11563.967
97066,78047.37
90679,38858.953
29064,12937.154
18620,13170.311
115618,16596.209
25280,33727.227
118042,28962.28
94225,18254.371
375,2497.2944
44887,5588.816
92365,8157.448
86919,20815.354
62972,18450.904
72252,6079.7036
114820,2117.364
63474,69610.984
54468,9858.375
130006,20506.047
143522,22764.768
54291,5136.741
86887,68845.586
36069,64691.625
45758,167901.1
93060,13720.092
12170,70772.65
138739,41750.223
90020,12024.734
66547,18924.059
104859,12228.086
72176,28035.926
122418,29954.857
67067,32900.652
126705,11144.297
111917,11144.741
75249,6433.2764
12516,48310.367
111499,25148.775
1613,12003.361
11709,8433.921
62109,74815.01
50218,82515.75
49611,10175.195
123402,16774.934
120865,10399.503
18777,29492.773
63626,21209.363
115666,66948.14
87115,9692.004
92324,2980.4688
67836,46636.34
145472,42460.188
82601,44364.824
120294,66437.445
69416,23571.367
63569,33452.453
83113,11440.583
136745,9967.046
126311,1501.3734
33285,2754.7432
143770,77681.46
53766,71199.336
82556,3849.769
127533,63651.68
57044,6382.886
66908,76327.695
68746,16331.018
115281,64564.57
100691,105253.63
18193,41999.293
143479,50736.973
61656,8355.358
8164,80613.6
127339,13895.962
89566,32895.383
12167,33055.918
28071,1361.8383
146820,14354.979
126591,26309.646
88228,3831.968
72233,13610.461
47663,5015.9233
118740,54124.4
3332,50071.87
127421,7946.127
119166,8734.007
42622,15992.745
141530,265221.25
149522,81481.82
117370,29338.736
136044,5716.9604
92421,12139.051
52765,9256.014
46995,30439.506
63193,9712.33
91313,52288.51
48458,20807.008
60370,36812.875
133681,15759.201
133338,19852.27
123495,5341.311
145388,71071.51
82828,85471.49
86890,5235.5156
54061,84440.28
55537,46987.33
68105,3791.831
105134,6828.122
52822,76196.95
142349,9358.13
135962,5586.893
26898,15954.204
129301,58027.12
10476,27726.734
134309,116536.03
141953,4415.8994
111343,114460.08
99492,5661.213
61800,108282.7
47481,6041.9097
2317,9920.525
56638,4035.2974
111583,4983.468
75794,5570.8057
29359,10608.775
148655,25382.93
92922,9696.153
139283,29602.67
112679,6284.15
40678,23624.354
46203,17945.031
135256,93591.15
16832,14993.967
133315,56711.617
117796,41292.79
1966,55491.008
132140,53360.668
139978,36240.645
36666,7805.667
130302,29232.22
119087,63953.26
28049,12092.594
41249,49088.355
27113,92252.89
58552,178130.84
32753,24013.252
99539,9143.901
70672,29129.436
110699,32161.324
66590,188148.14
112648,53708.35
141064,117983.45
149291,5407.309
99123,6308.3926
7486,41570.203
34557,21781.049
26279,102577.7
148440,19476.69
47912,80633.27
131618,12719.65
7394,7123.353
38523,5948.5737
76384,32431.043
99634,13331.969
97324,7817.1895
106631,29959.012
110825,134233.4
67316,4478.1255
91875,6159.1045
119983,408246.06
127515,226483.11
1340,9975.9375
143280,113887.85
135616,16845.234
86752,4018.6853
70215,2891.034
87655,19769.172
123211,15951.792
41866,10264.381
67280,12717.294
47121,7959.184
96584,86580.164
31067,113367.484
109176,12399.185
90733,5307.7197
453,140225.4
70630,31023.932
111240,19791.676
79152,11095.407
58123,40975.523
129943,15126.091
57545,15321.324
63695,23609.174
79966,7488.1934
20568,6517.467
72032,46817.598
717,29469.855
129152,6941.7173
34787,42238.6
89046,8347.194
99369,53109.51
72632,32767.846
82622,18678.732
95082,10124.152
38692,36386.2
101532,47494.527
1793,69394.1
72845,25612.666
32241,74423.734
111993,17808.148
133634,32595.5
68098,101509.33
35532,38056.97
96634,9554.406
118697,866.9045
98405,8814.606
140945,28321.982
80566,36648.76
88086,2732.549
30311,78964.6
143635,3645.1196
123931,35435.49
64049,2196.2847
137137,9707.908
96353,33389.777
75733,37509.43
119672,28327.67
90926,2230.0032
9526,31189.25
64917,1606.4258
37255,12079.762
41188,13328.198
92027,23225.316
135712,7877.835
94598,24723.686
84400,175362.12
131740,17617.184
105758,11566.705
4069,5347.787
51297,7192.398
135966,19022.223
105602,176586.58
39702,47183.62
110256,25204.164
141673,22402.45
7002,18577.066
107992,82896.125
16666,26394.574
37841,5227.425
33147,42924.016
92345,71316.97
130777,65599.77
122320,24895.824
74124,9431.014
3442,6707.904
132921,44127.32
118813,6788.385
60835,1574.9122
40491,3580.9373
79043,3069.2344
73174,9261.219
83160,69721.94
60714,4748.931
92611,56804.832
40230,28817.805
49975,24494.979
50084,13677.031
88431,41659.31
92085,63434.656
2792,8036.9824
88435,77726.555
66466,111141.6
53460,12988.579
144281,27009.053
129244,95776.305
92292,44666.105
125769,53119.58
107795,24842.164
57639,34716.816
22415,9003.403
128511,22077.781
121500,1085.4067
83259,25638.732
2032,148878.1
115121,18533.469
83501,31298.508
120402,3897.8123
91537,6659.045
66530,42996.656
112070,38667.98
55372,12466.265
113346,132841.5
65662,27438.158
121396,14377.116
17948,92085.96
114519,20514.316
47812,13352.697
100239,11574.345
144698,4153.796
112829,95292.875
23457,130645.11
34330,155963.12
148635,29976.96
15295,30671.963
55694,6186.0093
111997,5386.176
148806,58935.2
46730,125089.51
94083,4752.815
27085,18289.479
10528,4584.516
52754,67637.9
57887,65075.883
84430,19780.74
37973,34203.316
42835,15197.622
117358,3274.6758
53664,157532.4
80860,24752.152
137183,82386.0
126069,8090.8325
97161,20202.967
21121,20119.842
123094,86512.65
80990,24169.703
119227,103875.43
64488,169254.69
64975,24169.795
147908,112412.55
135595,43383.69
110359,10160.03
76273,16980.777
45839,105428.94
73189,75994.875
91778,48257.414
94341,3701.755
115942,2605.8828
112793,130403.49
10034,54881.88
124780,6520.5386
26880,2010.2067
16971,1251.2926
18411,7109.8564
149807,6069.6294
33294,3381.969
132490,3131.4353
101068,37735.145
57194,84098.445
30979,4922.923
62846,31809.406
57424,38559.996
94031,25073.717
10363,35303.953
96255,44374.477
120885,4326.0547
116802,21854.584
125558,12237.498
79628,9768.794
136569,17906.756
94354,4716.9224
33100,17460.012
130411,199857.22
57311,38285.574
85813,11719.886
62251,70589.39
142010,60620.336
14135,90051.8
29583,81590.19
36157,24054.588
29606,27450.299
77271,11836.015
13717,12640.253
36335,16518.334
145421,17851.707
111999,25156.0
76341,144002.11
123193,21961.186
96106,4161.73
52273,15180.964
115517,5645.553
149345,5689.8726
81594,9926.377
120326,20862.35
104414,17245.967
130032,21488.502
129158,3858.0688
137790,471.688
39005,42505.426
138128,6640.1816
69,13150.056
81082,51982.46
28811,50003.438
139465,13086.757
138520,8744.67
89911,37690.777
2434,34395.863
58640,24627.092
67110,33045.066
62226,110454.36
2255,19530.348
68691,18141.982
10295,7037.1567
23999,5906.957
21802,77690.6
116241,5901.118
1272,1585.3599
50923,48737.14
112067,170560.83
135645,8095.996
131196,42024.504
42855,5357.2534
61511,1491.5216
106125,35805.383
137357,43194.918
147887,26357.637
119208,44712.73
81277,7864.3657
66637,6793.545
72369,15661.188
52338,15862.534
35478,42595.24
70519,70169.67
25225,118708.63
130627,10603.551
81552,84814.95
100112,28637.963
68951,5854.136
122209,109766.21
85568,10315.39
46312,34528.89
38947,44023.992
111353,108452.66
21435,29792.19
35867,16334.838
65953,17579.188
110722,4770.214
96326,73175.055
147739,9974.488
137248,6338.3228
49244,17916.2
19102,290542.28
75923,7645.4194
94403,16962.145
100034,2123.2124
76385,75244.71
94758,13849.667
58772,3653.6191
9557,26729.111
103781,46596.125
75888,5802.1587
107230,22692.137
57981,68770.62
85961,75031.875
146949,20883.219
64533,4289.1895
114898,96505.95
26949,21753.32
4675,29122.7
47137,18847.475
113916,5905.027
84176,22047.908
87453,15671.765
17968,95106.05
124851,134181.47
70548,60342.727
98614,9571.893
86154,45858.37
130018,9060.461
37333,141565.38
66858,3748.9834
85397,16202.195
362,36599.79
52393,7146.0493
77566,22625.34
117501,159826.48
62042,12440.437
64677,4164.42
33845,50082.42
107593,9025.509
144676,23425.307
129358,43440.69
70933,4677.7227
137531,7990.371
43504,34422.652
97653,16736.316
104358,30627.014
128718,9374.268
51560,77329.24
133309,32642.496
66287,13498.427
130524,3110.0525
112645,21376.807
122393,16718.566
35696,13956.368
30377,36232.71
78002,7075.96
134576,14344.577
25605,17318.62
42014,5133.5596
3011,91684.28
16689,18323.25
47103,13692.508
57754,68376.266
113858,169602.17
132985,19252.434
119941,85483.89
49260,26304.28
12707,104547.22
13081,5489.931
121735,24854.678
43241,72381.52
132879,68337.32
61054,27518.709
10631,7740.507
115527,104190.94
136530,38261.047
47307,13688.392
134277,86815.086
19747,101373.83
22936,6118.0747
28477,49232.64
65033,9142.375
53949,20159.348
9016,40639.68
139609,96755.0
4809,18447.332
47605,11841.198
9856,4017.1316
135478,13553.96
108722,175439.2
91833,4498.858
55487,60771.17
20533,59605.64
66155,1470.8163
5173,77259.266
112421,109946.11
143925,50112.824
136211,-950.1639
34775,1385.1976
64822,34994.48
137901,16187.921
2095,21008.926
141038,8853.996
139863,42915.78
8693,5495.7334
10236,12529.54
106670,110304.11
53994,27743.537
23497,15117.099
11205,25137.742
95120,136460.11
75328,36373.836
38724,36436.906
6536,16480.19
125102,7355.673
21510,6024.371
113597,52864.46
58579,14928.751
18668,28884.371
85445,97554.586
17073,3119.8938
115068,30155.926
97690,4505.1265
86474,10286.076
13894,2328.0444
138474,85506.055
125479,40251.01
32124,12195.737
75465,3901.0115
30689,103041.875
126185,40419.332
147210,26278.238
131893,6400.1626
53803,204809.81
105970,19114.996
56964,454847.3
143807,49539.14
141616,43335.234
107391,56068.99
78956,184715.12
132112,1703.6765
21558,3760.0427
22885,7705.578
35385,9385.216
142674,60540.688
7544,12051.307
145207,79769.1
51939,30686.053
54519,14781.66
131386,10173.267
132732,38224.57
129471,40546.195
94833,69483.305
148237,102231.55
91970,30997.666
127067,8156.323
92512,13005.768
143493,9977.217
116956,2949.1174
25422,1241.96
79767,16544.299
62207,52173.805
49418,13993.932
91840,20463.646
37928,218419.1
36480,11230.332
63908,15486.253
65543,11487.561
86440,10678.865
30350,7309.8193
62982,25466.275
44089,49129.785
128360,9381.502
46350,38335.156
92909,4716.4043
75526,67993.38
66526,31422.709
54303,15376.219
143749,105195.625
68775,30461.225
63308,260368.53
53141,16997.037
8132,11927.701
44524,50933.32
86413,36201.598
116978,6096.4785
94783,10352.51
142837,33745.99
112656,16413.525
119559,4247.588
99318,15489.613
84501,29110.066
12161,3962.4897
42025,15999.644
27173,42009.523
143788,21825.275
143944,98993.03
44428,11661.197
81401,240514.53
76227,8015.2925
110429,3357.8352
93040,46837.293
101453,2714.8352
137647,32854.664
66860,50585.5
49820,104853.34
36782,22770.041
48937,154834.33
6636,23892.793
121095,6909.519
85146,14660.025
70055,34605.953
68502,56940.27
75667,176579.28
148444,1522.1022
45807,6781.019
125042,26879.352
142717,48913.016
37313,9315.512
12643,50408.867
9010,9487.472
43473,34935.88
108517,6184.405
20645,16347.906
96824,13947.031
69164,21012.793
95133,29278.41
110958,15868.451
72131,69167.9
15894,23521.734
98586,9609.7
43338,44742.344
18511,160863.8
103299,12689.818
126250,13415.604
127942,22512.857
34541,43474.7
8475,11872.25
43168,6394.95
104618,73380.59
76499,73255.87
34060,23121.57
30010,11117.094
21372,29518.395
93316,33730.605
58868,29034.7
43679,9739.337
60341,45795.91
100222,53420.137
11396,33846.562
132243,7188.8345
89010,31806.283
113800,30771.426
32414,8532.827
117141,15262.007
45880,69079.164
87760,12014.977
79611,3625.031
69333,42569.742
95130,96784.336
48729,4715.8516
83038,2252.3708
34400,29392.363
117200,3742.6545
25732,18512.027
25077,86584.3
96725,6562.334
125846,4889.758
47772,10430.994
86957,22549.145
53307,15210.675
98372,8309.997
127079,10765.75
129262,20630.576
118494,158285.75
78119,35249.88
69956,12197.789
54331,104567.1
32405,6731.485
74314,16923.105
108914,20292.268
80000,44773.53
149997,46743.855
58173,23762.422
10136,10737.879
47694,27173.207
25841,39532.92
89748,47002.617
81561,198619.03
9666,53580.1
146460,8239.533
104555,16618.928
134942,106429.81
31638,14156.429
122439,3704.563
77895,19383.172
75668,28867.004
121819,8560.566
124837,41733.793
97752,11450.438
27128,5045.22
42375,13052.092
95433,86089.35
61078,127430.62
109894,48974.49
4366,44911.758
72613,11675.96
75375,5597.971
7028,129495.44
78286,8472.341
53194,25895.97
49560,24163.865
29006,20354.664
52633,177816.48
71988,10224.433
120547,23733.076
12039,10921.739
98117,12125.936
43661,13325.571
19899,35142.66
17643,13260.417
91553,2113.7075
110397,85232.51
112,3947.7913
67096,22632.818
67750,11936.347
64986,4946.625
809,27002.541
129691,46897.344
2795,51309.64
85856,24406.588
54257,12016.483
98578,68428.17
76367,23416.486
145660,65096.816
93657,11044.085
64576,8781.772
128742,8929.272
142281,79702.1
62459,43613.61
74997,20146.74
53658,4786.486
11522,91372.46
60025,15903.86
33179,5167.046
118510,34638.703
30641,151231.31
50354,14392.696
126011,4458.12
23801,4555.576
60258,3341.4143
77024,2628.6335
88702,11496.293
70626,35322.098
15280,57140.445
18071,54574.777
99797,20929.281
58199,77348.61
98402,16372.158
125026,5418.056
66480,12742.243
10887,68959.21
134480,2160.4785
73612,9106.656
146259,20023.72
127413,50251.992
131589,3662.4714
57909,-1000.341
16817,8001.738
3057,8909.668
60943,23080.865
16444,44487.81
3118,8406.223
49554,4207.112
32378,50191.363
64571,40156.875
27833,54556.926
134833,17492.098
2162,4523.3457
38360,2812.2302
65202,15523.889
45930,40627.098
138489,22119.52
72429,4252.716
119273,84634.73
76799,18382.266
136677,28371.377
47778,6123.2856
53179,53637.168
10760,51620.723
147357,162126.42
55428,104185.57
9563,9112.826
131603,26258.322
58040,10352.51
47015,11755.534
76119,3684.4624
38393,30521.576
99677,11501.919
134335,4281.8477
93563,3130.98
131414,16259.688
32081,18439.35
119468,3921.9033
34982,94935.15
43909,115843.055
68128,2718.2024
103611,9680.74
113563,864.90027
24975,11323.281
142800,4212.2065
71758,3944.7532
140482,13911.46
93667,22124.365
85243,25401.363
66495,21387.672
94565,5883.4736
120933,10921.747
121644,159063.06
49731,4670.617
10184,26290.932
103807,66083.664
7921,12947.816
111403,20445.615
143109,44459.836
148507,2860.0059
135223,25860.93
69176,1406.56
12391,31093.727
143210,68213.72
96459,7471.0444
113335,12341.282
39242,132428.33
76156,518093.38
140856,5851.571
18320,3429.3445
64869,59873.906
69869,51038.39
139121,19266.416
116547,13641.479
67731,44153.496
90808,28997.652
131238,106915.086
12881,28916.432
62627,9525.776
358,21751.02
46112,19491.715
120163,4224.0317
78206,40864.65
108696,90005.266
145664,49048.363
15288,19728.527
25620,17960.883
48767,14101.046
4289,23120.518
56708,29043.162
8233,165977.1
51075,10597.6045
1605,8787.52
123228,1466.8103
76538,4099.749
80240,119633.516
97374,34208.223
33338,84772.84
16357,15799.803
34343,30767.62
5317,27007.586
94419,18046.508
145170,27416.625
130095,36056.4
58540,56043.434
125471,44429.074
34354,73065.28
5455,127623.46
124586,8722.018
44425,91025.02
82865,28948.521
67389,7604.8296
106581,187260.03
73104,36041.08
145279,64194.445
136263,15065.638
126592,322465.28
136580,85344.25
127919,22252.195
28246,4883.6016
119863,7311.0474
129622,18113.166
9546,40490.16
134642,13146.571
32730,10334.71
31667,18844.129
118279,2190.4443
13382,4124.6587
98102,18432.686
126529,9331.587
48142,7805.971
23358,47781.297
47286,11840.764
136094,34405.016
138561,153281.3
36606,14672.744
129904,32229.031
112629,43639.773
64371,14510.566
132328,7045.3794
42499,21895.543
108370,3403.7126
116464,31265.465
114138,2750.211
133631,52389.92
121804,5158.8335
3091,25893.564
84447,2320.5957
54195,53442.574
15228,10470.905
38311,1735.8824
101669,85129.164
144261,51450.055
59453,49640.465
93673,39982.527
46711,2080.8105
109808,6027.7925
18841,3495.7986
58400,108054.75
144356,15070.734
18710,24137.668
128502,32310.04
19726,82634.51
66336,4830.352
13620,169232.39
139678,3140.2976
27078,6967.293
120136,5531.468
74739,61223.582
124954,12427.429
24747,4227.886
63971,8837.294
64040,14991.957
67436,21058.715
136733,6082.3726
76285,91467.76
64956,6713.92
61811,81083.88
121460,15000.459
120216,8725.951
129188,13100.49
84337,40623.06
1317,134645.36
25093,154560.61
120316,41549.1
92028,9520.24
2213,5344.5557
15094,6762.0337
136398,2028.4803
142232,38654.215
97736,33067.094
90509,8397.597
69371,26342.875
132483,15446.684
54780,9488.728
88938,12764.933
128075,7260.3916
2686,26414.395
31807,80430.13
109769,57238.727
65718,10980.753
97481,23878.475
82979,43951.953
4492,10166.798
32460,5122.358
53202,86497.945
147254,13996.907
16914,13988.655
111549,85545.59
147437,8952.374
53775,20912.861
41616,71590.266
11488,9486.962
43532,95958.21
105233,20646.256
110088,11698.848
109559,162606.34
127843,10873.311
6272,7876.38
78776,29095.904
131008,11903.696
104931,127802.4
85601,13030.511
98193,51971.816
68135,17171.557
37730,82168.164
57133,43813.734
81183,11351.334
13586,1321.9504
131169,8241.157
44176,3018.8152
48927,63871.37
76279,25061.775
59676,55414.355
145394,113724.84
53862,133243.83
98395,19546.35
101299,156764.08
22084,26055.998
70509,67474.555
86219,15646.247
96158,49091.66
74185,12931.917
55594,36698.48
117405,7606.7104
117984,51009.87
44556,8418.737
116454,98224.76
5381,3687.8494
66939,75064.375
105130,100863.9
83789,6832.622
18664,35127.54
80267,33323.336
106894,8718.013
54758,10103.316
104077,22730.45
26352,7661.2383
134938,60920.324
41175,21627.65
81954,24014.406
94462,44561.434
148893,23167.336
124188,5975.474
138461,109053.05
3828,7196.5923
7354,13714.695
106133,6392.822
3198,21363.555
119638,7931.5303
127045,9071.728
72404,3185.0535
46560,9920.111
52006,65935.016
382,20917.305
70815,79096.305
102640,16475.535
2132,65867.04
135698,56996.434
117353,11974.374
125879,9683.221
147735,7898.414
63479,12000.298
106829,23847.783
52796,41137.402
62118,7105.539
105388,469338.28
142336,9078.204
82265,47817.6
104723,14011.12
14222,3106.4453
93944,81755.84
79488,11519.125
30339,9152.448
126970,26974.293
37109,82212.984
69261,20971.346
147461,38599.938
106075,48027.473
52857,44825.68
34910,16290.727
45073,17383.438
81787,114441.92
41757,15814.498
75991,146303.38
25435,15250.467
84625,120413.625
100875,4639.4585
51707,57416.797
26188,21964.416
46126,55879.383
102767,16021.544
66159,27212.896
124415,25414.78
61698,3258.1726
27420,12358.393
31752,83170.48
85186,25220.158
103787,52403.926
87973,77383.08
8960,57327.594
94716,102446.49
53284,34520.465
59132,25317.066
24842,111934.74
53714,36058.715
15577,7663.697
5722,3780.21
127620,88006.79
24872,16610.266
53789,71913.0
54881,35679.426
136393,53790.258
143810,16372.238
130021,170263.97
22490,6694.0537
125516,9428.777
109612,8021.94
27671,14526.372
113155,4843.057
143295,6492.412
30062,28850.686
72516,32539.53
53354,10330.123
44950,18123.951
61032,17172.549
129800,130633.11
63706,11483.072
54166,5195.943
16796,18455.732
98972,25473.643
9948,20038.064
101644,840.5377
44714,109258.516
46070,63765.938
106646,487619.8
124153,1845.0214
21279,50596.12
77999,2332.034
47533,23903.285
30617,91005.11
149598,23346.705
132319,5012.4634
140287,125024.06
47144,10019.249
142570,4823.6567
148259,112144.87
49825,17695.732
6143,16972.309
45032,16053.624
5998,78236.58
114407,996.8763
34562,27387.8
26432,8081.4956
9080,27645.09
18106,70667.78
145789,11822.38
87228,34774.098
51244,33009.258
127482,2760.7239
111560,8748.218
112381,51432.938
65866,6237.853
18012,20766.984
47839,2308.7078
84560,10820.89
28536,64342.58
72449,68945.4
22494,15610.19
76186,130683.836
7922,20097.75
12078,123878.93
33503,22143.96
76051,54723.33
139259,14003.313
42437,18542.629
2187,197442.39
69470,33076.32
3742,5852.6875
146306,8660.482
145192,10467.941
96369,46407.62
71704,3105.5198
55830,65401.16
31756,92986.39
28958,23821.26
39550,13604.807
102623,31553.637
82681,9093.282
141186,19485.834
141498,6547.2334
136337,23959.395
24517,90379.55
145774,13822.896
96592,7060.4375
26512,39627.836
58736,10529.352
77948,4070.084
110145,3153.4946
145987,21982.48
45380,31995.648
77536,5192.979
775,36053.96
89555,31005.37
31353,5953.2505
12963,19453.72
70300,48765.48
10242,24052.672
44013,6419.916
3880,48945.242
4612,13124.421
131482,7029.8687
86329,56428.637
6091,46990.066
113846,126589.06
136995,29412.283
42638,81167.75
81131,64068.953
122112,151516.72
27127,21923.248
126278,198144.02
100180,26537.598
131629,1628.2046
118256,42046.465
93687,40977.43
100565,25005.555
24369,53924.426
89827,18790.076
101086,116843.14
11652,10998.334
139891,10918.649
23766,51060.8
68560,21523.975
59279,23472.42
11213,18101.828
129764,7299.385
16477,3060.0566
130702,25312.428
138524,7327.978
75161,36913.223
130628,15651.509
61312,9732.781
120354,91666.35
104823,28840.418
130536,86498.32
142129,60864.055
143882,118022.84
19732,9164.576
44289,27362.723
108694,61313.234
108294,4668.2227
59292,11773.209
71418,13169.704
85823,17897.617
52930,8194.137
40250,64878.918
52978,13243.385
119421,14462.049
10845,5632.0977
66086,25468.064
29891,8571.143
88083,22337.71
43885,12252.381
89829,41856.844
77727,41162.156
1834,5900.3125
54437,3756.2207
140847,3767.1528
136291,20354.234
55720,4490.8306
51577,2149.9817
95898,10201.75
149200,15315.585
125148,37371.21
87176,22846.236
5992,82702.3
41843,4884.649
70918,28212.889
97300,22045.426
10099,5444.678
60559,4769.345
39196,58373.633
69202,61703.805
122588,9900.974
92929,25628.936
43601,37559.734
36115,50431.18
44699,30413.533
109626,5742.9766
101952,52021.812
53015,84164.414
44082,59818.543
122417,14462.439
79923,15949.21
53893,23147.65
21620,50475.96
73640,69790.52
67185,11288.576
128671,35879.99
70597,35930.355
108862,69656.21
54021,5376.428
60389,50408.484
112546,6045.8833
145278,83090.46
89248,186836.19
91567,37484.656
25992,15035.645
5413,42216.117
71372,34206.457
111092,170137.75
8910,19764.777
85665,31606.912
137492,10449.655
99700,7180.104
92981,82072.28
59968,6976.0283
117834,84471.625
38509,5725.918
60103,13217.844
7905,21425.61
92297,20565.066
134808,13279.282
83402,19941.953
24267,7125.099
149141,3443.3633
30552,4879.554
4315,40900.973
17659,4089.4639
86077,83937.27
110370,31706.506
55308,62573.566
8117,19161.463
94664,33286.895
34839,18233.34
132426,11132.381
85404,38528.953
74506,99552.37
83012,15818.158
59893,5387.4497
41086,70792.33
126481,34002.727
88649,53924.047
79624,15044.98
148490,38813.984
74372,5044.9463
105647,72323.92
5052,36039.45
137835,6222.6304
95880,71896.984
124070,19417.867
90965,6564.9717
25676,29081.295
33922,2656.9512
108932,32697.904
48756,6066.0786
54715,84680.45
69538,10827.6
120068,42059.605
145449,60959.258
123953,39479.746
109321,53482.438
11667,205022.27
74101,58429.348
16878,25283.08
10729,8970.399
15363,66057.88
72035,35952.773
54912,17912.623
98037,42254.31
108455,7099.192
79103,12044.538
124824,22075.621
37935,11064.95
86682,35052.707
131881,86109.88
128101,6930.582
53377,39632.496
128669,4992.5547
62184,33525.53
76498,4748.056
128204,9345.591
113719,3104.0388
91182,2078.2705
48255,65861.414
19260,84625.48
101316,9616.492
34643,62504.11
53792,7725.056
134144,7328.4175
103395,92266.64
127357,1802.5421
128692,28022.732
84305,24758.58
29845,83703.766
131301,47595.36
124940,5721.1543
86094,262735.8
72622,23400.758
49063,30112.428
32867,10189.6875
104990,35528.027
62520,68956.266
50709,55433.5
35694,26566.951
64648,51806.656
148949,28936.979
86171,13665.481
40384,11900.844
90372,16876.176
39301,3317.964
78795,30903.354
20418,57779.94
138744,9168.726
10063,65162.4
20711,71830.4
66098,11915.283
28450,6299.894
130263,14920.714
15393,7961.2695
97852,8096.6943
65377,60377.316
11241,36725.48
68622,7115.568
100822,3100.4863
86336,4808.1064
144853,17401.986
73472,71275.16
92739,66601.19
36002,121006.19
24015,18599.04
135643,90259.234
110036,6024.8623
82693,5727.909
27107,14973.969
141255,7761.9204
226,21261.533
133178,15245.261
57317,32709.125
45059,23430.596
76644,47740.32
139226,155373.75
31726,14086.444
70363,67183.03
8144,7044.863
34824,83103.266
118564,6522.7314
80067,46299.76
17696,32859.91
132840,10995.595
125886,34344.53
8490,38886.582
18418,187730.23
126676,47249.773
54023,20140.693
148841,30969.453
108239,16818.512
139193,11589.495
44739,9912.415
42924,50669.285
132076,5627.6143
64527,4785.7417
102159,25165.453
105017,17846.229
106114,20297.062
28367,79121.83
103881,82724.54
71080,95734.664
17712,8102.4917
20489,3361.9187
62974,3065.2046
92987,84074.766
133607,4535.266
71680,28201.514
131572,51262.68
82022,47474.73
91137,38797.65
48724,9908.131
58416,12489.158
124963,85375.664
97591,5528.7085
43137,5215.445
11786,15478.587
94679,22680.887
122678,24801.95
9906,88491.73
33648,180144.11
131559,29244.732
86909,5976.6284
136983,31037.645
138924,2648.986
125307,15360.905
64663,13620.11
115581,50462.492
92087,7028.779
14090,28796.736
82224,4136.974
38883,24309.125
77122,14063.562
16052,10607.889
50926,94416.36
51213,22885.031
49748,4186.9263
38,62822.87
118168,37707.92
145907,114617.2
20246,9446.545
66968,27457.707
93587,25841.293
46575,22618.824
114614,22870.662
76703,85963.19
8446,3930.5576
22268,19246.605
111142,9073.35
142531,5364.365
48464,4947.9795
53745,6119.9927
92099,82835.016
59578,5421.411
110474,7450.6494
11049,7980.2373
2118,24713.135
35269,2595.8892
12364,196438.64
53929,11868.24
105753,10853.51
3158,13559.903
147957,2761.3833
63946,16092.262
16416,111137.4
126801,18988.377
86298,54463.227
119993,10594.143
116008,5698.5547
50693,4326.2905
149260,23343.748
125814,122783.65
52301,8881.662
80947,64882.215
120763,33534.023
53843,87209.08
122383,38294.332
23415,7280.805
144152,41463.156
36188,35188.89
33127,28019.94
136183,252934.05
135591,67444.8
138589,64953.016
93362,29660.97
127760,26149.527
141056,23347.518
30433,151861.61
13032,110778.53
4545,15210.355
39209,5577.179
88287,28120.12
60451,2495.0596
14762,26118.053
13788,76802.055
53077,109698.58
11651,12082.002
54073,6126.7617
107500,17638.4
26861,9313.295
88746,82542.84
104532,20273.846
92499,4983.5527
18249,2581.5718
16668,23211.174
70719,6429.2686
59752,54937.555
93044,11910.3545
67273,131259.78
41257,8723.222
143548,11091.074
148497,12518.329
92544,12375.013
47196,25521.797
38765,44642.676
146477,3247.1736
50881,5375.667
136711,5710.5903
66852,82497.59
137643,16288.646
127756,47064.094
120825,7111.0664
37207,20314.479
43870,62838.535
113679,84838.516
46271,24519.098
22410,1361.4594
82488,31057.668
72602,8848.995
12697,116774.77
17720,71846.64
56257,3838.4192
56121,59639.508
6840,49644.543
100776,5404.8555
3240,31881.602
47890,12213.225
131367,8583.532
49355,42950.08
112923,7454.676
51062,59613.652
126984,10247.119
144940,5089.7646
57370,13575.074
59337,3197.2156
27822,277061.0
105606,41544.062
11476,3802.8022
6929,5265.6196
53101,16656.164
90494,84630.83
145481,25513.105
51414,48637.99
54363,4558.8745
57394,46913.996
47900,59700.656
135919,54780.684
75863,18731.74
144043,137634.05
125248,64219.0
87302,1100.7847
13774,10834.504
127744,8193.492
123325,5615.83
93799,15489.616
98399,8727.338
123208,75576.55
44536,36536.195
72670,6930.845
40790,35609.31
80129,11184.698
97001,62545.457
127286,27762.023
128520,9111.33
99957,5216.629
61891,12802.147
141054,4655.4595
14475,51224.05
95417,11382.542
70476,43938.67
69839,128507.03
93393,13891.696
7767,133731.7
112124,12102.873
127225,6033.2783
24929,80836.875
138113,20443.266
27884,34598.47
34578,121588.93
64642,456280.66
80624,31527.822
139148,66335.08
101015,3251.6067
128604,163844.73
34260,9882.099
64756,40855.316
66729,20205.102
66643,5794.22
82532,55959.08
99415,86812.664
87169,2859.6826
110186,49433.203
92090,9975.577
86353,14336.07
79543,17354.287
97964,3843.2673
23159,14552.787
127506,31680.576
39314,5134.7686
17063,30768.865
118713,6265.56
131015,77700.96
50064,22767.07
110442,5169.493
26259,25899.996
99595,170446.9
85485,37234.535
73204,109468.945
52688,5268.3003
134557,67958.836
3905,5852.455
30971,12403.833
57210,38427.062
24768,14025.392
89076,39150.363
64430,45522.43
32344,12572.43
90898,112015.37
37423,20508.168
24483,36319.51
123532,35572.37
108114,9318.111
95279,39360.03
97714,54296.277
139984,5915.8867
104328,6769.4365
36620,9608.523
2894,3023.3418
42876,43396.11
147251,8186.331
132847,14768.246
15233,11244.642
120481,48283.984
9084,49139.547
120536,6654.15
54576,10572.336
144972,1440.401
47807,33697.188
125848,23583.398
47229,267939.34
45756,54746.24
1433,6169.01
148632,27189.453
93308,98373.11
53688,9066.536
13659,14968.689
67321,23722.42
75157,29403.945
48291,8762.675
64826,15032.241
23410,14738.403
86196,35093.902
107132,24827.26
51442,4992.223
26657,46337.363
109235,5127.392
19781,56436.18
72486,9299.807
132048,5414.277
90489,5404.8096
58380,53200.387
221,114864.74
117060,15547.451
82060,56404.855
33047,14780.501
86792,14215.724
16421,21109.04
92673,25972.18
112753,16062.838
107626,10616.621
133100,9679.325
6520,25371.996
21333,13859.565
44444,214009.39
141295,265441.16
38001,9362.886
129406,50736.16
146130,1273.7124
6832,8606.037
60363,10597.143
147135,16720.963
127102,6886.844
130978,112622.65
55116,179187.2
124771,15038.054
59859,18732.918
14281,262371.44
61577,1145.2677
1673,9645.039
30471,2848.1145
64848,45145.688
59123,10244.308
27312,15992.593
41490,79285.51
7729,143486.33
31052,76136.05
50724,30758.09
96248,19089.518
57143,4805.22
60765,123948.15
107378,113128.94
80991,5090.914
29187,76154.42
146124,30928.54
66608,15030.66
129926,21318.48
52400,5981.284
115301,9810.783
83096,46949.547
73094,17729.854
136130,17318.62
22282,25769.863
29684,286433.44
32096,63000.48
96332,14758.807
25750,23666.016
154,1196.1843
61087,71278.36
130148,21668.197
17637,6209.4053
91578,8265.549
68254,15053.14
81648,35304.312
135310,13503.171
115910,6791.0195
128537,7868.08
5759,51268.777
32568,26871.246
36182,231928.4
67085,6606.933
6955,2570.102
29080,3765.631
107594,69906.22
148707,20372.482
114672,54126.004
142587,12187.784
94639,84127.375
7476,113970.45
77483,12055.935
17434,37485.027
72678,1008.6694
21623,34503.816
140599,22769.752
64982,32572.996
5568,25984.71
59262,32706.162
4754,20261.297
73655,3491.185
142220,2955.7231
25390,10793.563
116944,51186.617
93822,44075.566
139887,16042.394
79247,43569.258
146555,20386.725
111626,39761.12
1258,28210.076
22578,4337.75
96045,10852.798
139111,134043.02
110069,28982.049
82000,5412.313
51511,37138.223
33813,2687.736
29631,39879.53
66912,10860.64
30192,4968.0156
124271,39375.125
142919,1591.4083
125167,15840.536
48304,37160.67
125515,118815.16
104759,44660.074
67833,142239.5
140995,55130.91
117571,22874.719
103091,6419.6797
140047,10967.229
31985,63908.04
133764,44682.2
137246,21664.97
84735,7401.679
102842,37858.152
2548,19414.473
10582,48762.48
73949,52881.125
57841,5394.918
55790,41192.094
26446,43297.49
126284,48853.23
34063,72421.62
39673,12409.894
116362,228099.9
27286,8633.349
105106,37703.7
18292,3605.237
66117,28021.807
121928,11666.542
87386,2878.4546
3993,70468.3
123324,32865.66
17775,75193.39
106253,10227.813
19444,1184.0032
91354,28855.158
146543,42078.164
67040,44213.703
131130,1097.5731
72477,6020.435
109921,35857.78
19350,53944.355
80489,167048.98
147297,74383.28
42389,22268.357
129266,8514.271
25267,52383.31
3737,180556.84
20343,16166.218
134496,38083.914
118371,4247.8643
26778,11505.694
15344,2919.7307
127062,28782.14
102417,1483.626
79346,3554.652
70585,20115.709
120171,8783.225
15832,47374.22
62138,16574.225
113728,56695.875
93221,44841.105
99733,12257.625
62431,28836.371
143708,2258.4922
46336,2365.7588
75538,17985.219
111750,9905.3
81691,118264.695
130464,2381.0623
81423,97882.766
80606,98600.125
79231,25609.457
116022,22513.203
78685,18527.523
105556,165776.6
77829,38544.133
85023,8885.629
124801,52688.633
45210,4134.0234
130870,20015.09
119561,20509.115
21936,1517.923
115497,7825.4976
48402,19933.764
77216,39513.727
27633,13013.388
108586,2168.069
119402,21241.143
26745,34837.52
63158,11014.973
145791,24340.383
142981,185793.53
83479,19353.078
135584,2655.9375
18028,18859.102
92286,470786.66
5927,7879.917
148651,23197.633
71118,5315.6587
119828,94546.61
20661,20828.713
12962,6501.5356
35027,3884.0212
70891,60763.273
77106,1823.0225
6686,41496.137
54029,10620.376
54863,10025.172
99571,28838.889
122919,9155.452
98472,126699.89
133426,24074.63
58567,15685.957
134685,12841.792
16296,8419.745
30017,18134.396
134667,31479.145
17745,107868.164
44318,4624.813
26456,5389.9546
56066,36113.305
33334,11332.228
143566,7604.101
65321,37953.047
135926,82212.19
45352,32929.69
48959,22374.057
79307,17794.223
119726,92047.65
77674,5552.382
40485,7352.86
94762,28631.32
27392,39155.11
68001,7105.9883
106764,172639.6
38801,71294.92
65642,141623.22
47736,56877.53
1990,33906.312
11578,12837.799
22365,14391.041
133402,92572.21
55202,73277.5
80542,12773.941
48016,10492.926
18008,1218.7585
10494,89215.53
78263,49311.76
141292,10034.376
104744,5921.0303
63548,82010.68
117672,31036.57
108692,84042.54
29040,31661.998
117744,16474.193
39546,30880.139
71442,7485.984
31551,2928.7197
136549,4227.535
2564,25170.43
90191,21166.68
118037,119235.52
139652,4336.3335
68470,95403.24
29840,19650.71
137361,8249.431
34904,37950.8
125642,64833.38
70403,9067.565
62142,20030.357
138050,3327.3767
33985,9556.721
88656,5143.165
28042,8664.809
103409,39455.445
78721,44878.723
12210,53470.79
22620,7142.9565
93100,51789.887
56392,9022.973
133211,51183.207
41185,4669.2754
4060,16357.999
29408,10142.421
26459,58806.633
28487,119368.87
105076,4843.421
3103,19091.844
58172,5601.9316
76771,67458.72
12321,12209.869
132489,2270.4106
101246,46139.332
110382,42789.09
42049,16538.766
142224,8362.092
86812,8269.27
146727,1864.0321
144682,18842.518
42393,28816.287
55245,85218.34
49189,14876.458
26530,9471.02
65175,13959.039
149919,61547.887
32760,7142.134
41462,7044.0737
3140,46591.504
61429,20332.332
132598,1773.2632
36091,23131.637
108662,4803.6694
99063,120736.914
89662,61908.152
55495,53406.36
135182,71519.66
128210,63654.22
142211,8341.95
1800,36162.285
117833,27158.377
73996,10464.561
97044,4703.8687
1286,78852.76
78426,8736.407
41518,3676.1587
49438,2731.7168
71125,8257.69
46158,6299.0054
138223,18102.943
42446,10072.902
128039,10680.411
41862,28288.709
144175,10678.833
142000,11698.792
136048,6551.3594
27614,24592.426
53891,35192.57
21654,5887.827
81116,8463.296
24915,40494.742
99725,1407.6366
132806,12342.063
107614,21787.19
73867,73441.266
42,9971.752
91951,1645.4415
113529,6821.822
8492,565460.75
132537,20301.812
122363,50835.32
110349,86966.66
16759,12215.88
40720,7659.737
13183,22351.17
24064,9488.068
70082,15738.977
6564,2714.9639
46364,43205.797
58915,11424.147
139781,218935.27
109598,81772.99
99225,22833.59
35880,35055.93
31686,57420.64
146446,46673.848
15845,2159.161
122597,6412.1025
108422,41362.297
63234,14107.21
45932,35780.395
116258,30850.71
136840,16860.426
56812,5395.443
5122,12262.86
141988,7349.605
69022,13718.032
52784,3854.6406
65340,143915.61
107709,18844.75
78914,122863.59
35796,7218.399
8986,55832.438
23862,65523.23
68943,18530.564
116291,35758.242
21411,71380.54
55747,26447.477
114196,105598.73
5506,58663.312
139991,874.46454
83642,3012.0095
44191,17257.281
57628,2727.3452
93505,71083.8
42538,7047.614
40697,10401.643
89570,1376.9075
131143,21184.97
81397,25583.947
119307,18055.582
92221,37442.04
30612,111107.51
60176,116528.33
44791,3937.2712
117462,33504.105
67038,68925.16
59356,8709.553
87363,33524.055
36814,5431.864
130258,80937.43
20528,9654.479
138663,21082.746
89237,10396.344
52720,15019.87
41491,4263.854
71366,7398.4014
47166,14312.931
24958,21000.357
84970,10904.562
85707,60855.152
21566,23441.55
92480,146572.16
86269,39103.035
34843,5115.763
41373,29821.281
129758,390104.03
109123,18370.387
131162,25132.932
125762,10973.121
99267,56376.44
47730,23030.56
132269,58137.61
12343,4531.884
66,8254.217
80504,129271.664
103789,22758.883
105661,6572.027
117680,29854.65
17187,10896.323
25548,6507.2837
135251,10504.494
140854,52487.1
40966,28928.36
51934,19504.738
39370,12082.3
122455,112827.22
9801,13128.112
15688,85067.93
69158,78788.7
149572,5216.4746
146192,7948.6123
66572,32194.95
66425,11029.184
41911,18275.945
63465,9266.526
92901,13792.245
71664,8746.277
135071,26555.836
100171,10491.542
32117,10976.656
127152,126569.32
91391,30019.002
144041,19703.568
40409,14797.598
31223,4481.2627
146650,52197.38
134124,8301.518
59142,10900.829
47599,57791.965
131783,19034.713
91004,12592.931
5574,14559.85
113636,7044.3433
121493,5483.7173
69912,115425.06
34851,8934.054
138156,59649.793
23101,11217.844
114327,21849.893
147253,2885.3118
66550,4791.1636
77469,89358.875
47825,38893.51
83885,19074.695
5273,59515.92
110757,57447.824
103934,60190.598
48274,6570.66
16694,5605.543
73363,22846.627
65679,2034.5769
133504,156378.72
29747,39459.13
50593,63649.152
41295,40481.46
4111,153409.02
51766,11527.685
75373,137597.23
4310,11405.916
133496,58579.645
39951,17750.42
74609,11435.686
83972,107932.74
104058,137876.42
18212,956.3581
136215,30815.252
82008,63685.062
14669,8827.151
81258,940.06433
42912,14351.469
87101,67593.05
46171,48026.36
94580,6318.622
64968,65292.355
48596,58111.82
124711,67790.81
141896,45704.43
130741,230022.95
89117,11237.125
38766,17229.24
84357,11928.911
89547,134057.55
146582,4867.777
128091,18746.047
143397,8242.548
94449,11659.895
69630,7191.967
3206,13623.227
117696,40954.707
88622,98569.05
68774,1373.8181
51423,6313.7324
96751,924.9784
126999,99164.9
74854,8467.134
119275,28196.504
92453,17756.703
43862,6622.784
117387,5104.7437
111895,5736.744
86542,7972.9385
37025,47655.668
124498,26258.291
22432,2925.4456
113229,3900.3113
98407,64811.242
65297,20035.682
123236,7702.4614
22559,19697.393
16291,40009.168
109281,65529.77
98457,6835.8687
31240,5028.39
145180,2703.4578
83576,8527.859
74187,15781.055
57447,86382.88
19929,4370.3853
56498,5365.0483
44619,52034.51
126307,130138.99
59761,22182.297
114609,10634.451
46919,24625.021
85650,8386.957
22507,26125.695
66942,37463.28
107011,12357.963
115505,7218.753
119334,71235.63
144713,34341.14
110811,4138.612
44005,95663.164
117133,59209.047
104790,11569.119
14710,21667.957
22002,32106.316
75271,2328.028
95918,27807.607
148233,10146.31
68167,5388.458
126744,171422.34
149976,8427.157
37180,45429.996
64687,1175.3624
5124,26123.361
63721,30697.334
115785,60182.973
86128,3014.7817
79480,20861.143
17811,2826.0752
5363,70405.555
4578,45558.742
16587,6675.548
146544,44189.44
24961,5226.432
85998,5168.34
22506,22285.54
54318,6130.2163
32148,104320.18
977,13622.543
138158,17145.072
42136,18016.387
30524,1199.237
106317,51507.95
81812,14206.991
88149,101541.766
99538,72452.414
166,107767.516
82749,116885.695
13380,8935.429
54364,3855.9314
97228,168318.75
131809,29136.02
72358,7143.419
77791,10564.37
63597,18365.63
84868,33079.1
96778,12441.905
66057,10156.737
25794,84751.336
10821,12061.847
141128,13051.807
127600,66153.84
61794,30848.814
53029,34892.535
19973,7370.252
104864,50478.195
113395,124007.31
69878,108621.32
13173,14002.178
29177,29175.193
69753,2984.5588
73252,84758.586
41652,109976.54
106300,5049.8306
113793,4134.096
138747,101847.78
52863,13004.638
1749,10184.499
48951,17294.023
58851,44784.94
62267,60197.445
130114,27866.527
122854,41600.35
94608,60936.03
106671,13934.316
117337,5720.1626
84095,36083.688
95691,6329.728
108341,53070.508
60338,8783.152
146292,12039.691
99375,58561.3
10646,46433.645
79338,139957.9
126179,6838.2407
80314,100762.26
54266,9410.519
112418,1999.5702
124549,102416.88
144471,14282.349
48957,52895.95
130852,49528.688
120406,37901.336
51456,10784.085
109257,42195.76
24286,68367.13
115180,206486.3
41097,76484.51
74963,34316.49
56987,14612.506
123695,48852.008
56130,6045.8843
59714,95574.03
93894,4793.308
141544,10472.178
138462,28576.443
62225,15727.078
104887,72595.35
34739,29345.26
140512,35935.32
96786,13266.364
144710,15547.313
57950,13737.883
96884,129001.97
115007,16391.875
135022,174263.38
83638,18482.18
1429,6215.9634
124612,7839.8706
36011,44103.023
124294,74689.38
39891,10849.543
137430,8901.059
135605,8967.547
119405,44162.812
128899,24533.283
74233,17997.914
14167,25887.234
103927,46926.285
89550,75102.414
90333,3396.3293
52851,5000.841
93045,136735.06
43704,13200.116
59477,12448.901
23158,71187.55
21354,48266.996
127902,16078.179
124966,7701.1934
71985,10266.894
39459,127616.46
54657,49584.203
57228,42969.203
68217,13784.909
67412,28861.453
50476,44571.98
59390,5086.68
76936,3016.6597
104398,44288.5
111498,7695.1445
75805,26721.848
11025,11335.462
22092,23895.863
95127,34187.535
115088,133969.25
104638,7936.2173
63995,21627.27
120067,70357.85
119025,4035.257
11072,19756.28
72894,1504.8596
112072,5245.073
11273,40535.73
103591,126976.45
28938,4330.6157
56055,108284.484
16136,8988.72
72364,53058.5
52353,12142.264
126312,32411.805
33653,172398.2
95884,75815.7
116699,70787.69
93538,8174.485
126461,33484.08
70361,10391.202
96992,97018.484
60287,40720.39
90817,11812.391
15710,10572.194
62366,1575.3915
44329,2836.9348
81876,6758.885
28299,16449.898
55490,30814.277
2694,44035.324
62845,244784.39
9109,14158.001
12141,4698.8936
7372,5284.3447
10556,207797.73
55274,14400.998
129929,23394.99
64972,11122.682
80714,97908.42
95276,2834.1152
19497,65389.195
93515,177732.3
31204,16328.16
134762,1936.0598
98072,9602.739
40443,8042.2563
145840,52036.375
38722,48369.902
11117,27801.738
108311,141975.61
55255,56247.14
68799,51775.176
21162,97449.72
334,7654.0264
145405,86047.945
37522,84411.8
48591,23654.18
97549,33385.953
120362,18629.879
52405,41264.273
10487,32849.33
129653,4585.0234
45095,57380.832
131467,16306.991
118996,20168.441
89931,157631.36
54946,19955.422
50987,203943.1
42612,84014.3
15664,67715.8
1362,5084.3125
137336,24776.482
106656,52494.855
70057,46609.043
7792,104890.89
114423,23815.355
138112,51799.965
15887,13038.649
24677,8137.7754
100169,12022.853
99145,9774.977
138423,19007.254
74518,19616.672
93697,14875.01
2444,3448.8906
1610,105916.98
35815,12444.696
108008,22542.646
131011,11467.921
132907,41005.445
32527,11655.0625
130432,27891.307
10690,21328.445
78274,37503.62
15421,79363.69
55970,16532.12
143123,115045.98
140310,18754.627
108128,14661.985
47870,97108.13
109183,101970.44
38645,24809.258
12091,19694.379
58373,67449.92
80231,31543.486
51751,138007.36
133879,30578.475
6107,14396.371
19187,15502.197
24230,24839.607
111419,79705.516
27187,3195.179
138877,7151.7847
74184,9423.031
33110,33161.426
39624,9541.766
78397,19171.273
20025,3629.242
18881,13832.285
78209,17237.139
77506,22316.861
65195,21261.715
144593,76866.87
100515,124928.55
50927,86346.54
65327,9454.318
143142,9825.944
143099,19594.795
2629,12629.095
114663,11093.81
99451,17277.357
19894,7935.1304
33876,102479.51
45537,10610.42
35482,71283.695
115023,12035.814
3898,5881.917
94523,3095.689
65113,9899.846
95386,110041.7
36361,30636.178
143817,29018.809
18571,13677.325
75245,114912.66
50272,21820.562
61161,7309.1284
21728,52049.04
6533,44132.14
102283,61247.547
84588,5979.0063
128690,5853.673
96469,5736.537
10684,9407.594
72581,9965.756
97825,145201.44
94450,6458.2725
22226,53854.45
132398,15706.888
48511,7765.617
56899,116092.05
10663,238848.42
110366,63472.105
86003,18577.066
97269,67835.28
138375,31489.322
74876,239752.92
63113,10007.005
30622,31187.906
49072,150224.14
43465,4321.846
101978,23369.26
81546,50704.18
133754,68939.91
108688,39554.043
9278,11109.014
90193,3873.2903
52807,28551.531
132990,59136.973
100652,102030.484
124336,6265.517
11149,62302.203
114830,55938.79
44281,4396.086
138560,19556.516
4211,106533.43
92183,10240.42
13138,30917.064
133336,1526.1663
29058,8353.825
84932,10108.908
51928,45346.32
7497,78577.914
31063,41763.016
3621,10559.96
148734,6354.628
120432,7742.447
97808,23022.852
4461,39033.484
17188,8438.187
115714,9313.295
84472,129350.81
27210,66421.58
29675,12851.481
127324,119974.34
116860,49858.355
118887,102393.945
79147,354809.8
132817,14330.944
128525,2257.5796
112125,17407.576
20367,9150.184
43839,7508.5283
140531,31581.684
102936,9664.557
144269,37132.332
97928,37332.383
101620,17815.986
4624,18845.334
59169,104697.305
34212,46484.297
110605,11149.841
144119,183206.14
77606,605.0436
101448,32665.568
56865,7176.261
15030,6408.208
80294,63418.125
22643,118661.21
89005,11106.372
56030,20962.36
96465,19449.104
59364,6300.5464
131306,29131.193
132375,3874.9556
16164,26903.447
97898,23899.09
97259,26533.645
133234,20205.734
123348,25306.082
93460,94268.44
79162,36828.375
88123,21835.99
41772,16199.789
80713,13172.041
97010,4438.5767
26751,2803.0728
125575,12776.346
88499,31420.758
31564,7026.2056
28479,41722.188
103084,245437.81
110529,18774.84
29293,32241.344
42545,7010.4746
58810,9926.834
107877,4862.271
13486,201494.03
39296,10007.158
77229,87729.76
85005,6850.0156
146573,47654.043
13240,16834.65
123066,7768.008
58312,65368.742
50562,31574.5
20098,28252.15
137004,8545.497
39840,18701.293
13078,5772.9644
13021,31382.643
42516,12549.348
94793,34651.02
54571,76650.164
111883,28257.475
61009,54884.098
94992,35549.574
124680,285814.7
564,45137.66
129098,24083.66
137536,130223.05
123622,239216.84
132145,3895.6992
96130,4592.6797
74701,15737.565
106119,5100.129
67749,4625.4414
145807,7806.9707
65286,25868.57
76698,23869.578
116688,81076.516
114195,64157.094
105227,16865.488
126437,8335.006
19400,10573.236
86777,9581.602
11766,18128.28
56437,7884.3306
143329,43725.367
68548,17969.465
75890,3989.5374
47639,34173.293
105418,21492.99
148384,24114.824
149782,6462.242
77779,11740.062
86356,30166.89
109996,40359.81
48990,1803.94
69332,34891.008
39743,71644.234
32972,2615.8032
134051,19961.24
76796,29442.506
80080,7754.888
129061,4754.7793
95334,8550.212
126789,7991.621
44291,25010.963
65288,12193.1045
3929,26428.45
127005,15723.207
146183,7985.383
1348,54686.23
45428,54675.062
76746,11010.934
78366,56024.76
113878,38474.15
121375,71477.23
15480,88896.91
48410,11673.794
78983,37555.215
142450,8840.204
105154,1982.5641
16146,25475.63
51101,128834.99
44300,122142.18
116244,8528.984
109823,5618.8916
115619,23989.055
33857,31699.182
77736,126814.7
41681,4811.5015
128789,8149.271
105439,39586.84
61946,178160.25
108792,3696.469
132456,52498.74
146833,5849.854
32408,30745.775
105722,2122.0476
21185,16468.342
134444,36259.05
20981,65724.39
130999,55712.26
17924,42378.973
9336,22964.82
111523,12333.167
149767,36113.918
6902,82919.49
26849,16665.44
39657,20949.445
130248,112340.414
58188,42074.934
47874,7331.073
52980,29428.248
81071,50034.055
102256,54497.39
112559,4304.709
27705,43174.844
49769,15146.442
20339,24680.492
26167,168385.52
137297,4776.458
89118,16612.21
109552,7021.586
68169,7847.582
94298,30969.086
147168,38872.223
98268,113252.31
81259,3532.8694
37791,20799.346
105919,110921.78
137960,11424.7295
129272,45065.67
73311,98473.71
130717,5713.046
112378,117305.266
94243,27839.861
41841,46333.38
32761,53125.973
97453,107120.68
144576,81613.945
71338,122709.95
124119,1735.0798
67032,7579.921
94081,19639.879
142093,29319.064
102376,4760.6113
129395,57208.74
75109,4101.7627
89230,41053.1
85299,11283.597
149698,29802.807
56306,42861.594
37546,16948.191
127471,31728.402
26836,81475.06
91216,70127.97
43156,106123.11
142468,29107.885
17544,38277.367
112782,4725.0615
50265,109264.414
70541,48946.91
14414,14784.149
91873,167935.3
145735,30891.633
105508,59461.723
134592,10147.572
49713,1633.0208
2282,14378.993
55845,17130.729
89178,85984.914
76579,19765.93
9657,43335.52
47615,22974.287
63941,17702.482
60923,5079.2046
51130,26071.395
137690,39409.97
66710,36175.816
102785,1516.6357
111878,7858.358
34549,216680.52
29494,12822.996
66017,25696.945
54860,11861.277
1431,139257.1
140044,89868.26
81720,11399.617
119188,17467.672
119859,117508.36
19625,3172.606
32099,2047.0898
121155,8719.702
77248,51524.023
48779,49758.355
142533,2011.8269
56367,73254.5
118814,19768.885
56426,11609.628
63743,13186.501
19435,39332.22
131177,70908.58
39433,60448.285
139360,145476.03
145782,137403.39
33019,71671.305
17635,16437.195
28947,12156.226
37566,24014.14
50378,172120.53
123832,52646.63
16919,54909.164
143801,69955.53
138614,16593.242
63618,27333.922
5350,21425.61
128341,74645.2
21965,6088.8438
102045,47230.04
12587,55041.934
113195,38084.33
2823,24955.068
105905,18016.576
49786,37812.234
63389,90387.07
31719,8140.695
30713,65273.848
91044,60734.11
114992,117300.27
149897,19642.285
89371,20291.684
32002,23245.07
112295,14785.007
137660,28067.73
125564,64905.957
147306,25284.898
25276,11603.937
115858,4554.102
56997,86537.18
113207,27616.59
2705,52302.516
96041,17013.967
81158,86800.32
17072,27968.78
91977,932.70056
126807,8026.9805
87869,25860.59
74061,8298.238
90925,8465.367
148744,203620.6
141714,15710.537
11893,30052.326
43993,14956.862
99535,7556.048
28534,6620.1455
51050,3177.74
104108,1065.8663
123360,21184.979
130943,21811.795
74608,6952.649
19195,3016.7148
97459,6399.319
122560,16785.557
28991,92723.45
67834,40758.195
126331,23253.912
20382,3321.8948
23489,51493.547
71102,8295.24
117422,66109.86
139043,14812.254
122382,117989.984
47208,2813.2566
27093,28702.46
101767,12356.539
17357,18888.979
121315,15760.837
79673,1422.3939
142323,18826.26
1140,4234.118
63858,111700.66
144649,155178.27
13370,80985.59
77708,168525.42
69853,23506.213
108456,54009.168
46133,8064.406
114342,17147.63
121898,18853.404
21550,44588.195
34426,7227.315
147991,27080.059
119330,6912.1753
11518,41882.016
1112,8056.578
35358,27276.225
120576,85068.46
133164,5685.885
25702,3222.2927
6804,45922.633
61689,11344.161
62752,10437.457
144726,3490.729
147004,13591.299
12109,6283.819
103229,86157.81
31776,100302.13
77165,36506.85
29541,12001.413
15722,17141.098
21320,126858.234
100980,11414.212
87902,14364.517
23043,41384.746
138102,11861.401
133091,96868.84
144451,4203.658
79621,141325.23
11961,17716.262
90556,42666.805
19429,15243.722
49183,16802.438
139635,7708.3213
101634,64076.59
27904,5424.658
54787,78239.43
76187,491198.66
42667,14950.198
6750,2621.3
42812,4496.2793
102383,33769.324
146850,7659.3394
74557,37373.734
3901,11217.897
64812,54687.598
145496,84543.8
116886,6022.8105
17559,2167.021
25857,83021.37
140916,9762.26
61229,4582.467
112664,13070.01
115924,68906.22
31682,8067.757
20590,108541.11
77795,26940.416
118799,17712.637
6205,10700.101
52015,45436.52
146128,7564.8506
78186,44934.18
108322,91127.445
28693,90428.22
46665,82903.49
59366,7793.573
139697,109044.77
131136,24428.457
115285,337395.2
60100,33389.145
132434,28371.543
76325,13715.955
129446,76182.18
84548,252631.25
147013,10514.759
117820,47144.48
133928,6225.186
32383,24895.518
19794,6302.189
89030,24761.959
19103,842.79266
89232,6812.5405
145967,6821.579
42422,94625.04
55399,12163.576
38759,128578.664
10265,23656.893
74684,11273.804
66128,8535.523
30905,128899.48
56317,6908.8975
28686,23509.541
8512,41325.715
102003,34961.004
57977,140682.83
18397,7620.0312
138848,4984.516
110874,89430.55
109051,45907.14
88837,13390.796
129994,40136.92
21857,20978.408
515,10309.106
79796,29908.322
72592,76142.055
53064,30640.08
57716,32846.992
142375,96992.38
29016,3894.3687
14331,19174.44
80876,6839.0654
25855,60639.11
126671,2400.3616
98902,73410.47
134332,2107.5334
56094,51439.395
92965,24771.469
20393,21820.043
80156,94999.55
143508,80059.41
11730,5960.566
74675,41639.78
53647,43281.58
43217,404295.47
125763,36399.5
32591,31626.463
141937,91214.47
46975,32017.234
59769,11408.945
17093,7129.497
5025,58010.746
46061,84427.27
138624,7387.5005
9655,6898.802
22157,14189.626
4713,5530.9307
89818,1492.9545
15721,7538.931
96213,33774.67
72644,95815.34
147069,4711.905
65490,7069.9766
34892,19058.166
74245,106638.016
64386,25530.658
111530,4179.394
10095,36414.45
23280,382272.5
125503,19329.76
48316,6245.1577
72651,9355.46
106950,8634.056
129930,5271.713
9804,16362.229
13095,160925.97
109796,35937.742
104402,103323.38
13684,9485.454
19668,6199.546
52266,16743.455
3254,62900.785
9463,3277.1504
58468,39400.066
121426,19409.438
10505,10478.512
84083,13832.687
16018,15139.382
56630,34981.637
12234,9096.451
81257,127984.586
118743,2613.3953
45368,67365.8
119829,4595.3306
92693,82675.06
63241,7932.7627
9852,7538.6777
138424,43658.46
1464,1594.4869
1549,74563.47
107536,5801.2925
120937,7787.2705
49180,10100.969
112759,7962.4897
119282,7433.3076
77632,9924.421
65550,99643.37
115384,4932.879
8283,15064.446
48662,14813.211
36735,34061.32
131924,6021.591
88052,28331.096
133777,54136.52
46715,111733.664
58276,63360.516
78747,143232.16
71245,9919.268
25275,7396.6743
35674,8667.303
113104,13778.822
71108,48517.426
136847,80218.95
81843,99574.48
58247,6074.6343
37448,154664.98
58014,83794.99
132892,72342.56
75518,19311.996
45923,8017.7104
42664,71810.195
110408,64425.14
85088,10247.469
36234,128183.49
122220,2099.9297
71056,57431.5
67538,29552.346
21818,2029.8589
105005,15638.045
24824,137712.03
61037,7137.2515
142242,6444.8403
52257,56489.543
105886,2845.7544
57849,28919.035
84632,25389.068
14907,84947.055
94602,186516.61
24089,39766.242
143524,72843.086
40186,6313.696
31093,27532.738
47213,34602.617
25467,11832.158
38359,157328.11
61969,12762.078
29411,6576.2188
1731,11121.497
79130,37513.562
113273,4960.8403
67709,5288.0903
33855,40157.66
139135,11359.906
122830,4575.681
82508,34506.36
49819,93705.34
57094,14210.309
90109,1035.1443
90655,56157.17
85073,174265.9
42552,4697.6377
39110,123025.43
77093,9212.501
61049,29157.285
106972,48929.49
93338,42846.992
48800,94223.08
89558,12786.909
23682,4141.691
117225,23209.99
149679,8312.995
99608,4043.5828
124548,5140.545
105915,3780.9587
99107,24771.484
10636,4702.7534
137490,113124.984
117595,99705.586
52348,5393.6426
32666,144470.72
95336,28130.309
140478,13104.442
63087,15886.118
128970,34691.29
103644,11940.477
14413,32595.5
45164,8364.323
83193,1285.462
41431,83777.336
132163,42872.984
95406,10078.159
55053,40022.27
20385,28422.336
36702,5086.1064
135527,9452.779
134305,35526.836
93674,86352.5
86388,8189.1387
121798,67061.266
6114,18173.94
92133,104594.38
24797,84748.66
12576,23560.549
105978,4109.818
123770,78510.45
97477,115370.445
136181,39746.73
14453,27135.61
60686,6133.883
112185,18650.756
25977,22326.842
85084,39250.934
114968,169679.19
85574,4103.326
11511,14330.035
9821,92827.65
116750,83879.336
37071,3672.161
47373,6472.7153
51952,101838.12
64512,974.38336
94952,13070.017
14344,44007.375
95853,8718.286
59562,10844.361
7396,26978.16
40578,10750.433
87740,9029.163
12606,17657.373
37622,36359.844
11066,2967.8325
27795,34883.29
56800,3359.5613
50019,11951.111
29182,43818.79
144344,18728.562
81760,26737.697
34105,45526.41
88717,21907.611
149062,287688.3
27188,47775.957
34067,12618.12
4449,121849.06
83805,50736.76
46509,34681.87
96776,2699.1145
25802,17092.906
102381,3124.7913
139501,109495.85
145973,2935.4763
84793,10109.981
12825,9168.268
102087,40008.52
112523,6333.443
76358,26863.203
78842,25017.494
123017,177831.62
65931,7922.4604
84896,17486.527
19492,14844.021
129541,14125.847
82881,8760.283
94227,86798.7
18754,23598.03
18289,35285.016
134924,8591.151
36659,129271.17
73395,162639.36
21957,15236.15
140507,83614.69
149771,3202.2747
139739,14074.024
3857,29774.635
80303,5584.875
60329,11757.395
149264,167372.38
64099,8556.172
3342,1703.8873
111983,15979.957
36348,6393.9834
26801,7300.123
63793,51855.723
124109,1544.4949
95432,13855.602
223,9655.783
65431,30511.709
68778,3375.07
56830,22833.59
47466,15765.539
89685,46447.523
121487,56442.906
17562,41295.887
2817,5890.856
28514,2290.4832
13869,9946.352
117035,13618.893
125047,5543.354
61191,51191.574
18467,8221.793
135708,5680.043
46726,2550.4094
2589,57190.727
42853,151954.94
139287,60746.598
133643,33006.51
57917,13075.937
107689,3883.7249
54530,6490.312
81616,46828.266
80516,20846.943
38718,137669.4
116021,150026.2
143480,11917.207
31231,6680.0713
142714,64535.58
59432,38455.867
112183,89020.96
90904,54381.71
136522,6644.016
73241,42394.156
28687,12247.419
24051,2662.1096
80120,26186.375
16683,19864.316
12305,36198.062
93156,49267.68
115779,54824.3
127543,44495.633
109922,16111.453
146338,16874.201
80173,33284.836
146433,3765.9175
63157,3615.5461
98995,10045.299
72061,29854.703
134928,102293.5
43752,65647.54
103832,7804.7324
63934,29678.373
108384,19813.438
89704,15344.551
63190,34835.57
2022,12372.449
87789,3820.906
87379,6877.933
21723,12679.046
25359,14745.431
144664,17337.797
33793,25963.422
50028,1342.3392
23639,156490.3
65287,80473.5
126704,8973.925
116908,31692.55
110640,28104.893
29597,13135.265
99425,80049.6
113473,68374.22
148626,39343.99
94028,6184.2275
112364,12594.167
93053,41119.81
63277,50031.996
123524,77345.29
48017,65918.37
18859,35683.176
802,183226.02
138511,11195.692
140705,14816.866
77685,21855.58
98818,90977.23
97754,109914.42
23838,12882.792
125844,51577.047
123797,6165.6665
131680,7405.73
99928,46979.863
132664,36224.773
93914,7061.283
77183,22065.314
22060,17408.246
42968,14127.961
15964,5704.648
16652,99423.26
80807,67689.83
55170,4007.3418
79284,12513.817
145561,94620.23
36943,5191.1553
8251,39090.348
36407,3130.4136
99304,15324.922
50710,40815.52
123109,6419.7856
81352,13532.308
32764,33650.01
65379,8187.375
12831,27096.793
81386,9944.467
44170,10563.398
74662,7565.4375
47773,13124.417
100452,34905.82
87136,23824.367
72731,10873.365
93745,23557.32
144542,52311.066
87636,58802.3
128674,22027.385
62069,6250.4814
6327,30930.074
144693,8370.943
55875,9228.456
90507,6092.599
112817,8456.062
77192,4264.0513
36634,32721.127
146517,422121.72
14788,10181.921
146143,13067.855
9385,8175.241
128011,80193.586
146667,78641.56
94754,98225.76
138688,20274.447
90595,52185.67
113952,55045.023
92197,4638.263
75000,6097.288
47201,64196.6
101215,19797.158
87117,114324.41
39978,37851.383
121520,11272.035
75784,47174.438
74436,39936.504
116023,34781.8
128234,28653.219
61527,38693.66
93989,45293.973
80775,61855.043
64980,72110.28
105024,108751.15
23613,31218.494
124664,3135.8857
1851,24869.025
65816,8888.804
94829,8015.1895
139458,22633.807
102123,1132.134
120766,14102.23
131053,46255.13
79839,124483.586
121969,1481.5305
55505,96768.23
16813,4007.4006
126846,42692.273
103333,46292.35
64586,127898.73
122156,34273.79
50792,5624.007
67788,57066.074
112663,15332.172
22345,10417.281
87904,8077.5146
6723,7545.8594
111594,30817.129
146527,8494.723
98589,9879.361
2807,240710.45
63172,143363.62
138655,10205.629
135889,30864.125
62906,9056.673
53794,31911.676
56877,24711.953
700,91351.09
14482,4876.8335
64162,63388.156
101797,2128.825
91547,3010.2485
74933,16262.978
140982,2331.4114
73586,7621.8716
41028,112480.65
114688,12509.191
98551,41634.535
105012,22328.092
12885,28220.104
54903,26293.453
132925,62940.86
69505,44087.918
145281,1478.8647
79741,18010.688
101499,6513.206
86477,34972.742
47108,12709.105
47401,187790.88
89181,57896.094
84597,53198.43
133779,124725.266
18804,85397.93
63306,65825.836
37490,415674.78
122752,81602.33
116269,96657.805
117458,3350.5825
102748,34551.31
50759,37572.918
85164,8769.553
42334,25143.781
43581,56875.652
76080,7132.815
91066,114194.11
54186,67561.414
135818,79148.305
55036,104284.11
88705,4483.703
33721,27384.264
32919,41723.523
43082,61428.69
3515,51643.207
124903,12742.1045
29107,65545.77
114769,3857.4824
55418,108158.77
141901,7022.8843
53417,37220.066
70653,15308.535
42408,11827.2705
86409,242890.61
68666,28165.117
124053,71468.805
27432,13178.213
12969,38866.758
69475,3009.5327
29662,91954.03
98255,38858.047
75997,6380.6523
76944,13174.211
80840,9029.264
134520,25933.496
145112,7816.5684
82733,130091.8
90653,25095.809
74765,56679.79
90381,2688.3257
109988,33276.797
8667,1850.8691
105784,33980.57
31147,4828.0737
105107,40106.477
67829,52474.004
78384,45271.1
140456,41026.594
4426,15798.321
120531,28898.127
58107,35015.562
140819,12562.175
144686,108265.336
135148,4776.9893
43354,32678.781
134368,60534.746
44413,11059.084
142553,7098.0576
27511,6801.9897
50795,55267.52
30460,53102.316
3265,50722.562
129521,26793.408
117549,9532.057
73083,4373.281
75265,31767.62
87697,13755.524
74258,8830.301
10990,8613.092
86814,10541.411
117301,11051.417
34256,9294.844
92755,6079.0923
23584,10254.192
23698,299983.7
110600,45359.54
124539,5535.4287
125132,12880.6045
38487,10276.597
145708,55239.094
122424,12246.204
112318,4897.222
10771,3411.311
41221,20287.115
34213,120645.06
63727,15138.21
26475,73807.48
15339,4685.5786
46003,20186.19
140065,34229.137
51327,13770.781
110664,31234.791
80988,43205.797
63083,3316.9495
125189,409781.94
98424,50103.78
57321,90602.23
57042,22214.238
11626,1198.1377
4669,23358.248
17510,6710.263
36393,11408.785
43404,6123.2856
16223,7161.8574
12542,20976.023
31965,5141.3906
27321,15293.549
99512,184144.02
33658,43537.23
128683,20939.04
72024,40086.695
47960,8272.939
100777,8247.658
53364,34641.07
115430,171841.1
99519,25691.777
99015,2797.1453
141911,75733.0
38993,15857.835
80512,5350.9937
118129,75880.03
71601,12387.093
78056,16159.248
82286,11145.093
94579,8142.146
40602,29690.262
79104,12896.951
137428,11714.319
111914,28430.553
33733,12067.773
136705,116.58603
81376,13340.696
143538,14202.0
96790,12602.653
90061,16142.633
81018,19484.232
117390,32745.764
84889,36969.664
14108,7133.231
85241,23278.229
97811,18898.496
146575,131948.5
63476,5813.1987
4554,37001.047
21523,12831.973
95765,18543.463
143966,9971.687
8037,23825.832
44946,9399.808
75020,9330.391
2776,74943.664
39877,9903.482
26844,21908.402
42823,8973.16
28842,4195.8086
144702,11797.371
145353,562617.1
135189,59868.98
103152,23269.502
142825,122641.54
103156,18923.254
20231,15122.957
143447,6379.3066
51229,4674.6743
71434,6443.504
98494,114942.62
115729,5448.526
83008,43375.277
59701,29659.166
90307,5917.205
18554,2439.8176
62475,13625.597
79360,17085.58
147197,61161.215
67184,2791.5205
16401,13576.462
132427,19033.781
126834,237317.08
76229,51543.64
7728,27783.139
90493,57977.78
58553,82427.484
39590,14598.458
146126,49416.125
58687,8406.391
24569,10938.453
88520,94588.234
100051,17404.287
55813,95312.18
13721,98488.234
22042,18930.406
64681,17359.967
73001,38642.617
110723,76779.16
1674,67360.3
49161,5270.3374
12330,54816.824
5439,10297.357
112345,74829.445
71562,220042.52
46776,20987.102
74630,96309.445
96690,9389.596
98659,143124.1
114025,200862.3
117683,12682.331
130577,16127.357
26616,21966.566
131957,86202.836
136072,52446.25
139166,1781.3169
69978,23922.656
27219,41706.824
38083,3340.507
11915,19198.12
51580,98479.13
1874,14473.223
81203,23742.467
23033,10815.471
30790,6676.5103
127722,18201.547
48726,125773.06
84268,61755.566
10532,7023.872
87680,141454.53
98532,1740.506
139053,3776.149
30082,6212.952
65880,40902.65
74897,85092.92
84491,1457.8469
136134,8015.561
41734,62016.887
101806,7266.173
63966,7672.939
5799,6972.1714
124433,4560.939
39711,122967.06
132403,7214.4316
9580,84840.625
22581,15997.418
19742,84624.625
144109,43398.418
61612,8789.437
98692,43719.766
9629,117258.82
148902,17151.4
43475,41029.402
93132,39931.668
112994,4694.447
115197,44586.914
11805,4467.385
547,46930.547
597,24579.053
59116,12534.908
121361,16584.408
98649,7207.1035
75089,12540.268
100093,16148.991
16968,3025.3481
118866,1927.6201
8089,7103.204
63525,17949.771
45903,16483.139
45181,18344.03
96548,48299.26
62879,21835.885
1295,29290.043
117340,254508.83
46028,6860.0884
137106,16698.96
83185,12879.67
130880,79866.72
2671,259695.53
67374,19468.375
90783,73874.984
94979,2299.5933
48563,219661.62
8831,9026.022
130802,62560.44
106765,71919.17
138812,8225.914
100,18160.398
15764,13427.632
68280,19181.55
134237,27819.256
135329,38934.637
4647,16590.188
4047,9860.263
134610,32008.383
44535,15827.691
29240,23612.24
114324,1697.5934
110682,34532.82
120421,5315.79
139124,9365.534
106438,70756.12
95750,19818.482
50683,4566.312
46228,3228.9124
131241,97527.55
47518,12369.771
6849,10801.498
113322,5328.225
17579,81869.15
118421,9402.456
50769,9476.568
15984,47283.684
111084,5162.981
44058,69406.93
114605,89001.06
104429,84667.2
67590,17152.1
74390,11602.949
1144,10627.64
3079,17863.355
141017,8969.641
144602,18425.88
48498,10531.383
33478,19906.94
82769,4227.101
115613,67059.09
40145,11875.716
136568,29768.719
47545,40562.223
20975,45208.227
88082,60463.523
43636,6981.0425
96798,4386.609
90586,28210.998
79170,32527.764
83172,3247.935
38853,13328.033
50854,19146.654
22641,6812.6567
97062,6074.875
139271,11671.314
90200,17684.562
66810,56051.11
133713,22677.926
122736,17711.848
32240,123030.805
58437,5096.355
47795,7925.28
37504,114913.6
41959,8253.069
61693,57399.207
30533,31662.125
20262,285776.2
7482,3184.0837
99286,20595.822
42372,69607.73
26118,31132.385
132857,47064.598
54361,57402.18
102210,3325.5762
89506,41325.613
97863,82609.85
4592,54929.848
42838,773.15485
67941,4410.6226
133543,10007.7295
99091,87818.26
63143,46587.254
119684,76267.76
131017,19974.54
56614,20612.984
128010,5342.6914
17185,3447.1282
102097,43225.824
86894,27015.223
144032,2756.3733
13945,12117.056
71614,1560.435
40043,7285.589
68747,4666.4585
62671,56654.29
5345,16840.072
1949,20333.164
113655,57329.465
3854,6873.625
79963,34168.96
73262,5689.6284
59749,3048.1487
139554,4937.23
119670,11119.55
116144,12324.176
4664,43908.355
94433,25579.416
96342,12342.381
92734,32874.543
31212,6356.5835
59429,1490.5692
49596,109444.19
112119,16079.55
100835,111191.195
103202,33254.336
142250,18522.898
54322,13598.872
51436,8683.947
20107,62756.824
21847,19604.152
143648,9227.773
102730,11597.457
37461,12902.31
1141,5257.4976
101094,33286.24
48001,8143.801
48543,31877.07
27291,1583.0626
44037,18490.756
130925,44261.637
39165,101993.24
31829,8997.24
144867,6501.9854
131118,80745.84
142074,32881.63
40611,101248.18
6360,9225.873
107862,43043.51
54161,5319.3184
132079,62508.566
69942,8943.516
72012,45349.348
127864,52033.945
84012,71888.67
25307,15872.333
39232,10970.318
141108,11321.335
54002,39166.77
72677,12593.64
105128,65171.895
40444,63507.367
125683,23727.387
69592,32299.225
97670,200334.72
142284,7923.6655
20775,3957.6953
106842,10522.857
32688,26163.52
68741,121674.85
44823,10691.885
68096,87164.54
12028,38299.7
71543,67726.94
142819,187662.8
76168,21376.707
65074,7281.905
26519,8271.457
85125,124791.234
36005,5559.9595
144125,5711.5415
130493,22698.111
95360,109004.4
34934,70284.945
87563,27625.064
110634,1826.5017
10037,59023.297
46876,12164.063
109904,9649.341
58951,21975.24
33165,50433.105
139097,21243.498
106166,46353.258
47516,49375.79
134809,27245.387
128390,1966.7206
102578,61043.406
142171,13970.074
47968,38130.24
101941,11210.431
42210,21253.844
3674,12232.253
1323,16080.575
10900,103636.04
50798,31825.854
115032,127974.805
34365,955.821
137280,15900.672
27136,692.8508
21327,17126.295
39382,15291.006
35957,60466.8
51038,8029.3154
93325,9009.279
143575,1767.0077
87310,46162.027
86169,18342.436
74004,9215.464
30016,10123.78
69914,10357.816
19208,15064.422
29722,7660.8516
38037,4199.733
112842,36717.86
128785,3389.075
104121,9885.737
28372,21617.127
93014,19348.746
32932,54287.504
67061,18901.742
81334,94133.06
12511,46572.34
49279,10696.672
71027,5186.157
26480,30921.83
21361,17556.648
3580,9203.204
120789,10187.057
125817,11357.669
73210,10704.084
44055,104970.87
144395,4427.7656
143236,12930.779
143864,107378.14
102631,6580.1953
8824,4203.0605
115097,152119.55
120109,25839.146
77078,28281.613
118451,147439.72
93584,21667.355
46891,75931.25
149783,83695.56
56559,1291.8546
146720,6597.622
110843,4770.54
97568,21163.621
13453,6903.0117
16204,2733.269
136765,10653.977
60042,101525.07
44158,16663.264
81769,20862.746
1193,2344.905
131817,47098.855
76632,6305.7188
41006,118991.37
148792,10693.7295
35146,44533.562
120517,64756.39
68698,81443.45
12806,10226.231
8371,7264.2314
96442,2971.1614
133984,44690.594
139393,85631.7
108130,20301.807
9939,45161.793
70092,17963.875
22043,18123.85
139311,11935.368
58392,86220.98
21832,13270.084
106121,371094.16
54796,26155.295
85070,11166.872
31753,17792.096
146768,43167.348
16634,28526.508
7946,40375.18
12854,10604.709
76951,56484.78
68477,6973.153
116216,83380.56
69249,23768.264
97317,25325.404
58580,27963.22
19440,14615.328
36754,9164.922
26066,16870.62
69228,12988.872
103300,27325.734
18257,9038.605
36837,2763.0217
109301,48489.883
11795,137264.25
119214,35144.41
13897,36353.395
131886,66236.73
84795,6720.5996
132699,74474.57
142162,125391.95
72170,18069.79
121296,1257.7205
70746,7251.084
40073,89047.26
81034,36883.395
61444,35244.754
121225,39801.746
115769,11354.111
62058,17513.514
36640,23572.66
6076,28357.432
101150,4529.337
13823,21876.977
89726,3267.5945
149988,59800.08
62603,12470.72
134482,65843.29
88930,37127.65
99986,12664.734
68563,9974.124
10577,88663.44
77845,16343.776
145737,19507.41
136976,47503.36
126243,114805.86
42549,50704.34
935,3824.9011
315,138093.81
115437,11595.209
16111,7555.5
109724,59213.96
13361,6981.7217
75329,3486.959
9592,68270.38
63753,5167.087
102141,56838.73
21490,15693.544
120475,59615.574
131840,10486.137
31348,4104.427
58672,9473.019
89034,66317.47
21150,4891.9463
101879,47586.81
52942,25080.537
85352,90176.586
79119,28239.814
64294,57032.09
62436,124085.81
3038,1173.751
93472,61992.008
126088,5235.191
123467,16624.639
35247,205548.14
55861,32904.418
119973,52909.707
72551,53386.26
134151,15320.138
149263,7039.8125
32252,40168.29
10110,4207.06
23769,149192.98
110179,45849.88
106757,29595.943
60262,22724.375
44909,179371.53
34706,11922.623
111815,4020.2876
41646,7805.5854
106575,14141.691
52812,9111.513
56397,56996.367
138272,14903.1
43865,82835.84
122931,87719.09
88349,19585.285
82009,27355.96
99540,22234.436
31920,68660.125
24702,18469.262
141719,33789.125
138673,8326.355
34863,9119.724
33168,83592.62
70341,10216.417
90261,8418.482
24507,7126.6104
49788,10373.032
17214,64038.67
32059,83173.42
53153,60463.25
37911,126937.18
131298,1354.2189
54966,44582.457
92425,23863.023
134625,16351.79
144814,11506.245
64479,20707.03
40278,46500.332
140792,7268.4614
41306,5129.5444
19741,43874.21
15576,2049.8147
11057,46318.645
113260,18169.252
63879,5075.883
51474,10324.584
128285,22400.908
92732,74635.445
90500,26659.545
100717,663.05
115676,64051.535
142344,86973.11
115880,57751.94
16152,48372.5
50758,7825.446
8715,7012.958
36657,107036.336
527,34089.363
98501,22782.34
86080,7758.0903
47250,13415.627
88413,19554.5
143284,4325.1016
9462,56485.72
27985,24715.424
6510,89678.39
30623,38019.066
47655,94651.23
102536,3559.9182
13568,29752.844
492,31741.855
149192,8625.9795
72716,115884.24
124745,57066.49
5323,45240.082
82109,26277.371
84399,20847.139
36665,23801.988
6703,65148.105
109210,76373.266
62691,38067.11
14810,62212.305
4413,70634.12
109872,41222.465
90032,11932.373
136402,6469.8584
34954,6600.137
88244,47062.34
126150,54603.57
20162,6487.9424
149169,18325.695
34964,42086.84
14712,23693.775
128840,7916.848
66148,15714.63
146786,21371.215
136248,41772.14
145158,15813.691
108155,24665.912
144882,31613.709
77086,12553.585
88824,51088.758
46309,122977.195
128515,2452.5276
19155,2883.3938
43367,11217.593
40236,19902.934
55600,6922.9233
63919,109754.28
49432,782.3787
143096,12757.641
12730,36870.45
6643,9030.582
118100,55547.125
103534,23847.777
132734,15375.5205
105220,127372.11
139812,38524.613
113777,35072.2
77392,76898.53
80150,11701.063
148239,7148.1333
125941,109314.5
109532,38461.133
92190,30294.873
6766,38913.75
83550,80773.43
61456,25673.441
4174,11653.196
31058,75922.99
50535,40899.742
127959,10098.905
31335,28246.459
84856,19513.338
62367,69986.15
49370,18319.127
148654,34945.375
116354,72436.29
97892,18994.045
137118,26170.03
33305,266233.2
94868,9471.169
63703,5471.7695
73434,5712.5386
10461,6172.7466
44265,60724.17
91722,21461.912
34738,365705.22
99978,78502.81
120455,23747.574
94543,97379.68
23827,41560.777
64590,73580.98
62018,41448.758
17525,7142.4556
48975,9321.36
135598,20447.676
148933,7318.032
104531,75964.445
91652,95749.73
138247,20116.582
22930,12454.334
48326,97547.35
58632,9472.923
105264,12860.027
131792,28753.676
1214,15009.827
24253,2099.2576
24894,3731.8203
23593,17913.12
100247,10665.425
70739,16870.854
67642,219696.42
14892,25107.273
41320,7524.2153
72038,157553.95
68068,46507.35
21734,10802.134
99101,11219.177
71732,7693.1606
69345,91511.59
86614,44266.254
89068,138482.89
106512,15350.446
132110,20830.82
7175,742.544
142215,12613.548
16771,968.76917
112373,10901.617
76371,85516.29
2435,7232.945
132848,7555.7085
144387,13112.194
10866,13901.61
100968,66105.766
33817,14534.619
2994,11125.903
75260,3809.4067
127625,15785.996
95835,16626.146
68479,25683.441
119041,2596.7144
126525,20027.205
28167,17940.39
18456,36821.047
147771,8381.348
141886,95126.77
84327,13687.333
15358,23412.994
111255,103528.65
24291,53391.676
28998,23266.465
73386,41701.844
23892,12675.832
90310,17655.846
126273,10075.606
122665,2058.574
126252,9954.24
130604,36771.3
106474,154153.97
115227,24859.758
66245,19792.125
42528,40177.65
39761,1495.2058
49637,1407.1816
75426,28376.584
92281,41489.43
94581,70356.766
144600,8164.4575
80305,67489.56
73433,6765.131
104444,11218.711
15202,85044.01
68821,20973.71
379,151166.77
142603,13278.477
3313,6017.416
126769,4319.4985
136063,24466.516
44164,5229.703
62713,17393.604
85310,14884.84
40960,46774.215
113272,3235.4785
114892,18621.014
27129,52253.246
23481,24190.041
19603,39459.13
78866,3284.6042
34801,24620.293
6814,39380.25
8904,12976.237
10093,71119.53
72698,31713.045
49708,35699.56
118283,128381.32
137593,160792.06
54491,29447.748
29882,13905.986
59889,23977.875
89867,63532.73
51160,104228.875
13062,171207.86
48892,13676.476
67873,3209.492
95064,78034.06
34776,6147.404
39199,32090.385
139470,6306.942
102819,20206.38
53844,16298.977
68393,182528.44
114754,13450.19
25143,35609.32
62125,8034.27
72254,6868.769
58990,7161.6445
121083,40812.824
46385,127033.75
6045,20375.633
9362,56807.17
77569,24454.598
28338,1093.8582
48644,19486.488
140476,103148.14
131950,60116.07
74344,23174.898
21225,6020.748
86924,6373.4165
64671,9223.704
6842,37699.74
82996,57128.566
117937,4762.4097
141970,5843.829
70235,67361.375
133073,14580.012
99896,23666.383
10824,16975.469
131937,15763.199
64727,34977.69
65788,9518.986
95907,5658.5645
33043,12698.177
51739,23631.703
38528,162445.48
135555,46688.78
51270,27726.27
138106,20461.182
134776,10926.304
124005,114155.93
8112,30339.389
126903,89821.9
36257,5332.9697
5510,48277.22
32861,9878.034
95289,98191.055
27119,3742.6545
29676,7957.2026
146115,145031.08
102577,9439.101
88501,3250.0127
53243,3878.0747
23825,13546.489
138161,85747.43
3403,5384.808
15037,65029.145
149393,18306.852
5300,35067.184
125937,7697.026
36715,38065.418
135160,5440.9653
36759,5618.1704
23251,20438.57
147500,23724.764
7470,14003.959
36379,122515.58
143317,16673.713
93554,5679.4346
79817,69294.84
39345,46437.605
58756,6610.4443
116174,196275.9
66678,7450.2188
121820,41407.95
124377,17832.318
136721,56086.56
62998,1374.0638
6291,26607.707
31206,6638.601
183,36528.023
86961,114563.73
80241,24604.438
122550,23533.145
105660,17462.281
104717,39013.234
38023,237263.6
92791,17182.686
78370,151782.69
145156,4194.7563
24585,37223.734
127848,53241.184
119235,5007.7188
48378,1853.6503
58933,33365.3
9480,91926.53
56193,51287.176
122006,11861.739
110662,160421.98
7181,78517.29
109792,149841.47
36654,11226.599
126931,114593.69
65593,95323.484
116950,8983.317
126707,60976.285
67480,14588.167
24461,31999.516
73985,63176.477
109810,101688.2
126368,2265.8267
109676,44331.348
111233,9331.882
12208,23791.32
28334,17120.582
30127,30163.63
107728,31378.512
435,441415.62
56157,106423.36
15738,4311.94
88559,48457.31
120342,9771.1
88087,4985.6377
4603,25016.037
139569,221667.81
41827,6484.5405
89756,6128.9136
51310,59643.727
48597,33216.87
103305,8841.065
3334,30110.326
22074,37257.227
2733,10976.356
99396,11582.456
99987,39034.39
132910,48043.633
82110,24387.807
141725,55930.22
23699,8229.372
149208,17330.203
94862,41772.12
124309,5766.641
102925,42851.41
139094,1297.1654
53347,16754.246
57816,37477.637
66170,122408.12
57366,32832.25
59911,54950.18
113764,4680.468
55291,92151.75
3611,67160.46
137708,2763.1216
116336,9546.094
31848,13889.533
110467,18464.209
38780,40008.312
71475,6525.338
52760,27887.29
34068,24496.283
137520,121155.45
39994,85659.055
10680,67939.22
124553,21692.207
71173,28263.664
67229,18276.963
100664,7871.3286
71989,24765.47
71179,96308.21
47661,17849.88
130660,9668.223
58116,18860.184
29944,65453.617
139954,2997.8916
90673,32602.123
76005,22210.004
2058,27890.988
48051,24273.812
108850,7291.227
68784,38700.125
53005,3205.6562
17853,55677.62
6699,6821.6816
62574,23984.629
89502,26857.723
144346,36308.234
102228,19582.625
105019,9803.611
86648,12958.453
109800,17607.393
114387,34171.465
21952,34430.26
88465,42313.48
21998,28909.998
65592,27119.516
87666,3166.7957
56422,18991.805
28923,12301.048
130051,6398.1353
132939,17039.023
25926,12672.729
64490,89406.07
38688,40250.707
62944,7731.77
65110,19764.777
42963,1727.7891
79223,24797.186
24531,46839.062
46029,53963.53
56415,17917.09
22005,5231.733
137240,9303.92
89635,22452.645
131752,32686.285
54269,9756.599
52721,45753.844
4380,63487.805
70835,15050.952
25643,40863.17
13449,12453.215
40704,5280.6416
149562,1814.8317
139247,123512.65
87996,56300.26
374,46198.215
13924,3060.3438
28948,10180.517
75803,41904.39
28160,74897.95
37363,4383.405
119043,100559.086
24912,4013.357
88883,7004.4307
149494,5105.9824
118296,27260.895
96142,81151.78
19462,27441.729
143206,12525.021
137290,15029.568
18615,51189.52
72406,44561.562
29487,9143.294
50501,56369.91
72763,27926.691
87879,11352.981
118506,69420.836
48150,48757.98
138911,2443.7156
65531,31207.639
118991,2862.4585
8193,36925.816
82431,10194.846
63469,26959.219
28124,16723.15
50158,7280.75
47094,106006.89
57252,25705.355
28893,9156.823
80234,36062.69
106977,2307.27
15557,12045.447
109693,8430.925
25468,181409.66
62479,38439.56
109722,6561.2124
68809,11315.61
128357,25016.58
36293,19214.533
55016,6824.018
81781,8344.17
70164,7805.5996
16672,22683.36
11449,9251.349
112419,69242.914
67270,56586.13
135739,8375.733
145587,59318.39
78515,71607.36
145827,126503.6
127961,7620.6855
109032,195904.86
97614,3938.8662
33392,31561.887
122234,30443.002
54876,56962.918
50392,11303.539
21873,14669.617
26040,24093.908
102043,1574.2335
62341,105100.53
128260,58207.56
37373,95437.266
121368,18857.795
123049,80661.07
5116,4152.7397
53992,36414.387
91556,14393.68
95265,3024.1318
55014,5528.0654
109911,4424.78
28804,12430.326
140437,2823.64
102973,53527.72
41998,24694.625
36093,10728.676
89661,26088.268
96521,7587.198
147438,7650.4775
73757,13226.301
119000,4448.3877
117906,42812.137
142666,41481.67
62362,28106.309
22853,10774.551
116395,5587.34
12594,7657.772
94468,89294.7
122519,45258.664
110312,77186.86
10641,128927.06
53036,73467.85
60142,10992.113
71920,6441.5854
78308,68095.766
36465,34526.137
50188,40551.156
107585,16189.511
70745,32844.754
101069,10304.073
18724,34501.707
19004,26541.064
29366,20554.633
145406,9805.3955
20812,20028.988
111080,109588.984
120526,47332.758
52368,14176.018
42202,62287.4
61684,66800.98
9851,201915.31
92228,20281.707
40393,29359.328
4749,192785.56
143781,14960.126
86436,47385.07
104692,6446.43
118293,3630.5225
136374,10222.6875
77676,32698.008
70459,9568.067
24302,67852.64
111206,43600.46
131439,20130.525
66580,74251.05
54476,142556.39
120214,15912.991
49714,7242.6343
57882,60880.09
25222,5838.909
99564,6561.0947
84259,10526.419
2775,17968.902
87757,18137.047
118053,35970.797
129052,9828.5205
59630,148671.34
143405,8278.585
118140,42137.562
115697,13606.037
135146,35012.996
48712,4310.2896
137356,11343.789
88842,11122.382
56845,24191.549
65422,70558.31
55263,4392.54
33154,27610.691
113949,13564.004
129667,9534.553
66625,6763.9316
116540,170591.77
31129,35331.164
71947,33015.03
126830,55180.586
77084,8039.818
89430,23857.416
134657,12910.0
44892,23548.95
57675,6289.0728
3218,9735.345
109578,24688.74
126351,23352.674
128909,1481.95
61561,53845.484
5750,6413.3696
67830,7439.4316
55142,34218.48
77257,83970.664
136385,1901.8074
56446,8693.38
142234,13197.801
23666,84403.5
103898,9777.522
46420,180347.53
34253,95663.77
101823,9907.395
34095,40575.027
49040,39852.01
145919,42349.684
141613,112355.8
84478,5037.811
75994,33720.348
16189,34726.453
122940,101631.6
45902,12386.799
115833,56704.91
37923,119081.78
50975,6440.088
107806,8929.209
64543,42396.074
127836,46788.957
147894,4047.8528
76413,5630.38
82128,51511.69
49424,1473.1846
96395,19943.738
86969,136761.25
77449,7797.5073
92269,50865.027
28575,52650.953
91958,54417.383
114445,33361.594
145464,73321.17
105780,44953.773
37327,135775.7
23380,24100.61
133884,10854.668
58725,6143.702
119201,63788.84
132429,75038.75
142306,24179.826
16639,3677.001
93373,73017.07
45433,28088.648
74306,78508.92
43202,60767.305
144358,14865.829
52817,18484.664
90521,20022.018
8044,3559.1033
95718,17301.99
118196,27630.74
45960,16576.078
38946,6369.291
138257,3075.3115
58808,5644.2515
56210,81911.91
112048,66816.72
87860,30226.771
67073,23339.793
36760,14979.838
72384,13600.17
17026,41918.87
74412,52423.625
22522,38729.848
61436,18914.791
129972,86226.234
114397,27924.121
42991,5120.1313
69038,13667.201
38934,12551.617
40418,8113.2573
136004,95046.836
65300,80418.38
136319,7956.4824
115086,27386.35
133892,164030.14
82740,4850.0547
116566,13750.588
125119,10036.343
59809,211102.11
62188,11598.089
60659,71335.664
128009,16785.557
38289,36567.883
4139,33028.652
74310,33361.613
75012,7107.603
78682,4530.3374
85155,12406.04
136069,71078.75
2217,7659.2676
116005,3232.9346
124672,8863.357
84898,10472.593
11839,12295.495
75045,14344.692
133357,69323.93
42181,115073.85
17954,21270.791
76189,36972.414
18220,9685.955
44614,53534.21
103490,37631.082
123021,4242.5215
34470,30087.064
92559,16217.442
10880,103993.31
75065,19622.252
7043,23385.611
105724,73131.28
5902,12860.528
149340,8635.333
36346,68056.586
75611,6637.9595
88331,17987.836
85628,25152.69
126091,52992.758
44298,46603.176
9324,83742.45
123164,5799.604
17490,11526.583
35229,3493.833
139168,25888.346
87193,17459.764
100997,3356.8923
48510,9119.741
92296,20626.486
19976,7692.3276
79808,71590.555
20668,102149.18
57374,44343.402
119461,8283.585
106086,14435.092
139862,6898.1084
139317,100265.33
84387,30497.928
66664,86326.43
128513,42527.76
137441,11484.686
75071,125136.82
149371,12710.774
58007,5707.9253
118223,52547.17
12340,244886.23
142253,41992.867
137415,7686.765
47962,17575.277
898,20407.205
149187,3426.0623
31237,9014.177
33752,4210.0386
112398,40485.3
110834,37388.688
16983,58416.023
2611,19674.084
92869,19332.025
124187,562519.8
37022,12858.415
16936,17736.678
504,38015.277
96654,14147.977
13580,25793.129
71358,9319.498
445,24300.355
23302,85586.914
110027,86730.58
126696,46640.816
117321,10340.708
117168,8467.707
121451,342107.34
147588,50662.027
70974,91426.72
83925,10148.766
148512,7310.09
15210,26972.174
8035,31720.018
146295,27576.06
29458,4368.9316
14293,65592.445
120515,3126.8027
135061,17968.951
74943,5424.075
59725,44273.957
60643,42516.27
54938,81364.016
2432,143625.72
147049,17387.068
84849,9541.575
125445,21932.748
17295,2097.0674
101225,29875.285
44468,11411.238
32064,109929.195
100812,42290.543
90141,7890.9263
20139,4848.7183
1401,99870.26
88860,43837.17
119541,7007.2256
92217,9902.356
78613,122370.05
116796,10374.575
65797,6261.9897
1976,44202.62
52398,7462.088
20157,65688.45
78642,70583.51
33012,102496.87
90527,18950.904
86561,18719.588
84801,10435.849
115045,38973.875
114991,64858.54
129220,59770.836
20830,72290.234
149420,17931.979
87235,14159.326
110064,52233.457
42614,10855.836
69131,96931.21
88762,12286.84
65809,16966.316
30498,55252.09
83999,9803.611
112060,27716.477
128828,118094.49
148701,27521.89
65407,6136.895
71427,89903.41
137545,41266.188
1371,9499.057
92374,97197.55
73910,166766.86
69918,21000.98
112344,108782.55
50607,65643.414
116015,30876.373
6702,21689.658
3054,13765.594
17134,23412.549
125952,14893.4
20833,10542.469
103604,6248.4893
101198,14831.779
137414,40806.625
78265,5893.279
33413,2864.0232
126897,20913.582
18605,4918.276
29504,67269.305
18982,1916.0547
44778,16651.49
70805,8840.996
79032,2892.0625
15599,51501.46
134916,47674.47
33744,7884.163
97471,33629.945
127984,14892.6455
128926,93429.93
99125,1484.044
140748,143803.19
63379,17375.36
101451,6511.158
14551,13655.175
47450,99094.76
11485,77243.55
55321,58824.06
81531,9344.797
63300,204242.62
71852,18801.08
23044,107591.3
89375,9440.78
50301,12013.346
34858,147265.6
71461,67158.77
119488,4959.089
139712,7371.522
143049,21185.652
1860,69939.68
123757,26123.52
87603,15432.072
38099,11117.707
71436,140298.17
131586,31461.615
85331,55822.94
19016,46831.887
145502,34690.53
76608,42299.31
59147,3205.2158
70112,57092.414
52341,10742.407
36421,11945.74
14511,14655.515
123061,26100.932
116996,101283.33
93485,159084.58
118893,19990.799
64703,60759.023
103367,36487.54
147441,21246.195
83494,114844.97
108799,4059.2896
144208,7025.931
10815,8591.671
127542,95706.016
125239,38898.043
71212,4443.1523
47011,5724.6665
98861,6729.026
42534,12241.859
36741,79727.91
67705,35734.07
111009,38889.766
107503,25723.107
19990,90594.234
90100,36900.457
7865,18455.258
114486,120267.4
76843,4820.244
132629,101472.67
147460,9299.447
98133,8323.812
121021,24043.559
19938,41430.33
110586,16401.17
17011,26943.555
48660,30236.9
92257,13040.497
23515,6042.1406
26439,14463.92
14811,6677.362
75531,5207.316
57046,3411.2375
107562,36744.484
119281,5960.0723
100418,72261.39
116772,5268.253
32140,140501.58
45214,40471.74
49402,62329.324
54165,12508.104
141891,11065.819
36867,20081.703
92340,69356.92
48911,75850.39
19175,19948.846
144381,5980.7427
9829,28587.516
30519,6759.048
50996,5907.0605
35355,-1650.636
50045,8915.23
117036,2806.1523
39295,29797.104
13122,49075.6
41197,72269.38
26207,19500.814
125690,18966.818
89823,20466.143
115892,42070.23
59595,5280.212
124168,67592.94
50702,75036.29
92504,32320.44
10372,28631.35
59702,10964.2
49630,40349.676
138421,5752.0225
130494,5552.4263
87024,19324.129
96516,141965.36
30064,16530.227
53270,12992.162
143659,22427.533
59059,65144.48
13038,15388.113
33504,7031.3374
82018,31363.781
20591,4496.7397
46498,23162.049
86830,75035.48
93725,8679.029
73862,75977.34
86180,98765.05
2420,7410.849
136482,23664.223
108461,6802.0347
2956,7377.935
18883,28611.197
102023,4299.6104
4789,48059.188
107402,49814.043
20002,20512.61
106875,22430.092
132616,154422.45
8773,113658.98
88026,23557.045
62162,4331.432
6270,14722.692
30518,12391.976
95754,5458.327
100091,20702.87
70193,19591.873
38410,9078.683
75378,4755.8784
107646,7270.0425
22631,83681.02
94417,1402.4563
143965,14417.8125
93889,34644.004
86489,7900.9
144986,17289.625
6561,32124.299
113724,24396.598
61091,-4887.7607
54518,15495.362
103496,4065.9705
126702,9267.313
90924,53278.547
11834,3406.3928
40314,58616.54
29877,43639.684
116926,147773.5
12762,18867.848
40979,20380.44
73860,1515.2067
36747,25667.277
127,87946.805
4520,97358.36
82056,94330.45
108571,2534.053
13368,106841.63
78067,641.62244
140922,8446.771
23404,6023.4834
78264,10034.321
2546,9587.9
41061,55869.32
123151,30819.477
141256,34463.8
49403,102363.04
135691,12399.866
106775,16410.27
31385,14314.476
70646,90769.24
77533,7101.524
120174,22427.982
60473,4355.523
60384,8939.407
90272,8606.979
121695,14789.585
30615,21691.729
121790,33537.984
92799,5567.6216
113642,107433.9
106664,17092.434
71391,40085.246
63980,31388.602
111317,83352.3
50457,15833.557
40360,24364.889
79240,61713.734
79697,206665.0
144679,77945.734
42059,160325.81
27764,72601.945
58570,14801.096
16137,387505.88
85962,36536.79
47656,35962.516
12873,280260.2
117733,3615.0586
15574,23265.785
55176,42329.71
144966,44864.223
64638,8233.559
106264,180134.89
52046,67900.17
45495,3352.207
128950,116665.555
98573,68158.77
14554,109299.11
39270,58950.434
73237,19187.918
99713,68443.625
75013,5018.5864
108354,323129.56
122659,36242.133
60809,4212.863
114272,60150.547
127989,756.03015
149806,4909.596
27801,50244.47
10353,9411.656
76175,120748.62
48688,14840.523
97888,136782.94
22257,47508.45
128458,54984.867
143671,41546.07
17901,14199.094
89920,47608.38
36082,6018.868
57737,7351.1196
47066,6379.4946
62599,31279.49
34959,108524.805
29002,7484.1597
70624,7686.005
37983,2319.6824
40369,29871.71
53256,2558.9275
96460,8180.2603
80578,37951.914
72099,4622.4365
124795,34125.062
100792,5992.8203
109129,14648.815
11529,9708.195
82789,25076.992
90019,93949.9
135552,19718.309
21007,65510.586
135746,28000.22
148563,70859.35
137747,29250.56
35398,18299.018
326,18086.938
58045,86195.586
18743,13092.606
44394,3541.838
124395,6101.5996
104399,1470.0775
146382,40314.816
65658,1076.8484
127681,13678.547
86860,21270.018
148697,10428.742
137020,14596.144
68978,18346.074
40920,114135.25
43782,5037.24
135728,20948.518
110863,4387.115
17175,77830.266
97726,46291.168
81025,29507.97
74829,31128.877
63621,121393.695
16566,14024.469
102122,58977.26
41730,19903.455
52419,32219.564
62421,59480.613
41472,71348.15
78998,17454.264
28836,18170.705
146428,141588.08
8609,57551.242
107107,6154.0635
102076,30185.693
8187,14384.428
23548,16691.629
83530,62210.47
45116,9892.28
96885,21345.398
58294,11678.305
148261,18442.088
35916,125431.7
77994,6064.513
65622,26139.701
78163,7671.32
11992,14529.152
109965,33116.58
147396,321433.84
51314,8792.93
235,89883.37
12284,105729.586
79679,19141.957
86623,9533.726
121404,89038.8
53096,55431.984
99778,4158.1025
77550,-58.36646
54327,7463.227
132480,71254.96
12562,45040.266
139744,64315.836
140747,10994.1045
36828,489111.34
7570,73789.04
120934,10349.692
141735,37533.11
32008,28054.127
107507,34335.043
133505,3894.7407
3808,23486.875
91487,25539.734
120938,34792.043
23897,82630.94
45560,144761.28
106272,18676.387
5985,3879.3972
133175,2110.6597
144839,2880.9436
21097,5137.959
12856,26991.605
102068,21675.377
32206,3396.5671
105917,4035.1013
64915,66532.26
15934,3154.6926
62838,155449.12
87158,10462.417
132897,5789.306
33736,82192.96
46060,25052.277
105416,10856.23
45848,79927.96
67222,45348.754
41553,7454.1
24913,8620.008
13226,11223.469
15813,163206.8
73232,3108.0786
53945,11460.017
117653,4982.069
89357,45461.5
136258,21927.553
136188,38590.39
8334,11051.7295
65528,155747.94
97640,49979.402
137112,8567.985
14863,33494.207
139556,7903.6304
135265,11715.754
27566,21738.014
89158,6274.038
16118,40196.953
45327,80358.266
137803,23146.953
94663,16640.57
65876,44022.355
92634,25383.559
46679,14791.369
126536,28509.404
115315,78874.49
5986,10362.682
95414,25033.584
86761,31223.13
121070,4799.967
8909,39966.188
55664,19814.758
60772,12582.15
31311,47886.73
96985,7770.1465
71024,154885.72
98332,109718.625
4511,45776.945
86934,99754.234
101173,15291.312
86465,15137.907
40246,146988.8
141833,18445.252
29497,11511.355
54471,19526.512
149391,36643.438
142166,6800.037
144029,8669.83
139723,38982.3
88245,21346.908
149081,46948.863
137104,45845.797
127771,27032.78
129335,6707.692
110620,79746.86
78870,73423.3
45954,42937.305
68937,21684.824
87711,24777.848
45883,30838.428
58157,196753.44
111611,7538.3545
21434,3311.3284
229,23593.14
3916,129995.055
106928,9748.995
121295,18381.348
112947,3432.1895
127213,6565.3926
59925,12900.959
89950,112272.69
141155,18997.387
44427,31039.43
145201,42972.44
72467,16002.868
6353,18328.734
9952,43595.36
113038,101280.35
113544,13066.051
5234,39904.926
54176,88899.1
105964,5444.6797
126192,13221.367
144454,38233.145
27620,15318.148
146039,16821.752
74976,5640.816
90967,34518.63
58899,7360.9556
48329,10041.523
93651,12358.866
100300,4314.8936
112539,15178.683
125414,52752.156
34977,2398.5176
35468,33633.996
62452,17726.932
144979,17394.516
134025,140268.39
74917,71675.16
135210,51546.336
61723,5220.483
40975,7477.33
110009,34166.65
53728,48094.24
88330,10487.365
145325,24362.846
127586,171950.27
80909,23124.121
117239,57183.293
35526,49551.53
145064,68187.84
110194,8789.618
125657,3838.569
147118,32222.566
140376,21566.516
134785,36525.04
94378,1417.7949
29514,9244.759
33897,53224.16
42133,6773.85
461,10098.606
27924,177059.89
4968,23409.309
128286,143504.12
68582,37071.465
73463,132512.61
74569,190842.7
19630,16837.182
19602,31849.926
135020,11950.073
106748,3650.645
141476,76176.57
19061,254780.44
105969,4929.087
37596,98549.05
87154,20224.275
88753,34113.242
95452,5254.469
81490,9685.734
89833,17255.639
110818,68683.01
140540,144687.7
98176,33913.56
90065,59491.605
75746,74180.08
27227,74764.33
9628,9108.434
100157,21249.885
62485,7789.2646
38608,27678.674
29794,15986.177
100468,113418.94
83271,58616.023
93866,3034.8535
113011,31999.652
18757,3414.8252
6104,14024.666
14473,9513.821
73593,6073.16
79693,11400.857
36857,16564.166
133744,110226.66
71648,36444.72
64017,15582.264
3555,26199.637
3239,7903.4385
45109,51640.234
76838,27228.941
75055,71373.2
23847,80861.15
106868,3381.5623
144211,32406.643
80866,68227.74
71420,21270.877
28843,17793.072
72007,93371.89
116852,3503.8372
84859,14739.03
64230,47826.434
121953,73728.86
105849,6854.408
135414,24226.855
94040,175889.36
73367,6381.993
72909,444682.8
75167,10112.127
39097,79094.97
132723,5648.958
24464,33913.348
104743,3249.6968
75866,58243.67
54982,36632.117
86537,26207.914
57937,7871.214
101085,10495.731
12090,48765.74
58013,30587.604
21509,4862.323
72338,37737.93
75597,16620.648
81921,32209.986
55905,110319.445
22642,11106.056
29202,22207.486
106323,11769.769
5808,127455.03
79151,153154.58
20957,8583.385
54397,6867.274
93948,14664.393
42388,40292.88
121986,60519.676
144811,30059.604
76038,8117.709
29503,70387.234
105290,24832.166
67115,35918.19
59582,7598.655
23294,39973.035
86312,10362.918
80394,50054.016
80310,27203.4
122857,14887.056
85567,233023.89
4751,14361.835
96684,18978.746
45816,1931.9769
23846,10761.8955
57580,13549.089
95849,1271.8528
29486,40976.625
120131,2312.3262
128576,5698.121
74769,17176.13
104539,45800.957
19028,11221.204
35873,11831.1455
106271,3954.8926
21988,61132.05
91699,98633.93
38428,3466.543
79040,45237.934
42413,22413.326
16502,62735.113
103619,85674.32
87736,32473.777
79401,11002.891
124092,34835.32
21724,54565.367
27860,12895.645
118332,6785.8145
8178,7300.2407
135407,12326.124
139420,121785.195
120498,268062.75
59346,1570.6694
33079,184.67238
99122,139261.3
85457,116991.164
107978,38789.91
20404,31289.938
12756,6405.32
102192,7351.8853
115446,8733.468
122009,90873.49
127414,72859.6
65885,20969.8
100064,48507.242
16002,58625.0
103446,6567.926
63365,41299.918
41634,33298.652
7887,70451.625
60053,8157.5713
4828,32296.982
29908,5790.322
33767,46668.9
23652,23288.922
122106,9980.632
104313,23219.111
110260,32763.646
27980,12650.807
66137,93146.586
72607,23226.443
59150,28042.316
21080,2998.706
27394,40871.797
136300,7348.0005
145381,63256.23
54253,8803.698
129924,85753.766
26803,3725.9983
57836,8578.338
74979,69029.016
53047,28630.13
4278,11810.63
131158,85257.37
101433,3259.9763
28838,16704.91
129090,18612.643
85496,8287.556
37,58389.05
103001,8804.121
136889,2045.7257
24946,61201.957
21938,6265.772
25837,19558.56
122050,41202.508
75369,5657.1553
29554,4642.188
18196,8948.904
120822,13820.365
40147,10903.65
120970,14085.767
30038,63815.934
1587,40221.535
147238,12747.528
84077,87583.54
55298,14171.643
65891,8509.944
36504,42018.64
61201,25584.385
93946,6545.0996
130965,20967.926
18829,42867.918
19001,41601.086
26910,35232.543
21450,4875.3433
35794,15633.699
77830,17749.758
66174,8989.159
16116,11873.669
40054,20170.516
18617,67650.02
115155,3526.6196
44809,4223.8296
56427,8233.118
58612,96900.914
92469,127071.91
56183,9313.054
43659,16881.912
8314,6807.8633
108441,19120.688
14118,4902.592
68043,438433.0
92152,40757.992
8260,1803.2537
124184,111241.59
103087,12184.492
49595,85950.77
842,102911.86
45811,7412.1104
134021,61764.133
115906,243899.95
132647,2977.362
25341,10521.735
105243,18591.158
123870,162634.9
49522,21282.27
38488,23942.074
37472,50558.465
130298,83731.805
75694,13663.396
127535,27818.191
1422,19846.885
15381,31389.316
98052,18097.389
72251,10170.937
27613,5653.8267
67968,96993.84
33573,24626.422
145870,63005.63
124096,3592.585
78152,71647.17
79221,17476.0
106599,26064.459
16270,12493.381
1277,126942.38
133229,3317.3577
280,42127.645
43024,10617.015
98940,26953.518
106592,54079.91
36174,27109.266
112130,27434.484
137030,20855.717
74470,8909.431
10890,42996.85
56335,11541.635
118879,40137.434
97383,19008.51
70422,18934.012
20416,3615.4946
15569,16884.67
53085,20348.303
40618,19178.191
146052,15358.299
5798,48592.613
147936,24430.736
88854,7067.2134
103150,10154.259
37588,37158.094
18897,11226.476
25810,57964.54
13093,4892.3267
64583,49965.805
75421,15092.599
74929,21476.781
57468,67938.26
64639,9797.1455
51720,7922.1187
69969,57379.066
48681,273393.16
141184,207847.31
12908,88870.62
72566,87343.89
111807,41307.438
44078,6854.0005
68932,10693.41
75352,62681.676
33877,7608.653
76532,37379.88
143161,179211.64
42197,114466.35
64343,44094.594
143193,99328.125
63012,5055.6045
19483,32194.518
106587,1685.1232
77496,34084.383
55798,7257.21
139078,15513.811
140882,15729.708
146598,2553.6482
119352,106011.91
101820,10197.065
114973,3310.0159
57401,12709.843
47986,5764.4497
128990,40239.35
43609,86953.836
29723,89861.35
37530,27774.574
5836,27493.402
67295,207928.2
42012,7359.9014
15682,13262.908
67008,10029.558
11039,6584.506
75700,12015.229
74063,21813.271
63107,247809.9
47878,13786.77
36986,40113.535
49649,40316.285
18313,16285.749
105451,70736.555
71319,14119.403
65494,22674.527
114990,73678.03
2313,71231.375
50282,5204.83
91948,34813.61
31631,2814.3198
133683,31703.154
31394,26854.8
16977,24303.97
144904,42643.586
22029,25985.678
92940,35636.55
138062,21686.479
62966,2663.95
93047,6359.253
84038,14012.49
81318,16138.271
5580,43433.293
143338,8839.364
40627,36148.48
65280,29736.791
6398,61129.492
71630,8365.808
124170,28787.78
58781,40735.793
52270,16498.713
112792,63322.043
56776,6539.24
22582,68108.04
142462,11237.543
20936,21845.27
55091,10159.03
20449,24682.814
30033,4783.6836
94347,2115.7031
129957,10548.326
119125,15843.029
71667,9053.477
24448,1221.1832
15950,3864.8435
30680,29695.342
75060,15654.067
125302,34757.59
5264,2304.108
97794,42811.543
52990,101672.33
32113,17132.904
79615,43210.89
134947,7347.868
12274,5433.599
99356,63603.41
106746,73418.945
41217,59812.633
78315,37899.94
30768,3430.7312
14736,126317.68
1620,7309.066
32171,88577.79
79501,5186.665
20401,16502.268
18065,5227.72
31070,40059.95
146557,50671.09
106904,16083.155
121074,258243.78
82240,130353.95
95593,167368.52
119141,5066.1504
26182,2713.412
78925,1577.6088
128657,42277.28
119865,11359.525
85661,17381.129
81426,6080.9907
149764,13677.627
132388,29103.846
76902,6706.157
63367,3697.8887
50244,21456.652
70492,9744.443
48381,36233.78
85717,37059.38
1179,90534.9
144808,15476.125
89478,15847.903
55578,3200.886
123955,118342.53
98374,25544.826
80514,89563.56
140452,22875.93
117176,46143.316
30486,23745.234
66941,35815.504
102462,6295.308
108489,51920.254
59372,3318.732
136219,82358.69
32332,4191.0996
29274,45015.676
104100,16416.191
28818,14893.284
75223,1939.5933
118046,92726.516
134312,32799.24
121378,12455.307
37601,28217.15
103263,23106.592
10591,250644.9
120879,64795.4
43129,36720.547
41679,7903.559
765,4455.8164
136994,5333.2173
60973,134812.34
47713,112952.805
148847,3897.6707
124160,167123.84
8006,16910.629
59395,20334.645
51937,9828.993
52500,2622.0615
139071,12941.431
63933,93196.71
101783,16621.04
130629,87039.59
139830,2547.406
148383,42422.98
3692,9607.359
69185,25979.672
120236,64345.43
49621,50903.04
103410,72322.48
69866,18441.938
142642,52096.445
97482,45164.9
84130,278844.3
97160,89554.59
117532,16898.596
6852,10064.135
86030,22107.008
88582,18974.287
42618,61448.62
124245,57307.773
123731,7729.2207
70283,178789.33
113675,47855.473
61867,36835.77
137702,35190.074
107392,6573.836
27012,7774.1875
10481,34316.668
55041,2642.35
43428,20705.041
73418,8901.791
141039,8355.341
121682,18012.7
54507,33038.75
18331,7700.0903
17262,118083.555
68264,3125.5703
45141,76602.84
35209,9561.937
64861,4850.3555
32480,53339.355
20969,6876.866
145142,13081.671
70017,11928.728
132198,8916.272
111266,41796.996
41713,4009.2456
116103,4999.3716
110344,27133.186
415,38361.414
20211,37599.203
20044,32005.55
20024,6390.7036
36187,7487.488
70702,46719.45
8574,42416.96
40854,140156.73
20322,9821.97
63132,99065.57
95214,95958.21
46356,24336.035
146988,17880.162
25790,11449.146
99402,15055.1
48240,5058.7505
52854,4079.6914
131659,26151.268
105078,97035.58
41151,10249.246
109286,111422.1
85684,26101.84
59485,75182.016
87830,15912.777
17370,9801.521
24012,67712.03
25586,1380.6589
147572,27617.084
800,76790.195
143,9521.353
29143,196188.73
112037,16724.326
76836,9215.9795
135934,2629.2068
110769,15202.529
29157,1373.0675
13273,64519.637
65597,192336.77
74794,16901.326
108319,3865.7822
124811,11100.025
44682,279331.84
95044,58272.465
104779,5123.648
122574,6395.3994
115509,7570.6533
21624,17016.375
48836,2642.5945
14726,88446.98
139587,62691.543
18750,23162.473
83702,18829.727
44863,15068.954
8523,27111.488
144941,4788.358
135658,11462.06
7620,2613.7163
87061,103353.35
15347,75440.375
112187,7909.679
91002,48163.395
123529,142452.75
56495,233475.77
133534,19248.709
15760,20475.12
98250,41789.113
145189,9596.761
31047,22738.732
96419,58488.383
129076,21463.428
52206,6054.3525
128946,34154.152
107224,155002.75
233,89375.42
127379,12441.59
44581,44819.414
4055,145522.66
23828,165775.33
96878,49709.234
38321,7290.7217
104876,13476.8545
17935,71144.85
1625,1721.0399
147864,2036.1697
56453,41732.85
121536,9473.809
143800,24641.71
51366,49119.24
107937,123089.164
23850,45665.03
124374,9072.647
55546,4808.2285
32040,4201.8467
82545,43730.91
18136,3777.5388
143906,38757.15
143275,10186.833
11993,6109.154
2970,38049.426
21274,8598.369
129315,26646.863
28027,13131.115
37005,8602.063
82731,50915.734
143885,61605.617
135161,25746.94
65580,14056.225
127869,65751.04
40275,14332.285
126394,106196.76
68798,189299.25
14206,102586.58
147937,13245.726
89710,46304.617
38955,8721.988
111533,9555.8
99732,49140.246
59098,21982.334
51170,26954.277
139591,65679.21
139813,23767.332
36101,2187.6262
71106,26100.45
25776,100921.555
1314,18966.818
15507,179575.14
78090,35528.27
49979,16994.352
97607,27477.242
3613,68931.9
97167,8930.021
55616,42549.465
10479,24305.08
36800,60147.5
49863,5295.1133
94129,129797.15
68172,45511.332
60472,5514.3843
3584,3341.5564
35135,6475.042
66462,2732.4397
130894,15190.159
124508,29776.707
130818,13599.82
19701,52757.086
68681,56031.742
95829,194045.52
53110,29526.68
94977,153500.42
21629,3800.9644
70973,120169.97
38846,74619.28
89955,5713.1714
26660,31193.422
98950,7243.2925
137086,8616.514
21997,46061.707
40615,3614.073
117406,46173.25
83207,96961.88
145125,11132.384
4822,18009.918
81345,83947.44
85579,4769.0845
79298,10462.51
108519,30953.98
134568,79572.41
52678,54647.066
39,56517.973
141837,30192.494
96422,3412.4336
110227,49630.812
78947,26493.203
28325,17466.994
124741,4743.5776
75440,6409.1133
94568,46063.79
127407,17345.248
141885,50460.7
37649,68020.234
85183,46934.754
12739,32098.924
65532,83654.445
31749,81856.016
55998,77329.0
17679,9111.827
70600,89568.336
26682,10895.161
133463,64228.2
51927,22344.004
77641,116401.45
73130,24118.463
38912,26869.57
48082,11793.867
33909,9752.379
3761,43597.867
46906,4669.028
75625,63159.117
147034,43923.605
131432,48717.9
7082,10482.597
20151,11662.838
6883,34798.656
21170,23897.438
101542,21144.262
75832,95844.44
39502,2051.3755
136175,25786.871
6967,105395.664
65901,70626.83
17067,32465.498
77843,34966.31
44292,77239.91
142352,6074.7095
74627,53095.617
24847,9097.309
103357,4690.4126
118378,108497.22
88775,12471.044
119887,63865.523
82098,15123.96
113734,104123.82
67677,28279.648
45413,7519.948
26926,131161.42
94435,46920.434
49252,10093.8125
48914,153620.27
3499,44258.277
107902,123673.49
13046,22597.465
116542,32424.105
48495,63425.734
132884,34231.25
94506,462865.75
105518,69114.58
91115,6657.4736
119852,1488.8552
76490,3953.9727
75498,3753.3489
19783,5052.703
1805,18583.746
31238,48978.17
64530,20255.104
131877,11931.485
105236,41284.65
32436,54330.39
121664,33447.67
135106,117070.22
88967,8260.832
121333,25256.287
21893,1712.9935
128105,17018.605
91872,19410.475
62956,4737.405
46578,8540.311
74001,39894.258
144177,50512.992
95106,229825.19
43840,14232.25
98289,32489.127
113825,22999.715
59119,32862.09
50411,15686.867
124768,4008.8342
56313,13773.57
94863,12134.783
139412,32850.11
41632,27052.598
101305,13996.471
36832,22153.791
27727,69377.1
132702,7857.1147
76730,10473.743
60425,36818.12
78035,6394.21
100328,31424.318
13589,7666.5137
149799,117627.62
62268,44652.367
73742,17231.58
131928,1189.4501
64199,57172.496
75199,78209.12
78942,40090.04
107240,64809.75
5287,4630.492
27667,22731.6
136561,75981.22
56195,20356.951
137668,86619.15
104451,109624.74
97745,19546.922
126960,6728.274
91995,41870.86
104400,3894.291
61922,1543.659
8171,106636.766
89112,9392.104
59334,41898.688
43531,9221.813
102275,10893.591
103717,3728.7957
100131,112138.17
23440,29566.543
94814,7749.778
109687,8255.936
144982,33748.13
44304,6893.928
115673,24346.83
117579,15726.916
53168,13104.203
72009,10521.782
55625,3933.461
75934,2929.2395
23778,181838.14
60092,15412.1875
120212,27748.328
80597,75572.76
37283,211000.61
115829,14400.498
84718,9629.639
93645,106984.4
148274,6313.6167
88479,12163.009
85857,20649.074
96215,13362.259
109400,151014.9
136632,42017.426
16385,142988.38
95534,23494.973
20955,41963.473
112147,38702.305
124034,35936.133
98115,10160.821
86640,120102.46
112196,5862.216
117115,13031.001
72457,5361.635
145612,14676.955
6021,20652.145
46476,20937.197
6905,95823.055
71731,38936.46
40524,247226.2
17789,4482.623
48322,251115.11
90165,57767.637
75054,3001.724
80392,75159.89
139800,18760.578
135564,31965.457
66701,24982.76
132438,15733.108
143164,52341.184
20573,23359.049
143149,52995.13
84482,11762.687
113108,86604.82
20033,1721.9583
12618,10886.329
24045,9464.424
52333,18628.35
743,6916.819
146247,8095.568
74809,24060.715
231,5523.469
20375,9632.624
61812,40733.69
123860,1417.0638
38414,33849.996
9347,43025.586
14563,46820.832
85399,17059.812
4773,22157.613
71153,27702.246
91110,7926.4663
35411,98824.87
128152,43242.06
92360,21769.115
15418,24196.277
85966,18103.146
31635,31806.334
1600,7133.71
53860,4127.247
13842,47717.824
128595,48712.688
15824,19023.955
116763,2486.2422
33698,76289.18
64899,19601.654
74612,20329.068
28475,3966.512
43351,13086.482
65333,77912.85
117252,23797.49
141216,31824.75
126605,32329.256
60932,53342.453
53257,48490.637
81043,3179.7646
122789,52645.477
65428,93505.73
56958,47219.504
21964,24124.137
70385,7746.3945
114331,4741.699
134265,8724.851
47149,137935.88
23450,10667.345
470,18509.898
116164,38516.87
78347,1818.3467
67370,65835.59
106057,37262.438
21983,40586.49
13885,102063.875
68164,18634.346
38080,40279.38
102270,11570.116
122488,9539.708
100367,4315.466
46822,41924.664
110926,27625.094
46517,47976.285
49653,13550.915
43822,28806.03
145284,33216.516
119622,7497.103
145686,103524.57
72395,20457.412
89706,88406.766
18454,23159.506
27590,7953.8657
116383,14756.737
38434,16117.5205
101804,16568.35
143775,191601.83
115206,14484.475
60269,2749.7788
71998,42126.746
48357,49414.742
56702,5161.1504
54067,52718.887
128332,84135.0
96773,79023.54
60154,23525.137
39398,3585.37
108811,34703.984
43588,2380.8906
55839,24332.092
144802,6883.3887
42616,17039.248
97853,35569.574
116673,29646.156
27817,27721.145
129802,355759.78
147454,3154.1064
87065,60434.14
112801,7758.101
45033,14938.698
69985,26934.047
55342,10379.417
95440,17812.873
120023,1096.3612
52926,11067.525
4966,144888.08
43330,5826.1904
73813,18703.963
73898,58928.61
128006,21341.842
2983,4088.209
78431,3333.5493
17669,14802.354
28674,211096.11
33488,34369.883
12097,14322.063
74926,27086.955
123991,3274.0781
81739,26877.904
98890,50304.348
137045,62611.3
29115,8207.38
115451,106287.734
92018,11796.837
20142,11073.146
140904,23710.486
143299,35787.418
25708,6102.03
95361,20407.375
23915,16002.3
119382,125804.83
4594,5015.7227
94005,19993.674
91364,2216.253
108858,25327.87
148368,2722.8284
6372,15715.135
50776,8833.031
80679,6694.839
149015,39195.793
52541,18474.826
117053,10969.362
8042,125712.19
140757,10254.872
58931,127074.13
120821,5306.7114
60669,8479.81
24931,3384.318
100894,12022.13
49574,3433.488
23993,17502.543
126182,117711.586
23743,2108.6416
18167,37437.04
3583,24093.578
33270,119494.414
109954,60259.254
60588,12152.395
124723,53304.926
101465,7321.5283
138132,5802.561
100075,3666.9949
130731,95093.68
143647,8344.515
11731,24765.926
103153,10078.881
146892,16677.771
9501,111583.75
104888,22858.51
55209,23837.275
26857,111662.4
122607,54480.773
74280,18147.262
132075,1098.9065
4280,8897.809
130497,57056.938
22875,57946.234
18111,64781.305
128803,12944.004
47321,114752.18
131480,112434.586
115556,132459.66
107810,5415.742
8249,6774.365
19530,3219.1626
117459,4917.8438
137832,64129.43
4138,43831.492
141468,20890.377
128874,68517.11
140054,2908.3188
124138,42714.867
48286,2697.5916
115481,111934.74
14240,26781.121
123709,2962.2273
67467,20302.541
131444,20054.336
101827,21584.314
1850,14374.113
62472,66563.41
75,46323.695
135198,6962.8457
10344,14828.002
113943,9191.499
79702,3061.0266
64516,48457.066
59537,17448.836
34604,45219.77
47474,4635.6304
33881,13360.095
113778,5911.969
1780,144605.84
81726,27778.709
76050,81082.02
125067,4714.282
76642,18392.432
101780,24580.172
112512,46470.613
87459,161502.33
113671,29927.95
100600,57443.37
111034,34266.797
40381,58898.062
10364,119279.76
121846,5950.3604
45482,163629.03
98540,14993.142
1204,3276.2434
117522,8982.797
98742,7865.5894
34534,91398.35
71753,15198.816
67528,59309.734
81942,24432.857
118431,37732.32
72227,365741.0
145857,6623.719
20785,9861.788
13734,6360.968
6370,8522.166
44398,157657.9
134765,103154.266
86863,41315.86
36299,5054.856
93196,11058.501
142081,28897.186
91681,61809.734
69170,16693.725
13133,11560.683
44380,4721.4214
144362,64661.902
20172,100084.36
30084,46291.71
137148,44924.875
97096,14387.53
149933,12355.666
104162,8287.783
126458,74265.32
136046,4435.421
95949,88993.45
80319,12436.755
90934,5200.4736
58518,23547.006
130459,13838.897
80998,10057.024
77681,70008.305
61755,7062.104
101895,10948.977
60044,27588.12
123285,11517.016
9626,75295.36
47296,5573.667
82632,3189.292
62859,13644.728
37346,33325.695
111936,146445.47
51894,19906.898
119441,73402.9
83605,38372.18
22134,3671.9846
50026,12993.839
67856,5370.319
11789,6704.813
142057,6100.4214
91673,32574.844
97657,5055.5044
35500,6261.803
16236,21822.959
41927,4585.3867
14525,9906.448
4115,39288.117
8207,6987.2637
1984,112113.98
114443,12563.572
42943,27073.092
120357,121844.1
147425,31368.168
34872,42947.598
77694,11915.834
133325,11054.065
54086,30667.68
37670,17033.309
74250,69302.59
66745,24716.838
49585,5977.122
11537,6346.105
47398,27960.922
40391,17314.979
96817,9105.905
47418,121291.2
6126,74740.266
24650,15126.932
60980,12366.08
4528,6935.7056
41853,10309.341
84551,3287.6382
131505,14364.712
5633,58889.01
55015,5626.4214
103161,8481.707
110031,6722.987
102055,38325.062
128439,31366.812
82234,14166.64
264,2752.0273
16476,3934.036
56026,5086.68
34115,8171.449
86798,42749.062
61725,4039.937
143713,8750.542
93804,53195.2
56244,10827.129
5370,3031.5303
129586,26121.195
41515,5338.5176
69149,153884.0
105477,10207.612
71808,2871.8142
115368,22611.025
88468,74625.74
34027,2550.7449
113151,6563.7793
148613,49364.63
55702,22128.537
105895,19903.723
9638,2175.264
75889,18835.414
9015,41492.098
9517,42242.387
135526,36088.9
53804,893.1785
100593,2728.7075
124705,41573.582
137044,8248.094
73505,12842.404
80455,16160.036
47268,2790.2744
2159,87363.89
35786,23134.773
128717,25847.562
102091,11854.373
90930,3501.773
48547,42965.65
135965,29736.766
100035,21308.691
11438,5908.0527
118127,112815.96
74761,37176.625
93266,13388.826
96073,28651.229
26802,46885.1
90340,8276.429
73772,11164.352
126304,37505.043
5258,152922.6
16510,8283.747
98450,26767.139
25065,42320.75
95862,5032.56
20035,23403.008
73283,25078.852
29035,4783.538
87369,74219.336
147662,29761.834
57554,7296.109
131352,48137.367
652,6115.021
13117,352414.75
42957,26806.045
148246,8642.404
136148,3211.5547
149404,141223.11
135649,26959.883
117798,33042.598
1562,54903.125
14639,39680.98
14699,3357.839
15161,205972.58
15125,17815.25
54026,60133.11
70370,25522.145
102450,64618.703
129108,127278.086
3216,63470.77
99848,84427.1
74157,9556.379
96030,47204.938
29521,17105.621
145399,3414.9045
41319,115446.766
81583,11054.467
16485,2931.6606
14603,82347.914
30672,28140.31
31524,14408.867
474,31808.076
25724,13749.846
69913,106348.07
574,4111.6074
43345,100497.664
84584,18009.95
61781,137958.86
145134,6045.8813
123815,49432.383
142158,47207.94
126335,19921.613
12632,6606.5195
4155,15576.317
51567,8708.184
103315,64471.777
103739,47259.805
58239,2914.4146
18356,95751.78
22073,87525.336
11967,83799.805
72115,17902.385
6969,1929.496
121169,6662.4883
85365,22931.059
44659,4777.217
56781,14410.583
73866,21476.326
75810,3122.8174
104699,22190.395
9426,23150.803
60924,6970.251
73726,12324.57
6064,161960.72
76690,11035.893
139000,150740.0
48523,41074.855
58093,46926.555
106476,28378.69
84693,9568.818
110905,1741.5967
131857,67455.0
965,171339.86
9746,8477.705
132369,9822.805
101311,9739.479
86321,63938.992
34898,43575.625
103868,98062.805
88719,6154.0723
21606,27827.3
37107,52528.594
24541,823.7215
8307,5461.1436
4042,179360.6
72459,24735.615
148304,56592.336
142654,10459.262
74209,106282.75
8901,56504.805
29538,43767.625
43278,84777.695
96318,5991.673
8940,110109.79
66037,53047.664
89437,52908.965
30780,9957.483
125498,100443.91
20005,21025.387
24597,39876.867
34416,69611.41
6157,3647.6052
12281,992.31976
22341,35539.77
147462,126917.82
94384,5500.8496
43770,13290.684
132594,8191.754
122377,33630.312
142033,22346.516
96565,42795.72
76782,5772.953
112952,2348.6829
48366,20923.793
38060,21511.508
116928,42701.348
106,18733.596
7077,7029.571
28341,6726.1733
55475,41642.84
122317,6881.3667
90680,30842.344
42636,97240.11
57798,6444.587
95134,178232.2
1581,21051.357
133401,13541.71
17207,6885.466
32491,14804.617
145238,176263.23
38378,35253.52
35983,21967.861
69668,3525.9797
93181,12349.587
104804,18883.594
83936,5615.919
67372,12799.168
77909,74794.64
13185,30356.21
102856,6546.174
43449,117428.62
106411,6150.1294
41875,73191.03
85713,6018.557
117756,3260.937
50722,49471.848
94688,8348.646
137819,58112.246
23468,59767.19
88473,37149.68
13383,56370.266
25476,17185.73
23098,4877.5615
42461,2111.0383
105552,99789.62
77200,15268.63
113744,17746.53
23104,29042.852
128128,-763.68994
17333,30571.545
147221,15818.141
83095,193999.55
16651,21898.203
112069,7575.189
47762,39504.188
52178,43459.277
124687,1990.1841
122092,18661.773
73222,32529.13
48431,54031.48
44970,92763.88
44115,48032.047
24232,7031.7354
101597,24245.082
140513,39948.86
147096,25459.93
22194,27084.857
92114,2546.9043
105163,60115.8
70059,12971.809
52810,5576.3276
48774,71308.92
69895,8972.799
76895,13240.703
62096,52577.68
13730,62023.066
61984,1782.3247
64033,12209.512
50929,147494.83
45097,22460.477
129826,15850.798
54411,5325.759
147842,39036.56
48704,12506.313
1948,10149.825
22419,3724.2798
96197,37625.457
5118,7741.374
62843,19809.916
131716,18676.244
134658,3824.3755
48680,9197.293
102112,2916.1199
81079,56058.016
39577,5480.5723
12407,2612.3901
63388,67323.59
9224,10589.701
78516,24947.156
44041,1324.5479
82993,10303.443
148175,7906.9565
85575,3593.2512
109891,8954.596
26651,14402.979
12729,4791.165
49373,33359.707
32271,56406.023
70921,122948.9
112788,12452.044
47515,21965.238
145751,8130.3735
128041,38735.492
107102,16868.65
16079,34625.2
53414,19211.738
39757,7163.144
4852,33964.195
61668,10991.24
119870,6502.9863
38668,65329.355
138697,44830.938
59391,44075.617
35552,11511.033
146016,34363.836
6106,20830.959
34344,2633.542
140106,66244.7
15626,45908.71
84869,342156.72
92495,21553.375
131128,6007.036
143849,113051.234
96594,88894.164
137632,88568.375
128103,27727.04
10450,6644.787
31592,59983.23
131337,6886.8394
102439,3413.4324
137238,44267.086
20161,46209.914
51241,27204.342
78715,114461.01
20556,43894.13
108373,17220.418
60270,7613.991
59362,16923.625
116941,56632.26
137562,5812.837
107242,94336.06
38332,2004.4556
110721,13793.99
34742,4967.296
90070,51501.87
123197,6855.037
132531,6150.2705
127827,17570.336
44223,24060.371
12223,3310.2217
1282,9327.971
134211,5674.7563
44851,19578.117
44839,54739.664
72483,87357.22
17569,36813.14
96421,16214.892
142929,23506.03
78748,87954.05
74982,112522.06
115257,98474.4
74831,1228.5598
93581,23762.355
52502,53787.984
147537,28475.752
143440,4453.0874
14674,31638.395
53422,153780.38
131991,99337.734
16756,13710.781
143702,5665.56
62602,15764.719
10758,14225.351
68289,25994.97
108977,233383.86
15739,130240.1
68088,2689.9072
85025,14019.179
133519,8336.695
119543,26651.455
50169,37329.76
25406,18819.219
15241,64005.01
14111,193260.03
100711,26259.914
88984,71217.93
136981,16145.385
148125,16256.585
98207,45655.914
119417,7996.078
71168,22301.09
61609,96489.81
49027,14269.654
141665,16842.605
54899,10990.783
8915,45263.496
23736,31607.275
117997,77744.65
49823,17611.182
13947,11416.033
57272,18018.846
7231,48344.902
88619,780.8282
32266,7869.206
14080,2177.6816
37210,47416.555
123838,8662.72
92262,85173.11
62028,3253.454
52265,32795.918
142435,77029.555
26674,12693.83
102709,8477.583
78699,8545.85
73906,15668.684
33002,75418.91
63592,45268.113
54458,9740.447
87304,4571.7534
52755,9916.698
131173,22331.045
113991,29719.068
48109,12931.162
64855,37089.754
85,37422.22
64249,15203.63
148101,34866.19
60345,2430.128
2277,3928.149
46866,4177.4263
10416,8001.7173
53813,89733.97
51837,11042.964
48931,113531.8
4745,206827.61
34214,72619.74
3747,12593.861
60793,4064.1196
50719,7853.59
139540,19384.803
101258,25731.514
83509,1641.3195
122905,566930.4
140771,62892.285
123502,19217.178
19401,20541.982
104972,7722.9053
9021,8214.211
86602,6725.3755
2232,16425.768
102656,72098.695
137018,20102.19
63632,5895.6167
10790,79434.99
101466,25660.883
52352,42412.152
136295,78786.19
54858,33099.062
123365,9545.989
94294,37081.32
59577,41137.43
10139,25621.0
129869,75610.234
149432,73186.95
67408,14624.811
103329,84958.7
137653,22138.965
81356,17651.432
118199,41567.453
4101,3513.1238
107927,14423.874
144955,43582.504
2268,2160.3408
127164,17456.092
52102,13999.77
77309,10037.561
28822,9431.673
57989,6702.224
149743,47852.105
65896,29349.02
92870,162299.9
76265,50118.047
32388,2616.5325
142021,96962.66
19265,27903.305
98844,13658.37
143628,101789.84
114318,1965.5139
26059,2166.8286
100956,7405.88
45404,5653.629
75975,24205.766
79477,39930.656
78287,119593.6
89015,141439.33
71550,11047.946
74968,51275.332
84314,6197.792
26877,3356.1367
42700,1939.8276
11934,32235.262
142892,56963.754
134450,5461.518
39354,108529.016
113965,7009.812
116664,80612.52
118364,95035.48
18426,49573.168
55670,6875.852
29621,4205.084
3599,62480.797
99624,27454.496
91945,17973.867
6527,5972.124
61515,66102.43
35323,83611.3
28727,30682.16
99679,3992.3
52445,10951.726
135228,1299.0046
89197,9071.836
124093,9874.292
42209,2959.7617
92685,15820.999
148451,21322.123
81342,7207.114
1681,4013.347
104812,79020.06
12427,6777.125
129536,20795.082
7757,17027.09
129065,28827.803
134060,100030.734
140367,47294.76
52033,11380.094
15735,48203.715
62256,127737.87
21529,10643.758
87927,11606.848
93475,10566.982
70091,13816.089
123159,40366.41
64448,3907.891
17692,2971.9329
134737,46077.57
18223,46347.605
38132,17997.516
136718,46610.64
93091,28114.678
133622,58185.355
91483,24124.926
88715,5997.4824
130152,5139.4473
62296,24091.23
105560,11110.655
110744,28088.455
95698,13188.812
3154,19180.084
98463,22905.822
116607,14482.837
11347,22398.186
29248,3392.0784
5621,9031.76
17573,34166.434
19848,88959.44
84358,3080.1484
42627,7770.564
43300,70119.39
22691,16502.777
20268,63763.37
93844,50922.723
11610,8190.708
47371,105728.51
83538,6712.2827
71468,36223.12
145647,11841.649
148187,16539.975
122933,19458.443
121433,38258.246
127015,3292.599
115886,2960.1536
148003,22231.957
143531,24366.807
93021,40843.13
149570,6154.2036
35893,27044.902
32022,6032.749
15384,23456.686
15873,67433.75
47832,45879.586
27450,7764.931
34654,49762.23
36270,15527.231
110163,98816.15
99872,3907.3198
101018,14716.485
108823,8104.8354
107470,25546.229
140994,6709.214
9350,28410.676
48908,36388.35
34110,16191.58
87156,37440.94
57391,4696.476
148030,57941.438
76802,12813.766
4935,12388.502
30543,56250.95
15490,24513.246
135318,22925.021
56309,106433.945
20386,56393.395
78821,28391.318
109549,42045.547
131290,23899.09
88844,10962.881
88298,21132.73
30179,19097.234
11419,17356.473
40423,77642.12
13103,9976.679
37483,12925.967
119926,70972.52
63048,103641.88
74311,47656.934
36249,26926.545
44759,4391.0234
69437,10373.968
63182,16330.25
109383,51309.69
121932,9518.47
2357,53440.56
114883,17931.209
145682,58697.43
31452,5973.978
133570,5241.2925
4219,46257.23
121534,46621.16
27710,8489.719
87039,38760.58
22844,21434.178
18765,13911.242
75395,19255.695
66293,22739.006
4894,121327.29
76296,17081.947
21325,73917.484
7575,80485.41
86576,10241.317
56381,13604.807
12549,10881.273
58583,96600.13
1103,37796.742
61795,18281.562
144871,53082.664
104051,24961.572
40127,148009.22
32316,21202.104
147599,27494.896
57896,354231.53
73564,134359.08
12910,66006.19
66343,42644.36
95062,2869.6492
74894,56007.23
55987,19843.75
114874,119839.3
121098,19576.379
22913,23027.016
74874,32947.652
106183,79197.81
113094,20923.443
126256,4820.8545
11188,10016.681
105689,83982.21
78606,66268.01
128418,112106.805
20697,46374.535
97296,10586.557
103609,71130.69
89786,10932.364
107950,142880.22
144258,1037.8041
83659,79059.71
138072,34188.367
95693,111376.43
89342,93894.31
5519,5402.201
1913,34917.316
85429,25349.34
42874,11750.2705
51488,34998.535
70510,9312.483
39406,5613.6196
61710,4519.391
96523,53070.77
21890,19999.27
89442,1361.8527
113742,102156.58
51011,16197.483
138258,15718.606
33245,21534.553
39770,5021.034
91324,15931.044
62231,48233.332
64024,7816.7075
102476,71138.555
22199,7956.4517
13619,252401.16
63404,98158.08
53612,218724.56
83774,8583.968
69667,35412.332
60439,38818.92
87476,2793.6042
37433,3447.3672
140984,9734.888
134513,46323.023
143220,5627.2
72944,4316.383
134640,33154.66
103089,91510.7
5868,58251.8
12991,11359.81
11080,81167.484
76339,14747.881
25916,2090.219
143044,37991.082
147340,8711.523
49509,153974.55
57775,19270.418
84385,33203.742
136276,14849.147
125231,68594.32
94782,11559.754
117521,38155.34
29249,89259.27
101030,49175.496
41614,7406.885
66349,22221.15
17280,38713.605
32659,15510.094
78250,33739.78
84538,7769.0947
104562,12186.3125
134185,4932.851
148895,12703.515
23335,18417.96
63614,90282.11
47717,12568.663
73125,114483.63
44169,10550.071
77767,100195.65
64121,5387.465
25768,31040.947
91515,57015.49
92740,52892.76
125123,136173.69
108728,7456.2666
49475,12542.155
133782,121229.945
108207,6603.1997
19154,14742.1045
105174,17508.12
21159,8387.923
9926,7804.6646
3919,136439.06
6633,12388.502
94463,12681.626
128764,91042.05
41439,5137.1274
5758,23548.701
107139,24913.656
59512,3343.5583
130507,4358.781
95822,45182.113
43635,2770.8118
107835,19503.629
105756,12990.521
64519,101721.28
58476,56954.555
140797,69123.85
18091,2792.8728
138678,7976.9937
13228,29938.727
73957,44180.26
75450,28049.291
35658,171545.14
22884,74063.8
74240,5414.8306
60366,52385.875
113588,27207.021
112223,57932.13
111981,20329.133
113501,28464.941
20769,6194.0493
1129,25279.314
77478,77375.27
144740,313853.5
83348,10118.665
97153,157614.53
145050,9534.5205
76114,30592.387
5151,42652.945
82064,17587.264
89614,71562.27
69653,17349.361
126715,40375.242
43660,57528.4
34302,7338.599
66897,98822.875
107028,5964.9766
56951,15884.396
79973,24417.174
12268,40314.58
67605,68987.9
89161,59417.93
48404,9796.3955
62325,3162.8254
114045,15972.056
98669,12431.899
93244,159490.67
22865,7247.5596
136934,154996.4
99562,14632.381
111554,20561.129
31735,34995.184
102663,11439.192
11810,7762.856
115060,21453.05
106282,2493.8813
32375,23754.197
42913,30538.906
16704,10683.338
79614,10032.349
64735,56073.098
140264,15643.861
64405,35011.96
119627,26958.3
78905,2615.3623
71373,13068.74
102812,5217.1475
42518,11816.903
12531,17681.457
35792,68426.78
3462,20789.795
102952,7754.328
1782,23788.041
145352,5519.821
136345,15768.107
115964,42394.547
62941,9262.196
139264,4302.68
16638,8518.562
62203,66401.14
116975,9558.178
49127,273467.28
64967,23734.07
128229,209287.78
88940,18819.746
27784,36422.51
108367,5446.2017
105082,107168.39
85093,79317.16
117909,4085.1785
38568,49046.598
2960,138057.81
6175,17555.129
140222,13367.712
38818,32812.91
26665,68942.44
110411,40317.715
86802,15554.517
118486,5314.369
133958,366888.53
90480,59357.445
95958,13842.139
48782,4168.4873
111854,5804.0986
71329,32794.14
112890,15186.556
40407,25609.43
117450,21721.021
65677,5324.553
62101,41877.004
92847,37702.797
113174,3669.1245
88586,21538.182
39632,10624.071
128648,33049.43
131366,14202.904
33933,6879.5728
142309,3199.9307
89987,109087.875
83916,5102.897
7110,3895.7483
21551,125768.14
144234,17291.996
77547,4446.6924
73138,741.27924
31064,35023.45
60743,25715.164
119149,17059.436
144499,33453.227
122521,10543.981
115320,4985.1543
78970,17481.822
10233,11835.892
60843,3776.8364
113531,37505.793
121180,71867.8
132405,53093.07
9171,20828.658
43606,149347.4
53682,7218.1924
121844,11748.039
113343,19966.64
142100,12990.164
40431,33219.523
121951,1428.2924
42275,6598.5093
84223,1918.2795
109671,20466.592
125186,4320.9487
113627,11781.593
22514,109591.766
74161,4050.878
55661,80666.46
102129,14175.964
73731,3325.9402
90304,3053.443
10231,30091.137
112126,66319.555
144692,17244.463
134758,71981.97
111808,7239.178
21821,21348.926
58139,4609.1245
84616,11901.774
131599,7555.2856
89242,51486.15
49800,14400.575
29138,7318.9497
137780,13591.642
2143,4219.9985
123988,5823.5024
45046,123133.32
79662,7925.455
8354,6956.3164
80348,164517.33
51281,4050.1807
90582,75597.65
143023,21395.95
60197,22333.219
95973,4314.1855
19305,48665.492
68547,29321.682
36134,20893.586
33229,16185.599
41638,4236.9165
44652,124485.48
38154,41096.273
85686,37817.684
95284,9856.779
27375,59334.7
121531,12579.046
38763,14382.19
25211,21274.035
149586,206092.19
61251,41120.406
91733,15138.217
93104,83406.83
35402,1130.2056
139188,12410.127
35699,19025.602
2278,50703.426
135686,10833.666
8974,13645.593
130154,53081.992
15369,297663.28
80481,5629.8438
104056,12031.483
20190,73574.42
85329,12689.731
121059,8363.065
59778,4582.9756
91582,9442.747
65978,69131.586
27918,36435.613
113782,9189.383
100969,3375.907
3305,1329.1039
64977,230399.53
53272,6192.1587
56831,115911.88
101600,104667.96
35819,14088.024
7567,10919.384
2099,30080.775
129340,12296.538
131282,101462.8
20708,20957.93
61291,10724.417
24110,56884.82
137678,89751.875
138850,9499.151
44215,49409.797
113405,11809.32
130355,9331.383
69098,6755.594
34590,25170.479
493,12945.117
22113,7042.2544
46693,65911.016
92397,177512.16
78631,30520.324
126152,107872.38
102312,5787.726
57818,48058.547
64425,270087.06
59631,48158.258
93513,52190.305
117457,1942.7975
95380,12263.319
78520,7345.2974
29151,12070.561
111590,14900.34
73821,3587.6934
32497,22745.129
2389,4246.2944
114538,5013.3076
77617,3154.7954
4641,38983.266
145559,15169.689
129546,13424.199
52260,56856.66
38970,189948.83
102764,60602.195
85080,11601.12
27358,10292.28
86041,6990.37
96764,22374.158
139439,69778.78
52225,14682.1455
10685,43760.754
36794,9063.059
22347,12421.54
1683,4575.1836
29801,19008.344
47969,147880.45
18253,22003.28
37408,51311.008
72975,6024.6333
14905,95865.19
68100,74041.69
65092,157410.89
101097,12242.67
127623,5717.7905
64751,73392.92
51710,180437.23
117063,1409.2147
30255,82166.13
140396,1302.2043
77138,9481.261
99224,6088.091
108121,165760.23
115967,58447.594
80550,25736.447
21199,5216.3022
43063,105251.69
76397,40221.45
50339,18526.203
66605,35028.28
89738,7915.3325
57021,73070.5
54522,4307.5464
122310,30586.465
124190,6628.1377
74892,379552.6
144648,13576.622
31923,27285.354
19907,66233.13
81689,5498.355
111979,117865.19
65020,6187.841
32335,14577.217
135333,7754.658
128619,30478.012
67658,74860.06
124476,11824.837
92924,46433.715
55070,52968.5
137203,3983.9421
9051,25726.836
84881,14256.606
18800,6239.989
50725,128229.46
64096,5798.8906
132409,55781.77
136122,9632.012
67556,69586.0
2741,19325.72
76869,6150.848
110446,89564.31
67148,48156.797
132234,28155.389
93867,32979.934
99192,17092.963
125004,25910.568
9961,25525.45
59301,18000.91
14997,13101.318
132849,33103.656
93110,68901.18
49086,2781.1997
70788,22935.305
15118,13507.493
61259,754.3031
22904,47223.215
25177,185793.53
62865,20146.906
100062,54649.05
42155,23303.01
59922,35006.043
29998,135236.98
105559,3348.753
4613,17160.238
88217,5090.9517
48747,7616.9663
44072,122674.79
5084,56481.33
73914,6870.348
84940,3976.506
36859,7652.605
98746,16846.322
121881,12619.493
1552,47020.902
19507,117348.375
47199,77289.57
45607,16893.748
26288,79085.48
7493,8353.6455
96767,267415.16
14369,5388.2383
10668,2703.3665
68863,10092.512
61653,101731.08
47344,17840.428
65240,85793.99
83217,23519.193
113012,155219.0
79643,6967.9453
52704,8348.502
112397,4466.4453
141179,103649.85
85993,7092.4575
20848,47497.14
19614,164261.94
89165,67596.39
64733,29480.955
97251,25663.844
84356,15766.864
9650,89626.56
35614,2512.5571
143632,83088.07
77074,2179.086
68189,13300.699
77588,21354.814
124135,21270.605
104105,49989.367
43976,28327.506
144424,4353.847
26829,9247.435
103248,38287.17
17301,91477.6
88352,16447.799
74100,8389.289
67176,12463.92
2316,7359.259
21594,102771.22
133119,65550.5
123858,23873.932
30550,32181.795
118420,100914.45
100279,91031.91
98279,2453.6475
137502,7781.5845
36278,34103.383
72183,29279.387
103362,70362.15
124609,2393.193
125160,4697.787
91062,5810.8184
124144,101011.96
135521,3266.3354
127642,17742.754
46673,20903.35
132742,65348.668
121048,16326.602
3101,177063.39
53621,13290.253
146315,10359.125
9605,6534.833
92890,3350.0034
107295,78442.39
67806,1928.3679
135827,23667.545
28164,100700.52
108007,55617.3
31819,18152.043
75819,50957.02
12530,7852.157
52160,27363.05
57573,51120.645
135196,3892.4788
69402,14464.8
6070,26799.695
97105,17830.555
123287,54504.027
111736,83082.31
9923,25587.713
17759,77158.695
3954,65918.37
138938,6321.8174
6381,10717.224
136832,20841.514
77967,7174.172
148053,50077.824
61375,25519.508
61770,30939.883
47560,57012.992
122247,19574.115
33625,10187.633
55822,2868.257
141967,61972.184
15910,5036.237
31943,90483.88
54872,16608.756
70263,64211.508
111631,7349.9233
28223,41145.53
7320,3681.4966
147475,11548.188
7454,119640.99
122167,10397.858
59211,19368.486
120177,22321.129
60501,18036.053
52913,1737.0488
133636,10901.202
89643,4875.303
84090,21404.494
95614,27924.674
91604,5806.4155
28405,8411.797
54241,62860.64
16842,49738.273
60358,4991.9067
80001,7165.4966
50544,4501.455
39240,17897.299
16710,116966.62
98426,62713.918
92478,59877.734
52345,85295.164
115038,17008.6
18042,46821.1
44606,603.9101
86808,61596.11
76688,57638.457
7598,5539.5664
134271,22458.977
17755,40067.47
81031,7650.5684
17812,33323.508
74718,12612.506
63223,733.7885
35159,2665.6838
47254,102367.234
66202,27167.22
99427,24408.39
134157,38877.676
113065,77140.04
132868,40600.773
64312,26085.81
55293,12426.128
89173,32638.016
57435,39633.113
129483,29153.049
83799,20567.01
34680,22973.184
56611,65674.84
41133,40145.09
142917,8326.1455
39932,35105.773
22178,107908.78
90085,77251.94
63337,18234.65
37701,3450.5828
8956,17095.848
48524,77088.914
144935,12540.384
61754,20318.209
73290,12447.024
16369,10903.91
68240,3019.658
49482,10590.012
124584,2349.103
45852,23819.455
32184,7433.159
2085,4043.5828
71240,79615.92
24446,10578.285
15921,3278.8992
63339,23803.625
68885,1548.1539
13556,8982.886
109720,40251.01
95981,1703.7777
64607,100152.016
64686,6399.149
139516,111810.445
144475,24645.773
117598,27454.771
137182,53851.55
26763,4141.35
133081,39771.902
115145,16315.806
138559,46400.875
62692,2849.8596
147914,4897.4194
53410,38218.727
47261,77104.88
113142,4097.111
4534,16931.53
87961,6968.393
40734,27306.277
123485,43479.67
24283,21416.098
58196,49594.19
100192,25906.85
7685,79588.59
8737,20124.293
122036,36044.508
27558,51923.855
14098,293774.2
101958,18239.562
65681,4618.038
60670,19910.596
105561,54142.164
54405,1087.7096
143523,2330.4546
36168,8025.1606
119783,6542.4414
118679,21619.102
135763,47339.227
135868,32970.387
130415,85773.09
81080,4166.4536
7450,45204.707
98637,55039.633
109775,61663.168
49044,9270.208
84865,67466.66
14729,8492.366
31614,74341.74
78556,72187.414
134161,11957.082
70588,15567.6
17657,30313.951
137682,16694.8
50937,5131.232
5321,23789.982
16729,7637.0
35853,1847.9312
138737,52873.883
62617,9309.539
51817,6691.7993
82101,5917.5796
48400,4001.7334
53588,4255.9844
114485,178501.86
68800,92960.13
138003,34070.676
29704,34045.062
76242,10247.057
24688,8625.884
88918,28885.172
36333,40901.27
96787,12978.153
70460,18575.398
16275,7769.215
139716,17257.873
145922,39128.883
138676,42095.473
20317,104411.195
29393,107191.336
10765,167525.03
76920,18899.182
92916,4181.438
104032,2470.0361
100808,1610.5739
102825,3842.006
143569,41795.3
115141,28880.688
71488,174822.05
17169,74460.53
9354,15512.351
121120,5436.541
87966,11296.16
56746,10458.875
24775,44134.645
55526,5128.997
126492,126958.14
114360,3059.2947
25785,1352.2992
103464,5389.4614
16760,51540.785
98455,24725.74
131728,7758.154
97763,14515.298
28914,10305.442
35184,7493.0493
124915,16101.613
128060,24495.72
113540,19262.082
117251,40388.69
97071,92151.96
43646,32990.434
83156,13064.992
148028,4761.437
58011,77099.92
86993,12698.999
24022,828.8908
121138,27947.436
110231,161922.67
47012,486963.12
63014,10994.579
71330,5872.8926
54076,3593.9526
62302,48716.96
90759,6115.9507
136172,8439.955
79139,206838.06
71938,226073.28
138319,21010.787
122876,1959.4668
89531,5457.1963
50383,23454.092
120616,4369.122
47976,27540.873
137468,9469.461
95646,22311.389
136751,101463.01
16633,66941.85
117550,2454.5283
29732,20813.842
67434,23742.756
53536,3786.935
47130,2394.6948
7813,41118.027
114040,17399.885
37126,4799.3604
92511,52867.3
63240,13279.307
51059,7872.1626
97023,5637.2686
41128,11209.942
118372,24608.596
4062,12990.372
15678,5548.6997
133471,54057.832
63121,19594.549
34473,278119.12
86649,35868.113
28768,5133.9937
63147,29206.363
36084,26093.096
107044,29073.148
78946,168553.08
135036,5598.3813
124158,19915.309
45278,3856.6628
116193,18366.68
43841,27511.666
38002,100236.91
18067,44746.207
66145,5078.106
130000,13236.189
22489,22379.61
38118,15536.301
148131,8640.303
5976,332963.62
45956,88043.484
50219,3179.8186
75521,129575.6
51985,4619.962
54354,20504.87
97639,23177.426
24009,109181.33
72635,6881.416
993,26112.686
10945,18278.51
132444,9867.817
138544,8671.146
146049,78344.64
145321,12387.647
20292,28894.338
78386,9137.073
5905,23611.912
138194,25556.752
86570,7946.3457
131570,184725.92
115572,14715.156
82615,218339.52
34921,4000.1116
79191,11537.185
119751,2405.5017
87173,4020.058
72031,54347.934
96537,10934.823
40480,6981.032
86904,9013.9375
78379,7181.427
45130,24806.262
138889,14335.87
112615,138264.12
42858,10476.532
68627,85283.86
115878,17628.787
119213,12159.965
79459,7828.2754
111680,19209.11
124009,35450.266
132724,7971.363
31872,10611.201
53859,64584.137
79552,4552.238
37534,5520.003
16442,3373.6248
14346,100488.41
64836,16346.024
115628,5174.081
15435,211246.83
3713,178680.0
58526,38251.215
132017,15708.537
69000,4021.5862
122245,139116.69
135172,6841.2153
24066,78404.195
86185,7358.9907
58207,5277.183
90985,44199.926
113543,44378.95
145880,13612.524
19643,8888.662
101405,5955.187
117514,14463.489
121291,4438.9185
104116,28305.166
123432,156747.88
126902,6694.002
11358,40668.32
72900,15831.796
63494,12302.65
65376,1977.5576
5060,82366.914
39926,272859.3
103114,11341.363
59188,7032.7715
27190,9733.666
111019,2125.4185
83350,33541.21
83237,2151.1125
86191,13240.43
147108,15961.762
147706,36465.184
142113,15419.032
10183,19132.2
47664,3746.8245
110575,3141.5435
139404,102021.54
102282,19852.84
135789,35108.082
109924,54452.5
76900,8191.077
56403,79748.49
17539,35591.258
119012,13142.745
10655,28451.824
24778,38060.883
64811,25405.041
16525,80995.91
122989,26297.963
67044,5773.6206
10503,64711.215
39956,2790.1396
83877,35185.668
80498,13731.13
113402,75703.27
97697,8989.431
125646,3938.442
139941,6253.946
80062,38255.484
141357,46884.516
67864,3848.6301
63917,22371.766
65372,6655.5146
113669,22133.11
77028,319.1671
97504,6430.368
107419,23700.197
129673,2526.988
86493,49419.516
26186,17316.303
32577,30431.191
40961,8255.185
26697,3360.316
145295,42576.35
68630,103319.09
33751,22610.27
121209,4468.712
149330,5543.6143
92774,36365.87
111321,36269.95
143624,21248.459
39236,33007.043
76183,4620.247
76967,90427.77
142982,7051.165
126907,10024.503
87746,40804.645
88789,12156.738
85178,8403.197
134062,82836.27
94912,33121.176
79827,8786.801
118503,155162.53
133524,50601.117
18677,44695.582
99724,20974.926
136189,24561.652
22322,42499.74
5193,37352.855
83340,11294.493
129073,169007.16
72563,42168.918
85133,15285.335
217,14147.825
16455,96792.29
115427,5777.3115
95952,22647.303
37858,42538.805
146641,23234.9
95848,7778.1616
92883,6684.8647
70329,6460.7114
28764,81626.57
68246,145515.52
141258,22660.86
37653,3814.304
113170,42525.54
2759,18194.42
75277,9082.5625
37182,7818.264
48814,8360.8955
33795,11899.71
113904,101182.18
77058,12571.485
27527,5088.9165
76070,7874.4126
90213,19864.027
105612,122649.27
82745,9962.48
33957,5460.615
9102,15134.394
7402,14684.317
18667,80485.1
142157,22512.209
63544,5452.3594
137435,8112.831
123793,5469.9736
144678,17940.123
93033,28598.889
121801,6344.999
127698,79122.79
20150,18227.576
57770,6456.2437
126047,10246.764
147295,199835.22
60047,22496.652
126469,39956.273
88243,30435.018
41386,2823.3833
82617,215674.17
136559,57619.016
101751,24592.002
147028,4064.9856
128610,4296.2163
26568,30498.826
57807,64676.62
131806,5374.8364
130253,4405.037
54901,7835.2656
108875,153790.97
12007,45510.27
119463,67351.24
47064,2625.5518
16961,12935.838
110603,75715.4
136083,12066.321
100915,114357.26
16588,59417.734
132422,4077.1274
57474,9295.255
20013,46550.19
66061,8638.135
119101,20865.312
18327,18318.332
45613,99395.91
121925,14511.141
24272,44897.418
45927,33790.09
84238,32534.768
10607,34440.875
27803,12151.087
91126,3949.859
101088,12832.215
61995,28744.773
10654,23781.572
77824,68339.35
13651,15197.126
27827,43433.67
19084,30149.285
43598,21370.975
97047,2480.7097
137125,9414.956
134578,105774.945
122824,44998.492
71804,32233.184
29213,8532.067
915,19783.092
17121,41126.15
66135,8618.62
111645,5902.487
16017,30340.379
60453,4643.531
26617,21170.914
145224,102472.86
24870,9387.501
101350,43376.91
16360,10401.859
49936,95405.69
9600,6888.0347
51598,16923.625
3870,181475.14
44853,1812.0508
97910,18530.271
18737,74377.22
48442,5999.257
132813,45310.727
11625,162511.83
26642,76177.13
86246,95627.42
125921,12760.438
30997,49438.05
13009,2845.2378
19299,32196.818
22557,83771.18
114730,14578.294
115986,99724.15
8022,29203.105
47635,18728.11
55621,40777.957
18699,15369.396
38224,23697.43
62350,38766.91
30333,27710.63
62014,46696.4
32880,3200.1995
115914,28771.625
91378,5461.9453
99287,11669.21
5117,66780.484
18501,3597.117
72817,219133.56
106188,18936.287
134298,16066.808
10240,2589.01
81112,33117.625
72536,63656.7
95091,55614.582
122874,32929.71
131737,21137.422
47658,5656.3164
90329,47430.414
40827,2524.4844
147951,80573.695
144156,74546.71
129450,5632.6226
100538,67167.875
3157,1472.7596
103812,8048.4556
25405,7926.0903
14498,24141.604
118652,109806.59
37531,9575.594
87487,147267.95
121168,82847.266
121245,1704.1862
140999,9053.033
12220,9932.34
99129,41526.723
98629,19574.377
89014,40614.445
119061,7954.073
120791,12329.681
146166,30937.604
91061,48093.11
19744,4195.635
96299,209848.02
147456,39399.52
15853,69677.9
25650,11313.247
114677,38939.703
93818,4437.305
7966,35307.254
63454,539.94745
104522,15235.561
13274,36885.977
79215,4359.521
83646,84755.625
30725,69332.9
72655,207663.06
72167,18457.121
78526,4779.612
141604,8759.693
30126,9274.561
85441,181064.19
113258,3239.3335
13950,19322.352
39585,12922.079
115930,28294.545
52878,11988.894
25652,125669.25
32909,52265.566
14719,562.4495
47271,9774.142
147169,78727.61
26907,554162.6
12409,48049.332
2717,11164.413
88199,7174.38
104119,13925.905
56724,65048.95
15522,26962.74
71167,24895.514
75585,10437.108
17949,3137.0457
88210,17059.988
68789,3513.4395
140586,81230.72
121481,7105.26
30101,51781.938
40686,22316.486
69344,53908.793
112756,6123.8105
42599,36081.695
15216,34216.246
76732,27192.37
74352,19226.133
139876,15960.058
81420,27799.684
62140,116998.31
114247,140556.56
62303,1502.9778
62288,22440.336
149411,20489.773
129245,16970.48
55542,3156.0493
4215,34940.02
122990,46060.266
148539,15620.26
70674,32655.984
18517,2454.7107
57232,39900.348
116207,89788.56
135226,33995.652
107000,29618.268
106168,36577.105
60584,31588.344
80534,1292.1865
479,163824.73
138834,6239.575
144019,68725.67
11853,11249.731
61061,87099.29
132336,42770.695
67909,7167.066
86702,32020.855
43960,76063.38
125936,95709.664
114188,365131.34
36025,186011.22
110643,23386.445
57177,191096.38
66227,11892.792
52014,2125.1216
28577,51048.164
49242,4425.3564
101052,77201.78
7209,32509.191
68298,76895.19
47410,1384.3386
125724,79379.74
80587,18577.066
140385,36565.695
67879,3112.02
127999,11419.225
9750,9146.445
86972,106416.734
134979,31914.268
8939,4495.3013
25366,80606.79
49557,9280.428
89208,7579.8745
23659,6140.749
31560,160477.38
121348,80201.83
92195,15234.1045
44039,31718.746
140971,3893.148
125874,43396.215
94632,54814.176
17633,4050.0068
66602,6168.2725
42180,36448.117
85253,51440.082
66250,25012.98
89134,37732.82
19975,7996.016
129036,8257.558
123629,20578.188
47600,46123.867
65446,97832.016
67395,14740.48
56545,41627.703
40773,1269.5673
52662,3451.389
149753,32487.736
38320,55993.82
31375,10888.0
52129,33051.195
65230,47187.5
147174,5123.96
9586,20157.615
105320,14756.974
124527,13009.798
115902,15428.761
51897,34524.797
144773,6736.761
127046,176481.08
12920,8443.347
14440,25876.035
27877,10285.918
81311,81530.55
146091,6112.9478
60134,14200.444
48759,17600.576
55132,1736.6328
145168,24621.734
74408,8189.758
55810,66595.836
88412,30015.365
116937,40794.53
15093,159684.25
55793,38925.766
144180,43529.035
14153,17891.941
55514,5469.735
129317,25135.637
14914,3970.4229
46369,74805.19
82917,12363.4375
144837,111020.375
37677,52006.55
44773,11586.167
42743,14699.665
114823,5948.732
114395,6247.7485
49620,24477.057
84999,21829.463
84168,7960.9375
144151,71650.59
79546,19175.736
65231,10450.643
140386,434927.22
52320,103891.38
133935,5911.2344
145409,66061.27
94541,41507.223
141161,7577.153
96322,22691.006
136681,89791.625
18475,9107.147
147594,20998.092
129022,7795.9956
10358,44418.176
10773,15875.187
114024,19659.209
97907,93260.98
147414,27462.605
9098,46596.125
21905,3927.031
75924,575.1078
49091,60968.086
27848,3988.024
116310,41940.938
87597,20008.973
22014,854.27106
106723,5865.85
91442,287049.6
46955,168465.42
138758,8465.344
8303,12234.463
26587,11533.722
132808,27664.719
49132,86291.54
83132,7275.7915
36308,92755.266
128521,7948.4385
48015,43345.13
41507,13946.713
45470,4799.797
2012,13806.474
24024,138801.27
124661,5247.4004
90259,51027.164
55996,3995.3044
92904,2208.0432
65521,2167.0127
105800,4016.715
38469,47036.74
13698,112669.89
33141,45002.863
37884,439514.38
111464,100698.79
51142,6551.1143
33534,31582.928
50485,11575.662
98681,68313.305
15693,13540.812
139599,1950.2112
134664,21009.53
99958,77100.95
49803,11162.103
90215,15488.781
101120,6752.6685
136796,10815.641
139794,33862.543
65263,63674.15
89892,2879.4902
138202,50813.766
1619,10415.077
51052,56850.945
38835,167550.9
59384,93330.13
51948,9113.184
78241,7240.791
80949,15843.061
29145,94661.3
136077,2410.6465
38211,23027.594
11226,19417.395
91081,20360.027
44513,59538.08
47470,9491.56
26927,212464.52
35712,6018.955
142839,11523.329
96403,3367.3064
131497,11373.175
101575,10981.195
58727,3730.8843
129030,3010.056
44612,67444.59
82421,21258.576
34042,41677.668
6875,29147.506
117222,125165.125
89289,29402.785
54325,20153.123
49910,5304.5396
96551,25014.771
138413,63908.883
11312,8543.698
78066,23599.426
97926,6573.4517
146235,64554.227
59439,14133.865
120786,117763.99
87401,49835.86
24033,161563.56
144308,2428.6045
45162,40753.055
14188,7975.673
114643,11705.539
57358,19742.826
116138,30053.354
94361,122534.49
4971,67693.65
117232,12193.315
97860,8808.619
23245,20857.428
68419,8409.252
82954,13737.912
100722,37621.227
145969,169945.61
74582,26421.557
146342,4157.997
137711,8194.883
119062,29734.738
9484,7625.0723
120418,28811.781
18516,3060.4355
113584,130664.68
77782,26296.2
42564,4681.826
137510,97272.39
75787,11044.546
13297,12402.46
49926,98010.664
82308,47880.945
52520,1939.5652
147933,19707.086
33601,8454.293
113602,71974.27
134479,18891.932
34785,33691.52
47794,123376.81
66220,4766.5913
143577,227837.08
16492,98202.59
18069,136860.08
101053,19042.164
86753,45520.883
141096,30502.322
109162,10160.936
144557,54465.16
47774,4604.716
60407,19424.715
23684,9424.087
62449,24344.266
5203,307594.6
144851,72316.73
112034,56401.984
67476,1355.4835
17349,63121.996
974,1739.0298
120266,32904.484
113257,19270.77
21026,113203.67
44867,43699.195
3251,11067.893
27749,9311.509
96510,3464.866
131513,128529.54
9949,48601.297
8845,76116.8
60417,108835.8
62693,78452.28
4465,40140.766
135390,11137.562
133243,23546.871
132807,139422.67
53057,73907.87
92406,73036.88
113944,15052.696
10469,38531.234
65296,84895.695
24981,6116.57
42958,65882.984
30088,18097.662
123520,13300.32
54812,15990.595
105430,69216.5
39751,6097.006
93761,43151.98
71324,21997.752
14797,21314.475
146882,9474.5
57763,137968.31
33688,18288.367
12395,1562.166
47259,6905.758
7452,46946.727
138695,58896.66
54612,16686.83
33304,5693.735
141323,28195.023
39824,12260.061
64601,74408.65
59454,11293.033
139321,22539.568
28643,92122.03
109132,21682.91
5590,18536.594
28173,37185.63
17600,7920.1577
90785,19726.47
91753,21014.549
14772,48839.63
10931,29358.504
138285,9894.878
91431,14950.655
3670,6033.225
27824,32956.844
94722,32185.611
42362,27072.055
134406,34448.14
92855,15396.147
144684,7786.66
104474,8295.177
49058,39319.457
71560,106812.914
123145,10513.944
127405,66550.45
39642,27115.66
42674,60706.48
91920,31065.441
74477,16402.25
113301,4355.224
109424,5530.5513
36988,32971.2
96678,6921.2183
92610,28312.262
115062,9600.376
45679,28447.607
98422,46440.5
19925,8773.325
80031,45910.395
91914,8490.955
143765,15790.778
118201,8550.675
116708,18995.797
101880,9438.642
31501,26686.977
25668,12744.286
18719,63905.785
77171,189056.02
104067,45001.8
9844,19463.572
23079,5821.938
11951,29177.438
90952,12904.593
6402,8092.1157
95893,93844.586
126013,74103.055
136377,50749.492
101769,72821.766
108386,12115.4795
76461,36616.38
61314,8767.249
86832,35499.48
57805,11599.07
5390,26980.21
92639,22300.207
132382,5233.9707
111951,13481.917
56626,9208.898
8495,22856.473
58475,21737.984
99099,14523.817
120645,15180.262
72208,14700.739
17809,5527.5996
57826,4343.573
115305,43132.434
133020,12222.091
29475,21065.182
128842,132970.47
24919,16858.467
112770,2737.969
60071,5007.8613
45393,147447.86
14902,6885.423
18802,20422.61
23015,38997.312
44639,106141.55
109521,5144.8477
69803,488.09906
131446,63541.227
58061,7764.2896
141124,46080.85
62927,58423.094
68429,52357.016
21536,24064.193
97839,40991.13
44150,47066.6
111952,38154.16
32938,9758.879
137149,108137.89
144318,5381.2056
24280,70028.05
101881,16394.578
17054,42077.074
89088,38935.973
17667,17999.285
134187,129449.16
134929,51017.215
104247,8051.276
72062,72093.64
134570,269499.94
28259,32313.555
112767,17055.785
81142,71875.375
2329,8278.549
101452,21759.127
136103,40719.05
39187,18610.686
120405,3995.7512
29441,9533.532
64292,5621.146
35412,17542.31
64619,9772.287
80128,40993.883
97525,62748.625
122244,65870.64
72901,11640.573
35492,43026.707
115593,9509.642
87942,4304.06
98259,71645.62
36248,50617.457
96915,29061.668
133810,51418.39
2412,21808.113
70321,43130.32
40235,53169.836
105029,6509.713
30406,9182.422
45271,66222.49
90021,19393.574
69927,113577.81
94153,60862.777
73485,25527.266
31866,38389.67
132376,2728.8604
22375,113879.3
12915,6819.5874
86707,3569.7593
60043,13890.629
133837,14434.495
68034,22900.943
25693,149646.42
75300,40166.277
144748,19336.566
58202,80372.98
97202,7315.211
4054,26280.078
88963,3345.0212
88674,16089.483
7128,141222.27
38315,83288.35
45801,45022.89
122523,35310.79
16108,40050.465
119182,42684.473
113959,49838.2
120296,242189.2
47819,63969.508
5040,52803.703
46093,91767.96
85058,23885.021
107041,26841.098
39902,78301.14
66129,66879.77
31867,20339.9
96163,10416.704
107735,15678.439
124817,66690.76
117253,22259.188
38372,51524.723
92712,83091.85
61619,11434.504
53403,19826.842
14348,115298.63
44529,39745.46
77836,41078.453
14305,12268.0625
125524,275604.84
44885,5278.177
112279,15868.918
25191,3799.5505
52708,19164.781
96957,29425.33
56228,64667.05
43486,47070.816
129091,1809.0676
48271,54615.41
110631,42993.76
100319,14642.879
144140,55096.695
106854,17236.18
26007,97480.68
97841,6782.852
41975,458477.38
42249,11596.883
36428,100954.05
8510,4428.236
123363,17800.836
17327,7974.2935
114319,124057.15
146028,29981.402
29235,11812.092
240,5811.9917
15227,10029.365
145843,78143.4
125451,11363.716
142609,14973.969
19082,44679.062
74048,6065.5327
52580,36246.645
29197,64278.85
14407,50752.875
47647,3721.2666
82587,9978.585
115144,103280.195
72051,36663.8
67435,5675.934
58386,74741.98
52284,7121.7515
96743,14144.681
127266,36418.742
110140,19440.664
36602,33315.016
10398,55292.754
117919,11919.416
12815,4784.306
120020,11738.173
137540,97836.22
60259,1968.821
56223,62925.22
53197,5732.0654
116581,19967.818
103640,17325.45
106809,25674.836
17711,27088.873
112310,61109.277
124815,36529.367
36175,17828.992
108398,19073.592
6689,2345.1433
45503,2400.4336
146184,73889.38
15729,14852.434
107513,18340.445
77649,5804.4395
23471,86880.234
78376,11902.13
85536,12009.105
133118,12547.012
84240,20203.586
103366,3554.6565
42391,11339.51
34632,19441.533
128875,171364.31
114365,85318.49
85309,67113.695
75834,3607.8567
80223,2519.2915
37230,3373.6248
146883,53860.867
24212,57770.953
36152,4979.6465
13834,250623.78
20156,8982.709
33828,64690.68
744,26375.277
102338,67674.14
109657,16630.432
17945,46051.527
81148,70770.26
114653,19862.615
79556,8990.794
11634,60796.09
122651,8187.169
34351,172896.97
23143,23375.252
39177,26256.645
133942,108510.71
78901,6538.955
58005,43562.17
64097,8664.69
39219,29337.842
36685,3726.3945
113101,6732.551
70304,13817.497
50950,29402.078
67488,52020.023
125722,4526.738
117697,41207.79
38832,42827.566
14351,153551.86
136303,51576.594
37877,51434.625
64277,17246.734
97889,5063.9375
29602,20986.125
41361,98857.164
75359,32276.674
45572,18372.121
13767,12698.18
25482,7385.3516
38554,1460.3959
20474,2773.429
128362,34993.973
125948,4472.041
122707,5984.335
8509,75579.41
53335,84216.78
142611,78071.39
88291,30126.564
80522,24475.398
2835,12981.12
26175,50882.633
118381,11909.273
86637,13423.332
115374,29679.13
61496,3741.2502
140551,18385.156
8385,11858.571
6920,9823.347
45491,49130.793
37175,83492.52
105775,17881.043
49566,83445.68
128324,51881.848
28255,4181.4263
37400,56381.68
138270,3920.7566
122906,131237.94
117038,3071.4648
44088,3428.4917
27056,23801.715
19292,3239.0088
148950,68713.39
23654,57581.992
95553,29489.887
53358,16849.666
92727,13325.862
133819,30672.969
31621,76677.01
105982,7567.923
45656,15302.676
31257,16634.703
43054,19855.174
126301,47678.535
125175,17617.492
20771,18388.77
49208,10593.796
120265,11198.669
32569,20557.533
40183,76002.2
5898,4637.113
49581,11513.087
119073,52603.723
11106,64220.883
125037,16178.317
99073,12417.515
92705,29748.03
99618,24352.123
101098,7947.9746
84380,3590.9707
97519,26020.62
95889,87098.94
125029,48943.227
130438,29628.205
120508,125670.62
147107,82147.07
9328,3356.5369
59405,30815.713
75950,45404.33
22327,41761.773
41978,18855.137
142247,39879.117
127778,74084.336
21844,12668.864
69882,4718.037
98747,29008.07
56326,24517.78
125069,7625.1265
72433,16860.426
14608,5014.3174
107191,5755.7524
73402,63487.86
100249,11837.671
65448,2109.1309
135149,24890.412
17567,23216.404
34906,114794.234
29263,24045.818
85112,65423.184
56124,71232.53
109692,2305.4114
65212,2616.756
39972,66417.17
83301,37376.57
30095,14406.359
7186,4796.822
46245,8257.547
86111,46690.227
83423,49795.5
10996,41740.46
11658,17527.455
143388,11119.618
39863,33183.344
108308,3959.0764
51880,8878.452
42093,13099.713
107353,14980.31
142728,8643.08
110933,1840.523
132565,106166.914
48455,24880.135
34206,10934.199
68752,18402.271
33463,8529.662
42546,49681.05
114177,81260.27
139004,138905.5
24866,678.43463
123490,8055.0312
116766,112346.95
40476,51686.188
100006,26676.492
66898,67588.3
149069,17092.201
2674,26921.95
149004,6963.754
112940,116741.49
111683,6513.1787
23926,1419.923
9221,4242.5786
69359,82688.71
117597,104220.68
82558,20132.572
95422,16854.307
59767,38311.305
80555,75979.07
11842,6628.4316
118178,8778.457
92948,22118.23
38090,58687.395
21459,72774.97
10047,19705.348
68209,34725.867
111940,17076.021
16969,84611.25
145034,2526.8267
130065,9161.303
121414,29882.328
109102,58360.594
22498,19951.404
40541,6644.2324
97678,27027.537
96509,4943.108
58694,10304.803
31014,1183.3607
96811,157057.6
124087,54192.664
124182,22983.988
119585,38236.945
121557,76755.08
48757,95497.086
129431,63062.734
124907,19458.332
78784,5899.2217
144147,17129.934
139513,32041.432
36805,26902.473
50116,10087.812
117771,11038.812
73722,29074.408
54380,95802.266
85847,146674.16
37239,221444.97
43162,8866.17
21888,20731.574
11521,7726.027
102425,33655.336
12981,15396.561
74328,15748.314
118952,7454.134
47620,74875.61
2632,16770.879
92117,22970.232
52523,31431.682
86880,23752.59
43213,46530.992
39602,76286.01
4917,6890.6646
104749,3684.2783
141740,7886.457
113318,16611.535
131149,4136.1606
93986,164264.0
117646,102357.15
99648,39778.434
5473,18974.31
97629,4471.973
148007,35239.56
134692,9854.723
122538,34041.348
113164,6792.927
97015,6792.8774
50633,58630.43
110978,33441.633
108178,24134.93
114796,57701.53
133061,33904.105
9791,16530.832
47385,2868.3464
47266,44578.04
58507,10228.572
112246,69110.55
121687,1809.1616
18938,47617.664
20898,8706.842
52608,2965.2964
35066,3720.9146
93263,4593.4824
136946,9969.565
70529,13294.457
7738,226383.31
126559,5428.311
74254,17012.225
36112,14211.687
124970,49408.336
91900,25267.13
120733,41141.156
145957,45568.1
82220,5927.32
69779,8934.709
3661,10751.026
61430,93370.73
138362,57253.79
34719,20830.883
106564,58892.652
48849,55711.45
52219,29073.74
117393,134498.86
133506,70000.91
75133,3912.0505
12867,12793.453
112401,45580.555
37848,19658.715
121452,6279.834
62539,12865.977
73507,20995.102
140261,36193.58
6052,41735.523
136462,10880.105
115599,36889.684
15931,11209.893
82942,4744.553
41021,72664.42
112447,38726.598
69132,9787.731
35206,47551.5
141141,8246.6455
99668,6574.482
20803,39200.734
148925,5883.8667
52696,103890.79
39728,62068.46
16186,8773.126
106051,19256.908
76244,11660.677
126366,5508.576
17192,4034.486
41428,5122.358
73922,1032.9718
34072,23043.1
126973,1805.8351
33568,7757.6055
92661,30028.768
52121,58760.656
38093,35509.52
114104,7650.104
101724,9820.165
97783,14625.162
14957,4106.877
84576,86250.375
145025,3113.1099
88163,8528.097
79791,36150.742
65595,1260.3416
74194,26368.814
103141,142569.75
9040,8681.917
35502,10481.218
111097,54590.77
108737,3306.564
2234,15833.156
118299,264771.9
44932,16771.861
14586,59579.11
118128,39605.844
94283,17828.607
111709,4943.0806
93664,82528.12
41115,26295.95
132093,122663.8
96400,8863.723
50540,74046.195
66594,29189.227
52381,6359.249
57498,44988.875
133025,26011.764
12243,12556.275
44230,19603.006
108053,162768.05
82461,63782.91
108522,24032.025
6610,7881.7383
129665,45270.227
4323,8271.505
46702,15012.675
39615,51554.2
136871,141177.64
34103,9190.0625
85922,24656.443
136576,45741.605
5587,11113.142
95460,21332.588
40528,17058.4
20846,39315.01
30029,9672.03
26360,8431.515
15534,8014.174
23945,10965.051
125673,4428.54
19267,57577.805
26099,22332.963
126783,5376.7007
91077,34473.426
37445,80308.23
10492,50275.38
24404,16611.322
89912,57323.043
136271,5825.5464
84915,33202.496
99184,75047.78
121381,1373.9392
13630,41368.11
134633,9538.964
86549,3598.3438
21141,58140.42
9950,15139.568
54088,6033.9116
59051,51851.41
60441,23871.385
110094,95950.39
143427,16818.4
42092,5572.722
1365,7720.0605
38939,24143.316
1753,11154.953
19058,75927.625
24399,35268.887
17516,61535.168
130683,5079.227
113525,6966.142
130404,25967.076
7872,18076.256
109691,11688.898
148036,60393.52
39169,3359.2874
57051,44930.83
70149,17863.244
147654,1293.6592
132911,173035.84
108801,2132.1106
17728,94694.04
95660,28390.514
23243,68988.71
116509,25985.975
19664,7201.6655
129683,31458.271
127144,88802.055
79802,11381.6875
67046,94408.71
125928,138036.56
134842,31290.865
79769,17953.553
49766,12609.207
136225,36315.402
127660,115056.734
20034,39400.11
72510,66277.766
80864,2100.497
113644,19828.426
113906,28986.906
94605,13310.388
43279,17258.307
48572,190991.95
31909,16713.777
30596,26803.139
34313,6636.5493
146491,7604.3276
61735,14130.3
75573,6620.1914
98632,17368.049
45085,44012.184
126827,53876.01
65290,4676.368
118298,35635.098
83363,16034.755
100314,1455.3691
111328,10099.375
11211,8636.269
25404,5627.0063
49477,4399.749
113929,10523.64
13252,10667.752
2166,107349.02
65361,24584.21
109840,49852.46
133493,16490.066
69701,46990.7
115069,48932.72
56876,44955.863
136452,89416.46
805,98258.64
62535,24453.275
147014,4077.9211
65670,44049.4
81607,19507.41
68704,12477.231
58458,55000.383
244,68775.77
85667,25282.492
32228,59947.26
32200,20549.062
84463,53793.68
117140,180225.44
75847,19572.59
28662,9519.765
40257,3555.328
133621,17728.955
48971,6586.6978
141570,89537.445
127743,5530.435
112266,25946.795
28528,5012.035
39767,7248.684
83648,22429.543
22214,15943.435
148836,12307.108
110270,19973.258
123998,24030.236
70899,9341.216
121660,23629.182
84257,51918.348
71672,29136.133
1304,32286.0
72351,105432.945
139899,9862.241
146253,21677.275
71878,146634.61
26962,2481.2634
60222,25004.08
34160,26577.121
8662,54104.723
67958,11468.26
141552,86127.03
36236,8651.596
85602,22416.637
102130,11772.199
45170,13713.646
32840,67488.164
108328,60529.668
74729,1325.3406
45989,99443.48
43758,62093.504
78411,72612.56
68464,12458.011
51570,26227.941
118358,50050.152
136596,5626.617
47394,25139.953
91209,24319.26
48297,45939.98
55283,29256.914
147488,7163.987
42790,88644.53
48034,24418.697
3615,43995.723
130823,93342.055
42273,276643.9
123530,29079.686
137409,7165.887
75042,4641.006
42555,13237.086
70642,18199.86
85995,39237.992
140702,42748.984
41116,37488.85
7449,71683.27
103426,559.7707
141730,9693.228
135301,23321.262
126641,28013.484
44442,16798.434
13851,6440.578
85876,5662.0356
47815,6239.3057
47078,1183.3049
107264,11898.3955
72220,14496.818
125785,5551.185
126061,8369.482
42928,204990.89
69502,9157.988
69248,6069.4214
5586,12693.295
25298,50664.32
35319,22229.45
37253,16480.887
46291,46216.03
22542,8970.663
45220,1559.9923
39246,40555.074
2411,82335.24
12353,1260.3158
118356,13565.827
12563,6998.1587
86429,43411.95
144687,982.64514
97899,22449.658
120549,5877.237
140720,9787.394
56494,181175.31
36076,4778.044
134552,4618.064
3597,4903.2007
44990,16112.326
53896,90912.11
67712,1406.0107
136293,65299.496
103941,17392.686
72854,31953.348
115627,64888.906
115033,10712.674
99190,1773.5886
53781,18837.994
107723,5835.946
51278,70810.625
70201,14530.314
93092,8472.964
53811,50701.258
20124,58591.86
56694,94112.92
30747,4215.266
34504,53051.65
144543,26502.926
75893,41414.996
109636,5945.527
148225,38654.574
41195,9482.8
128714,18889.998
68348,11983.01
98421,81258.49
26454,53651.566
34452,13804.148
96900,2888.9075
30704,14914.727
114871,3743.4216
141802,24655.87
103010,12099.812
758,21473.684
77265,61337.88
102416,39315.164
80523,91649.125
43537,14068.877
125979,6595.9106
90137,28955.527
106375,12861.062
12194,7159.6826
41520,50898.473
49167,50011.92
119968,36362.555
528,15393.193
131194,66386.43
81548,19537.016
44048,13109.657
143808,19955.236
93275,66995.48
126212,43993.363
117112,4556.4746
113709,35242.06
124533,167238.62
87766,101267.06
148185,77609.836
116040,50162.6
68341,54885.617
149091,104059.664
69691,10402.317
44008,13794.457
89429,4478.1074
149951,24894.033
92158,50238.758
2975,12962.842
55396,54561.312
90376,19966.135
78869,58074.97
123241,17689.277
140299,2124.9016
115863,23739.768
60523,11876.514
110943,84287.62
102244,4946.305
142812,90968.164
110494,34601.047
111415,36231.086
72881,107850.39
132299,25927.488
133457,23024.547
36687,13338.647
38873,46664.22
80328,7562.6865
100132,67261.12
124306,46296.855
40601,15957.801
7312,3362.878
68380,11749.347
66164,57111.445
86480,69178.8
66172,3812.215
44467,12108.485
139495,121658.53
141120,6278.891
53301,12615.382
13403,6739.3584
17386,38240.94
16679,13778.997
109024,6903.0186
3253,26384.848
71238,45270.984
98612,6064.198
997,38163.434
1680,37089.484
50333,60678.6
15766,21360.328
77291,32036.988
99,21682.309
147608,6066.0366
105845,84823.43
61406,165695.42
88495,18598.857
132793,11561.221
77491,12539.646
133130,7704.2905
59348,34427.91
147580,31227.447
54554,3958.5835
62311,33433.492
47633,9107.297
50751,14617.867
96598,7179.504
122903,118287.336
98294,33267.207
95722,36724.77
129624,33647.426
68067,37800.89
144448,8494.88
36801,44417.25
316,181327.66
125060,7000.6265
93614,41917.066
103504,98215.46
30191,34200.73
2286,38810.5
61241,2833.5588
107026,42979.258
83496,21853.908
116250,6855.971
55158,22641.36
51047,5811.52
75120,27150.81
126669,4655.9966
117234,25089.105
62242,2741.6506
29929,114214.58
108492,37638.27
31781,22354.086
141205,94622.77
12500,42415.184
104945,38385.242
32921,6263.954
59197,25089.89
20888,37226.75
83540,19811.398
117734,7313.746
27706,32057.254
98013,74106.3
62171,9244.902
43624,51847.625
56116,103966.24
36955,24626.719
17761,87648.07
144759,102724.22
75853,176708.78
5690,17657.246
80496,27717.521
116346,10542.441
35881,4427.3237
41002,104295.19
143276,24454.236
107917,57047.664
128398,7321.966
116823,3564.9216
128721,18213.514
64649,2065.7285
120659,234030.1
93792,29717.416
102721,53458.242
26998,20884.242
12055,41601.902
107670,32849.22
145848,9194.628
88664,63097.45
45697,21431.809
134323,80916.37
20754,10503.908
40341,3889.5334
87077,9852.998
110730,5214.6157
110995,172890.75
27781,15556.207
134643,21693.607
138949,10546.706
32875,96719.984
144249,6458.157
144010,12645.115
108129,108374.26
43656,14926.796
83171,47086.855
118976,6155.155
137758,8646.882
73690,2990.8547
51663,135476.28
148896,8381.973
137618,62963.19
31506,26066.188
71229,11388.638
123134,16291.309
118248,102227.98
81886,96133.53
110700,11048.242
88208,109481.77
102250,43461.24
69746,26637.86
120819,177382.75
140331,12333.711
125824,21291.422
89966,86569.49
54147,157295.64
115175,46077.57
88605,63838.582
80826,9954.247
128168,3954.3909
29991,58999.355
25220,86391.72
131365,17707.584
59483,3325.3916
49903,22748.96
86012,52364.984
48686,15584.451
74754,4349.998
17194,20666.818
114298,189711.05
78199,83078.875
128036,42991.793
15366,21837.85
109750,2496.424
129742,12080.582
136173,83626.086
134920,100341.125
43390,93044.195
66746,65418.586
103473,25422.268
44787,24397.012
90998,41372.145
68920,133665.25
109136,67420.66
9836,895.6582
81761,55514.51
4217,22535.44
22891,13904.936
1752,9252.454
131114,6336.161
143177,34917.105
133106,12985.212
110399,15782.9375
60598,151761.44
26683,6162.2593
142807,6885.5713
60440,2361.89
144311,28574.785
57451,7759.074
29459,20598.43
141768,62865.43
87341,1358.8192
97270,71893.33
103628,1986.9852
60476,992.4416
127442,8936.948
92095,13736.238
114514,81638.82
19547,11419.952
94044,60997.73
91754,6399.0176
147796,27934.266
42298,27305.775
22593,25347.816
52373,26875.852
51619,68469.44
146218,53558.22
97684,14532.346
146993,18851.828
146570,5764.7036
39684,164274.25
35822,108951.58
137454,16864.756
43055,219416.25
59793,39535.375
60730,14259.86
74930,93969.32
37591,64767.195
57513,46556.574
87554,89009.586
80370,24446.82
54879,3573.9597
106795,64388.45
54939,6896.7646
97541,33511.797
44069,74003.11
68751,90430.016
3772,20176.156
26479,23287.227
28622,44054.918
57301,96504.79
61262,83496.86
99856,16414.686
33823,11899.288
58299,8394.46
147878,43454.41
114577,67958.164
92086,6145.7725
133694,25294.656
31372,53234.11
83833,41754.26
17440,27472.2
10708,41983.99
117448,12303.969
111220,19806.354
135169,9366.655
119451,79353.52
61943,11374.337
114077,5684.8174
36689,86476.336
98361,267.11795
142763,29976.521
110565,45982.137
107815,54782.363
77645,73062.01
126679,64294.973
143139,11176.505
141247,9833.5205
112737,16956.879
11239,41628.848
52544,8908.398
7837,6442.696
33695,14869.55
34568,138714.56
139828,24771.69
32404,9825.588
74766,1207.6875
47113,32077.775
27806,7899.53
69286,32168.428
6858,2234.408
19631,11577.575
44218,3538.4836
91292,28586.557
142758,542.7516
27828,9583.713
92980,40878.582
20673,45897.715
9787,18192.162
138057,35324.938
5582,48736.117
64135,86008.18
93423,64516.53
56171,7779.2207
59673,28259.111
64243,46107.168
146736,11879.976
58910,68432.42
35817,26008.574
34449,7494.274
97247,9228.919
90484,20316.766
68984,13605.119
112064,20652.008
82398,4554.225
88598,5727.261
130031,24755.162
86694,21439.766
25383,16232.371
58184,44472.516
81451,95253.04
38910,8164.127
56185,2264.0571
107913,13908.777
43608,15616.051
40024,21538.293
131592,12960.687
2238,108754.06
99790,65308.176
64360,2431.3455
99360,8523.863
91858,34209.758
61324,7080.7324
71215,36213.2
119009,17464.752
47302,17779.318
142120,75882.47
109679,49468.215
99744,115759.76
137003,6354.3984
12148,40481.74
135495,90916.125
53907,8751.801
110062,1323.5029
27504,7946.6167
98409,7573.797
49617,9503.532
11706,23947.145
3892,41205.45
94164,4999.218
43394,69001.016
18976,6749.966
49278,5975.1577
89259,4039.9426
49351,8616.868
110602,5040.2725
105541,3217.8767
90033,23132.28
131311,5528.5005
110125,80512.1
116523,16865.5
69382,31905.95
55182,81104.164
43804,31091.926
144458,5138.414
149518,97044.125
93975,20442.51
37386,5411.7876
37411,164614.34
95296,17067.355
121056,22339.727
138209,14014.348
21580,9276.629
74623,11544.163
136699,11193.958
8751,110144.91
111103,51288.86
89973,49993.43
120876,37273.77
71141,7023.231
101031,64899.824
83838,22828.672
136470,6014.4395
4325,17147.895
52272,34431.54
84509,3103.597
55806,69984.39
59303,5488.692
88924,214722.89
81993,125846.65
35933,86725.586
56305,5551.548
100408,14176.184
142083,17671.844
8165,5220.7876
88907,27694.139
115637,163693.75
96685,96403.26
71467,17890.82
11639,20949.932
100474,9470.221
96901,20501.78
126387,61573.207
27075,19872.695
34113,93259.94
95345,89874.42
138051,18039.012
66078,15257.72
135117,77728.93
76447,5776.5806
60034,38691.98
133006,69016.48
41737,106258.1
91906,2730.9062
129109,25825.688
82378,33474.684
97094,30795.295
21791,12325.287
111122,19728.635
144932,5023.0107
131658,4207.4517
83670,22440.766
91009,55711.652
34155,32681.43
51195,11337.357
59664,29758.25
6975,10809.331
61069,2260.1191
59493,6803.3047
131134,7802.9224
9752,8722.494
11671,78900.6
143494,23512.486
56224,100687.82
129442,23119.734
47743,44837.074
117701,42710.84
21608,25904.977
115764,410443.38
126100,16395.744
88915,2396.817
65628,46375.11
116834,54751.58
5609,6330.362
39158,13037.455
137438,15470.131
76503,30324.594
82525,30753.297
67518,27489.213
91723,4204.9062
100974,2241.7659
61697,3207.5764
82683,5423.277
109334,41792.652
123271,5811.449
111689,3760.8655
56177,27757.5
21013,15315.492
101401,22188.953
133350,2058.3037
51041,18530.836
47771,6160.9736
145026,184374.14
138136,54697.375
2199,5379.0566
73023,18052.568
45313,110202.78
51481,18256.65
20370,21441.156
13281,29500.432
103405,9913.379
67126,51864.906
52689,41055.223
80123,6143.3354
133158,13722.962
94920,18552.66
35127,5104.1177
40861,1119.8999
47069,3379.2783
116500,4454.8325
126871,6306.378
94924,26221.78
144578,8581.704
131609,29928.156
61594,29721.05
139522,10260.287
62181,5535.0566
27718,30824.236
132004,11547.767
71699,18518.354
135327,13928.036
80920,43220.598
111137,23467.197
126697,5870.5415
71530,13004.391
110849,11805.546
68579,1424.0737
20884,4549.1235
93774,10801.991
85098,145321.56
84085,6800.961
143421,45014.152
125800,7365.217
72461,30636.107
116676,9244.161
35931,31846.555
135391,74991.836
73993,24563.07
106609,130548.25
58880,3978.1775
47531,47120.832
21745,13925.433
51094,5388.2134
35572,55237.61
108202,96116.875
101103,21518.393
15973,3063.1614
133488,12923.482
130540,74181.414
91065,43825.863
89977,22529.758
21552,9707.884
92184,14156.534
25145,17808.156
17,25386.207
51728,22698.81
87492,9011.016
8244,80273.234
64936,145179.42
17689,31052.283
67166,29944.965
20437,20980.35
44162,30379.889
104608,3185.5679
70359,13210.598
149901,152187.9
19286,4840.5894
33046,29344.38
109871,24206.21
17080,25343.594
54175,18517.086
26765,31487.104
119645,68773.125
3142,25598.6
72890,40858.676
76014,11394.543
62932,4160.9795
115335,74533.47
105587,94334.805
106348,103982.164
111062,9450.258
38365,61987.645
26120,6506.2505
28258,21702.572
77609,9766.825
48504,4742.582
147704,37523.414
125024,25290.65
46101,14033.067
41958,72922.36
30110,29914.225
104927,3070.3008
3984,5637.672
103099,101706.53
35592,9579.952
29219,13364.953
110016,9282.051
111641,11157.386
34274,7130.071
144051,10544.865
112815,5155.082
45464,19378.293
56531,5887.138
130989,19691.205
140933,91781.375
143841,44786.676
7653,192887.98
103281,3969.5208
91140,31976.246
17552,36715.73
94060,19883.594
47387,28986.178
24645,392656.72
47211,7292.275
11132,29289.594
102757,31442.56
128632,131269.78
11833,71906.305
93430,56890.26
5624,2911.2874
90949,36541.266
54009,13002.429
72163,5839.628
25489,87910.336
132238,8856.822
28802,36753.78
53788,81841.13
140266,3802.1633
148798,5863.5767
22068,117862.44
106860,3701.5925
75782,11946.637
15605,23601.94
131757,38708.824
32567,12792.168
3025,319727.66
48539,1897.3076
124166,12224.58
113988,2819.6626
128993,18646.87
103570,56472.598
87432,134667.8
68531,137871.47
79720,17999.549
56557,11956.189
52756,27799.15
147198,42584.844
134071,8603.038
74196,138329.31
90942,6428.9116
27277,42787.184
130171,9786.786
141975,20428.715
74060,10366.675
20202,73775.0
100639,11738.36
41308,7950.528
107781,6235.42
51940,56962.58
20529,2893.8823
692,39069.05
82375,36061.04
47511,8586.689
62391,322307.4
139009,12109.521
47460,7491.136
100039,22295.654
77835,52033.88
138312,11700.826
56818,29726.508
109993,77312.484
16048,201111.12
99382,17091.213
40828,96330.516
80511,94449.375
142387,57112.805
104064,42221.695
113780,6521.6978
43500,45175.266
116043,41407.797
123125,24549.43
100611,15694.834
43812,30665.154
46882,30244.34
79942,177501.03
41940,7610.0703
67862,101753.12
116970,35617.465
10224,90258.555
120147,8871.082
145858,96091.95
158,13991.201
32260,127130.24
56761,9892.034
127784,10481.911
36215,36080.984
120756,97406.69
66695,2118.7424
143556,6582.689
49051,8258.776
129443,18652.81
16099,10818.358
105438,76807.766
122429,68275.445
103247,7918.7734
108654,6417.7314
126868,2212.0876
24327,80581.38
100302,37882.766
38030,25234.871
146251,29129.7
143889,41787.633
83977,44306.535
139655,21621.326
72268,10591.195
63049,13822.487
136932,12539.125
90257,31982.717
126808,75394.17
83696,12481.478
83671,12727.525
27913,123509.016
22107,9186.704
56803,74056.44
57588,24337.559
36220,67522.78
115817,10879.524
143984,12042.176
29527,25525.463
130634,71108.89
149664,14806.506
127725,3927.7673
118403,3217.6062
70251,18783.857
53266,32083.178
145649,51609.59
56920,30321.586
16417,89438.984
110830,12795.011
101268,4084.8435
14968,21442.227
127094,119812.5
97379,7971.3965
28144,2093.288
149311,11728.109
40896,47061.207
99431,10304.358
143738,21511.676
33715,34938.88
48302,6210.8403
90438,1765.0403
89671,10284.357
122557,43267.465
139570,187040.16
40810,4348.104
55234,31932.041
140388,40038.37
123895,15153.639
68832,95001.32
86457,884.6031
104565,8284.779
103462,6432.55
139546,27722.688
106456,566566.8
8689,9165.476
16110,30376.807
9455,11638.623
112270,58790.54
149048,16298.5205
58335,22842.057
60874,24082.82
143404,86608.67
46326,68400.04
27453,201688.5
136724,15984.288
27202,24384.787
90534,197881.08
5272,4655.1816
99333,102151.45
125972,7718.2686
46606,10112.27
38123,999.9656
147113,4500.7124
134471,30463.605
20948,105920.875
111825,25095.809
131664,19038.36
33918,14169.931
75766,47546.52
19101,15807.011
77768,5938.283
83753,6118.15
127707,55460.8
88857,23786.639
86481,64947.508
99654,1583.6965
139255,31975.566
95021,1828.4631
40241,12977.339
115477,85888.19
5427,5023.1367
116871,62281.0
29386,28556.072
93740,1355.1174
7404,15627.911
52446,185916.3
55585,21257.816
22855,24095.322
84151,14599.179
52749,24760.377
101908,13480.275
38874,49471.426
124571,44929.96
97210,103733.01
46496,5694.397
22678,76416.75
79915,5233.026
72352,9268.097
2064,367895.2
53132,9909.939
59952,1187.9519
146623,2402.3176
38341,6388.0605
60712,24475.348
29417,3231.7588
93457,43544.133
89961,85634.945
88069,10433.018
138048,94809.65
81486,16298.031
124113,7447.137
132928,16082.231
144603,8052.709
42869,15972.752
43610,5973.8115
35535,4204.8047
102669,105575.63
88203,120383.51
62592,9342.428
26887,13514.244
3685,2887.6274
61784,83571.29
88183,42999.176
65842,11484.683
95927,62435.945
123804,12294.675
146603,36328.87
136830,17866.488
86986,22031.57
50497,11174.034
3904,22130.799
109284,5231.38
130167,33816.39
124308,8190.6973
34932,31500.676
3811,1887.2494
51057,72364.46
111545,48747.32
10766,14314.281
82641,4895.2876
50130,15779.044
114325,17081.043
59451,6704.223
115480,102878.54
26303,31180.45
33296,36559.332
93933,22546.656
15944,283345.75
86002,84384.8
87925,1883.6857
53419,3670.17
4071,8587.262
11383,67102.305
101254,114032.94
130180,40823.14
130239,10397.478
138710,5958.659
29984,1400.3042
21948,163732.67
115555,5871.2227
21854,40742.77
31657,47292.523
137724,29496.742
112586,18467.94
68570,2774.6055
119967,58333.9
47906,9595.7705
128051,33890.207
61740,50316.3
95383,28628.053
141786,54999.973
120853,10887.677
80178,42683.61
146350,130185.79
128480,50015.64
7462,9949.43
118675,5807.555
62797,42706.7
107352,7712.6724
79073,20804.994
93234,39747.01
7316,10062.43
126019,22382.393
94045,43056.234
34988,93172.63
98299,38513.69
130456,6513.3335
55568,22345.264
58149,342080.03
110579,46588.523
14978,9605.805
94395,8882.16
139865,46919.49
13123,172696.44
52938,3844.2615
130236,34033.547
20327,44305.543
67997,7101.329
40771,34496.31
43179,75926.49
54252,121678.18
136334,105301.39
90649,5713.04
149544,10578.287
63414,7152.2964
68221,77878.73
147434,28945.873
32311,22725.71
113172,51030.52
138525,12096.198
23941,27976.844
78744,12540.267
34592,51076.523
38136,39489.71
121777,70634.13
22612,56087.74
108498,104930.56
54918,74636.94
46862,16241.415
32247,7072.777
72362,149503.03
31221,14466.084
113620,70507.75
14105,2974.2932
89041,123278.65
72302,5722.6333
136729,10052.948
116025,47812.613
63268,243910.34
121794,21473.723
110689,20659.033
54874,24561.352
111215,10004.072
114152,124546.75
86051,49087.742
122667,21527.904
64464,129244.99
113040,9482.639
28880,19238.031
83316,30443.01
35742,182274.81
52826,93947.48
118911,22676.549
115610,15515.183
143666,16502.055
131763,7914.8237
84232,82243.1
85524,155158.1
58230,28750.79
6002,16797.11
140043,8238.975
8000,97163.79
136918,15566.58
53072,236422.3
96352,7476.236
3558,27129.678
45645,81247.43
128322,103531.664
36583,98881.81
41683,84762.6
141086,11609.336
89681,31222.578
40631,8110.904
48361,122118.47
132860,3455.5247
136739,17471.865
43917,528.33887
35343,40737.348
68471,5899.406
66443,30016.502
110646,16353.486
87026,4336.1685
62618,9064.185
21262,43708.934
123712,2667.0017
3911,23012.297
125152,49697.242
21474,9793.104
116416,111444.2
20390,305918.06
2048,79822.195
25745,106268.06
32084,40959.43
41821,21838.684
136753,58888.496
97935,66647.9
59587,41566.176
1122,65644.23
51960,84056.07
39411,3401.8708
23334,155903.48
111746,90843.3
146408,5877.697
128131,5408.5664
35133,26122.633
80815,6185.272
32657,33344.125
10932,57518.02
81078,53111.188
108277,12545.871
4410,79882.734
32755,24874.373
73143,25123.31
128388,34425.684
118665,29460.096
15407,20128.535
91775,64099.605
123056,9126.193
50604,28097.158
82238,42165.48
108946,97387.8
52243,117222.39
116752,98703.65
73122,7553.171
75240,9337.845
50783,12624.621
62787,89461.695
47936,10738.031
132208,13762.305
16947,87462.11
108661,27345.006
82146,30498.826
41484,56208.746
73013,12412.683
68071,11234.074
148349,20939.785
122369,2345.7705
28166,16855.844
29906,6178.388
44591,116780.07
28035,10601.675
135267,22405.617
111559,4522.856
128805,5117.352
88159,124190.24
96161,39486.797
124845,69229.53
122397,8258.378
49677,8097.4717
1166,13791.721
55994,30062.37
129226,21146.451
99411,12862.805
109966,24924.719
71378,72034.22
104135,97856.86
37274,15110.966
131777,3687.8787
14622,4236.4316
100462,8642.953
68318,35501.375
140944,45505.582
85606,114871.02
76092,53179.754
22285,24779.387
149460,3159.521
118961,13096.8
15826,32324.74
67383,12022.769
33775,3688.5786
73776,142215.02
105364,207454.34
47665,147604.81
96050,24350.916
72475,3170.119
74091,29423.678
30347,22490.053
138975,4893.9795
10499,20040.03
33689,38121.63
26336,71658.1
54281,17822.072
77403,5111.3267
48139,5381.2354
141362,14883.706
105839,35693.47
44316,48031.016
65138,156622.06
21899,18168.396
97679,19184.668
1775,5671.916
14282,18874.41
11178,2418.6611
45449,32518.826
67810,82177.03
3619,4392.558
14564,7661.3013
67259,35509.582
331,2074.3298
89190,37805.23
134894,23365.125
86354,4610.034
6495,13031.001
5035,27153.701
148724,4960.44
109079,8723.927
67746,84620.23
32296,9264.509
21230,43278.145
114169,45136.168
108048,30604.586
115364,74106.41
149674,73307.95
131524,1327.308
113434,16819.793
95869,21228.857
121509,265356.84
115918,13263.18
127131,26063.316
90393,8842.784
80043,33159.082
57185,4168.6465
84745,89314.66
134273,1993.4854
145441,38847.43
32511,15034.273
15730,14701.874
99552,2132.6694
97297,11684.06
14701,19697.287
48824,16439.73
23068,46937.28
24524,7197.6587
39881,4446.4023
67239,16340.59
62708,53276.61
24422,6372.7354
134295,84195.03
37092,41318.008
44029,28830.166
136165,21057.654
80652,15247.587
27917,10947.797
64509,17721.26
26839,104860.234
13534,15899.538
35841,91386.32
145501,19218.57
56340,4792.436
129982,13840.53
80429,48233.594
59621,25856.59
75568,2929.2258
148712,7834.516
9026,5448.1396
33496,11274.369
101476,11409.39
76293,4827.699
47134,46365.1
71401,19962.514
38431,41940.094
94165,23168.977
123378,14886.901
48195,34681.81
122411,9527.142
65917,22388.037
106344,43764.594
24855,2550.4094
34217,4836.6323
29651,122201.086
128942,60221.523
147656,3690.4607
67633,5734.4106
32713,24692.068
86518,18159.988
104237,46980.258
19298,21483.496
63384,36619.043
127513,10649.495
103121,186240.12
97442,19313.615
31597,4136.057
9022,18788.16
19488,40348.81
31175,4892.481
81938,148474.03
58194,12323.672
106429,15075.41
20543,9868.0625
99420,60412.863
40937,53187.492
77939,27168.854
128898,7622.755
141822,8202.306
14343,34572.38
77109,46834.13
107895,16996.412
31426,15377.801
59531,8632.443
74484,90763.19
148533,30477.662
25519,1042.8488
67940,138484.97
112452,9481.687
1111,12802.759
437,5356.5576
59255,12727.147
100897,3296.6467
91881,8107.9673
91656,9186.497
81773,19024.785
13292,4909.094
116278,81121.3
65857,11218.064
9273,9645.478
146802,4388.774
28623,10143.655
103718,89975.45
67899,3172.4756
113407,11342.006
138129,42560.43
65634,78576.89
107820,56364.73
83672,39824.63
143081,38520.715
80097,5099.174
131911,13184.388
39854,34395.805
17015,38403.348
125779,7495.3633
25464,13070.067
148686,68448.43
127962,34349.918
30388,10396.344
65501,19159.752
107590,59419.375
92892,14205.204
21627,3277.3528
107684,41161.035
48283,14271.637
34215,6385.06
48829,1481.7266
1837,54699.062
76479,35374.0
102984,9088.339
94241,16171.541
10567,124404.74
135181,34602.527
5170,11721.117
83414,3172.432
72484,66081.695
111025,9306.696
34009,77380.56
71909,63473.375
21677,15681.913
121524,2198.434
117720,8841.147
102810,18344.238
136353,26146.676
64398,20447.82
676,802.7929
346,5942.922
55254,15630.633
86162,16702.463
96339,15202.024
107649,140153.25
80506,9900.499
98317,6077.8135
96827,1565.7324
90714,34344.652
108870,3267.4407
2642,20329.695
38363,290813.94
17995,4451.961
98672,24638.1
71396,74497.914
82024,44454.71
74337,4583.9023
95028,4192.341
10488,29976.96
39867,9467.533
128044,3214.1396
90706,88254.04
48610,38626.582
137189,25407.775
29342,20306.043
61950,54542.688
36423,51967.348
46985,48012.586
43265,63178.277
78358,11130.53
122475,54071.273
43995,140665.36
145241,31246.727
10178,40267.625
91330,91019.305
37428,10285.374
114018,4807.9634
46290,11626.017
121716,27736.559
110098,97288.08
128542,10500.943
28680,16645.26
23771,63889.94
9070,3013.518
54421,794.4576
137388,21286.309
140769,18568.65
110421,274036.62
613,258634.5
37675,16500.033
72249,4556.97
37527,89326.18
92062,58268.68
77014,12008.173
6550,12820.763
49457,5162.253
43214,9272.145
55863,38747.156
137505,12352.172
62023,1476.9133
17336,71647.29
147045,6056.373
82994,65733.41
54484,4437.894
42062,11574.628
113215,41519.363
88209,39202.69
81518,46962.824
122556,21254.549
27320,72266.17
94509,19787.092
142900,50055.004
17687,83051.4
24648,104193.016
41464,19616.582
91523,14040.99
57065,11054.984
54037,8379.598
35568,663.05
67683,6529.3423
54270,20094.988
132151,27251.86
38334,103797.836
85529,6417.696
47331,25726.244
97858,34858.188
89021,173617.05
83129,19102.27
124836,14755.202
104141,7062.6895
64000,6754.434
73669,43272.504
15208,9490.514
117082,30478.965
111069,17995.127
67931,21394.043
147765,28149.697
85755,89981.3
107692,71286.01
145059,3763.122
120823,5843.2607
8729,106917.12
43315,99639.45
110148,79117.45
140950,82335.24
114717,2543.8716
7275,16070.47
24209,52170.656
131059,37168.48
10573,15026.784
50342,36392.996
15877,81684.61
149078,17064.309
97573,69220.44
77057,37242.57
145014,51203.95
126922,22822.895
94305,6899.006
139246,29896.896
95517,45069.016
3507,48059.68
42305,26403.68
118195,37407.242
86900,12893.28
12809,6200.3604
42540,17422.795
74696,115396.305
27865,11185.289
78817,24210.03
25343,3055.4624
94300,8180.639
41370,32782.527
56346,164857.86
124470,966.63306
142715,5981.5366
26645,6243.739
129768,4480.148
96441,21113.365
145599,9741.36
141715,165057.27
46790,11710.572
130750,41381.24
100542,70546.32
95176,27486.402
56435,27507.795
123597,18789.188
73256,13529.15
149624,32639.016
104528,12671.29
28328,532.71545
103276,51051.754
99341,32440.824
26835,19782.46
109852,17394.324
137293,21244.967
8811,8517.128
49627,16284.24
55482,127359.805
11596,10574.585
125461,108230.64
110731,14078.86
132984,30288.57
149111,36582.27
2273,9924.14
14918,7764.8022
138948,65558.02
100931,43524.402
92795,52499.62
56295,58616.934
35657,34380.93
58832,82449.02
132411,94032.69
15205,151045.2
119007,21017.775
145861,53507.37
20403,10675.984
3339,87360.32
27243,37812.48
128856,12118.669
42240,90245.945
44382,29977.148
491,8976.579
62722,21335.703
53634,19297.152
23985,74201.66
500,133258.45
113071,116113.96
68225,160934.19
83574,103754.08
101420,39744.453
94916,9754.559
33565,9721.788
122166,18100.611
63978,47613.324
108848,18844.398
124229,5824.5728
82885,39771.266
55950,9975.636
13943,16300.411
51799,68869.85
30688,7571.0913
146079,30807.834
85349,32716.078
141415,48482.848
142663,13414.396
120844,42542.582
47179,4563.6777
44977,6871.1274
74028,18483.105
45507,14685.74
18613,50711.406
18402,170680.8
44438,8353.293
141248,81003.516
68849,128380.66
21758,32132.936
68459,7296.167
129614,60546.82
24979,12897.187
50548,204649.7
70186,40383.9
142605,16688.996
137253,15945.202
23808,12508.574
12782,11420.203
147015,17056.27
128664,8149.103
3266,33449.844
141071,11861.046
74595,57314.69
103989,5013.2173
143733,15665.258
16082,2869.9436
89488,6272.5225
114357,61839.94
133159,11544.519
72799,19704.943
123876,130312.48
119496,33223.52
74237,6226.295
121729,30657.018
66679,28145.676
11271,14966.459
115712,86847.67
127805,5660.925
94949,17022.557
128400,89118.67
111860,5675.4937
14329,9016.958
3405,14353.537
60858,89983.28
133165,49534.562
19479,14968.276
122706,146969.19
106011,124987.016
99185,26663.621
127024,30344.979
20916,79049.49
128423,15295.55
28752,63012.883
127706,3569.1213
104967,143335.06
20993,58677.55
80141,32191.87
37789,38987.336
144781,22892.004
79819,8353.63
125374,17987.125
89283,4592.7295
109984,44847.49
48960,29386.719
25097,27300.908
123984,52582.324
86831,84707.02
28457,45019.043
54577,8362.96
99824,176326.9
32221,89150.875
144597,38520.1
77969,21393.967
65245,17075.746
6865,38201.387
32037,3965.0496
83206,41330.49
132317,8107.22
31157,939.07153
72549,247297.12
116662,11748.154
126686,7004.2295
128656,22696.674
15502,47112.152
36195,61441.13
124071,14323.364
28314,17308.26
129847,6437.1064
5735,14044.896
80773,19698.223
91306,25005.098
144334,42856.414
32956,30138.316
63163,9023.599
140322,27963.02
51117,10723.548
74363,55364.367
23019,2555.6382
31708,100285.55
133802,3247.1843
67230,31425.059
70924,53916.04
138531,41230.004
123192,22208.275
95756,14071.271
4297,173061.42
88177,52618.5
118306,16039.189
92861,1795.7494
79548,39803.47
147200,8921.095
111561,64830.14
41363,5864.2734
5093,5851.56
49353,190451.78
5133,50890.496
16732,67357.26
93124,8073.7207
89292,16622.566
98766,39687.453
55111,18985.002
135418,63111.527
46068,131912.9
56286,108408.58
99773,37940.67
26302,5928.1045
65600,7538.3545
142102,4158.7627
88250,6865.4775
74276,35151.43
97080,4016.9705
33941,52455.13
148435,32392.16
130118,8193.2
1811,2022.3014
45465,5735.047
65933,31129.523
30720,9368.695
10810,11180.523
98218,15653.011
76978,11601.31
115182,29738.7
94707,8451.755
112912,15216.72
70154,22444.242
73017,230665.17
65695,117331.97
71766,7683.2217
20852,27513.348
22360,108740.84
134504,10846.812
39159,29120.877
123073,13173.448
112027,3985.434
73913,6556.1294
30234,3277.563
125528,58168.08
38651,25803.875
142393,54031.62
91329,65426.17
95125,12854.296
17918,28555.615
126398,8864.426
7841,7823.827
105880,13372.439
15259,29174.846
22011,4414.9033
21036,26623.172
59625,38978.984
99237,12349.112
39413,64502.457
17817,215683.25
13677,4860.4873
42423,4406.187
111941,30101.836
65098,9581.984
136776,12693.626
62867,22172.252
147129,2203.4849
23386,65194.75
98670,9427.076
71582,23378.752
66958,21627.895
34229,44572.758
22372,23118.182
80015,29718.043
44931,7733.6616
144865,12533.853
122951,24158.113
39451,29365.896
40245,63708.56
144509,9772.268
64421,99604.63
6621,40364.195
36412,54584.6
87336,8931.012
111329,267168.84
31964,37744.39
26164,15034.268
88955,6020.9893
110199,9912.79
31722,154048.58
117212,12402.224
12622,28339.24
50931,28255.018
22619,42444.29
45918,55310.777
18956,5873.4526
96439,16372.139
39930,48127.23
147011,43084.816
101518,13438.625
69894,16581.941
36385,12372.334
93943,20053.998
79373,24880.59
14532,64022.742
13052,1335.925
20628,45450.87
11295,232491.97
127401,80020.0
88756,5168.4253
96225,87009.375
64231,14805.137
108151,8777.4
32400,25507.748
54925,69600.35
18805,40116.098
109762,37326.38
90599,52369.223
146312,8388.286
2947,1524.3226
83184,32811.21
48056,30665.084
43828,54958.445
96892,67895.22
139206,6768.566
93387,48298.863
118668,18368.709
139215,4224.6416
25460,41599.355
31650,106810.53
133207,34019.363
133859,7718.459
95832,269668.3
10622,17692.092
92323,8662.388
56454,83898.53
6029,1622.0029
106987,42440.51
135351,7083.68
17654,9799.225
22827,32917.12
29578,70710.18
125350,34548.45
16953,173686.89
145233,93041.02
14306,14281.902
72954,42324.88
38540,53585.406
108634,5572.637
66598,111853.47
47245,20818.441
127049,3273.6533
8411,19651.59
39946,27940.016
108325,9728.386
35755,26246.936
60181,20128.021
23478,18057.566
112716,69937.65
70817,17874.998
102160,12667.5625
95730,21170.467
55590,142189.11
19141,52216.656
107632,6513.4834
115373,53164.562
120951,5240.4478
56855,17119.178
104053,39260.535
143830,53799.99
23651,35074.777
90467,4419.146
129739,4861.3057
26981,77107.484
67473,5721.7207
81036,85989.45
83674,51964.48
27524,33898.844
145187,20859.133
124619,103979.555
15008,24094.217
46816,36684.3
130578,6943.3125
21198,73255.87
114893,50927.65
104679,18257.078
115740,20847.438
6010,48533.6
40957,63637.36
110686,28866.615
10362,66421.19
3416,8321.063
124719,16622.541
133186,3347.7844
131297,21073.955
45303,8185.537
24713,87769.49
19956,33705.805
91584,21408.8
45563,9058.154
97451,14545.138
51049,13353.769
33526,41138.984
143475,28034.148
105115,7556.9297
59521,16814.482
91519,10366.988
146815,103846.39
114958,6320.8193
127115,8550.959
18379,7781.021
23070,54214.184
39104,16352.225
47534,36185.668
26788,145430.72
59726,77762.7
146236,24672.94
66757,8966.021
49406,67037.9
8699,18275.037
23087,6040.1006
43441,13795.582
129067,6044.1226
4629,37699.74
146133,19127.766
131037,68345.99
3953,65228.83
42091,8585.516
26052,166214.33
136951,25326.73
97737,36164.863
12812,12792.498
77282,142474.39
62533,12755.398
56281,50621.266
34440,15173.152
6300,8929.609
107088,13714.624
15176,45142.918
136092,55008.773
19770,22608.92
99468,113616.55
115172,4180.3145
93644,6119.8794
149880,7215.3467
137908,11621.268
116525,37280.527
75909,6241.223
51309,114865.93
61976,13074.174
100244,46287.254
95850,2041.6831
120431,182630.34
4858,104337.46
128682,71694.945
18630,92504.664
2688,10799.008
41811,4350.4683
6836,9288.996
48593,64809.445
33241,3988.6409
131350,5730.7607
33400,199534.33
50515,82831.805
131415,7292.318
58750,23754.418
110852,63894.48
61125,88505.695
42027,10375.211
144178,35064.41
95995,21961.215
129440,73235.4
15368,3365.144
91463,6714.2515
111791,52704.34
58053,6573.06
40478,6495.917
125462,15799.419
118967,84398.82
22243,1373.8113
16940,2841.8296
8786,32036.35
23843,3395.0347
88176,39817.773
144338,1314.0664
84307,85831.35
55701,95086.984
24152,117931.01
88959,34647.26
88607,11659.91
119096,3603.3762
25851,6715.546
16619,10925.265
72120,4803.519
11003,23210.887
133586,7155.6943
11483,3912.1855
144998,53146.645
27621,24770.875
49572,37420.375
92059,23687.816
82213,3142.9507
96336,4402.358
121304,87253.29
111058,6873.0435
66855,46665.09
107453,73781.87
39375,29679.62
130826,55601.473
53418,16453.188
102382,3405.708
88354,12417.49
21632,5495.7827
67373,36481.85
113555,48106.33
18716,38467.42
49151,57045.453
25165,10172.517
101256,20103.078
88614,3308.027
30094,1391.6266
14073,3635.8499
82924,12116.05
6299,127416.38
58584,295004.38
110422,12679.804
82102,60712.5
74152,35664.117
107772,16034.334
145243,36711.07
108620,12492.308
111268,14893.783
83748,9525.224
59106,64300.758
97837,13279.789
33500,146092.34
147961,83784.3
15452,74444.62
119455,13542.527
82553,1388.0704
114096,6989.7534
73937,41420.293
74717,26665.42
67811,6073.0957
103561,7297.0205
96626,145525.5
178,60732.44
35049,13106.275
47657,9251.324
25257,22545.123
31547,120145.32
96216,71751.516
14682,7869.694
66430,26186.27
63356,33972.734
134465,28818.424
128340,53308.66
25550,13711.811
121766,22977.512
104308,14016.225
124885,68448.1
119108,65727.4
127616,5715.0596
89079,23149.03
58183,19086.254
74879,7620.9175
24119,31481.873
130300,5561.3477
618,6967.2363
142734,4597.888
19836,106948.39
2250,200806.92
100994,11435.686
137604,24671.06
84619,6049.25
52834,8386.077
139467,6202.453
140053,12821.485
8412,33438.59
75894,77810.66
49673,6073.6206
53592,27003.79
107248,30532.498
110930,1893.048
136714,47333.25
41656,20756.021
87418,75957.7
141117,2904.5447
119658,33453.08
33552,4326.9043
99216,7517.714
17378,82443.25
99886,6016.551
114572,1699.7416
17248,61677.242
40392,47251.05
139066,43754.75
18371,8636.251
89224,39903.266
126161,5341.832
115622,7138.154
3043,19586.852
27337,36377.18
71072,113117.98
131930,28706.156
54680,6036.845
60520,273448.44
39079,6193.809
83907,14384.25
120273,29692.572
13235,17607.271
129556,9051.993
83025,27722.707
42220,3066.4507
46640,125311.31
129081,44002.37
112910,9017.959
142934,60069.844
38445,27718.168
138946,6820.295
52584,18418.973
72258,9187.611
5007,13446.35
47228,7379.7705
138367,31761.266
84831,57552.23
135951,17782.39
112332,18295.2
90185,53849.16
66490,42468.383
143234,26113.324
71775,2783.1545
2305,21709.512
49687,22493.42
133109,50208.758
77695,3908.1301
7545,41414.266
31162,6436.6987
108034,59020.938
94199,11935.933
63149,22242.89
89692,31908.344
115946,9299.322
35431,13345.139
51798,13479.116
15706,3636.6997
107061,67313.17
129611,48801.367
100125,10931.662
92606,93963.664
136013,113963.2
22379,1368.3071
54084,44284.594
77868,5829.57
4161,3717.3623
46198,30339.688
131673,4698.466
104138,41016.824
123297,15780.87
147569,9396.389
44680,171042.8
69506,84394.41
14573,152972.75
39347,71913.92
42430,18845.92
37020,7743.8125
64862,17153.355
37257,1564.2308
40123,2976.427
18593,10140.36
114137,47459.516
125263,19659.049
110462,1051.6443
22408,15553.357
31666,41159.875
65463,24997.635
86274,103494.91
74682,3414.9045
126048,92282.59
99280,15087.992
13230,14427.646
98173,26436.586
79914,26047.613
84142,77349.72
110271,193192.23
28394,3860.5603
141310,5456.519
147073,27317.887
80902,27290.58
50418,35819.773
107074,8321.142
144793,49296.6
97349,21544.418
142420,100936.82
78159,54705.754
137972,10316.071
34598,39608.195
53392,10319.119
25617,21116.479
11741,124033.27
114706,2987.6604
2791,108971.34
108579,24220.607
114374,65138.68
134238,6736.1445
29154,45029.383
44975,19036.742
55816,10899.743
75206,10621.123
51279,28060.168
81834,10543.232
52492,164061.1
63755,29107.34
81971,14519.329
102692,6734.8633
11453,9599.382
21507,83445.68
125265,3349.7173
146299,15909.759
27970,71422.29
76942,9877.692
133716,139685.16
60362,10391.6045
118735,72849.41
125693,28720.254
21101,16436.928
101668,12070.986
85981,129103.195
55516,159359.77
54497,24382.514
115808,8641.323
56119,103872.76
143946,68191.7
147890,3089.1824
148612,3830.8635
97881,5389.9565
67311,5900.466
99947,15230.055
76829,128059.59
109918,12611.152
53983,4270.192
71826,5118.969
27488,8524.086
88320,81249.56
43274,252176.38
131389,4675.5786
14072,10066.575
118373,11757.559
119762,18240.93
69486,54397.75
64333,14676.7
49205,7343.893
16986,13281.612
135644,6207.717
112621,32750.512
7415,76418.28
1170,32886.555
148816,81998.73
102110,39711.48
6290,1038.4943
79439,55777.81
42151,55309.805
117152,16005.957
483,19219.27
123099,5918.6206
144232,62063.957
20354,52959.48
53718,96189.42
56573,7899.8203
135517,68116.555
81540,56817.438
54479,56408.387
24144,4480.8677
123810,9445.705
116814,5043.734
78859,4265.6074
7308,3580.97
9454,37330.89
62681,17948.322
63827,145930.9
137031,81559.27
58203,9792.204
37929,33785.805
94492,33497.07
14032,20514.953
9727,2135.3875
31250,115364.78
52495,17205.66
54196,12091.237
90416,56112.984
42731,52212.28
109495,3385.094
142832,1975.0964
120742,85655.7
76913,12791.093
132569,3677.9438
79278,16860.72
131711,120775.414
16449,32984.242
143934,12798.299
65330,7043.632
32183,55633.69
107637,686.3504
114440,62680.816
70609,25264.803
142104,31814.395
34254,7065.1787
92520,168724.58
131219,13120.324
107238,89399.62
122604,21107.861
27869,82237.92
125443,44731.543
143607,79559.64
101758,35873.355
55442,62368.21
64757,17990.334
81918,1620.781
144782,70516.734
80605,10403.185
76551,2803.777
68057,16403.701
72212,89695.89
98823,139931.69
96440,72987.9
132953,36087.914
12736,3463.127
131869,3667.4646
148345,22314.664
104095,914.9057
31534,126664.72
104809,28524.842
123962,62811.31
66496,30377.21
3337,83009.46
142580,204279.05
104773,63208.33
9645,4241.784
7381,9838.857
37919,10573.439
7638,44796.758
12306,72468.15
38380,31790.168
57837,11816.305
72109,6182.7046
63631,57660.2
100550,9349.856
101971,18171.943
106319,12460.267
30528,103120.17
23756,16449.756
24692,45215.31
31946,82247.945
105675,17724.322
104186,36703.418
136329,55899.125
11467,110093.59
30219,17101.9
143598,35083.445
103451,7948.399
81880,13261.958
141153,16181.365
137674,12968.759
109298,11801.689
62600,6988.5303
109646,6255.6924
14935,109135.336
26963,15775.154
4390,3619.7388
91010,252203.61
114671,24390.703
132009,134883.95
145926,30649.316
89407,3826.3457
36762,23178.521
87218,22135.566
14770,13669.612
144479,20722.564
95762,1694.1915
20159,123548.43
149063,83445.68
30045,101940.79
94562,4690.943
44338,13436.095
49298,36771.344
121439,17274.242
41635,9293.069
30647,19227.49
17907,157253.86
132056,40677.598
18846,102160.8
35970,80561.516
137303,12037.988
125731,2366.62
6514,6313.162
42164,71628.89
118613,38522.707
11318,40750.37
109382,31828.709
100772,1614.9114
122259,11384.161
13195,29616.002
39855,18462.984
58960,41482.465
95885,9625.321
14952,15468.845
119345,9659.6875
79090,14129.314
146059,70003.016
113250,55518.11
65144,81894.16
67449,52535.145
82644,12903.681
136049,11581.594
99406,4698.175
46970,23974.557
100672,40639.258
147527,5255.4023
130233,18959.05
97445,4678.456
32380,95044.23
6470,111027.92
122344,19851.959
40849,13842.954
85354,3454.406
56079,43429.266
94504,73927.19
44548,10114.252
70721,12915.324
39002,61221.05
51156,8446.572
14338,6459.5264
140303,44037.695
42257,21560.832
11329,329841.5
113534,34716.477
75290,30114.096
112832,13732.703
39508,301505.28
2872,237374.4
103485,10666.981
15657,16933.48
130885,78184.33
26123,56920.27
112610,50167.535
34516,8166.9624
34331,49400.727
42196,52003.094
131179,16583.812
40129,24451.56
128485,54154.992
95248,152248.06
141466,30617.28
47197,46634.645
56327,115257.61
106403,5914.4893
113066,2412.0774
136767,9463.8545
117748,22595.309
138472,56663.555
73277,19395.598
112133,6126.9463
17833,26975.51
148808,39461.355
7223,94990.234
90772,3110.7644
25175,6994.68
23151,47306.836
35462,85701.55
61940,4966.691
146903,4735.6265
123981,29397.258
116697,17674.236
45882,27282.26
103751,43231.66
118310,119144.34
131569,11659.576
91086,6052.3164
109963,120073.51
58140,37581.734
32630,212348.06
107,33188.203
38573,93255.414
143231,98305.33
129001,21906.016
122611,2997.5598
117727,205246.94
44356,11834.018
2948,3317.2861
147519,82051.55
108713,46121.785
34885,25370.434
29330,21264.834
70557,104961.88
111766,3448.0032
30806,110829.85
97006,17221.85
45854,48494.38
17521,14576.371
116266,25138.764
93988,75573.91
117379,69287.09
133981,8144.771
128355,38478.285
4421,21046.75
126426,28083.072
148540,18271.365
104936,34548.625
50784,141268.14
90628,25581.3
58174,24085.947
106913,14694.787
83580,46106.223
104269,66078.21
98486,20461.379
45783,13107.815
526,9416.866
80025,19555.482
113445,27610.61
140758,12264.011
23218,25101.52
38451,37429.016
138052,7412.354
130760,37475.664
26406,38754.51
80099,5058.6274
8429,6595.6357
23700,14406.831
2101,37146.652
125235,820.9126
68847,17013.023
101934,50689.605
78936,25034.895
94626,6751.7803
102685,14351.33
99782,5356.8887
33140,19035.178
25174,1592.5061
43889,90525.21
128279,34709.707
57407,113285.93
123642,17492.152
102787,33194.66
115736,75772.66
35609,11129.243
44521,7938.592
32896,30982.621
94515,10024.375
58897,30769.92
98334,24259.047
104509,27376.193
149468,10172.313
98069,13591.993
60885,15748.997
28146,40393.656
134846,32992.977
48348,42769.402
128261,19622.244
148458,72797.84
85046,26572.365
55107,167610.23
38076,34567.535
130508,6689.142
11138,39719.47
117303,27668.62
128533,39145.33
98194,15689.268
98959,38531.2
129404,24651.367
68538,9012.408
139654,32644.178
133659,35414.44
101991,9243.159
4532,7427.629
121227,32831.664
111046,43658.113
9790,24805.67
4581,38007.027
92104,92628.85
88794,1816.209
95597,2385.5327
100403,53266.93
127879,24963.887
85701,7191.6484
30646,10683.102
141882,8649.12
79490,39720.582
6199,48127.105
97517,83939.62
146390,12568.974
52486,23539.889
22298,22034.127
73052,109301.48
3826,28122.719
36180,14375.629
56414,38272.418
13140,43196.793
25073,24517.92
48340,13069.767
866,114886.41
116962,5508.121
90435,37502.508
105806,139612.25
120367,18384.064
17649,48320.74
149724,74077.64
13377,36298.723
111738,19478.168
26916,51659.887
109335,26401.41
91471,3969.4717
102057,26284.04
18303,1627.084
142231,10840.496
28576,4982.2075
11862,42384.543
69896,150063.1
97747,5952.3267
26988,21079.088
129880,11778.7
118440,31085.7
66905,37103.305
109935,97436.5
104427,1736.9694
138352,104944.64
92597,2524.489
69604,35658.223
49157,26198.94
62587,4168.863
102218,14019.776
75646,4498.3135
12960,6140.6147
131575,8429.666
95515,273742.88
6560,14575.68
2322,3454.3018
117027,23040.861
110387,115848.88
132967,52661.445
77151,8883.866
141875,34168.348
611,74567.586
43113,5308.3784
73211,6727.009
44713,55925.156
121575,16098.584
139490,98815.81
72648,79192.4
119525,31099.707
13454,21072.867
108727,7845.5474
48624,43980.824
30593,38757.15
98593,87962.01
101497,127103.21
95887,105286.31
123878,4619.832
113982,129901.46
82565,98180.39
78099,54973.785
40543,4937.2993
42860,16094.756
44331,16676.135
105044,11745.582
108937,68881.34
109338,141492.67
132615,46302.703
41436,9353.529
18836,47179.188
54402,46625.76
37249,39600.125
142680,42630.24
30060,32801.438
131402,115535.6
138278,4216.722
57261,10250.416
122230,17466.754
50121,17878.352
20283,3058.1536
36942,1702.5079
140709,63168.926
15274,54618.203
115014,9830.545
59297,7069.305
116045,8082.9546
67463,298035.47
107096,38661.695
59544,54026.05
24658,37907.652
81598,3882.704
31806,12168.518
45622,5126.9424
105529,5776.404
84607,155492.27
125228,108871.26
88771,4846.3906
129701,2544.4248
126570,9954.68
105742,55047.2
73872,100735.2
12215,69273.24
55052,63378.02
121704,20868.973
110678,46896.21
44747,20572.064
108204,27964.15
137862,27337.271
65004,23650.174
111071,31083.287
81750,23727.031
14964,24212.01
49329,29575.04
7619,10424.126
92212,62977.15
117433,69186.85
34014,53803.008
119899,54010.902
30597,129046.67
25973,16587.275
102065,16828.697
6979,124520.0
115449,6517.7036
63974,30573.21
38553,99463.25
72092,78308.98
66868,52467.7
86113,4835.0903
82623,9065.1875
56262,116688.18
58563,63237.086
128770,24734.043
49792,4226.118
23537,9983.932
42037,11984.231
30148,12925.484
33555,17509.525
102651,10028.788
94629,59554.117
1081,6035.8164
44276,19739.502
80540,16883.922
100928,13485.462
66705,11576.047
13685,3914.702
73814,9777.522
60622,140061.6
21626,77963.99
65826,43051.7
47328,6342.901
136774,7951.932
123460,47312.703
136035,83038.06
30964,30335.332
26899,104135.664
89479,12900.858
88006,24868.113
58670,26892.07
139441,83228.055
13056,4287.8906
20109,115239.71
117566,12815.715
91161,103015.27
144073,137188.84
131814,64938.625
14297,1580.4042
65879,37783.324
100859,16191.176
48287,28814.873
124351,21522.559
141183,6501.127
54632,10239.813
103452,186240.38
114100,12600.506
105015,34297.652
49699,13699.357
122958,23393.229
101731,185840.08
129276,31670.889
84188,15128.53
89138,182910.4
118409,4496.51
33016,22294.56
146620,92765.69
12817,64401.945
78414,34253.074
74340,61563.92
112942,16731.488
131326,141196.95
11224,44454.383
52326,4475.243
38319,16462.047
33984,5489.9126
17033,33257.023
129629,2547.3828
107410,16560.434
17317,27941.625
79757,9832.751
108896,34009.47
65564,7707.834
141635,12890.741
149171,38225.855
136098,13335.881
54928,26010.93
133733,108001.11
10260,8532.388
69342,54290.445
123163,6529.8076
97426,32470.92
56491,26290.88
46771,87681.305
79347,102433.086
91380,17396.043
63011,11250.66
66283,12684.607
92879,30940.805
126926,39410.11
76410,10754.857
52886,39060.09
60925,16906.273
54119,18253.951
27514,12567.727
142600,39224.457
24112,35993.473
132535,46370.656
113653,75731.64
58297,60027.484
53800,7137.814
70686,18790.229
130030,119744.57
145039,14747.924
136292,4797.2754
7344,27843.559
101074,16750.38
98376,1909.5833
121462,3144.4148
1029,101322.51
132650,60671.594
47741,64054.074
39303,49511.234
86607,63857.47
58887,4554.872
33999,25901.887
94756,6653.781
10422,25670.115
60408,6071.8306
81358,36599.13
116519,2990.3706
107567,34847.168
72857,14166.378
84265,17131.266
66435,-1358.265
34367,30420.855
2175,6725.4165
68041,118690.77
46779,4701.5884
67679,22406.865
37686,8499.6455
47312,3293.7866
114616,91865.11
24492,17307.004
125962,191320.83
118882,136603.81
59735,8488.549
106208,13856.0205
95412,55179.18
14970,120387.84
43750,25872.215
4666,33419.574
88268,23520.232
46025,33339.03
40599,44471.734
101156,35362.285
138833,18388.086
57107,1096.9568
80753,26577.514
99833,23334.318
143684,4386.8765
75413,25987.303
64248,39834.43
23194,88220.59
111796,40062.08
88700,21013.115
125155,28397.643
27530,7245.4087
68255,43402.355
115387,17374.113
38831,5834.2017
68927,121699.9
70987,8711.466
67329,55659.945
46678,6319.0923
146033,61900.086
105370,116172.23
76036,137000.2
10894,55983.05
148793,45878.914
113941,28208.05
36500,13715.872
18217,5892.844
30658,27389.824
27678,114828.664
50003,66659.12
54413,13909.511
2105,15270.245
100504,5714.0244
71158,9139.812
29834,3690.324
74147,1903.6342
114054,46110.734
111299,3998.3118
24121,11343.91
14705,4013.698
11203,17409.97
19652,85070.734
134178,34369.746
131166,15586.413
94302,114049.06
40262,12413.774
9106,17600.584
54549,-34.344673
2421,33709.746
32060,70727.34
127782,13431.61
4700,5933.1523
114772,72840.88
107621,110437.64
8090,39825.47
37657,13193.825
39463,4997.2207
93433,32039.67
2665,104457.555
2660,12530.513
22922,106122.9
19285,40469.46
126852,4659.34
61235,6833.78
132584,102460.3
15325,128713.61
42934,36654.305
44476,37615.258
46136,24177.582
116220,25401.23
41367,33853.785
32681,53072.953
21160,30200.736
45740,10667.503
105457,4507.2734
143103,31474.37
117677,7498.0527
81974,39680.46
100509,11590.147
15431,43846.816
57289,5156.929
3463,44286.273
79365,2448.0017
58998,55557.008
74045,8338.406
92040,5482.6597
117191,24629.97
46597,8742.533
15422,16919.516
140137,105213.52
127916,31641.664
26179,43452.04
23784,77082.45
78518,6892.174
23900,19442.172
126749,4090.46
128979,62017.297
69372,25216.652
65649,2552.2085
27476,16542.984
141178,23869.916
61905,4079.9966
141274,14409.907
45419,40201.547
115848,7668.955
39074,2394.5757
29051,96450.586
62448,11159.03
5711,28424.35
111272,3178.2812
15532,86494.03
68056,9511.477
34327,17020.96
72907,57375.855
39556,3992.5918
83205,107662.914
81543,90497.766
90154,100966.32
59146,24967.896
96361,37436.055
30163,9818.733
94213,18883.684
45777,14616.632
122150,4888.0483
96608,132349.22
115871,13187.949
61629,9276.388
45362,48247.777
86673,201681.64
74417,10728.65
138068,14428.74
101428,152545.89
141887,31645.871
99643,9029.829
107931,2151.1125
63417,37183.086
14192,5541.4155
65082,28087.8
28566,24343.697
72946,3724.032
143873,85652.79
86140,3933.1953
40821,106594.625
62271,158835.12
70499,72214.49
123434,33679.19
130772,44878.414
131644,8665.991
42486,23161.217
48738,49796.438
50992,3985.4565
78774,109062.914
39243,5061.2046
77159,17614.729
54102,4503.529
13375,5457.0576
12077,9042.308
110334,6609.574
129475,22455.783
132495,4369.122
28329,32450.793
41163,3388.144
29132,24557.4
78935,20824.41
63102,18539.865
69811,56545.95
121853,26168.44
101832,89347.07
90203,120408.32
133813,181481.2
9029,12742.991
99133,4657.3145
44693,14790.014
4953,115407.41
124881,55510.78
49771,5135.1943
12467,26523.203
64082,103024.46
67198,81985.92
109613,6364.3228
28517,13402.158
122022,22255.889
52122,6483.389
79238,10034.376
34015,12672.979
48601,9669.219
109505,8496.276
53462,20255.818
28618,12902.671
136075,5708.9224
70463,73616.51
9730,59197.54
15732,4718.9883
43760,22368.6
107510,16539.98
22340,7303.3955
103440,36581.145
16281,3119.5762
86199,17182.094
122583,9344.518
94452,20694.188
22486,59353.48
132142,105885.055
72500,19301.588
110287,8189.714
136084,47382.023
33996,6624.668
89872,14420.526
126700,78655.75
7441,67115.69
51859,34399.133
133511,12020.018
26544,14985.311
49042,82159.29
23379,11451.012
72504,24644.453
139033,2484.4849
46593,12052.461
116652,4807.11
79542,15892.176
17554,17129.004
57801,12724.274
105816,12623.048
119139,70915.49
23648,17783.328
75168,110310.38
58595,3994.7788
104090,22292.441
120790,20101.768
107398,27047.77
114110,11456.773
76816,20704.072
27622,91911.1
101922,17859.19
52674,84420.664
9450,79961.2
20789,61909.457
116624,66646.8
111937,30958.584
148772,62974.836
149450,790.0216
11069,43784.656
70747,69379.6
140134,117264.31
43010,10882.947
75201,8322.183
92473,58314.42
110372,49758.293
59736,10136.64
123539,4245.2607
114281,9940.037
109218,14642.854
123525,67894.87
77144,9480.808
104084,17118.576
147303,6439.2964
45840,175230.0
112565,75374.74
97918,8142.0825
93101,121122.67
82181,276.48834
121158,15731.136
114217,65572.445
65133,144418.84
14538,2023.5532
53687,31887.482
80102,77999.13
97844,1591.874
58024,98064.76
31403,29819.562
80194,11184.356
52727,43454.047
46414,129590.016
131463,6413.0034
26492,80056.375
97608,9416.929
145111,27641.66
139190,86577.48
5099,6125.9517
73046,3820.2837
115293,159149.22
9344,10967.898
146731,15594.569
79065,22797.707
56661,77387.03
124652,5745.0254
71728,23484.496
95000,97008.375
38920,43745.03
101208,57508.332
100580,6004.954
138004,36422.625
24564,18269.16
89843,17291.758
51447,24345.059
133930,16171.432
140197,7098.865
118854,6952.1255
21694,101663.57
26213,88703.65
140604,25460.842
103709,17482.32
10976,88761.86
48928,61037.105
71323,66129.77
4064,36113.312
96505,19193.135
63564,6659.77
69026,5142.4346
71687,12946.742
123322,45431.336
131285,36170.67
94872,4710.3306
24170,19441.12
84668,24913.021
122529,4159.7383
88957,6819.069
95067,84682.45
37669,24383.895
131829,6231.6665
40540,18543.023
65781,5608.8296
62555,5902.3345
62872,27759.719
117203,140960.1
32115,20702.316
134008,1461.1718
92204,14980.159
30663,16534.861
106619,12780.398
44882,26871.246
99465,69888.05
12261,21649.023
82242,13297.762
93833,16152.125
15404,6481.2017
58462,18797.674
102565,27932.168
2125,5898.215
117951,1218.4578
110218,7935.579
64816,22654.264
85640,44086.78
139140,28973.488
19337,6727.087
52820,46850.613
25577,97413.93
43648,46138.992
42051,10861.802
95505,122683.83
63848,39423.152
97487,7159.0596
98779,22853.213
99860,7426.2896
109731,12555.499
130113,77513.266
124883,41003.117
66477,51800.91
91272,1990.9011
29476,8076.816
322,22941.91
84019,79496.81
66544,9409.154
47441,14423.788
11701,36277.01
58597,1528.202
57479,17187.986
128030,114976.305
48552,21630.148
82645,36361.855
27176,16714.75
78848,15479.037
28138,16791.68
88091,4324.4736
36962,15078.867
71399,7689.978
93908,26653.623
64863,116843.734
139340,-432.96814
14812,4791.362
146969,18490.994
124720,14275.002
106831,28161.28
53579,8441.947
98014,17129.31
26049,4253.763
111832,16728.303
7224,36087.035
51578,14179.961
75670,15330.918
22427,25217.61
60218,24514.574
129761,8707.778
42723,23259.865
29336,48993.68
127125,102142.055
118448,6343.412
9775,32446.193
66456,43681.27
90384,6243.702
110223,9317.144
76149,9700.334
92111,11745.349
65089,6606.558
94196,5698.737
113367,7785.1343
41488,32552.215
141666,37237.707
148455,5390.8447
35023,136926.39
127480,4818.744
135815,65389.195
2930,138320.12
135541,79017.07
80951,166157.81
143739,21849.004
46221,132022.75
31254,23424.248
65915,11684.273
81899,131111.98
140619,40077.168
95307,157621.92
63719,47741.85
365,8539.577
21514,235001.31
56736,4642.5864
89245,39909.887
130312,5523.829
128162,7495.279
95584,9152.025
50127,14333.82
18020,18026.203
109684,42148.17
128492,5891.9897
59766,153256.64
70278,4109.2104
40154,44034.414
27283,10460.35
43900,161782.05
1120,11630.021
38369,23103.145
108640,13926.706
55028,24398.621
16516,10618.309
22196,9032.337
94751,10131.765
73235,2099.92
119078,3191.2063
78102,78852.27
122883,65172.203
134722,112697.05
109212,12021.414
86442,67187.336
44784,7461.926
140121,4266.1343
105909,12044.272
83491,11573.429
67515,28907.736
134909,21421.127
39251,22234.504
129722,13146.032
84641,21080.988
117690,61084.848
140302,51375.867
16981,5269.8423
7347,7520.5815
106421,14883.141
14883,8282.915
109663,9944.008
97836,9506.079
47671,12106.96
144502,33518.855
21178,229021.55
21935,83596.39
113625,78820.64
112849,10427.528
140683,35822.9
26559,48704.44
58679,16868.084
143201,25731.357
66126,52551.543
119501,156743.2
124285,17668.06
144636,4935.3564
19624,45335.336
89017,21216.582
58581,5637.1665
9786,16890.523
18452,17033.94
39198,17774.209
72019,5807.932
130063,88283.445
113325,37148.723
67056,36517.523
52690,49993.473
61177,14544.712
110250,14116.572
75226,37907.01
101912,52548.23
10721,10507.841
134311,-374.5305
41703,274314.1
111687,3726.6353
38041,5126.0024
90596,16702.861
90591,21599.93
121547,4802.349
21140,401560.66
34084,12762.895
93832,12076.74
93560,34581.98
128859,45482.83
21280,15420.634
100687,11565.3125
18745,11496.515
146556,77559.12
19489,41639.477
145771,18143.402
53357,21254.584
107671,24467.309
140646,4275.9663
79481,5810.5884
14690,6391.709
43081,95254.06
106493,3715.288
34249,97481.945
40837,7095.323
116058,20403.627
113169,6338.0005
96211,17480.322
48000,4347.4062
108990,6144.6143
28889,11308.767
66736,10711.715
17722,16970.557
2007,14549.86
50056,21803.623
134835,37457.145
86672,5710.511
106939,81695.38
20902,6192.6255
119329,51219.336
138509,11032.437
113015,151432.25
109201,42611.23
6388,3510.0972
73139,6303.5186
65192,32845.613
66743,97193.79
44800,26432.67
81309,49232.992
16040,1853.3865
114702,56733.65
609,7431.506
47919,46979.035
29159,73497.64
33461,33964.094
94430,32063.65
83677,6114.608
122207,25363.943
20237,32739.4
113113,13019.064
96122,13863.87
67426,16483.082
122848,43615.973
9674,115509.2
24321,8822.162
78223,22011.158
23949,5326.897
45358,98794.414
113624,154439.02
20479,4113.013
112795,115730.51
20701,60296.914
129899,38584.61
51618,44118.3
142437,28949.252
64782,8779.294
79959,13112.475
68632,14555.852
87147,12265.687
140714,3368.4849
9643,3656.275
3121,4289.068
75825,28823.598
8651,4012.5059
87670,31603.643
9731,22445.24
137825,18758.361
117449,1743.8468
73959,10188.322
37718,15825.701
427,30340.951
57330,56596.332
148370,103492.81
54803,39757.625
67114,305060.03
13167,80932.234
95142,7889.763
66436,26219.045
25498,82397.66
20305,13135.549
67397,14296.271
48227,23785.781
6556,14766.687
40651,9775.248
128069,3292.1292
96452,16112.57
133977,13810.375
45436,13441.7705
21103,1192.9928
17036,71547.44
31339,12166.487
94426,9454.569
66846,14711.278
59382,12394.193
77012,2434.1714
36181,6952.253
138168,137634.73
113337,3059.2166
72124,17081.957
107736,11060.627
133968,68063.555
136960,91326.73
105254,18725.713
128187,27910.078
64628,8342.914
91572,28396.771
92756,6106.9004
139916,31291.691
89770,33340.957
29656,118665.695
10820,152345.27
20776,48219.605
27244,57331.336
18885,29473.55
100520,2911.3376
110990,8528.369
12864,6983.9634
65607,14673.471
122834,5202.0913
140250,4264.4404
77644,29619.758
108303,17970.766
66785,14742.455
27839,8973.958
80723,13346.101
138660,51577.797
107227,5009.786
12371,28922.264
107547,13337.362
66088,60863.543
73827,26581.092
39621,81426.9
106830,17580.533
62849,17968.125
75346,11781.457
90560,10118.643
119246,52728.574
22839,28551.814
30774,20358.773
104187,286428.53
26253,125298.836
14619,139757.38
58288,65352.39
104561,90508.94
49203,17634.611
76511,99177.37
120765,2108.9648
105599,104626.21
109848,27675.393
46226,25990.486
137756,87697.04
110776,5479.093
120309,60146.598
1631,8613.383
147876,79859.43
113375,10020.336
67946,7748.61
7463,17060.85
116879,16502.086
31183,45936.477
38916,54453.0
133492,12539.163
16923,11010.517
79131,15548.151
22370,164385.47
94323,9745.385
50845,8875.101
137939,35631.84
70256,5537.1504
140960,33964.996
125219,36713.156
113206,35436.06
98247,62527.555
106994,15729.578
109409,66729.664
135836,9842.625
126782,48788.223
145776,37725.566
47236,16440.494
73667,17987.71
140394,30399.412
58486,22859.402
119569,2211.453
12946,15763.066
149496,26896.318
9762,18770.428
26089,20834.482
131154,41567.58
69438,71563.98
41220,18571.49
20643,22607.992
136017,159037.97
15408,13858.42
128420,38247.348
97181,40619.96
105682,13866.313
26325,12413.333
115682,5063.2324
24320,28976.643
7670,72561.87
53903,119448.88
69672,7993.251
88723,7133.197
13191,26305.328
48632,2522.7563
132468,7928.4814
46264,22344.957
59971,14172.663
53182,11953.919
27995,25370.02
119344,7561.56
32396,21456.861
85081,24074.1
94650,8409.258
82897,1679.7035
129352,39172.652
8326,25057.781
16195,74160.39
96473,5719.4434
16155,32533.367
23921,65477.49
125012,7657.0635
52697,2757.8376
115562,134889.42
30440,57714.98
16244,273618.28
15889,76767.43
51467,207092.73
50948,167003.66
78369,9835.287
113721,24779.332
64286,286686.22
16646,13722.028
119138,17609.947
15745,14228.1875
42768,13622.712
145120,17070.234
80908,16731.123
78125,113019.17
105760,86694.5
132291,5309.949
14805,4818.5376
77705,10852.177
1437,69215.984
100982,19148.156
49143,23030.736
130112,50595.79
97843,20298.621
80023,186152.05
100023,33122.168
10293,15048.063
139967,8188.757
30565,36137.406
115201,50336.387
71751,16816.955
78178,5924.2295
122952,2753.0884
32025,11488.403
114833,86993.82
99923,78809.25
36208,4680.214
118700,19031.188
110077,23276.715
96276,12144.175
39011,12699.249
7133,49938.902
75081,5577.0684
20873,37184.97
125289,17634.611
83441,4545.1104
126054,7544.372
103219,6464.3555
16675,11915.703
144342,1035.1694
146865,55421.05
138035,10012.601
91084,12076.395
72104,10373.7295
111091,2080.7163
98366,58932.56
126816,38016.496
149525,190651.1
74603,34850.26
51248,21104.66
90174,42130.555
444,12484.824
31490,20639.205
9891,92969.93
49022,12019.521
117965,18138.586
67794,12653.218
63146,81500.14
12577,5960.5005
84203,136768.28
49983,81103.914
138546,11750.374
30951,32445.602
15954,16180.495
82922,30209.887
138798,18147.938
29786,1308.923
141628,14618.163
104405,17415.885
60545,43059.555
61178,24692.432
63785,3048.8394
97932,1978.7002
10246,95090.0
98732,91990.7
30634,69208.84
86006,24656.463
57915,16741.947
76079,156075.66
17112,55821.008
8464,48625.61
20307,47168.016
24922,50715.85
14245,5622.0347
50514,74088.19
142733,6375.846
107435,4156.8794
58544,17248.838
130688,18644.746
15451,10341.343
73868,48472.984
111039,55379.92
31670,55702.73
94623,21122.916
19375,5443.502
18248,34936.465
57001,4551.7407
78745,5006.843
107208,16317.209
78336,73755.13
139316,2974.762
84091,6457.571
96031,27960.8
70342,2468.9924
29436,32911.86
12515,47460.94
138558,80963.58
96838,6522.3843
120360,38534.105
33708,120754.67
25670,227427.22
95332,5038.7515
117964,20671.957
2802,7964.14
77305,16208.325
122465,7431.0913
135579,37498.434
27785,27547.928
84737,17413.686
86781,49346.387
58991,32515.719
119689,45708.066
53394,62945.93
81842,78047.37
14954,16703.34
29773,37368.484
46910,15748.466
144316,17358.818
97456,133347.4
96457,84521.37
80849,84152.08
101625,30494.818
43549,11280.734
8468,15813.8955
132012,63352.355
17530,12587.383
55177,15336.046
49094,3576.8447
143750,48132.51
84905,8186.331
130342,36252.066
29590,10887.581
54988,19878.717
24675,40766.617
22478,32886.836
110781,15192.177
43513,11387.557
95226,77698.26
23749,6392.3623
124123,77590.39
35545,10070.842
32152,22301.67
104966,54862.09
10610,76363.44
78252,69532.97
91579,1748.2778
97055,83598.14
49394,73701.93
63016,4671.266
41362,10153.883
34373,3483.0984
34740,15963.007
117617,26821.53
136572,10057.6875
19106,2441.4084
119123,126101.82
41033,18940.557
117928,108392.74
30364,19889.824
72578,30095.428
47126,36956.812
53651,2063.7246
130503,131988.02
137716,19638.844
137820,62217.043
104092,14611.011
75276,6543.419
134555,61393.273
82936,11815.191
10851,61711.38
107077,40428.01
138402,11531.277
32331,5417.4717
69496,4563.7964
40501,54597.094
28152,38412.9
4813,1895.6289
10549,54135.7
136547,14765.392
2862,7715.7188
138762,27620.639
46170,7333.888
113083,67863.65
89070,104785.42
13416,74798.53
126637,26218.355
42309,6766.656
142043,5340.8755
41237,100161.33
77013,8899.244
23627,18538.385
25158,9403.574
81602,26305.04
629,104696.37
46031,29325.973
28302,110576.71
32711,12997.614
106529,42287.22
35672,8747.343
46038,67280.53
12006,45249.277
143922,38875.684
116565,4242.16
141797,42678.71
59644,120820.29
129295,29120.791
15114,155150.8
43778,87447.51
91757,57803.008
116330,67795.3
118290,11954.975
29960,3014.4363
84153,8528.834
31360,30171.588
112554,25961.012
70572,8175.1865
34035,2593.463
27554,129645.31
83111,5371.85
14627,5885.258
19529,7676.8613
110572,52649.57
133094,11549.14
21315,23899.822
144663,9791.93
131199,3799.0745
125707,44659.566
89883,17918.174
140138,11717.723
110535,119508.01
118291,3222.3904
107639,33092.688
135304,25879.416
143019,17355.752
25200,15096.048
40016,158699.19
98945,34578.188
135942,28211.768
98829,5624.5254
142692,46794.527
109652,15669.501
115338,6196.8345
36752,32679.982
123869,55151.266
4477,31752.783
8775,9645.534
40297,6125.7266
59420,33779.46
88142,26034.145
54829,31588.158
96372,13366.042
115166,4189.074
60647,39019.273
17022,7183.218
35295,8155.6055
86230,44348.992
139118,6997.077
127755,72134.41
63957,9486.47
65349,11790.474
12638,307859.56
144074,21016.047
130444,25051.285
49755,239903.0
6918,46665.258
41331,46310.227
137048,28611.93
60304,17498.58
146702,42434.62
47335,94204.125
28637,5482.994
17739,44817.598
4157,9717.829
126442,17881.174
89928,86245.53
74606,318425.3
5871,49877.668
110884,1505.4385
6426,18965.832
1302,26695.758
11640,4536.6113
129511,13875.326
45914,6159.27
29506,125288.83
27816,59278.05
19959,112338.66
70328,15061.379
52247,1501.3734
84467,10197.059
61879,68092.55
67981,54741.37
134171,60406.836
75376,19100.48
64219,97080.45
2148,97971.18
52371,55658.574
14938,60902.56
54482,26475.713
107962,7747.293
95607,12946.861
920,24929.041
133701,8246.135
139633,98355.586
69421,3576.889
54762,3033.5176
124006,12328.509
73045,22571.834
118932,16372.918
94936,2858.1116
38740,116807.836
123482,7305.995
71386,96480.586
43038,37483.836
108888,21520.232
100950,39670.094
1636,2807.2783
6874,5874.071
78921,36493.062
122511,13290.337
53330,37952.746
135735,16594.457
97661,148399.19
6262,156268.62
13335,1917.4347
32159,63985.74
110342,83578.91
83623,16686.568
79201,4260.7485
40157,46073.336
74810,24275.193
18573,8062.4287
68556,29846.473
63517,9273.177
25459,20522.975
26600,21392.855
25286,35907.97
48466,8017.308
34128,9681.978
107412,67399.5
43386,175277.28
101524,15023.773
91555,1622.1168
4927,7482.157
34307,87086.055
141585,39611.086
13938,7345.641
82970,24258.75
119190,7120.897
33616,17216.686
12133,10181.546
101214,10215.297
83749,146390.4
134501,26051.826
128496,5745.498
63302,13143.689
19474,111112.375
132500,4454.697
25833,75094.516
111516,9230.952
126511,41043.457
94114,1249.6223
144981,104579.46
143641,13089.534
64880,131718.67
18706,10037.796
137911,1501.848
137300,17570.283
631,26425.18
51469,17243.717
132223,10441.326
60702,171118.38
17411,33254.93
37735,55956.316
12389,14748.636
119598,41150.496
63902,116108.05
17791,13232.635
36154,322708.3
91370,4187.682
48763,134324.9
87650,50862.53
18125,23608.156
148721,37570.96
119319,7747.911
67880,4802.6997
135125,53165.793
127705,14220.354
80520,8906.005
148064,7004.334
13987,3461.8394
66741,55554.543
19636,13440.904
144747,18938.607
128393,61623.465
115076,121618.33
90284,35739.953
78126,6084.387
61624,56306.566
52687,29223.541
130495,19046.818
110329,11262.788
145750,3853.2444
125138,45058.504
109868,44840.895
41419,28706.154
134032,103780.17
111855,76177.3
15640,32430.137
137230,23380.406
75588,3921.4626
37948,71068.234
86331,56824.77
20244,75669.32
30717,36095.793
129300,5672.1313
65746,5796.134
16852,53130.17
42666,80633.49
7963,6668.173
97,15951.143
104424,11457.468
95943,20807.727
86267,67898.945
37514,6180.7046
144744,5622.466
4288,55018.117
27276,15274.507
73284,47827.277
20297,48163.27
94501,14679.198
99660,2291.0374
85828,58381.59
69439,6137.432
69495,61364.902
136993,39216.047
3576,11756.486
88158,28309.36
99853,7658.2607
106823,7621.971
54300,10793.289
122795,128495.24
67033,10848.175
28987,243509.53
149614,16604.727
51703,41122.254
75697,25676.623
121280,2147.0188
65049,90249.14
28079,37183.395
82633,11998.013
42443,91547.945
63675,31348.416
144741,7607.049
131580,145424.02
131198,8594.642
15261,26019.393
108381,70606.49
103983,38075.07
137890,26807.15
50826,22992.502
105897,57165.32
143491,688.1611
78809,3405.2336
11926,10183.331
12390,5806.488
64712,23891.88
64456,217230.42
132443,39459.13
59795,13455.027
73357,60807.227
46466,33620.082
44132,4879.2065
3650,27818.469
101871,36644.504
9052,2832.4712
149778,6296.098
123809,23296.021
58292,21509.16
37986,15021.954
124589,33187.008
13751,16095.099
13594,57433.832
37671,20248.799
47625,5670.6206
111809,31994.479
125656,8808.035
93317,11793.05
107030,12206.223
94587,97659.37
87052,17399.477
40912,19152.498
6809,24475.56
124052,20761.988
4286,2875.6897
114377,11507.006
68612,98103.98
33077,19845.547
57831,26224.592
6611,23224.053
133035,24314.457
148607,88867.49
144469,13138.489
37543,7086.864
8084,10258.548
162,45244.633
86952,8176.4297
118530,24263.656
112004,9783.398
22198,16570.146
56579,51819.883
93786,154089.58
6478,10481.311
100412,106135.445
107675,92088.87
140799,73758.48
51523,5541.5176
44586,63733.094
1283,109829.1
33628,25285.395
91090,145609.62
80111,27399.797
116505,48226.316
26138,114837.664
144881,55350.055
77480,17356.656
123602,73934.04
91032,5848.738
92539,24177.607
21012,81432.59
93539,1326.2102
36841,17976.324
102839,26878.965
45863,66572.55
13444,76672.69
72798,87073.32
124989,10979.79
108810,22766.094
96508,28207.73
30407,5877.2095
58405,24601.889
27389,98172.336
131964,13594.232
123463,52209.41
26283,12813.047
39108,46360.25
90264,16632.865
26342,8888.691
93953,28235.326
112893,8822.817
11889,10341.172
55595,5798.724
15285,7113.674
115667,30083.363
126609,4641.192
131520,34071.668
36836,98528.72
36804,7342.025
140337,2813.8582
59779,498251.25
30636,20593.465
4088,33071.047
47754,74227.41
111358,10101.473
14735,23753.047
66470,65944.64
81745,47862.14
53286,7766.207
97244,20866.982
119917,7748.111
67531,36019.6
51126,58034.703
88467,5004.9165
91113,37983.184
111723,26448.396
139460,7780.01
52804,2197.3281
78201,5340.5015
72980,27784.805
117949,11549.438
27382,10587.015
129058,59051.58
70254,11474.164
62925,174468.17
114527,8270.717
114900,34341.348
54540,11903.696
100916,6552.952
62916,34226.31
87509,72365.31
88486,9544.527
67340,7382.011
82430,145621.42
107386,36017.332
75279,29927.898
37695,11239.381
103796,53774.38
31979,21785.527
53014,14349.362
39335,75987.64
85906,88819.586
92485,9017.968
124579,7829.722
87661,46950.168
129222,72584.8
88110,14287.793
68366,9950.644
13387,15627.241
93239,146026.47
36244,10873.192
38516,9390.83
107150,4616.1465
15046,17771.49
101274,51466.75
8642,36760.484
61223,28354.436
102178,28114.516
50542,23133.63
117101,8634.157
148096,9435.43
76267,67320.4
35070,11262.22
93737,9197.575
134353,42386.65
99542,48016.227
87794,4032.9814
23620,67580.59
107829,25564.879
85396,7381.199
21053,3814.139
14478,68036.54
26750,160876.22
134266,21566.465
67689,13052.656
79234,8967.236
95777,55993.656
91410,13339.483
61416,7064.1777
30348,47450.434
130190,56951.86
43312,7954.846
29769,66091.74
112787,4933.368
2834,19062.602
91590,25419.41
83617,85465.9
21144,116715.086
137393,9353.885
89884,13138.573
47269,2051.2961
115240,4181.2056
145311,25474.059
1792,30647.701
63771,3746.4985
20917,77853.445
70551,167432.61
90475,29698.84
83435,5083.598
136929,3460.047
39247,16634.283
103159,91423.98
671,5935.2314
106111,7508.225
123898,22726.346
78349,27889.885
3233,303574.0
73704,11475.717
147635,33536.88
48370,12932.414
96513,134889.1
66532,57632.613
65654,7576.7085
52845,4227.0825
30085,2013.3679
28040,149213.27
67263,16497.316
132464,36085.125
54216,46687.71
93076,32786.777
129729,35927.883
145181,77723.516
45282,11614.569
68875,9363.918
60161,127770.49
105956,81701.24
60864,98820.24
60745,7520.6577
106074,15395.344
97356,64857.645
142448,18857.703
139305,135500.08
38157,157279.23
20978,2952.7075
75837,7337.9985
7756,64996.586
141403,10418.695
949,8315.574
74779,21615.035
106613,2361.1538
140062,6750.383
14035,4653.882
43418,5240.9326
131774,43316.105
142436,5071.4873
15854,1320.6577
11052,88472.67
128869,2450.711
35287,50268.973
89691,14434.162
7492,141175.64
56008,20983.623
120055,8607.925
35422,15407.256
1685,22308.156
78789,18035.332
56445,12005.419
46603,135278.86
89261,142586.53
147801,6255.48
139052,19939.355
109326,16295.1
140921,3061.578
79345,2988.6978
77952,8444.464
51510,7799.6514
25884,179775.69
111391,8697.782
72184,1821.0013
31043,1893.6292
75128,79065.016
79395,126044.42
68723,24396.637
86417,133791.94
65795,55430.18
142878,2264.0422
107113,21149.496
71340,111517.92
100297,6507.9395
45917,141719.08
139451,13330.614
109266,39624.793
53323,6240.1167
28240,41829.07
96650,10267.18
95492,5994.5986
126441,4475.0146
129950,21213.074
85493,29058.84
60564,78092.6
75177,74904.95
8812,118596.766
119013,4491.2437
1510,7604.903
41558,5579.375
24555,65421.492
42364,99313.96
43957,8363.798
40003,25006.94
5023,17815.229
108420,63972.555
84055,106324.81
40571,34720.258
32603,18464.781
64075,5801.241
136235,8012.208
91692,19787.004
88517,23418.021
77747,52525.492
75064,87571.41
81122,189765.84
2540,5325.3643
92903,7475.451
7784,4980.428
103034,23263.318
103287,159808.89
146607,12689.218
137742,101973.35
47173,3750.7014
75214,13236.817
43176,16385.242
139815,16163.926
36939,102960.9
3116,3491.7861
149920,34296.35
143214,42759.93
109605,37157.953
45584,16205.777
88314,6304.94
36232,21566.922
57103,42102.09
8494,13383.433
17881,16095.597
66617,52087.227
68248,524937.75
3722,4512.246
50496,30617.201
77090,22030.357
39414,13034.74
147536,29976.96
138406,63983.38
56806,11728.299
25805,9767.339
128092,80060.47
134388,60676.48
27296,114832.67
54271,51760.27
120931,4072.07
81214,188785.48
127076,83123.45
29294,9569.002
14545,115171.06
84319,5012.9395
85263,65812.664
39817,14318.755
31913,46000.33
117847,32575.97
116360,20975.418
14683,12447.018
64985,16706.627
59731,16873.002
67159,6238.6387
138818,35901.977
85502,5611.697
28323,30338.148
70823,8581.503
132457,19846.746
38514,121103.73
29412,2286.0999
2223,34120.047
128878,99365.74
68296,34231.46
66804,92030.734
90339,21607.266
36405,86614.01
119944,75762.67
89192,45386.957
43095,87411.29
9074,19367.729
44367,95925.84
38385,17008.895
82106,19008.045
83564,9259.957
122637,5473.9385
63024,11979.948
40813,137033.78
24732,128417.13
27192,22012.871
82707,6853.1904
12786,5835.765
97031,10915.881
74429,56789.188
32889,6410.5977
33679,6471.895
47364,2528.6335
41007,16691.041
110352,10457.6045
46013,12069.8955
21454,26216.43
2582,14350.357
79784,13781.966
40265,4016.8733
134095,6142.4146
80458,29611.441
146393,40389.17
146776,52215.742
115597,13025.831
28399,3277.6218
43432,31492.457
15656,5508.288
103327,17362.969
49219,50933.96
68473,47221.21
59759,8412.519
7566,3267.9504
63127,126643.76
37535,5541.181
138021,103308.36
53639,38578.86
109430,23238.617
53092,78646.91
99791,29994.795
81411,3437.7468
47160,92231.836
37119,9686.107
130903,34784.53
125258,18098.732
70433,104965.09
100511,8417.159
87324,9209.838
137481,49756.594
76998,117071.44
82229,87614.234
100547,14329.4795
13307,10612.8955
50254,24878.19
143763,11149.026
141964,90455.45
118189,20313.604
67053,44486.86
29251,93264.39
71352,19711.129
123343,108434.414
109350,19254.014
70229,37310.316
94047,5720.8286
29938,32765.643
91037,17455.6
124667,32064.092
78334,21583.633
18894,52400.645
63352,6112.388
80536,10532.702
1001,30465.393
136647,47165.527
42652,4492.537
123519,20894.053
107197,5551.2334
60859,2251.6067
48923,7508.1235
6587,7389.189
31517,62934.33
144526,73518.516
35946,5904.3677
58964,2122.5461
63472,6637.5654
39773,6503.442
31473,5244.707
124505,46815.43
119260,12631.43
52952,129859.24
101124,7930.48
75726,20952.797
103313,28904.785
122056,41870.86
47966,34611.156
66974,48948.992
71629,13144.546
803,3327.136
143187,7805.8022
7936,10327.74
141269,4744.869
50104,28362.32
112134,41537.117
111977,2522.0894
67625,46469.133
56470,20988.549
18314,55798.168
137200,48030.426
61057,69152.125
33829,43465.934
102919,9767.266
34301,2252.026
140320,1417.32
133581,14095.357
28855,102766.734
147372,18049.307
9814,5378.1284
44104,3824.274
131894,1788.339
81767,29064.146
126114,25834.848
50738,45793.156
147730,84708.984
61029,140643.3
76788,35569.56
103649,88032.875
83279,74710.77
91915,34603.715
76442,19230.08
57690,16936.473
94712,35073.367
143084,5049.821
82825,34178.39
69104,75652.61
63311,89182.516
134198,13920.203
120984,25277.94
7130,10652.25
72825,103756.836
62947,4676.2944
50216,1944.6761
101458,56556.78
107936,131087.44
28177,32197.076
39853,23873.836
94488,6043.323
86349,13187.436
54975,16974.781
138255,30276.424
55436,24273.463
79902,12440.583
116861,8387.94
84429,9388.13
45309,76805.75
51468,12717.993
144324,122709.555
143452,42785.05
20054,233920.08
102734,29451.389
11154,19218.74
2648,10675.005
81839,55777.887
143419,14610.648
62399,115176.14
98958,12114.12
34211,7884.7715
134307,1931.6521
7025,98008.05
80695,14923.537
28645,32018.727
97314,12436.01
2556,129967.375
2911,93569.05
117570,31267.762
93074,1506.5352
108042,6441.7637
50897,8011.69
82877,49792.676
4976,50870.516
16308,37109.496
26817,13400.184
38870,6419.337
64238,12165.986
119544,8925.226
44017,14203.509
16585,1350.1403
103309,4951.21
11493,102161.19
109614,11713.149
128983,20547.658
7814,35243.094
40958,20690.926
79415,26467.84
145868,51211.89
95228,6820.4116
121341,39447.168
86360,10342.234
48208,35504.895
44911,64835.53
12557,19761.846
24049,4070.4248
8900,5614.824
89904,96160.695
7751,10033.429
127061,36022.016
143311,15837.415
122037,21854.262
108612,7408.02
106876,25721.11
86647,34405.715
67086,9842.637
145276,7654.4233
84368,41701.703
6072,27666.602
108412,11248.086
113517,123373.18
138696,65339.457
94223,6105.981
130198,8867.308
133959,25316.934
16548,64748.67
129225,1344.8899
99814,8333.913
18013,45111.258
50195,12079.539
16353,89341.49
120974,15766.82
79500,5952.5264
63482,8240.368
21671,60321.63
51298,2105.837
13747,27137.648
51462,12451.967
62694,30609.686
104312,39944.516
128744,16179.211
122129,23468.867
103925,5022.8506
146983,132616.11
76160,21722.424
33073,45202.95
139210,49017.652
59783,19136.541
97373,25205.318
93085,10541.666
3420,4385.46
98526,22120.752
53882,20307.656
110877,17419.402
68496,76056.76
39352,7805.4575
144951,4905.1743
79834,3370.463
110925,82930.84
118132,11907.772
114674,92763.055
93795,60714.39
111141,7161.092
57872,51610.31
8757,74786.62
144820,30417.041
13460,11550.728
78303,18102.387
12300,43190.727
69684,20765.396
118553,46938.137
40286,11411.238
91714,15694.931
59472,7800.5396
7505,5105.3994
99980,50569.51
54280,116165.445
31602,59263.87
9119,46047.812
100735,12039.779
83180,25524.97
43497,57838.5
76381,2584.3552
111925,6533.6104
56631,30037.059
81980,7352.8174
10284,124255.05
11719,150222.2
131376,12958.126
49215,106469.86
130551,34030.277
52672,29029.166
1621,11501.789
80133,141443.2
146887,27518.64
75578,28611.77
14915,40282.61
140412,1049.3877
102990,28997.102
125059,31984.531
17991,4255.924
31368,110146.336
74883,89513.47
67648,5940.9854
34991,8085.9746
134922,64783.004
122255,3575.925
57542,220598.5
123892,1794.2108
40701,17442.014
11751,7461.4233
104639,77736.88
119545,71544.94
95274,185285.53
90567,42850.152
113358,27216.906
45901,9528.835
140079,21830.096
1809,10529.156
93521,14387.468
98982,13833.644
90308,28838.47
124404,5401.4546
77021,14706.536
73796,53239.97
29479,2568.7173
117150,7638.2896
90821,11856.483
9793,20559.18
13758,10334.149
92986,8092.8564
966,945.82947
107062,17881.207
57078,90044.11
92966,84955.125
17332,19832.2
120226,7168.709
36579,107176.055
149895,5086.68
70828,62503.543
4975,100935.41
17309,18537.957
42314,21686.238
134963,33715.883
131622,29267.357
9497,20956.055
144370,24153.158
28556,16998.846
133205,61118.55
91157,103066.14
25709,11369.212
75772,42192.477
36227,7468.5806
54818,18212.74
149151,3275.2334
120219,55084.035
125484,24616.713
30590,14551.996
120599,41629.63
12469,4063.305
90289,26103.041
90864,51938.035
121630,48450.062
2371,19102.293
104800,31297.014
92370,4334.8867
104782,6591.894
68147,9587.337
146514,5604.8315
83940,5322.482
64377,5980.9907
140297,176429.69
124991,13187.657
137578,32334.777
111427,16185.196
112600,38199.562
94314,5634.09
102322,22872.922
79115,34467.133
149495,88441.1
22728,3029.5452
62047,13855.84
918,24198.457
32477,82614.08
28147,4987.6772
144031,2988.3892
79211,95074.19
80792,28982.484
121866,16943.848
62424,8130.0977
102120,163939.02
99021,9277.467
111761,8880.45
108493,22617.414
80689,8471.197
80337,167879.45
92390,27796.703
3639,34543.33
78162,77016.82
104673,11441.679
73822,6027.1357
108101,12900.099
126735,233456.47
34518,105365.64
100778,83445.68
120070,32352.662
71525,11002.138
106956,5119.8438
100594,838.21375
66207,11649.59
99711,28861.549
80228,5933.1733
104225,2731.4062
13519,16258.638
10936,108696.26
44247,37102.29
29324,7156.835
108479,33202.027
121764,5101.255
135762,70360.72
10696,55914.957
34811,44868.312
133290,7641.2124
130416,50175.156
131900,138121.52
67572,7828.045
14291,5215.137
22979,74174.91
123621,24365.264
101171,63083.06
38781,9862.326
65150,188863.55
66774,18930.963
27247,2889.092
76580,3960.366
138141,16433.443
89384,9286.906
48084,10025.377
79325,14001.3955
118245,17442.287
6568,4434.689
109791,9977.4375
37734,281994.75
98440,1363.9882
10967,62100.73
122610,1487.1107
95213,7670.9414
40496,95240.99
149640,83824.07
89433,7600.0854
133481,36767.77
762,79189.61
57942,54713.207
93801,104719.53
40747,36150.816
85459,3407.6836
72065,7383.986
106990,26806.604
37393,21216.28
8882,51047.99
48374,51487.03
12941,3273.8157
67084,7174.427
26680,108270.87
58278,56671.0
124320,54435.21
61058,22619.713
26953,41565.285
23558,18706.361
86746,24837.68
68851,15367.356
99194,79026.04
26215,34920.26
26015,25916.963
100898,46224.938
128087,48340.77
12386,24942.152
115780,39365.297
14277,20774.568
146190,5428.043
133181,46295.586
7686,14374.501
74170,7776.2603
84262,7228.3584
10098,5071.001
26269,7121.2783
69065,11790.48
126133,70520.03
146193,113728.8
109425,104421.234
124136,80835.29
61311,66934.484
110430,7590.4673
142544,28506.191
125955,69631.266
6439,11335.042
138715,43533.09
36398,76201.86
70,3727.191
44790,13817.498
35169,8052.6655
35547,53769.656
17319,69754.35
57354,6527.679
41041,22818.094
91268,6198.6577
128517,4673.408
35904,3586.1487
15398,17110.623
96950,8284.066
129678,11485.585
48641,21854.2
38541,1226.8557
78882,90443.98
34375,73700.336
50128,22373.861
103489,53971.133
28699,182067.61
80808,5417.0
46335,106555.7
112311,11531.532
105991,30190.988
2304,17694.377
103256,53616.098
86968,38690.27
4869,33081.31
81155,79358.25
109159,12632.476
142557,39082.24
111144,4407.5103
22530,13749.333
142920,47303.945
70735,7263.9395
84963,4139.9194
112835,24218.332
100493,60630.977
2699,129527.805
39260,19925.537
63078,113285.81
18321,7430.7246
57727,7882.0435
102060,92091.38
115966,23172.215
92955,124341.52
95445,5168.2446
22552,55157.934
81165,5899.552
49287,89858.77
126683,17308.318
29133,116125.375
102749,99815.66
80192,156893.31
70822,44276.1
85338,6343.8105
9145,176235.83
7341,17172.814
107380,157704.67
101852,24382.725
85683,23633.832
5408,4695.114
38053,50097.387
70940,11225.736
12373,50169.63
356,5073.538
85604,7677.0186
55064,14397.94
18357,73669.85
37395,34287.684
12917,15789.181
112464,856.47345
123408,13063.125
29345,269813.53
9293,9361.459
59214,65541.3
75935,6596.828
113951,3744.904
22667,105798.84
78331,215375.39
114752,2478.922
101455,24422.645
17189,12195.228
50437,6874.115
35814,44162.34
23349,31196.299
64036,38483.535
79544,38578.582
66647,9892.968
140143,14635.675
138769,100379.4
147470,3135.44
104314,172199.78
148171,42582.504
114832,13861.429
124296,65888.51
12932,6223.4473
75088,11509.863
83102,32499.598
131582,18368.047
75085,91967.59
45967,29425.043
104942,24256.176
119242,54056.133
25084,57214.203
22899,19723.7
116841,9261.248
131112,1532.7296
104014,14008.375
21404,22494.068
53404,117930.914
28472,56235.93
77134,29580.754
29669,12932.497
81027,18197.057
145786,16755.262
25807,1110.5355
51572,124793.36
71074,18241.568
63509,7602.8955
122416,33796.723
197,4583.4634
111007,28597.588
65101,13217.031
104016,25615.445
105551,137490.1
38658,169658.14
147893,54132.27
88695,6497.65
43293,30484.936
55139,11777.611
108237,74851.62
138933,19882.775
5252,35921.637
84332,15863.62
140296,9403.176
130183,8886.295
136236,105656.24
80731,30881.059
83166,51202.89
10508,66990.04
88600,123918.195
62907,8724.9375
142365,35850.94
98898,18178.55
4458,5531.124
115009,15022.537
72321,14401.103
143514,33875.566
132986,27934.176
12896,81164.5
101858,26050.602
105289,7343.396
35627,47964.17
128114,38360.848
116084,31768.564
119134,8077.466
50543,15170.057
98608,24459.057
128974,10859.254
140003,133484.23
88491,28919.516
35589,6986.495
138972,108354.51
132852,5007.573
65784,14635.358
9343,24287.127
144643,5560.5825
70045,25554.033
30643,16211.863
143249,14453.405
52603,9074.777
79167,3516.4585
76714,26016.299
621,55512.29
78624,162634.23
26262,175517.6
6453,116462.8
148979,25408.025
145336,5202.302
23947,30014.805
120193,17056.646
140523,20723.092
123001,25907.928
65191,13291.425
108291,2702.2632
79763,38110.35
119904,15827.015
40834,156783.8
47837,24037.867
104383,22544.6
6642,34406.613
85456,11705.275
2462,92262.32
129476,10774.434
147124,81527.51
52103,1759.3063
58332,8329.687
19461,30162.295
91792,28092.268
135812,54935.99
84620,9633.368
80145,9588.524
118148,5896.866
56768,62564.65
121484,9100.909
36993,35038.625
5414,150152.84
69071,11910.168
128145,7977.6465
132260,154834.33
119085,58191.414
43992,9802.198
100629,67409.1
99416,11475.344
141013,149484.53
125392,4102.639
38682,3585.0208
99812,8285.43
109154,25209.178
101233,18679.932
53511,16724.543
135011,19829.314
67553,28139.96
126450,34888.13
93881,20557.533
111345,13083.715
6773,9855.218
57853,24949.393
85182,28135.465
52653,26163.814
118485,51392.453
78944,49454.336
4041,33890.543
31079,27191.047
127104,55253.168
34800,13131.863
147133,33617.25
31888,10456.76
98080,12801.645
110181,6290.7524
97077,114657.07
68478,12705.918
107257,17702.182
58769,11830.447
31734,3763.06
110554,29787.64
134939,6830.686
134921,12636.815
42066,4550.471
25071,7277.906
91400,65657.805
76529,3008.4348
50786,58251.58
13401,8459.423
65986,194130.55
32566,19410.393
59065,17970.902
49291,8182.4155
36111,1270.2549
122401,20364.557
79206,3196.7246
50353,5805.937
17476,4724.832
63456,27163.254
113370,5228.035
93031,31809.693
42766,59462.367
98212,44789.78
80165,17994.672
76261,46662.434
68312,6392.347
10875,8317.005
131413,45614.355
88745,53182.953
133688,25913.938
139541,14652.895
51262,2545.8054
26098,39593.17
8534,22890.664
93621,27120.885
46978,27752.203
4028,20831.635
22152,19710.197
47883,50943.65
129752,22333.549
148983,6921.2524
21739,28037.67
126781,54354.254
140791,51573.023
70281,7833.6206
119718,79906.59
114750,7828.6597
68964,31720.63
140889,7929.148
116288,13675.519
7745,59126.49
121339,74455.14
896,14783.111
81977,14495.085
98698,21245.285
63742,8401.428
65114,5104.573
15966,1984.5891
139920,1035.8082
52576,8434.284
71589,18071.535
103998,29135.28
115269,9208.022
97973,11241.436
24826,612.49384
134713,6198.2446
47295,5794.5317
99852,39333.047
102077,64774.2
43285,17683.754
147245,8103.807
122000,8183.35
148356,4209.7734
116778,35546.71
135473,2294.4392
57461,36001.598
29831,13736.605
46299,6645.689
140423,29869.969
35765,3660.1558
93174,4953.8213
124822,49703.258
121054,70901.234
54404,24039.6
23983,3206.5232
22055,11801.212
76831,125713.984
82479,120319.016
86148,10869.596
22413,37750.82
77494,31098.11
7311,102483.03
124707,17002.742
29870,96455.69
11165,14650.332
71936,6151.3384
111439,116150.74
135647,127932.42
133093,2615.071
6395,6588.0737
30808,20091.371
17078,67094.82
50904,85186.44
75796,29936.965
111500,43584.188
107920,6839.3765
11474,105676.555
141668,14475.293
91271,2111.7327
99554,14555.55
110135,6081.8525
101993,2449.7297
16596,4238.1533
37294,33911.67
84731,17556.574
78228,123276.89
103580,22802.29
35966,27881.97
29310,3149.1526
148661,16027.086
26328,10509.602
84553,93495.5
18508,1080.5621
78156,44789.008
3333,38097.008
89037,18884.885
119471,58923.723
11820,9609.567
67305,137075.1
97267,22584.674
139235,28428.004
58412,58892.008
148314,10101.757
68842,49929.715
141045,13248.345
55150,17270.977
137283,16193.032
5458,154520.83
112234,41067.242
24549,120320.33
16288,64890.85
119289,32883.55
116006,10919.1875
68536,8515.34
37169,9855.207
47217,6171.707
91745,18373.785
58425,3012.6816
122054,44551.664
6162,2719.955
69887,14032.238
37370,23007.3
1836,7428.9194
68109,29335.693
63736,29595.139
10965,56867.37
139443,241566.42
73931,16860.084
20217,32950.688
149818,100209.15
16167,2548.462
92557,501799.16
29242,58656.105
129788,24303.947
14373,16431.031
77053,53974.254
104581,37895.734
45014,1992.6403
62159,96558.67
45605,4731.8945
62198,22464.635
122977,11201.962
63561,5917.8125
8109,13012.153
144100,18965.373
35928,17180.705
134622,21049.893
21100,41622.375
111818,466657.4
66446,24117.785
114065,25449.41
131923,10108.696
132440,98189.69
17014,27014.555
79214,69189.945
61599,54619.035
9718,95134.29
53700,3458.1465
112904,1357.1691
78392,8144.019
113522,8039.818
35591,4914.149
78575,21630.746
47939,23277.52
67282,8161.261
69687,13544.397
96602,125117.74
120883,150324.31
69283,37331.844
39861,65823.66
134296,36628.617
4620,43448.68
107058,12441.676
93727,3478.225
14461,12193.667
19875,4441.684
72101,8771.2295
82535,16656.584
138324,240286.1
126036,9468.206
49479,49634.25
34743,36972.414
141634,9772.268
106152,26377.79
5177,58621.76
143330,75377.72
70927,85248.94
79249,62042.02
83245,18685.457
72583,25720.424
51576,18305.154
118079,261521.22
15983,1907.794
3437,18320.6
69043,43477.348
4683,60993.07
38542,44595.06
11551,10134.283
97787,40077.168
30733,9801.521
59556,78024.57
104006,5330.509
121434,36055.26
8543,4120.3843
115230,16958.352
48690,54513.977
9139,22677.99
106352,54654.086
97132,155524.6
10079,13998.878
22244,81605.1
54869,10198.315
25112,3329.0393
128633,10906.895
95615,10231.769
75152,95498.92
641,13977.366
103157,32627.76
50990,44187.04
93416,36615.156
149013,20837.92
74964,94762.65
131075,99616.36
85541,5254.888
74824,6310.1523
117513,61943.48
107206,5340.6626
125851,231530.16
7388,44825.64
56777,12233.31
119042,3103.666
76897,80979.25
38703,54829.324
75094,40356.9
52133,11751.612
144995,73255.87
10324,6623.38
13087,115826.45
100194,163258.1
1933,37583.23
56168,47152.418
120608,49649.1
123555,1309.4766
148160,62078.617
19723,4488.4272
21814,23508.717
119410,75324.73
125635,16082.988
130477,28220.451
49184,113117.07
42074,30184.209
138012,-1816.0135
68652,9983.825
107690,11788.697
21910,52340.766
34157,27206.62
45322,23711.17
46257,12771.849
88297,82802.3
44118,49401.53
65669,120557.22
116878,3679.0396
3074,3900.8318
72142,48877.867
114190,28189.482
49551,3101.1057
29267,46037.414
22798,3374.8076
112971,14569.434
36453,40770.79
25820,18364.908
98854,27297.096
75571,30141.477
21210,9428.635
52010,135698.39
74120,1511.7148
72860,13719.526
75237,179564.98
95935,3644.6282
77220,4741.647
13285,14658.402
105481,10612.671
119067,11171.751
69084,37084.64
148468,11446.492
125313,4745.4253
133881,3701.639
103015,115510.414
126821,18662.46
1310,16057.345
115162,30955.033
124521,41298.906
35003,917.8227
8621,4329.91
2430,6443.273
70679,49502.645
95234,74216.21
1742,10217.422
137693,1523.7065
53086,37511.996
97491,8830.107
52575,58023.812
129819,63273.977
127271,23959.152
4332,28314.014
127693,27225.941
70890,20201.395
93534,27811.441
130651,10718.795
46440,18195.357
116575,22526.81
47752,46246.57
37716,93519.39
74639,116455.234
19564,95755.59
114353,2552.4019
132748,12430.035
75511,97257.78
72246,49430.11
117669,32071.842
30227,7027.4824
42469,70859.35
14771,20792.248
143574,46634.863
116665,48048.406
72017,8834.427
90094,17522.535
46778,4587.5166
90080,3418.3687
71707,9583.894
79331,72581.21
140486,6894.646
56753,13846.068
11566,75912.46
111250,26321.67
25447,8846.593
40652,36442.895
12479,115633.45
128302,138024.52
47051,15733.834
101638,8848.478
116681,9245.318
119325,65484.273
110504,7958.88
10578,16873.324
847,9774.55
8502,39044.215
138976,5189.024
108958,18105.848
132220,249504.7
128188,11224.187
91667,28481.371
38629,10426.46
13879,32581.617
60531,76179.05
99423,21073.58
60801,184817.95
56882,23993.887
96603,88074.21
110406,4351.283
113494,9984.94
24367,7556.279
103414,2776.9785
52668,80154.37
43550,16729.37
15028,30680.227
3687,18637.105
139553,25881.168
125540,36159.6
20943,19591.873
141284,40021.7
29668,2868.801
115464,53170.246
36474,29219.094
3133,17056.727
109539,58613.41
49953,14510.96
148051,9107.56
140735,6879.25
96483,119570.33
143106,38268.344
20330,2846.543
84862,34209.227
50120,35538.105
1167,11931.374
32424,20724.553
50174,4926.2173
89579,34400.824
111788,34031.406
105379,10109.085
108768,8071.414
1296,3996.7563
143877,19336.2
23394,4554.628
97206,18034.5
58414,10595.688
21111,33193.5
132783,13496.934
43107,57703.98
115492,11754.559
38082,8588.376
85641,90529.63
45920,3107.7695
116146,8809.182
106372,10775.673
107921,46353.656
28068,25417.803
65427,15158.256
58740,5689.6
8469,3304.6592
62924,113519.1
129221,29069.268
142883,3488.9482
731,15612.628
5431,65831.34
36526,14164.481
119267,95985.99
52476,24211.744
73825,64353.2
7906,16606.684
71835,24956.742
102772,5272.7
103547,6192.9336
135220,13246.313
108735,15801.446
63230,27589.352
132977,28688.299
67855,33891.44
6000,29024.6
10701,49445.832
30288,27922.916
46484,36924.895
29604,19315.32
83725,42645.805
145566,1130.6443
73286,65137.105
51610,12176.446
3123,5035.364
53395,118959.51
98983,13474.217
103943,2318.0293
89013,22968.428
143059,209250.34
26274,11272.319
136109,14040.339
115654,53901.426
19793,9551.978
92361,6106.9443
144327,13319.607
138584,141923.25
65313,4298.4976
46956,16852.809
57186,32335.332
73124,91819.1
122878,33135.6
132711,25300.863
102558,41161.293
53554,2722.2678
131627,48254.516
60673,3225.569
108825,35772.934
15191,42733.297
112574,118767.77
147491,163496.52
111535,73787.68
124069,9553.383
82455,7258.608
1918,38302.156
70956,57156.887
116694,80352.91
116776,96271.14
15003,229432.16
27362,47939.64
93541,74919.83
22361,20755.514
15733,3294.5984
55432,252983.56
29244,7949.2217
21862,62705.18
39716,2980.4688
27937,3275.1458
63244,23270.688
1256,7439.6997
113983,105937.59
4811,6641.5913
62915,22710.832
63943,28538.498
35930,61478.363
104660,11637.71
81936,2091.87
25402,2482.891
67210,11116.517
105120,47179.49
26318,40907.207
3179,61678.355
47751,27003.598
117174,6412.4863
123590,21065.656
69982,35244.67
145598,16945.08
24898,113481.22
60970,16400.807
67101,26370.402
65388,23788.756
27417,96250.74
86584,21847.51
17889,93342.125
113432,4247.6025
146162,4195.423
101303,9657.436
41592,25020.312
71019,50087.504
53823,20136.932
71970,7683.744
113639,3246.3245
67405,12829.055
73062,28619.443
56399,109669.73
16786,52233.312
31442,4045.589
88171,41363.508
114279,23286.88
5773,2990.7527
87084,51118.715
54512,5093.6426
77166,3791.3364
22001,31267.43
20207,51940.777
113458,9814.798
138386,3770.3142
138126,7402.8076
100797,14348.841
20795,158038.84
136450,53202.656
90425,24157.441
145865,18899.338
88274,3970.7532
50847,24466.578
100914,10926.845
11094,16725.059
110680,55666.68
49408,6525.3555
13372,4336.849
149316,3714.0496
124559,57751.777
146785,142381.94
62016,27500.176
96107,9449.09
107210,33573.094
113107,4040.824
77847,13971.298
114386,2989.8003
149516,5609.302
76627,43212.254
131234,3490.0183
149434,5901.3286
13794,78162.35
108622,14500.438
123475,11485.786
87003,36261.17
108651,10289.015
42496,6199.7617
85475,17335.049
107175,74240.29
35531,143208.05
21364,23090.506
98655,38436.97
31102,32071.154
44388,57529.223
102277,24983.209
73065,76440.06
51340,1467.3933
112961,13352.395
20808,44080.926
61431,12565.813
32473,174383.66
8814,241632.62
62856,10723.737
27796,112252.79
109527,7008.6016
53242,19829.81
68625,34383.176
56360,67324.29
17537,3263.8782
82462,7015.458
56436,5599.9697
7548,14471.852
99673,35724.957
110816,18097.2
69967,1880.1376
53212,8327.664
44249,24581.838
7299,23010.318
47019,33365.684
38264,9231.18
80595,33398.977
36250,54349.266
52792,16922.902
110245,26530.127
113471,24605.447
137127,16890.186
76147,121698.73
96691,15618.648
123814,28450.617
116707,16582.158
84961,5062.811
17076,73695.836
13085,52962.934
132794,4657.91
97768,38025.363
25412,9700.288
114548,24081.922
70452,55183.676
92089,10367.638
94572,23841.28
146065,3051.2717
33564,16718.566
55847,23840.498
21698,22451.312
84158,42899.066
106513,5930.5854
41274,215847.42
94483,576.5419
142383,46905.68
93620,38992.684
120916,45161.72
58840,17903.523
119836,7939.8457
71706,89229.85
138333,77962.766
86762,11897.496
86504,6020.453
73393,15554.517
136817,3572.0051
67827,7420.267
102822,156831.64
124016,12643.795
9552,39304.27
5507,4846.6846
20892,25621.775
120569,9469.461
33697,50827.094
3129,49572.926
70076,365226.28
138298,24258.174
18797,6297.4346
13533,56034.992
105456,12879.211
93841,5293.5435
70043,19302.34
62039,8088.0317
41945,10914.405
60337,8483.836
21674,4029.8186
42004,2874.1301
30051,60076.297
98860,40560.945
38107,4430.8945
76556,6769.2544
133656,9537.702
88346,50285.99
15578,12690.273
71653,9616.834
86184,6224.446
48803,73479.68
134334,5105.7583
72666,48284.31
86530,151724.56
67355,12030.067
77759,38751.277
77523,97224.266
60548,27081.68
86019,5437.4473
10994,17645.836
28502,5482.81
93805,3011.992
10038,28886.14
68476,22196.725
117806,67130.69
57433,13035.369
71563,124871.47
148213,33675.86
161,21276.684
46128,126548.516
144071,24565.654
76248,110026.914
63741,10820.055
113737,5445.387
44775,52034.594
143742,7883.91
8560,4602.85
78461,20507.479
21106,80809.87
136294,20423.414
121884,20783.734
47154,35970.707
91309,1571.8469
87681,2152.9373
41403,27632.764
124372,23282.844
141325,6361.8887
84902,7556.306
131560,15795.861
75253,38952.582
71112,6084.3594
71058,74540.69
76814,21161.275
33373,8304.333
135639,88308.55
103565,48407.32
43198,61507.14
9431,10508.661
71803,7891.4116
49310,10162.254
124496,21842.766
9689,4804.8965
136488,866.0448
3838,28668.543
92529,70109.305
13982,10619.903
65201,92992.18
30811,102331.445
79750,50909.582
129639,91834.31
54394,19554.035
88976,12925.562
20566,35542.555
100343,91152.85
52229,7143.7456
101963,98809.16
80922,12838.114
87750,26391.268
51956,13515.909
139047,3630.6492
144024,10520.734
56012,62778.82
136160,61213.28
110403,25119.896
119851,23042.404
32462,14351.469
92607,13391.072
18391,50767.08
13546,46434.45
101439,44713.26
59248,6932.0073
33636,40521.066
37051,55131.176
75959,11867.716
22772,14435.381
13395,111304.85
90246,3784.8823
66102,56384.965
114879,15175.239
12722,3387.783
99570,9713.781
106147,1699.6472
11288,28142.807
1172,8018.8477
25323,6648.7417
54537,87959.516
95988,64697.812
131918,9842.679
23214,64424.656
119651,21920.656
30943,12982.45
64553,226178.9
117839,7179.891
76941,11799.457
79641,23291.422
133811,62593.15
862,48031.176
69511,25434.572
1751,1636.0592
34772,20098.57
104956,13851.849
49659,78005.914
66859,12669.826
6870,7097.237
142038,93121.734
115565,15163.466
98307,193126.31
49483,3963.03
116157,26171.174
9551,7939.514
141377,34528.242
12302,12692.66
107807,70301.664
105926,12321.773
55461,5889.9097
27789,6770.625
93268,66554.03
80765,26760.78
83731,57087.434
145872,27683.438
85161,50075.29
134831,18360.541
19493,9762.604
23388,13659.385
59363,6661.292
140886,10465.522
104702,1684.0562
15327,2721.631
66290,6571.257
136850,4627.2354
1308,184783.2
109798,9101.36
59758,7891.6587
21330,125056.04
66778,11284.285
17605,33433.574
136256,50513.758
104205,29113.525
68676,39391.254
14423,28106.398
7211,27450.707
38096,95593.625
111108,79762.195
85975,16057.572
22876,9757.785
100838,3741.6104
65329,104055.87
96804,33846.77
131672,56520.4
96561,7185.338
123153,6353.9043
113159,16265.839
58575,13090.544
128235,2155.5457
6746,23159.07
97389,4253.138
53497,83196.805
108847,25373.676
89675,4964.2515
143258,15470.926
28888,16155.588
103740,9908.106
52999,10119.372
140318,7722.9053
93163,26047.049
35479,29260.48
23964,20349.672
90666,12341.423
129821,19431.723
4821,50792.207
146213,7597.33
37344,46405.953
69836,3835.624
1942,3022.7231
6344,6499.1875
11815,9445.91
8041,55731.246
141121,22243.717
67737,8656.931
47138,36561.285
85222,13645.851
32834,7711.8823
148092,30387.574
28539,5050.501
124242,21400.86
135706,9550.677
54480,20934.703
79082,8388.852
112040,8822.461
22010,13607.388
30315,11087.282
10033,9335.684
119161,83993.63
94218,3126.0376
73646,117050.13
146816,113290.914
84839,91356.48
130700,46140.93
54983,24159.488
2646,29327.65
57028,20287.709
106078,55913.438
91274,26005.248
138189,27058.812
140309,10793.533
119759,8121.1304
135180,37593.133
16995,27031.602
104196,12538.206
105228,25286.766
90400,30738.355
52432,3284.3394
70501,1044.3363
3909,8331.368
76030,19954.729
121870,5665.3125
128281,19448.234
4663,43732.74
97309,12940.973
84688,8434.613
31751,5729.5483
7746,19824.441
85162,10284.238
12451,11648.494
94932,119778.445
50799,4169.588
18621,10320.2
72304,11538.67
63929,59304.6
144807,68549.04
9166,764.8571
63838,40925.254
143703,41384.55
64313,14152.063
43139,182143.69
46099,27484.96
99521,11059.809
56144,28774.398
128775,1381.5542
60273,3451.3887
147554,7897.5405
145834,24891.229
93721,12898.931
9464,37999.184
63671,128678.31
148846,2415.2542
12700,25835.238
138321,16765.816
102576,2914.749
43842,5744.4956
4235,29480.908
107898,23479.299
2726,5986.62
88593,93520.15
57876,67691.805
124149,142896.9
92572,31702.164
9883,59007.348
18911,34929.664
142145,8378.089
139175,35418.63
67576,11421.308
24711,19736.684
34164,2272.7756
125987,170722.14
69187,2086.5332
34004,66042.82
1629,160767.92
25076,3784.514
94077,49612.18
34721,7315.9863
83013,7364.1133
48577,20945.4
147820,1814.2396
119900,10732.464
40263,116070.64
98994,39054.39
102804,138375.66
78447,16960.24
147555,10952.962
2772,6801.1196
55708,3376.1877
5892,10010.326
63246,78590.26
91564,17318.049
102334,197113.92
143387,29677.893
89830,35471.008
145719,61474.984
79485,19124.312
62408,27674.385
125227,5812.6646
105198,41209.855
100998,139975.16
21516,54488.348
74826,4974.1406
5622,12423.445
29573,18090.438
105802,7198.226
18237,14180.48
30559,76806.06
109509,20652.166
147700,5789.4297
74418,6581.5117
135722,24910.994
143255,5924.107
64612,16202.199
8148,8547.379
123680,29945.127
40576,4821.4644
136146,123304.945
69924,123197.51
14743,7687.5923
100834,6520.2764
71286,51102.684
103647,19173.125
24437,11722.478
9681,21505.424
87856,7033.6875
16235,6965.698
131685,15297.339
137994,4596.379
103723,94184.17
124804,16331.331
102341,250233.53
56292,89387.664
129046,5318.194
115466,7734.318
95559,51463.68
27408,54240.527
32908,39676.203
99653,9772.203
128678,50754.863
111479,28660.049
28872,8665.073
20535,11894.706
15289,29438.227
76203,7274.1196
66398,22986.467
78803,15543.758
83151,19987.074
16580,18577.008
122160,16750.328
36040,29763.617
24545,15975.304
118243,54019.18
58524,40308.133
101020,251215.6
141253,18216.828
109829,84293.266
142649,30759.04
60330,256531.95
54208,17727.955
139436,2822.0093
129206,20032.06
126574,81264.5
19232,8553.884
111804,9180.814
131344,23349.762
145543,2736.2632
122775,15760.526
74664,6653.788
118653,149454.95
1196,28863.033
19112,48307.242
21685,44348.758
109886,67255.07
141302,5819.51
98284,13292.482
92720,45808.047
9404,57518.273
113389,2953.7263
87437,7621.5864
4420,46934.754
126556,12817.464
107859,4657.262
46774,10333.219
24761,17852.637
90787,1156.5378
107005,100218.88
64316,16879.049
77888,44388.64
62440,76046.875
75370,13630.456
90959,18103.354
50318,35577.58
86294,17681.658
23058,76616.25
70144,5988.2905
137805,12262.786
147233,22228.152
103916,7923.857
108097,40935.363
120841,19098.545
25418,64158.336
67554,4442.305
133835,142589.27
41496,1083.4174
35472,92739.414
141766,57787.117
133908,42630.727
33376,38248.863
83125,36397.145
138316,33586.06
3248,87890.05
130384,23049.05
92638,16443.668
9941,39062.46
108143,251591.6
79393,13319.237
47456,1982.8853
88859,57236.7
70744,53339.656
136738,7842.9434
46480,25223.393
62466,46256.793
10323,29357.3
80446,4973.5127
101559,21162.318
30042,1346.8735
24414,11499.919
61821,154400.72
10352,16435.041
128501,7380.934
109359,39793.418
139153,29265.826
56538,48110.137
131207,36920.36
91752,82756.25
36651,11803.232
123857,32289.273
81805,71711.64
117511,37930.8
79465,6433.508
62997,5684.2095
106626,23423.205
91791,128401.15
17847,5648.9365
15754,49796.832
139818,16140.677
31573,36579.445
45363,19204.086
10283,6346.9307
86885,35598.125
17276,48887.973
97913,67369.055
55191,32635.418
108025,23062.402
81473,48391.59
112449,8552.227
144339,36384.855
123052,1152.9672
98107,12716.752
130003,6102.111
43799,189936.11
36260,3345.4487
17279,21161.871
119126,22058.9
109236,6657.2485
8738,5888.5854
114013,6074.657
91284,1690.6534
32549,19845.377
91132,4779.167
18983,9368.431
4007,68884.87
3241,41247.465
125101,19526.418
59920,8490.325
49134,144578.58
18355,134896.17
10586,6225.057
122081,923.92316
4588,20096.969
135955,46634.19
72211,9544.811
96139,23524.494
72074,63681.336
128640,5099.018
33854,13727.455
25308,104106.63
54004,5154.1885
145114,21219.404
23377,6224.176
98109,10334.675
76230,111775.2
132899,7297.813
35025,80931.305
89567,169564.94
141526,16573.9
74793,9422.264
115603,28326.79
62804,6390.014
128127,8472.361
147821,7621.218
60671,21932.18
13330,18447.97
124869,9037.103
106229,44809.383
22374,31368.299
49702,495672.53
31996,23948.518
126573,23649.367
5874,98462.42
72343,84634.63
139345,34990.336
47680,9815.804
38281,60249.465
34619,126976.875
60217,7396.5894
120729,125231.03
86873,4266.175
27894,161882.05
94203,16035.994
16102,1116.5192
57985,36935.316
6805,4674.426
105549,45266.57
72137,3960.366
99527,24182.373
25839,30272.076
146699,11015.885
98739,24590.105
93549,17965.451
23961,31223.473
15066,124114.09
40926,78372.38
17753,16500.346
37131,9511.937
36493,2941.484
69959,54494.492
33299,7275.811
145475,1532.7301
15225,204900.14
60691,42939.926
15886,93692.16
49841,4329.0176
67535,2768.4717
28964,25391.879
113110,8688.905
26371,3534.5352
91358,7859.5225
40243,5047.131
104609,35165.418
102113,9539.502
56475,31048.555
129584,272752.94
80785,34610.51
53040,3639.1675
53246,11788.61
30557,7207.035
77147,13348.41
12852,8851.21
134407,34878.848
16806,15604.922
74410,50381.68
38968,53301.3
93851,42001.1
5897,46496.2
125480,19341.256
79295,8052.929
5685,25309.621
41181,3842.8413
147036,2617.3306
28115,7938.051
105686,12000.44
62816,68723.945
112781,41088.223
105146,91939.695
77840,6454.5635
83865,5851.6167
30132,6496.786
26548,44265.023
113150,161365.52
72928,9663.863
144646,4185.655
119089,28630.63
47831,39303.887
64618,2549.1562
106855,21239.69
37773,12975.285
125398,8881.539
142626,13907.427
122624,40494.547
60867,13597.836
56401,5395.227
16815,100153.85
149045,50773.746
45787,84763.13
91075,3935.4084
21023,14051.427
106992,56876.992
20090,6738.648
105548,15597.508
40179,29498.459
71020,53909.457
42481,70027.84
138793,102048.51
24940,31110.387
72372,57204.793
119144,8410.429
49049,5359.0317
101122,44362.707
64569,2785.5156
65193,2415.4734
17135,75070.72
33182,13647.443
114718,10363.373
13114,26823.604
35010,2095.3987
53293,17425.514
54501,142720.16
35782,5289.3916
70513,1531.3103
65647,6329.929
121654,25451.541
17294,28419.73
56821,100243.195
4538,2625.6025
39344,3710.6523
30124,17709.633
44936,2855.8164
54123,11224.217
67985,21610.193
131720,62466.78
125932,120423.914
79668,13121.721
70034,66886.19
44173,3976.027
8953,11724.733
1550,6541.369
130015,34523.465
47850,193395.3
18337,63234.316
101434,25058.814
16574,69131.54
78822,23504.666
43424,15931.481
108974,39492.793
63473,46152.87
109046,13167.619
133281,8985.59
99616,7513.5713
87847,4686.699
7744,94063.91
47899,30775.46
1835,79517.24
63874,165603.23
98003,3559.9692
146859,144268.33
21661,25719.91
74032,18701.135
77897,48924.645
63449,17110.422
83138,16516.387
129552,26907.346
131619,43023.742
120352,15992.305
12142,51932.402
143245,5672.3975
147279,57510.703
8946,37639.8
32928,4509.161
98753,6577.252
86709,6970.3325
74583,56000.87
38375,9767.719
147362,8145.6943
35011,31015.656
16591,4834.437
129337,10122.753
127397,91294.9
69292,33243.965
61953,58070.74
30793,7709.162
137098,113709.82
101788,10867.769
109520,5327.5835
129711,3967.231
66628,76744.11
123078,33100.867
32494,8217.675
8276,11971.921
115489,8899.964
100040,4336.435
143323,25619.188
19012,68871.81
105695,46793.996
106961,30985.852
149276,3978.0027
66675,27096.645
105184,44390.266
4946,5119.5264
130106,3895.3523
57241,20443.898
81109,5047.738
59500,12491.144
141769,14795.343
41469,12657.147
110938,10229.694
89568,75177.58
29038,67230.57
90134,6705.551
131892,95267.36
47276,17427.568
27458,18227.674
42063,11376.1875
87945,6407.1963
56409,3432.0754
74078,13333.313
134966,106989.57
101960,14490.945
116533,32453.594
66790,6913.21
79981,17553.271
6857,32890.242
10585,51303.3
50632,41131.957
62801,406551.8
31258,28398.746
21211,164212.28
142304,122801.2
5171,23297.426
84927,64773.375
17647,19142.365
149075,7451.9014
119516,18747.22
64167,7699.3027
52115,42238.656
25393,4462.504
86990,139119.02
112213,16246.578
8182,18628.35
118584,55273.324
111262,12089.426
50461,70755.01
32926,34994.316
8899,118629.734
139932,1110.1544
6443,8050.026
100087,25632.803
123989,4863.9424
54868,15442.856
143058,14855.656
51666,7907.585
35404,14373.559
98420,30907.441
77814,84308.22
108666,19221.365
36034,32360.186
37228,24675.156
121340,14908.901
86872,7524.4434
50376,135671.88
11585,11375.99
13595,90095.72
72657,17867.316
59332,10550.499
123103,2422.9658
110127,51143.87
54717,39385.668
44432,1195.2377
8516,6307.829
23114,48640.28
131770,18469.76
110652,23018.266
11496,2318.483
134651,8376.606
143839,4701.5884
5969,2902.9805
81003,137751.86
48883,28175.973
116168,6372.6685
2168,2674.253
70928,103490.62
70111,21572.627
74763,5557.3936
33807,83212.9
117562,11445.276
110914,7061.291
71297,95514.18
117190,6979.3896
25255,17447.473
50961,152521.84
45827,40832.61
140016,88890.04
125560,4873.6035
126468,13834.515
115013,33152.082
131628,10646.47
16640,20162.262
141550,98749.96
27696,77637.516
39959,133299.62
96661,6851.307
101140,77729.55
125500,3666.218
57948,376606.5
96929,18534.6
111275,48783.957
103905,11017.147
110146,41842.4
89861,11082.529
10579,8148.228
35273,46750.6
94781,80074.01
61283,49897.832
113439,12666.814
45985,155000.05
117630,3438.7964
5629,15709.847
115036,26092.025
52659,29808.934
93109,7067.998
76891,1662.6619
145522,16429.547
135878,16332.309
108562,6926.418
24885,14991.727
47941,8602.046
23152,9985.174
13393,43397.395
112683,50730.7
15305,79147.76
19880,40016.605
71801,17276.885
107429,15677.149
104908,17259.287
114133,18750.738
147387,20835.691
100851,9052.359
120575,15595.056
6135,49722.414
132218,70142.73
110175,9003.55
19074,27554.031
105825,28433.05
16422,5024.994
53388,62413.8
4284,21602.812
56465,36061.984
16768,5469.4585
72285,29468.133
131600,5292.4033
16626,11700.318
40755,27791.943
41546,8107.1655
57601,18202.436
50787,165220.36
54217,50546.223
96533,866.0011
6239,69974.37
84764,58789.316
9722,55353.12
100480,3480.6008
95465,3598.8962
59586,6469.38
35459,48610.46
38742,5958.3174
112935,8050.259
63122,23075.342
146805,86350.44
63025,124066.76
41347,7017.5566
132701,20619.629
135289,100363.72
133838,28472.686
82697,3978.1643
103635,37445.254
18393,12675.832
63267,9462.244
118458,35312.35
77805,4024.3843
112177,51842.184
130196,28445.625
127001,17380.85
23970,78018.055
101271,269902.78
17251,20472.016
144717,8963.028
73511,43487.715
29072,25358.127
74160,4687.9775
65319,147083.36
32543,8697.269
129155,4711.698
77377,6081.791
93781,99624.15
38626,36972.273
64339,33028.125
21018,34643.77
114005,16732.705
4467,27775.957
94687,45638.355
24669,29011.93
2035,13069.844
58519,12649.58
99312,49168.664
81636,40857.96
127472,20052.379
149042,71016.016
33889,37046.27
82845,15673.439
102911,33089.21
100458,82324.61
99097,7029.8516
144289,37044.664
102231,40313.816
141103,41669.69
19027,7691.0146
134699,25173.998
41069,77155.5
89250,19855.404
66472,177123.98
69727,21942.89
21904,36455.266
94097,19280.96
54627,5733.163
62881,117758.375
65029,6082.8745
15079,8855.671
64741,11390.718
115585,15129.638
124191,91933.5
72692,76685.984
99771,15864.869
94516,31024.408
116074,18901.371
70272,12269.231
82347,14298.497
108891,28308.72
120356,2312.069
34333,24630.836
74146,20282.135
55366,2301.4407
59436,3415.031
8789,4881.696
44890,19355.154
118706,36998.72
131071,83452.805
149581,210318.45
50338,116936.016
50303,8164.6973
82486,27146.766
79030,81560.67
119053,25063.006
120437,9422.37
121305,16303.204
11746,38986.438
43362,72030.45
132586,4091.9517
112646,17930.191
141508,34783.94
61665,44697.14
14389,31979.121
121045,57088.55
99044,35096.24
121060,12698.836
90041,181270.14
133179,21968.018
18126,66004.37
81568,3497.0637
28201,49619.63
73184,26021.633
24832,7360.984
149833,60488.79
91665,16749.666
49914,64352.65
114491,4181.8164
104059,18997.387
66300,4358.684
132965,28633.662
65926,10248.726
25683,44158.46
106807,9028.014
22261,6315.393
83045,10063.188
63580,23720.295
47999,9215.574
51403,16112.161
80124,19596.52
118093,3264.644
19658,25813.229
126141,11490.02
147693,6155.865
51192,60310.305
725,16553.842
142,13609.399
144930,6144.169
91633,13315.543
72172,2122.9197
82931,37459.152
19458,52487.504
111211,10255.3955
113676,5205.927
101048,10794.82
24331,40771.9
97508,5932.643
83575,215496.6
86305,15859.147
119216,87923.06
23804,3289.7646
141379,692.5102
90535,135681.72
130174,30958.936
33549,51911.48
105632,57117.54
40880,1785.4321
70772,11445.94
2204,3349.1821
112651,9192.826
137403,64429.406
4021,59467.645
127300,27121.781
114431,10840.947
39756,3755.5886
38559,27373.633
43854,9636.476
30150,18152.316
69036,75220.086
95496,6899.233
140612,8768.125
79899,14282.406
89846,3056.0486
79997,28223.824
67701,18545.57
1743,1853.3865
47264,3456.9377
122492,45231.4
133371,458.33398
87618,30020.488
18817,3955.011
144827,9218.617
132960,57889.586
147193,72466.7
140325,26278.492
67586,23571.54
102487,9876.146
41489,27066.059
1532,16696.33
114859,44964.406
56622,37383.016
43057,169471.5
15952,59029.74
16798,33570.297
121938,9503.238
87263,10322.871
105071,164998.28
110537,66521.414
110687,31571.66
3698,2993.2773
122837,93290.74
89972,4457.398
75545,234671.7
100701,8597.679
129894,4508.9746
10921,39468.887
129176,60973.21
67584,15915.837
67544,60259.703
109193,75585.59
141101,13853.423
82113,19250.654
41447,16577.893
95100,13529.035
136701,70029.164
1344,28556.78
66734,26829.338
84003,85851.38
94601,17478.504
10800,5504.6743
120233,18376.516
42794,49833.67
145149,7703.64
137804,9492.336
134838,2394.4583
146202,21953.89
123135,88327.695
138994,36372.965
7122,40279.203
102722,3982.82
23262,17053.842
85330,128943.14
83169,10347.897
17639,49073.562
30983,124803.62
91600,107225.45
1694,36264.508
83710,247634.44
147234,26049.627
18891,5621.9243
105837,10448.86
95119,2793.6042
16764,70294.8
135831,29567.238
31859,10813.768
67111,29845.857
123818,96134.71
43764,14255.741
7862,14303.091
135271,3686.0803
144606,28696.996
134953,3345.4907
119470,70888.945
99965,12253.358
144763,9293.886
149986,17471.898
22645,49713.69
99412,12634.23
73365,29673.178
5211,216515.05
73695,12461.247
6023,45526.203
126990,3079.456
122679,6010.966
48635,43690.863
99974,16739.863
100787,10179.153
59130,7253.362
112955,9514.98
102714,37657.63
148528,69503.695
93900,1306.5735
46942,5501.8667
78048,29279.324
148858,58108.36
58987,104575.85
66517,5573.324
24037,52609.918
63550,11406.552
88382,99829.81
33208,20040.883
108629,28987.607
113252,32700.111
116768,201729.47
133861,96978.59
114069,2573.8418
90741,39853.113
132780,70032.555
1349,69018.51
48569,68132.11
104396,46477.11
8331,33144.25
36817,3376.5178
72054,68870.12
29772,7845.391
13005,29221.646
111656,12409.493
295,44441.29
107373,35073.05
14948,33608.92
106605,24710.814
92976,5836.4863
121101,13158.087
83281,83395.78
122375,2985.1758
119819,24487.139
6108,20873.463
120347,2555.52
16643,21048.559
91649,112475.36
130612,66202.91
12767,12493.25
96233,116286.625
2712,20142.3
127009,38565.76
112201,118047.23
22248,254044.45
23447,4979.253
122716,4346.3467
44381,38632.582
51653,16345.367
127640,32487.104
94159,150026.2
96120,17818.27
16949,34104.223
103236,144957.25
14092,7573.061
109512,42348.02
39829,13211.608
74223,6799.0806
120540,21065.02
97252,15791.309
105662,15483.286
106769,12273.232
39348,15748.471
70293,17921.266
98088,12738.912
1616,61137.44
9803,78122.22
18130,61363.63
130282,100697.445
63602,32523.154
108318,53409.375
108698,6120.3086
137483,13048.368
85104,4689.549
29348,13894.628
124366,79868.81
52868,96396.56
1521,4946.807
83285,36851.69
18175,214772.44
147284,19417.127
62579,7932.168
64270,11708.71
63350,53588.203
138753,120106.86
26214,11431.108
3474,184014.47
31154,102927.8
33878,86374.61
74327,25922.297
48924,52371.805
990,46325.47
80464,27818.71
79245,48850.84
127617,244198.78
14520,10944.009
2684,29076.764
87838,3283.7642
30214,75538.914
13694,3949.876
89474,6429.901
37594,25089.408
133013,23897.639
129769,21633.498
40969,22651.104
52972,4554.102
15843,35960.42
116431,12460.056
102975,19409.3
8176,19603.383
1818,79042.98
131211,20786.719
86288,32064.947
11958,4757.458
58653,5061.0312
20937,30321.621
49349,32928.824
148591,20209.639
31942,21273.066
112291,4203.0186
58393,19704.63
79553,3625.031
3473,7836.072
76403,27000.72
65899,14097.423
108317,3114.9568
123114,65076.48
12995,12719.204
77512,12861.062
101146,154411.67
37245,4361.07
124355,49025.27
4052,19812.361
32839,15922.135
69138,10018.818
85776,13133.454
38325,23150.63
48600,7676.823
30218,13667.265
65363,73291.0
45396,101293.08
30601,10795.5205
39031,96856.88
121043,49044.99
42343,29183.416
93359,3979.1477
42125,4957.058
8761,21747.8
123198,17039.705
22680,52049.426
76216,39487.082
100134,46748.0
67936,7858.112
42337,6229.7554
50589,7503.735
93313,6464.964
138433,26028.62
1707,15383.53
22807,91262.51
3286,6831.973
16957,52556.68
20144,5742.094
10089,14842.831
87427,13299.137
136924,32003.162
95964,17493.629
142094,7802.7896
92452,3988.2786
144384,54533.93
104195,8600.93
116391,2124.9458
9059,86749.82
64688,32831.727
122412,12889.6
26591,51517.566
32310,1787.8822
60374,10396.823
127372,1557.3564
40521,20155.818
4777,9192.447
82417,47711.797
96680,12422.784
110639,5317.7007
132000,41899.27
91770,5938.972
134352,3688.5115
134873,58022.707
8644,114879.984
147581,6896.878
106603,5443.7725
92848,9844.245
26315,2919.5957
100571,5006.6865
134426,54170.52
49847,61347.52
38799,19298.29
121768,94166.22
82310,20044.518
33053,27670.713
126661,9066.356
45784,6334.7305
144896,20460.791
141661,3527.0557
88161,140881.92
55771,9220.211
94669,16155.394
85691,132272.38
140206,6449.894
97336,154003.77
97243,19576.588
8911,49836.156
74723,1696.5088
31704,31663.17
65314,40710.652
133425,25969.102
118619,37205.1
51393,2473.8079
34943,39919.9
104302,42892.66
128594,25055.217
21882,11255.258
14428,57919.977
63696,19095.996
119681,38875.004
27381,14659.797
67431,35244.664
15392,23420.49
39698,60333.555
94229,8401.503
83283,66295.91
68900,11142.93
86135,4236.151
31548,182744.36
58842,26030.275
49556,67449.64
49148,49979.06
50834,9817.669
60883,34288.92
106211,5219.831
122419,947.569
13217,18087.752
52532,7358.4087
107798,6159.387
123098,62635.16
73296,5663.4473
17655,44437.348
87040,14433.673
89267,6190.135
116803,48359.363
22965,11772.056
116981,79974.06
76232,13732.256
132624,64164.105
127588,14164.722
76098,48115.055
47829,21878.154
86248,4050.4934
46582,34683.41
11545,122762.95
10011,9677.761
117938,5890.4766
88045,8238.626
90106,18521.445
58213,24451.018
29067,11389.044
101982,64129.43
43101,8847.457
119298,10310.009
84984,24180.025
39688,109940.75
50290,211143.47
74802,7377.7007
129938,201577.53
119564,3361.1433
26281,3872.785
34112,315073.47
2494,2180.3179
95704,4810.5093
87288,5079.166
55593,21494.8
53838,4352.229
17614,4278.052
121172,12101.309
75809,17314.51
126888,77618.57
66045,51356.066
44954,91635.42
27830,22984.54
57145,6266.7944
78969,14580.078
71585,8563.389
100500,4988.5933
75095,160559.9
46540,243448.83
27838,3708.225
116150,8185.4863
134752,5998.894
76952,65539.234
119340,370984.72
103396,133054.19
118578,154867.62
32162,4513.552
1413,51218.684
143878,30024.562
66864,168784.38
74891,49841.863
67707,8547.865
110673,93796.555
110807,132123.38
128460,5569.405
146806,4720.0815
23031,862.74976
9715,21264.564
106753,34602.508
149080,51171.75
119318,55179.867
97988,103499.414
107354,57180.598
142013,6769.0303
72293,32466.438
97164,33814.04
83923,32196.818
37318,22708.594
149425,68652.47
129999,3098.0466
47793,55619.008
129632,22733.467
111843,66263.22
44563,88429.51
139434,4082.7969
36451,42308.402
45122,39268.82
40166,3601.3616
140564,110272.38
87504,19776.508
120987,78327.55
105885,17621.475
145110,19785.93
128291,12674.119
19898,7750.278
96564,21270.89
71738,15265.066
67780,14612.751
46246,107660.28
119369,8271.464
14836,72572.64
88904,8905.148
32619,32144.691
24875,24241.793
104350,10263.145
136471,10346.476
59351,72941.84
120353,222790.27
92695,125456.73
118582,4346.316
90508,11558.071
73145,4154.1274
92880,10674.604
67105,46995.535
6821,18549.557
62155,2833.041
54141,9099.778
89885,43718.363
79779,53553.344
104606,18178.066
95456,6940.3647
18166,20801.94
66263,236333.64
87106,16051.5625
92289,113689.734
97479,157705.5
43298,8935.826
3824,103262.93
78248,81362.79
20685,5233.0845
112052,139862.47
103322,4824.5977
110160,125653.01
123877,25606.867
34907,48364.477
3195,6140.797
12444,18750.918
109299,3289.1577
62559,18447.824
105709,21315.127
118239,25960.838
147532,4051.673
125670,49452.453
29340,35990.312
32291,11336.33
6897,20118.797
111244,16119.805
29046,45230.543
89520,12495.257
105433,10032.498
139164,144690.92
74534,5509.2803
142995,17739.07
118341,3432.1912
42034,11465.378
55754,144944.84
119807,12469.342
77299,21829.814
51120,8848.754
12898,12467.62
20240,12837.599
36012,147594.62
80710,9560.355
51945,11216.057
81955,27363.902
124383,5530.162
140444,41950.54
51464,3377.66
55524,31951.262
24810,7299.0083
56802,19276.264
117182,55968.48
48436,68275.266
122930,10673.193
85036,358863.38
49251,46721.18
54629,18035.244
22955,93382.555
110800,4412.869
132115,53397.266
118011,2286.0059
41445,1736.3121
139156,9865.746
43434,103458.78
111282,49488.883
91320,2916.6577
120813,15537.453
127073,36188.184
133024,69008.96
1963,120966.88
148526,43851.06
87108,5710.237
67773,17646.291
57043,10483.672
142455,6394.4517
100866,27720.96
122873,54439.645
66985,3228.8406
108473,75644.28
82804,10510.959
149274,3705.7654
40190,8323.799
145425,47377.887
29291,58409.03
1493,97203.56
88420,39454.727
25507,38502.64
88884,5657.855
37663,39291.492
127437,51110.965
98467,38782.03
85016,3413.4934
44793,32145.086
48935,179056.44
78910,49511.574
85592,56640.86
30829,57013.344
99964,12122.08
115969,87214.79
18492,68439.18
148993,61058.984
118716,5560.695
56222,19731.773
28279,42805.145
132555,23718.26
42179,39919.055
7216,5904.0845
64462,3656.945
63202,85587.375
98579,13919.533
39974,3823.9578
111662,7071.233
120966,6012.0034
137363,2058.9004
85064,86136.945
122809,35400.33
18539,11931.278
54304,91504.16
127546,14558.595
3171,11772.989
110278,14589.009
19212,30629.666
61477,127870.25
52001,29616.262
112329,74478.266
45913,19283.006
92164,4179.7197
37958,6653.565
90931,10916.043
62496,72825.72
71364,19688.543
49323,60380.688
106600,78047.37
4880,57962.094
120654,13569.874
16438,8271.175
133849,14983.707
10035,17854.756
72420,12543.945
47756,41863.19
67042,6941.2695
20185,40207.246
121744,174686.66
40237,133904.98
97598,36907.92
96982,10522.38
74038,95627.92
75862,7848.6377
83850,41684.055
2456,22819.498
66842,91934.24
118519,68489.08
68777,21054.352
29949,39312.004
149752,16056.883
75325,5581.972
145030,39177.137
101309,9057.0205
31700,31984.531
82197,77015.88
120767,169427.44
89689,107678.15
11770,5750.673
120529,17127.432
87615,8431.27
67753,16261.702
8542,14707.165
39869,35364.742
95991,121201.89
39266,29386.844
100095,7779.7905
120189,104029.375
77306,5707.955
95117,7711.639
140330,4776.0576
24595,15799.56
105737,2501.2205
9759,26586.406
18796,5657.274
63538,95186.57
47797,10954.276
108546,40956.344
111959,2313.213
75691,78307.65
129115,19491.348
114085,47131.973
146627,160378.0
19764,19053.438
40122,6556.5864
65507,46044.57
93473,6715.1064
141035,83693.68
1515,21132.398
54024,85522.14
60353,25062.014
101891,99059.82
106495,144266.81
31936,6957.3716
99482,13463.116
21288,12896.9375
138360,9307.537
59756,21873.629
118137,5782.5205
142640,8804.879
127434,10948.341
94407,30410.21
43340,65678.96
33997,32564.307
103687,6045.345
108504,5640.8623
