ID,price
143332,60300.625
28423,136442.52
28103,76107.28
106424,1374.2338
131956,8040.1953
104168,5121.844
84710,72142.805
47148,34076.957
109086,15648.7295
38564,31395.771
149899,46449.312
142786,65585.945
112470,18146.125
116755,48216.766
77001,14826.414
65836,3904.353
140731,7634.5786
64633,36660.684
25632,6954.094
61151,14133.155
110265,7444.0176
124734,13157.99
139328,53396.61
17408,24978.607
113078,141475.53
27431,33893.516
86160,31552.969
90240,3977.5815
125746,8392.809
67233,23002.438
12727,1759.6963
27297,103119.79
100107,30644.645
78057,17797.838
120699,3864.3196
103773,18316.56
83526,5546.0386
117882,24508.924
95656,182256.31
115883,174851.55
26964,85613.03
100993,22873.75
78237,34117.02
25657,4918.545
47813,12606.366
22145,16773.697
90629,108507.95
84591,45207.81
124399,13720.116
28464,8908.234
128984,32206.52
124945,26293.918
112601,66163.266
26603,5212.748
86261,128616.164
109053,27544.402
80297,12048.458
8340,5974.308
22349,9192.193
122786,41643.84
144859,4047.2578
66345,25093.219
2404,6430.219
42737,14214.309
65365,899.89984
44842,4912.475
75876,38696.68
138784,4216.547
107468,26086.55
52770,10943.507
94727,18022.535
83223,25852.852
31989,82936.01
76357,2349.366
38048,15819.557
9150,17485.373
115436,10084.575
136105,29879.04
85939,38093.168
68193,3625.7087
80527,333925.53
21790,16058.821
82148,19242.658
20485,102932.07
37293,19481.764
46932,74516.76
90941,14554.823
57365,38166.523
22635,16100.63
73830,74301.35
41479,13820.627
60507,1620.0787
137274,6287.274
58305,52575.215
101931,2305.4478
43195,82775.945
116633,41257.926
46402,7885.0796
63165,8344.588
12219,22600.988
15562,109543.72
33702,39076.33
3982,49036.438
55637,74498.21
122731,36038.64
51374,6252.589
8199,8369.869
137197,4941.1875
106088,15303.139
135145,34209.746
145045,1736.499
87997,5624.6553
44903,39279.965
108112,11348.21
25933,15102.824
146773,7705.3784
55470,30460.285
50249,4627.5073
37988,76999.85
53408,12667.763
141587,17110.416
23763,5245.882
90583,12934.126
19691,5405.5874
25354,56035.83
62963,17208.49
68954,7203.607
97372,42113.844
56003,136664.66
83515,25237.623
35304,21006.023
63270,80153.06
1218,68072.22
54427,30321.893
94965,2928.2498
16127,54827.312
11747,54996.574
64979,32135.893
63750,52882.86
112386,131597.12
135958,7591.903
146866,14975.681
81139,1098.635
40148,143553.17
135737,71522.36
10916,175508.0
141077,7759.0186
110386,14157.945
24837,100479.984
19398,32628.494
8577,15375.931
39185,36275.156
129153,11568.066
7858,149240.2
30121,25451.967
60169,28299.36
119343,9947.106
139982,33722.004
27181,4390.7544
46729,27484.533
133220,14622.099
71246,26364.785
62621,7826.1836
142617,33300.555
65520,13533.015
91638,64397.105
90216,78370.8
114492,3646.0986
115092,4267.8745
148524,53523.22
42403,4022.2273
89670,9712.072
97981,5758.1294
137222,5876.6396
90975,13862.168
129567,29502.2
106711,23315.482
131989,17650.977
128743,9429.048
28891,4801.928
34485,4356.045
94538,26203.072
13977,3012.0955
84937,91673.5
46935,7055.665
55980,7401.7407
48242,11414.358
134363,47459.473
40171,7659.2607
27922,30112.732
23901,58414.758
44060,16602.266
105829,30804.36
88882,10280.194
17796,29768.281
54391,16053.063
69208,9652.987
122589,154745.73
137571,14756.687
99875,81126.85
4808,6956.4434
34148,11470.783
104043,30923.584
53610,31733.143
11982,9579.639
82591,42536.06
55809,113213.914
132867,32748.66
21270,12288.371
12666,23535.307
107852,53336.652
12438,8940.705
59712,12166.596
83009,5263.0557
29889,66240.75
39491,86.15019
22054,7166.233
139139,43119.42
142974,101543.21
141853,9756.164
124850,24043.877
88968,119869.05
57929,22702.135
131564,5928.45
18025,56758.633
98108,17657.62
81113,72064.3
33858,6801.938
78981,133506.39
143825,3388.3386
141046,40598.91
96871,3647.7148
87440,45489.51
6117,12062.074
16956,7823.32
111755,8202.712
95914,31484.488
58664,5047.472
145503,207.89317
1473,8235.788
95776,70624.75
143996,31522.27
107759,8748.681
135471,17054.754
136653,40107.54
128809,9101.252
89664,28551.283
96852,133435.27
72202,36842.355
37918,46564.293
21105,12830.557
34722,9351.536
141237,18953.062
1857,32760.234
149609,26834.678
130465,173041.88
7687,8113.475
30639,33065.18
71,6351.1206
127003,52993.676
100489,23452.969
44517,27493.28
5601,7527.9277
146158,6980.939
144614,10203.815
8189,27822.377
117894,17996.31
58328,13256.713
10292,7860.695
130807,44924.94
75343,40349.36
76004,34981.57
26894,5782.796
124381,23988.4
103662,18174.822
113306,13788.433
47483,4042.1902
75676,204351.4
28043,13409.035
149755,12197.402
68409,3001.8054
61575,77929.99
78183,18360.38
145108,45061.215
147020,28706.996
123232,25279.404
33442,3351.751
144239,53205.555
76639,24233.982
18233,57764.58
52889,53362.324
96159,5331.925
108513,4641.9873
116818,27577.035
94947,7415.562
81734,2865.6582
99068,26210.098
45432,4436.3687
77718,7148.2188
36103,19435.018
80463,20585.59
147209,181569.98
21209,15075.429
63003,36446.27
83071,29909.271
129548,27026.531
99854,5008.661
62727,15382.128
67350,145882.11
130895,8288.231
112438,15045.825
84622,111368.94
117288,38747.766
45889,121537.94
94041,11229.373
111258,12858.217
86067,17870.373
140763,14240.352
42756,8291.613
115378,17050.797
55788,6193.409
122287,13195.427
115139,7329.4434
30320,27215.932
142404,22691.076
33540,18063.783
11912,16009.02
144987,12095.374
66991,13906.517
96793,26024.523
91503,6898.7915
58291,66988.21
133381,38795.926
111966,33903.613
16925,54905.9
43726,93776.3
22231,50853.285
20903,6206.043
17031,13659.919
35021,10012.902
71481,26729.414
28462,177375.31
133862,40114.094
42865,9846.455
74492,80532.23
20110,197842.25
67902,46755.223
53328,212268.5
7035,85384.5
114788,88958.4
8704,194458.64
125607,38107.996
66147,85770.086
47875,7180.959
9240,75675.47
50598,9964.696
76769,10098.553
60789,59469.6
91669,10544.598
110108,6280.9507
36865,25242.59
120637,63160.496
130574,52076.684
748,19010.693
95683,25236.959
20137,9592.329
38453,1402.8135
87313,5990.718
5841,13863.94
32360,88390.336
69794,23042.527
48449,14071.171
98145,53799.414
28011,52224.76
122677,12796.071
25904,17601.723
29643,87227.21
13532,31093.652
78896,116019.98
33685,51329.62
107424,29629.18
51093,39224.066
128724,54603.195
8288,44658.668
37271,12618.447
146173,10736.142
14386,133476.66
114794,19497.35
120060,10930.22
107842,137880.31
115329,20806.88
101754,26886.4
88851,15523.774
67334,3021.6267
94558,10549.183
92150,39894.438
91327,257541.16
118728,2160.0957
105319,16829.445
83735,19913.363
1831,47701.895
81382,100657.88
117489,5979.611
130222,115702.08
40587,4042.6682
84122,47808.484
57744,59038.402
132245,28099.664
35520,70761.375
140284,30332.094
122421,6891.959
126878,32338.232
35370,43244.797
45981,13553.604
132670,9962.888
110486,46110.293
96368,32791.086
29955,18398.92
33834,9986.616
36366,3036.8552
143568,104061.2
149245,46704.4
75274,1959.9653
119280,53044.047
142479,8032.229
115529,17000.23
112703,21211.37
70649,102805.96
70567,10692.742
43017,18997.635
24430,9739.675
28990,5281.495
11736,11711.223
7162,4344.272
45178,19467.766
95480,13046.962
92046,19572.664
19753,28283.902
6926,35586.363
27660,10614.437
118770,4851.562
16077,45619.344
975,4576.857
110509,56045.63
60969,60078.65
60515,18897.38
69198,62597.6
69769,23505.357
80767,5685.8237
57071,188081.11
54853,25300.451
146026,134165.08
37668,132763.38
17285,49285.15
18078,28295.799
85965,47346.01
79682,2892.5913
70109,11441.324
36479,18007.072
107832,9012.461
42630,83798.96
7163,6685.312
10695,2972.211
46648,33871.133
48133,4318.5425
118761,6722.398
116370,21325.01
50401,9609.82
128174,7825.2793
62519,172828.03
28557,1763.7305
49345,7062.737
41056,3081.984
99602,47169.008
55885,15874.299
75582,60351.652
115243,50691.03
82017,61463.75
70516,4282.4517
41674,31078.062
80927,36163.67
96939,4981.434
77405,48933.22
91012,13533.488
51972,151396.0
793,15540.365
34404,9425.501
128953,2694.287
11048,8742.724
91886,13238.179
123421,45440.164
89137,36990.137
107890,33550.137
70028,96190.73
86381,14353.396
100167,7275.0933
142078,160699.7
76368,58458.297
76933,4334.8535
123096,18156.041
22101,13960.944
51122,96727.5
122640,62616.79
110910,60093.242
48815,28741.955
51932,2259.554
135321,81924.51
46117,47212.14
60188,47019.23
97767,13712.33
32595,16291.409
68490,19803.574
23224,4480.586
11883,22350.139
81677,47994.37
39697,14329.24
7775,155222.22
80636,23927.088
53581,12640.453
60368,119336.39
27179,7363.1904
12539,4204.543
27322,51907.156
3049,8331.071
128381,9820.621
44550,10239.724
137907,16469.398
45128,5597.75
28767,58616.484
34656,20166.977
138020,71945.02
90399,13817.434
135150,5336.711
60478,8702.765
129377,184741.84
109054,29573.205
7045,31356.363
1591,50085.426
42541,148630.9
127655,6073.08
2413,36097.23
104852,35062.69
38618,61241.42
4557,28749.36
125861,2652.2185
78770,68856.51
65692,93528.02
107804,182982.55
143693,62048.14
40783,2424.5408
50851,13652.084
45995,8156.036
106906,122996.83
9714,42225.84
3567,1532.2075
42503,64840.42
10003,23918.111
143321,4133.0293
795,28148.947
63505,1534.3461
78436,7160.3486
126425,17953.482
27139,8402.466
146203,7650.4995
95987,3222.7798
4570,2233.2468
85928,4925.5845
37627,28019.15
62687,28121.592
29413,11004.361
31106,25463.768
13570,1260.4412
128018,5419.6646
123255,16244.84
134515,20071.625
102365,75705.35
79857,5289.072
149445,88074.266
92665,3510.5881
73456,737.39355
60908,105311.46
97448,19206.9
8289,3081.3926
110659,24657.742
145033,7523.97
16575,85470.39
135575,16594.678
58877,19271.512
56332,5931.578
141588,50875.168
115359,35383.8
140549,47174.805
65447,82748.055
119030,39999.156
11586,156825.7
16373,27366.016
58394,84944.37
43157,15064.018
79761,29032.611
118108,19884.428
135127,52413.914
13883,84048.92
86643,6630.2695
148873,28171.123
62969,23305.018
17822,21750.768
48143,94567.32
58481,62200.34
56913,62464.938
60202,65670.24
131514,27409.33
37357,6715.4727
69566,5626.2617
95575,4581.0884
90739,3733.7288
74446,3405.7087
54007,7113.2617
92761,4779.0166
102676,23785.758
145556,57730.89
10425,15144.167
122937,15551.549
96560,26352.719
8813,12180.506
39118,36636.02
26075,84589.125
29311,89310.81
3402,23009.822
67748,26634.715
122986,5469.5503
24841,42773.375
64909,17687.178
31208,38665.566
149892,38091.715
71504,19424.55
111824,90087.914
88925,15317.497
9020,17182.4
131411,13353.051
55631,41981.234
17426,9733.656
129854,189714.42
118528,8203.491
90635,114894.03
57911,16861.797
33029,23831.625
26890,18002.29
63378,11413.086
92814,2976.1772
110832,6435.877
59224,72682.73
105422,148762.78
7015,64432.01
97511,24903.014
96965,22408.914
70219,15428.921
81619,63459.316
109675,9707.762
140316,52665.9
79709,6525.4966
88547,20157.729
55333,16058.107
100952,31392.094
147145,16919.83
77186,56444.78
72318,9900.254
97681,9985.245
22700,27031.99
33818,15407.402
111115,102704.34
9187,192601.31
112637,52898.555
21020,14376.084
83221,24250.629
19242,45208.656
73702,70655.91
101430,7930.612
121408,60390.94
84212,31018.238
119132,25715.38
46892,151929.25
131200,5464.938
52029,12711.47
100210,4624.7935
106082,9398.858
55501,61947.164
40554,19022.32
21756,6360.421
148268,9268.131
113771,3900.226
100858,51302.1
3768,15095.798
59118,3419.3928
81694,28721.129
140873,28959.598
138797,6139.856
93486,8904.284
97276,62153.336
47348,56899.457
29149,19793.584
16418,7263.949
53,3106.658
91111,64293.38
46908,6460.867
66141,1267.383
144121,4675.076
92711,18925.256
117794,48043.438
62547,46312.215
138463,125218.78
81768,4419.7915
68210,6450.3643
66513,38132.99
94423,73452.76
5074,23128.861
57497,28280.73
66286,6625.9043
127792,139213.92
108351,4548.9746
5141,9821.068
62952,9384.564
18815,25732.75
146153,1585.7018
119792,6820.5156
78940,3484.1646
145367,9398.442
25319,60808.42
131374,10499.009
90386,22595.037
77798,8692.798
140756,13888.049
86953,95457.95
30988,72977.77
97287,4465.0156
53150,170430.56
130007,3550.3574
29376,7881.55
93380,11753.962
111083,6980.5015
79683,36676.508
22599,12062.778
12696,123556.86
142508,23636.4
10176,9283.778
146156,213220.42
120066,33560.65
29337,52899.133
50947,27912.963
52282,14085.848
10331,6863.067
56814,96844.086
134930,23166.547
98175,31086.338
75946,8227.834
93207,12183.729
103511,72566.55
140064,17834.84
70665,88019.62
78211,112129.84
92308,1844.4318
46269,6941.312
91298,1614.3234
27430,19817.9
98144,491.58963
75601,64964.664
70143,5743.052
147413,19365.459
144153,7494.885
65568,49817.094
13813,361461.84
134007,12983.9375
130111,11335.077
13220,16708.527
71795,5784.424
113088,100706.83
65307,4634.4346
46576,2760.1902
108570,6407.543
140170,23695.666
99696,13687.719
134180,6105.062
76870,13882.055
30233,23466.062
70333,18692.396
48229,42715.184
80997,49190.664
68219,6605.05
63711,58294.027
131051,3273.0361
124066,14452.364
103922,9433.078
24819,60274.125
43811,5889.945
85014,60044.32
18076,5506.719
127469,59498.93
56036,10370.05
55963,9443.929
5037,13118.843
33692,805.085
43894,42434.895
25997,2693.237
118752,30486.072
58334,12175.202
39450,35665.066
108011,903.35223
116152,5993.0186
26091,9817.243
78212,14089.285
61209,46512.88
94272,15125.602
145961,61111.81
84606,19006.928
26853,21925.988
79738,32571.365
21093,6979.0273
133842,128714.79
56570,41780.85
10642,140506.39
115184,6019.957
19767,14942.116
40572,184334.3
14304,17516.586
10510,83612.5
1899,93722.41
81816,2374.4146
38476,59944.75
50020,4866.168
85303,59926.33
40281,36804.598
43738,8104.8667
52332,35820.203
64902,7692.914
114242,61054.56
25786,9726.06
11757,6944.5205
55764,68769.15
106983,130467.85
112647,159570.84
30755,8177.5405
53115,4888.682
136629,13083.973
128538,12410.687
20605,15831.767
56288,86095.2
40526,108896.58
81940,1303.4205
41620,280639.9
47929,62135.71
80918,74360.18
139080,28307.938
49269,23228.498
123517,40643.523
33995,21566.54
36340,4715.0356
41828,9227.513
106785,9448.594
74266,170104.38
41216,36583.22
105680,10587.279
141407,18000.451
56154,4572.9688
5294,37859.098
134203,33398.39
77796,27250.443
72396,53680.01
36209,6674.0728
97600,52520.96
35284,76970.32
68333,3262.937
30614,16783.145
115022,68368.234
63662,65526.066
91196,1948.7985
110542,94364.625
99755,92356.195
120106,24471.41
114434,25112.348
68012,71355.15
29409,15849.404
33382,33698.992
15154,11599.561
70650,67709.21
41366,4065.879
19246,17364.074
73323,12440.397
147619,8305.843
24370,56897.883
61481,2855.379
16240,41493.168
104868,3758.8467
96829,6994.583
64327,5995.2993
46936,16482.65
132116,20220.67
114811,6908.657
89992,9317.102
50521,6969.637
149576,16206.455
50832,20749.979
79877,50377.39
84298,19063.117
59245,42684.67
131354,8225.296
131678,7429.5513
120961,52129.32
37609,28263.533
20631,173863.52
21928,34481.953
140167,7126.1426
90324,166253.16
22105,3433.4946
41,25182.709
109477,84553.14
41810,20254.125
108993,47004.52
16112,139618.47
11988,3852.4116
16653,4354.065
122704,64335.895
95791,18012.105
20355,9994.387
141343,1141.372
8978,168863.52
6662,10981.801
107601,18990.621
109279,6396.054
62307,13790.268
101241,61732.05
109882,24600.889
116170,8992.358
44583,66203.43
28168,6478.5986
19441,99797.03
15399,209157.6
37992,92938.12
122688,2972.7004
711,54874.89
144355,18476.787
125632,98629.31
96828,19970.71
108122,45033.855
74934,11107.584
78472,98595.28
8348,5346.948
73911,20770.893
96185,37328.605
107521,85445.67
11237,23818.428
73054,35602.03
110663,68811.625
125321,55780.52
3656,4361.1934
120478,10413.346
34227,48846.3
41189,40958.473
25290,98953.93
38013,968.5752
79084,21873.443
105511,64506.08
9917,14602.121
62605,78237.59
92232,5714.9214
108187,5776.4966
135477,79273.4
35238,22262.842
90255,10999.163
16362,28497.385
107783,10563.456
51045,5920.237
82561,30556.582
116700,72658.195
125981,66126.445
101238,19279.877
46373,43323.19
48127,53481.535
127554,3490.8787
63788,42424.32
1233,23160.545
129672,129408.54
88603,103462.31
17947,6462.2905
36647,197570.27
11280,79981.016
98811,68805.26
89825,19866.816
18775,64507.46
53166,58262.613
436,58501.305
45357,153386.42
20973,34198.625
68824,6364.8745
126197,69796.734
143947,11893.63
3184,14005.22
175,7044.744
4193,72945.39
74411,49416.758
32305,28787.219
98826,7628.3926
55195,24552.275
142994,47803.863
43112,1209.141
81255,3158.7114
33939,56869.883
61479,11003.823
98645,42417.426
132784,4893.015
19646,52196.83
67460,45238.7
74216,63922.273
54799,728.2953
25661,31407.709
63909,4798.987
46813,49693.684
17501,5316.1597
137220,7709.9355
136095,61770.215
85489,35647.645
94867,54447.54
5375,15611.556
4171,4373.0815
48497,4827.611
101139,82969.86
49010,56792.03
146125,18172.205
117939,34041.043
143550,31363.42
124572,1020.5753
59928,10516.891
49497,58486.22
46883,98121.195
14632,33553.78
148748,64954.33
147754,37480.848
41903,36339.36
23833,45079.453
116417,8909.486
78081,102522.27
28824,92833.59
117764,25541.053
83839,7189.006
86384,17009.912
94881,99821.46
45534,17637.188
56988,19881.242
44,7345.2764
86763,75997.54
62757,3036.983
70883,23553.154
13501,9761.869
123032,10232.763
146194,2179.1145
57857,36538.516
131643,58870.406
28762,8943.476
115232,3850.1458
11313,34815.758
117778,16132.657
77981,3206.1072
121710,50152.094
129590,40537.01
71533,41842.895
78104,4159.509
81790,44352.438
54372,50647.95
34178,1134.3188
93006,64871.613
11546,81667.33
118526,18515.184
26090,4951.9707
46286,4827.0254
18562,17778.875
53998,5923.531
79593,13608.23
101819,9054.185
53098,100951.51
67863,34424.992
142528,20005.992
78184,212543.88
98776,50180.098
75854,9784.417
16436,19874.871
73251,43813.21
145117,28520.75
98047,39583.117
37751,66445.52
123940,15278.136
8862,185571.36
48949,38006.844
93081,37583.44
100848,24786.35
95167,7776.38
109827,19440.793
67063,5525.108
20950,4781.0654
140189,68815.914
108588,77744.414
28897,7845.072
68151,22091.197
109888,30376.123
55095,48444.0
71101,173370.69
73634,60191.438
130119,1971.8759
111748,5975.009
71379,4422.3535
115114,74451.805
123948,178908.16
120034,24516.428
116111,14198.696
33469,35134.805
28723,28849.725
22433,65834.69
82444,57733.71
74469,95882.24
74838,35371.26
25539,65910.97
82997,9216.566
137242,35815.047
48167,8312.235
78242,27800.947
116071,13921.275
29524,146489.4
42585,6112.092
38290,2400.0242
83342,28130.025
24416,78209.445
131856,95506.016
13733,16743.65
25943,69252.87
29873,3703.2634
47100,16815.59
18676,9761.05
108785,3745.977
126651,61540.734
21954,7947.745
122657,5733.1406
71505,151052.11
103630,11214.547
97213,9123.813
123505,64752.95
11935,29105.416
113706,11994.1045
11185,8542.487
110152,21124.682
38033,44619.176
129223,6042.664
105993,33621.723
114854,22943.174
89733,1067.4003
22220,48959.93
15102,12824.358
119500,17442.303
88977,21225.74
20640,11820.939
136297,7033.0493
40207,46062.24
85026,19075.664
149566,8859.3125
142540,6192.899
145775,78505.42
24381,43729.72
107123,2367.7205
98801,11319.019
144959,37898.62
141361,4463.86
53148,48291.258
55918,32903.848
38248,188162.3
30910,14453.8545
76562,120038.67
7489,22020.564
143433,15369.652
36095,4180.8203
129884,148701.89
91941,17249.977
149246,22933.215
10670,18997.73
72550,3674.9153
14722,19876.264
38661,12884.808
144230,23176.377
10106,5713.1606
99100,7838.7227
6022,63277.902
88240,16882.775
128137,81944.11
51627,47900.4
41298,4028.2285
102305,41181.816
73879,9799.113
91675,22391.016
63828,138588.34
67738,13632.208
9017,1385.9766
13803,41522.69
54020,13746.94
97701,12684.928
510,91810.94
90883,80983.45
64066,52453.777
28730,42803.043
80529,28155.297
144596,6301.0146
83706,2578.5317
53867,98872.664
30782,12198.654
8190,15952.918
113888,71612.45
111636,23382.623
113409,10112.5205
118900,9066.2
140572,18864.566
131934,6166.132
24643,13166.141
11707,4981.065
57743,8634.694
49663,29237.424
55612,5586.037
80285,24426.898
77094,32235.744
127895,9835.855
38045,7806.5806
36693,10836.514
67014,6120.5635
78372,8015.7886
125204,17908.703
17428,8403.317
111288,14939.803
41199,49618.84
138491,3485.3074
105525,13104.361
89011,32053.387
133127,39267.902
29520,9627.362
76887,16178.3955
53260,20483.75
1389,69899.83
1487,13252.103
8648,13687.977
140755,8726.603
69294,52815.797
3277,1955.1472
146884,49352.703
141863,4568.4727
25413,119619.12
64235,14997.068
123640,40431.242
54036,57768.484
77262,34936.957
37963,12546.657
60601,12143.559
40413,10847.675
114917,123620.766
55340,22456.445
43252,14021.869
136354,171768.84
66031,32293.648
136311,23394.268
104371,21646.346
9246,44356.19
138642,125545.53
55491,4813.2407
123544,11642.427
64471,47628.605
67672,74144.78
113480,6818.2607
10068,16935.225
109290,8881.751
120173,15431.141
14424,89031.34
86661,2055.6904
2987,19013.203
124132,2832.3113
101022,24250.227
45231,61009.938
43215,100464.73
30556,79997.34
98417,17330.416
22069,39542.438
1882,5528.8174
88592,25987.477
77002,16875.684
130996,18517.75
126614,33253.04
59632,16493.686
69110,3303.269
35142,66398.69
61651,16460.21
79692,96224.82
105643,17030.576
5333,114414.34
31672,72086.98
47272,46281.504
35987,6845.6055
140522,95874.84
9855,103930.93
105503,1591.2375
37214,75923.5
7089,34189.676
140366,77111.02
58329,478624.4
149094,119769.23
53771,42826.426
85736,12552.496
38506,157771.3
61956,5787.9805
5944,35500.613
107969,39084.902
42491,479076.53
53527,73285.555
92751,49271.004
26929,5932.1265
98174,48874.574
20980,1761.9998
5528,14190.3955
3445,77243.47
17129,9626.264
77565,48841.445
97457,86973.945
67847,26971.77
38730,5115.5854
146759,30929.354
55742,16764.195
3570,8154.639
21669,16974.615
78661,9561.98
48809,1790.8102
119975,6815.9614
83029,6096.0127
41731,5434.79
24043,56486.477
65338,70566.38
49715,10064.268
22295,150698.28
109139,3649.402
106025,41973.863
119119,18984.264
109715,1225.3015
113807,44258.363
39936,7816.1787
75613,24460.73
4788,31394.246
43352,6612.199
116711,8660.906
10961,22260.445
21835,25471.068
9406,6386.7607
120053,11081.482
119912,105204.92
62922,8506.115
133491,4056.0078
105739,8908.84
55645,49648.195
116300,4673.038
54228,37177.62
17265,1288.6941
62515,16977.98
114307,69880.33
110362,17683.916
68224,38810.438
39611,10740.008
30222,5129.481
137360,120064.47
147339,23094.84
26922,1596.5911
105122,51591.06
33643,23768.17
98677,29387.41
14360,5960.4663
96024,29639.432
113428,4977.7573
41248,7894.52
71123,53933.844
54022,2186.445
69072,813.9217
63228,64729.227
149248,123268.08
89238,36325.977
149543,35945.543
130728,13326.77
118502,16454.95
23560,18163.635
138831,105752.11
118492,3339.663
95026,4013.2366
149240,19612.352
44311,8892.323
97497,9930.193
95629,92175.57
42699,170901.6
17672,1963.3733
38695,10555.423
138647,35917.53
66139,15098.291
126334,12727.762
82058,9784.573
74986,6195.9883
149235,10176.237
2924,4960.975
17792,65554.07
142581,25047.773
94190,11672.5205
44182,27246.36
135163,32086.076
102392,32454.549
87358,6124.6533
11221,3761.5786
133469,10988.919
3319,6169.5234
73261,8661.188
28570,164321.92
94315,10656.187
92888,45233.625
123920,3934.9028
133123,60656.566
35835,100667.984
10517,22419.79
54396,18251.613
71365,42283.492
33455,6237.869
58615,19230.893
132679,6757.1533
91386,4733.1733
100648,21325.469
94539,33100.184
94376,50249.5
117750,12640.787
34605,17088.223
69225,6333.6816
73560,16673.473
17257,6340.3677
80468,8638.547
1156,38248.336
48221,25899.424
132769,904.05426
144283,5847.8047
9196,14232.431
17326,12524.278
104560,171592.19
1935,23869.652
67781,33820.418
83339,34833.93
107409,22717.398
143274,10427.432
96731,9440.458
20376,131506.22
30731,4000.163
59041,9301.764
115802,17251.926
72789,58343.164
43305,53084.74
59258,15926.309
9767,130297.37
68269,18463.832
20815,29137.627
64932,115887.81
144477,44693.816
68084,17473.025
75285,135972.62
99368,6804.532
141681,63363.004
72150,5245.095
108773,31181.883
121127,23557.172
111800,55333.37
71703,3847.5916
72250,25531.24
120997,11995.366
70481,15047.919
20497,73251.47
709,38842.832
145963,10748.774
60720,70334.516
34255,99902.1
105046,104607.945
61040,7797.4956
112501,41299.42
2135,17927.713
65102,55078.652
36494,1632.4784
23310,135587.62
122146,44930.45
88133,25148.623
68259,4493.642
71954,24288.684
79821,122417.875
121133,5840.7485
19769,3161.767
41774,40970.85
48038,5786.9707
105667,14333.355
59612,29581.04
90351,73827.23
93348,1792.3379
106864,5526.8916
52228,1425.83
56065,53794.875
44816,14355.731
13439,23375.781
79604,23156.354
113022,35303.35
8967,1099.0544
48715,19584.254
82200,32908.812
28110,4199.2
84900,44068.246
65947,4579.419
97294,54129.582
9312,26379.043
89280,14719.37
76300,17760.309
8127,10804.74
101840,32818.977
45343,79846.52
97616,3106.9978
140626,87441.72
112590,37976.305
54177,9883.338
17287,4436.086
47336,3578.8474
95586,18171.996
106749,1962.3528
92498,64365.086
75147,6603.3267
127022,21994.393
56241,40505.293
80163,19541.508
97961,8203.031
125637,64574.645
7715,133652.84
126908,15297.5
132069,102774.414
120749,19073.877
68136,23848.873
1084,7797.167
15565,75804.74
149085,23887.674
87035,263013.47
48014,18916.887
53028,44136.242
135571,7423.613
9091,11170.221
9033,47109.26
64369,45428.52
27233,5767.8037
36616,18391.994
32441,6798.9854
5962,40456.582
88423,322.7451
147072,172472.23
118319,7870.4404
110024,15053.325
95263,22241.453
99061,44427.523
25907,7980.7754
22249,77906.0
68946,5079.617
142061,71065.17
48769,51487.223
97409,13263.708
148394,17815.828
79905,6265.7754
13094,39643.277
44046,47137.61
40833,178809.14
12476,6583.767
127585,10402.689
50242,4231.3125
9703,36076.258
28118,11278.636
93112,18760.926
14444,121947.7
21915,1679.1912
53319,6286.4365
46884,6495.5376
5226,52477.312
140789,10240.615
108107,28445.033
143784,30641.139
27947,35798.69
146531,76943.62
108902,32262.443
47207,67344.92
121015,16618.344
86845,87940.664
124124,25404.896
75215,9552.567
103314,11334.622
72481,21760.287
85675,8092.5796
119623,17830.016
8179,107499.4
24457,9962.672
100258,3979.1306
6623,7060.89
43788,91402.67
9802,19464.502
99877,77066.125
33893,21668.781
120709,119550.11
142524,6246.1147
144259,203262.75
34695,9801.638
41172,19281.98
22460,37467.74
116561,55817.84
31568,101146.37
90538,16017.584
76969,11892.729
86591,6581.019
99002,31153.43
149188,19368.822
89285,8716.555
89007,5371.8545
24818,19246.512
129676,45140.855
20755,24742.537
71980,154181.02
137100,81320.85
23269,12039.361
45390,12273.761
35538,12295.507
147541,17462.715
25541,18184.01
84059,19807.85
50916,4380.2163
111424,69232.586
136659,88225.19
69977,6045.0747
16755,35039.62
33822,91989.54
89592,23206.816
142262,33600.633
145661,1700.1082
98825,95808.66
55004,1102.5399
95592,4210.5386
85083,14155.477
22346,41810.93
35264,3235.9072
99505,14951.275
18669,1400.554
6553,45420.92
95703,12428.297
26800,6591.1724
81799,21468.545
52679,10571.245
91530,22746.404
60403,83489.93
110500,6646.2534
14720,14518.0
19831,5808.609
119423,31391.44
127794,8909.344
142302,25577.6
105858,10310.607
85539,12281.259
133194,7562.2515
149074,8519.082
48725,6930.5435
31762,7385.3726
125140,5146.7007
141451,4170.649
5935,13371.902
77662,75220.12
63229,32432.56
2761,16948.594
139878,6461.3833
132396,123660.61
115877,15259.838
76424,26840.81
102053,97116.664
109147,19587.113
8255,39871.57
99403,50527.117
78182,25660.922
62740,25237.848
135099,2499.7883
34548,29048.594
85528,33350.88
85350,6197.602
50073,13064.928
124607,63921.438
15696,38957.523
10589,47055.05
113184,10470.173
2088,406718.94
141044,6201.1567
101995,109164.625
55229,3243.2986
40140,85203.24
24486,73631.19
2474,14046.253
131471,25445.771
136307,7704.1147
58284,11536.354
110082,2144.1016
122078,6948.7964
56405,69350.2
108962,5269.3315
119632,6825.207
99218,33741.78
79138,49489.117
12074,11998.915
117169,5354.7314
16157,24495.232
21236,11845.549
16987,20450.385
83360,16953.674
132981,4852.799
62774,14332.527
35337,11218.303
55215,46857.11
136444,17069.191
19790,99350.96
104653,120782.07
134502,4704.209
51284,47786.855
19343,55677.105
59678,21582.615
64726,42780.266
94422,15115.663
75181,11353.281
17641,25150.807
26560,22945.822
146862,75755.85
92580,1372.9462
12588,16964.377
51999,22561.053
61413,81299.76
46598,11216.909
84424,58094.344
6013,7370.7324
95528,46525.668
121996,2849.2917
36239,65141.47
38758,6210.144
41626,36123.23
79050,13987.175
32026,20334.615
72144,24823.7
126042,13105.334
105395,11800.689
36984,14953.828
93037,51000.74
38591,17480.807
47885,20198.389
1654,22700.111
128414,91882.234
125454,73644.95
84708,58346.566
92256,18779.012
95136,3928.5554
80447,6816.0576
26246,112455.75
13506,21939.982
69892,16330.793
18256,23357.51
38282,6733.898
111458,2070.1523
135309,30371.03
116927,19391.584
8713,134726.27
46793,17945.246
123911,46350.047
132832,36843.89
93322,602.431
149238,41685.32
81631,6523.6323
31987,87608.74
129947,111918.81
47777,602.67224
82137,44167.426
57578,5815.768
39628,3418.8574
124663,26356.307
22967,1156.5759
71084,30380.662
112786,30467.06
75517,2355.3171
145578,91965.695
133538,180853.05
102419,11374.552
43431,5903.1377
35603,12937.874
50886,99505.23
75259,10970.443
40089,7721.565
40515,39679.195
76819,5652.278
117782,7686.25
8988,26623.39
77427,9696.417
51032,3864.1306
2763,40219.535
122778,15269.8955
21138,29385.229
125207,88642.61
64361,18719.695
76711,36385.293
111316,10397.515
20333,1918.0416
131243,11166.671
38687,6826.2544
38188,27043.943
49062,11306.888
1182,7034.204
133042,11550.411
119565,15925.478
100162,57841.62
10188,8106.3784
103651,6899.43
102573,59071.414
39461,7098.1733
73443,9678.232
43065,11766.3545
93655,43917.984
47156,18669.97
4804,23387.791
24505,680.0015
15072,6873.5776
17413,2586.1262
95363,40522.703
26383,26884.139
2055,51341.562
12327,42353.57
41107,20382.941
144957,14018.601
48353,23071.371
134262,36189.85
82111,812.9896
56278,1576.8645
122626,29842.346
69338,29380.959
39882,13903.321
67676,4759.327
54673,143726.33
93613,54620.797
98968,12635.341
66008,3000.0642
28983,27200.402
101134,32484.309
70132,25569.89
118634,3008.1816
108100,23735.58
77185,29627.021
42608,54946.24
134451,15053.342
105052,27217.676
149114,28305.77
61438,3474.213
59417,10956.03
29079,73653.12
41256,13495.027
14181,4356.268
9253,3953.7502
10453,56907.6
95719,23431.12
106940,8935.383
30934,117394.16
2853,45994.25
30431,78389.02
132834,7123.743
31678,46969.062
91645,44067.45
83653,59616.36
138592,41197.85
76316,46098.76
45184,8226.772
80459,10412.27
59581,15309.232
119290,48370.336
50420,5198.717
145554,9404.529
101658,17878.152
75438,4288.4834
124213,17274.295
48907,44834.93
91623,29116.227
92779,106838.914
43619,35347.297
114795,78409.57
28707,47756.902
128712,6458.996
114631,2671.104
19998,9033.934
45766,9508.997
98439,10128.987
122066,12949.446
88630,72695.86
124088,40641.77
9858,208080.55
82206,11409.145
86228,14163.511
102166,3591.5103
85184,130519.695
5570,11600.899
96203,12570.054
139810,1437.301
32343,1068.5879
105953,24473.543
108005,6259.5225
43232,67918.94
11290,12387.006
70636,85285.33
133200,8734.31
145757,42458.992
97727,43775.85
101222,39016.203
112547,4845.382
74830,13556.369
10141,64711.906
35274,107215.62
126488,18418.396
123696,35720.105
116744,595.6063
134195,7031.3975
64376,8125.0244
111836,20611.807
68857,9563.562
33652,3199.755
5645,4646.1943
100883,31963.143
60445,91800.01
62375,8720.508
97927,10755.441
146475,21819.854
46832,15267.368
49758,54238.73
52340,7239.1626
35737,23888.373
77739,4494.9346
51594,6395.3506
123392,23521.584
142425,12355.744
146188,10022.47
147394,110655.37
55386,57920.715
101876,92877.04
115664,3442.7156
9954,12652.488
36488,15512.527
147626,7846.392
139717,12117.863
147783,92544.74
107032,61394.61
142809,32710.98
5821,60090.12
6968,26266.39
145340,11977.453
51931,2243.2368
32359,61011.54
99838,27830.922
120218,146806.89
25210,31551.117
55711,14217.794
87142,11832.698
46319,22374.094
121386,237683.61
59331,18759.973
88725,11489.857
113641,116866.47
98748,34831.69
46328,9405.3
145385,17772.338
81829,5301.04
41074,124876.05
67193,131018.875
123900,3193.1702
111912,5519.4053
78433,15033.241
52442,81524.914
23008,11525.794
47381,14470.333
52836,23866.244
82687,11001.211
77504,42640.867
108824,9827.673
59505,3498.9736
126939,18724.684
107372,46517.1
8711,94549.086
61912,7279.418
53611,35189.57
7689,34877.523
8019,58631.86
66498,1714.4369
46761,83555.61
36413,13415.689
81228,15380.386
71853,9453.145
17151,30496.562
48320,76062.08
54456,24463.838
50008,3711.8352
83878,11895.497
136,3795.552
101310,42931.11
24749,50851.44
71608,20705.812
131394,4971.591
64927,17345.941
74649,9221.595
58863,6227.706
119679,14586.86
137478,42178.523
69080,7557.24
117164,125923.82
5777,22823.438
24622,7764.9995
6279,8586.85
58916,16508.51
39272,18852.559
142767,18432.344
105711,3709.8677
20482,55663.754
22574,119199.8
21256,14979.738
66064,8285.425
61389,46225.355
80117,71285.34
140067,14570.009
125135,62899.113
8040,75862.65
118917,4114.4585
117087,22152.244
70515,9501.505
115435,74439.27
8934,20465.104
132066,13560.638
14589,13087.632
45408,44480.51
47171,14575.774
8054,17123.533
20511,2336.286
51483,20287.562
63184,21688.611
34570,4222.566
9774,27589.816
111503,7873.4043
74786,17005.107
149680,50189.867
67093,17081.85
8154,30474.236
59729,19686.902
139564,2573.6096
116961,45631.523
84489,5520.0337
32128,24351.814
41414,26012.55
43580,12537.441
149433,15683.497
148921,41197.52
41088,10576.719
131921,139333.11
6217,7613.6504
45305,11862.755
73462,14331.505
69846,51539.08
67066,131539.34
126983,4124.3237
96095,46421.938
58118,21490.822
16631,37580.465
99794,18817.6
16628,16251.214
2425,8769.007
116013,47619.145
1416,35530.523
55464,13202.297
138191,95205.516
807,11396.291
131121,25824.496
80232,4800.45
97085,7530.362
12096,994.2753
83266,43502.35
101942,11863.6875
64146,18992.182
117451,2472.0767
104696,30819.176
91793,7872.9644
12951,46075.867
87131,5072.912
26077,11711.275
38689,56430.844
137077,18393.197
80718,9758.189
67401,6443.062
5736,257297.5
59155,50182.996
91867,5476.2583
111720,17890.195
22598,102176.43
32379,2883.6885
65120,43601.047
5412,20412.424
110059,58848.684
146566,5750.976
5910,14577.705
35188,100987.11
37434,1337.3716
30159,66914.555
66718,10591.078
33847,19907.256
80226,11774.843
21982,13723.548
74712,35504.848
133571,48887.008
14352,52134.3
8211,82275.61
63972,13382.59
112740,201830.44
100790,4811.747
49703,49715.98
127186,112977.25
140124,79432.586
15980,9490.093
6177,27673.125
62902,32559.324
36044,24341.557
103078,34844.03
79663,223569.11
88739,51434.34
27067,157731.69
17414,6874.5513
141483,1083.38
131709,4844.4062
95013,79858.27
38267,28951.588
128524,17264.19
70931,3491.8464
61512,35981.29
7173,18504.422
18771,7630.887
94120,165311.4
139186,79019.19
81365,48335.516
137970,8886.143
49192,19204.668
11184,9799.617
69173,28368.076
146578,13893.787
8533,12580.002
16600,61895.973
104054,98228.62
59158,60378.312
141007,51053.203
86042,72645.11
44774,16859.625
131509,4338.703
141529,83672.64
28026,59581.043
96734,42860.07
120484,44646.812
103086,11166.801
64276,26462.797
134904,38400.445
6130,19797.164
28231,45924.42
11643,34301.527
53416,1739.9667
6775,54725.965
74744,15486.154
8240,27816.832
90295,48509.6
140055,10832.865
32841,6587.232
44430,15981.725
42778,69562.375
106263,11592.953
35240,13585.645
39748,18428.477
11700,52590.0
74774,48120.27
131932,27424.166
69473,3351.7244
4049,10849.506
106367,17015.766
51646,2880.8083
131304,5451.0903
124001,63011.863
113842,28874.322
14891,77469.59
38025,8136.283
54668,50609.01
116731,23950.65
76568,14455.041
117013,126475.71
57439,5658.1353
108689,723.0227
58187,46409.875
6307,86646.48
19711,49296.21
93027,16692.127
19093,54065.28
70331,151797.53
90874,62443.734
146789,56499.88
98337,12750.6455
53287,4844.1953
10385,12204.974
76111,24055.758
130420,41493.242
20657,45951.977
25985,75374.086
55854,51197.816
142500,67257.945
54275,3748.2654
57408,16315.288
55033,10286.883
134786,23826.582
15728,9903.287
58562,48393.516
103320,140684.5
44979,3619.701
2985,29986.46
149173,12715.335
99017,33014.504
147959,6163.492
147066,12515.279
123484,46277.223
59686,125064.88
73614,3503.4792
135847,42838.145
6220,30436.02
36099,19150.537
52217,114890.74
8147,18140.678
36854,18510.271
77794,63394.7
73580,15383.565
143744,8871.432
84043,7594.353
22024,46202.914
12461,116921.125
41503,25672.848
112100,7905.1436
102285,81928.65
51099,35316.434
145107,29612.488
132722,3725.7998
114220,6225.179
2625,32663.383
44451,10828.881
63647,37475.043
106392,12512.219
25713,38185.39
113183,2088.8674
146487,8551.389
81663,71361.51
1784,44207.723
53702,2624.14
103449,90878.24
137771,39063.168
128598,26261.557
18681,40046.22
101505,23521.82
88157,8181.789
9131,8195.223
70064,32975.08
116829,32538.88
40616,44615.48
101343,29926.521
30143,8043.562
138378,19300.133
29480,14322.057
8417,258995.53
93450,20053.852
142529,10445.806
96727,100050.83
140490,23551.295
36431,4666.1997
122357,4703.5356
102090,50515.78
37216,139070.72
147932,17269.102
48057,40866.49
42996,3332.3298
71735,78688.63
105922,29863.81
123719,1508.1555
122602,8574.747
31215,31315.0
11765,47392.2
50671,21268.81
63215,1985.9061
74888,46574.7
13212,32862.977
45991,18344.008
101234,225021.44
39658,8908.8125
32983,30235.438
137464,172831.03
120088,91805.94
56721,21784.709
1008,108386.65
7004,78001.53
16210,129245.97
35461,3030.0066
105491,5327.142
45832,6930.9326
137688,2610.4712
94149,6899.887
111360,6064.089
97569,49904.75
136891,3927.6362
113008,5888.7837
138709,47560.71
124710,97066.875
78260,1091.0043
99082,76109.97
122984,38675.73
147913,80638.32
147987,10591.775
35093,41809.285
67135,4351.4517
109457,120953.89
95217,5252.6133
5564,13321.336
100296,24087.504
110142,38721.344
81719,30637.607
73073,8033.62
11315,38523.57
7453,104750.7
23149,47206.887
105335,2459.4758
142886,20855.94
61313,24685.2
79670,38061.184
96801,39370.88
46713,2484.5696
66314,39554.906
46169,70397.89
15413,51912.594
18656,51307.992
69168,8465.334
118173,1788.7806
18294,56828.715
84373,25090.117
76845,77353.69
112416,3516.6877
141576,13992.114
119518,18628.436
96199,100032.64
110459,22196.672
34926,62040.76
34952,2496.667
142002,205338.66
34338,343884.97
91813,4834.702
79984,2629.315
39163,20145.3
123956,7446.4478
83988,56941.566
23118,22563.34
25282,106431.76
106315,15487.313
128529,51598.06
71922,10428.477
62771,29265.082
19941,153216.47
77575,5766.8613
98503,171576.61
88093,6149.3364
114626,35794.97
47539,54217.25
53834,11853.306
147490,29373.482
19817,29577.285
127598,60913.4
113590,139214.3
71739,2171.4976
77634,4756.272
127138,23798.115
12015,7495.5913
36611,11194.932
86966,48533.09
7042,21825.395
46475,50505.883
57725,17580.605
121746,50620.32
1180,46242.812
139783,5766.3813
77400,4400.537
32546,11019.522
103706,99440.32
115791,6263.289
17210,35220.453
78847,16339.056
10885,16930.217
21458,56495.71
137377,20365.281
123425,12059.013
34491,8699.847
47787,19039.732
35012,8997.55
146934,1607.93
28234,13566.408
43784,55804.38
13175,34017.508
93817,15451.727
39656,13189.884
21016,25511.795
128849,76167.09
58447,10853.262
121720,25794.922
18161,1626.0325
94996,66958.38
102824,86185.21
118019,51888.695
96501,69845.04
51158,8092.3354
28419,31166.27
124314,1749.6951
140336,6757.241
117056,139706.95
109586,100893.55
124810,27268.287
34917,27892.105
30756,14548.809
62084,116905.29
60475,21467.27
82393,42632.324
18149,29719.63
11718,33706.574
129851,26638.22
8045,7362.2476
137346,56795.84
94911,28317.982
46907,45326.367
132118,197482.22
113223,8431.45
134430,50170.508
98187,18915.316
5077,39093.586
45423,57137.18
135187,14548.084
81480,6433.6196
102695,18884.7
78907,30197.943
60031,24688.574
34874,6437.1895
120211,11301.078
121385,11625.712
57207,26686.617
14992,16340.972
18869,43839.277
146540,13891.115
53975,109959.71
132519,80347.055
6650,54784.062
81428,35584.84
75118,54431.387
113388,95173.27
78136,936.062
39808,42861.67
139184,60363.312
143217,27679.912
57570,10454.292
89294,273012.78
79419,92068.37
89008,87124.95
99117,8367.42
18164,5718.4
143091,34759.54
10019,23787.781
132534,122597.586
21530,201525.58
62196,9987.444
33537,16684.896
117388,11689.768
15313,21187.746
37078,3628.5168
113293,5918.3276
4298,190426.53
51384,9638.95
142503,5867.7197
69551,15748.6
72412,25133.236
141941,30190.889
54525,8003.179
109742,104164.195
18598,43401.06
28391,90682.414
88658,114669.87
147752,7175.291
65011,3688.8516
149118,6437.118
24373,32380.012
140812,70549.58
123384,7023.1235
76864,2923.9163
129346,13776.807
9579,20892.49
104007,4670.1064
126793,123098.89
135890,4493.937
139567,3988.8286
22479,44539.49
115239,183611.62
37302,30787.58
91293,963.19794
91660,44276.418
80965,565866.56
22953,77691.61
76246,203565.31
47548,23238.305
116440,6945.0093
37545,15101.79
92109,100858.22
85460,18413.746
43415,10013.929
119264,64132.47
5824,12252.005
48748,32404.734
17861,6025.3965
70909,130171.04
148760,25314.092
136498,8440.67
106598,55273.996
7237,53800.234
111880,6476.9263
29308,10640.18
60956,44111.367
78591,55095.242
44379,3416.6426
37818,2745.0789
126321,72266.234
65625,16955.822
46455,10088.252
119922,66142.18
122145,8529.077
61487,1677.4338
13569,13291.161
74858,39912.625
77704,2214.8984
32670,55278.45
58745,4684.0024
59424,3202.8806
146835,13549.054
30771,37065.344
147943,3472.582
68699,4836.8354
141181,36883.047
60115,42832.33
70586,6636.3726
108010,18112.953
31073,106978.0
30484,18133.287
121618,2124.9482
131101,5428.9355
88005,97493.55
81817,17700.988
143196,13770.619
96181,9617.702
39537,11094.768
70220,115894.91
70271,33299.895
87800,20728.959
110176,3880.3262
119790,94473.54
121903,20863.658
69327,108499.09
4544,2057.5208
112139,5423.6562
38217,49489.855
98930,149237.55
17450,54730.402
98985,25775.871
142838,20889.006
116945,39071.41
72400,37995.957
103371,20110.867
44103,32349.715
111903,26661.81
42562,29450.803
21557,4786.232
3032,94219.99
132859,14787.063
84406,12084.202
17703,77450.51
29196,111035.4
30952,2359.3677
44770,8276.584
110292,19851.43
70888,8661.275
39493,7116.6396
115938,5706.3154
112608,40040.55
108905,11091.155
94984,29660.082
108560,47187.965
38529,6771.617
6736,7216.9175
2367,25902.71
88377,133527.42
85122,32236.635
116805,16321.606
57146,28370.924
105089,90642.27
110881,6096.0254
93323,47054.523
44541,17790.37
11543,44707.727
6859,51226.633
91570,199045.17
15752,50428.98
79585,36450.316
19145,37208.91
18762,24792.521
129687,67260.125
42511,16665.268
77146,10455.575
139234,151598.28
45564,8838.187
101791,86030.805
59367,50559.746
95464,87039.55
63438,72257.4
23028,161768.48
98343,56653.33
107827,6618.928
27467,18024.94
19609,17967.043
13198,40157.246
93883,111445.414
50369,12243.585
132645,14184.427
142657,21888.834
68593,30291.646
139973,52299.32
85989,18454.717
7799,21267.754
111612,39198.688
93150,19728.182
107897,9856.239
22603,3476.2913
127142,166107.77
70138,5233.7466
30995,26122.2
134714,3014.7349
135854,51687.406
101478,112717.08
33559,101710.72
4979,127159.58
31641,14719.898
13356,11790.998
134193,47450.035
28525,9031.064
130640,4981.297
89694,44400.285
39522,8459.238
103846,10066.103
48831,7500.0723
707,6146.745
24056,37076.84
134268,4999.978
34469,20451.33
105899,47404.805
134261,7053.545
124668,20572.613
130417,21669.453
119992,3450.5361
81673,26651.275
36426,21565.654
105398,4819.135
3608,54750.195
75675,21181.36
65353,14943.752
98905,82150.17
87932,11995.276
40380,93649.375
59078,7902.2354
43084,51397.28
90820,26132.049
104739,165124.39
142517,3540.4282
88002,27523.117
116631,4856.4307
31259,147871.98
74641,83027.67
148429,14201.632
66682,17550.28
72193,194929.1
123514,51604.992
47102,4677.6855
137640,107138.44
23475,5883.1606
139598,45084.145
132062,124986.87
96937,44757.453
147263,14284.209
6818,8435.123
78975,52213.98
127924,8791.152
33300,9464.001
23413,4560.3374
31186,8626.4795
15504,5977.3647
87987,7434.5083
138252,57440.812
133256,2761.7324
114193,29055.0
142619,9123.183
31233,47251.2
13872,21270.285
95418,37556.594
42158,21166.414
141051,190816.67
116272,65632.59
45785,86138.3
98984,4881.4536
146467,102438.055
42350,170756.98
13478,86549.055
117500,11397.526
1269,35568.473
147694,31759.523
109860,3037.8186
86877,13023.252
129452,14170.837
39052,12131.89
89559,35441.203
36316,2417.0737
84514,10287.395
120563,26300.854
70900,34035.027
127183,89001.47
34941,7028.884
133874,26081.287
13859,43132.613
3855,7509.1196
147095,20466.807
145849,64272.105
117144,18919.041
83376,11980.027
125303,47588.617
36230,6329.4556
51978,34397.855
57885,24804.668
125616,42843.555
3818,32142.404
126631,19086.352
143818,113680.87
27738,9206.736
109418,169374.12
25806,44181.215
44829,30768.941
114209,4232.6953
12218,32337.47
138422,21471.295
148886,53001.527
119531,102505.88
101637,12143.769
116257,65674.33
14316,7252.906
91087,41663.89
40085,4099.9805
105349,158619.83
67874,8236.155
136828,112530.32
95135,9172.963
25754,40628.266
104733,6704.3364
130703,27875.928
24798,17703.254
33871,81668.59
137836,1479.5973
64658,10246.716
107812,4051.6545
20891,78325.82
98298,14939.254
123654,28993.146
88032,16647.95
40986,6629.975
2016,3261.0505
32723,88494.805
39208,7103.153
100901,114328.336
91696,3962.3975
50527,40494.73
126575,5545.3574
61861,83961.88
91242,24709.797
110084,52555.3
19255,367877.75
136050,93532.81
11308,97399.12
16846,7403.619
137276,12779.102
89834,9852.214
147592,50978.523
26324,19628.89
18252,9809.936
37727,8147.293
57824,5860.591
99835,122261.62
103331,18547.406
51813,19034.75
46682,13456.05
46261,1317.709
127185,11009.88
129360,18440.977
50074,10394.149
97656,20908.527
65786,10901.158
94439,148074.55
51938,1545.3302
18564,16275.601
119547,41238.246
60360,5824.6475
63856,121367.99
149811,5966.258
47924,32069.709
8745,14556.404
60847,48315.855
98410,10433.665
96588,27480.797
26174,13680.061
72222,105132.22
146015,140028.16
144644,13271.485
2982,12888.943
123089,31265.992
126554,4144.4077
57968,16564.988
72843,49488.918
120241,17333.389
26747,14426.595
113204,21419.186
27498,27246.521
42688,81452.516
104484,48986.58
110246,9523.023
50446,1181.4352
29470,4960.3286
66067,11183.386
73440,3811.9976
109185,30538.504
3894,174087.6
148931,38864.188
55886,42667.113
33645,23654.883
13844,8882.962
135373,5611.358
75083,5166.2817
34081,85966.62
56931,1255.8654
106292,71584.55
62938,8605.947
104832,189460.95
102545,9534.711
25160,7979.0347
60629,90247.3
127802,6801.2856
89475,31225.69
57205,8521.011
20271,199626.66
101885,12568.961
117019,7766.206
122835,68145.54
133415,134764.2
7758,26448.463
36643,6281.6514
146224,6848.725
81870,9188.178
67977,12876.712
129009,106937.17
72831,4207.48
108568,24143.709
126315,118095.18
141078,12974.072
53638,31816.988
132577,15784.69
74230,146793.75
11361,51372.34
142110,11866.484
84361,19827.723
64501,5249.611
101711,76136.82
19782,1635.6416
44538,9657.603
34539,19654.578
106506,2868.8433
87307,14683.23
127231,863.31525
111349,11461.479
143705,51706.258
55978,33926.72
117558,5619.46
105362,331638.78
32336,11862.307
47621,15667.1875
120401,19991.488
71088,13369.314
42607,25342.654
50024,142446.27
7307,18487.475
2479,20198.438
68565,29576.324
33246,11294.716
147436,89231.664
142659,7716.204
126170,38000.414
17004,9838.238
53934,28504.412
67020,16770.459
9062,7118.0474
80035,38065.45
120978,95802.195
98025,10254.132
149935,65229.438
32072,93389.93
129217,26463.84
74878,11770.0625
78079,26036.994
127483,180566.61
21123,56162.566
102265,11111.248
28227,25554.244
115447,46822.742
6317,5616.593
7823,20339.107
134357,23827.33
11792,143442.94
49198,10455.754
71975,11028.199
111904,88191.28
57623,3847.1006
45183,15220.112
105357,29735.932
4896,173325.06
67393,7796.6963
120824,5536.683
116292,10507.338
114540,24161.791
95863,6694.2134
75301,1800.0231
141106,18221.027
22381,23281.254
130739,7360.4116
14221,55354.887
141212,49836.55
107947,2343.0227
5055,23924.146
108271,15760.502
33693,27183.146
36448,9327.747
24948,14754.65
135984,36615.145
129156,29330.016
33445,42135.812
93696,62843.754
102892,18757.932
53650,11791.78
3228,63068.66
146395,18858.295
103742,14182.959
111087,7756.2554
119861,3915.7085
54965,22500.842
75791,1715.5088
102492,98432.12
65283,45747.906
129741,30264.934
90316,8309.895
114955,6495.003
89612,8801.941
84033,12631.548
87053,17730.232
30531,107219.32
43673,32957.203
136703,74245.81
43769,3184.7898
103104,8695.875
9095,54644.4
2765,141390.5
37748,154139.31
72082,20152.432
44629,9531.229
40247,38059.73
142976,44400.656
113820,41096.707
12120,24015.996
112226,12033.124
62378,8569.308
100410,9802.302
149585,48501.277
96923,172516.44
117278,27981.668
85114,30915.246
58108,942.5189
40910,10921.323
85622,24509.408
102033,48596.2
144432,8051.058
36332,121385.3
99447,33626.62
39798,4656.037
115275,6418.2334
142673,44554.887
87621,28702.057
136902,15844.028
41659,7057.4795
56091,5954.138
99354,87687.16
42260,38005.395
61919,23979.23
14323,56929.848
59304,22790.852
12464,11704.596
25928,741.20905
112557,54459.875
137680,21339.803
75264,40579.703
111394,89556.56
146264,8504.212
108131,3739.618
21205,5904.636
49737,19810.678
85392,9724.429
35181,161444.47
16106,2511.1833
16310,4762.258
68250,10686.436
94768,38699.85
72571,40095.766
2321,27053.229
96512,108068.27
66659,12372.715
103764,34902.84
44877,57558.777
2472,78321.07
149809,63614.582
80095,20168.965
79370,265753.5
66033,46747.793
96738,5702.6
68369,21532.137
45217,4250.75
84664,11538.67
139209,40125.348
64722,6802.803
79824,10012.426
106585,17349.139
30803,14670.891
107328,9864.648
15292,20619.684
132607,7631.3726
63543,93488.8
80472,26835.62
14202,32191.752
1187,29039.021
124641,9288.733
14004,28670.508
125682,43143.61
110691,7128.124
38794,4309.0366
21134,55828.367
114903,33144.79
59378,12387.24
120134,10210.649
88366,382319.94
10165,20041.64
139788,50075.24
42139,1313.3896
140354,6370.778
96153,138899.72
3672,31404.795
125402,11141.975
23345,21039.275
31028,122946.82
49461,3794.1118
18873,56636.293
95481,11224.44
84453,8954.893
35455,22109.84
144842,3502.9248
103092,34724.598
47490,22000.594
53759,13761.831
21285,51280.332
34569,2840.7932
130751,22996.734
75722,6098.2236
6945,22163.906
47036,41655.543
54101,61073.066
66786,11446.628
88411,90502.8
23712,55700.617
145641,76134.59
106013,33851.36
26809,8558.289
125241,16680.248
21187,6076.6543
131172,71034.47
16851,75046.57
90575,32957.37
94507,14786.339
33271,7065.405
68179,21317.678
47697,8513.01
72531,165173.69
89769,5994.5635
43881,93414.68
144963,10979.815
126731,3044.1304
84679,24993.771
121202,16418.998
101660,27485.85
145829,1051.5139
120190,26970.992
14295,20542.28
2381,93577.484
26173,51439.434
27599,20125.584
114393,41084.215
106447,4674.443
89397,38662.016
65626,5953.119
69628,7862.958
123636,42262.168
90569,11019.514
114809,12930.538
128297,17624.928
42070,17910.799
54757,4610.3315
131110,1931.5225
99206,29909.408
36380,10457.5
139873,33536.96
10566,23896.79
75592,15656.118
99163,15140.569
1676,23777.654
106056,55386.676
21050,42080.957
93649,12117.208
42601,10816.914
109622,19213.797
63084,33354.27
67238,19267.957
140981,31639.227
121584,106071.45
82988,1608.9679
117366,62467.336
31625,11452.866
67508,2694.8782
47698,23906.518
40606,17259.932
8298,39668.98
90979,5809.943
109243,3414.8706
55678,5784.846
136682,35558.625
27876,3396.098
16530,6976.3105
130189,16420.078
83181,16206.897
91885,24739.041
135129,750.1563
52261,324688.88
74949,3532.4294
137009,25775.879
97647,56730.52
23303,78950.46
32195,17333.617
19944,50006.363
41044,65437.973
132536,7951.048
44948,8111.324
43652,8061.9224
124241,65006.234
31880,29443.52
89893,11739.124
1866,105383.086
89898,47971.35
26029,49001.17
51256,40454.51
78635,5453.3022
146907,489084.25
88985,92106.77
139427,177762.52
85645,13231.985
88742,35368.348
119958,16192.728
22847,67899.4
132324,29920.299
27587,14579.698
95427,39189.23
21077,96463.02
66630,11249.705
129523,17059.25
106953,9747.485
14071,2592.3765
140096,11115.039
68726,55304.117
73086,70294.08
105297,76979.32
64994,5327.5884
106611,25750.39
129878,386.23645
66034,13972.243
33948,7520.543
52463,5620.4155
45336,4107.186
149149,12052.472
45078,52103.6
106301,26277.082
130200,34862.01
4445,5358.8813
20203,5732.1445
139531,14667.019
27090,23888.242
105039,35623.49
95002,61546.42
127316,13143.533
65703,18528.338
122495,69792.03
44635,106709.68
128892,3033.7488
108390,34524.176
50200,78263.72
116671,11371.093
86223,8804.664
114816,9634.702
85731,10040.852
101362,12008.056
60842,49996.418
38667,40038.58
134001,121784.36
79291,47022.55
78693,14212.868
21410,17665.252
60183,10718.157
61346,12159.318
72494,42468.832
121849,3436.1099
18787,38046.477
76489,6288.3315
113920,9145.452
99959,46111.89
39409,3722.0005
20310,25373.465
134478,11950.522
35641,128994.81
49417,37475.63
148917,7176.781
50635,51120.094
77859,47983.49
140685,47894.48
40194,15064.64
145801,997.0509
3516,19645.72
109949,14564.057
145548,24426.996
52700,30909.95
88404,3310.861
75062,6718.4116
109968,4635.179
139117,20895.766
97089,125924.17
10604,2215.4395
89578,22197.867
141383,11875.411
19126,15712.382
47092,31910.332
7012,118916.34
83014,59907.406
84910,5779.735
125595,13375.059
126928,11191.671
126942,4663.411
76685,33646.305
10687,18504.756
64195,17277.09
7213,4121.392
143331,11221.303
72203,32291.404
54651,42484.375
95241,3517.355
58180,146283.3
109814,6769.603
118950,163783.9
25658,12753.796
10616,898.74347
26915,52527.16
127799,38001.668
63434,8633.996
67934,27434.824
99529,10748.406
117435,15914.457
113893,30118.734
137359,82063.8
26346,16422.35
54604,12197.993
105087,4859.418
138475,22306.52
34762,5892.216
48171,54977.676
7986,87200.81
69821,56490.22
94852,26859.482
22841,90400.7
65293,11582.948
24221,21002.59
25700,61669.81
101543,3090.925
62107,10477.944
56772,18420.277
34958,95215.0
113328,5743.7754
10474,9361.432
5471,23113.98
7457,126081.414
52449,4630.348
90269,87780.32
6748,20266.031
48636,12387.197
11828,1635.0741
143041,21035.262
57372,148672.52
140242,22735.064
1760,5206.251
111751,12144.809
70843,26300.33
42894,6513.1333
135442,35174.06
84107,7777.5244
49628,13739.651
120897,78251.06
125838,50087.953
76975,7808.9854
45953,30515.473
12088,11393.363
77951,22862.691
53529,38103.492
79846,2000.6298
131675,18365.059
66824,12030.398
70063,30639.969
138064,11669.692
31378,33038.773
27910,22002.25
34673,9777.692
72300,13419.768
83412,3308.8738
98822,154818.97
69508,13689.23
47927,8222.191
90660,18263.164
55700,3961.8027
71412,30344.99
45082,23410.691
85191,20892.803
109021,14368.845
110076,36782.312
122938,66981.87
38229,23324.764
55243,46440.555
17275,22057.924
144241,115474.84
110590,2562.0996
69537,28245.191
91715,64280.625
91322,12287.28
74908,91343.54
6311,46348.242
144390,80829.58
8304,51727.355
36822,9519.194
53221,61189.64
58403,90847.164
93477,23383.803
142776,6083.961
67019,58225.016
16138,8477.17
34687,47462.996
128436,5287.8315
23939,8282.498
52640,59942.355
59996,6657.3213
108615,18785.014
17433,4441.7974
47119,20469.25
141776,91466.84
27568,30851.049
132749,96824.766
90588,12996.584
149372,28543.33
121428,6870.023
21826,7500.846
66523,6459.366
6113,29538.014
21125,14925.657
63287,6782.849
82969,37943.33
31273,101590.44
85007,4856.7646
145767,16082.858
93012,38199.27
21136,35402.805
97225,11258.336
104412,23754.086
26534,15804.974
15856,5865.846
65383,19720.195
86926,64200.242
64755,8355.405
19078,20652.094
19734,6027.1235
47472,110011.33
71491,15412.397
19815,3294.5059
27932,11074.445
62277,22647.0
121697,9256.798
98820,5998.9204
142065,8345.259
8238,4198.2896
25045,82418.13
74068,57811.027
94939,40801.4
16962,16896.768
2383,107401.12
13648,112558.53
19866,22489.455
17706,1246.0544
112830,27070.531
32363,17377.83
20871,9088.839
34650,67593.15
80158,20763.584
9897,166686.81
99350,20439.547
80495,8393.2705
78683,64466.387
78295,25307.219
48408,129136.84
12100,961.0869
39437,55100.582
73926,9229.007
52745,18392.828
76481,204644.83
53060,123761.555
100407,34043.434
38686,24308.568
63623,4153.0815
112694,55065.113
75605,73388.37
134242,9578.789
10769,25237.885
83561,1423.4099
115319,9887.479
15023,33497.695
82379,179835.69
72179,61375.727
135877,16921.498
128780,16318.599
114378,71308.84
77116,3789.703
558,11679.37
83153,18463.479
54493,12451.424
113300,7210.114
19653,24880.92
35237,12403.559
128723,10007.56
136948,3478.9736
34163,4318.4614
145597,13840.408
13708,48278.145
148235,65576.266
53512,90486.87
47260,46499.27
45698,6598.1255
128930,1581.6656
122270,10879.231
39964,22053.059
90499,118020.625
109926,89243.49
128329,45090.633
52364,43584.836
104011,38501.016
101596,90932.26
118368,13607.136
121177,7596.7065
66367,10643.455
63371,14956.52
136045,1901.3989
79004,26572.348
20667,6318.291
20351,18666.895
3263,29867.328
54180,243857.36
10540,17717.846
82783,4019.4832
41313,12621.421
128442,11262.17
44152,10653.735
124380,180057.52
132872,32009.035
65574,48081.297
82203,54623.113
48932,9258.352
24766,9766.68
71443,29868.781
102741,7718.409
45581,24377.803
53746,13883.297
39651,2967.179
47206,40877.918
49409,28103.924
136851,11888.31
54848,48050.137
41108,35977.887
12624,11901.851
87561,59141.195
134206,40038.734
75710,10114.515
119476,18391.621
101321,56425.48
72938,49990.258
75080,42074.938
80327,38847.227
83965,1177.1017
92874,96163.91
18153,12533.46
133640,11374.735
12650,1611.0956
52170,8410.425
79954,72940.36
132564,91221.766
75004,49475.105
52665,11855.438
48134,17826.014
58195,54327.133
114692,8715.712
46085,5289.469
67232,132383.08
32435,38089.6
87764,22162.2
32444,10224.455
25337,61223.586
38411,91342.43
5705,9094.41
56499,59175.906
96813,11573.937
53493,13206.95
59698,44542.074
63893,7467.257
74432,47580.004
79885,12772.174
15226,292784.5
104309,7870.565
128832,15513.849
7271,6520.5303
36731,66750.61
136778,3275.9768
141375,59375.133
19108,82576.13
2986,5333.192
29725,10640.159
57689,25619.463
16997,4397.233
109318,44601.67
108215,4908.9775
76542,41763.38
101355,67420.67
26237,40889.637
76549,15205.336
133388,111732.96
38489,1381.2384
108970,13497.844
28561,47195.457
83101,4921.8496
48405,1767.1323
122635,14030.428
61660,32539.39
132693,2064.389
26286,6487.0073
70142,103829.54
113238,17928.916
101528,18004.941
44561,10179.698
23173,100083.625
7711,23092.324
65056,89427.664
36714,22056.74
74164,17796.408
22672,127131.46
57576,10150.047
44205,44573.355
126747,17692.21
144409,32250.957
56528,19620.223
88558,20328.883
145770,112224.56
81270,13094.251
112998,4677.204
142471,33065.098
46621,9371.666
94536,93012.25
111164,10723.551
118273,8740.138
52961,38075.53
30797,168197.62
66441,28515.969
14521,5382.4795
91455,31923.219
141678,23662.172
72335,13516.327
106045,65012.895
1661,9247.828
80987,22533.525
46921,12901.869
120875,67332.32
10410,29554.012
133718,40088.402
144878,11916.861
31078,26356.979
60777,178269.22
64272,22109.209
51189,29366.54
59009,36150.49
112446,29260.123
5146,71787.4
82719,9985.346
62166,15656.044
42563,5765.0537
16071,3011.759
59980,34732.383
1136,2347.8623
27039,6365.9595
22155,26596.703
126372,102859.21
127766,5128.6323
148745,6473.3984
130480,5899.9917
79441,10340.187
6313,8809.232
128150,14586.565
137442,14833.775
39129,10686.122
22804,10626.975
59610,5319.801
23786,56220.164
26410,16859.797
33103,22910.738
102658,8228.591
27281,8511.741
68441,12555.606
109109,6482.549
10226,24215.97
133559,36159.312
30509,55856.277
82905,3942.9678
140772,4177.5737
53025,64948.023
147614,30416.932
97937,31703.318
40658,18874.666
10978,9333.5205
76574,62066.406
102974,20399.434
136497,30115.482
122654,52283.78
27690,44246.004
82593,29441.775
95425,9537.519
80280,102020.74
56173,10718.066
134857,28359.3
67028,7710.2427
15104,2025.1238
5027,151470.17
114061,18442.896
149132,76163.125
116617,119931.28
79448,143566.22
86446,15489.899
15939,2428.0544
143034,72474.586
35004,14086.07
140244,6247.4326
9133,100242.16
2863,20560.988
94975,10516.779
132514,8586.02
109543,9423.617
20800,43034.49
4132,53482.434
39896,6477.3643
53941,6299.933
94425,22872.86
58809,16396.074
78596,77928.13
108057,62657.586
108984,6824.2046
74904,15987.317
4065,5104.344
68078,35127.133
69073,14524.522
131961,29545.346
121662,11626.414
103186,10139.213
106332,3030.8938
107965,12315.973
131016,33151.902
74281,30095.6
39485,77737.38
65966,56542.418
108664,95550.23
76046,6123.0225
73389,68157.14
76534,20001.172
33521,5833.617
144405,14077.244
148070,271913.06
12160,36037.625
128883,20609.814
90452,37736.92
28261,10724.912
94464,10656.477
2944,8030.303
16784,128472.9
48818,40145.605
134565,6026.3896
103364,16606.936
57403,32108.65
100338,108205.19
44330,12333.43
93236,145787.53
111440,99665.29
148956,21081.473
128881,18623.754
25646,24314.72
15715,18675.828
146172,81139.45
30795,17364.102
12911,12708.562
99979,19850.338
52724,95597.26
83892,7770.0205
26418,4080.8743
130037,110339.664
80131,30039.295
45946,9183.06
6137,74569.88
28511,36611.188
106633,6796.745
52200,32735.139
113433,121615.99
40477,40995.99
16162,31799.629
94763,13570.249
100090,14263.471
42026,48893.254
106492,19944.207
115716,3393.0693
34528,7983.723
16753,12986.228
29250,15090.975
5616,58874.78
72084,5755.4297
108046,10666.519
115225,6963.8047
76979,25272.191
119375,8285.059
40894,3783.1086
113393,5265.482
4169,95348.86
33987,13817.938
2417,8966.897
148464,367245.22
95635,16816.762
72951,255233.83
106299,3423.153
96256,31163.564
110651,63616.418
94785,3537.0015
18142,25869.291
85913,10721.806
83882,50365.855
71559,36655.51
128197,33947.79
81499,78887.11
128219,32763.264
132318,34660.277
27184,12147.509
85729,135924.36
41277,26731.238
72403,20547.336
149633,27853.174
41989,3004.9873
20894,2076.6538
45226,414829.4
116115,11066.138
142946,9832.259
127537,114524.83
73051,24722.645
138023,97754.05
30746,13119.618
71650,6240.869
119452,28564.533
28946,235353.25
146062,72067.84
10262,1349.9297
18746,33814.523
38827,54227.21
44726,56129.008
6387,927.57996
14097,95757.98
85358,19158.916
52481,132560.25
31243,9346.208
29700,8098.241
148437,100613.98
106128,140480.11
23980,12171.424
35289,25741.709
68069,5825.3735
36924,27025.95
28791,47872.64
128287,11326.792
142732,188108.66
98641,36457.453
60994,8569.076
17164,1987.064
9907,83488.78
140087,42045.94
44128,7148.605
87246,1983.1425
48371,3434.4377
105116,11309.861
29478,7884.601
63416,23027.625
147590,47119.082
92926,20324.113
66212,3896.893
34675,91003.3
65981,35015.51
19551,3531.1904
75709,13629.863
47982,68049.67
70965,41688.95
135549,15837.398
75734,18990.66
26337,16314.371
92149,17845.371
129959,72591.445
59823,80737.14
101116,25711.861
51765,9386.046
110963,65549.0
111988,4145.1465
88675,12883.372
146157,9658.855
77668,8649.72
17766,17588.531
39206,15458.473
119840,6269.521
6713,46389.26
143828,27874.992
59476,56478.664
100443,8557.331
134027,797.1678
144922,9935.557
92683,32896.82
118036,37040.09
147421,10526.744
122126,26598.775
91226,11179.0205
82042,58870.332
58214,37089.04
31071,2950.0237
87592,39515.074
119582,254986.62
131013,11442.602
17372,47205.547
58224,21200.092
69827,18831.719
122315,25821.654
54199,104741.59
115105,10153.889
108818,8050.016
98441,15211.913
82536,62426.47
68017,2381.851
140398,44843.285
6324,53613.934
127786,15007.672
133030,55316.21
145923,8618.872
84656,40262.098
54567,38334.51
101318,14456.915
68749,103508.586
39542,14187.249
20406,20282.31
84189,13133.258
42114,11267.122
133358,10374.828
102181,21721.494
51515,7700.0083
90972,22241.795
113960,169448.67
37456,57709.242
140183,96988.984
29050,81523.734
108173,152859.14
81476,60814.652
20001,25083.979
65291,3437.3713
17157,88150.63
80413,12324.847
119575,87952.54
89107,61536.094
45603,75682.3
117654,143379.6
86488,18880.46
20986,12346.827
126925,16323.162
93643,28896.21
105340,84169.17
143962,18545.328
135122,11998.3
105501,45989.105
15374,198852.19
77329,26105.996
71790,12350.874
35905,33618.09
10940,18243.115
69067,16098.535
26326,6884.1523
101710,126947.58
130877,6824.9937
33412,11065.152
138483,23177.057
10957,3048.5034
45350,109234.99
85335,65715.39
99197,45856.863
96302,52660.074
30189,13212.55
15830,8920.821
95242,1481.055
44449,14066.184
75224,16517.248
99429,3107.0056
94245,6805.541
22237,9822.947
14,21993.0
45846,85409.55
1808,12777.077
70174,155175.05
96980,3784.7488
84897,43491.188
109681,16328.439
24238,6012.2236
21583,32958.43
27745,20563.168
27468,6338.8867
113598,-1230.6069
72422,125871.914
39597,15759.634
21599,36490.434
51762,29240.316
28466,13625.855
19192,15158.69
134420,12371.658
63349,23877.059
99361,41281.715
6057,10457.711
14161,12400.153
68353,21240.12
67267,12130.491
30475,44679.527
67079,5308.658
41117,6188.523
121639,189477.31
6656,223358.12
142063,7520.813
112486,137917.08
25993,13201.744
20827,10755.661
4436,51550.703
138782,16403.299
90888,10686.112
120442,5744.4683
85333,71264.68
145355,136216.2
79706,72768.86
13782,9230.352
70135,8427.156
53173,40399.312
126798,9151.371
98067,117049.55
13086,3430.7952
135440,138842.03
43603,34338.465
80430,70688.94
132657,88681.0
58940,19843.74
17034,4170.899
77208,66685.5
93250,12187.307
22395,46056.938
60130,7869.3076
130892,7583.6177
108647,1309.6772
95658,79873.94
31516,29715.71
109514,39786.637
93269,59382.83
92108,21940.975
95775,9270.633
93182,153935.3
129589,10095.254
11235,30291.88
130001,77920.61
83115,6116.7334
95309,101960.91
33343,44975.66
15907,57541.168
140090,95345.19
95570,23497.682
80847,106161.73
109137,5546.187
87673,68446.945
14833,32210.27
69102,36199.277
103551,36812.535
70478,8032.3047
52436,3246.7212
18072,114211.87
36631,97551.78
54802,7780.093
3498,14552.762
107229,2582.0295
146960,38312.82
106762,4536.1567
133578,39328.863
49705,110829.195
94514,12484.485
80582,7916.167
123368,25451.75
29383,103892.63
145952,466.5775
91703,31170.768
110010,33613.707
147512,4532.5923
97667,75646.055
116457,24545.043
144505,88178.09
138528,2791.391
16337,76710.26
74901,17518.768
118054,53766.836
43448,7347.51
4412,11075.838
10623,801.9078
56031,243642.88
112186,4300.398
101480,6914.2017
39130,15117.903
6513,64842.53
62651,53087.844
61246,27768.51
147300,16190.552
16044,4810.379
130323,54812.13
83382,12031.105
139708,8916.767
122200,47540.016
26002,29312.621
41427,23729.24
123085,5870.9434
54477,6301.0684
124567,58282.754
145401,7056.53
15249,817.4038
30859,13074.4
132567,33577.766
71535,5218.0947
84455,30895.95
88397,30346.078
123456,35902.57
48433,12894.806
57400,31764.916
134559,30964.803
141663,7341.626
62214,87245.836
70808,6026.051
63274,67692.11
85646,49369.89
141573,56421.97
123802,45175.438
74975,26387.797
13388,32437.076
32368,50610.46
81715,75572.555
589,11420.289
61854,12969.938
128855,338786.38
136381,105488.6
47827,118808.266
74748,19347.299
66520,13193.723
78302,6491.9434
43534,24420.295
135921,10081.684
109685,222843.23
43749,39238.375
40410,16560.96
102661,12794.51
93510,73511.32
43945,31640.242
32067,54745.73
28025,44709.848
122305,87471.11
107878,15395.312
99983,27636.822
1820,16526.08
92119,24255.432
4617,46605.215
116790,15531.509
19988,13161.119
42786,8510.438
83928,50366.074
131233,64362.61
27954,89456.81
92902,18191.312
2728,51074.195
114915,4107.444
3654,9122.749
28431,6867.801
94497,18039.883
14243,145194.34
48441,19931.562
11270,8146.55
6834,24399.545
49172,32677.537
72430,95324.21
81372,68902.875
130511,25651.652
39016,95890.78
128405,81071.07
41735,51520.953
53897,346194.8
128213,49542.09
119618,24556.744
83676,4422.75
108748,14832.195
108923,55846.234
27097,88577.1
148872,6913.9536
16966,137936.17
107155,3144.585
107784,100758.555
107650,15439.563
22895,279905.94
45344,19140.133
149787,2139.7773
80551,22655.926
96487,2911.9797
128688,34434.996
97680,-94.43469
21171,31027.754
51204,35133.754
61240,48118.67
10749,161129.86
105798,111302.81
26578,7495.578
61274,23027.635
40804,9767.93
135857,91412.945
59444,17619.348
53660,38545.504
26170,10118.174
64439,5290.2847
114592,6220.932
56867,2261.7769
140700,7673.006
136527,279905.06
68051,56273.67
93498,9128.419
89164,26675.252
113922,49999.46
148134,140169.58
13755,24264.0
63325,5813.1055
2783,41043.42
94791,23738.027
113993,2804.9333
2400,11461.479
4593,21650.184
76081,123390.34
98138,114626.44
141915,58142.547
17916,50030.395
136916,30650.475
62833,3712.689
1725,18418.701
109620,40812.863
128031,9425.576
82557,112350.17
139334,246512.47
122859,64149.023
45317,18139.518
26373,22464.488
47227,13541.118
100282,32777.32
74092,9303.363
137339,27134.145
108068,83068.586
142601,14072.637
9640,15224.747
40447,34810.703
11482,9469.324
73616,66820.375
86250,19613.008
14129,47766.566
4004,91192.89
92612,5820.774
67195,10922.562
43573,27790.498
145500,6612.683
22595,21672.896
24743,3834.1748
25090,16529.67
101454,39160.938
24582,145360.34
58043,106726.4
46844,73315.336
68653,108158.29
117486,16113.489
78217,33625.582
46191,65627.29
87566,279409.75
75687,7844.3706
111727,95477.99
90605,38086.62
79074,14299.28
41848,20775.543
33349,37445.703
146975,9434.209
33581,13731.89
23321,3530.9138
9218,36572.473
132459,4314.699
91862,36057.445
92532,9290.923
54701,7568.6094
104270,876.73193
134500,33272.43
149488,6863.569
102780,12765.612
127345,24173.365
3752,14996.511
69549,8502.938
19730,6677.532
38457,8164.5513
82492,7648.7744
56547,8542.678
51335,12804.2705
6800,19041.48
69031,44723.07
100774,35693.863
17704,22591.133
83639,3097.4941
149691,14292.138
53467,6880.194
118732,41342.3
96952,17500.645
122007,117086.766
2379,13157.929
887,10321.207
76269,88533.71
57380,1004.18823
131257,33391.29
83400,4720.4946
65401,4302.0493
2550,8695.417
92763,22357.44
97350,382065.97
85790,28543.55
70936,45448.3
47997,11251.758
65509,9419.296
141625,94457.125
94989,12736.565
54602,9839.226
96008,18455.43
93630,6067.977
9168,130007.44
81160,11845.356
70086,59019.402
126858,33648.168
58905,22145.172
31299,40501.77
78498,75934.34
118477,73448.96
41333,18661.234
89104,6302.651
2734,26199.219
74070,13555.62
125358,176230.17
2969,6056.2104
25896,4031.8953
52005,41960.0
46736,4357.827
4122,19886.41
116412,17028.012
44007,46478.32
75718,16567.723
68838,4596.291
113576,48180.16
33531,47740.074
7088,5934.264
8039,7806.5083
104397,16387.738
123945,32813.0
76916,12910.196
12630,43352.367
58811,9949.356
6777,21201.834
10405,24781.824
140596,9074.623
113823,22779.531
85816,19683.2
65483,22573.473
21206,7100.6016
59474,6340.028
69693,13414.919
28565,48320.668
125268,14552.569
125359,17015.613
14022,15005.496
23148,6832.9062
35513,73174.82
77145,17687.37
128534,82476.05
130423,35664.59
40284,12192.536
86340,95694.734
60863,32089.828
89657,395201.25
52732,8856.393
88871,3342.4219
5005,12354.927
1795,40374.566
140169,40071.05
109589,70009.45
62348,3109.5837
146826,13819.651
22175,14608.965
117098,36221.582
123175,5225.5215
13942,23687.555
78535,11941.794
56199,117686.836
147369,36264.812
74573,41491.426
120223,36657.652
144992,11461.001
122029,68715.07
106628,7683.7153
71565,8395.58
111646,4893.802
138730,13707.647
85705,2825.4094
141701,22754.754
42948,19458.814
57549,24003.037
7235,109893.664
106752,6158.964
16654,28146.559
57248,4053.834
136153,16359.77
106214,10456.676
77243,37199.03
31948,33122.72
101606,28216.15
142152,33015.863
34929,2424.0444
12198,18776.271
30931,8133.7295
123183,68832.91
57777,43792.06
130697,17285.955
90732,170146.31
648,182482.38
110217,65185.53
52711,4786.974
10738,86032.47
15474,6452.612
145477,34046.066
33644,66730.516
14038,11359.699
41144,115196.57
24536,11541.978
16809,44277.645
112750,47531.465
98686,84744.445
60635,76569.27
64617,5225.243
62488,26211.637
104705,11568.184
141492,28319.824
28461,25297.574
30828,8162.9336
110046,8380.455
119390,22080.406
2018,97757.17
48007,69648.63
18007,79087.89
112593,40598.684
7795,26058.252
27533,98986.14
37311,11253.042
8418,15281.821
51014,27380.303
52180,104138.766
129481,109176.87
92330,1184.3811
35261,132747.53
68165,5902.741
127639,56982.793
131042,67343.63
3366,4738.6416
81658,27866.166
88554,2900.1292
124246,33208.992
63878,70034.09
24362,18350.773
70128,179223.86
98480,6898.367
106559,10217.466
71756,88727.65
24789,991.3771
118130,4909.793
99081,28662.23
136516,169669.48
11357,1878.373
55565,3334.7053
111396,55111.3
37404,1911.4781
125456,4984.2197
120892,14441.237
116869,5960.6274
129757,40650.9
125435,89997.17
103304,15017.633
51601,8169.091
144262,10343.498
12928,19978.27
149273,177627.44
144539,2203.9856
60978,18302.607
27348,6766.782
147678,30130.404
33611,31734.393
56928,6876.6445
81780,80191.25
47096,9910.218
16856,21016.057
71339,3659.9795
7785,101307.03
33306,12574.892
124676,3233.003
59401,101993.87
100748,16034.372
122379,3496.2007
9172,21601.938
60998,10924.226
20706,40264.152
40494,19345.727
46053,3050.1475
121942,44589.715
67483,15933.487
86086,91212.73
41075,21728.182
39484,9121.843
59550,7908.7803
48661,11525.338
102588,17975.43
41857,37512.043
58622,2015.6941
127661,42704.414
89575,56890.395
124346,36636.637
31006,1139.1459
15223,30720.467
11180,6419.274
86601,26233.86
92265,129767.84
45490,18356.049
117602,106765.33
76008,21634.342
15863,4693.387
25140,2786.778
89058,227307.48
71540,121817.92
147549,86135.06
44478,5375.769
32356,15184.856
14008,45118.758
130567,6412.8613
120835,77204.63
21120,4460.841
88307,22368.15
101944,132635.31
6851,14425.966
130706,3269.2788
130518,25742.988
43816,8536.959
125588,10407.843
81243,18479.855
27410,19336.197
69856,6000.1816
57389,176.49469
63693,9685.873
54682,120893.164
14611,6848.2173
120658,52460.4
7442,5321.793
73780,3552.1497
85374,3239.0742
51770,6596.09
28496,9767.093
44519,3140.8171
27849,38507.34
23922,8418.051
149109,161768.06
56229,10067.803
48044,27838.785
4097,8573.999
41206,8694.275
72996,141480.66
132015,86320.195
119131,6021.8276
4239,73185.414
122195,22980.787
117066,31927.832
131888,55385.586
59199,65316.94
98824,63722.88
82173,314356.75
145690,25330.562
124342,69202.85
147892,34081.855
5265,54392.89
773,88472.53
85402,46707.688
76093,7472.733
4341,17311.92
95855,9468.991
2538,43378.703
85344,6066.474
13067,17919.482
80087,16408.678
2583,129898.89
67423,25118.564
69387,13524.988
117108,196580.6
134217,7594.229
112404,103006.984
12835,4448.2886
57212,41118.812
127969,32871.434
85018,13653.873
26557,33953.48
98814,16918.215
54791,12570.799
149574,7961.373
143611,84045.6
73388,64012.285
141843,11630.592
84992,3991.9915
110042,87158.28
50579,28002.074
27366,109417.53
149715,12029.405
53928,80552.65
105787,8035.645
50712,59544.88
104698,87497.555
71000,25138.896
118387,30933.615
98468,97933.49
76476,7927.6367
6820,107186.9
137609,15401.266
64187,28713.523
38636,47713.97
57676,33441.184
107370,16088.753
39175,42994.562
129458,107400.87
97822,4644.2017
69318,1441.7125
713,50582.426
51304,6383.227
121922,37324.633
97894,9390.386
73451,72869.055
30199,228204.77
140038,17622.242
22594,99766.46
140304,60557.562
92707,25628.531
141844,2667.9749
13457,49765.14
129893,61815.688
24630,66606.48
23069,21771.533
46405,181572.22
4723,11211.387
44844,15226.4795
149322,74315.69
28629,163391.98
11157,36079.19
53056,283.34238
66394,39607.76
8837,3664.4084
15908,143983.06
41202,25836.291
141063,45625.293
89871,44809.824
45401,15584.673
96629,5911.5654
61070,34263.59
76842,87545.72
124440,6233.2705
99932,33269.363
1165,7474.452
67580,56680.016
71204,47053.86
127444,3618.3335
17970,5826.495
41834,25543.582
30091,8285.038
44508,256459.03
111819,2408.1853
42603,4134.4653
72714,24190.006
145734,35483.24
103132,32394.926
56881,15329.809
75776,102406.93
120339,111180.516
24417,12851.757
39663,8675.156
62994,14063.382
11841,14272.688
24403,17007.678
26287,2784.8386
135880,7037.371
87260,7284.0693
146732,30399.436
22294,77332.984
120493,23595.113
15618,12041.577
130479,4157.963
75672,4878.7017
26732,4970.0396
113435,14838.633
114161,4329.003
23909,13862.374
104681,23018.898
999,12280.989
7616,4117.477
19890,64404.01
78537,95948.17
117687,23219.678
80946,212076.66
72089,17165.031
59744,49020.055
126538,19598.502
85636,6434.201
55377,21874.94
63067,88032.21
81398,28120.188
55241,4069.7195
37707,68327.125
97976,17831.785
57815,34099.668
450,18324.771
68520,8775.827
52108,5835.4556
125934,16662.768
62332,53430.285
90413,19120.008
48740,7552.8506
104272,8077.8696
87691,31019.541
35827,47765.715
114650,8586.687
39006,10058.474
115744,44068.645
96205,10602.8545
70552,135426.39
67219,11144.511
133442,58703.293
98142,86512.08
125808,14499.227
139162,9465.13
146398,13879.786
84078,74629.78
56636,17184.082
69322,15181.631
43690,12537.112
13332,61173.93
11659,2673.931
84247,17973.85
106925,47115.066
130554,45976.953
75336,20782.115
64279,14580.619
22036,74664.8
11632,99362.27
24910,5776.56
109374,84285.08
58031,48410.176
68314,237517.72
100242,29359.36
79823,47095.082
7694,19994.328
18102,13533.81
84768,22273.791
93811,40468.68
62327,21803.967
68095,164332.6
86347,8384.505
28551,43790.21
56816,48822.2
47188,64906.855
55638,4825.712
50737,73001.92
40999,85990.12
73637,11146.676
139142,48163.82
25062,51734.215
66761,43479.586
56167,61829.598
92643,51235.188
60344,85423.64
123670,8029.1025
127626,6348.339
116373,17295.324
58496,16133.35
31453,134750.45
23444,40969.145
115483,5204.956
51148,58664.64
63280,369.5325
113673,52575.27
126293,27706.57
135454,42970.344
128217,51072.773
53877,22349.484
35192,24184.285
78941,35837.766
130265,54461.63
117612,57695.797
104456,10638.998
103441,89524.82
82315,7963.2627
7640,7011.7944
37724,5178.0664
42472,48074.195
140051,54423.293
50747,38846.742
58372,17586.627
142896,18320.646
20060,37136.484
102961,3382.054
97848,32108.65
9695,55038.477
64766,122446.58
64996,4002.4097
10386,53344.367
77124,17765.71
134080,15907.3
50209,10060.025
149440,22713.137
135996,8128.6475
92767,14381.5205
41016,261912.67
142874,5035.598
44567,14608.935
123369,6101.419
107523,70125.586
119597,77946.53
136984,7912.8335
32763,18660.219
103393,23769.674
44801,101964.96
100548,11079.054
38594,4749.36
96859,11323.706
37523,174074.0
52982,39925.605
139101,79747.54
86774,49085.992
122734,46936.48
36469,75353.86
23646,64256.98
89444,23803.482
121415,59805.926
59592,62738.133
138653,81651.39
9042,41046.285
140900,34161.2
98038,36597.723
109642,138166.42
129407,44330.676
123641,112204.13
144159,32652.906
111654,10437.571
100323,7034.791
24142,7357.759
122551,83710.164
6762,22386.373
88263,2193.1013
127641,85599.914
42047,50386.113
30368,74994.68
50653,130927.125
61746,19925.607
138364,43148.344
49428,4833.6724
116591,13191.242
114370,53745.418
103522,21973.395
135554,20990.457
5779,45621.562
121213,3908.554
134596,15474.895
118816,11684.109
23536,31103.086
19471,74055.4
89802,4341.245
42302,10110.413
56132,146971.83
83802,65621.99
94295,82459.516
71109,77297.76
73351,32007.867
4765,6688.0215
40405,103263.85
4376,35843.805
121122,37473.902
4019,14207.224
9594,28693.967
88283,30715.611
16942,12532.862
2675,16596.13
85390,94525.46
87497,24020.213
51929,77469.58
137461,11111.594
6103,1907.2075
72896,2184.5977
7538,124710.19
69676,4887.977
84445,237295.55
54083,30593.361
138104,14295.776
50716,8721.365
14130,5336.6406
75503,35073.844
87926,19512.412
104395,79161.734
43742,7954.2217
68004,58094.58
70545,18702.883
34716,116536.62
88892,30055.482
31429,45440.91
53835,17737.322
51595,60708.625
119268,23805.455
113978,12297.763
134138,13816.819
8822,28425.002
92873,5258.1357
3604,18822.414
43251,95327.94
146000,6227.1147
136923,15674.491
40053,13935.017
88785,17839.47
11848,5744.1567
65601,154629.06
80809,3125.0762
82160,20536.904
146165,8870.612
110626,21548.557
41258,12881.109
115776,97997.31
127475,5077.6196
80745,79271.82
21005,50324.8
149115,22077.287
129288,43527.266
112569,106018.38
26819,9179.499
18283,7319.74
93066,4555.89
112324,47693.438
148516,7672.6636
3949,18192.28
123741,121082.22
10835,10167.403
61409,10826.635
102304,33858.98
102506,213320.16
123684,45311.324
137443,3757.0967
6797,4993.162
60544,116992.06
132681,7910.812
99043,29429.955
65393,80486.195
12615,3845.7275
147186,235311.88
103424,51632.05
45019,3900.1643
111802,1332.516
143991,96297.64
53864,11265.356
136242,192445.11
128935,32802.54
129388,118614.84
79978,9078.722
3401,98537.734
132619,21940.457
139104,6454.822
100937,89864.04
93882,45995.79
126547,8275.009
51652,5663.307
110198,65963.875
113948,171713.83
62829,116839.33
82679,7275.1187
101962,309028.0
26780,5432.6826
22027,76998.055
74734,24727.234
116710,6903.938
25628,9192.077
70968,10767.673
87791,41855.0
61098,49394.598
73153,55701.9
139611,18676.031
15409,5008.0864
18260,1672.3696
95024,11268.354
145526,8647.265
61458,11923.788
24519,19107.668
103071,31778.58
6128,136753.75
49548,8693.419
42349,188432.5
92865,22617.283
122387,22839.988
106615,41816.9
82162,21541.602
116851,8292.732
135400,8989.205
148040,3906.382
59875,5209.8555
90328,1829.5348
105273,214588.95
119588,16879.125
38268,119816.055
73010,7744.149
117052,22485.912
3274,18823.414
113901,47221.78
98953,24035.537
112870,19666.752
99823,3882.0796
76741,19841.258
2844,126460.57
71620,25122.559
34137,13294.78
145103,5876.0215
66073,9202.616
48721,8837.808
143063,9384.633
91369,33159.977
34999,20685.654
41673,13048.444
1480,6783.794
141321,12642.889
46745,1512.9803
50571,9998.826
72026,6727.5996
113847,4707.145
115229,16382.2705
146930,3975.2185
148284,25004.404
13940,17383.445
52585,65338.395
78633,136948.12
132685,5104.9673
102786,16304.58
149689,5420.644
64410,1044.8755
71919,31952.523
31685,35605.785
50839,74749.48
25912,15154.42
28327,15094.433
38168,49980.883
23029,10745.127
133889,5992.959
54136,19385.67
20436,5371.8657
121382,206455.08
13379,36948.54
145047,3843.5312
52776,79163.016
119935,6729.684
75797,7154.1025
3088,27219.79
72405,69429.88
98314,137602.22
41169,22735.307
27052,149212.72
142708,31496.41
36931,25705.604
65284,1158.3644
67472,13085.089
68363,68353.87
5208,9156.245
83775,17321.621
64937,2947.8757
97578,29159.555
75541,64344.42
80437,5706.423
49700,82750.375
125481,104387.96
84830,32778.492
64781,8375.899
81580,30596.035
79088,58832.23
147540,48510.516
43329,65184.926
68020,77397.11
118766,104454.234
141436,57726.527
59645,160790.58
146078,1001.63806
17225,72795.23
55206,1319.9868
131245,17855.434
83291,2912.0603
51301,13035.737
107381,26416.59
90450,6898.377
69950,23486.066
98755,9647.86
39971,13810.852
46332,7007.423
148418,5821.8813
104241,23473.652
53542,45784.383
104734,20217.13
146334,89905.67
52586,18499.275
77120,30377.027
7637,2197.2917
8325,23992.377
125260,4713.4688
54375,44556.062
92115,50634.973
31890,125047.92
29018,6001.1694
40624,56747.594
63344,14248.946
81124,17614.178
8330,12252.396
112322,90239.68
12931,1168.579
58042,65619.81
147620,16315.388
665,18914.068
125896,33234.56
29147,37381.008
61518,34974.223
107663,35457.62
63269,2430.9978
100121,9340.153
71678,45807.14
128923,10806.414
139537,13085.523
112624,22876.172
76366,57072.395
83347,11144.303
141334,30990.025
77420,20377.766
3314,34589.836
99555,13861.957
81197,75635.66
70026,15019.289
62434,187354.5
120918,15066.547
105997,5259.4907
47916,2977.9849
137107,15171.373
74813,18480.512
36713,6461.639
23324,5685.803
4682,5980.363
119660,21956.012
76762,15178.046
120003,26110.812
31040,8650.582
135173,22666.686
123746,13305.843
55872,35083.758
14336,5174.7407
67803,22050.86
146074,104113.78
26413,12602.797
5472,114585.24
78666,7162.2617
22898,4051.605
88919,76643.57
79222,41629.598
67464,42268.65
53649,16635.402
74407,33730.305
86881,26549.402
90116,30426.08
144815,42677.816
93369,40848.273
116162,80983.3
58819,40868.242
61780,7950.26
66363,21702.25
115800,26837.244
102880,120922.99
138827,109103.766
130322,52816.516
122536,3810.687
89092,10610.654
54378,9543.368
93252,68223.28
97136,16271.453
73751,37080.004
59448,9729.707
137509,52008.074
13142,6091.7607
51797,62147.266
125837,16319.274
96279,5024.697
140204,4820.8926
34759,3192.1052
85477,66919.28
87600,131172.12
112355,49139.664
120108,23988.748
39886,97292.46
24506,12648.8955
92704,43501.453
91485,17377.816
86054,3974.2197
120518,2317.5312
19666,127361.445
29594,16708.578
142004,27782.424
40349,51957.375
100923,35592.086
70866,1888.5248
32387,12992.654
19736,104077.38
92692,6051.8633
97115,101914.69
90879,12592.792
102594,11770.502
66268,1495.069
42445,68817.33
39336,34990.695
80598,13740.462
51419,402.919
111698,55228.45
19046,10910.428
149077,2432.2297
15346,4451.7676
132829,2281.0469
55110,3299.3425
14506,115336.56
43753,2687.8674
16009,1694.1367
103408,14942.409
105345,75239.91
95702,9961.597
63951,32543.518
109533,22336.975
93352,36604.49
141823,9869.759
18121,239297.7
12450,9550.118
65845,28619.43
127291,1989.3105
29239,23538.246
129715,4098.3735
85911,6270.4854
55924,9836.564
18937,17409.13
759,57414.594
18756,1127.7657
4167,29697.873
2651,14569.414
3191,37335.87
12589,40868.098
93698,35934.867
75194,22883.27
7119,6300.737
22130,27619.393
43103,25547.684
8482,18531.709
53602,41160.79
91682,96646.55
84254,70610.67
100619,17698.465
125584,11825.666
65830,21479.38
90144,14994.321
114524,47927.402
23816,7088.3267
131495,17366.523
144531,110792.56
114621,34343.645
43510,20145.83
69147,1119.2471
19054,44294.69
63952,10456.303
26358,30193.762
24803,5849.232
93002,90699.83
85124,19808.52
30142,57128.242
32021,45101.273
29201,21404.463
100261,101862.1
102799,11441.938
144397,23972.803
66255,148965.86
18297,18421.623
9676,78028.01
1939,6385.318
9207,17744.312
69004,4355.705
50016,53042.46
44407,6860.4717
11310,5885.9443
84000,23178.64
23453,27266.041
111948,133177.9
6792,193146.88
140949,3196.437
93307,87849.18
5022,10184.157
141671,81162.43
117667,144845.48
4784,24619.236
16007,30756.703
54699,22801.547
121551,4136.8667
124755,275433.78
7778,165032.97
99548,6257.9863
33003,36469.85
59684,1516.1849
103353,23278.344
115803,101869.47
144991,43924.227
2575,9126.251
3628,3168.1978
55252,35865.99
37831,16501.604
75804,4369.583
95745,16487.273
75872,18748.062
111938,7922.1797
136352,31965.45
98214,63587.168
115996,4515.169
92579,16362.068
41709,7284.807
115061,5032.7534
121600,156324.08
22834,20169.176
111368,12310.0
20023,15192.536
148867,8845.96
21770,47879.125
4251,98403.56
75867,52938.46
25169,113378.95
104781,24339.438
91091,5342.587
83031,159897.58
13667,15432.943
70383,9365.074
64568,50967.855
88524,2586.9275
56819,4177.8887
71561,10804.168
134512,127338.48
79306,134728.81
139529,22358.912
94869,3681.1724
42671,7366.471
94421,21098.004
120565,15870.559
89622,51401.51
87196,52991.16
124918,8879.919
53523,12475.748
34751,24610.172
143669,60560.746
85653,34032.203
16835,10788.703
16318,46208.03
143589,6143.3667
103920,21889.514
128248,27878.814
89637,5759.7095
44655,2026.3273
5885,130110.195
130359,86280.4
30858,153598.94
58121,7719.6694
20508,39382.35
48551,40592.78
66549,4638.8413
134313,22762.562
941,6507.135
132804,2185.5361
62317,138010.45
55887,13676.114
16967,49423.703
120817,23838.723
48984,35564.562
17060,4031.549
98662,29139.94
136584,17188.361
107801,10236.02
140192,11300.215
34860,51134.223
124023,17086.178
84392,30616.08
84103,11083.109
55648,14410.476
74355,108223.76
54824,22497.979
10294,8066.055
70204,7399.7417
145436,49819.31
149444,7230.7617
79772,7861.508
30239,2592.9043
120512,9321.291
81271,29983.79
34288,26567.822
76391,3348.5164
113106,142208.05
31285,3981.2874
85377,37990.586
55853,204691.52
49625,15031.586
87050,3016.0134
45907,81456.22
12483,27705.475
54063,15948.752
25068,67123.38
143105,11868.127
100344,7015.5474
113430,28771.943
34208,51290.26
2152,11083.936
40356,3608.1958
87222,44559.65
134959,4936.6313
81830,5971.7935
53063,102572.31
78700,19288.807
88960,54715.1
51660,9324.425
149907,69743.01
57377,24402.5
71896,75119.84
136554,8070.358
57838,14672.899
22812,52022.465
60897,26086.514
56382,6037.1074
99678,72463.64
5389,5673.617
92946,20961.414
71137,4244.2305
106422,41937.113
19087,17455.377
63236,14292.189
107256,79450.51
133653,38813.367
141629,6597.174
19638,27718.3
3289,45142.645
138755,83928.48
53531,3744.3777
50417,23624.31
5882,9836.035
25449,22996.734
45065,73629.875
95479,78237.59
52223,14169.129
53668,4522.3477
18228,17103.705
91443,41340.89
97219,54570.645
40488,21288.492
7444,53796.594
30686,3258.7656
21909,237232.36
28922,15066.104
17549,16538.018
14684,20066.846
41812,24741.01
58753,6393.985
26042,19709.512
129716,7755.5527
96433,10125.628
59449,90625.09
10092,42081.0
29003,108028.19
77832,82635.57
75514,3142.8445
50108,11189.866
82715,33522.082
28988,6153.0757
108358,17174.516
128715,125797.07
102505,10655.534
53207,12807.334
116508,7056.6426
77312,2410.23
73989,7471.1753
28356,6691.2646
59128,9059.048
142005,7033.085
14230,13168.914
7960,25158.95
120983,2397.8525
29670,1760.2715
131762,248158.25
14646,121217.38
136458,7340.1187
84244,12660.792
138101,6867.363
124263,8167.305
138028,11910.44
145069,92223.11
14980,4954.914
52342,5853.386
57613,75327.766
54698,23870.023
21152,8714.827
34314,6431.7646
107805,44186.562
148700,224880.5
148587,3350.3088
25118,9560.822
134257,5823.5366
141267,9049.527
61913,53570.785
138862,14103.949
108528,144681.73
85572,91006.54
22116,4192.3516
74013,255217.31
44967,13236.932
130735,19187.541
104611,17513.584
93191,16185.227
2522,41231.402
144196,20927.309
13239,25057.645
7189,95802.086
61319,182322.98
127273,15605.69
54506,24187.852
110519,16813.404
16180,13008.514
64137,29652.227
70634,24503.805
46897,8727.655
18310,18676.654
68454,67015.164
99693,27500.002
54259,41856.74
43947,9461.333
45759,10390.844
59347,48635.508
113271,8263.406
85094,34918.812
35494,15125.424
67487,52731.047
98631,49155.24
44480,12835.016
56828,185823.23
63329,13996.646
95322,16683.803
3188,66286.22
77851,3946.3262
137060,6583.627
72440,13056.578
21056,36244.906
38918,4765.0747
65491,11276.756
133818,49074.766
43332,35271.88
84074,17212.291
88505,27655.895
32011,19711.564
148550,76986.55
95511,12135.714
41796,24109.219
94078,5239.234
90367,69268.24
61187,55761.285
50315,77312.766
149945,44585.098
92768,52550.406
112504,92078.83
139496,9514.6875
143107,108628.48
16513,34331.03
140848,5628.1836
102761,14351.83
134154,2898.3765
69650,123583.55
71960,91729.58
2428,18828.703
131279,11012.971
122995,8244.829
57627,10002.656
139900,18697.4
43621,27209.344
87539,40027.77
120061,6911.764
46922,9565.456
76615,18280.107
146749,1501.5012
143969,6400.258
13168,10880.197
21447,24802.535
42300,23949.018
133707,46708.76
132703,18589.107
40191,27869.787
125324,8653.905
85408,25736.043
54563,70446.69
75176,55946.684
92430,44081.02
85154,21183.701
76773,7585.317
63068,10861.401
107167,7760.455
127816,112359.49
100082,71292.51
135642,51603.28
90382,1159.2827
18878,110390.766
38199,38923.047
111817,74243.78
16757,22707.086
41736,49963.05
30798,7596.8813
23238,42695.07
137924,27482.488
82987,354.41895
1264,16449.062
24999,15742.496
143192,135929.47
126214,5419.125
25434,60255.31
92925,45829.727
72132,32532.049
131020,3229.9106
78835,57341.973
19835,57144.95
44243,20997.33
2669,131010.72
54843,20232.393
89369,20059.488
93126,20123.15
27516,32413.174
69702,9717.819
98991,36997.957
6228,104291.1
78161,4661.094
27519,55851.72
29694,20402.13
35505,23778.596
87208,4476.868
139122,7860.3066
26225,14407.855
111018,199392.75
57281,184211.6
148271,32406.41
71715,39567.27
64918,6669.6865
130834,4031.921
46403,30908.195
2878,147216.6
46142,9106.751
6939,6497.4937
58517,10089.973
30258,6740.788
66326,77165.27
85108,27022.24
121417,3125.591
22604,33780.47
46223,23532.49
73962,20246.648
10186,17498.111
88617,30756.686
127053,118355.3
26187,83942.92
66768,20742.312
59355,39076.66
111716,5336.927
50678,74456.49
81970,177807.03
11309,221045.73
113496,12219.398
14339,159210.31
24041,15573.916
117421,154802.39
37254,11087.429
83475,32112.586
148720,5920.7017
61064,9421.794
118833,8144.1113
115408,18529.12
138766,13009.832
2077,178895.19
87171,41255.637
52606,11884.84
143940,18784.58
5065,11068.661
102339,81229.53
148585,25713.596
84754,9342.795
97609,15791.144
6384,80799.99
48854,84948.34
25642,6292.585
101212,15370.646
94948,5951.487
54937,15571.703
34395,4794.6816
15479,55121.363
176,14486.6455
60746,6866.44
8410,18540.564
98963,92995.23
23128,25218.807
141718,17164.854
127280,4870.1567
84734,3421.2146
4277,38949.117
22064,62303.707
34696,23934.973
11977,79074.03
12855,20115.277
60359,4541.1772
27870,153064.77
34385,45941.574
102007,11330.708
113366,99874.86
16850,75013.93
67703,16822.07
137802,26758.686
13972,16894.14
40660,7205.6816
25092,24147.385
119616,55626.15
148119,7782.294
112605,16038.372
13636,1002.0789
144942,19052.102
8727,38109.562
6903,5748.432
35161,28120.621
120119,49442.633
26094,6051.957
53547,45360.84
74208,24162.309
45861,45453.77
136989,3561.4626
7977,16179.659
125876,17684.293
29066,12113.261
75841,42283.492
115643,195244.48
53206,12746.317
126993,36092.906
74991,100396.97
96360,77779.01
27637,29640.137
66285,8716.279
139279,218225.17
19780,20752.97
113896,57542.95
80427,4256.1523
101288,152520.61
140631,16859.955
112791,8197.976
94923,22210.455
3098,43562.082
148943,6077.326
46050,17770.668
93759,42688.945
46880,1125.341
34460,58877.39
89228,18505.488
63670,23979.008
75361,3623.8665
47153,3477.727
137595,14812.373
82604,13867.834
93635,10510.433
107757,33666.73
69514,7251.0605
13072,5598.763
16392,6067.6255
121157,20964.271
65900,55310.52
82927,6086.381
51954,7003.959
23112,54293.242
137610,45089.043
125194,25815.285
81928,7090.2505
48198,4168.3413
20918,23955.523
10662,6783.9175
100756,16697.83
31001,10685.619
143565,23601.883
110195,30610.232
101831,8800.33
116334,53542.66
133569,42485.164
76742,6689.496
98744,33180.176
121384,128983.805
117467,3632.058
106920,23724.547
98066,26233.93
121076,36263.363
137611,14564.253
89219,45600.438
81968,9954.005
130979,14387.033
5088,4275.4937
146087,108205.19
15414,10159.979
147630,9590.494
66223,36653.293
139028,74487.33
98987,24335.756
43824,2525.936
103271,59926.504
136022,46944.414
94134,13589.125
73627,123907.52
119090,15917.731
64896,22065.734
116475,194809.78
126923,12105.023
90678,3545.5618
138027,10446.214
45987,5614.655
87710,29699.113
17505,43019.02
89925,25877.951
105277,46175.43
78738,42585.605
33039,4199.614
40319,12321.837
140936,36214.984
42204,9117.496
39990,1029.6399
112941,25549.723
102637,102789.59
105930,6545.0796
105594,20709.342
90097,27546.902
131258,8647.513
97263,4383.174
120078,22291.83
33303,28708.158
114496,4903.163
55619,19343.395
105900,2418.2368
98977,15083.6045
50192,26567.613
145150,48121.49
134360,68196.22
71824,52938.52
93381,9502.742
117374,3744.7065
40213,110366.52
45818,30395.28
75533,38884.82
110823,233750.69
137263,29544.258
32842,707.50385
99609,16442.172
128404,34142.855
146851,77572.266
106227,6676.77
27677,55525.19
141864,55526.97
84545,5374.672
53103,35048.547
6798,5412.176
66995,36269.617
55434,9791.707
143609,27472.197
10630,4922.427
142401,60113.816
116849,10442.72
114470,58754.15
56490,20197.812
9700,17334.611
121711,4382.2983
145822,8479.255
39983,13000.126
61737,49374.234
117819,7457.6865
82606,24214.203
132933,16523.994
118822,9689.203
25497,9104.439
82962,4096.2007
123397,73005.805
20558,94225.266
110754,133663.47
19879,4491.897
107043,30090.014
11461,15542.981
81538,42317.6
112160,80574.14
60774,23386.988
1832,113838.1
66167,4603.974
141041,28583.648
109737,83936.78
92041,8090.66
72441,90325.45
628,81846.555
93711,7089.6333
67904,70027.96
72897,41252.797
145258,56015.55
125855,30587.367
103302,38781.01
27241,30356.803
53080,6127.566
124896,6661.442
138030,89569.98
50343,18811.81
132020,69070.83
47948,8456.456
858,19200.812
145360,153594.83
5957,13821.69
39712,20598.031
147261,27324.354
50913,6045.075
87230,11331.077
136707,10031.7295
112874,21713.107
62841,103439.195
110475,20618.371
66258,30031.393
35859,17240.09
24233,13511.333
66704,9676.938
143222,12497.28
39331,27806.371
1130,8476.275
74452,10602.955
140347,89330.086
5770,28423.518
134590,147594.53
62891,14163.766
77428,23081.918
94567,4912.6553
16382,37280.727
59027,9497.629
99459,41999.332
51239,40223.566
108345,8753.126
40964,31639.604
17863,66465.664
53135,310933.62
112376,15903.313
5971,58767.844
13035,26430.818
51759,18327.393
58918,1953.2097
62705,57616.508
133424,5962.299
26453,102582.33
40735,22428.717
93340,153057.64
33309,91664.35
8232,108194.78
88343,100240.125
111546,19656.502
122172,40302.45
74722,23948.084
138851,8879.6455
64697,9432.628
131339,52511.945
1015,7277.4404
6186,47513.57
65712,23776.824
27888,14362.132
53894,15076.369
2212,28652.557
56989,101386.4
145555,43572.91
60145,3156.9963
131717,83167.98
123105,84764.72
31864,44461.59
49987,36271.336
30608,18978.834
91653,14500.858
6125,27575.9
60189,12302.57
73493,3898.4922
123079,5407.149
76921,24021.998
12387,8476.981
7400,9540.835
123129,6081.7183
130130,4188.5254
58536,6962.896
102587,4439.201
73378,116476.09
25809,76113.94
24269,57633.41
107592,38671.82
116986,354786.75
122265,56974.117
145065,50560.41
27115,79751.234
81269,11161.159
29745,26880.453
7375,56816.32
84854,16710.123
26424,28783.64
1961,5702.723
81597,9629.797
52154,28936.283
5497,29661.713
49964,66876.41
7876,10759.437
32354,124433.68
63162,29709.64
16512,22260.895
145618,17253.176
50674,53885.664
18563,87275.78
36014,11265.526
85708,11223.055
127078,25653.041
13363,42283.75
112086,83323.46
96451,93979.125
55628,3317.3196
77123,174545.55
76536,18656.91
96278,15082.003
117927,17194.705
13772,12663.002
228,22763.05
130570,5537.482
144629,14865.637
132286,23324.11
136123,54235.8
61422,4122.0845
116079,53684.855
21155,35887.938
37018,6309.927
35642,14369.684
30853,156164.16
25281,74133.914
29077,27023.36
129006,13882.1045
145785,17340.133
38877,5251.5933
82600,2755.0413
59946,18304.572
132821,25974.35
92210,41447.71
68156,4003.3962
59443,127269.38
148006,9708.097
40625,99065.5
83222,21681.758
99776,24631.336
117226,4623.8447
108262,61703.06
84343,5747.524
84511,3680.9314
55085,6336.319
65918,3306.221
144199,2528.544
138125,21264.16
119749,7581.267
120979,32955.508
17027,8848.533
31563,114849.27
142882,14539.929
126886,14568.318
34679,59210.566
40266,5523.891
38447,170756.14
146508,6746.9624
63119,17692.713
26634,3035.488
81825,13113.249
104285,44751.777
2332,50832.824
54447,57332.312
100881,64736.574
25606,21912.158
8138,5984.4634
54841,26617.432
26008,2972.1763
146711,25054.13
43400,13131.366
54011,74871.76
133655,82373.01
99221,217412.8
108925,29391.648
147348,3463.1914
108497,17037.635
76890,30755.486
97582,86551.7
73767,37382.816
1815,14632.245
7623,101416.266
136618,40210.508
43891,171722.03
63301,14098.419
12350,35579.395
74501,8054.1313
88427,4796.3267
114019,30913.32
13567,18015.021
3257,103788.836
36486,111826.234
107620,13124.56
82721,7436.752
109087,48840.844
129041,20486.943
41426,36093.3
50267,48770.73
64478,2899.6448
6794,13260.799
141520,16153.615
84959,7402.417
122402,8264.127
55415,12436.794
35615,12993.972
95627,541.06335
65720,14553.336
85671,12176.675
132974,128701.25
110921,21312.852
145473,22000.77
17012,9894.764
4837,19050.979
57488,8178.93
72036,4363.7305
104356,123641.94
9286,19274.68
66756,39207.855
34006,62933.69
12566,30855.459
65462,19305.885
50749,11498.95
84345,3302.1335
25156,11330.66
53466,11949.654
78213,26585.854
15402,14716.774
147616,25765.32
79251,6253.9795
103257,9619.565
71734,35671.414
91014,18755.4
64922,8619.27
13691,30852.004
94542,12444.753
111597,6919.1694
78262,68442.19
12020,4597.41
43250,221623.81
57431,81965.75
132241,314093.12
27352,9458.048
24292,25394.715
84109,6773.242
123598,105950.61
140369,43365.49
44035,23996.926
13873,111722.49
4496,64897.84
149943,30573.2
24510,61456.29
38952,10606.709
47947,41412.094
120638,26508.434
39249,84056.266
114530,68832.49
15281,28224.592
129977,6099.5625
69890,118478.12
44657,17380.371
41463,5163.4316
53302,3755.8484
67670,80568.836
2274,86241.72
125287,14464.802
115872,9885.919
132044,27962.488
143073,16170.26
63520,13792.908
42574,10134.841
35341,28599.36
60280,13563.851
84739,29691.332
83583,1674.2296
131690,7675.8076
114525,50444.62
3563,104088.79
53331,3066.5999
58944,7945.6025
104553,105102.71
144062,20432.875
76298,42346.332
52929,103307.4
135155,7853.4717
125659,29046.225
87801,6164.147
48834,66271.91
72950,34377.625
33764,23430.027
12397,6224.365
36067,60379.49
148795,8065.164
65419,88921.62
46227,2097.7295
62441,11858.904
16838,6895.8506
75623,5945.8794
82802,40434.55
30271,44032.03
8615,19250.012
77130,5836.814
5372,5360.8003
96329,35119.87
23517,22698.975
41377,34397.688
121553,8825.691
93839,31981.201
117293,77530.3
64134,31514.406
140776,1730.7742
16906,1646.6084
43430,77438.74
33633,43394.684
149359,24213.648
42057,50207.8
118449,50073.15
142133,15446.462
35664,38498.81
82360,13621.145
36746,71234.26
78583,7056.6147
93461,59021.984
116384,15999.792
95318,35944.44
85145,9387.297
82714,10548.917
116923,36105.473
133518,7539.9624
68311,10896.845
81845,9207.901
144042,9290.397
94726,6605.931
127459,53431.812
116357,68555.88
141144,29057.113
51533,20837.854
68093,52573.145
16527,7112.4937
70958,96373.19
114118,8824.147
19657,10850.174
141242,3668.2092
33578,45059.363
108189,19570.553
103232,32553.66
115952,12657.205
111722,1899.4095
81838,35557.785
108943,20635.0
40607,80388.305
105779,82228.39
19205,9425.857
145535,1279.5553
65561,22987.217
44117,76155.44
109857,6919.3457
52887,6261.259
57810,12777.494
72999,33427.176
95906,32041.654
137427,2805.983
58222,63613.598
114937,86015.15
36001,58749.93
84841,32192.746
125954,80451.42
16342,5799.755
70270,15018.113
143016,2579.6926
123559,3396.809
75046,11362.123
72158,100440.4
36371,54754.914
40706,4308.4233
93559,7427.654
63055,22917.5
75845,23468.303
26429,31909.957
145519,83774.95
10459,5699.5337
124696,16914.537
91952,13576.915
148082,176623.77
83357,34113.543
55225,11234.405
5429,11040.959
64039,22232.307
90330,7554.2446
101162,30692.146
103330,67704.945
56623,87748.32
73439,66665.88
80254,2157.3694
39717,27807.197
122498,23033.205
123917,12833.757
136792,27157.633
23934,171521.33
31413,12080.658
135820,14352.2705
147012,24096.17
10152,11387.587
113918,5477.2603
117414,25635.254
118856,21460.842
3798,15523.937
135865,7995.4956
52656,35483.13
106184,158898.94
115879,6219.2324
140872,59537.8
772,31551.465
33443,18328.486
134048,15153.905
96355,56653.78
84057,10626.106
84182,4515.68
136274,12093.673
88585,33488.63
100839,2242.0618
134531,7778.704
14368,7516.592
82099,28121.748
185,3825.4546
149030,137342.02
129630,56123.46
64322,13417.536
95513,12848.525
18513,28674.824
26354,41518.664
47901,8499.612
16922,1926.0342
28876,22454.611
2884,21685.75
25843,229133.73
52618,187336.52
36161,75779.016
28015,46314.582
144088,9937.454
79928,20231.74
134117,3695.707
7030,4779.1416
5201,6426.842
144949,46320.777
100752,20023.574
124373,7434.7393
138044,9786.417
62368,9902.725
38182,54711.68
63480,26679.93
101185,20667.111
44837,125464.56
38975,9493.866
61918,7653.3975
72824,209942.84
28028,40810.363
61292,26500.459
71055,164305.08
100833,17963.72
107403,23125.582
37899,49955.64
8166,26622.766
135380,158980.94
51828,175641.56
88056,17754.895
144364,27709.863
43019,2647.875
65259,3529.4016
78316,4122.258
56624,5958.531
97577,25147.941
91176,5585.0493
123565,24037.943
77156,1254.3375
28054,18664.768
55584,44934.71
135008,44891.992
25759,80689.82
50112,2150.0693
16933,25054.936
126777,13816.312
21929,10276.914
119111,1778.8684
49182,23116.102
59,18764.002
110029,3828.6301
92169,19034.389
146042,31176.467
127886,16762.195
79579,5137.522
84949,868.5842
61317,12306.638
116156,47629.723
143325,83751.73
50555,17707.254
21635,25759.693
112860,12040.965
79890,50905.84
77725,76564.33
69050,127378.586
128928,18039.82
77946,11633.2
144928,77056.2
15606,3685.577
4505,5062.4336
108658,7361.5005
38659,18864.182
139093,14541.549
95583,51813.637
76165,101577.79
31553,10431.154
60952,89814.53
23996,98057.336
69320,30741.08
108352,123841.195
33188,7359.6636
3110,13702.061
141085,18314.035
20010,33797.977
11171,12819.307
144690,9664.1045
105783,6804.9214
100631,17943.29
129033,110873.76
105207,5103.797
34353,3505.0984
19858,9274.034
73373,73261.875
101722,26445.418
4553,43706.5
124529,18148.113
105004,104747.86
118734,7065.17
81791,44959.48
4746,6607.949
120748,148420.55
83703,67499.55
43745,2981.9001
42431,36181.504
57500,2156.332
141957,37715.84
8181,6003.831
12634,174223.16
89151,54665.5
95600,91859.85
21797,14841.531
16262,5280.551
105581,50791.4
85840,18615.625
118776,43955.6
31267,23884.545
124357,87511.91
74507,29558.088
505,32845.32
137337,32544.906
14898,12408.096
117165,75124.266
125885,12793.474
147625,69443.54
2074,67967.8
41023,6182.5703
117138,21858.934
136382,67272.76
9252,4669.142
115398,41731.87
106412,7539.816
40086,2054.086
43048,6786.886
124813,47335.434
79212,3952.5122
91429,9426.093
59360,57733.285
80088,14860.825
28267,8643.498
123252,845.41156
132672,20727.344
104896,19082.867
3823,6434.972
139012,10858.926
129420,55840.266
41173,22703.768
99722,61946.83
90468,25604.654
98456,15245.19
6494,157237.92
117117,21972.484
76143,110091.22
81764,32375.316
95839,5769.886
141496,6126.6787
27036,49064.203
108676,56117.56
103658,9189.924
72198,31588.03
45410,38624.766
442,51357.95
117698,71016.28
32010,13944.387
44708,9590.879
36553,16277.213
40506,35713.043
69378,11201.851
38504,89652.96
57422,2727.739
8208,15536.385
87919,11942.487
26136,2558.4482
78902,9540.8545
134796,16237.224
103301,61671.324
47147,1773.7172
44988,12634.178
49090,38240.05
54332,18074.469
97686,28496.354
54377,12248.366
33391,3243.23
134375,10599.723
146852,76825.734
141871,7368.848
31266,69324.086
59728,6042.7236
111193,6925.1875
73016,30080.262
79589,10486.114
144590,5956.6904
39094,95674.11
14160,6951.515
4415,17718.67
119969,5732.4385
9691,21949.998
73864,4049.3857
143335,10760.703
71843,27395.422
66048,17415.236
41859,11164.408
62222,20989.877
143931,41797.3
142003,49687.25
92912,69729.43
10125,50323.367
109417,6678.35
54244,10713.499
88390,32357.91
39466,4018.8572
51664,33578.08
75227,68719.41
35656,75464.04
98432,256368.98
2177,112314.15
104795,14569.905
23657,4109.7393
121284,52119.332
126811,26417.938
93873,72927.18
64645,19501.479
127584,28668.172
11804,54734.402
5231,85564.945
32342,9868.321
9327,2460.593
126491,17626.336
105246,62771.906
84360,3447.5686
29292,171404.9
85327,20850.545
146003,44203.016
14205,18985.137
15224,20126.049
8973,24195.275
40252,73618.15
20878,68460.734
14310,3534.1384
58841,9451.17
90992,39250.2
72188,7547.663
24682,89491.14
95552,31589.645
59415,7792.8315
146733,13925.013
113349,6707.5044
69156,15255.671
10841,12260.852
80613,43568.535
124270,21220.646
72333,41235.133
148980,159017.97
133151,7970.1885
34922,92252.29
121745,11399.768
149556,104800.51
117093,18106.275
42128,120306.664
71242,2725.583
40137,11391.254
137375,22322.77
74954,27657.104
94922,26653.498
42484,1487.9924
145525,16862.703
74647,9665.523
119662,14064.937
56028,8786.03
39583,8652.029
108950,11883.156
35246,86797.59
100634,62060.06
46752,67690.68
47695,16069.958
62957,35691.68
125493,323971.3
47256,9694.695
78701,25675.91
19223,11723.075
118252,12352.911
51925,91886.2
108149,21440.945
48752,31271.143
5530,89047.84
132866,11185.57
35329,133515.92
114334,31589.998
89949,57093.297
21676,28430.027
116510,10628.779
100630,11107.728
104587,2119.882
110338,53764.965
54849,16889.338
147746,38758.723
92806,12225.869
24316,68215.59
143269,28918.662
111690,8811.391
141262,196133.97
19456,37447.223
137499,19278.582
67972,28296.055
68402,6665.564
62680,16745.117
137570,54981.336
27365,3498.5989
137036,100372.195
7288,24700.195
42979,5851.656
93046,19245.133
102287,8198.414
140425,24924.482
97218,4394.9165
37683,28009.795
74806,19079.078
29947,31760.922
9198,236906.19
78448,17716.695
28116,34709.78
51780,5696.935
110039,5308.1523
85506,26220.83
9533,4502.273
65177,6166.042
116825,104406.48
106235,28761.79
81127,12680.789
6362,5205.16
125422,86592.13
59200,13071.861
64675,34530.33
13225,10098.264
121800,7096.7837
114712,19952.314
130406,94632.36
119430,3669.4963
135018,7361.4136
95624,11918.506
33588,15051.085
81935,49999.0
74658,37406.008
8735,7393.539
113894,91370.48
55152,-251.41933
16348,8192.999
14183,14639.11
49986,95083.375
6734,57864.312
6966,9272.088
129755,144271.2
138440,19359.467
80380,21352.799
145703,323322.03
37764,113399.62
87281,8113.721
96843,44645.965
37157,7141.8066
86843,71228.63
3283,39038.215
36549,17983.547
5972,3051.0447
20030,23040.795
96875,230983.81
9448,24670.236
121145,10199.662
96643,2197.9153
85106,103904.48
40458,52662.54
2045,28264.66
89127,30140.168
34490,14260.932
38931,7898.8696
71647,9616.294
67021,23766.08
16333,50208.78
16346,37819.59
127677,27593.719
109870,101936.86
35178,131644.94
109898,17499.736
113353,22678.027
108596,48214.195
20147,8972.996
126139,4119.731
112483,85595.77
13899,13444.598
145095,5479.391
149278,90773.45
8962,132307.86
126432,43735.55
148556,13750.213
95466,4240.547
20496,31660.959
39374,10385.884
136608,20418.91
32492,1513.3557
145046,18743.654
136769,15356.082
38463,5572.757
88944,9971.314
92172,31343.432
92043,11368.518
15651,39287.953
58482,40227.656
46858,12464.023
136752,5336.3823
21795,20025.227
10311,7013.3276
45300,6435.462
144489,1697.4412
113811,55249.43
139672,3340.1199
147075,6591.936
106047,57203.33
75138,35896.07
16452,15899.681
89667,1704.3065
47785,237125.77
3424,31680.223
12670,8221.935
96946,5196.7324
129416,52644.72
16742,8548.027
127059,16060.85
136465,11018.387
121529,28151.916
13729,39204.715
52977,9370.446
92240,150891.64
86964,24034.627
124299,5729.125
70910,52739.168
36850,88192.695
107120,6828.401
23452,8595.361
66274,86286.04
48364,17582.26
93003,1804.4425
4818,3268.4668
109558,3156.629
145903,91918.14
115656,20310.986
135483,9155.103
137613,69564.75
2966,14013.986
132449,3472.2183
28581,15698.501
5732,102497.61
140920,6579.8853
122114,248073.84
98364,23824.008
24754,6675.56
94459,4894.6875
3296,24870.854
48916,9108.911
19099,67476.195
41101,22335.746
148100,11677.17
119389,12142.636
116792,15622.489
364,67857.766
52510,18339.07
116813,18736.166
102963,98216.6
143011,6145.3833
52726,11891.912
146895,97354.29
98839,14340.213
18848,46045.906
116297,13713.024
21440,19768.326
38328,9962.888
61648,32831.977
57035,6585.0337
115690,13040.466
128463,43893.67
105152,2338.7844
77850,32425.793
36515,43311.883
59723,6898.925
16939,19516.56
79515,123443.87
113798,75512.98
29429,17131.86
41215,70101.26
125827,83758.19
3056,6660.365
146409,3168.3098
34283,126252.89
112892,43255.93
66638,7125.2197
119456,87665.79
16721,24130.99
149658,49578.203
51898,214411.72
111203,103733.83
143153,18326.81
35915,9516.604
78885,24965.043
27105,8712.321
58726,50205.24
13623,88273.84
43023,11440.373
1022,48060.53
18993,21731.959
66960,136911.38
15531,89619.234
4374,69352.23
144790,75980.47
21863,35406.164
72998,5178.87
137785,3704.9004
142341,46910.094
51389,6271.136
71912,22093.098
99683,17887.959
43097,15083.484
8068,35356.39
54028,176997.92
19201,14719.133
140128,5869.4487
6770,2905.4402
26150,4161.7944
34520,46076.062
87289,11216.853
21387,3519.6636
67835,34860.81
11121,22163.98
54160,112866.93
129608,59015.336
117552,29118.047
93840,14386.339
31409,26371.363
98433,35560.71
108769,16250.654
127322,5155.554
73953,37838.68
146354,17324.26
110941,71616.15
143608,16046.858
66940,19415.467
113503,5764.3926
6653,6436.9214
83544,8161.41
119678,75476.695
52916,18354.146
88841,34399.773
124225,19498.523
112409,75946.52
33872,54182.742
4001,5411.8926
78758,8361.42
99485,6618.841
126762,66354.31
101370,42236.727
126332,141182.97
110103,5050.91
106131,2489.022
80343,52551.496
136272,142554.98
77724,6265.2017
67674,41281.645
130104,19157.625
53344,98802.516
101107,13934.303
55566,32406.41
78927,81373.6
132481,15198.594
141632,24618.084
142693,92662.14
141458,8867.8955
49361,97222.625
89863,19217.717
148226,37530.74
89367,34693.348
131410,2163.1423
97493,2544.5356
7010,114007.18
80553,36293.375
92601,17548.082
64089,58684.29
65912,7089.178
20227,47365.332
15899,564.74744
68383,10523.841
131293,42346.266
78648,11895.398
114187,54024.457
17391,49661.242
135323,8004.7466
40335,24182.875
146764,33738.938
130141,7292.065
5958,175091.62
22313,5481.611
104574,8151.945
69288,4672.614
38286,103615.56
87347,23032.639
93213,2995.1606
62133,114276.94
141540,22190.14
74746,3699.4973
95010,48382.246
118250,44366.477
115810,27453.695
70355,13307.998
68227,3178.498
122451,34780.387
17455,21724.758
144857,13918.399
9217,55741.184
30346,12654.569
51674,7403.8364
11381,33318.562
47547,5134.4463
16645,22413.709
95859,2826.239
99982,5294.9473
61538,68883.06
26822,10181.782
76995,33378.906
125417,14019.477
41183,6069.4136
97134,5930.9985
76351,4295.8096
147648,92216.38
87954,100084.36
126885,35415.082
126823,5632.999
135200,2770.1497
93517,35322.316
127369,2178.8977
126154,6648.17
83661,45414.91
44632,36625.43
41089,78143.52
43494,69539.64
121989,20690.316
43474,77608.45
100124,16817.87
128978,4047.6577
103111,32537.598
113341,59511.414
126025,17956.451
64691,18002.4
60534,22466.977
49247,20557.898
81591,5366.073
52065,2228.883
80048,32619.602
92250,4126.645
34723,60091.586
111400,2844.8103
15556,87556.88
62331,17458.053
121552,55304.06
94882,41446.195
28993,192309.67
102560,38003.94
83906,45024.113
29073,7643.7886
1830,6088.2183
27306,9073.932
57475,6521.361
67430,13544.677
6339,10681.057
959,-702.399
31582,38457.85
132662,7985.5044
110043,6765.3477
135377,6760.6562
82161,34704.87
131611,7439.0884
20149,26512.658
137195,11474.263
31654,47583.21
139613,6197.0415
21322,20805.531
38859,20751.008
111785,34392.75
117171,10334.448
41391,25524.191
136167,72885.37
113786,52428.8
99172,19264.293
29545,194910.38
97050,55633.21
47802,30059.627
77370,64080.16
81288,47148.297
106357,68197.3
145959,9488.385
8444,3501.5615
95052,10499.214
64883,137851.88
88451,16811.293
55392,9103.919
116644,100985.81
54350,24560.354
6743,13070.318
35110,9923.488
86856,4662.187
76302,32692.643
54509,56977.336
11793,27471.57
143758,14827.298
5855,5456.466
49876,20702.602
51319,57012.098
50615,28219.104
127874,28273.35
63393,30891.121
23192,144668.64
80317,17699.533
48594,5726.285
38690,110438.7
22234,44053.6
42084,12196.099
54721,23431.65
121734,246155.58
58876,3883.2415
14487,27230.984
33024,19454.951
83030,2392.1707
56857,5183.184
21716,34820.113
56601,7968.149
116549,8037.624
37772,21430.818
13257,28146.78
35270,17349.062
97150,14331.159
121356,5161.7744
8059,11446.881
45307,11213.282
123812,22374.09
132524,12814.972
75490,127496.805
31578,19388.094
57835,18037.965
69406,6626.971
59465,20808.268
110747,89406.77
125106,14543.075
124844,17547.107
118827,17332.49
106210,14872.14
41416,56806.31
17688,80944.53
56032,28712.879
144965,2301.7354
43866,52372.71
66612,98623.484
82127,222476.75
82437,15017.748
58484,18711.992
55952,14097.032
58761,7744.5786
12565,70345.47
48280,2735.5256
86554,10214.883
110247,78456.96
104716,7400.112
71578,14359.834
125356,46588.793
36911,120847.08
8540,83297.48
41011,57521.746
107305,9543.866
74026,9068.451
136758,202299.55
61572,1703.6906
28080,9019.271
32487,86886.91
51346,22974.725
46318,24225.924
45424,216089.05
104711,8182.8965
140219,8952.416
33624,40191.055
126571,6805.0474
84410,7120.048
120558,1399.8811
90984,23363.55
146061,30841.502
43184,39569.062
16787,37634.45
106648,93685.85
54282,206148.56
115217,12710.493
123943,11782.467
96842,3056.1897
10849,24832.6
76032,45687.332
70453,38498.65
53822,8732.76
40251,1525.6743
40769,3821.7576
83814,55508.04
94893,7018.071
83131,5322.618
88442,14260.457
1592,33545.254
147911,56637.906
94167,190015.34
106143,11401.287
19193,48070.02
27576,67779.71
28145,33002.594
139952,99665.66
93259,2730.147
79484,13034.186
77804,75524.336
88615,54460.92
73289,5606.324
125269,116020.97
1826,87887.63
49379,7305.7197
146922,4254.9927
14821,9202.404
100433,19815.197
77398,1522.6309
66633,25294.53
88997,52236.953
4748,24130.305
56952,1414.4847
55227,53751.254
71176,5187.777
97631,8817.442
135436,1575.9856
94740,14708.83
58255,75832.08
27086,15335.473
67377,434372.16
123381,18434.89
146989,42417.586
27466,19156.727
144503,68845.45
142195,29924.902
87145,70975.95
145029,20668.55
119370,50264.363
147788,33014.566
34207,7340.3745
180,55990.906
26961,5712.2134
125089,3660.6133
24496,94745.36
34948,5529.691
90202,34032.35
64324,10693.106
144832,11751.104
63458,952.7993
98611,97321.75
2940,10203.054
133166,20280.957
41076,13407.399
79371,77246.19
49508,41288.69
35389,29767.836
123697,40798.543
33416,2773.4485
42167,18203.033
74009,8953.658
115828,32835.215
39288,7722.024
81743,12347.084
140129,17125.865
141631,9274.019
110783,6179.153
113718,50133.305
89483,9106.377
124112,1430.6215
69491,20770.365
21806,8218.354
114030,36346.785
136097,40165.223
26935,21837.41
111015,6470.8496
96600,7817.589
95147,115045.414
40718,57205.387
91024,6801.7837
140449,7730.231
10268,26172.62
146913,96601.305
77190,824.1816
42840,100004.03
105708,30380.393
55800,14948.141
27315,5032.333
147315,29239.525
133550,3277.9172
137382,30637.54
125687,10205.985
58430,75186.62
98683,62812.01
126836,18035.293
133729,12453.107
135583,24567.781
22611,63786.06
107929,68227.5
20377,7763.332
111346,5375.655
59938,12493.981
79713,4984.4966
37731,43640.52
96017,18593.26
141286,18016.348
12071,19475.021
86626,661.92175
70643,55785.645
67715,17356.355
10686,26229.105
61239,105413.95
144488,10123.687
70307,34937.86
148631,2733.8066
137947,55862.42
60315,16268.026
125304,10495.068
45583,2955.9167
111792,54463.734
91051,40669.707
80148,5140.326
134865,8982.806
22136,63881.54
146463,14933.493
65503,46955.152
133422,50149.55
47858,1354.1755
72329,9423.6455
64141,5780.962
106772,25323.205
24681,57518.805
120387,9002.518
105704,57542.867
133689,3800.4844
131649,55511.55
105032,76743.56
102249,20628.281
120289,49453.957
82261,48625.727
92599,88045.96
65255,54690.754
114624,42902.67
115245,132493.6
85236,25985.105
90637,16748.729
93172,8034.524
103239,6329.0557
71823,57421.734
95653,34873.293
34481,3839.2449
19416,6420.9614
116035,11072.978
90893,21748.922
138120,21069.945
44049,39687.305
61465,3703.9854
74868,44730.668
38601,4066.594
52444,424214.7
109233,110878.484
37990,22503.885
5632,6006.083
93875,6641.8164
127370,55911.406
90832,13404.522
27606,213.5263
16635,67415.28
127772,5731.4043
81380,6505.5225
47631,24065.686
36973,9130.672
86306,29111.662
96810,96036.82
129886,15336.206
20814,4152.2705
19910,50325.62
129057,4693.211
148551,63812.26
98427,22202.152
11174,59283.25
142451,7742.0083
41880,122724.25
133723,6210.3716
155,51959.297
24950,3183.7483
25514,50753.32
114536,304809.25
10382,96590.58
107052,76193.234
111643,62862.906
84823,4711.087
146834,94811.58
136537,62395.74
4153,3556.2415
149079,37833.934
46676,32869.242
74962,9559.593
32586,50700.42
66833,1397.8015
8941,36032.484
12103,27331.033
31114,19408.475
73096,281046.62
6332,82964.24
27363,12816.445
79008,39930.312
52736,12989.573
84407,21614.283
83183,19321.338
98615,61058.902
47830,211205.75
146765,6920.1133
85971,161276.94
7061,56592.633
95919,60894.11
50623,23955.625
121147,43078.832
144388,6805.3896
114330,48542.566
20504,10682.528
19373,33319.227
94194,2506.9917
122425,18640.625
83090,44627.7
114239,55544.258
24571,20434.191
54503,29047.969
47442,39291.0
126077,14622.19
62791,16613.58
23519,53725.453
22023,104056.49
108882,40768.434
114295,31410.38
20176,6061.983
11800,25438.4
106160,141643.53
137838,10437.826
10124,24026.303
83614,38226.438
65105,85947.945
122920,3096.3442
109438,9101.022
4560,100406.445
9854,11472.651
40876,41648.76
101437,6485.8843
82057,22535.994
127529,8891.751
17409,195505.55
63097,17262.477
60147,82053.79
55761,5114.867
89279,3344.3506
11255,14839.223
56886,34016.18
138351,139475.94
133274,96774.766
116571,5371.362
53227,32334.506
117261,154110.44
35102,28103.832
59053,1617.9396
11194,5488.5176
35659,26907.59
52741,1980.1996
55871,16491.979
114230,7101.8643
75165,18510.22
112371,67190.75
6678,12350.65
88165,4247.721
126978,75522.7
147853,6280.1826
2926,12280.872
80277,20121.58
71660,93237.625
49035,13176.393
131338,29401.879
109084,19161.648
148180,33858.543
48969,174215.05
24805,13035.74
130170,4359.515
88455,108831.484
72274,178552.73
31744,37315.79
143232,47101.383
108083,37237.63
112846,44414.77
62379,64832.05
19538,69646.54
69328,27181.662
52254,26268.494
32339,45743.707
144476,62592.27
125489,189351.81
127254,14934.931
87269,68971.52
29287,47683.777
52907,11708.443
26731,10211.977
59665,24177.225
105479,18180.893
146980,4762.258
111478,1721.6157
52179,45036.523
17039,26310.22
124447,15574.962
122744,29911.084
47237,55665.543
9898,150576.44
74378,42089.75
51332,209047.88
34638,7577.2744
32774,8863.384
43522,13626.408
99098,15563.162
47586,120853.09
15978,78237.59
147974,25838.281
45955,27769.033
66874,5206.185
28005,2098.5293
49386,13590.781
63823,3448.4978
94349,7693.771
15166,25187.447
9401,3999.143
62854,12107.931
29012,7710.94
21845,106743.09
117628,83450.57
120960,16573.848
84951,147994.58
125823,18827.676
33253,43621.504
87267,72991.6
130108,7826.2007
15444,912.00464
92239,5683.651
137817,9551.087
35215,26002.098
69868,10547.013
54126,26231.287
103415,9937.141
109581,5441.002
149836,30332.8
140416,10586.121
70441,75409.38
81887,19006.352
82264,19860.66
5748,33075.965
91788,6231.154
125534,33359.387
61345,81140.83
112138,68791.984
62383,28113.488
121894,6240.3926
140066,49869.047
9935,6791.7017
6668,57052.3
56349,5523.0664
87484,135679.89
25517,217845.83
121176,55171.273
34008,30596.062
60500,113919.63
83215,26207.723
113350,36681.973
86764,54910.566
133985,97320.55
145841,7053.866
124059,22492.082
34270,58420.766
59926,11097.651
128249,9536.287
149087,55588.633
34616,19221.758
147222,6594.089
35843,4984.6133
131746,8375.865
3830,1800.9834
4644,56768.03
139430,38722.055
26050,32693.145
10597,7067.147
96269,8553.686
29654,60931.61
1364,40016.36
44216,3905.9355
86611,5785.6255
149601,21083.502
23376,9042.646
104503,31239.504
83654,22250.107
99882,22567.598
54664,9743.115
30638,5926.1304
54542,105918.8
96358,1720.1389
27399,19613.506
41078,78155.27
98835,46426.258
89958,19141.264
143411,12403.035
139960,26213.932
84552,29531.967
3341,18784.467
67241,18664.576
34457,4032.218
143976,22952.309
1106,60864.01
6276,63547.41
76943,27591.527
35824,5136.4507
70897,75371.3
85461,6257.514
54093,50962.74
39204,216357.75
144616,61352.445
32710,70120.92
130116,47077.02
65773,36968.312
85632,117342.13
84581,11131.387
38190,119377.26
118337,9278.979
84070,8374.971
108430,55224.16
36547,6759.8457
74459,4830.2354
93073,5663.646
108409,56099.977
54171,61899.598
124438,4820.444
30020,5247.3643
134772,1570.1317
64829,1727.7787
138722,61367.14
23365,4925.5166
37897,56398.64
148861,46314.41
116265,26097.521
4875,117292.05
52176,41271.72
146828,32624.703
64174,3370.3362
27415,2519.4402
115566,7232.289
51084,55270.47
45853,18790.281
46814,10112.802
102665,20731.164
130476,1335.4481
27088,15723.46
126102,9357.745
70998,91885.02
51315,101968.36
5451,7975.4
127494,3487.366
58685,22794.477
109631,57970.203
47710,61526.938
140679,94603.89
130947,29522.666
111311,5387.869
27182,9401.641
48354,28822.291
67168,15584.143
93086,145466.05
15405,2157.5178
60074,31944.191
71039,20365.984
95189,19702.055
117608,6958.646
69047,5360.4834
117145,14753.518
134825,55629.65
65344,12646.321
100133,7430.6577
142956,4586.627
140657,3091.942
93007,20300.482
89619,69545.68
21462,62662.28
58764,6160.116
7276,24849.713
116304,30993.393
38073,65841.05
93626,78500.28
82280,80873.51
117069,34693.82
125782,8626.4795
64417,9887.157
122228,11014.085
137991,55122.12
104935,6092.8906
109207,1712.0284
37009,9621.649
3848,79779.5
109985,3773.5676
89406,13266.3545
94434,67852.625
117003,34900.848
121851,28997.062
578,7005.634
48910,125232.8
9894,16405.498
6435,19551.621
137925,4183.03
97157,13756.831
44764,27745.281
83355,52941.223
27773,182342.12
25254,41350.54
4305,10493.08
56093,19614.635
131407,50883.098
84884,5725.218
36434,18057.195
20021,56102.023
119636,2572.4624
94051,49980.875
126043,8892.076
26661,34340.08
138381,2705.0698
76822,28441.455
143028,32897.13
51348,59225.457
114226,5455.8267
120566,101413.625
79093,1124.1362
66767,111220.836
109228,6801.6504
24101,45781.273
4955,15879.837
25048,24776.014
103484,22049.98
37436,116236.13
56380,11406.54
124846,64724.184
71856,66258.195
8071,24476.666
107853,6479.496
130460,5200.854
78599,2541.704
7319,8486.678
81339,5416.398
74588,57992.28
10689,63668.105
98357,5237.865
36395,44394.06
52963,74177.76
31861,9943.798
144391,13578.874
107196,47531.582
37191,6280.492
16644,21322.393
2372,13992.792
97271,27276.473
58954,27847.77
92790,23435.117
124854,109791.15
51251,28463.436
6823,40799.73
61558,28093.451
125300,158699.3
105363,68860.02
620,85253.61
82798,14026.26
30395,6062.937
35851,16565.174
102028,7009.177
34919,30923.516
104766,3264.4507
120735,11938.864
84964,20466.62
131305,24846.527
117441,2478.015
105480,16103.403
35990,11906.342
81862,101599.45
55493,25576.46
108838,3516.668
63290,4179.944
18243,2848.641
64015,34440.703
83017,50047.39
72864,4980.998
129771,3939.63
145063,74169.99
50627,35942.188
36645,31038.297
105237,9845.831
49851,17443.938
118815,1040.9457
124715,15648.739
98923,8094.2886
8858,155815.06
107782,11317.976
45030,126793.78
92344,3695.2148
142355,16758.96
119607,4432.1104
12423,76307.23
52267,3099.2175
8361,7398.06
1016,9587.961
37364,47072.645
142233,71963.484
65579,28979.674
3582,48626.19
2839,1866.3295
117913,42507.527
74117,22216.46
55744,87616.74
19124,7483.384
57059,10529.558
92294,34170.84
47050,30613.564
109204,42220.098
139917,14892.323
78658,41666.395
6711,3954.6772
19040,27656.045
141036,27221.623
83597,18664.496
16693,60700.66
17777,466.5775
101943,4991.976
14288,9215.878
78094,14511.803
76930,34014.35
123464,17209.098
36821,229101.45
113085,34730.324
50654,19264.996
107654,23749.314
22845,6911.947
37268,12857.963
58122,93948.24
58316,18604.88
82063,758.21436
857,9322.662
48823,7229.5195
24794,28227.334
49999,6957.6323
112492,28901.35
71197,11736.81
19731,9700.952
38456,13837.859
95834,8881.303
104310,40535.016
46184,18938.438
72988,97135.99
78032,36805.137
106786,11409.359
122715,3967.2898
142373,10565.836
78418,7800.394
126649,1620.4352
53499,8039.716
54053,74827.195
23397,3698.2708
148777,205504.69
71827,39589.09
97895,23613.646
106432,91334.35
54520,1715.1974
8130,69583.43
136706,194609.02
58814,89561.055
87359,21606.45
105376,38215.246
112219,5235.441
136169,10644.618
30398,133071.55
74985,10705.424
21208,79546.836
56319,322.83374
110850,104823.12
70981,29889.43
42252,125920.72
13172,7136.3643
91710,66762.51
101500,15842.034
100529,82130.98
58719,9496.122
36326,23386.395
34411,62360.66
110665,52352.598
81370,4635.2563
3549,6987.0356
2637,31802.834
53681,10937.229
143293,16472.418
71294,67316.8
130548,27703.129
141027,123831.445
63318,4290.8037
107321,23946.346
3347,80217.22
143042,13090.293
65412,15415.79
141229,141331.14
27215,4504.2627
147472,1427.1282
50436,1356.6659
117207,21681.086
29728,53177.957
137950,17406.035
123516,32398.545
14862,23781.014
145567,55632.895
123661,15787.916
63498,3968.5383
50952,4784.2544
114000,4869.534
32749,79333.55
106542,399354.56
5489,3514.304
57774,82529.04
94238,40890.43
35073,12503.753
18132,4918.544
118710,21249.326
14391,12290.295
18514,38604.777
48948,26947.898
75540,56531.992
58369,101954.43
18098,6264.3525
88500,-445.2791
53521,11673.826
143587,8904.863
16597,47789.85
59433,165075.88
115093,55965.08
93422,3019.511
50754,100281.375
133131,52372.496
14651,79127.81
121035,52768.176
26425,16930.129
64326,74027.12
137096,147605.02
127176,46422.844
16256,3439.5498
51749,56611.543
35498,5379.1724
95277,53805.79
115101,53648.86
16248,44584.023
60277,46732.11
47980,29495.61
8643,25465.217
141706,20895.783
108141,155017.64
146072,54141.965
30097,73322.59
16001,16417.758
8426,42091.34
80436,123739.836
54560,12024.609
112800,38122.984
137418,8773.1455
120315,45109.12
106389,15158.691
51546,7142.8477
21400,6152.477
58709,51709.18
58128,5973.4326
103339,2175.177
12838,70684.164
108263,17314.354
121112,62978.11
141109,10472.525
880,7864.6865
123156,8145.6143
113177,10583.814
34250,120593.16
42954,105704.81
58520,7620.0654
143227,300594.25
121708,3844.6719
83107,23786.229
145085,5755.0664
120615,10137.06
145291,4390.832
148457,17438.273
36484,66990.945
130235,12812.188
25516,12001.931
122208,55359.332
38462,70971.49
9620,51862.05
64987,21387.352
146701,10696.096
24984,29377.557
52139,435.8674
78150,23401.035
111496,29220.016
4268,20137.297
108230,33297.758
13922,40795.477
142046,67039.66
62667,77553.51
115721,2664.6418
133495,22297.371
7325,34127.055
9982,19249.016
123139,23838.29
62544,2229.8772
109969,29359.066
53185,96108.2
107907,25343.35
95084,98477.32
96839,111947.34
61300,4387.6826
53625,2399.4353
2690,4218.1807
120008,13071.795
124971,88555.2
106900,18588.72
105874,81204.2
119728,38215.535
148190,66708.97
67339,7850.6143
58010,34822.85
72053,10712.292
40643,28971.48
40648,11091.03
20129,1729.9308
131286,7985.7046
97959,88244.82
123740,46813.76
38047,11670.643
22393,5396.4067
86534,14646.938
96916,25807.46
58175,89515.78
75616,16271.575
110786,17974.295
135611,8456.679
47646,84296.16
108029,10440.192
22212,11048.116
109772,18667.67
4026,16088.09
38345,2519.9558
88738,22291.666
49451,141899.83
122663,23286.58
64069,78961.76
10395,15962.113
8703,8613.855
80602,9175.279
53787,18907.004
67016,2706.3113
9789,6852.1445
147709,5124.131
112389,27833.988
78474,60208.547
76643,18519.258
20664,114065.305
15192,370698.97
95974,79502.67
142111,54589.723
93920,36336.848
14437,7680.272
126473,9328.842
136409,48404.883
1405,12222.645
57327,43346.13
103131,14374.641
98210,9816.027
132869,14474.201
9067,9450.635
90921,51562.098
67128,75769.65
72308,7639.637
434,12791.63
145442,107785.88
143797,58739.06
23276,20056.818
101252,6468.412
121699,7111.6562
135467,10685.837
133893,64842.176
17330,16856.256
74946,21340.766
10206,21410.205
119675,77541.52
66453,58360.18
133046,78123.14
8985,33787.746
101684,2632.6858
120753,10358.771
17724,6166.1147
127569,20286.143
88152,78723.88
86997,32061.441
123863,172358.48
109039,23872.498
9364,99876.31
127040,4545.994
74679,9844.695
33820,54597.047
139435,25381.611
16005,111137.664
30761,40259.152
83724,23501.896
37862,17734.436
123674,9148.466
67146,279566.47
17230,42310.11
88521,117811.77
71682,10753.892
108365,84512.3
66910,27907.97
27426,38783.875
101416,6428.1885
44271,49666.008
25016,52789.23
15617,9729.079
50190,39189.3
88037,5727.309
30008,66826.59
113926,46999.688
133346,10575.788
142096,10160.059
20332,52442.316
136536,2241.7493
88278,38080.24
49845,26059.146
131429,11371.278
110295,39725.78
63288,23988.213
60683,15534.708
44802,23498.148
43875,4809.0845
10330,11395.06
119163,4307.4067
72192,12788.285
122119,70397.53
79128,28557.988
60278,9483.292
85308,25738.201
144628,10006.317
18463,13375.202
77310,16325.364
94157,83305.555
41985,18787.73
56256,9865.068
81533,24913.285
86636,20776.28
89990,3190.0571
58571,1652.1653
128237,3444.386
141849,70350.586
59392,23196.332
18595,145852.72
122506,23151.959
45632,-255.62816
85659,4244.8735
51164,15367.901
95264,3591.764
81394,6034.2695
90561,45654.793
79411,13715.969
144359,10812.641
100981,54778.016
68242,120174.805
89494,15814.79
28858,25759.918
42048,6328.647
119677,43144.145
48476,64391.113
75449,115144.48
139742,41962.6
111616,9108.184
87524,53047.707
125172,17631.967
86176,108041.87
62359,166334.33
52321,6085.667
14759,8928.998
1254,35447.19
95641,4352.9214
2296,58281.844
59396,153626.61
116718,38878.184
30455,14221.974
58922,31326.117
124552,12565.627
84458,5249.672
128575,135205.5
135408,84383.305
120162,7724.768
65815,46566.688
113512,57621.785
9413,58700.742
36635,39704.055
124030,39322.066
70750,7475.0083
17634,15835.738
18596,18334.895
100014,7966.21
34432,3229.2422
80002,12475.486
89656,14035.953
148984,2943.502
29302,9889.019
67776,24667.982
105312,3454.3936
37298,16363.196
98019,72203.45
133068,228747.55
34203,8928.997
77986,23525.455
118376,14407.03
112529,9750.747
60461,6927.0454
54555,81081.16
70288,53865.906
78218,53348.137
58426,47437.71
142909,25953.75
140422,29106.947
52768,68547.85
109020,40565.62
653,15011.268
69788,27020.09
138369,20097.773
50447,19996.402
20258,6344.109
19111,50505.715
84125,27667.74
30749,4297.7256
39439,9667.712
47880,10301.308
116033,27081.465
136168,71595.54
29194,10621.673
145972,51836.7
73874,76410.69
6549,28006.932
1574,78530.69
144310,37116.12
52997,158924.0
112057,33804.836
148899,14305.956
90362,8549.048
24097,130091.6
51800,5595.8325
16494,34702.117
132486,8293.291
63718,16090.29
24436,80076.29
88727,22514.455
45973,1129.4231
102861,6439.5005
86105,89231.664
74580,9428.276
107258,5219.157
45567,131910.97
73912,5976.385
9776,41399.656
13833,25682.607
8937,71732.09
42187,1040.7709
76463,6671.2046
108830,9103.256
79414,3494.1233
139167,4435.2915
84544,22004.707
142413,15157.257
70905,6314.473
25289,31930.076
135227,24264.51
839,67358.7
108449,4529.757
75507,2906.7463
37589,24960.076
131963,29092.586
26570,14204.154
20177,17659.57
111024,1386.3717
16149,25003.059
28444,6748.868
77163,99753.16
77541,102556.766
124186,68046.375
43858,30040.256
73567,20081.562
67623,3542.4294
127140,16162.851
130461,24270.97
68452,37974.004
116840,19690.164
17142,9716.523
6569,925.04944
105323,13134.566
78144,8440.348
37086,22800.062
51461,24260.908
7874,4375.341
146673,32843.047
133751,4068.0938
80377,6405.371
99146,42096.8
59095,26335.164
74690,32806.63
90471,71555.59
46138,4568.658
92093,8950.139
109821,5986.881
109182,34853.17
124233,14493.003
69231,61486.22
138437,10131.442
24449,56220.86
142245,84434.445
141592,15409.607
42581,11440.029
46764,16247.644
59361,47762.01
142497,35307.637
109319,64381.504
52604,2558.513
22942,6919.027
119848,18617.096
123316,3654.151
130471,1883.9388
90729,42831.945
64426,45712.95
65087,35839.277
26433,1921.2345
10200,11284.919
41100,5581.3213
4893,20738.127
131381,9673.326
141746,38064.793
55454,22517.574
36627,43851.824
111337,79770.91
131184,322565.88
20394,135265.48
105084,50699.75
43671,33195.49
56961,7283.162
27820,8448.724
67509,7752.467
37100,37121.574
113761,4396.679
121231,107068.26
131428,36468.17
127083,2249.7644
61517,10696.246
73691,12715.895
121139,5322.3706
118624,28831.184
24299,49541.49
113897,84991.07
65765,12515.477
68655,5642.164
126857,7893.229
106454,29489.957
30220,56000.586
126314,32116.432
4702,13630.4
98112,9462.039
90990,6835.428
68319,25069.488
68212,2488.1196
83063,12547.483
46244,5745.944
62637,76240.01
129922,7703.095
42490,23007.232
87914,29466.951
54719,2255.7358
50958,16924.156
94940,96229.11
147968,4205.4126
25792,11968.146
1679,6401.6104
31030,21204.646
32333,39298.47
40055,95186.586
79368,55536.242
71767,251739.36
9574,47775.605
90881,18460.213
148279,6054.062
133378,37749.242
90668,2101.1506
24250,29798.143
92141,25602.78
75358,91160.06
6375,8874.42
51300,23808.264
100576,10281.107
78960,11160.568
57350,147042.12
40567,27732.074
88140,3571.037
122590,9510.228
140107,10255.972
148782,6461.1616
15014,131416.4
101506,8339.747
82691,8688.29
97421,7777.3535
102326,10738.439
568,43056.266
47659,22267.098
83752,55930.434
51132,17998.855
15554,71790.57
47581,18582.846
77797,13085.44
112349,54976.67
82433,97590.09
84703,9912.273
119248,13642.816
59614,5887.4106
100791,40845.402
123450,63313.656
52788,46931.2
34710,288922.12
95774,23599.617
146515,20856.912
146142,47300.508
53304,13072.628
35029,50617.094
18473,129970.49
68286,58287.758
54309,54465.13
74192,37993.77
111806,13959.937
93836,6263.5923
60196,31645.799
23504,4148.574
37416,24938.838
60405,11793.234
56282,14151.865
34993,44884.125
79602,35937.473
108507,16974.514
10907,15000.514
10889,3485.482
16064,68348.15
10522,8763.885
148558,43951.906
35610,29662.664
6652,40198.89
19997,8779.633
45037,331406.06
11391,25397.34
77170,5080.364
57417,4302.9673
97845,185258.38
79005,20295.664
55503,78820.75
109855,3766.4976
63194,8362.036
66458,13204.691
60006,47212.93
1041,175312.34
76196,16798.902
45755,87815.82
57786,5477.879
77019,1523.7057
15231,13960.556
107813,11573.05
88640,19663.459
99435,19710.686
53773,121001.836
67052,6063.0234
21783,3468.7463
42171,83570.42
117103,1488.4503
73088,48107.098
127917,33447.79
89776,48674.59
72965,27400.492
32293,15894.246
30286,175790.47
140543,67356.28
29892,43177.9
41523,40191.434
109016,321047.75
144589,1380.7842
16708,11216.775
149672,41075.703
32748,52347.5
51784,22906.414
46570,5103.4097
4685,3107.554
116137,86851.86
135411,89987.75
45484,54360.82
124324,18884.418
51030,1871.7222
50793,20386.49
140740,2753.1018
139055,31644.496
50345,21436.682
83334,21960.105
30698,12713.371
40800,7628.3984
12959,46933.785
103290,12562.333
147445,8722.262
7508,62643.918
65884,23354.072
138144,11096.2
83442,14990.252
140929,5937.37
8271,5499.6284
54015,2687.6045
52190,6943.2173
142555,75483.59
46749,73049.8
118846,43873.77
34059,53988.492
54289,12099.308
53708,153145.47
149928,3098.5325
39339,33695.82
69409,1198.379
102913,55852.86
60241,1293.1543
12699,19085.25
80044,128553.94
1171,21658.902
109393,27685.916
117527,34596.793
119929,7543.1455
30210,54102.266
4162,57100.395
98429,21733.559
125315,2711.937
98119,2536.4248
34658,20952.398
35453,3943.9104
127787,10427.85
76807,23031.445
13787,3815.2603
37978,96229.11
45957,32629.068
26501,23604.328
79736,9906.076
125173,74813.88
92914,14157.9375
23423,14097.115
784,1294.1569
74346,3934.5427
56487,32918.98
90357,21857.262
51444,44347.86
67299,139639.1
144048,14405.677
60845,14401.074
109454,31927.424
91374,2853.9995
105337,107058.88
58959,5772.2563
116592,8522.459
140555,89481.57
86787,44069.2
38696,37045.3
8188,7734.967
13443,119730.29
27617,30384.889
103657,22472.227
41168,9675.472
22245,112636.59
97028,22449.36
99041,51327.812
133291,15491.941
87875,9668.511
59733,14216.123
6914,35799.65
126648,6479.6646
51498,145536.95
41371,33215.625
121693,5570.0444
76068,121259.14
113054,13719.514
33604,20330.09
68834,15367.919
122140,28641.16
72734,31807.438
93561,1711.3715
29368,93931.73
103407,9918.879
26582,3105.4397
69279,4658.1553
29295,15545.765
23219,2963.7603
41343,178022.89
76222,22011.625
100277,17589.568
43160,25947.652
28740,35666.918
125939,47921.12
71303,142211.92
125409,5269.8496
71259,34175.75
127540,81556.44
27998,40994.5
137533,6302.1978
63990,716.52234
13479,5317.9663
104179,28700.117
107091,14273.61
70332,13309.827
136966,6553.766
99550,37712.816
2495,67497.21
72003,34446.723
47277,3420.1475
92486,20059.906
147528,14595.083
8450,12264.612
98511,34612.582
69055,25907.268
1641,6412.29
127257,8911.068
107618,2438.2788
120035,17302.836
112451,39634.68
143184,1969.877
4334,25366.812
39058,14077.28
86797,76544.38
105577,4953.5186
18721,11932.777
90594,39152.72
54994,32679.195
132827,28680.979
8767,598.3925
78616,5805.2593
147363,59171.84
113956,7839.319
138861,33771.082
114867,15844.3545
19629,59678.727
133940,4433.824
143899,8083.164
37194,43659.273
145318,261.4784
84274,29510.885
6776,60721.953
71248,1714.2279
60004,4186.458
56953,2591.0828
113280,68116.98
127510,10334.311
48052,16039.264
13419,31590.068
82499,12323.511
69619,50046.43
141756,3582.166
132219,11204.997
108678,71921.14
9694,85632.44
123723,31901.846
17596,33606.047
124343,98047.86
30599,1736.32
120681,7999.255
24183,36956.688
94358,35686.07
12494,20866.781
134118,30119.06
1567,29416.787
109672,5486.1377
101862,37989.066
13574,3205.1973
92494,32661.576
28933,8796.296
16268,63597.066
89677,17205.588
124910,19233.861
145391,105228.08
6850,43390.094
129463,71083.375
37443,50013.332
144749,15845.534
14257,15137.794
126031,-5011.8003
107465,34623.297
69567,22644.93
26736,37064.31
63296,3848.0813
117639,85226.766
67482,20982.307
88067,29169.863
40078,4015.647
95039,406055.2
12354,35687.156
148182,3897.0615
42806,32532.807
68072,22299.398
93734,14024.117
134433,24456.2
16743,7198.275
32714,6774.139
20907,45523.69
48806,4002.0986
60709,4215.3184
14668,176523.64
37193,6533.184
32882,8256.066
114344,18069.291
114516,195476.03
30306,32039.674
24814,21448.582
19704,10015.257
1465,74270.055
141832,34029.867
144787,14363.717
55244,67289.92
65367,14531.375
74654,12025.764
94288,8881.068
120181,15297.182
133172,29783.16
106545,166111.36
37985,33319.36
47706,11444.929
42438,1611.0956
60033,34450.867
83152,13866.9
129944,16878.938
25420,55948.277
11337,196466.61
40103,62580.33
137384,16211.172
79965,22426.365
56581,217296.92
67649,7715.1797
129207,66386.17
136986,21796.95
33438,14794.5205
138481,12206.015
138138,12577.094
1822,33584.453
99201,25092.979
66723,29396.328
110361,5611.0044
87393,3534.2642
61455,4250.3745
125436,100835.016
15629,7306.8613
144090,13330.898
102199,1988.5305
110928,62566.55
145844,4241.11
85527,3889.2764
11215,49422.26
52377,33144.527
88926,24168.016
60166,79229.71
4433,6958.4688
65299,16962.69
20790,19151.168
47324,4220.316
108885,3852.6062
140442,9597.899
3629,44726.047
141126,6525.8047
53927,7781.1353
124279,42479.5
31992,23222.443
30762,18911.102
17050,26572.209
85510,24072.137
94455,12378.9
129564,15754.38
131232,2800.2747
91955,204851.5
85421,2362.7056
3527,4153.0815
1369,10274.112
29895,152586.34
11195,6523.895
40328,8994.498
83349,50726.3
3193,6095.8345
46809,25491.047
19296,39406.59
38820,63659.24
126046,3648.7317
55168,75384.89
9161,35052.625
77630,74131.81
6416,13851.852
48130,95785.3
11234,37531.758
115568,19682.008
105641,13826.965
108104,94233.26
84890,21490.799
52213,1313.0302
48698,38949.785
101352,13348.999
134035,136055.33
21487,76863.16
127594,11331.725
89936,70545.77
20284,4205.7485
35048,15849.476
36594,5291.746
36990,7403.1587
83586,6316.119
141868,11079.91
15019,75960.96
13808,4893.7876
45103,101681.64
43123,1835.9387
102349,10617.307
13381,16076.556
733,42833.17
69992,32807.355
124463,34599.12
61806,12053.926
148682,32978.906
86766,30788.895
19318,46976.574
108685,140695.5
71652,13467.957
135803,26160.582
96854,11392.583
77544,8566.83
4743,37334.668
33452,32414.764
45521,16885.49
89344,67476.19
13104,21931.852
102864,13713.945
10926,18948.271
125394,757.44824
121883,9652.687
126427,26949.979
111085,7993.6763
112986,13881.225
4091,76606.734
2096,48106.15
69139,29831.36
32237,52270.676
7764,7698.0864
51173,3699.4192
79315,116408.13
28084,69942.16
149335,6103.536
70101,31166.318
86373,31898.83
24424,21534.457
69017,35802.19
51501,46014.766
87821,5113.4995
68461,32063.104
61634,2148.327
138357,29049.33
50866,21532.861
120764,55305.188
118772,97505.2
39036,6370.728
66934,10394.079
43221,11242.808
14117,107135.2
129787,50616.617
51206,14213.384
121571,26167.412
130968,112010.01
17867,71006.49
11249,3981.368
19896,81133.88
137809,17624.746
51850,39564.51
116538,69811.07
103286,86462.12
21811,4156.978
140712,1566.4667
131775,9321.375
48658,85813.18
80085,11148.353
22762,3265.446
98383,20351.037
72379,16900.537
47938,137730.84
127333,16667.902
1087,128098.69
47164,40591.457
22317,3318.7817
103978,4712.827
45912,73361.52
77172,15242.472
47141,9560.773
137906,41447.16
19588,4363.436
87778,58580.355
93870,3720.568
103013,6584.3545
144786,33326.902
62275,1715.2712
31843,24510.164
24834,18813.078
82039,75339.55
19306,2915.48
141342,5613.756
45530,52131.824
33626,50719.0
69997,56313.824
31993,36526.35
4104,4069.7178
54296,9188.702
61445,16614.043
111306,110134.9
61264,11159.393
120113,17882.734
36726,22516.752
3393,10918.643
17143,161167.66
100299,2989.4536
69135,42222.188
99340,9177.203
76992,128839.19
89328,36426.098
49515,5748.1655
33729,61569.887
13127,3626.3408
37565,36794.445
79024,17370.81
16705,16035.866
49669,12403.7
119895,50018.062
79988,57176.832
113069,2621.3816
30711,18669.447
43008,76273.72
123071,31464.076
83341,36035.5
80717,8745.202
147728,33311.484
147202,40591.21
131630,5190.388
102206,11505.568
56686,19675.44
22037,11487.449
14158,56775.363
66812,30970.092
59824,1330.3705
63483,4787.41
62560,18720.725
141595,57399.45
21589,16361.316
96822,34410.215
85409,11968.407
39805,150488.17
22148,4860.651
148919,11663.895
82595,4585.2695
80889,7461.4556
146413,51678.137
83081,147474.73
71374,43600.766
79725,10147.416
99158,3568.8381
75073,50735.145
76764,91962.32
68720,58310.27
24731,39044.36
44405,885.5345
71459,13003.02
93993,1600.2194
128581,39283.227
83840,6261.1113
78403,36220.207
88312,18272.293
133351,7079.0566
113190,20218.045
134733,164831.78
148241,2197.1965
73027,9020.555
135392,61136.39
12938,3969.3074
97348,52151.688
147636,963.17554
103238,221752.11
113167,35982.04
75898,60932.32
7064,5579.4443
23383,197912.47
97625,29196.219
64346,51610.008
53836,5379.11
111005,53197.824
46944,6618.5615
73526,63873.066
53033,38938.754
38927,12462.7705
51774,83649.586
35266,16988.156
3684,12513.584
82350,43336.2
90895,61593.133
69429,7276.549
127318,62900.918
34246,6582.3906
137514,59588.844
112549,136993.06
24503,17749.246
136746,28390.85
66309,313204.75
82888,15556.041
3662,32893.742
70310,8954.24
120172,1226.6458
81913,43054.008
74601,36705.758
139356,18707.963
129799,14999.539
78087,28362.494
48830,40087.766
61701,16186.428
937,4431.7515
46968,859.8332
133852,2466.6619
75673,4839.583
56825,25462.861
5276,85419.03
78413,36930.625
99062,9138.442
101682,1667.9197
65755,98918.02
44828,16709.27
74704,54730.184
16020,56143.438
98970,40745.918
149578,9936.956
142848,76176.53
118398,16968.207
14431,200020.16
129850,30173.014
59655,59794.363
112472,3078.5903
127757,133275.78
69309,12343.218
144166,16421.316
64606,23791.762
114930,4064.817
54989,4040.104
5752,57660.074
142372,3529.8376
42871,17693.18
71143,36328.4
15073,9865.26
22253,17488.232
104453,951.55975
40901,6250.244
18451,18566.814
43361,48443.887
54232,6828.927
18708,4801.039
24498,22617.549
33114,259172.66
28497,12847.103
123465,60280.09
143112,32164.562
34823,16479.66
126032,50711.19
136101,21717.17
9635,9995.965
147320,5914.269
20473,96571.414
111976,2400.009
116701,1468.3611
114308,5695.6616
42625,2575.0393
86981,6218.54
71651,9276.97
56002,153421.73
83508,4123.5796
24160,254799.45
47345,155265.03
20675,13312.552
148208,60116.785
117259,94173.695
11445,20857.541
118731,9137.853
108703,4754.5522
18981,64289.21
75624,79144.734
20097,91543.836
106258,51194.098
71659,48877.594
23935,45518.85
36336,227959.69
123113,12260.852
142521,38172.535
115941,2245.9368
15817,4358.725
108118,58841.188
39575,42565.113
149592,33289.97
47280,21594.217
107108,45072.71
5199,55069.0
100957,42500.008
39480,29291.674
65264,33259.336
134285,885.98236
48500,4396.437
25088,6041.2466
137011,32873.46
139922,65725.414
130215,13645.546
18353,4053.1487
37811,9518.068
51896,39090.414
140844,39573.707
100955,33260.684
89760,3540.235
125639,17829.2
143640,8585.262
115316,54968.477
78923,258654.02
71121,1738.4364
74940,30526.236
84678,4638.4326
113148,1054.386
8943,79086.945
85291,21132.447
132947,86030.19
43391,17273.094
30930,116530.68
115388,49309.41
137002,9047.1455
13154,28899.281
76990,40034.625
132726,9273.848
128307,2005.5223
62300,43975.07
128265,49579.023
80719,42030.918
69775,33367.863
127166,19532.676
128374,5081.569
56131,7921.602
122232,4078.6848
137270,28725.74
95590,6305.299
23543,88924.05
148953,5800.2964
76362,11595.444
135518,23266.598
110753,26769.412
14798,5500.8584
53147,21390.135
42526,132367.92
140576,93243.63
107549,215005.95
52634,4672.787
63361,56359.074
11364,86735.21
66356,4924.366
7161,12349.428
107482,30501.271
125830,5724.7783
30849,13476.276
59011,43316.3
52843,7526.8857
64166,2563.7773
102904,30087.143
88557,28823.645
78100,41272.254
65796,936.3426
117920,15705.866
133255,12757.563
71564,80512.46
40500,6281.92
45687,20738.652
122428,16353.603
119444,2944.3564
124360,39692.86
72473,29258.87
25025,9976.995
82498,39875.68
72539,9129.901
54442,8799.44
146482,464.08786
40146,6285.025
50708,70595.55
37759,80824.055
68717,4539.8647
112797,8615.293
39141,11095.455
135012,3248.5176
4363,55719.965
131406,12187.98
143951,34113.01
77380,38850.492
22335,72214.37
101000,10961.308
128819,17553.525
146767,11685.635
318,27098.945
82295,21282.994
103285,71370.72
116578,17290.49
141367,70540.83
38736,49145.957
1936,7136.9165
99305,62899.3
104755,66686.43
31522,21042.012
133112,4823.4717
94363,6150.1436
31012,54166.402
145749,58799.13
8721,2202.186
139958,4213.768
116183,39701.844
96882,9351.993
80891,5206.8696
80037,28662.23
49584,28254.773
135305,45335.883
44026,27243.166
131972,30967.184
94737,8086.452
56677,274714.22
148463,14698.534
86730,27793.197
110553,15912.033
62601,14538.836
62075,5969.812
93824,12667.566
61739,55025.168
48048,55229.066
104174,9689.484
113833,129207.44
71444,28383.057
13227,11969.96
52814,45865.03
10950,24815.129
114721,63663.73
82590,123927.27
116627,4084.9536
51002,14502.119
42341,32782.44
22688,9310.096
92058,83016.23
117481,76587.05
71977,7017.809
22277,499.96048
113475,4420.075
142769,2616.2825
67213,69785.69
54995,4610.1006
142293,10271.729
142136,47624.062
13970,37383.39
77809,21632.85
85268,11574.689
5792,10679.229
126756,162272.22
119822,18204.848
58272,2074.8083
25583,22494.545
109627,47786.086
25868,5162.4854
73961,462.74026
67992,5599.7964
26865,38314.805
123504,787.4869
111161,10370.608
42675,36931.36
65081,54653.12
1548,13262.135
103046,56959.07
60662,14595.094
145119,20393.578
91282,26784.57
103470,9203.579
105809,3125.1465
143718,33422.137
61471,69019.4
30697,46018.754
85153,68990.7
145975,4360.613
46656,41764.32
50753,7953.184
5449,14132.696
124872,68813.59
21268,57047.426
92802,21803.947
147777,49706.805
49763,6879.3345
68494,6850.0786
33230,8050.901
136214,39256.164
134447,68149.86
30738,4157.41
96553,5010.586
87426,24359.668
115733,183339.5
55935,70278.0
24811,12750.086
124015,18188.357
119367,56615.52
70598,41534.668
3531,14735.989
126131,4760.6636
6738,7089.6284
130546,1661.6055
23860,19106.822
82118,46593.055
20079,93754.375
108378,18416.383
117240,50261.03
24333,11563.319
38612,7217.6587
109017,9059.89
104604,38842.453
87871,70684.1
27752,6491.4595
124261,37928.79
124638,29193.744
22422,18902.19
106260,40200.715
79844,3302.7974
56034,26284.766
146365,556385.5
17059,2603.9417
29091,49469.86
88044,3242.9697
68991,3809.6133
34731,23214.357
61495,20043.469
91991,50451.887
81276,6580.225
34149,49684.52
99033,35789.28
88102,217281.0
114564,15615.75
65359,11035.994
133954,242895.4
61705,63154.363
1495,97363.11
57049,38144.93
28935,32243.06
65548,6841.717
125589,3912.742
147338,5116.318
107966,9409.859
76360,3943.8257
92268,7332.605
148048,63566.418
84929,27487.27
24244,19318.717
9226,42749.95
121815,3911.9993
137027,58390.043
148474,16541.555
145736,17949.621
58818,1232.8159
13255,13927.104
140754,2471.9138
71079,20002.812
103520,9622.791
48288,7392.643
14122,8404.175
96639,7267.6655
84958,111529.695
12026,12980.044
117342,18661.613
31318,24880.383
73924,67810.86
133202,38539.96
125314,43176.94
10513,104080.3
50822,4803.5938
41149,2561.449
4913,42660.71
69570,26539.945
137642,7670.82
112341,22359.477
45552,102979.94
23454,98636.164
58309,54691.49
56666,154129.75
11297,3731.9707
27490,3004.049
104834,24240.352
69781,101448.984
9346,20025.57
64692,54975.094
66191,6504.5615
91971,19681.635
17181,20875.037
41178,58373.24
29814,29267.645
63502,5864.974
88154,7092.5454
41633,9379.684
139517,37736.008
71375,10522.718
149103,15417.572
67706,27327.99
54625,17158.479
118987,32893.77
52144,49884.234
51401,48771.27
145746,10541.973
60736,21455.896
90456,15112.187
103077,6237.1675
66281,7989.2456
15427,28974.152
4941,48957.7
61308,26687.438
82984,15555.524
52278,14906.116
35134,102970.445
132493,44680.383
14599,12812.33
71190,34033.734
111647,69691.34
69097,25422.701
56182,11483.056
136938,7430.2656
3297,1969.1854
76159,24303.45
140579,12840.514
54546,24231.379
112551,58003.098
39126,13253.188
123090,2801.198
70189,17045.783
65831,53613.37
70280,9797.184
69937,28967.984
142103,54137.32
67145,70191.88
109673,196846.55
139942,32956.65
486,12701.235
73341,189267.94
52152,6373.7373
101323,7770.0317
86613,10562.719
37120,4494.168
65019,40320.598
40436,47405.56
125292,4243.897
71537,5356.9077
68241,27720.928
141363,45720.32
126760,9248.036
15946,9143.943
40327,5576.0522
91357,1008.29584
148186,27426.826
143155,10343.387
130778,10653.197
118809,19893.105
15561,111951.07
4050,26733.322
99917,22487.736
11469,38165.793
93386,17623.072
139326,55373.46
33321,8794.106
79457,53379.516
41301,209702.72
87762,10389.381
124554,79401.95
130401,119077.31
119384,154247.36
36869,74872.11
35706,67276.29
98893,2553.1335
38070,5495.717
2245,129256.88
126910,113023.82
128917,9659.023
147830,6488.7417
136104,21896.395
4776,82671.53
27967,2273.3906
77043,3791.9907
16269,54563.47
32486,4832.6514
38767,13133.895
121558,8250.177
105595,14065.284
57220,1633.5016
113917,12855.233
100363,16908.936
146209,41331.434
6457,33381.49
8596,18483.576
62790,18128.682
125946,7236.143
50782,8800.078
115689,12725.212
109174,904.4583
80154,22387.988
69690,13954.235
41235,25545.559
140248,16027.642
140958,8603.026
96384,25455.586
55947,36647.633
149505,91969.805
31780,9690.569
4516,20912.385
75268,15445.339
116488,156583.28
113684,32711.979
39982,36538.266
90415,48581.887
21614,7163.368
70483,41419.082
85555,5906.1704
50682,10327.709
136362,8489.831
21045,56691.23
95519,266517.28
146151,92863.445
1504,62652.5
66622,80942.51
120922,49943.273
89045,20417.209
99638,19397.01
25553,14220.917
88101,16044.224
59182,5326.2295
109460,13578.964
39041,7680.364
49294,27378.17
89302,45679.15
78746,76359.88
144235,46580.168
5144,5273.1406
6817,43151.055
102633,79071.02
49003,17883.8
77596,14433.968
120005,23848.717
70776,5787.43
140569,210158.55
121690,53716.152
26209,90079.09
38185,6100.0996
106707,7286.0547
85657,7642.0107
48873,13817.685
82049,30449.988
40892,9737.786
84578,10787.392
2809,7015.4795
121211,891.1888
112789,15097.171
131631,8645.982
126071,91889.69
125978,10054.588
9125,6018.6553
35795,98524.09
144960,9982.498
80338,10733.676
59652,25196.957
50551,12056.437
95076,12752.936
39819,10913.004
29695,80141.51
108593,35833.207
133971,21265.871
51658,17079.188
15343,8650.117
118843,47452.324
12357,2029.1934
117194,54454.316
65186,3804.8071
93959,7997.4907
108451,3008.4373
23937,7433.0283
126845,82293.11
79605,6736.743
79011,11472.456
128363,96506.17
29740,68792.29
69704,71503.25
32925,8426.997
24577,2557.7795
27562,21910.818
122111,1913.9711
37101,4566.2534
5832,16899.422
102162,158233.53
19804,63868.535
99335,29894.582
31768,5873.1855
13494,6998.5664
134687,76927.4
41590,55087.7
90258,6631.4443
125081,20038.625
82043,20314.299
56917,4768.3237
110299,18208.63
46421,3004.5034
37094,26218.648
3934,40281.87
68029,8224.666
52236,98814.59
64914,6843.699
88722,5254.7954
4206,10688.722
38407,53370.203
88381,10603.437
53503,4496.425
131530,29582.775
118980,111786.81
126968,9752.6875
61363,8378.292
14877,179192.88
142891,57347.062
11196,59203.57
76446,101552.8
104009,353228.9
58700,324049.7
58101,6868.492
104089,3843.2007
13445,22192.832
7740,6652.1475
24850,24057.916
42721,6513.4688
106004,46283.45
126177,6752.1523
94968,3562.695
9134,12738.5205
128658,8908.457
2179,16637.941
39587,65500.438
76909,337.6887
114115,3395.7512
17493,112248.24
68635,36150.297
125990,6873.141
114206,36230.09
30865,6948.6865
137842,16613.16
107385,97925.28
66566,20332.64
16295,28861.354
63774,45261.37
61411,54311.15
128748,88059.56
49066,145169.55
53269,5536.845
115478,88257.055
22952,28173.406
117670,12742.198
33990,97166.74
55586,4555.784
78808,38475.85
139838,13982.67
86484,11143.835
67302,61717.684
75408,21161.459
6414,12386.841
48230,14625.122
130678,30950.016
143460,34172.266
112375,10099.627
125703,7162.6973
79136,129904.586
113201,9360.441
142988,37614.05
60748,58580.23
45809,16078.178
60530,3058.4624
71583,21157.414
111207,14790.075
88463,67609.58
108414,92144.04
109066,209721.89
41322,26391.193
75234,105601.08
114944,95905.82
42317,11471.679
3526,57696.223
13584,23450.514
64111,5414.4517
122515,5554.033
119886,33992.504
26593,61493.97
127582,12380.876
146400,1609.6885
130718,5897.985
112596,69882.945
59124,7273.0
10440,39301.97
125070,66207.33
91518,15416.623
10248,204738.22
38860,20600.164
9228,70929.62
26966,26135.988
125351,81883.19
72738,8466.538
143137,41462.52
32249,2568.8508
143728,40719.297
104192,1777.0143
34025,73021.03
128695,2149.8533
128110,8001.1855
37674,103742.11
104277,3888.2344
139183,51500.9
13016,9256.798
136467,2927.7979
20933,61422.965
117076,8431.58
29501,9388.062
45881,217584.55
128801,14118.222
43712,85807.99
107946,3011.0376
9192,105039.82
59112,57280.957
148323,33244.242
88863,96323.66
28252,11205.601
8874,17563.574
18030,6998.886
64810,30692.34
10087,4982.3853
145613,32687.621
86858,18765.031
82196,334835.6
96646,167839.33
31495,9912.324
57695,18711.014
133668,4978.7686
325,70183.92
3925,19086.668
73113,22988.06
83693,28300.004
54670,24861.59
18950,17291.352
94612,11172.976
146682,203637.77
145679,99234.086
95578,43587.5
105995,12434.937
128372,56093.566
137675,33061.34
31015,93498.35
54214,4358.638
113334,52542.164
92288,187433.48
55960,14985.827
125088,23136.623
95690,84040.94
91588,123832.66
135190,75853.555
97595,10440.807
145488,40935.63
87262,4547.6855
50256,70052.47
87965,20033.75
79580,13655.038
126594,11521.11
46820,27536.219
111898,16966.982
31634,161785.45
126950,36560.676
57728,7094.1943
133969,58267.8
5660,25719.19
107458,34571.074
62770,11269.798
21151,13320.475
82370,76403.35
51267,5560.667
44901,13569.608
57189,68257.53
117691,12732.806
73857,5421.4116
18936,41350.44
125893,3659.9421
48472,17713.373
38004,19135.877
62721,23998.08
89083,10779.4375
124792,51630.58
47360,66288.805
29081,51270.56
35053,8064.006
122886,300481.44
102024,136234.31
11686,151205.52
117306,14722.629
61170,25355.184
95390,12835.754
82184,77364.26
24605,11284.857
54831,33193.727
56264,53184.035
21394,237370.88
104616,27549.166
140212,1980.564
80066,13210.143
106509,50911.195
62920,36540.133
96823,4629.5796
12230,2491.4941
13447,17527.09
104662,3229.8523
78945,67481.65
17114,17256.9
80820,163462.75
71298,22006.234
59847,71378.48
4714,35631.324
97795,22114.236
29258,5872.11
30579,43083.54
32552,3688.4194
140311,2709.4106
112392,34280.51
98265,756.1231
101618,37797.605
20770,38121.68
41398,105992.67
36834,7154.4863
69817,22086.334
8083,83838.87
1710,4717.995
47824,48944.258
120683,29699.361
45020,2395.9534
124442,6834.204
110836,1796.255
100118,1629.9971
120901,6964.997
22626,3009.112
31352,27270.207
10506,12581.148
22947,22709.94
50809,30082.793
72964,10174.463
6047,146024.3
144226,17088.879
9120,12309.882
122095,32356.133
11425,6609.6763
81804,28884.246
102182,35399.145
69928,32893.516
48352,74683.27
132638,11556.313
23582,245612.67
70443,3062.849
103073,15356.312
39248,543452.75
56905,2803.2617
115016,35270.285
114273,687.0144
57477,194892.08
30146,8706.762
110560,67934.4
23055,313558.38
86428,5974.9756
57998,1531.4429
111187,9351.298
103183,4702.735
95654,25404.02
9599,9772.23
48486,15166.204
75466,7500.378
105698,48516.848
81889,54916.16
60917,127335.98
43876,1440.9044
128339,33643.49
17715,9534.638
54336,4100.099
36843,5039.3657
20879,11987.469
145304,8269.035
137402,8201.951
87848,38121.367
58023,14521.501
66737,21889.934
32053,11202.021
85578,12744.136
79174,11169.027
28678,6349.517
99599,4958.0684
41001,62672.66
59797,4463.8794
42285,92155.28
117228,39866.883
115330,35152.63
61269,5702.7905
58613,48924.902
32988,3852.376
28139,42613.438
77744,21791.78
21494,2954.8875
34364,40996.363
6591,9409.458
80135,33895.723
98837,63650.855
102507,9737.757
115424,46661.332
96554,28459.582
145697,86578.836
35911,50512.3
83996,5566.011
117503,218168.84
33982,19828.463
79092,58671.312
144251,3454.9019
93260,5056.0776
35303,26349.938
82509,22502.805
58995,90494.766
72287,18231.738
18272,9401.028
26521,50268.52
102698,6479.9814
7647,64850.414
124199,4574.7026
49727,13396.415
85561,19728.785
99030,23442.816
129278,23562.139
3456,80691.21
64843,2173.7175
22704,15206.995
60539,11939.322
17137,21881.596
38535,7399.992
15998,4506.154
96043,11994.461
104329,15202.192
88810,14519.773
75006,2099.0627
119771,10101.294
92037,15045.065
81716,12742.381
120523,223084.1
59680,94831.54
23814,2619.6665
65247,39406.773
74835,10558.97
127762,60244.543
41392,85592.27
44213,14103.923
19785,7404.1865
37477,104279.234
126215,28739.47
75145,28956.799
55,16991.867
23263,80933.72
137971,9341.076
71026,18007.332
31690,21679.146
144840,10622.381
64650,38422.23
84892,85467.59
41583,11200.921
1231,1002.3975
112784,1820.7013
143133,161083.27
26527,6090.8804
123950,15545.719
141624,55315.766
117902,49714.33
90396,5752.0986
105007,482092.78
84202,49182.57
41068,5802.401
65066,7201.716
47917,29160.797
69515,114591.94
68252,37073.633
135882,3890.26
97554,20487.768
143459,35089.53
93743,49380.184
95086,48121.465
7534,84059.27
77907,1799.6542
99207,64717.883
70242,9933.329
110373,5707.8965
128585,30606.795
21182,65437.973
130781,217529.72
83317,23049.316
138920,22920.904
55814,19126.113
14553,1411.3608
141898,9070.043
140111,89088.164
92842,86863.28
57047,41238.246
40429,2388.9534
55179,10103.583
55983,29633.777
20267,42172.73
83430,91570.72
28017,194756.67
123353,64882.293
58365,59238.87
82500,38926.562
122362,14551.098
65045,15125.435
64540,18336.576
108742,33499.19
105354,138645.55
128169,16529.95
12440,57099.42
60803,12569.072
71522,25791.635
129903,26196.896
128344,7156.0977
49468,9757.055
68738,167023.17
121275,25607.703
118680,16379.693
6224,11046.94
112700,7521.8867
136212,8084.4854
107613,19739.723
15140,46484.156
100674,26999.176
35612,4662.2207
130934,43536.867
141546,254578.16
11167,3536.8865
71515,5755.262
85286,5804.7524
78880,52227.836
96515,55706.953
74827,181.89496
20380,3204.5818
7808,101079.76
22022,12489.305
2126,45571.363
126272,15441.095
99865,29785.426
13878,5156.4995
132312,14143.57
87118,33674.42
48272,22556.877
115263,3527.5427
8076,27416.535
77874,25051.621
25874,4697.293
135592,3741.6494
124403,200522.53
149490,9535.772
101973,64452.566
77473,63143.836
128766,41356.12
114840,22661.078
95788,1622.6268
73465,7993.067
104814,7779.5137
51171,4099.4985
94915,13018.1455
138706,83810.09
112540,42059.215
22843,7909.6436
112671,111421.61
124969,98762.586
121107,38490.66
10438,14799.537
75104,66486.11
51386,54986.703
93660,108567.2
81926,88756.14
124665,65999.734
64320,10233.446
18093,8656.109
31605,39478.676
143116,4470.451
1244,86379.47
72846,9784.1
59880,3144.4675
51690,53977.285
116900,86155.86
141680,58620.4
70337,53637.414
95865,180479.11
34107,23106.158
84529,2132.37
80494,180115.11
11865,26750.469
35130,6637.923
117761,68862.5
53733,7622.3447
91163,10198.308
87152,25785.59
23618,214134.0
104248,9913.773
116051,32277.492
101232,100662.37
89644,25642.602
81744,25644.7
56090,31570.578
57833,101975.31
20875,18267.627
148815,48189.145
87438,44527.812
67075,154818.7
15189,28635.03
43189,3772.533
36496,8036.5933
135426,163543.98
66277,43207.316
50030,21883.426
149962,16976.002
87457,12271.612
110268,8486.417
149259,10875.621
60111,45662.75
46977,101624.38
30503,37974.0
146357,1119.3433
113621,12160.08
143958,8930.253
17913,8690.888
71081,89771.6
36130,92059.09
86378,6945.086
48235,47609.21
101785,80925.5
32994,1901.0442
41912,19713.299
20758,3643.9116
46641,1309.8438
97512,4841.6216
75142,4439.2065
6089,26007.965
2915,24637.588
112360,11186.986
65103,5.1433845
11936,7464.5713
59872,93997.87
68204,31548.0
91407,38759.543
80896,51091.88
58269,62942.797
47142,160947.42
139385,3018.4082
127247,29644.287
143075,26395.926
66645,7909.012
135237,26832.51
108815,8647.4375
146974,8881.764
102367,27724.111
76778,8958.083
141762,107609.79
111947,10817.009
121893,85332.64
46982,30957.996
103610,19432.303
66410,23400.797
34744,8054.9053
73342,104819.62
109402,1650.5076
57516,9929.312
679,25126.582
58360,41504.203
132755,43545.297
88795,17470.95
139593,28301.96
141556,3511.1372
116283,5187.777
10834,7371.8086
56429,9990.65
113472,7556.2
90064,16016.9375
134023,23207.938
127334,7747.932
25953,126712.02
121394,19012.395
133354,5549.9614
108001,36833.22
4158,10502.784
57114,36909.094
6240,41970.793
16292,21881.842
144319,39886.676
17661,60396.926
80633,6717.7256
78855,7728.334
100704,39486.543
71905,23281.307
72971,63878.945
37658,9627.296
76531,49723.535
736,54398.047
44471,55167.93
12953,57204.547
5476,92132.74
147244,949.0783
13496,50913.25
23072,49506.098
86203,63551.805
92342,32878.98
140557,157713.42
20331,14746.017
142283,20031.217
140761,19222.79
124534,86191.52
123238,17898.541
103501,21048.096
18906,3366.9773
143525,46234.25
29804,56908.15
114183,77326.6
77715,33118.98
98639,27782.736
93134,43629.17
45747,62196.754
73442,18058.16
114076,9223.483
47784,74839.9
132576,1754.016
82228,55986.9
139447,18429.81
72063,25535.812
19584,13814.915
93576,32712.098
50813,6490.7236
82906,91959.7
49039,6413.6665
21309,13729.779
145892,12343.597
30155,12288.26
131614,2944.446
146011,6064.089
96995,16070.688
35960,50575.4
87355,6607.46
87469,46454.363
149821,6875.681
33324,24176.006
110365,44261.62
133339,22997.846
99470,34367.785
64517,12392.591
29282,37305.613
140350,3578.9856
78138,22433.51
58450,102759.11
60162,13033.0
26154,5074.519
81989,9915.298
3589,9855.578
24518,10511.743
12293,21401.47
130179,78065.36
77592,4031.286
141676,630.25024
35800,14174.807
141459,2461.2507
8173,10566.671
43326,1526.3773
120279,32112.166
120319,9060.68
14315,46131.37
8292,70392.984
106908,18478.775
137837,19783.518
123350,44912.18
72346,10663.641
12654,7793.413
92691,13553.366
147215,13251.507
20300,10682.559
86862,6642.799
42339,16472.13
44445,1337.5109
47419,11107.662
136968,3741.094
76828,85547.875
43599,10186.862
69871,5535.004
75312,9146.689
29841,8897.552
131127,33064.383
94775,9102.499
1281,33767.316
126052,149206.14
63289,10720.056
119277,16676.342
98001,31090.322
47506,15519.993
68102,5068.2017
149165,10978.952
124803,12852.858
58780,21208.576
62772,6000.59
53644,4087.6458
86460,27517.914
141420,121422.35
61326,56871.91
148191,14122.081
22006,2377.987
103085,41668.598
15911,15955.323
43364,22781.756
34527,25483.236
147748,58234.582
18914,69976.81
70019,6223.463
56375,15222.506
40634,1948.675
60203,11371.146
56179,61880.074
82940,3470.0835
25828,4703.818
89693,11151.309
133556,110568.65
100368,49232.492
17096,15513.224
111657,5805.06
29098,80361.82
82990,86707.664
40991,19565.738
50578,36836.555
51654,30009.893
31077,107008.69
82742,10407.158
129827,23356.695
145422,12024.948
32912,40276.336
81655,6935.9053
33070,17394.154
16559,-98.05339
70224,34595.312
80222,26088.734
49258,6040.13
38685,37440.62
44261,1138.0641
95424,12318.855
145933,8078.077
49567,1329.1285
9864,18540.238
42301,3147.3818
145938,9492.391
27767,121805.86
114111,12489.706
56387,177589.81
128116,19187.357
120801,26341.475
24294,46452.816
146353,25178.639
49601,45858.65
50882,9728.426
130911,8055.4883
95045,53014.67
129379,6685.343
22156,36335.19
9962,215074.23
79975,31290.123
102276,28144.984
110058,11420.273
30962,1686.35
30044,2253.03
52049,57049.836
128453,17958.094
93797,17677.326
45272,2347.0215
13424,22734.643
102677,28648.496
101364,58700.637
34611,19107.346
118016,3631.6323
34173,759.8299
139770,35262.68
65470,5036.3105
101861,8114.8945
55525,4422.091
123326,25588.652
23282,13810.109
135679,89134.984
3535,135117.48
71234,5230.053
63636,5744.028
133195,46898.777
4233,38973.453
111212,18180.434
107858,3453.3738
59321,114683.34
42483,37862.082
126521,96229.11
132580,8434.948
146227,11087.167
62117,7827.6694
78913,27701.834
99156,18736.031
107598,1171.4968
82059,65434.438
40156,3813.566
48360,20141.139
118667,41447.52
30098,6952.518
98492,38151.977
24985,81809.34
94548,20715.777
149231,102337.836
110221,26283.969
42190,44072.363
135607,35059.773
51826,50466.832
49135,1427.178
132641,195027.38
88988,43575.35
139530,98166.2
127060,35993.758
10486,61824.805
78886,25674.178
7806,116926.984
36875,42032.145
59026,10864.837
136396,160605.58
94208,23938.34
74165,91467.51
136903,96592.44
122955,57109.816
133245,13643.257
115908,10979.769
90771,6294.719
34761,4315.336
51460,16380.595
103181,5953.867
132254,40631.188
122131,39336.867
69464,11208.322
107763,80367.69
43807,5611.1855
132368,53003.406
86423,19396.992
106467,17448.307
70297,497216.94
21538,4693.7075
95180,20766.61
144899,35339.645
146550,58636.465
4020,21439.64
68604,75666.11
36769,63459.203
46633,14510.345
46416,32750.21
22934,10918.788
15871,22693.64
140417,6216.093
64849,115132.17
105861,35352.754
70807,10380.947
122442,9575.193
52404,5036.3677
7787,21453.756
132795,15314.266
125904,3377.8057
139486,46601.88
145876,10521.876
64558,9168.599
40226,51546.53
126239,95939.35
133223,5523.3057
92246,2217.9482
107863,58305.875
82724,17869.957
3377,16897.725
42052,20454.625
144927,87678.8
83909,46174.938
33536,9491.182
77050,8312.445
84099,132202.48
72200,5405.1836
85963,4144.3657
95760,3242.2566
106040,16497.855
83801,13820.464
45935,10527.787
91727,37484.37
124118,57435.715
43553,13739.322
40415,5258.414
74217,18011.83
148199,10093.682
54150,6313.668
113733,19776.102
60654,122687.445
10724,8661.04
34477,14852.636
47582,5504.2505
142859,9676.544
58052,65287.082
44528,604.8945
78157,133150.58
113251,47056.19
73915,6044.033
93152,7953.1157
129860,22126.123
99614,5601.653
12690,6718.285
15470,1740.3622
62027,11182.622
88386,155397.39
120675,35828.137
38694,17848.773
146726,15685.824
133847,23511.89
77900,4596.489
115209,40659.117
28013,18557.412
19850,22235.082
114380,10566.913
34202,8129.6025
78222,47097.273
45448,3744.279
105287,24730.33
28605,15137.197
24050,22566.77
7801,64439.02
48838,59971.453
108282,18843.857
21114,15166.222
98278,7642.9478
19264,57378.535
121485,21013.883
28428,6332.0625
85624,37540.508
126750,24919.398
142827,116996.13
139668,16582.55
30940,3876.5256
78827,20593.309
31994,7365.21
52082,29021.205
108487,183980.02
77118,2524.6829
1185,66523.95
101664,23475.396
124746,105508.54
133066,6500.5063
45044,10028.023
116843,2975.0366
23884,5684.0483
126550,27235.06
119920,17726.725
61396,225493.94
82626,8577.848
28312,35727.945
149050,14659.864
107275,53929.12
47067,4677.613
29416,52030.953
137923,11551.611
126338,32060.922
112263,190004.55
16107,259921.1
82607,16949.719
102011,71395.3
103381,63345.64
34383,13643.879
119923,144786.05
31941,9773.982
54677,28993.83
31617,92842.38
70327,35576.473
114638,12394.802
8477,4192.3457
132914,16266.012
89859,10262.175
146328,11788.183
26305,11062.806
21417,7700.3047
17830,105403.984
79891,50801.688
30429,46022.07
54606,7853.6387
7660,19074.586
147653,89381.42
37916,3001.753
58434,35234.562
100315,27006.75
32174,60109.24
80189,2038.0087
123069,7584.5205
99637,26210.098
65443,39138.727
16770,9188.331
136280,40702.363
79849,71606.5
54816,8461.698
60167,26185.613
117959,141566.84
111688,61578.547
127200,15928.364
106852,7770.651
78937,30448.398
107286,43597.2
19455,8169.282
50616,23589.31
50025,3918.1042
54835,5902.6646
2604,3968.6619
104959,34074.188
100293,10594.15
50069,8846.454
45765,21744.713
33464,16502.1
5010,11573.856
85869,6687.931
25560,40613.586
79972,160142.48
106209,40079.617
27084,32218.11
144423,24542.314
66681,5674.226
130247,106950.58
145577,6128.7744
36051,17010.06
7786,5078.508
109812,36036.438
146320,71415.81
145356,5965.12
105638,19866.365
104145,13628.512
115677,5445.8564
7820,2166.3657
85817,7266.4736
13995,238150.45
115004,45999.266
52790,13029.241
111493,9018.799
85822,22564.1
28425,88841.05
56102,43144.438
35703,61273.953
126262,28521.852
84955,7661.169
33608,56103.664
59785,96492.32
130228,75329.32
71838,64691.445
73764,3884.3086
5772,97009.83
74616,23268.479
39274,29055.225
130912,4303.52
32960,27465.89
22291,16352.998
135810,148939.44
28200,12091.3955
41405,11865.827
73009,6857.511
129230,11383.339
139943,27562.877
49944,17569.012
90048,777.1336
79599,7750.572
10987,4985.121
105300,82263.2
132123,15092.113
31870,33260.14
148871,5742.01
18201,17537.242
76132,53498.426
6563,7225.397
123615,25695.203
149206,44309.83
121000,141389.34
23904,4086.271
92002,18707.496
140601,60596.76
3704,40225.016
101671,86098.03
50239,23489.023
31025,52998.51
3750,34109.12
12258,3519.5317
47408,3484.423
15275,99600.1
30266,4023.6365
15702,14405.739
110061,11059.781
58549,16876.87
104848,38934.883
1051,77508.06
149497,23140.322
117673,26865.035
17957,61871.05
15570,11430.413
91913,25828.018
125280,24592.28
110937,23421.44
56733,23619.992
142072,7293.376
128358,3532.4985
48110,21285.504
40177,12382.536
12024,25161.428
79873,14478.66
35565,4506.4033
79755,6353.613
59126,102142.4
79038,216946.33
105196,135926.72
54895,23027.5
91446,7398.5
146948,70839.13
100667,100215.76
69003,52353.15
116081,7545.4673
57988,18568.615
147629,2068.803
92031,8996.272
32817,3497.2964
2586,17992.188
142698,13388.966
149959,109135.12
59228,135602.83
32879,7178.539
91803,13999.221
39299,4471.0796
112949,17833.17
47437,391.94296
136742,41188.21
17395,7106.304
103171,6150.3833
24171,73747.38
65800,72039.95
132406,65582.0
114710,6979.115
110261,10028.725
71634,13963.397
55376,3397.825
146757,282057.62
117055,28404.945
36287,61769.133
118905,1803.7687
126916,15691.868
16735,19047.852
19121,125083.58
129617,12828.926
126041,38901.81
24169,106541.99
5196,28748.064
43146,152862.52
74924,4997.419
43829,45824.605
28750,25076.871
2401,4709.1865
129324,23300.936
70796,4701.4663
114263,2177.9983
14540,7153.393
106604,158408.16
147921,10145.484
20557,2616.9856
65142,20380.959
117619,33810.055
124443,17382.35
20039,93484.61
85988,18534.562
119092,108545.11
27152,34268.652
31618,5920.9453
71387,19494.969
85087,105191.766
61860,41834.926
115337,3999.3418
77508,5627.057
100512,13358.387
38098,7119.925
43313,27063.205
146549,9192.896
79398,51120.63
105047,5566.653
87676,10178.283
144635,73266.195
49658,7199.4146
29307,223534.33
59022,14395.643
60760,27875.19
104590,17219.406
97329,982.2912
129616,55691.625
134440,3599.0503
97446,34048.04
15572,21318.773
2579,13292.645
117721,55273.324
4988,87175.46
38708,20510.83
147904,4819.6465
79752,192851.03
146170,7600.669
18035,72728.6
143256,4664.4565
128740,36064.605
987,52335.277
95564,10520.891
102497,68245.92
119883,166321.27
133305,12563.022
124045,3449.9587
36682,6975.949
103081,286231.56
124401,79386.586
149851,5891.3687
122120,9916.115
60896,159273.67
110821,138277.45
31277,16939.844
68750,207565.12
108290,39853.047
125942,26602.205
13548,2994.6753
16674,77956.94
122729,43782.91
32213,56286.066
149361,20949.793
92649,17925.01
70228,4101.079
2438,13367.037
131970,32951.926
47556,69934.586
143359,19099.67
101899,10669.261
127449,61539.48
91286,7748.212
43893,69149.2
34436,65673.266
120426,3739.545
71684,7595.964
112939,23105.6
57594,36409.324
35629,6607.5557
137292,5262.47
121931,92519.89
67410,11270.937
127020,4002.5532
122781,4325.077
14894,30425.922
69983,21477.807
36519,11266.421
112543,3385.65
39908,10681.632
127608,25492.785
124693,166853.92
116922,26465.451
77348,63499.617
140834,38154.047
77707,10947.977
52072,24897.154
144825,102916.04
127367,12056.85
142943,13686.046
130714,52263.355
91299,5189.7656
141480,1510.0682
7483,104241.97
51596,57869.92
117280,47805.434
132327,14951.927
71413,18284.88
136914,18836.709
90558,88120.82
69826,21010.32
8344,3019.998
115758,11504.009
90496,4409.0
12801,3336.8477
105882,8545.313
115625,105071.87
133773,91035.59
118527,10047.906
29639,3603.935
114618,21100.256
111398,6066.494
83269,43170.855
144286,66307.766
104518,16010.878
3037,74413.414
135627,67822.414
45263,10583.767
111453,26645.729
82585,42096.984
145343,13840.66
93424,157489.48
86355,23551.996
45287,14835.192
76268,10291.932
18566,5538.1963
64773,18277.75
98155,277692.3
16536,22196.34
36462,1714.2565
28088,6819.8076
138611,19854.8
95468,46370.54
10340,104138.93
39305,16791.404
61966,147584.16
50853,12559.896
50876,31147.518
109428,192780.67
29917,13199.669
36591,10466.253
104726,8882.296
52522,5295.9272
119768,23987.059
48735,27167.258
129885,10576.359
112964,59489.312
29658,64790.81
81741,9457.795
144492,36455.152
97505,20046.057
56484,21788.244
142822,19313.588
39077,36870.098
61423,11373.298
46557,24757.428
128977,124341.57
31745,2967.6958
25626,112118.73
90056,28598.738
78550,6537.458
104630,176496.28
50575,31116.78
26436,117120.22
134369,6743.597
59019,11428.329
141352,10794.959
44769,5286.4395
95058,44998.07
61980,387388.84
1160,92951.2
79081,11220.772
17993,74300.766
21751,120944.266
45411,18773.781
39297,41400.5
91029,81700.54
75626,91205.41
82418,40506.992
36557,36749.473
127441,218579.72
51834,40374.83
74905,53766.203
14112,28156.574
126851,59921.43
116810,43366.938
5206,10356.432
82069,14825.012
4903,14263.808
35630,86184.06
66465,47019.23
100628,22451.295
14417,25693.254
132061,31884.828
119977,9812.357
51769,302412.84
99772,30408.133
5676,1277.8904
81429,19086.242
76023,4183.0396
135956,76845.62
30383,48811.582
102778,45169.88
24746,38988.95
76190,53503.156
57654,5838.0415
81751,18446.629
13040,2177.6382
83044,9592.05
55787,24333.559
57860,32711.045
13090,40681.13
18080,5803.262
144720,162530.89
127156,8938.385
93304,10211.206
61434,14800.013
98888,2976.4014
125388,10378.121
45834,21624.05
116073,61625.28
147604,35107.66
15755,9722.53
138196,15619.211
80373,1753.2356
59376,6815.273
5717,118835.69
90734,130322.85
89541,58563.34
28845,458382.2
113700,6393.597
75024,4061.9844
64090,10207.011
22744,91821.82
6951,5448.436
11393,6133.7183
133092,53428.656
14070,4140.2344
94285,143461.08
64800,19874.904
63747,2554.9736
96754,28022.09
52443,63761.65
83326,26370.295
32736,4142.97
38491,8886.188
122527,597.95996
19446,124142.43
114821,19461.104
123843,21686.496
89227,81019.766
116536,5397.3574
81063,55248.312
104074,23203.365
15655,41910.99
12079,31002.36
13516,31930.557
54936,6315.277
110581,5185.372
131718,50687.5
111625,14655.338
99774,5152.6016
145447,54934.9
116047,51304.316
135033,33572.41
56639,13812.215
67573,19789.527
96930,44387.13
14377,53677.844
102082,109684.695
62814,3848.2751
45879,27279.291
3345,1640.4457
65999,98175.31
135768,114950.77
125923,20436.037
25362,8353.398
127427,1659.366
149378,90526.055
22484,74177.625
129178,38720.023
75019,7463.248
144798,7583.7075
2700,36470.414
25486,10285.625
125169,23336.934
59276,69290.586
32006,35752.297
120953,22494.676
117622,72294.6
111913,6125.4746
72869,1911.7876
100334,17047.643
46554,24314.67
270,23976.678
60762,6890.6484
56608,8971.648
125549,31357.326
59064,27577.035
92442,46807.492
24654,1861.2759
16312,10422.3545
144396,42207.355
75233,162165.48
22792,44753.848
64005,99674.47
69001,48146.52
1652,5449.267
16561,61641.594
132707,6062.245
115295,42243.46
114648,5636.0024
3434,30875.986
114047,11881.87
8488,18265.082
17459,50680.457
38159,8915.0625
49460,8458.864
59845,15580.957
127856,19397.162
48613,17627.654
120691,21480.598
83912,12247.217
9809,105570.66
32762,40227.88
20783,26284.682
41340,134713.86
122897,10740.62
3606,68756.08
10424,131786.83
75558,8886.15
142516,1020.1998
61733,75594.66
34519,8651.494
54385,2510.7036
97802,81892.47
70258,12651.91
126339,46316.734
49614,18638.973
88601,25550.693
87038,18793.723
48047,47450.72
73839,12920.288
4987,14821.6045
115981,53015.59
85137,10963.093
39763,77949.836
94231,6755.4604
112467,71828.24
54556,26217.47
123060,16725.738
6170,4468.456
114449,33181.484
58124,3921.3186
105653,23551.125
94559,9411.663
125679,50552.492
17834,48493.88
43849,9899.87
135557,7609.2085
95845,37293.29
26699,31290.648
6066,9980.009
31193,144256.98
145890,101488.586
142039,52866.19
102596,4212.327
42130,36995.55
107262,1663.7979
2128,37022.09
27949,140560.88
2725,80278.914
114044,40276.03
50797,52162.613
44429,9613.342
18700,28243.795
6789,13570.041
137815,10468.937
68197,32543.91
93139,89132.31
148133,71220.305
93447,24600.086
100983,64473.516
90685,10193.363
140659,41706.188
29440,30330.158
105205,5987.1196
76067,15702.97
146411,1396.333
116448,21567.336
112914,77058.71
61614,9925.918
76780,19343.395
110063,51694.836
4043,62590.42
76477,27752.498
32610,8031.1606
117491,5784.2334
104177,-234.37817
50302,31215.412
72116,71253.94
67120,57497.953
102652,18051.75
142483,5854.798
143247,105795.15
105679,13610.541
46754,114629.8
121020,20347.395
91508,3739.7598
91639,3435.6045
63644,20334.207
62202,46857.285
27372,59015.906
13341,16281.449
65421,83638.09
126322,15385.404
78193,30521.951
26412,27435.213
70610,7866.8354
130795,21412.688
81934,30061.678
64721,15067.308
106910,3431.4346
109225,10986.586
111740,93370.52
1806,9726.082
16893,58240.223
51067,45169.152
149774,48793.605
20996,23841.182
41020,8929.763
41537,77155.44
68734,81226.24
118396,13363.812
129574,8116.2446
115525,42610.258
132292,7941.9453
17016,58997.92
1875,200136.66
57870,7329.13
135298,23822.994
122161,14557.429
60971,40061.875
135577,41113.574
79017,35001.863
93629,18694.748
117237,12909.001
137170,38437.42
66735,186758.56
39528,5632.5815
61043,14516.42
95926,16088.84
65638,30936.47
104548,36553.43
113925,68250.54
63401,140121.0
82088,51537.527
141771,18392.79
95153,363145.22
134539,11091.52
89484,83779.95
110321,549.5947
40000,8443.219
120254,8623.288
30450,33014.758
103736,12156.167
14450,13230.724
33198,191749.84
133844,11961.846
18748,86584.26
72161,29563.34
90540,18265.488
40531,20985.62
10561,154436.05
94710,14776.915
61462,28547.768
145289,28412.857
18019,30512.344
10167,39458.89
93598,4234.9253
18332,3846.5818
82752,25728.117
146399,5081.152
43521,79518.07
27881,99309.23
90611,28011.473
18577,7889.811
11486,13821.753
145974,162498.38
4024,1018.56165
121737,6597.027
111607,1812.8766
129920,2932.8792
30953,64976.684
52518,93332.016
33402,23379.172
81733,26748.658
117248,126779.92
85786,49488.062
131265,92071.664
29102,115420.2
119952,4715.884
136501,69954.33
26701,107825.31
132191,87359.84
83198,71606.375
84163,32392.855
85082,20579.303
135469,101231.125
68463,17054.66
49295,26697.701
99248,20251.1
70803,22154.693
50201,1244.9338
85689,14539.882
46425,31170.297
128454,25894.227
136667,23256.201
70663,21360.998
50022,25441.273
78271,12462.004
21886,15431.665
45540,33308.594
76980,2217.9868
139433,31763.318
136881,2818.7075
124724,105019.23
35242,44479.38
30496,76764.99
95521,101949.1
43838,12317.378
770,23462.684
108134,8721.692
95375,1639.0461
3230,59237.07
86699,5591.8857
36029,6358.478
55486,35972.125
132803,2297.3843
24638,110449.57
4694,5970.972
15222,123604.09
84733,3925.2466
117933,69448.664
71271,11453.281
112412,6827.9546
61237,14741.989
33371,91385.55
90492,104781.64
81939,57216.246
46470,104500.28
43150,24309.754
110070,2225.916
97630,13623.2295
39290,14993.636
111008,64577.93
102999,5404.4414
135685,16319.255
94373,36644.266
47575,52084.574
123966,10176.803
113950,62587.242
42539,5787.0405
129318,78767.38
71066,100374.51
46737,17221.691
32957,100013.61
93874,21315.857
85262,10685.834
84907,32442.027
22293,14218.88
149031,13345.026
142274,1638.4119
73936,67484.39
147551,22809.115
52036,81199.74
104527,173724.95
29320,46876.95
140045,48231.996
40594,22056.004
147850,6789.714
80939,7088.528
149228,78148.75
88543,123786.38
50459,44840.137
90478,32157.736
27997,10148.362
70037,15121.054
586,10984.284
63422,101232.01
121944,42433.613
61082,47766.27
82041,66036.305
88512,52264.617
120112,43245.582
144145,103185.86
91996,12207.693
89486,14739.35
24769,22349.102
37852,16442.842
61646,17398.115
102294,8344.76
76757,23695.72
19478,9931.468
76645,1899.1519
115460,7842.376
55402,72195.57
120046,10878.1045
34154,15306.906
27952,906.57153
88042,1252.153
69546,6545.018
47488,25076.932
87474,51290.69
73470,39718.426
129213,5228.6445
57039,61255.7
21652,22970.475
133301,28545.102
62471,26370.87
85398,4713.6294
110653,16280.972
66406,56757.996
114182,4398.2915
32633,43968.746
119287,18316.027
121525,56210.754
41687,9366.426
103907,195596.48
69184,4471.096
14345,93254.79
52899,154663.47
104806,22566.195
80673,33718.305
38087,2203.6907
114483,755.6096
129803,21070.414
58424,197250.83
144231,17797.916
18460,7120.995
62352,141015.75
91922,34861.914
63803,155998.6
106705,19066.09
133032,3026.708
111682,8739.559
110487,15236.512
43592,2057.9805
37793,18928.646
107195,28931.014
88806,47272.363
35962,52487.336
70410,15170.721
98986,6203.116
119753,34400.05
143087,60029.51
128220,7684.9976
96636,37046.914
127975,48534.688
88787,29577.523
55239,81621.46
145003,26975.799
57190,5991.5376
48514,22477.67
148421,103298.32
57395,31774.064
32109,12013.971
135082,47367.785
103468,37347.805
73375,49664.176
47707,42257.004
60658,997.60516
47432,6109.7393
37779,15647.833
117068,4065.357
99336,32695.502
47617,4869.038
14958,7527.993
55820,5846.1675
4952,13534.58
113478,87830.55
127558,7580.7915
7846,34347.84
49013,117064.37
21195,44277.375
73923,21970.764
102293,17027.87
54957,13656.405
47395,1635.792
27246,126339.59
48771,5099.349
146902,41256.945
37473,27128.414
3346,33534.01
36879,3128.9214
74342,61595.445
141539,40228.57
60953,39406.355
140186,7528.1143
108710,15584.442
59802,111162.19
25110,30647.568
78837,10497.46
6752,6123.3296
30129,24529.498
23212,27264.332
86364,99879.91
26197,61374.65
110607,24373.508
30571,76765.484
91628,38324.676
119669,82744.125
104634,63473.74
136950,5981.982
50405,5739.206
90604,56436.957
23268,26539.664
90947,63733.137
96194,3378.207
20968,13426.109
114352,5919.216
101395,23820.822
13768,21742.197
78572,1098.6195
123281,27221.803
133815,3804.0234
17769,4661.3423
14011,23035.586
112852,38906.516
76915,6383.1826
53510,4570.1006
147390,13448.345
482,25194.154
1373,2093.1692
60378,10260.039
22659,71302.336
24303,17382.516
65618,23487.541
106606,16744.371
25500,13766.595
32377,5328.344
124627,31358.209
2418,78562.07
49837,4676.38
53695,3437.157
108913,53896.37
93258,12013.269
33532,106612.67
83244,4081.2407
6516,6395.8076
36214,94843.984
31383,20338.621
131820,115044.99
72071,6263.1514
123886,51460.785
102343,26667.693
93135,42761.78
107070,44464.26
65637,43120.957
40454,3279.8179
125648,12529.106
103406,2224.4424
63790,18895.557
42544,33315.695
6682,10198.675
43791,20733.654
85062,137368.39
41562,90610.16
109112,22021.738
107577,8688.12
16719,5118.123
68274,4779.68
60617,59080.22
33911,7290.4937
115234,6819.965
28688,3974.8843
45036,16914.537
35115,86758.92
108795,18281.418
43847,10754.154
130844,36708.93
103509,151292.31
131864,22284.105
138221,96780.26
142259,2215.5085
681,11256.608
144954,5487.4473
30329,28893.805
7033,10988.648
2131,1603.8136
63542,2285.1636
93918,32713.861
5608,3264.5369
105646,3309.9749
57007,15347.155
136230,2495.2073
67162,8398.136
44431,32813.45
53334,14247.438
118832,17680.312
146404,39012.44
49867,50348.6
19481,22835.842
113817,51353.703
7659,51988.418
47849,269759.75
113714,5570.948
85570,35059.41
6829,53850.574
142815,17604.828
148583,11047.766
109369,21713.523
73986,25714.078
45986,14262.652
70930,69643.68
144640,23373.135
82314,170806.42
132371,7929.779
82893,3142.2305
8632,96408.26
118727,231000.66
81509,5046.8594
57779,33145.09
11441,106480.27
24469,10186.973
124008,99038.39
66402,40423.23
106793,52117.96
91416,13013.449
130722,52822.566
44899,10113.338
110932,11914.1
22995,118227.16
139714,13869.577
16918,49751.652
33868,33420.844
65594,54940.08
46659,12231.649
62821,38708.043
133566,6563.155
66180,86623.88
77821,35700.09
34521,34635.3
96503,61597.62
109893,27692.664
84271,41086.61
96701,2929.1692
105472,65320.8
26610,11508.926
11854,13715.054
119240,65505.414
111557,7774.643
41956,56917.7
114409,4854.4126
101755,35046.33
60964,18182.445
65451,5317.1777
30591,37328.973
96018,146869.06
147214,9296.7295
63381,7084.512
143072,4156.1973
128301,11318.618
1645,134930.14
57940,61640.85
60019,25757.682
62825,101728.23
147685,30692.242
128192,77162.61
39099,55817.996
142165,17553.87
44653,33943.38
56892,4474.936
29286,4410.6743
138553,1831.4236
66354,36085.668
66299,32710.203
131562,170608.89
69965,18981.666
78383,155077.28
90642,16610.727
106038,12909.285
37970,4032.218
33556,20175.658
53617,8721.844
107209,8930.064
149540,27784.465
54898,2758.6655
142181,81899.72
71642,3184.939
127678,7372.604
25184,11652.032
30694,3354.2195
91802,86775.14
121044,12479.9795
21765,59959.516
65527,60041.324
50381,22105.662
34273,237066.95
58616,53556.5
19137,8462.8955
99889,39848.13
1352,27426.342
94812,151427.84
28218,28181.064
52347,18723.129
41685,17112.81
97550,30795.188
1953,94363.234
121578,3608.3806
130701,11217.4
73746,48487.03
73783,142480.61
65567,13623.718
128043,25093.701
3950,13611.044
117640,90098.08
63278,44942.9
129294,93474.31
39814,32192.275
43696,47427.88
20650,3898.836
29246,6003.5493
12533,42452.17
122904,11768.642
6676,58168.223
23575,11735.289
69407,11687.499
101172,40580.348
112769,15073.732
18497,5541.8335
142641,6257.232
57038,6255.5493
133058,6452.98
22200,67472.09
127508,10236.724
73668,50345.066
128527,6146.663
106294,29442.307
96254,7061.221
18345,8918.321
20472,28047.852
9251,30949.934
30326,28030.105
141386,22089.855
9209,23354.113
85711,88415.64
73716,41218.082
65855,19550.758
24084,14082.403
30167,11017.611
22223,85385.06
68206,33334.223
44360,2466.1697
146356,133959.5
63529,16784.795
48423,42389.84
99952,6073.9824
84500,9079.746
11264,26739.86
732,55436.32
16681,51354.0
42146,31256.32
46915,22066.432
90650,98855.94
62087,4826.4478
39919,21932.04
31889,7542.9316
110075,17437.941
44159,2873.155
147675,9441.87
127983,17764.865
136954,66901.38
87576,19931.84
833,15585.209
148166,997.4219
95324,2669.2405
10785,49341.766
80801,165871.16
143972,2218.3416
16788,11508.547
56972,66654.63
91461,9328.529
83374,1482.0416
136540,8411.906
144938,44551.17
130600,12125.155
15633,12067.619
21859,74070.305
106226,3454.761
22121,35464.957
117633,32952.625
6083,154398.11
65119,2845.624
89135,2587.646
106409,109512.914
39057,5051.5654
39084,14921.945
43668,10134.101
6873,6323.857
113484,84207.73
71005,9341.44
51504,32960.543
55001,14345.061
90369,16383.804
148319,33079.156
2573,10408.378
66992,8634.487
28129,22976.637
127687,22139.105
61225,10261.744
54795,199775.73
101201,34408.855
4650,66237.664
64390,17708.95
120902,26139.328
85533,60213.59
126646,3199.4292
38129,123228.586
17052,215602.47
13959,43920.9
50960,29773.402
60314,186349.0
121359,23604.078
106144,14987.333
15036,35298.082
100810,105872.94
105417,49416.938
29770,37494.55
48394,8059.989
22720,4056.715
129660,3832.0847
128907,10590.355
104631,14922.945
54382,55480.902
114290,10650.037
12185,40453.43
21257,221890.9
105772,7672.818
120114,124459.07
32279,14280.641
131055,51783.77
88950,2036.9082
40877,461674.12
116767,51803.062
74602,70543.05
2225,36726.43
75011,12196.317
77205,4679.8374
1589,14693.143
66347,16516.309
3637,35425.77
58744,32656.486
53082,28081.213
79089,7377.697
58234,11484.811
64253,185958.05
40592,40143.375
109864,40536.707
104761,27507.074
130814,13779.05
66527,23131.62
27045,135140.81
78406,53446.316
67698,102627.88
49540,30431.94
121053,22232.307
66038,31976.701
1803,32270.59
119493,20815.262
31981,4488.508
42595,94560.19
127387,194532.97
60580,30165.445
56080,104823.195
9467,80961.27
116019,25686.578
124583,25729.121
62695,1690.1874
85754,153311.14
45693,21749.29
24252,13772.772
141914,29061.637
4977,67346.664
16951,15738.071
106525,91850.94
95139,50588.215
24326,26930.723
117067,16368.583
110507,41854.04
44149,75822.734
43747,27170.81
137289,20803.232
134441,10346.262
103670,23889.723
105284,56620.824
80300,23611.809
100863,12002.389
2448,98724.68
22825,10321.675
146361,34891.58
106982,61106.652
128544,46382.367
147179,34469.92
145212,27563.6
91476,84316.45
136333,3764.174
47530,19008.56
93879,31154.43
71956,18165.928
37572,20485.115
71414,5395.8203
39520,64521.613
73163,61485.676
45578,8716.591
48655,18288.865
95697,28713.043
33258,26128.049
51245,12995.054
105935,34707.31
131412,166338.97
65216,10304.661
104648,8273.953
141854,11483.984
119147,31755.61
122700,15791.144
40362,6926.086
106206,75024.836
145231,10635.049
119160,6597.503
30282,30254.617
98926,195834.81
71987,49566.926
11826,21349.918
104854,7443.2334
100734,10446.271
98733,89217.45
127932,105110.22
76801,9825.562
40374,51808.645
110015,20365.164
107679,35875.742
25969,22573.854
85280,9254.115
68521,10667.831
38232,33724.527
99189,130807.59
103466,18919.205
132023,21344.186
142970,3206.2322
64585,45018.31
23614,10133.537
124269,16102.555
83210,10690.597
39860,168748.69
95352,28929.713
147327,49185.79
111382,89231.664
91986,1290.648
40495,16442.031
134116,14061.895
11018,117.65682
60848,2646.482
55007,6572.2847
125128,51083.273
33665,75974.75
54273,36494.543
78368,40639.27
135604,64754.973
119573,17010.057
105765,19629.684
43412,34804.395
123922,29557.498
47607,22120.656
100612,12012.831
99559,66514.12
76638,81666.61
123131,194899.53
3673,6044.7485
146734,3362.2664
21445,129936.5
142168,7762.552
147377,6511.186
68010,6326.61
27133,11996.297
3832,101610.586
9471,165038.61
100846,6081.795
21092,86514.12
14963,28401.973
27573,4513.4507
82482,70705.99
52201,4862.284
108971,24523.758
49322,108399.195
114985,46370.086
129397,33118.457
78036,5841.2207
67438,19606.19
20927,9473.474
105022,3452.967
71315,754.57446
113294,4574.5464
91542,22551.227
149242,11631.089
30975,19539.035
44319,53904.31
132498,5793.0635
124156,41084.26
138042,14701.0
9147,108427.24
146548,158921.66
57507,9197.159
42333,6055.1006
25733,12615.091
148389,28067.303
45857,12140.126
71445,19177.264
92545,97915.01
125997,19084.38
16862,5849.3833
112141,13906.708
52137,31073.176
103234,86657.97
98845,11992.384
13083,23249.709
18584,81863.266
15004,9378.341
5397,98633.19
137391,58140.812
62756,6441.7646
6542,7284.777
96806,14979.801
126037,17918.969
51553,9295.273
148696,9887.365
81371,48814.98
45993,78114.375
17767,115687.055
84323,104898.08
139171,29848.115
56464,5583.543
125229,73137.62
111156,9555.803
95870,32365.498
116715,5326.7935
35719,109305.01
10225,100017.84
26397,16996.58
43327,18237.219
43968,137439.36
52670,2728.7502
49815,42397.77
86100,37394.75
11509,2200.3235
103549,28858.795
13944,16123.855
102398,159150.05
144210,3320.3066
44293,18906.295
31939,6398.7705
148961,2930.9026
51288,23178.668
133739,11377.644
61186,23801.877
6577,20235.11
99339,25914.934
72126,9695.603
19722,4026.587
17141,28223.295
55163,12938.119
4359,13032.2
73047,27351.44
130199,183558.84
5267,36332.035
10025,181143.78
110546,15569.272
100519,8347.856
111176,17952.926
131519,20269.975
56247,5101.1553
74757,12013.235
107335,83400.6
130,23141.334
93254,50393.707
99723,2866.0027
40128,60083.42
100158,41256.598
148161,50786.04
117702,2442.5583
115419,5862.406
9878,6579.184
123676,4611.732
28667,9149.136
81435,2788.8867
134044,21136.049
106766,17083.0
99632,46844.465
118791,45508.543
20669,33769.56
80491,4560.315
38454,8084.195
96557,30522.09
130345,4200.286
48096,207172.39
65487,7385.428
128479,42573.652
21418,64479.766
46199,25028.871
66152,85831.55
90403,19832.445
60458,62980.4
104683,17028.662
26930,4112.428
105341,80236.98
80061,37947.43
97633,69515.27
86432,4691.324
13656,9501.191
98350,11472.063
120516,12561.668
141741,7576.4023
61074,15172.174
125633,5881.4004
101070,22337.0
68687,8090.8525
140190,6758.167
36751,34392.266
76394,10839.589
103024,39471.29
8301,25960.516
59840,18400.186
52008,5673.3984
19592,12252.712
115997,171630.9
25746,15298.785
123154,13235.676
57894,5283.512
98015,39634.99
69032,143397.11
56083,19068.756
146107,8842.548
133834,69501.27
46141,22163.047
108305,68354.65
48684,24259.967
6625,26939.213
74343,-387.72717
70638,4539.6123
118145,152230.45
68405,104677.86
147883,22460.828
127880,11256.46
87882,16018.143
18287,7867.3887
46508,143483.25
118828,135228.6
71405,101860.91
42590,14439.395
52104,1310.8942
123328,160725.62
55710,15790.58
99916,2497.648
79811,55058.73
113649,12194.399
8692,9796.997
83717,5954.615
13552,31278.498
4636,92156.24
90978,75126.77
23023,92262.76
102278,5778.2783
60051,44518.76
145689,15690.23
130450,17990.072
92347,17653.436
97539,13350.497
81083,7948.905
38505,20133.186
45896,1402.1583
143961,5976.979
149538,92973.42
13949,100484.516
3753,40472.76
120920,111221.305
123738,13629.17
104370,22979.566
90598,48944.277
28061,63800.938
136434,1422.8303
51054,51590.418
135430,18229.541
85300,6236.3755
116324,2625.7678
69709,3767.3762
108324,10005.042
113081,2563.8691
147083,34718.93
45890,43159.383
25523,166657.25
15564,56142.645
86631,100425.305
111777,32904.28
105564,20909.594
78249,45089.285
60667,3765.847
61158,4339.7124
36711,11039.559
29450,36729.1
25462,8873.822
49227,61080.77
79322,7303.021
22924,48502.258
63998,8133.6978
56984,1394.8926
147496,24514.906
112267,10152.202
26347,14275.757
133389,19391.857
147575,5422.926
46401,1791.0253
65748,14461.051
97583,236620.2
66338,28180.027
29775,3765.4531
76631,22614.914
94482,44019.742
136730,20380.42
9486,53808.77
110765,53696.78
83615,49662.617
42550,183596.39
93765,28770.639
98887,16668.955
99710,73787.766
11349,29175.535
78812,21256.895
103326,23762.969
137103,5361.899
96816,7505.136
145601,56918.21
7225,43102.9
60877,12035.805
118230,100155.39
55307,64198.15
84001,149655.16
7726,15732.602
130422,26977.037
137482,6398.7656
111888,109219.22
133474,136953.25
149865,17020.271
101604,65667.62
115003,32800.848
126383,3687.6838
122638,68333.87
91874,27411.338
57208,49870.03
76495,54073.656
50366,47007.24
85314,4448.827
115700,76584.68
112869,6910.0283
19745,37528.332
30078,1378.3185
97468,74926.86
58952,26020.836
21188,16123.233
20196,25672.791
63847,3581.9932
114359,5305.3306
87843,78813.29
60755,9572.081
95994,183492.12
56674,17598.996
61019,140785.89
33089,21097.068
7794,19491.465
121278,1557.4132
77906,59951.7
86704,8059.8403
5638,25400.18
60309,38352.406
21900,49049.72
58917,3704.9475
88470,17965.105
19389,157309.48
87649,16347.679
105150,116076.92
146233,54148.418
74419,41284.156
53198,36716.176
6366,10328.042
9719,57173.137
59156,10171.263
141127,7704.196
36521,1186.1017
7863,17932.227
80722,10250.928
75940,10533.444
107680,3468.8665
2722,20902.723
137432,6984.191
114428,22067.867
32386,20233.842
7467,1259.3346
72432,22402.676
18975,11112.358
121438,794.81775
105634,7288.4175
92935,145522.77
8397,64395.133
23574,6135.092
136838,6802.8853
9449,2031.2356
110419,1588.093
37322,31214.812
55251,53160.055
25445,161952.64
66847,35959.086
104570,8869.681
56022,16276.512
77031,5205.0654
64789,40703.305
23077,69881.12
100231,4035.9797
32364,60968.938
117966,13972.146
108800,42252.715
9587,87159.305
95823,17355.629
957,5493.552
146706,63447.434
132828,38611.027
81378,70274.68
90944,40759.523
82070,1986.3956
136139,95280.36
12595,12897.124
40173,8962.058
145953,88519.04
139510,4279.578
99469,86035.984
45982,72882.93
76171,18672.188
136351,3573.9272
73666,166994.75
21091,28558.402
36459,17391.275
105729,10602.527
15260,22165.035
54219,2431.119
102591,100952.73
127670,10936.6875
18070,12034.041
145048,7125.988
106771,8967.495
145996,83452.17
121184,136420.66
5704,74707.195
51066,45828.293
17479,13833.658
81671,77278.04
36166,1351.712
29799,67481.33
132231,56840.83
55162,48553.824
129526,39777.086
138482,107069.58
122321,4043.8115
43983,3709.1592
50207,10611.393
123152,12548.035
87282,9746.102
45318,23598.635
55080,46903.41
56965,25101.584
40307,11663.439
96424,5581.1914
99028,8721.319
30059,47009.445
126275,46959.004
11541,1506.0795
103634,49976.03
141006,63348.49
118106,56879.062
111704,76378.99
53176,82964.24
107053,106760.8
51182,4446.0186
98621,7152.1753
123755,64089.02
65429,97213.89
8108,4456.0137
73266,23046.469
134761,21542.057
140852,66564.03
15482,75576.414
69758,11271.85
121917,8588.094
79392,4312.5938
142329,10191.389
26484,22605.791
31826,127011.42
19333,29557.912
50559,4548.8525
90782,9752.245
131778,29238.006
38424,120599.23
20958,136858.73
133994,33620.47
130204,59712.71
116215,34221.18
7233,5241.7305
65366,6427.2773
41029,32283.906
78592,33766.535
28956,70791.21
149693,23075.223
125437,93442.68
43143,2647.949
33971,100700.94
130393,16179.989
119985,13147.338
57457,66737.44
107037,96428.65
82859,4890.839
70669,83728.04
103621,35292.96
9264,148163.97
71600,3725.7449
68562,55253.69
19062,22789.426
104542,2271.251
134553,49468.6
27154,8254.466
64160,31660.51
29218,371618.8
105910,9132.732
70736,5882.9937
137900,3092.7285
70623,5630.801
117287,76169.305
36597,5498.5635
5289,43832.008
17891,91197.516
26882,4751.9907
9477,2096.0452
89381,8789.359
15332,4208.9204
11902,52719.12
94477,22836.627
33790,27695.303
82939,55854.973
116789,16197.564
11136,9633.322
11896,18656.217
68322,89176.414
56786,53710.785
21189,3259.1208
59850,14987.282
101247,147281.66
144095,4158.6826
37571,9743.393
13836,20689.457
40656,129954.02
18002,3812.7112
127675,26341.865
33118,10413.574
85985,38604.6
127568,16280.54
57204,25410.23
102128,3618.021
118540,41265.344
99729,11125.906
60237,3829.3809
67466,137207.06
26937,45417.01
72774,4173.8413
56424,9397.256
131165,40088.9
100802,13303.477
52473,35322.516
36338,27358.338
79063,90178.8
148281,22451.291
31869,1938.4115
136650,12187.614
141688,20038.988
3601,67961.86
45341,10331.002
86854,32620.14
41059,181181.83
34830,162526.08
83392,13018.196
15744,41191.477
141461,30628.002
149014,10625.605
134300,36265.082
110770,21803.996
66971,20538.547
133520,18321.115
97535,16321.27
40568,38675.49
134611,38111.99
30381,39720.49
94875,7602.224
15533,15944.794
91328,4497.542
11877,1088.4708
118253,82543.88
129003,15590.239
106579,3149.6309
12573,3522.1294
110601,23324.979
147230,39527.68
138116,1657.5255
111622,37847.05
16554,15231.091
70612,3011.0198
91839,10129.083
11152,181629.9
148334,8503.722
13391,12978.403
102401,11777.118
53190,16483.264
9392,21336.066
128765,82405.3
126729,27985.967
142320,14583.948
110057,46158.203
56903,1987.0022
139419,10416.256
111012,10897.93
18837,53012.242
117205,7187.1094
1514,26665.49
84655,947.47186
35167,327836.88
118590,4903.446
12270,6243.0215
139511,13852.555
29647,15280.478
115075,5694.345
101849,14523.268
142467,23665.822
101515,11903.344
83700,61732.684
123780,71352.15
76565,4982.3115
113024,72411.086
67819,25218.639
67878,26795.96
3496,18761.816
116660,3899.5457
92449,2680.9834
134841,44088.367
117723,5408.078
133144,62303.645
116030,18304.973
96644,28360.86
10726,37399.37
39328,43447.074
96409,5941.771
109945,20777.447
133027,59162.234
121128,10385.803
143907,36307.965
135476,9010.929
38945,229104.72
31276,30179.86
19445,8778.135
13535,34170.457
76946,81592.984
53107,24785.285
24400,9054.196
137746,6531.0356
146825,76990.3
2905,7143.893
87814,6284.149
143901,6746.4995
100640,5830.375
59316,37410.504
94595,4326.772
16187,24583.98
25995,10886.749
69964,69873.8
126286,10487.773
76839,3641.6504
120903,73713.016
80094,5530.819
11708,43348.11
34232,14559.107
93848,4160.4917
148868,9838.907
16391,26692.686
94658,21160.488
84396,5940.4507
57548,200531.53
128737,178432.45
77538,5170.7114
123546,99581.99
68434,18587.434
66312,18784.104
42222,9228.376
16496,66940.54
5236,76843.75
28617,3405.8782
17630,1254.8872
34711,9861.786
912,25636.875
146838,13596.37
69557,34609.94
50326,1812.2578
68594,28240.8
75706,5105.7363
146662,59066.69
73589,10883.1
97066,69705.195
90679,38737.633
29064,12514.322
18620,12173.205
115618,15636.816
25280,34184.168
118042,28020.6
94225,17325.082
375,1864.4624
44887,5620.569
92365,8486.453
86919,20917.73
62972,18496.66
72252,5965.8467
114820,2146.3086
63474,69995.87
54468,9186.643
130006,21192.523
143522,25721.6
54291,5175.434
86887,69177.97
36069,53566.727
45758,175025.89
93060,14048.543
12170,70752.94
138739,44578.297
90020,16457.11
66547,17726.725
104859,13097.4
72176,28072.2
122418,29796.174
67067,32907.12
126705,11457.379
111917,11411.76
75249,6108.001
12516,48213.96
111499,25064.324
1613,11489.051
11709,8654.724
62109,75634.125
50218,85730.79
49611,8912.255
123402,17526.586
120865,10414.71
18777,29918.402
63626,20721.176
115666,65583.445
87115,9751.82
92324,3163.7188
67836,46374.24
145472,42376.477
82601,42744.72
120294,64114.535
69416,23035.545
63569,31551.043
83113,11661.981
136745,10610.1455
126311,1310.4711
33285,2425.8237
143770,77136.695
53766,67036.83
82556,3594.052
127533,58812.297
57044,6224.8335
66908,66959.36
68746,16267.667
115281,63980.5
100691,97028.125
18193,38202.145
143479,51437.188
61656,8116.1904
8164,82629.03
127339,13750.636
89566,35924.316
12167,34443.027
28071,1235.0201
146820,13847.975
126591,25801.674
88228,4451.4126
72233,13510.967
47663,4845.754
118740,54669.16
3332,49892.848
127421,9225.657
119166,8551.276
42622,16737.715
141530,249809.9
149522,76642.64
117370,28778.775
136044,5719.865
92421,12237.876
52765,8567.826
46995,28036.703
63193,9369.371
91313,55333.477
48458,20788.42
60370,36899.344
133681,16257.291
133338,20303.105
123495,5081.115
145388,85194.766
82828,88177.59
86890,4718.5884
54061,83365.25
55537,48566.74
68105,2989.1377
105134,6432.3994
52822,80135.9
142349,9135.688
135962,5548.8438
26898,15119.145
129301,56726.05
10476,28123.2
134309,114384.016
141953,4362.248
111343,112661.26
99492,5912.227
61800,113005.51
47481,4984.2617
2317,8723.928
56638,4247.29
111583,4837.748
75794,5926.172
29359,10257.652
148655,24432.947
92922,9504.482
139283,29832.16
112679,6105.0684
40678,23112.379
46203,18912.535
135256,97850.99
16832,15854.904
133315,54658.062
117796,39204.645
1966,58306.45
132140,52513.51
139978,36539.254
36666,7921.465
130302,27192.738
119087,65508.133
28049,12769.666
41249,50027.027
27113,86800.04
58552,168541.53
32753,25654.834
99539,9328.429
70672,30321.76
110699,33701.793
66590,183137.39
112648,48121.824
141064,116261.945
149291,4819.321
99123,5904.974
7486,40732.62
34557,22146.336
26279,94239.0
148440,19871.023
47912,84619.734
131618,12896.811
7394,6071.606
38523,6326.999
76384,32992.33
99634,10581.482
97324,7934.1367
106631,27771.857
110825,139551.12
67316,4887.025
91875,6498.491
119983,420645.53
127515,199044.23
1340,10290.481
143280,103661.27
135616,17949.438
86752,1101.527
70215,2823.37
87655,21246.79
123211,14507.38
41866,10603.266
67280,12313.715
47121,7920.1533
96584,88148.63
31067,95242.76
109176,12898.149
90733,5080.2544
453,140353.23
70630,30709.559
111240,20535.559
79152,10893.726
58123,43460.49
129943,15070.365
57545,14905.775
63695,23350.115
79966,6500.7793
20568,5018.78
72032,44375.21
717,32306.875
129152,6563.1157
34787,39297.21
89046,8232.329
99369,55175.656
72632,32357.084
82622,17600.23
95082,10181.717
38692,36142.934
101532,51896.117
1793,61809.008
72845,31260.71
32241,70202.97
111993,18625.297
133634,35851.41
68098,94758.55
35532,39827.38
96634,7616.844
118697,592.87787
98405,8008.8086
140945,28735.535
80566,39980.793
88086,2397.29
30311,78251.73
143635,3787.1174
123931,62239.71
64049,1516.5785
137137,8650.033
96353,34195.79
75733,37753.49
119672,29001.49
90926,2471.1755
9526,25506.383
64917,1183.1361
37255,12354.848
41188,13307.109
92027,24447.201
135712,7810.119
94598,24884.93
84400,262830.66
131740,17218.062
105758,11826.471
4069,5439.577
51297,6601.2715
135966,19620.453
105602,172613.4
39702,46064.113
110256,25473.334
141673,23629.826
7002,18688.244
107992,74229.516
16666,28210.66
37841,5072.8193
33147,41388.305
92345,71664.19
130777,63979.938
122320,24990.105
74124,10096.541
3442,6928.5317
132921,44588.91
118813,6776.3335
60835,1551.8317
40491,3698.0864
79043,3022.5933
73174,9221.913
83160,71318.086
60714,4575.214
92611,59076.56
40230,26660.186
49975,24453.785
50084,13518.265
88431,40398.73
92085,65862.26
2792,8599.167
88435,73457.71
66466,116468.43
53460,12534.5205
144281,26964.885
129244,94332.13
92292,46162.53
125769,54102.96
107795,24646.498
57639,34646.242
22415,8370.325
128511,19699.602
121500,1199.1271
83259,28431.277
2032,151796.6
115121,18971.809
83501,32132.92
120402,3172.1536
91537,5837.3057
66530,34615.613
112070,38703.84
55372,12942.345
113346,129888.13
65662,27519.486
121396,18060.166
17948,89513.88
114519,16525.082
47812,13148.868
100239,11857.605
144698,4349.613
112829,95280.57
23457,123868.54
34330,157707.86
148635,30101.24
15295,30152.162
55694,5871.1494
111997,4716.437
148806,57856.887
46730,125734.17
94083,4458.4775
27085,16269.533
10528,4386.1455
52754,57873.2
57887,65322.164
84430,21037.19
37973,33402.992
42835,16047.183
117358,3395.4104
53664,156430.47
80860,24889.275
137183,73179.93
126069,8074.528
97161,18357.867
21121,20130.068
123094,82894.24
80990,24631.209
119227,106666.59
64488,154432.19
64975,23553.5
147908,106983.71
135595,46604.23
110359,10511.2295
76273,18284.553
45839,103829.7
73189,77007.5
91778,48667.812
94341,3271.3228
115942,3319.7952
112793,130543.195
10034,53656.785
124780,6709.0977
26880,2131.8
16971,1304.6841
18411,7162.8706
149807,5946.116
33294,3634.9404
132490,2988.8757
101068,49811.1
57194,89501.65
30979,4587.3115
62846,27638.756
57424,39207.633
94031,25887.812
10363,38658.098
96255,42485.656
120885,5142.4365
116802,21582.803
125558,12354.156
79628,10441.669
136569,17094.28
94354,3499.0051
33100,17172.148
130411,203915.42
57311,39679.305
85813,12608.773
62251,75837.65
142010,57881.574
14135,91980.47
29583,81130.49
36157,24959.979
29606,23822.084
77271,9805.733
13717,12289.967
36335,16364.109
145421,16674.68
111999,23718.94
76341,137093.27
123193,24466.8
96106,4185.7383
52273,14458.739
115517,5811.071
149345,5750.6323
81594,10274.912
120326,20372.162
104414,17561.936
130032,21660.12
129158,4032.9941
137790,-18.951529
39005,41940.926
138128,8431.578
69,14120.273
81082,49566.13
28811,49134.85
139465,11655.2705
138520,8156.4473
89911,38452.664
2434,32102.26
58640,25869.629
67110,35379.16
62226,109108.016
2255,18905.844
68691,18257.984
10295,7727.645
23999,5543.046
21802,76358.22
116241,6504.3003
1272,1672.3934
50923,49751.312
112067,168683.58
135645,6947.106
131196,40851.484
42855,5605.0005
61511,743.0623
106125,36614.93
137357,38117.53
147887,25945.049
119208,42969.65
81277,7471.973
66637,7163.1953
72369,13027.284
52338,16000.818
35478,36211.867
70519,56876.258
25225,108878.07
130627,11185.551
81552,95928.35
100112,28227.17
68951,5851.4155
122209,112983.266
85568,10124.399
46312,33996.207
38947,45526.754
111353,140791.61
21435,28016.459
35867,17407.582
65953,18506.123
110722,4944.534
96326,68817.11
147739,9972.335
137248,6066.8623
49244,18461.674
19102,282162.12
75923,7175.138
94403,17073.92
100034,1885.4529
76385,78808.45
94758,13377.379
58772,4098.5664
9557,29186.266
103781,44959.48
75888,5953.7217
107230,23711.48
57981,52520.992
85961,84002.336
146949,21475.092
64533,3957.5105
114898,94298.58
26949,22602.527
4675,27427.357
47137,17766.725
113916,5156.349
84176,23148.398
87453,16906.791
17968,102069.3
124851,135079.66
70548,57094.418
98614,8326.692
86154,46236.15
130018,9439.582
37333,137180.39
66858,3432.2297
85397,15454.179
362,36049.824
52393,6280.0693
77566,21992.2
117501,156730.2
62042,12747.387
64677,4285.2563
33845,50624.766
107593,12989.603
144676,24734.95
129358,41466.504
70933,3954.696
137531,7647.0176
43504,33958.19
97653,12175.99
104358,36019.11
128718,8249.517
51560,102175.81
133309,31056.246
66287,13174.215
130524,2975.6533
112645,20918.195
122393,16826.531
35696,8436.334
30377,37739.914
78002,5302.0864
134576,13760.174
25605,19095.568
42014,4530.253
3011,96447.71
16689,19118.44
47103,13634.281
57754,65107.113
113858,170628.81
132985,18235.766
119941,85127.1
49260,21144.314
12707,101715.586
13081,5147.4194
121735,25466.396
43241,75359.984
132879,63314.594
61054,27702.844
10631,7809.755
115527,109304.53
136530,41539.016
47307,13023.573
134277,75782.64
19747,104821.555
22936,5786.2954
28477,50180.344
65033,9630.333
53949,20134.875
9016,39460.76
139609,93823.81
4809,20011.86
47605,13377.131
9856,3573.0095
135478,14253.77
108722,169949.27
91833,5180.9077
55487,67371.69
20533,61221.66
66155,1571.1289
5173,75979.09
112421,109325.92
143925,48781.188
136211,387.2465
34775,956.4394
64822,33538.816
137901,16538.822
2095,23540.156
141038,8685.12
139863,42738.234
8693,5477.158
10236,12959.864
106670,109954.84
53994,28778.129
23497,14862.893
11205,28711.727
95120,126995.695
75328,35925.664
38724,35715.684
6536,13424.326
125102,8399.601
21510,5876.646
113597,52417.12
58579,15864.445
18668,28703.643
85445,98925.734
17073,3724.2454
115068,25787.66
97690,4492.1147
86474,9889.576
13894,2257.528
138474,83980.28
125479,41712.06
32124,12239.37
75465,3529.59
30689,96185.28
126185,47428.84
147210,24537.863
131893,6759.376
53803,211573.3
105970,19136.305
56964,471087.4
143807,48575.566
141616,43805.457
107391,49387.926
78956,173652.05
132112,1727.4799
21558,3793.1418
22885,7795.1543
35385,9634.238
142674,62714.484
7544,11510.402
145207,81833.055
51939,29469.818
54519,14051.226
131386,10762.112
132732,37755.523
129471,40158.31
94833,74697.82
148237,76171.87
91970,31852.375
127067,8172.8594
92512,11613.924
143493,9410.163
116956,2556.5972
25422,977.34106
79767,17469.62
62207,53241.793
49418,14132.812
91840,19316.424
37928,199351.3
36480,10428.908
63908,15330.806
65543,10267.903
86440,11491.169
30350,7118.8423
62982,25990.549
44089,51720.33
128360,10450.652
46350,38285.863
92909,4582.8745
75526,69672.65
66526,35403.957
54303,15114.292
143749,114209.734
68775,30987.082
63308,267840.97
53141,16490.832
8132,12394.451
44524,50099.56
86413,36396.67
116978,5939.362
94783,10340.835
142837,31217.564
112656,16599.672
119559,4817.807
99318,16674.223
84501,24296.035
12161,3823.7366
42025,16298.013
27173,47852.977
143788,23231.094
143944,98690.02
44428,11662.361
81401,233121.8
76227,8041.897
110429,3892.2876
93040,46732.383
101453,2651.536
137647,31993.629
66860,48982.633
49820,100524.12
36782,23236.27
48937,146378.62
6636,23772.904
121095,6083.875
85146,15074.927
70055,33072.375
68502,58875.707
75667,172634.31
148444,1550.061
45807,6688.2236
125042,27134.148
142717,49628.094
37313,8858.602
12643,51988.33
9010,9590.427
43473,33952.062
108517,6435.9546
20645,16666.234
96824,14107.42
69164,19526.615
95133,28811.08
110958,14065.367
72131,65332.43
15894,21717.67
98586,9646.76
43338,34486.438
18511,166500.9
103299,12405.92
126250,13814.931
127942,23186.807
34541,42874.652
8475,12332.258
43168,7421.2207
104618,76057.24
76499,69232.09
34060,22093.396
30010,12242.967
21372,25759.477
93316,32948.508
58868,29080.24
43679,9557.5
60341,45817.38
100222,53331.918
11396,33587.18
132243,6707.928
89010,32075.926
113800,28736.621
32414,8224.221
117141,13967.373
45880,65079.258
87760,11762.941
79611,2656.2598
69333,42224.6
95130,98780.734
48729,4344.569
83038,2225.172
34400,27530.912
117200,3761.1611
25732,19991.268
25077,91904.89
96725,6632.1953
125846,4625.74
47772,11496.107
86957,23220.514
53307,16478.596
98372,7676.2954
127079,12360.942
129262,20432.004
118494,150855.48
78119,33208.51
69956,12146.612
54331,100839.695
32405,7179.165
74314,18653.13
108914,18330.947
80000,43641.887
149997,47356.234
58173,23425.998
10136,11142.725
47694,25411.555
25841,48630.816
89748,48769.113
81561,178897.38
9666,49494.086
146460,8415.688
104555,17546.617
134942,109499.59
31638,14765.6045
122439,3378.1396
77895,19068.354
75668,29233.44
121819,8385.986
124837,45416.324
97752,10579.612
27128,5689.7793
42375,12905.4
95433,81665.17
61078,124388.65
109894,47865.848
4366,45002.29
72613,12896.134
75375,5311.5923
7028,125746.24
78286,8405.443
53194,27181.48
49560,24381.85
29006,22157.248
52633,167071.03
71988,10989.535
120547,23984.703
12039,11274.783
98117,11558.238
43661,13827.403
19899,44555.9
17643,18928.375
91553,1999.8232
110397,84551.67
112,3840.6973
67096,20799.771
67750,11153.691
64986,5173.656
809,26991.713
129691,45587.742
2795,51984.69
85856,23785.172
54257,11110.911
98578,67817.81
76367,21050.432
145660,59417.91
93657,11252.412
64576,8259.167
128742,9231.274
142281,79010.48
62459,46347.055
74997,20004.648
53658,5085.678
11522,89810.23
60025,15001.55
33179,6026.561
118510,36401.824
30641,142019.92
50354,15886.447
126011,4133.8164
23801,5020.0664
60258,3539.0754
77024,2453.098
88702,10820.808
70626,38539.168
15280,59252.277
18071,54568.938
99797,19026.951
58199,77697.3
98402,16545.586
125026,5585.4766
66480,12736.224
10887,67915.375
134480,2244.5295
73612,8857.124
146259,20747.09
127413,52632.664
131589,3883.6921
57909,-237.25189
16817,8405.652
3057,8552.323
60943,23573.945
16444,42581.793
3118,8329.55
49554,4011.6636
32378,51083.94
64571,40438.344
27833,53522.28
134833,17721.2
2162,4775.81
38360,2554.8704
65202,16416.803
45930,40722.984
138489,21817.951
72429,2857.277
119273,83104.08
76799,15079.998
136677,29420.854
47778,3401.0166
53179,50813.215
10760,54780.254
147357,158586.23
55428,115079.49
9563,7757.4287
131603,26631.799
58040,10339.071
47015,12475.632
76119,4318.23
38393,30372.096
99677,11986.727
134335,4067.1533
93563,2628.166
131414,16163.995
32081,17194.26
119468,3786.3975
34982,97463.39
43909,115863.47
68128,2580.7454
103611,9991.322
113563,1022.4221
24975,9710.691
142800,3893.8333
71758,3237.185
140482,13538.106
93667,22694.766
85243,26559.324
66495,25915.96
94565,6355.457
120933,10641.485
121644,159804.3
49731,4744.4717
10184,32981.92
103807,62954.74
7921,12844.261
111403,22944.266
143109,58483.324
148507,2782.8928
135223,26270.918
69176,1545.5068
12391,31356.574
143210,66812.44
96459,7967.637
113335,12381.424
39242,114279.7
76156,507508.94
140856,7979.715
18320,2815.1226
64869,60136.152
69869,48519.73
139121,14597.523
116547,13468.563
67731,43426.9
90808,29685.215
131238,108641.09
12881,28255.316
62627,9053.901
358,22601.723
46112,16224.274
120163,3887.631
78206,49817.09
108696,90214.38
145664,51089.637
15288,21747.385
25620,17922.854
48767,13534.855
4289,22246.613
56708,29693.598
8233,172584.08
51075,8965.687
1605,9080.478
123228,1285.8053
76538,3673.672
80240,114893.055
97374,32571.791
33338,80270.49
16357,15527.867
34343,32380.592
5317,25436.78
94419,22697.562
145170,30946.521
130095,33124.676
58540,55152.945
125471,46479.484
34354,78198.28
5455,127490.89
124586,9137.627
44425,96050.29
82865,29661.107
67389,7940.9106
106581,190393.16
73104,34662.562
145279,65052.004
136263,14940.891
126592,319391.0
136580,89886.13
127919,21777.123
28246,4871.461
119863,7108.0864
129622,17088.613
9546,37187.316
134642,13013.318
32730,10361.497
31667,21024.191
118279,1831.6458
13382,4012.7349
98102,18711.854
126529,9635.633
48142,7905.6045
23358,47516.18
47286,13031.44
136094,34545.21
138561,147033.98
36606,15936.821
129904,29627.73
112629,44634.14
64371,13850.02
132328,7072.4873
42499,23176.236
108370,3261.4036
116464,30075.11
114138,2799.8787
133631,43991.42
121804,5474.7827
3091,25852.08
84447,2266.809
54195,55343.4
15228,10349.304
38311,1688.6387
101669,80823.6
144261,49384.977
59453,46942.67
93673,42036.24
46711,1881.0387
109808,5322.4146
18841,3755.619
58400,103622.625
144356,14843.42
18710,25836.852
128502,35943.598
19726,81834.56
66336,4493.199
13620,162988.75
139678,3400.2566
27078,6589.4014
120136,5688.8984
74739,57134.953
124954,11609.076
24747,4631.4736
63971,9523.403
64040,14517.392
67436,20511.988
136733,6241.5845
76285,92959.27
64956,7156.7285
61811,86757.08
121460,15760.755
120216,8712.307
129188,12866.647
84337,43030.883
1317,140411.55
25093,163234.36
120316,42101.484
92028,9525.613
2213,4207.622
15094,6440.568
136398,2278.3801
142232,36040.81
97736,32155.9
90509,8489.104
69371,26004.89
132483,15590.7705
54780,9241.017
88938,12475.706
128075,6999.902
2686,26062.232
31807,64379.203
109769,58188.25
65718,10721.518
97481,24373.615
82979,44790.15
4492,10369.934
32460,6656.925
53202,81362.31
147254,13319.867
16914,13446.872
111549,85690.45
147437,8550.202
53775,22065.395
41616,74755.93
11488,9163.433
43532,97745.48
105233,20750.986
110088,10899.016
109559,166574.95
127843,11423.733
6272,9116.99
78776,28867.963
131008,10052.633
104931,128288.6
85601,17057.193
98193,95193.81
68135,17416.576
37730,81419.62
57133,43456.25
81183,12975.795
13586,1327.7617
131169,7915.3286
44176,3290.7908
48927,62290.133
76279,26845.996
59676,56396.688
145394,108923.27
53862,116493.95
98395,19036.234
101299,162419.42
22084,27969.219
70509,63905.48
86219,15263.983
96158,47596.22
74185,12152.19
55594,37720.176
117405,7463.0547
117984,55792.54
44556,7445.8813
116454,94722.46
5381,2936.2576
66939,73407.86
105130,99187.67
83789,6526.832
18664,38746.18
80267,32943.906
106894,9096.864
54758,10199.617
104077,23763.781
26352,7822.473
134938,61942.895
41175,23280.037
81954,18860.4
94462,51422.02
148893,25165.607
124188,6070.903
138461,112378.445
3828,7417.1943
7354,12818.245
106133,6327.992
3198,20637.367
119638,9315.087
127045,9250.756
72404,3353.064
46560,9531.995
52006,66596.45
382,21413.342
70815,67179.49
102640,17058.836
2132,67471.47
135698,48554.85
117353,11930.405
125879,9839.613
147735,7844.1167
63479,11967.797
106829,25560.193
52796,39488.957
62118,7462.6743
105388,446114.75
142336,9494.635
82265,50396.383
104723,13537.858
14222,3087.249
93944,73439.98
79488,11371.037
30339,11494.588
126970,29034.186
37109,138077.16
69261,21018.975
147461,40109.746
106075,44423.105
52857,48299.76
34910,13454.52
45073,15830.861
81787,112396.484
41757,15867.804
75991,144430.39
25435,16722.771
84625,121252.48
100875,4438.9824
51707,55105.05
26188,20644.188
46126,57613.76
102767,15790.757
66159,26278.49
124415,23348.812
61698,3364.28
27420,12644.459
31752,73219.01
85186,9787.174
103787,49044.71
87973,82246.96
8960,57414.848
94716,106745.23
53284,35175.152
59132,24428.465
24842,110629.72
53714,29821.89
15577,7801.3027
5722,3625.044
127620,81349.03
24872,17204.91
53789,70839.22
54881,37277.707
136393,48924.973
143810,16047.672
130021,153677.39
22490,6458.693
125516,7985.49
109612,7833.781
27671,15598.822
113155,5107.8916
143295,6465.914
30062,28764.635
72516,34218.496
53354,10138.26
44950,18602.205
61032,18005.111
129800,133128.88
63706,11162.588
54166,5715.2646
16796,17758.31
98972,22419.086
9948,19431.756
101644,757.0948
44714,109693.31
46070,68271.88
106646,498489.44
124153,1677.0654
21279,53566.08
77999,2116.912
47533,25737.271
30617,93446.56
149598,23103.432
132319,5295.193
140287,133937.77
47144,10479.643
142570,4880.8516
148259,110767.36
49825,17625.172
6143,16243.11
45032,15421.933
5998,70899.625
114407,1129.9072
34562,25577.525
26432,8899.2295
9080,28124.387
18106,73937.03
145789,12461.839
87228,33032.914
51244,33260.84
127482,1465.3533
111560,9332.049
112381,51038.734
65866,6093.04
18012,19514.348
47839,2433.7341
84560,10293.118
28536,59128.164
72449,66171.26
22494,14937.184
76186,126143.45
7922,20338.6
12078,157023.69
33503,22103.055
76051,54720.348
139259,13713.583
42437,18442.52
2187,222738.86
69470,33277.703
3742,5713.8135
146306,9096.604
145192,10366.333
96369,44634.703
71704,3221.6174
55830,69312.875
31756,86645.59
28958,23888.469
39550,13719.879
102623,32135.521
82681,8115.0347
141186,20511.11
141498,6423.554
136337,24148.36
24517,91725.805
145774,13779.7295
96592,7042.5186
26512,37356.395
58736,10002.661
77948,3825.6052
110145,3144.7336
145987,22276.416
45380,32615.287
77536,5354.355
775,35291.188
89555,31849.215
31353,6108.794
12963,19930.271
70300,43127.86
10242,26499.246
44013,6544.3726
3880,47069.88
4612,13871.11
131482,6809.3774
86329,64622.605
6091,43504.62
113846,142151.95
136995,30400.08
42638,84013.6
81131,69696.734
122112,151596.14
27127,22229.57
126278,198802.5
100180,26309.877
131629,1280.0989
118256,42089.75
93687,42290.37
100565,23967.863
24369,53330.582
89827,18373.512
101086,127062.19
11652,11077.808
139891,10494.807
23766,50227.3
68560,21761.379
59279,28052.23
11213,19959.904
129764,7320.948
16477,2543.143
130702,25725.09
138524,8149.0464
75161,38123.594
130628,15670.973
61312,9623.149
120354,95271.5
104823,29704.29
130536,84697.87
142129,59973.62
143882,118033.375
19732,11372.261
44289,26912.967
108694,61261.48
108294,4578.3887
59292,12039.363
71418,12658.058
85823,20182.43
52930,7414.0513
40250,60798.684
52978,11459.826
119421,14773.465
10845,5294.3867
66086,25612.975
29891,9293.152
88083,22639.016
43885,11776.753
89829,39053.945
77727,41060.297
1834,4564.798
54437,3567.9763
140847,3289.1775
136291,20973.95
55720,4383.2246
51577,1992.7117
95898,10661.441
149200,14742.817
125148,40501.707
87176,22603.066
5992,85769.586
41843,4610.449
70918,27991.355
97300,24687.002
10099,5121.578
60559,4714.422
39196,60054.906
69202,59818.168
122588,8990.773
92929,26213.992
43601,32399.959
36115,50552.87
44699,29657.955
109626,4374.1475
101952,57834.246
53015,81664.984
44082,62391.844
122417,15230.585
79923,16638.025
53893,22062.072
21620,48045.758
73640,64736.055
67185,12720.534
128671,38719.94
70597,36564.875
108862,68141.2
54021,5453.738
60389,53737.684
112546,5394.933
145278,89483.055
89248,184998.33
91567,39502.32
25992,14844.483
5413,43311.516
71372,35676.29
111092,178828.58
8910,22081.355
85665,34736.348
137492,11611.821
99700,9658.081
92981,80494.61
59968,6943.5103
117834,84332.016
38509,5550.589
60103,12092.135
7905,21532.799
92297,19453.764
134808,13626.708
83402,20548.121
24267,3934.8452
149141,3526.2136
30552,4717.1196
4315,37136.93
17659,4474.0957
86077,75696.91
110370,32745.756
55308,59839.09
8117,17857.951
94664,31459.377
34839,18816.686
132426,11282.969
85404,38521.312
74506,104080.77
83012,15992.822
59893,5688.5093
41086,70199.7
126481,30938.936
88649,53453.484
79624,15443.419
148490,36506.5
74372,5370.8203
105647,70302.164
5052,36017.402
137835,6187.978
95880,72184.48
124070,19235.098
90965,7090.405
25676,30091.732
33922,2490.842
108932,30371.172
48756,6324.844
54715,81672.96
69538,9934.911
120068,37088.74
145449,53087.945
123953,39133.832
109321,65974.71
11667,157397.19
74101,61586.9
16878,25403.486
10729,8370.277
15363,61741.758
72035,35627.508
54912,19941.72
98037,44637.82
108455,6328.311
79103,15030.694
124824,21540.275
37935,11653.139
86682,34720.48
131881,78478.336
128101,6185.101
53377,39745.26
128669,3958.261
62184,34473.71
76498,5037.5576
128204,9617.525
113719,2516.9014
91182,2504.7966
48255,66694.836
19260,85611.89
101316,9692.951
34643,78467.22
53792,8839.681
134144,7480.543
103395,90926.74
127357,1586.912
128692,28886.98
84305,21538.723
29845,81659.625
131301,50907.332
124940,6362.4995
86094,265878.12
72622,25558.898
49063,28788.783
32867,10161.085
104990,34174.29
62520,62775.59
50709,60850.46
35694,26523.838
64648,48031.074
148949,26702.416
86171,15148.957
40384,11054.212
90372,17988.266
39301,3201.811
78795,30118.285
20418,55415.113
138744,8849.837
10063,63029.61
20711,72588.125
66098,12984.377
28450,6096.2627
130263,14225.272
15393,8163.11
97852,7848.6646
65377,57785.45
11241,38034.05
68622,7183.1147
100822,3244.8044
86336,5172.554
144853,16738.299
73472,75451.86
92739,66610.484
36002,114414.78
24015,20956.209
135643,90950.9
110036,5804.359
82693,5822.2554
27107,15137.197
141255,7840.488
226,20019.205
133178,15003.972
57317,33674.86
45059,24056.03
76644,48963.785
139226,157381.61
31726,14584.138
70363,62539.223
8144,6714.046
34824,82429.96
118564,6166.5347
80067,46665.84
17696,28946.25
132840,10074.907
125886,33827.14
8490,42595.35
18418,189623.53
126676,46155.125
54023,21296.945
148841,29896.4
108239,17082.123
139193,11232.625
44739,9780.981
42924,57822.95
132076,5569.759
64527,4920.4185
102159,26344.316
105017,18086.504
106114,20097.35
28367,73310.25
103881,76823.45
71080,98020.99
17712,8075.366
20489,3489.869
62974,3203.8455
92987,86525.15
133607,4117.294
71680,29488.605
131572,52987.055
82022,48843.168
91137,35834.773
48724,9338.444
58416,13741.058
124963,103916.984
97591,6742.2393
43137,5057.443
11786,17508.771
94679,23187.895
122678,24449.6
9906,84680.03
33648,173552.1
131559,29721.904
86909,6215.155
136983,30533.123
138924,2833.1765
125307,15224.392
64663,13716.689
115581,46053.113
92087,7159.1494
14090,28965.521
82224,4405.683
38883,23918.162
77122,14111.818
16052,10246.004
50926,94213.28
51213,23439.607
49748,4295.194
38,59358.348
118168,38359.99
145907,106130.836
20246,9219.885
66968,28160.05
93587,26103.941
46575,25505.475
114614,24504.809
76703,92974.81
8446,4166.7886
22268,17706.973
111142,8277.033
142531,5467.345
48464,5060.962
53745,5835.304
92099,78235.01
59578,5784.6943
110474,7674.093
11049,8072.631
2118,23650.94
35269,2387.714
12364,194413.62
53929,12488.076
105753,10616.888
3158,13794.343
147957,2437.1653
63946,16369.742
16416,113638.99
126801,18406.156
86298,56719.637
119993,10597.169
116008,5884.2993
50693,4101.079
149260,22553.852
125814,114706.76
52301,8012.8784
80947,63853.81
120763,34111.633
53843,85514.47
122383,39354.684
23415,7067.936
144152,39535.156
36188,32927.504
33127,29298.166
136183,221494.81
135591,65025.254
138589,61245.234
93362,27597.273
127760,27045.4
141056,22797.352
30433,151139.38
13032,108421.32
4545,14511.449
39209,5792.966
88287,29142.19
60451,2400.2642
14762,30200.07
13788,77707.234
53077,101155.63
11651,11250.37
54073,5659.3623
107500,18300.104
26861,9642.517
88746,79978.41
104532,19960.605
92499,5275.662
18249,2868.2676
16668,22379.4
70719,5157.049
59752,54994.605
93044,11346.793
67273,130957.34
41257,8920.561
143548,11255.986
148497,12822.22
92544,11772.328
47196,20660.326
38765,47407.45
146477,1347.1901
50881,5568.143
136711,5873.569
66852,77650.34
137643,16000.109
127756,47096.96
120825,8310.544
37207,20903.006
43870,61279.434
113679,86706.664
46271,25039.123
22410,1634.8842
82488,30525.203
72602,9256.181
12697,121515.04
17720,68364.25
56257,3447.523
56121,60863.44
6840,51469.07
100776,5492.4126
3240,34237.047
47890,12201.625
131367,9823.822
49355,46816.87
112923,7338.9604
51062,57289.703
126984,10943.58
144940,5095.3457
57370,13907.476
59337,3034.562
27822,282228.34
105606,44522.227
11476,4463.8794
6929,2830.3855
53101,14723.887
90494,85273.57
145481,23674.393
51414,52608.43
54363,4701.125
57394,49739.793
47900,60176.395
135919,54185.832
75863,18451.955
144043,138860.97
125248,60037.95
87302,950.3251
13774,11583.9795
127744,7819.305
123325,5008.4277
93799,14380.394
98399,8744.612
123208,84042.2
44536,34209.062
72670,8002.8022
40790,35378.414
80129,10399.241
97001,60950.094
127286,20935.977
128520,8331.078
99957,5406.068
61891,13172.587
141054,3818.275
14475,53458.18
95417,11307.528
70476,39293.12
69839,138783.75
93393,13852.367
7767,143287.89
112124,11905.38
127225,6343.7607
24929,82058.18
138113,19144.527
27884,32840.395
34578,124633.31
64642,459710.4
80624,32065.71
139148,73778.39
101015,3425.0508
128604,154561.73
34260,9152.6
64756,41506.84
66729,20636.137
66643,5956.908
82532,55892.97
99415,90975.52
87169,2728.7852
110186,50057.23
92090,9891.749
86353,14339.635
79543,17607.684
97964,3862.7751
23159,15476.507
127506,34718.223
39314,4876.3413
17063,33320.977
118713,5442.6763
131015,76842.73
50064,23130.576
110442,4751.5693
26259,26426.678
99595,164483.98
85485,37984.066
73204,113207.41
52688,5306.3643
134557,68179.11
3905,5287.5435
30971,11513.244
57210,38890.05
24768,13936.487
89076,38186.875
64430,44179.945
32344,13957.036
90898,109808.82
37423,18578.104
24483,36798.332
123532,34387.375
108114,9517.938
95279,40611.918
97714,51213.766
139984,5244.149
104328,6779.8164
36620,7737.5464
2894,2499.92
42876,45786.09
147251,7779.5645
132847,14359.664
15233,11933.21
120481,49864.594
9084,49501.613
120536,6336.0146
54576,9707.3955
144972,1416.261
47807,37348.707
125848,24192.818
47229,300812.0
45756,52855.188
1433,5048.261
148632,29087.402
93308,99175.414
53688,8213.044
13659,14720.419
67321,22912.936
75157,30711.473
48291,8151.258
64826,14716.202
23410,14253.103
86196,40430.51
107132,25835.28
51442,5312.0205
26657,48954.45
109235,4653.4927
19781,57403.77
72486,8623.298
132048,5371.4385
90489,5888.924
58380,62429.55
221,115473.78
117060,15129.075
82060,46242.055
33047,14426.549
86792,14264.573
16421,22026.457
92673,26044.545
112753,18462.375
107626,10335.817
133100,9683.648
6520,26152.12
21333,11745.739
44444,210683.38
141295,224440.12
38001,10083.274
129406,51915.94
146130,1063.3904
6832,8432.458
60363,9803.705
147135,15781.337
127102,7360.7134
130978,112687.51
55116,171070.34
124771,14043.084
59859,18588.217
14281,270614.53
61577,1347.241
1673,9035.282
30471,3500.233
64848,42938.977
59123,10571.354
27312,16266.012
41490,82376.33
7729,137503.02
31052,77767.18
50724,30621.463
96248,18286.037
57143,4840.269
60765,120786.875
107378,114752.38
80991,5227.4087
29187,78098.81
146124,30855.416
66608,14754.969
129926,22154.35
52400,5995.7227
115301,9671.599
83096,46399.426
73094,17292.129
136130,19037.469
22282,25505.844
29684,277895.56
32096,64832.61
96332,15044.68
25750,21036.37
154,690.9248
61087,71541.57
130148,21050.223
17637,5594.497
91578,7836.822
68254,15899.282
81648,35169.55
135310,13539.323
115910,8003.3955
128537,8088.45
5759,51849.05
32568,28525.719
36182,212329.19
67085,6918.107
6955,2660.6538
29080,3624.3843
107594,69947.445
148707,20355.04
114672,60945.992
142587,12601.798
94639,76624.77
7476,111325.49
77483,13734.631
17434,37928.727
72678,227.82698
21623,32803.586
140599,23962.258
64982,37375.26
5568,23122.998
59262,32979.086
4754,19778.518
73655,3529.1958
142220,2465.035
25390,9249.059
116944,51689.85
93822,43646.832
139887,16036.646
79247,40724.535
146555,22175.873
111626,39403.832
1258,28098.592
22578,4483.284
96045,11500.761
139111,136234.25
110069,29367.361
82000,3411.5999
51511,35123.42
33813,2541.5095
29631,39215.055
66912,10407.99
30192,5219.554
124271,37344.113
142919,1711.386
125167,22030.133
48304,37405.574
125515,118157.44
104759,44247.355
67833,139168.66
140995,57685.82
117571,21897.453
103091,6434.9697
140047,10569.055
31985,61045.0
133764,43473.145
137246,20285.178
84735,6861.854
102842,37169.465
2548,20461.766
10582,46680.555
73949,60945.918
57841,5201.7627
55790,41821.19
26446,54499.97
126284,47452.71
34063,69042.5
39673,12313.353
116362,225278.45
27286,7832.3564
105106,37880.383
18292,3110.4167
66117,27042.625
121928,11015.182
87386,2838.8186
3993,68758.125
123324,31638.854
17775,99564.42
106253,7927.1035
19444,925.3851
91354,30698.512
146543,43434.527
67040,44255.99
131130,1166.2474
72477,5260.1006
109921,35079.855
19350,54184.547
80489,166617.38
147297,78548.84
42389,20576.682
129266,8554.784
25267,50811.855
3737,176837.48
20343,16680.621
134496,37090.13
118371,4344.009
26778,11115.937
15344,3333.4292
127062,28967.584
102417,1342.7511
79346,2839.5352
70585,18694.041
120171,8640.037
15832,46323.49
62138,17072.732
113728,54813.74
93221,45331.12
99733,13229.545
62431,28135.766
143708,2456.819
46336,2184.9336
75538,18129.79
111750,9445.934
81691,111367.29
130464,2472.819
81423,109501.414
80606,97632.73
79231,24741.229
116022,22075.338
78685,18621.186
105556,158336.6
77829,37752.94
85023,8533.005
124801,52707.2
45210,4114.8906
130870,18827.44
119561,18721.781
21936,1083.5403
115497,8310.259
48402,21789.857
77216,41329.258
27633,12627.592
108586,1896.5619
119402,20697.023
26745,34632.81
63158,10335.306
145791,24254.428
142981,184041.67
83479,18956.516
135584,2272.128
18028,18403.879
92286,473948.84
5927,8997.617
148651,25313.56
71118,5252.5796
119828,97491.66
20661,22656.023
12962,6695.7764
35027,3339.5376
70891,58158.79
77106,1912.7914
6686,44297.785
54029,10131.333
54863,9245.308
99571,28020.715
122919,8521.417
98472,134464.7
133426,23729.893
58567,15350.285
134685,12678.977
16296,7823.359
30017,17189.934
134667,31248.797
17745,106205.555
44318,4893.6973
26456,5633.1
56066,37936.598
33334,11890.219
143566,7231.4683
65321,39110.285
135926,82205.49
45352,32316.637
48959,19325.738
79307,19599.771
119726,91062.52
77674,5754.5933
40485,7297.814
94762,27141.898
27392,40059.69
68001,7055.245
106764,152530.94
38801,69014.984
65642,138761.88
47736,57728.844
1990,33691.96
11578,12881.782
22365,15096.957
133402,93004.14
55202,72699.125
80542,13092.414
48016,11218.001
18008,1684.668
10494,91882.234
78263,47693.117
141292,10058.262
104744,6295.471
63548,86045.47
117672,31158.824
108692,80225.52
29040,30693.268
117744,16342.285
39546,30824.832
71442,7132.9346
31551,2916.2253
136549,4963.4956
2564,25410.875
90191,21043.994
118037,131469.05
139652,4177.6616
68470,76283.195
29840,20653.863
137361,9277.407
34904,44107.43
125642,61860.367
70403,8332.74
62142,20171.3
138050,3359.86
33985,10204.578
88656,5252.0903
28042,8754.877
103409,39194.055
78721,44753.086
12210,55504.52
22620,5296.951
93100,51852.035
56392,9658.002
133211,58317.387
41185,3517.8997
4060,16947.71
29408,9887.098
26459,80358.35
28487,114548.43
105076,4720.715
3103,22013.521
58172,5207.823
76771,60360.67
12321,12437.827
132489,2301.6628
101246,50523.945
110382,40040.98
42049,16624.436
142224,8220.747
86812,6771.5503
146727,2045.0109
144682,18835.191
42393,28397.178
55245,91661.03
49189,15349.982
26530,9801.331
65175,14066.409
149919,61631.777
32760,7336.9478
41462,7079.2993
3140,46819.695
61429,20623.957
132598,1236.6842
36091,24204.041
108662,7733.9062
99063,125318.91
89662,64583.406
55495,57047.656
135182,76922.5
128210,61911.44
142211,8260.748
1800,30688.15
117833,27056.725
73996,10885.64
97044,4696.5425
1286,75232.04
78426,8639.809
41518,3437.8506
49438,2768.429
71125,7999.483
46158,6777.795
138223,18050.988
42446,9644.741
128039,10557.699
41862,28533.547
144175,10511.72
142000,10865.3
136048,7175.8687
27614,24018.84
53891,32870.246
21654,5732.2046
81116,7622.9307
24915,39230.934
99725,1414.1239
132806,13114.503
107614,20367.428
73867,76990.6
42,10045.561
91951,1443.508
113529,6760.1396
8492,529589.6
132537,19010.164
122363,50358.93
110349,82067.92
16759,11112.368
40720,7492.897
13183,24799.033
24064,6627.633
70082,15809.213
6564,2801.1018
46364,42115.734
58915,11854.722
139781,220250.38
109598,81349.89
99225,22679.516
35880,36271.055
31686,60900.65
146446,47948.24
15845,2267.4263
122597,6631.4077
108422,40980.61
63234,13809.186
45932,38611.2
116258,30496.467
136840,17355.807
56812,6295.7266
5122,11986.049
141988,10260.548
69022,13224.598
52784,4158.44
65340,144140.97
107709,19068.234
78914,126650.56
35796,7424.446
8986,57541.66
23862,62262.164
68943,20982.264
116291,35092.004
21411,80867.18
55747,26390.8
114196,101655.45
5506,64670.855
139991,709.63916
83642,2349.8123
44191,18341.26
57628,2571.6475
93505,78274.414
42538,6959.287
40697,9587.685
89570,989.824
131143,23498.268
81397,27420.932
119307,17602.375
92221,38396.152
30612,114699.36
60176,118967.2
44791,3444.3196
117462,32220.293
67038,73081.07
59356,8766.909
87363,33428.594
36814,5821.1733
130258,76448.63
20528,10376.394
138663,19609.89
89237,10139.812
52720,15836.241
41491,4251.2344
71366,5987.714
47166,14320.001
24958,21835.863
84970,10913.34
85707,64544.992
21566,23283.441
92480,144993.81
86269,38424.348
34843,5284.76
41373,31015.67
129758,379452.72
109123,17929.043
131162,24729.355
125762,11303.601
99267,57474.832
47730,22798.484
132269,56505.516
12343,4685.056
66,8075.6504
80504,131630.0
103789,22359.21
105661,6966.126
117680,28609.107
17187,10793.632
25548,5873.313
135251,10361.306
140854,54106.312
40966,28294.416
51934,19086.418
39370,11785.61
122455,116015.26
9801,11788.5
15688,83180.79
69158,79875.625
149572,5450.285
146192,8233.162
66572,31135.375
66425,11682.767
41911,16640.195
63465,9155.957
92901,13364.908
71664,8513.343
135071,26608.473
100171,9814.992
32117,10701.501
127152,127958.42
91391,29837.48
144041,19870.998
40409,12251.811
31223,4454.2534
146650,52047.17
134124,7809.65
59142,11520.186
47599,58807.957
131783,19226.426
91004,10699.048
5574,13894.958
113636,7633.2026
121493,4627.414
69912,116729.43
34851,9983.605
138156,55513.35
23101,10105.983
114327,22278.549
147253,2783.5503
66550,4961.7295
77469,90593.44
47825,40460.555
83885,18932.701
5273,48919.555
110757,56648.66
103934,52324.023
48274,6781.5967
16694,4781.1504
73363,22684.863
65679,2453.952
133504,153045.16
29747,37492.78
50593,58115.406
41295,43198.168
4111,163477.19
51766,12261.37
75373,132784.08
4310,11321.033
133496,61328.06
39951,17783.176
74609,11690.457
83972,114168.445
104058,139723.89
18212,1296.4233
136215,31196.37
82008,63043.145
14669,8807.144
81258,1255.2454
42912,14050.204
87101,69145.47
46171,45964.086
94580,5789.942
64968,69579.51
48596,56445.156
124711,70606.6
141896,46080.06
130741,222502.19
89117,11927.299
38766,17544.465
84357,9852.163
89547,127472.88
146582,4900.382
128091,18271.137
143397,7979.908
94449,12140.167
69630,7151.847
3206,13107.33
117696,38540.684
88622,103161.625
68774,1250.9757
51423,6794.2466
96751,971.5583
126999,107750.35
74854,7771.165
119275,31881.477
92453,18405.887
43862,6630.39
117387,5379.6025
111895,5485.6177
86542,8231.988
37025,48014.348
124498,26567.527
22432,3158.77
113229,3585.9158
98407,67274.77
65297,18713.84
123236,7121.1987
22559,20282.443
16291,40056.273
109281,65148.043
98457,7143.877
31240,4692.9688
145180,2765.6135
83576,8933.414
74187,15488.78
57447,85455.98
19929,4298.8267
56498,6482.6714
44619,58343.008
126307,106996.35
59761,21822.656
114609,11853.82
46919,25542.111
85650,10930.95
22507,25220.143
66942,35791.5
107011,12695.227
115505,6839.008
119334,73623.5
144713,29467.588
110811,3314.4697
44005,90656.52
117133,59970.133
104790,11787.964
14710,21784.184
22002,34417.57
75271,1869.5936
95918,23857.809
148233,9657.418
68167,4171.9106
126744,173986.81
149976,8488.882
37180,45140.84
64687,1097.9988
5124,26116.172
63721,27232.492
115785,56971.05
86128,3115.0586
79480,20665.693
17811,2442.9458
5363,71952.336
4578,43520.848
16587,7046.7915
146544,41321.67
24961,4259.118
85998,6420.3423
22506,26192.764
54318,6487.875
32148,104511.77
977,14482.712
138158,17709.197
42136,18148.105
30524,920.86426
106317,52301.1
81812,13742.19
88149,99297.34
99538,70964.45
166,108205.19
82749,115337.48
13380,8598.664
54364,3940.2869
97228,169331.94
131809,28763.838
72358,6799.5444
77791,10005.268
63597,19469.822
84868,31502.594
96778,11312.64
66057,9852.267
25794,85526.19
10821,11968.395
141128,12998.961
127600,69427.32
61794,30730.266
53029,35282.34
19973,8131.8677
104864,53002.38
113395,120618.53
69878,112324.336
13173,13092.337
29177,29111.178
69753,3703.2634
73252,77039.82
41652,107121.81
106300,5307.944
113793,3876.7454
138747,100215.6
52863,12500.66
1749,10090.903
48951,17076.05
58851,45044.926
62267,61073.113
130114,29412.12
122854,42732.348
94608,65670.17
106671,16275.611
117337,5320.5366
84095,35928.113
95691,5570.3643
108341,62794.777
60338,8376.569
146292,12074.254
99375,62444.215
10646,46601.074
79338,136850.33
126179,6206.625
80314,98028.24
54266,9713.853
112418,2090.5842
124549,102063.69
144471,14927.904
48957,52032.05
130852,52091.277
120406,37961.03
51456,11471.258
109257,44279.746
24286,68109.734
115180,199995.64
41097,80557.01
74963,35651.71
56987,15299.095
123695,47160.17
56130,6538.3774
59714,93957.4
93894,4671.6343
141544,11035.058
138462,23590.621
62225,15223.478
104887,75164.16
34739,29410.916
140512,35252.08
96786,13486.554
144710,14243.832
57950,10285.004
96884,125842.96
115007,16574.34
135022,181414.58
83638,17743.445
1429,6541.4185
124612,10092.92
36011,42379.35
124294,116017.055
39891,11215.721
137430,8642.612
135605,8186.67
119405,43969.566
128899,23709.213
74233,19581.857
14167,25433.41
103927,44152.758
89550,76229.234
90333,3952.3728
52851,4669.142
93045,119716.26
43704,12928.323
59477,12501.377
23158,71692.8
21354,52669.47
127902,15775.1875
124966,6839.7554
71985,10589.728
39459,133884.44
54657,50322.152
57228,42242.46
68217,11854.414
67412,28935.703
50476,45320.19
59390,5532.867
76936,3273.6355
104398,45461.223
111498,7899.2993
75805,26042.771
11025,12186.028
22092,24066.537
95127,34449.406
115088,124494.586
104638,7311.4644
63995,23738.895
120067,66187.016
119025,4240.9653
11072,19420.295
72894,1136.4539
112072,4680.9243
11273,41161.68
103591,130116.8
28938,4035.5933
56055,102549.46
16136,9115.278
72364,53372.88
52353,11912.435
126312,27347.135
33653,174142.52
95884,75958.055
116699,56304.266
93538,8572.306
126461,33093.816
70361,9722.146
96992,93559.8
60287,41721.914
90817,11834.379
15710,10915.086
62366,1179.313
44329,3280.0903
81876,6783.901
28299,16385.312
55490,32437.354
2694,46327.082
62845,247960.92
9109,13994.393
12141,4552.61
7372,5218.384
10556,211075.38
55274,14948.787
129929,25014.992
64972,9873.995
80714,96485.2
95276,2312.6455
19497,64841.695
93515,162600.39
31204,17403.248
134762,2097.7263
98072,9221.573
40443,7465.4624
145840,54112.46
38722,45827.703
11117,28170.82
108311,150371.88
55255,58586.27
68799,52386.05
21162,101710.766
334,7580.8843
145405,86970.07
37522,85999.95
48591,22451.68
97549,32173.01
120362,19572.47
52405,36823.996
10487,32732.719
129653,4339.824
45095,57425.23
131467,17770.068
118996,19691.533
89931,140064.92
54946,21418.172
50987,196953.27
42612,87911.38
15664,63170.793
1362,5188.3223
137336,23990.97
106656,46042.004
70057,37479.47
7792,106525.65
114423,22516.855
138112,53775.33
15887,13750.208
24677,7918.5444
100169,12699.893
99145,8992.5205
138423,19322.365
74518,19544.932
93697,15782.69
2444,3520.5361
1610,106835.555
35815,11016.621
108008,22844.545
131011,11670.333
132907,40766.652
32527,12274.184
130432,26788.846
10690,21325.63
78274,43121.574
15421,88817.63
55970,17835.895
143123,107799.9
140310,17124.213
108128,14541.962
47870,97403.836
109183,103791.64
38645,24381.291
12091,21775.295
58373,64953.266
80231,29506.09
51751,146345.06
133879,32089.17
6107,15083.305
19187,15986.341
24230,25492.312
111419,91434.24
27187,2752.118
138877,7369.586
74184,9444.232
33110,31607.42
39624,9385.892
78397,18798.602
20025,3819.3638
18881,12739.716
78209,19011.357
77506,23220.814
65195,20697.398
144593,72565.2
100515,129750.46
50927,82590.305
65327,9926.559
143142,10626.112
143099,19816.854
2629,13064.126
114663,10699.334
99451,17685.596
19894,7540.9614
33876,100395.27
45537,10926.744
35482,69378.516
115023,10851.62
3898,5941.2324
94523,3229.6794
65113,8126.8276
95386,110607.84
36361,29871.588
143817,26519.596
18571,13358.229
75245,111049.81
50272,21851.766
61161,7484.7715
21728,49122.258
6533,44807.855
102283,58313.64
84588,5937.2476
128690,5862.0356
96469,5689.2207
10684,9658.016
72581,10196.589
97825,123625.87
94450,6725.486
22226,53440.207
132398,13734.539
48511,7742.602
56899,110363.76
10663,238985.42
110366,61589.93
86003,18688.244
97269,70479.3
138375,33466.406
74876,227466.42
63113,9693.473
30622,33645.414
49072,138669.86
43465,4967.867
101978,25181.475
81546,51001.664
133754,68521.7
108688,40678.082
9278,8555.766
90193,4294.875
52807,27326.613
132990,54906.0
100652,92996.55
124336,6659.183
11149,60895.67
114830,55642.77
44281,4608.6396
138560,20848.156
4211,104234.8
92183,10078.503
13138,31823.889
133336,1683.6823
29058,8330.402
84932,8784.871
51928,42764.84
7497,79228.12
31063,43054.785
3621,9677.368
148734,5857.3364
120432,6711.185
97808,22405.707
4461,46118.57
17188,7485.0947
115714,9640.753
84472,122654.69
27210,65571.93
29675,11688.878
127324,119451.72
116860,47892.16
118887,99148.875
79147,397908.7
132817,13452.729
128525,3093.045
112125,17623.582
20367,9032.517
43839,6994.3135
140531,30125.51
102936,9611.673
144269,37253.305
97928,37781.75
101620,19051.123
4624,18950.371
59169,107824.6
34212,45479.0
110605,11276.9
144119,184164.58
77606,572.5661
101448,31658.418
56865,7018.197
15030,6867.1426
80294,66169.875
22643,113500.54
89005,11373.803
56030,23279.951
96465,20694.39
59364,5886.862
131306,23490.068
132375,1294.3616
16164,25262.385
97898,23080.06
97259,31799.17
133234,20307.1
123348,24949.588
93460,102748.87
79162,31652.166
88123,18286.75
41772,15261.82
80713,12681.819
97010,3670.1536
26751,2830.3872
125575,12629.901
88499,29690.453
31564,6753.609
28479,44248.918
103084,247311.5
110529,17490.51
29293,31705.598
42545,7138.5493
58810,9761.977
107877,6113.325
13486,194425.52
39296,9236.031
77229,91260.88
85005,7340.9463
146573,46201.492
13240,14995.966
123066,7696.479
58312,60238.74
50562,31722.598
20098,28699.615
137004,8770.811
39840,16673.309
13078,5496.101
13021,30944.46
42516,12955.481
94793,36987.598
54571,75634.695
111883,26514.229
61009,55037.875
94992,34037.74
124680,272730.2
564,47395.316
129098,23801.29
137536,136582.94
123622,240679.28
132145,2730.156
96130,4632.169
74701,15096.33
106119,4944.5933
67749,4406.704
145807,7206.136
65286,27099.59
76698,23771.734
116688,80262.68
114195,62737.76
105227,17706.611
126437,8590.988
19400,9353.602
86777,9262.054
11766,18714.807
56437,7834.954
143329,41351.21
68548,18911.633
75890,4130.1587
47639,33768.836
105418,21167.21
148384,29314.867
149782,6276.572
77779,12050.7705
86356,33265.906
109996,40096.254
48990,2159.4717
69332,39273.645
39743,68021.73
32972,3330.2888
134051,20933.215
76796,29487.488
80080,7963.0186
129061,4512.765
95334,8650.69
126789,8579.388
44291,25749.654
65288,11855.943
3929,26349.17
127005,15665.916
146183,7838.5044
1348,54117.508
45428,55879.81
76746,11289.235
78366,52670.184
113878,21514.193
121375,72412.305
15480,94021.26
48410,10468.22
78983,35361.574
142450,9181.794
105154,666.6713
16146,26146.232
51101,136556.0
44300,134645.72
116244,8141.2173
109823,5456.5977
115619,25033.4
33857,30510.105
77736,110975.734
41681,4806.532
128789,8423.851
105439,38599.51
61946,169843.19
108792,4141.3496
132456,51390.934
146833,4593.347
32408,33982.0
105722,1990.4784
21185,18718.605
134444,36992.93
20981,67549.484
130999,48728.62
17924,44071.43
9336,23072.67
111523,12410.577
149767,36858.445
6902,85021.24
26849,17816.736
39657,21493.164
130248,109483.76
58188,36032.33
47874,7377.822
52980,29967.879
81071,47134.02
102256,54203.52
112559,4202.1167
27705,40496.504
49769,14385.86
20339,22418.564
26167,162253.69
137297,4508.7676
89118,16021.786
109552,6795.44
68169,7847.7666
94298,30917.951
147168,44172.438
98268,103827.38
81259,3578.669
37791,20544.36
105919,116454.09
137960,10829.861
129272,46870.805
73311,103389.75
130717,5406.1426
112378,114340.13
94243,27485.332
41841,45682.508
32761,52757.414
97453,104544.53
144576,80165.5
71338,123084.97
124119,1917.2228
67032,7271.5415
94081,21056.006
142093,27958.79
102376,5059.9697
129395,59241.094
75109,4142.3296
89230,44204.832
85299,10337.311
149698,29908.736
56306,42987.715
37546,17626.566
127471,31614.715
26836,81266.21
91216,68742.945
43156,103767.516
142468,28002.049
17544,42451.016
112782,4803.9683
50265,105832.39
70541,47929.246
14414,15723.142
91873,159458.66
145735,34094.676
105508,57893.297
134592,9414.757
49713,1852.8557
2282,14194.036
55845,14452.3
89178,80772.016
76579,19751.383
9657,44512.07
47615,22468.844
63941,18971.49
60923,4968.305
51130,23595.422
137690,39502.855
66710,35579.71
102785,1003.92236
111878,8144.771
34549,266946.53
29494,11562.722
66017,24088.611
54860,12258.678
1431,143292.02
140044,86430.93
81720,11346.237
119188,15510.148
119859,104285.36
19625,2903.0579
32099,1934.0845
121155,8637.722
77248,53003.98
48779,49320.586
142533,1918.302
56367,86392.34
118814,19060.445
56426,9521.757
63743,12103.892
19435,36343.79
131177,66564.13
39433,62373.93
139360,154283.4
145782,137236.67
33019,74096.99
17635,15904.152
28947,9904.334
37566,25595.207
50378,152444.45
123832,51788.57
16919,66619.14
143801,73645.32
138614,16762.047
63618,25979.137
5350,21532.799
128341,69995.68
21965,4807.806
102045,47273.645
12587,60182.242
113195,38379.72
2823,27160.072
105905,19563.719
49786,38146.12
63389,87405.22
31719,8286.881
30713,61122.246
91044,60486.2
114992,119733.33
149897,19444.648
89371,18109.623
32002,21583.71
112295,14488.33
137660,27003.8
125564,98414.59
147306,24393.627
25276,12392.07
115858,4679.5493
56997,89038.73
113207,27570.963
2705,54328.754
96041,17360.668
81158,90084.055
17072,27785.488
91977,1254.6829
126807,7250.2812
87869,25946.559
74061,6139.2227
90925,8541.959
148744,194384.77
141714,16441.947
11893,31567.34
43993,20719.895
99535,7779.902
28534,6683.4624
51050,3077.3245
104108,770.2986
123360,21069.818
130943,22764.002
74608,6562.941
19195,2844.5144
97459,7186.2896
122560,16912.42
28991,86064.58
67834,38459.184
126331,23692.664
20382,3518.2263
23489,53535.07
71102,7851.3364
117422,65412.395
139043,13696.699
122382,118766.82
47208,3146.8943
27093,27446.207
101767,12784.871
17357,18222.09
121315,16238.978
79673,448.68842
142323,16523.287
1140,4447.5034
63858,107019.83
144649,168595.38
13370,81458.34
77708,181960.61
69853,23612.041
108456,54499.926
46133,8061.3926
114342,17442.871
121898,19453.285
21550,54517.902
34426,7159.169
147991,27374.598
119330,7085.9795
11518,42904.62
1112,8186.3853
35358,26768.217
120576,91636.65
133164,5166.0273
25702,3336.4014
6804,47389.504
61689,11420.235
62752,10173.168
144726,3264.1494
147004,12488.822
12109,4943.853
103229,80044.67
31776,95822.82
77165,36041.758
29541,11762.487
15722,17126.139
21320,102746.71
100980,11421.119
87902,12640.591
23043,36378.61
138102,12303.861
133091,104684.07
144451,4449.21
79621,149097.1
11961,17372.756
90556,42395.062
19429,14699.762
49183,17026.79
139635,6432.2183
101634,61214.16
27904,4946.928
54787,73276.5
76187,493328.75
42667,15971.294
6750,2349.1355
42812,3388.1565
102383,35395.48
146850,7718.556
74557,36962.258
3901,11065.922
64812,54010.016
145496,77988.48
116886,4642.9165
17559,1714.4744
25857,81813.79
140916,9321.983
61229,4318.5073
112664,13423.29
115924,65518.316
31682,8347.414
20590,111171.02
77795,26547.154
118799,17917.486
6205,9664.707
52015,44898.477
146128,7984.4585
78186,46263.59
108322,90076.336
28693,88272.99
46665,77145.67
59366,7944.53
139697,116401.78
131136,23443.586
115285,326382.56
60100,34499.953
132434,30742.543
76325,14107.644
129446,76739.625
84548,264277.7
147013,10392.219
117820,45857.89
133928,6913.7534
32383,26998.572
19794,5807.048
89030,22846.842
19103,158.77467
89232,6651.4795
145967,6784.309
42422,90273.07
55399,11601.35
38759,125766.99
10265,23431.396
74684,11259.004
66128,8854.959
30905,122338.14
56317,7967.0405
28686,22512.74
8512,41193.863
102003,34954.94
57977,132819.5
18397,6651.27
138848,5135.9844
110874,89074.5
109051,44534.438
88837,12884.546
129994,36913.223
21857,22459.701
515,10373.597
79796,30359.693
72592,74984.17
53064,31198.234
57716,29147.998
142375,100124.27
29016,3186.3367
14331,20034.3
80876,6818.288
25855,61853.082
126671,2360.0327
98902,72460.68
134332,2182.6448
56094,51532.438
92965,23658.266
20393,25523.178
80156,80404.3
143508,78307.76
11730,5323.634
74675,40745.56
53647,43075.33
43217,363835.34
125763,34483.71
32591,33266.96
141937,93194.08
46975,28623.22
59769,11353.853
17093,5853.5996
5025,53523.664
46061,88044.57
138624,7857.5474
9655,9541.164
22157,13032.649
4713,4892.7476
89818,1030.2389
15721,7798.629
96213,32733.957
72644,90807.36
147069,4569.872
65490,6431.458
34892,18447.604
74245,106784.516
64386,26596.121
111530,4216.426
10095,34660.168
23280,390750.78
125503,18331.807
48316,6262.4536
72651,9308.511
106950,9592.104
129930,5359.4663
9804,16975.969
13095,157626.02
109796,34469.387
104402,103950.96
13684,9741.705
19668,6385.851
52266,16749.072
3254,63317.273
9463,3712.4443
58468,39186.062
121426,26766.125
10505,10565.84
84083,12813.898
16018,15909.571
56630,35508.75
12234,9741.788
81257,115490.33
118743,2732.1243
45368,66026.63
119829,4069.7852
92693,80405.95
63241,7974.1504
9852,7527.0103
138424,47031.984
1464,1434.3595
1549,75439.55
107536,5469.3223
120937,7437.65
49180,10021.622
112759,7888.564
119282,9411.24
77632,9167.484
65550,102447.4
115384,4753.149
8283,13968.275
48662,14502.991
36735,33531.66
131924,6226.355
88052,26268.14
133777,54829.562
46715,109725.22
58276,62219.28
78747,135975.23
71245,9005.506
25275,6712.9585
35674,6139.4893
113104,13904.419
71108,47284.777
136847,93869.6
81843,97962.125
58247,5922.1777
37448,141723.03
58014,90389.56
132892,76669.61
75518,20650.299
45923,7097.0317
42664,71462.71
110408,65400.094
85088,10066.743
36234,125856.66
122220,2186.9543
71056,56367.297
67538,30816.025
21818,2006.9413
105005,15029.082
24824,144905.84
61037,7803.5986
142242,6202.358
52257,53656.17
105886,2386.0142
57849,27039.514
84632,25935.295
14907,87147.67
94602,182337.08
24089,39669.324
143524,67769.055
40186,6449.8257
31093,27093.562
47213,34863.16
25467,11414.73
38359,156174.94
61969,13471.03
29411,6136.6914
1731,10590.212
79130,36167.566
113273,4941.4263
67709,4922.211
33855,41079.773
139135,12806.243
122830,5153.4165
82508,33861.445
49819,88923.58
57094,14802.794
90109,964.4263
90655,63954.527
85073,171870.48
42552,4580.783
39110,128025.18
77093,9445.622
61049,27733.275
106972,51190.945
93338,46288.074
48800,93901.45
89558,12159.33
23682,3498.1614
117225,24333.514
149679,8657.036
99608,3791.9348
124548,5159.0376
105915,3760.2502
99107,24874.684
10636,4060.872
137490,117358.23
117595,137619.38
52348,5126.477
32666,144633.0
95336,27783.8
140478,15090.723
63087,15322.893
128970,32732.941
103644,11758.102
14413,19073.205
45164,7898.525
83193,1296.7123
41431,83051.89
132163,42904.777
95406,10282.823
55053,43538.344
20385,27873.627
36702,4723.874
135527,9725.659
134305,40868.496
93674,90300.85
86388,8379.394
121798,65074.516
6114,17516.29
92133,91740.836
24797,96609.72
12576,23637.895
105978,3332.1455
123770,72329.5
97477,124058.695
136181,37732.516
14453,28365.033
60686,6731.8784
112185,18866.262
25977,23944.041
85084,37665.73
114968,170008.14
85574,2914.9568
11511,14730.903
9821,94907.58
116750,86366.734
37071,3668.9697
47373,6706.0605
51952,100936.78
64512,1454.9062
94952,13230.488
14344,44724.562
95853,8546.406
59562,12721.845
7396,28524.084
40578,10949.327
87740,8216.014
12606,18597.068
37622,39930.78
11066,2552.8176
27795,29794.604
56800,3200.7048
50019,11421.896
29182,48599.17
144344,18312.037
81760,27396.49
34105,48444.617
88717,24687.002
149062,303507.47
27188,47551.3
34067,12558.467
4449,116693.78
83805,51401.867
46509,32901.715
96776,3338.7546
25802,17345.396
102381,2975.9688
139501,114801.79
145973,3051.2354
84793,10377.219
12825,9659.191
102087,39393.137
112523,5878.1797
76358,28711.072
78842,25604.639
123017,178363.92
65931,8680.655
84896,16118.024
19492,15718.955
129541,12462.931
82881,8161.0723
94227,90025.96
18754,23128.201
18289,33139.06
134924,8879.371
36659,122646.81
73395,163234.16
21957,14078.72
140507,80999.81
149771,3247.0293
139739,12417.608
3857,30436.914
80303,5569.586
60329,10402.315
149264,167869.16
64099,9004.508
3342,815.11896
111983,14195.902
36348,6368.7827
26801,6877.2783
63793,46079.09
124109,1515.129
95432,14556.611
223,9452.396
65431,29991.57
68778,3274.584
56830,22716.45
47466,17871.67
89685,44732.055
121487,56964.164
17562,43810.23
2817,5728.855
28514,2169.6064
13869,9637.764
117035,12815.396
125047,6133.2485
61191,54224.684
18467,8222.315
135708,5778.7524
46726,2661.8066
2589,60084.035
42853,146871.94
139287,59673.035
133643,35822.773
57917,15980.736
107689,3531.7598
54530,6729.685
81616,44385.113
80516,20179.162
38718,129370.52
116021,146056.25
143480,12394.046
31231,6732.7734
142714,69116.27
59432,37815.08
112183,88199.234
90904,55429.28
136522,6520.7715
73241,44225.785
28687,12148.837
24051,2422.9878
80120,26360.412
16683,19343.836
12305,35844.95
93156,51642.523
115779,52343.27
127543,43982.65
109922,16569.43
146338,15480.1455
80173,28442.277
146433,3322.0518
63157,3230.295
98995,10123.964
72061,28273.477
134928,110356.016
43752,67978.41
103832,7755.017
63934,33036.426
108384,19551.625
89704,15115.355
63190,32218.646
2022,12247.375
87789,3928.7144
87379,6817.892
21723,12745.1455
25359,14367.91
144664,15243.063
33793,23849.346
50028,977.0659
23639,160692.12
65287,85220.67
126704,5674.839
116908,29934.387
110640,22521.396
29597,13260.799
99425,79726.43
113473,63929.48
148626,40773.637
94028,6247.753
112364,12857.628
93053,44296.742
63277,50252.777
123524,80664.61
48017,65229.438
18859,38109.59
802,182424.44
138511,9823.034
140705,14633.836
77685,22862.084
98818,92604.0
97754,112444.18
23838,12588.779
125844,51864.2
123797,6774.195
131680,7692.883
99928,46061.152
132664,36719.2
93914,6561.0312
77183,22193.3
22060,17086.438
42968,14116.522
15964,5635.5454
16652,96107.8
80807,66654.23
55170,4036.4526
79284,11975.749
145561,95266.27
36943,4981.7524
8251,35474.973
36407,3896.5298
99304,14440.003
50710,40418.684
123109,6538.721
81352,13324.534
32764,32595.904
65379,8176.567
12831,29345.703
81386,9811.334
44170,9191.416
74662,7454.4644
47773,13562.656
100452,33536.234
87136,24153.188
72731,10726.849
93745,23819.695
144542,54505.52
87636,59649.26
128674,23495.59
62069,5879.566
6327,29939.588
144693,8091.492
55875,8722.221
90507,5850.475
112817,8793.357
77192,4026.786
36634,32670.041
146517,390275.6
14788,9766.672
146143,12494.666
9385,8152.852
128011,71477.62
146667,83502.12
94754,84163.914
138688,20214.42
90595,52355.633
113952,56832.4
92197,4330.482
75000,6042.1387
47201,75100.4
101215,18532.24
87117,109245.4
39978,38737.355
121520,6777.691
75784,47686.234
74436,39542.176
116023,36305.824
128234,27710.8
61527,36076.047
93989,46123.785
80775,62032.51
64980,63118.96
105024,105432.41
23613,28148.184
124664,2979.8794
1851,24745.074
65816,8525.344
94829,8332.925
139458,22506.463
102123,884.65607
120766,14551.171
131053,44824.125
79839,126410.97
121969,1366.936
55505,101238.805
16813,4059.1943
126846,43605.82
103333,43322.85
64586,133987.78
122156,31516.35
50792,5900.759
67788,58549.66
112663,16367.417
22345,10657.963
87904,8530.026
6723,7469.633
111594,31911.615
146527,8805.808
98589,9816.234
2807,240670.36
63172,141560.7
138655,10178.741
135889,33237.406
62906,8296.53
53794,31946.865
56877,23584.09
700,88355.52
14482,4522.103
64162,62171.02
101797,2052.992
91547,3163.4224
74933,15572.002
140982,2183.1216
73586,7855.189
41028,121453.9
114688,11876.857
98551,42463.71
105012,23673.457
12885,28485.07
54903,27261.771
132925,60202.34
69505,42765.477
145281,1389.6932
79741,21063.715
101499,6497.536
86477,34615.55
47108,13356.338
47401,194059.05
89181,60306.016
84597,54208.035
133779,127924.87
18804,92161.66
63306,63211.887
37490,400623.66
122752,87618.08
116269,93693.5
117458,3293.4172
102748,35120.78
50759,34914.82
85164,9157.154
42334,25423.246
43581,54625.26
76080,6939.993
91066,105589.94
54186,70442.01
135818,75548.77
55036,110258.48
88705,4245.1006
33721,26987.855
32919,43609.137
43082,62989.695
3515,54948.27
124903,12349.222
29107,63533.336
114769,4091.8196
55418,105540.71
141901,7004.0986
53417,40507.11
70653,13750.005
42408,12071.644
86409,238274.38
68666,25240.559
124053,69189.58
27432,18086.547
12969,40187.92
69475,1825.0846
29662,94413.05
98255,42056.016
75997,5679.1587
76944,12009.395
80840,10095.416
134520,24798.227
145112,6051.9385
82733,134868.38
90653,25633.271
74765,58890.81
90381,2324.1775
109988,33345.547
8667,1730.8315
105784,34543.812
31147,5367.3857
105107,40186.008
67829,51885.652
78384,48625.047
140456,44024.305
4426,15950.934
120531,29632.85
58107,34668.117
140819,13549.789
144686,114452.07
135148,4852.9937
43354,30635.97
134368,59615.05
44413,10941.685
142553,7759.222
27511,6135.1934
50795,57956.97
30460,53716.832
3265,48058.438
129521,28237.83
117549,10143.558
73083,2207.0886
75265,32376.107
87697,14903.263
74258,11466.263
10990,8261.209
86814,10658.748
117301,12127.55
34256,8098.9688
92755,5868.6646
23584,9468.338
23698,296166.6
110600,48334.09
124539,5828.903
125132,13396.072
38487,9564.169
145708,57348.38
122424,12157.721
112318,4995.343
10771,2997.5386
41221,19432.484
34213,134612.67
63727,15532.259
26475,75623.39
15339,3514.7668
46003,21942.916
140065,33351.79
51327,13687.547
110664,32922.32
80988,42332.848
63083,3011.5747
125189,400960.28
98424,51974.03
57321,96662.93
57042,19486.887
11626,1161.7816
4669,23377.447
17510,5860.778
36393,11424.087
43404,3401.0166
16223,6770.3574
12542,21059.268
31965,6180.712
27321,16149.891
99512,164383.92
33658,44174.64
128683,28400.252
72024,43830.13
47960,8669.211
100777,8640.343
53364,32970.37
115430,171557.61
99519,25794.275
99015,2818.788
141911,77357.25
38993,14270.317
80512,5321.9893
118129,79293.734
71601,13772.23
78056,18574.277
82286,10891.445
94579,8190.5054
40602,29381.209
79104,12911.025
137428,9375.44
111914,26238.271
33733,11720.828
136705,705.4111
81376,12490.142
143538,14424.067
96790,9327.79
90061,15893.8125
81018,19384.955
117390,33569.51
84889,37366.84
14108,6854.2397
85241,22529.047
97811,19147.111
146575,126657.234
63476,5710.8438
4554,33736.805
21523,12716.2295
95765,19045.855
143966,9681.814
8037,23801.744
44946,9595.192
75020,9463.052
2776,78303.76
39877,9470.588
26844,21588.082
42823,7983.3564
28842,3750.85
144702,11297.928
145353,561220.1
135189,59475.68
103152,23859.814
142825,126113.37
103156,18682.818
20231,15593.852
143447,6065.7534
51229,4762.2437
71434,5365.329
98494,115045.58
115729,4041.2573
83008,41590.953
59701,28460.406
90307,6068.667
18554,2053.319
62475,14111.221
79360,17386.258
147197,59942.246
67184,2468.739
16401,12667.595
132427,20013.037
126834,231299.92
76229,55618.992
7728,26914.875
90493,54646.28
58553,80188.56
39590,15926.295
146126,57535.375
58687,8442.475
24569,10821.659
88520,100916.79
100051,18038.248
55813,120087.984
13721,107813.23
22042,18832.518
64681,18930.848
73001,39501.938
110723,73942.69
1674,62254.52
49161,5308.296
12330,52380.15
5439,10968.346
112345,76164.305
71562,214175.12
46776,21853.207
74630,128610.555
96690,7834.8726
98659,136822.98
114025,204351.16
117683,12360.662
130577,14550.121
26616,21976.53
131957,76131.07
136072,52893.05
139166,1635.1685
69978,24356.004
27219,34490.17
38083,3210.2793
11915,22124.898
51580,96423.875
1874,13740.402
81203,22787.023
23033,11070.841
30790,6206.2017
127722,18304.695
48726,125429.57
84268,63877.56
10532,6085.18
87680,134747.92
98532,1706.0393
139053,955.613
30082,5901.2485
65880,38738.91
74897,86174.375
84491,1470.9702
136134,8082.597
41734,61967.844
101806,6153.1787
63966,7597.7744
5799,9266.795
124433,4512.699
39711,126210.56
132403,7774.1865
9580,85572.82
22581,15127.45
19742,86493.305
144109,42206.133
61612,8995.258
98692,40204.582
9629,121496.13
148902,17779.395
43475,41575.77
93132,43015.777
112994,5878.049
115197,47274.297
11805,4219.009
547,50713.168
597,24328.559
59116,12551.722
121361,15805.658
98649,6974.5776
75089,12663.071
100093,15261.556
16968,3287.4355
118866,1810.2122
8089,7165.379
63525,17222.832
45903,17017.95
45181,18841.91
96548,49388.13
62879,21988.26
1295,28803.021
117340,221470.02
46028,6252.2153
137106,16692.096
83185,13876.873
130880,81848.15
2671,273620.97
67374,19239.998
90783,70556.914
94979,1888.2637
48563,243448.16
8831,9057.866
130802,62336.17
106765,75441.805
138812,8121.1763
100,18002.186
15764,13432.212
68280,19957.193
134237,29201.717
135329,38799.203
4647,16738.582
4047,9110.536
134610,32872.168
44535,14479.283
29240,22398.74
114324,1449.1251
110682,32392.906
120421,5482.453
139124,9650.645
106438,69968.39
95750,19865.465
50683,4711.201
46228,3401.7107
131241,97415.87
47518,12981.351
6849,10339.215
113322,5005.463
17579,81989.59
118421,9051.407
50769,9212.857
15984,42541.38
111084,5354.002
44058,70604.61
114605,93446.8
104429,86048.68
67590,24539.842
74390,11688.933
1144,10940.019
3079,14751.3
141017,9969.924
144602,21446.918
48498,11358.976
33478,19635.834
82769,3818.7068
115613,65857.58
40145,11918.77
136568,29717.123
47545,39734.88
20975,46110.23
88082,58191.637
43636,7696.637
96798,5166.0986
90586,29210.396
79170,32699.71
83172,2980.1758
38853,13213.139
50854,18279.188
22641,6775.287
97062,6316.086
139271,11491.502
90200,17882.865
66810,59330.78
133713,23735.945
122736,17595.451
32240,128883.34
58437,5493.689
47795,7756.815
37504,119509.31
41959,7926.8765
61693,56983.16
30533,26627.887
20262,298216.66
7482,2825.44
99286,21212.803
42372,71749.9
26118,30553.484
132857,45996.28
54361,54829.9
102210,3945.6365
89506,40791.855
97863,80960.73
4592,51147.754
42838,1319.7441
67941,4254.4634
133543,10178.464
99091,93926.31
63143,49110.04
119684,76974.5
131017,19774.623
56614,20629.664
128010,5337.3228
17185,2891.942
102097,44066.25
86894,27552.443
144032,2758.6655
13945,11609.559
71614,2806.4856
40043,6341.0444
68747,4820.1816
62671,53259.207
5345,17025.023
1949,22957.85
113655,56587.4
3854,6806.891
79963,33668.832
73262,6279.153
59749,3085.5854
139554,5022.137
119670,11082.189
116144,14633.669
4664,50076.12
94433,25499.1
96342,12033.256
92734,34930.64
31212,5992.455
59429,1601.1859
49596,110866.51
112119,16046.022
100835,109563.79
103202,34621.72
142250,18264.059
54322,14216.412
51436,8787.299
20107,59915.258
21847,19282.115
143648,9433.205
102730,12047.878
37461,13615.301
1141,5350.4062
101094,33331.95
48001,8144.571
48543,29825.24
27291,1343.9469
44037,18217.625
130925,42711.047
39165,109227.836
31829,9249.907
144867,6296.866
131118,82114.18
142074,33924.16
40611,93699.39
6360,9562.874
107862,44422.42
54161,5161.851
132079,63159.99
69942,8887.698
72012,45392.72
127864,47374.777
84012,76804.46
25307,15654.528
39232,10590.982
141108,12103.252
54002,44476.656
72677,11055.967
105128,62864.355
40444,63516.37
125683,24656.8
69592,31647.117
97670,202528.11
142284,7730.049
20775,3897.415
106842,9679.123
32688,20551.951
68741,112374.59
44823,11652.912
68096,85585.1
12028,37643.402
71543,64084.78
142819,181762.45
76168,20572.865
65074,5120.105
26519,8913.154
85125,123976.84
36005,6100.711
144125,6358.053
130493,23177.062
95360,107104.18
34934,59590.434
87563,27133.021
110634,1844.1381
10037,57549.047
46876,11923.062
109904,8731.088
58951,20903.156
33165,48131.02
139097,21420.836
106166,46851.098
47516,52247.254
134809,30332.518
128390,1868.9492
102578,57829.598
142171,13602.17
47968,35185.715
101941,11134.674
42210,19776.896
3674,12056.75
1323,16571.729
10900,105273.48
50798,31457.232
115032,122428.11
34365,1003.1343
137280,14902.251
27136,800.6923
21327,16434.463
39382,14971.958
35957,56230.46
51038,8290.279
93325,9591.788
143575,1554.4713
87310,47527.24
86169,18070.959
74004,10998.797
30016,9650.085
69914,9839.43
19208,15413.167
29722,6920.2363
38037,3485.9111
112842,36088.14
128785,3495.1887
104121,9537.152
28372,20292.494
93014,16929.322
32932,53441.387
67061,18153.105
81334,91926.1
12511,48811.71
49279,11137.719
71027,3446.189
26480,27940.719
21361,17788.805
3580,9662.223
120789,10584.517
125817,10874.615
73210,9935.973
44055,105809.73
144395,4516.342
143236,12675.996
143864,103265.95
102631,6996.598
8824,4334.8535
115097,160493.45
120109,28658.855
77078,29016.398
118451,150763.2
93584,20938.14
46891,78636.9
149783,88564.88
56559,1329.5057
146720,6835.4233
110843,5151.979
97568,22347.906
13453,6941.205
16204,2622.417
136765,9988.424
60042,108158.305
44158,16277.693
81769,24264.99
1193,2333.6501
131817,55450.098
76632,5548.3887
41006,117536.92
148792,10750.673
35146,45904.28
120517,66001.92
68698,78842.02
12806,13063.29
8371,6779.9746
96442,2826.222
133984,42594.605
139393,99327.375
108130,19583.674
9939,46668.312
70092,17394.209
22043,17880.13
139311,11835.897
58392,84063.71
21832,12821.427
106121,374756.0
54796,25394.65
85070,11452.99
31753,14588.647
146768,41695.812
16634,25101.697
7946,43746.73
12854,12060.855
76951,58573.652
68477,7053.184
116216,84725.84
69249,23389.97
97317,24305.713
58580,29634.988
19440,17038.713
36754,9343.616
26066,15886.945
69228,12902.323
103300,26856.258
18257,9007.852
36837,2841.972
109301,49014.2
11795,136095.4
119214,34176.043
13897,36462.996
131886,61665.875
84795,6025.05
132699,70699.836
142162,125521.29
72170,18500.502
121296,1190.9722
70746,-270.97147
40073,86045.22
81034,36567.85
61444,32804.938
121225,39267.902
115769,10917.405
62058,19378.61
36640,22056.66
6076,29347.725
101150,4553.1646
13823,22358.996
89726,3947.246
149988,55994.195
62603,12155.125
134482,60702.254
88930,38187.41
99986,12876.261
68563,9969.111
10577,90218.0
77845,17848.936
145737,19620.715
136976,45847.395
126243,114441.44
42549,52591.44
935,3487.2166
315,133202.77
115437,11269.961
16111,7395.7793
109724,58506.72
13361,9402.909
75329,2953.4805
9592,54124.113
63753,4999.0923
102141,56101.812
21490,15129.599
120475,60668.215
131840,11238.524
31348,4686.507
58672,9521.607
89034,66673.18
21150,3257.567
101879,49227.07
52942,28508.047
85352,87118.555
79119,26855.605
64294,58243.2
62436,118025.82
3038,987.37213
93472,60726.934
126088,5086.2725
123467,15935.461
35247,202211.83
55861,36491.695
119973,52319.242
72551,55675.234
134151,16381.777
149263,6901.8467
32252,35332.188
10110,3938.3567
23769,153214.33
110179,51507.086
106757,27207.232
60262,22983.635
44909,179783.33
34706,11850.616
111815,2962.576
41646,7888.281
106575,20652.162
52812,9271.261
56397,69661.78
138272,15150.963
43865,81494.93
122931,79185.11
88349,18810.668
82009,29715.197
99540,21405.12
31920,59674.637
24702,19491.01
141719,33539.168
138673,8807.978
34863,9133.472
33168,85041.67
70341,10133.48
90261,8572.737
24507,5582.033
49788,10391.443
17214,64065.156
32059,77489.81
53153,57445.305
37911,126482.98
131298,1304.0997
54966,42154.19
92425,24253.273
134625,17173.926
144814,11987.414
64479,19250.07
40278,53756.75
140792,7309.8574
41306,5253.9526
19741,49178.87
15576,1234.6317
11057,49456.92
113260,15563.027
63879,5216.4683
51474,10180.832
128285,25107.605
92732,74164.664
90500,26850.367
100717,746.8405
115676,63879.887
142344,94471.75
115880,57261.953
16152,48985.242
50758,7491.7573
8715,7045.562
36657,104389.305
527,34701.34
98501,20301.184
86080,7896.656
47250,13789.621
88413,19418.66
143284,3774.9387
9462,57504.023
27985,21136.889
6510,78231.61
30623,39351.254
47655,92525.5
102536,2945.1375
13568,28440.598
492,28854.307
149192,6875.4854
72716,115079.71
124745,51537.996
5323,44412.074
82109,26964.58
84399,19921.219
36665,24417.225
6703,61224.945
109210,72808.9
62691,37529.75
14810,60978.41
4413,91426.06
109872,40869.562
90032,11848.29
136402,6509.2783
34954,6297.1836
88244,47163.55
126150,57421.066
20162,6152.0454
149169,17747.27
34964,44608.215
14712,24437.67
128840,7736.4385
66148,15544.01
146786,21228.262
136248,40073.895
145158,16805.375
108155,24654.898
144882,30463.104
77086,11564.668
88824,52173.176
46309,118171.14
128515,2020.0808
19155,3167.8008
43367,12109.351
40236,15395.529
55600,6852.137
63919,116571.96
49432,698.98334
143096,13366.22
12730,36578.574
6643,8389.912
118100,59654.406
103534,23344.975
132734,15723.997
105220,115341.47
139812,38142.547
113777,28869.951
77392,77276.04
80150,11066.243
148239,6866.349
125941,109506.52
109532,35747.887
92190,35550.402
6766,36600.758
83550,91597.734
61456,26067.154
4174,11998.754
31058,74009.94
50535,41816.605
127959,9480.2
31335,28434.236
84856,19583.543
62367,69615.2
49370,17823.13
148654,36072.54
116354,71209.22
97892,18796.809
137118,26563.145
33305,270459.8
94868,8981.017
63703,5562.7334
73434,5956.6074
10461,5775.215
44265,59345.8
91722,23941.922
34738,338291.56
99978,75286.086
120455,25391.531
94543,84839.555
23827,41544.664
64590,73793.08
62018,40625.68
17525,7460.206
48975,8170.9165
135598,17402.469
148933,7655.5933
104531,73782.33
91652,98018.32
138247,19798.812
22930,12958.449
48326,84487.69
58632,9703.106
105264,12764.128
131792,29183.635
1214,14602.505
24253,2091.387
24894,3712.4468
23593,19174.637
100247,10563.989
70739,17701.328
67642,215099.14
14892,25412.922
41320,7416.0645
72038,162700.17
68068,43539.133
21734,13622.359
99101,11549.633
71732,6692.5303
69345,98189.04
86614,39744.07
89068,137893.34
106512,16658.97
132110,21464.975
7175,131.73781
142215,12348.776
16771,683.6771
112373,11067.988
76371,83309.3
2435,7257.018
132848,6157.0728
144387,13368.796
10866,14834.302
100968,67412.836
33817,14674.634
2994,10978.378
75260,3993.0464
127625,15520.576
95835,17714.193
68479,26271.7
119041,2560.6594
126525,18315.428
28167,17427.434
18456,37065.098
147771,7859.9517
141886,91398.77
84327,13049.104
15358,22044.766
111255,112893.75
24291,53344.215
28998,20993.92
73386,39882.58
23892,13140.381
90310,17327.37
126273,9837.978
122665,2308.8948
126252,9781.546
130604,33487.133
106474,166225.06
115227,26608.43
66245,15008.469
42528,42137.254
39761,1319.7319
49637,1423.0444
75426,27937.223
92281,45391.4
94581,70252.336
144600,8834.74
80305,68308.39
73433,6703.846
104444,9938.684
15202,84882.41
68821,16024.826
379,162910.2
142603,14600.987
3313,5803.0356
126769,4737.5166
136063,24051.178
44164,5610.1416
62713,17576.287
85310,14684.508
40960,49566.016
113272,4016.2249
114892,17680.229
27129,51938.625
23481,22475.09
19603,37480.848
78866,2861.3809
34801,23809.244
6814,40182.785
8904,12903.835
10093,77962.766
72698,31951.654
49708,33757.6
118283,137181.83
137593,154814.53
54491,25961.04
29882,13411.393
59889,22857.332
89867,65838.805
51160,108433.88
13062,168124.0
48892,12827.729
67873,3031.1611
95064,95200.97
34776,6816.096
39199,27269.695
139470,5972.098
102819,20627.596
53844,16475.768
68393,196567.75
114754,13396.323
25143,33012.105
62125,7735.124
72254,5972.1655
58990,7297.307
121083,42717.008
46385,128182.84
6045,20177.312
9362,58890.0
77569,23510.436
28338,835.39197
48644,18747.318
140476,89647.63
131950,59800.246
74344,23222.838
21225,6150.5645
86924,6632.8477
64671,8942.669
6842,37596.203
82996,59148.55
117937,5105.2314
141970,5628.9976
70235,67044.414
133073,15181.327
99896,25281.43
10824,17418.367
131937,16474.682
64727,36417.996
65788,9835.844
95907,4807.2134
33043,11840.426
51739,23442.223
38528,146608.83
135555,45085.266
51270,27777.6
138106,21029.299
134776,9558.605
124005,112921.7
8112,30768.426
126903,80815.01
36257,5305.3564
5510,50219.99
32861,9149.89
95289,94828.836
27119,3761.1611
29676,7146.3345
146115,133330.25
102577,9317.087
88501,3093.413
53243,3252.2988
23825,13680.196
138161,74782.125
3403,5193.5957
15037,60612.848
149393,17696.098
5300,33407.1
125937,7685.808
36715,34840.953
135160,5479.519
36759,5971.0435
23251,21778.13
147500,24983.348
7470,13509.857
36379,120698.07
143317,16470.814
93554,5684.973
79817,70733.59
39345,49968.043
58756,7463.564
116174,208461.62
66678,7779.7607
121820,40911.395
124377,17625.398
136721,54691.453
62998,687.0144
6291,27227.887
31206,6786.352
183,36578.227
86961,111289.45
80241,24477.455
122550,21804.592
105660,19085.451
104717,37015.543
38023,251713.95
92791,15859.903
78370,134809.39
145156,4117.6597
24585,33604.027
127848,49347.566
119235,4011.7534
48378,1617.6091
58933,33412.242
9480,97993.766
56193,55657.348
122006,11359.45
110662,160831.1
7181,76504.55
109792,149225.52
36654,12350.874
126931,91325.49
65593,93643.195
116950,9094.854
126707,58455.684
67480,14387.811
24461,33161.79
73985,67017.016
109810,96815.05
126368,2142.879
109676,47465.035
111233,9340.314
12208,24788.11
28334,17843.064
30127,30099.066
107728,32404.826
435,435064.3
56157,108172.41
15738,4873.379
88559,51449.754
120342,9940.854
88087,5286.5786
4603,24709.828
139569,215209.83
41827,6481.78
89756,6535.551
51310,60406.844
48597,34468.785
103305,8491.763
3334,28508.822
22074,38343.902
2733,11294.871
99396,11442.7705
99987,38493.094
132910,46931.87
82110,24570.984
141725,50684.06
23699,7954.9785
149208,16183.988
94862,35896.227
124309,6267.882
102925,41092.42
139094,1484.3077
53347,16132.868
57816,46086.234
66170,118767.68
57366,31519.18
59911,53864.74
113764,3787.9685
55291,101160.11
3611,71379.21
137708,2765.3552
116336,9030.542
31848,14035.061
110467,18769.934
38780,37943.207
71475,6378.097
52760,22702.81
34068,24538.24
137520,117879.03
39994,82862.04
10680,69088.98
124553,21945.102
71173,27895.496
67229,18803.611
100664,8124.448
71989,25895.951
71179,102230.79
47661,19243.842
130660,9337.106
58116,19011.787
29944,66777.88
139954,2900.6187
90673,31639.158
76005,23545.15
2058,28946.629
48051,24456.836
108850,8038.4697
68784,38589.176
53005,2792.0203
17853,56143.223
6699,5809.2935
62574,21928.96
89502,23015.979
144346,38016.664
102228,19053.037
105019,9653.963
86648,15726.83
109800,17997.387
114387,32307.584
21952,34606.703
88465,41575.766
21998,30112.117
65592,25823.643
87666,3511.3044
56422,14541.308
28923,12688.262
130051,6418.1743
132939,16459.98
25926,10870.017
64490,87323.87
38688,33636.113
62944,7539.664
65110,22081.355
42963,1942.2465
79223,24029.074
24531,45980.492
46029,52990.277
56415,18389.309
22005,6098.7314
137240,9734.043
89635,21828.791
131752,32349.5
54269,11261.484
52721,43318.684
4380,77408.35
70835,15504.069
25643,36537.79
13449,14520.025
40704,6157.787
149562,2117.4167
139247,115421.97
87996,54602.2
374,47309.45
13924,2385.7288
28948,10345.666
75803,40052.07
28160,78623.11
37363,4440.5005
119043,105924.15
24912,4292.059
88883,7286.5073
149494,5274.695
118296,27121.652
96142,85909.375
19462,25710.889
143206,12270.762
137290,15137.845
18615,55321.883
72406,48780.902
29487,9385.306
50501,52849.52
72763,27523.13
87879,11254.024
118506,71716.055
48150,51021.5
138911,2669.1055
65531,30352.34
118991,3366.048
8193,36779.01
82431,10164.978
63469,30287.592
28124,16188.296
50158,7368.752
47094,105423.9
57252,26333.5
28893,9060.078
80234,34340.43
106977,2161.1677
15557,11956.825
109693,8119.6753
25468,167435.52
62479,36245.77
109722,6645.524
68809,12153.518
128357,25110.426
36293,21498.459
55016,6526.9004
81781,7922.356
70164,7338.5796
16672,23522.71
11449,8281.527
112419,66213.055
67270,58644.98
135739,8731.42
145587,57126.332
78515,74045.484
145827,124131.47
127961,8170.48
109032,204047.81
97614,2827.9907
33392,28981.15
122234,31309.799
54876,47789.54
50392,11090.93
21873,10695.305
26040,23912.41
102043,1658.3363
62341,115741.945
128260,56101.63
37373,102046.65
121368,18471.406
123049,83927.234
5116,5288.1245
53992,36500.742
91556,13046.279
95265,3102.789
55014,4488.127
109911,4301.8945
28804,12478.901
140437,2464.3726
102973,49561.418
41998,24776.104
36093,10677.138
89661,27192.111
96521,7579.745
147438,8199.708
73757,13683.633
119000,4295.511
117906,41666.793
142666,43402.984
62362,27757.172
22853,11865.3
116395,5570.115
12594,7313.336
94468,96446.02
122519,42664.195
110312,72413.52
10641,141705.19
53036,73841.95
60142,9395.368
71920,6743.035
78308,65662.8
36465,34376.777
50188,39845.566
107585,15648.766
70745,32233.324
101069,9933.104
18724,34081.25
19004,23492.049
29366,20457.752
145406,10675.597
20812,20062.822
111080,109147.56
120526,45409.938
52368,13954.707
42202,64541.406
61684,68161.95
9851,203568.2
92228,20315.752
40393,30376.643
4749,220825.2
143781,15231.233
86436,56669.26
104692,6197.362
118293,3856.0938
136374,10144.384
77676,38815.094
70459,8964.181
24302,67291.97
111206,39296.58
131439,19766.8
66580,82515.914
54476,145320.7
120214,15567.458
49714,7225.9004
57882,59782.266
25222,5396.54
99564,6828.336
84259,12649.531
2775,18049.209
87757,17840.387
118053,37473.89
129052,9501.599
59630,155446.0
143405,9110.967
118140,40597.645
115697,13160.892
135146,36459.074
48712,4573.8745
137356,11247.975
88842,9665.239
56845,24829.652
65422,67888.805
55263,5094.1807
33154,28009.477
113949,15712.264
129667,9904.841
66625,6441.0737
116540,173962.97
31129,36085.426
71947,35604.81
126830,57455.223
77084,8154.639
89430,24935.76
134657,12766.571
44892,23142.295
57675,6451.022
3218,9790.59
109578,22953.525
126351,23961.26
128909,1480.4326
61561,55878.965
5750,6435.125
67830,7587.0244
55142,31745.83
77257,84233.46
136385,1634.0673
56446,8777.838
142234,13494.962
23666,87213.1
103898,9196.096
46420,188577.03
34253,85588.55
101823,9724.553
34095,39163.36
49040,39000.168
145919,42703.004
141613,89092.03
84478,5306.719
75994,34568.582
16189,32182.51
122940,101767.24
45902,14256.248
115833,55500.27
37923,120160.95
50975,6256.3774
107806,9202.301
64543,40483.656
127836,45986.562
147894,4087.844
76413,5492.9336
82128,46318.754
49424,2127.8147
96395,19279.162
86969,142035.81
77449,7659.12
92269,50973.93
28575,52705.793
91958,47187.387
114445,33445.152
145464,74869.88
105780,46776.234
37327,142283.12
23380,22903.824
133884,10108.235
58725,5525.8535
119201,56109.066
132429,75110.65
142306,24270.738
16639,3331.5637
93373,71524.59
45433,26503.85
74306,88363.82
43202,58535.926
144358,14810.519
52817,17687.879
90521,21083.184
8044,3008.5696
95718,17148.479
118196,28787.852
45960,17554.977
38946,5904.0654
138257,2721.2678
58808,5202.5254
56210,80132.62
112048,67834.27
87860,30513.41
67073,23570.719
36760,16697.574
72384,13425.712
17026,46846.76
74412,56220.11
22522,41224.258
61436,17612.467
129972,88158.62
114397,30037.484
42991,5298.8374
69038,12606.581
38934,12186.162
40418,7738.753
136004,98946.34
65300,80162.37
136319,8109.0254
115086,26938.445
133892,172566.25
82740,5218.531
116566,13392.609
125119,12693.014
59809,199829.95
62188,11455.657
60659,77745.055
128009,16912.42
38289,38091.69
4139,31650.297
74310,33472.4
75012,7274.891
78682,4221.7344
85155,12281.657
136069,81179.445
2217,7191.8027
116005,3064.7808
124672,9523.173
84898,10288.959
11839,10603.139
75045,14342.461
133357,70920.11
42181,119372.984
17954,22987.865
76189,36862.477
18220,10744.863
44614,53387.668
103490,33006.844
123021,4897.876
34470,29900.123
92559,16930.893
10880,104750.38
75065,18724.572
7043,21462.863
105724,70936.65
5902,12596.982
149340,9840.705
36346,66096.23
75611,4973.5015
88331,20641.498
85628,22352.69
126091,49020.465
44298,48810.887
9324,88795.99
123164,5825.6343
17490,12136.155
35229,3569.1135
139168,22724.06
87193,17452.8
100997,2477.912
48510,9024.842
92296,21774.357
19976,7929.2905
79808,75849.35
20668,107593.266
57374,43944.332
119461,7878.0317
106086,14855.238
139862,6329.083
139317,100572.68
84387,27621.309
66664,85961.34
128513,46104.062
137441,11021.389
75071,114872.0
149371,13671.418
58007,5967.2476
118223,52054.266
12340,280505.53
142253,44202.51
137415,6794.6313
47962,16663.645
898,20128.88
149187,3443.533
31237,7901.6396
33752,4727.3203
112398,40708.74
110834,38240.168
16983,56630.9
2611,20200.764
92869,21625.988
124187,521456.12
37022,12001.262
16936,16536.764
504,37446.01
96654,13798.913
13580,25205.367
71358,9597.209
445,25045.502
23302,85083.21
110027,69480.445
126696,40707.605
117321,10206.419
117168,8679.368
121451,367261.88
147588,56545.215
70974,96118.26
83925,9292.559
148512,7879.3677
15210,27173.031
8035,30514.506
146295,27298.088
29458,4837.942
14293,63897.26
120515,2905.8452
135061,16872.066
74943,4252.0034
59725,45714.13
60643,42921.426
54938,82076.24
2432,145537.94
147049,17939.695
84849,9986.629
125445,21959.453
17295,2200.6296
101225,27883.55
44468,9983.707
32064,106402.83
100812,43741.863
90141,7962.8765
20139,4356.334
1401,103927.42
88860,46348.387
119541,6727.424
92217,10492.986
78613,129057.36
116796,10378.098
65797,5164.694
1976,39376.227
52398,7292.1323
20157,64148.52
78642,74768.445
33012,112850.375
90527,18349.06
86561,18986.867
84801,10754.859
115045,46429.43
114991,60473.598
129220,61780.426
20830,75267.734
149420,17482.562
87235,15414.323
110064,48203.99
42614,10979.061
69131,99222.28
88762,12334.916
65809,17672.4
30498,52251.33
83999,9655.727
112060,26285.473
128828,120127.29
148701,26241.303
65407,6095.262
71427,88431.414
137545,49760.965
1371,8812.063
92374,90507.88
73910,177434.55
69918,21174.258
112344,111732.83
50607,63962.164
116015,31421.3
6702,21671.977
3054,13587.956
17134,25711.895
125952,14416.003
20833,11026.349
103604,6247.8423
101198,14103.694
137414,38990.39
78265,6229.057
33413,2199.1099
126897,24119.5
18605,5499.973
29504,69485.055
18982,1753.5436
44778,17613.578
70805,8069.345
79032,2962.6663
15599,56799.816
134916,44669.047
33744,7231.837
97471,31393.072
127984,14330.608
128926,77303.6
99125,1698.9857
140748,127281.33
63379,17414.271
101451,6261.258
14551,12709.469
47450,97589.586
11485,77552.84
55321,59719.535
81531,9379.399
63300,204187.9
71852,18385.02
23044,109273.4
89375,9080.669
50301,11910.699
34858,134189.6
71461,71203.28
119488,4954.424
139712,7591.821
143049,21502.033
1860,72321.83
123757,26835.31
87603,12229.567
38099,11248.964
71436,145575.73
131586,31093.908
85331,55932.254
19016,41509.227
145502,34101.836
76608,39675.098
59147,2849.3628
70112,55945.43
52341,16957.4
36421,12545.987
14511,13206.822
123061,24833.633
116996,102477.01
93485,154506.25
118893,22305.227
64703,69659.484
103367,37614.688
147441,19589.035
83494,123576.914
108799,2833.4048
144208,7207.1772
10815,8897.353
127542,94878.66
125239,39159.87
71212,4385.2344
47011,5193.611
98861,7245.9937
42534,12371.233
36741,72220.95
67705,36997.82
111009,39906.41
107503,24209.043
19990,90966.07
90100,42891.902
7865,18652.066
114486,142045.47
76843,4754.998
132629,119823.914
147460,8306.524
98133,8282.208
121021,23958.77
19938,38505.703
110586,17044.475
17011,27170.84
48660,28907.102
92257,12541.754
23515,6121.4463
26439,14465.383
14811,6771.353
75531,5564.9595
57046,3117.7834
107562,32970.715
119281,5310.1914
100418,76009.45
116772,3660.5706
32140,140702.6
45214,40588.133
49402,67456.63
54165,12902.441
141891,11363.041
36867,20102.387
92340,68539.25
48911,77471.28
19175,20056.178
144381,6339.6455
9829,28776.021
30519,6837.4014
50996,5927.828
35355,-3565.0662
50045,9416.012
117036,2995.7383
39295,30767.635
13122,51465.95
41197,75452.17
26207,17834.926
125690,21860.867
89823,21381.254
115892,44502.496
59595,5537.507
124168,68452.58
50702,78223.1
92504,28261.62
10372,28859.994
59702,11990.621
49630,42957.61
138421,5741.162
130494,5261.4106
87024,23002.12
96516,142146.0
30064,17185.49
53270,12827.799
143659,23063.238
59059,68426.48
13038,14266.384
33504,7002.4946
82018,32997.28
20591,1587.366
46498,23278.342
86830,69930.76
93725,8135.132
73862,72321.36
86180,104464.586
2420,7441.599
136482,23209.896
108461,5817.6064
2956,7266.1914
18883,26061.229
102023,4817.4937
4789,45242.81
107402,49389.832
20002,20691.172
106875,23486.125
132616,151886.31
8773,113302.27
88026,23303.906
62162,4158.884
6270,13350.804
30518,11791.348
95754,5455.041
100091,21598.691
70193,18653.611
38410,8525.843
75378,5095.9087
107646,6481.1543
22631,82694.555
94417,1519.6759
143965,14621.329
93889,35227.344
86489,8287.324
144986,16193.663
6561,31037.076
113724,26905.277
61091,1317.4292
54518,16242.834
103496,3863.2744
126702,9502.018
90924,51502.5
11834,4192.4453
40314,60987.766
29877,51294.24
116926,148604.5
12762,19242.21
40979,22293.379
73860,1042.8153
36747,19593.064
127,85456.23
4520,92636.28
82056,111474.38
108571,2924.1707
13368,116147.95
78067,1074.6027
140922,8792.406
23404,6086.459
78264,9956.105
2546,10029.217
41061,56679.695
123151,26524.555
141256,31360.424
49403,103581.87
135691,13256.715
106775,15754.495
31385,14829.991
70646,87443.95
77533,6762.9307
120174,21267.514
60473,4311.992
60384,8688.764
90272,8202.043
121695,15349.398
30615,23241.598
121790,32652.441
92799,5345.865
113642,102615.15
106664,17899.938
71391,40906.324
63980,25800.049
111317,83659.59
50457,16302.598
40360,24208.51
79240,59383.793
79697,203199.27
144679,80820.016
42059,183368.75
27764,75124.98
58570,14816.949
16137,446627.3
85962,37815.684
47656,34386.05
12873,259502.11
117733,3324.1067
15574,23359.092
55176,40403.04
144966,45720.477
64638,6853.0967
106264,180088.31
52046,72087.85
45495,3554.9895
128950,122719.56
98573,73573.23
14554,100188.99
39270,54901.777
73237,17205.006
99713,68845.45
75013,5131.427
108354,321495.28
122659,32705.31
60809,4442.224
114272,55327.17
127989,866.1668
149806,5188.281
27801,51849.72
10353,7313.43
76175,105721.484
48688,15547.682
97888,142590.48
22257,49146.46
128458,57527.54
143671,38990.664
17901,14092.218
89920,54159.0
36082,5911.13
57737,6441.5684
47066,5988.0205
62599,27519.287
34959,116433.93
29002,7901.6167
70624,7454.776
37983,2490.7246
40369,37438.855
53256,2296.6345
96460,8925.453
80578,32201.73
72099,4972.911
124795,34790.84
100792,5421.7886
109129,15131.767
11529,9863.567
82789,28124.164
90019,95272.54
135552,19906.436
21007,59205.195
135746,29046.873
148563,72372.87
137747,30970.037
35398,17061.188
326,17384.02
58045,86330.55
18743,13075.503
44394,4089.786
124395,5746.5356
104399,777.0219
146382,39687.723
65658,1100.001
127681,11741.859
86860,20336.725
148697,9679.185
137020,15091.958
68978,18052.02
40920,121238.95
43782,5563.473
135728,18818.291
110863,4004.9717
17175,82055.336
97726,45561.715
81025,30418.201
74829,29081.98
63621,118509.09
16566,15035.736
102122,59486.22
41730,21659.734
52419,29907.355
62421,60361.55
41472,73240.57
78998,17291.807
28836,18145.201
146428,136993.06
8609,55938.285
107107,6264.9424
102076,29898.844
8187,14216.165
23548,16381.079
83530,60613.02
45116,8765.406
96885,21633.605
58294,12237.472
148261,18610.355
35916,124710.76
77994,5976.788
65622,25620.863
78163,8440.869
11992,16452.945
109965,33658.965
147396,319297.25
51314,7824.798
235,87570.24
12284,105361.84
79679,27729.775
86623,8796.1875
121404,87716.11
53096,54812.082
99778,2892.4465
77550,15.728343
54327,7189.343
132480,68827.07
12562,47387.688
139744,66087.82
140747,11786.9375
36828,450091.5
7570,79296.805
120934,10601.471
141735,37794.04
32008,27160.576
107507,33879.47
133505,3593.3489
3808,20774.262
91487,30425.691
120938,34208.105
23897,85524.38
45560,145996.52
106272,18866.734
5985,4003.674
133175,2273.5557
144839,2325.389
21097,7200.358
12856,27632.293
102068,21379.375
32206,3730.6467
105917,4306.3896
64915,61154.586
15934,3251.0645
62838,154616.72
87158,10411.109
132897,4859.4414
33736,86662.57
46060,23501.871
105416,8849.094
45848,73027.68
67222,44852.547
41553,7973.8438
24913,12878.676
13226,10735.758
15813,158738.12
73232,3128.642
53945,11355.112
117653,4249.068
89357,44431.176
136258,22971.182
136188,38360.613
8334,11684.885
65528,158144.31
97640,48014.47
137112,8923.965
14863,34958.535
139556,7880.8374
135265,11022.049
27566,22911.227
89158,5768.5605
16118,41645.793
45327,78561.42
137803,21959.113
94663,17890.242
65876,43893.305
92634,21880.828
46679,16016.232
126536,24348.162
115315,73673.94
5986,9803.627
95414,32915.67
86761,30014.854
121070,5170.6978
8909,39816.535
55664,19084.025
60772,12850.315
31311,47840.723
96985,7354.503
71024,150874.61
98332,108289.84
4511,45173.18
86934,102756.0
101173,13692.478
86465,15711.635
40246,146477.36
141833,19505.799
29497,10487.505
54471,19473.928
149391,32620.96
142166,6495.5654
144029,8969.035
139723,38758.992
88245,21342.984
149081,48227.812
137104,47685.727
127771,27373.902
129335,6992.7036
110620,80502.7
78870,74538.55
45954,42046.973
68937,21673.582
87711,24420.842
45883,29334.932
58157,188967.44
111611,7753.317
21434,3343.9114
229,23301.443
3916,123883.41
106928,10165.104
121295,18138.486
112947,3328.014
127213,6743.402
59925,12932.126
89950,118380.81
141155,19662.72
44427,26890.486
145201,43426.08
72467,17222.496
6353,17129.467
9952,41164.56
113038,95301.39
113544,12598.614
5234,46598.56
54176,81157.664
105964,5632.7144
126192,13940.717
144454,36504.74
27620,16480.916
146039,16942.322
74976,5591.106
90967,35149.074
58899,7562.882
48329,9493.401
93651,12233.301
100300,3025.5586
112539,16346.271
125414,51873.082
34977,2402.9382
35468,28159.71
62452,18810.97
144979,17282.645
134025,166548.89
74917,61258.0
135210,52222.098
61723,5453.6304
40975,7070.2124
110009,30530.562
53728,47278.742
88330,9676.72
145325,22784.674
127586,171275.89
80909,23834.768
117239,57977.28
35526,51506.008
145064,66866.8
110194,8521.557
125657,3824.601
147118,35931.332
140376,21412.928
134785,37772.098
94378,1459.7517
29514,9258.488
33897,51602.652
42133,6898.7656
461,10749.417
27924,167936.44
4968,25062.768
128286,138918.08
68582,34328.543
73463,128494.38
74569,188611.9
19630,16540.787
19602,35218.582
135020,11537.038
106748,3569.5469
141476,75116.64
19061,263809.38
105969,5010.394
37596,96016.19
87154,19805.396
88753,35185.35
95452,5330.056
81490,9770.523
89833,17024.404
110818,79217.73
140540,145932.83
98176,35322.215
90065,56701.465
75746,72620.2
27227,78036.62
9628,8939.011
100157,23013.52
62485,7923.983
38608,25667.18
29794,15872.843
100468,127557.48
83271,59130.3
93866,2583.4514
113011,31283.648
18757,4304.0576
6104,13447.965
14473,9298.123
73593,5936.359
79693,11521.685
36857,17287.611
133744,61910.34
71648,38948.44
64017,15826.675
3555,25205.277
3239,7621.9146
45109,53739.61
76838,25456.328
75055,62579.535
23847,83305.5
106868,3015.5293
144211,32185.44
80866,92555.01
71420,20928.744
28843,15451.888
72007,95602.63
116852,2798.1958
84859,14809.661
64230,46550.008
121953,72780.73
105849,7032.584
135414,27107.85
94040,198616.44
73367,6755.5205
72909,420028.84
75167,13741.594
39097,79919.19
132723,6191.6626
24464,33650.55
104743,2748.4348
75866,57180.996
54982,34861.19
86537,26222.234
57937,7558.3926
101085,10417.892
12090,50462.656
58013,31646.71
21509,5326.0615
72338,38926.46
75597,17813.83
81921,32719.248
55905,128148.83
22642,10638.254
29202,21746.99
106323,12458.843
5808,125598.58
79151,154464.52
20957,8764.509
54397,7481.6753
93948,13698.4375
42388,39524.277
121986,61679.527
144811,28284.389
76038,8155.264
29503,71077.6
105290,27126.541
67115,41460.21
59582,7142.35
23294,40869.73
86312,10501.35
80394,51564.863
80310,29584.812
122857,15221.654
85567,249974.95
4751,14392.207
96684,21349.764
45816,1306.2961
23846,10442.227
57580,13934.827
95849,1285.8905
29486,40871.72
120131,2247.7952
128576,5319.6904
74769,17707.709
104539,47488.81
19028,10790.566
35873,11800.004
106271,4090.3284
21988,60106.22
91699,106994.06
38428,3336.158
79040,48392.23
42413,24743.016
16502,61762.695
103619,104415.97
87736,32476.445
79401,11337.402
124092,36684.402
21724,55984.31
27860,12594.554
118332,6060.9365
8178,7151.5854
135407,13125.428
139420,137930.45
120498,255463.0
59346,1645.2743
33079,-449.07797
99122,142862.53
85457,126805.914
107978,39437.72
20404,33184.6
12756,5729.265
102192,7842.6562
115446,9636.791
122009,87974.27
127414,71496.25
65885,20579.379
100064,50827.3
16002,56915.523
103446,6485.7046
63365,44796.977
41634,33524.312
7887,72880.555
60053,8714.134
4828,27890.34
29908,5144.415
33767,45633.75
23652,23799.771
122106,9891.516
104313,26363.1
110260,32894.71
27980,12517.502
66137,96536.2
72607,24559.168
59150,28333.705
21080,3280.8604
27394,40798.203
136300,7417.0474
145381,68363.195
54253,8486.04
129924,87808.71
26803,3545.5364
57836,7641.1094
74979,65237.188
53047,26925.225
4278,11487.448
131158,85154.08
101433,3285.5276
28838,14007.259
129090,18395.217
85496,7634.6816
37,52098.336
103001,8663.99
136889,1528.1324
24946,69952.625
21938,6563.665
25837,21688.613
122050,41307.207
75369,5434.755
29554,4342.035
18196,8698.769
120822,11868.942
40147,9975.293
120970,9574.958
30038,65932.836
1587,40069.316
147238,12806.814
84077,98457.69
55298,13215.382
65891,8194.53
36504,44297.7
61201,25143.637
93946,6421.3335
130965,21264.021
18829,44863.855
19001,48384.13
26910,35574.07
21450,4648.399
35794,18815.074
77830,17610.66
66174,8191.8325
16116,11420.754
40054,21849.566
18617,70604.695
115155,3105.1934
44809,3748.129
56427,8267.823
58612,118346.49
92469,135117.48
56183,9213.84
43659,17008.98
8314,6984.4023
108441,18182.445
14118,5061.772
68043,419972.5
92152,39690.355
8260,1655.9738
124184,114367.08
103087,12552.863
49595,88134.586
842,99965.34
45811,7385.8115
134021,59517.836
115906,257739.05
132647,2962.502
25341,10601.347
105243,16210.254
123870,153629.25
49522,22108.938
38488,24409.08
37472,50445.65
130298,85130.7
75694,13350.226
127535,27096.033
1422,19418.375
15381,32565.54
98052,18120.326
72251,10578.097
27613,5264.3564
67968,98547.28
33573,26015.754
145870,59910.19
124096,3901.3125
78152,73061.88
79221,17207.064
106599,26733.12
16270,12701.388
1277,123011.64
133229,3494.4036
280,45236.203
43024,10965.7705
98940,26409.04
106592,52272.125
36174,28832.756
112130,26284.475
137030,22725.521
74470,8596.426
10890,41218.496
56335,11086.256
118879,40358.027
97383,18312.84
70422,19007.023
20416,3815.5881
15569,17817.092
53085,22384.979
40618,16252.129
146052,14154.316
5798,52970.215
147936,24305.219
88854,7013.275
103150,10769.03
37588,37341.645
18897,11135.8
25810,58600.777
13093,5359.222
64583,51197.902
75421,14718.325
74929,25536.271
57468,69196.86
64639,9318.855
51720,8190.1304
69969,59421.23
48681,264953.3
141184,210797.72
12908,88193.56
72566,85627.3
111807,40891.066
44078,6297.3633
68932,11622.987
75352,65538.96
33877,7072.1543
76532,36964.758
143161,179326.23
42197,120390.8
64343,45923.176
143193,95283.59
63012,5863.5845
19483,32108.582
106587,1709.3649
77496,34368.79
55798,7579.969
139078,14672.883
140882,17359.768
146598,1978.1681
119352,110878.19
101820,9544.08
114973,3562.442
57401,12594.668
47986,6297.673
128990,41561.363
43609,102299.21
29723,89613.945
37530,29900.797
5836,27087.305
67295,199856.42
42012,6309.721
15682,14204.648
67008,9539.103
11039,6304.647
75700,12360.976
74063,23358.555
63107,258202.69
47878,14736.466
36986,40145.246
49649,38069.35
18313,17618.44
105451,82874.97
71319,15565.107
65494,22738.717
114990,70148.24
2313,72874.19
50282,5794.808
91948,35180.992
31631,2860.1418
133683,33533.83
31394,25652.533
16977,24623.082
144904,44465.426
22029,24743.248
92940,32697.88
138062,22194.354
62966,2093.0356
93047,6440.19
84038,13439.82
81318,16730.893
5580,42851.727
143338,9900.452
40627,36177.793
65280,27726.59
6398,61709.934
71630,8158.974
124170,26600.02
58781,38300.434
52270,15878.328
112792,64586.914
56776,5566.4746
22582,67375.37
142462,11499.327
20936,20998.148
55091,9111.477
20449,25304.996
30033,6030.0825
94347,2716.4824
129957,10158.185
119125,15049.238
71667,9680.632
24448,1400.1191
15950,3982.3284
30680,25942.09
75060,15104.833
125302,35494.848
5264,2123.3516
97794,42826.15
52990,107038.11
32113,15156.179
79615,43931.03
134947,7164.391
12274,6079.527
99356,59480.703
106746,72824.29
41217,60212.562
78315,38954.934
30768,3480.0432
14736,121535.88
1620,6802.908
32171,90314.94
79501,4662.9297
20401,15093.882
18065,5093.8325
31070,40657.125
146557,51950.1
106904,15759.531
121074,250580.62
82240,146596.0
95593,166203.16
119141,5373.5146
26182,2664.7397
78925,1447.5161
128657,43822.246
119865,11483.839
85661,17342.809
81426,5690.8276
149764,13469.208
132388,25450.766
76902,6474.81
63367,3844.2188
50244,24904.39
70492,8809.069
48381,38277.86
85717,32530.227
1179,85350.13
144808,14763.269
89478,16744.9
55578,3688.9268
123955,120314.055
98374,25834.9
80514,90704.68
140452,24598.28
117176,48335.15
30486,25983.84
66941,35229.336
102462,6519.087
108489,51077.887
59372,3408.9797
136219,86083.945
32332,4041.9868
29274,41953.113
104100,16576.838
28818,15432.075
75223,1790.6796
118046,97485.36
134312,30392.176
121378,13525.258
37601,27469.955
103263,21789.512
10591,277476.78
120879,64517.637
43129,37760.355
41679,8693.461
765,4288.54
136994,5549.9775
60973,143109.94
47713,123363.89
148847,3419.4607
124160,165955.56
8006,17444.27
59395,24045.879
51937,9750.729
52500,2442.4292
139071,13006.254
63933,93141.77
101783,17808.93
130629,87355.64
139830,2197.233
148383,39773.586
3692,9580.025
69185,26924.29
120236,62697.875
49621,55897.195
103410,67360.61
69866,19270.879
142642,50401.086
97482,44464.195
84130,332597.8
97160,91067.1
117532,16163.235
6852,10271.212
86030,28052.838
88582,16490.76
42618,64215.016
124245,61255.87
123731,7341.989
70283,179177.62
113675,50831.42
61867,34553.902
137702,36934.016
107392,7047.857
27012,7652.638
10481,42938.273
55041,2535.7192
43428,21490.086
73418,9391.928
141039,7960.0503
121682,18599.145
54507,35069.94
18331,7648.2764
17262,114667.43
68264,3503.5176
45141,77798.96
35209,9618.261
64861,4990.044
32480,51487.26
20969,6492.716
145142,13116.038
70017,12908.362
132198,8588.398
111266,42812.664
41713,3813.51
116103,4779.407
110344,24905.244
415,26393.283
20211,39491.984
20044,31119.395
20024,6918.0225
36187,7162.4775
70702,49984.9
8574,40139.293
40854,157173.86
20322,8572.688
63132,104280.18
95214,97745.48
46356,22742.338
146988,18739.15
25790,12034.171
99402,15384.652
48240,4968.956
52854,2703.5686
131659,24734.818
105078,96073.1
41151,6277.8965
109286,110858.87
85684,26182.076
59485,74993.984
87830,16602.639
17370,10111.732
24012,67943.94
25586,1101.3713
147572,26826.422
800,76062.234
143,9510.443
29143,168090.36
112037,16752.701
76836,9258.6045
135934,2536.091
110769,16026.888
29157,1010.672
13273,65316.94
65597,198102.39
74794,17610.402
108319,4735.894
124811,10604.159
44682,249623.44
95044,58153.777
104779,4973.0684
122574,6053.955
115509,7470.497
21624,16944.541
48836,2342.5098
14726,88679.27
139587,60777.535
18750,22223.092
83702,17725.121
44863,15764.898
8523,25202.986
144941,4775.256
135658,13139.77
7620,2486.1064
87061,93793.05
15347,72141.78
112187,7571.732
91002,50153.51
123529,144333.48
56495,223988.95
133534,19174.453
15760,21881.025
98250,44287.906
145189,9577.649
31047,23193.617
96419,61746.27
129076,20110.31
52206,6012.4097
128946,33458.027
107224,157713.3
233,90352.586
127379,12807.362
44581,43458.715
4055,151896.94
23828,169962.89
96878,50269.574
38321,6638.376
104876,12869.862
17935,69407.875
1625,1794.3535
147864,1619.3893
56453,40948.52
121536,8929.866
143800,24950.076
51366,47619.375
107937,123163.27
23850,45838.9
124374,9199.505
55546,4439.433
32040,4531.9814
82545,43276.043
18136,3418.4177
143906,36478.03
143275,10389.173
11993,7126.531
2970,38796.617
21274,8226.042
129315,28154.373
28027,12897.488
37005,8484.83
82731,51453.543
143885,63105.145
135161,24787.012
65580,15234.144
127869,64039.203
40275,16045.469
126394,87698.95
68798,195424.81
14206,105814.8
147937,13711.848
89710,38821.6
38955,9049.785
111533,9765.077
99732,47613.52
59098,20741.164
51170,26053.281
139591,62291.605
139813,25235.77
36101,2246.426
71106,21441.781
25776,98032.336
1314,21860.867
15507,173905.83
78090,34854.69
49979,16967.168
97607,29695.322
3613,71658.29
97167,9896.024
55616,43113.51
10479,24450.121
36800,65080.34
49863,5372.997
94129,124603.53
68172,48832.59
60472,5171.1655
3584,3318.5134
35135,6568.334
66462,3031.4856
130894,15217.589
124508,28855.531
130818,12898.909
19701,52688.965
68681,57713.043
95829,187762.4
53110,27927.252
94977,149407.28
21629,3438.9036
70973,119322.16
38846,66455.35
89955,4561.1025
26660,31745.0
98950,7232.6074
137086,7936.153
21997,55780.22
40615,3675.169
117406,41400.664
83207,98194.17
145125,10135.717
4822,21553.031
81345,85853.3
85579,4727.009
79298,10592.441
108519,31072.404
134568,77545.9
52678,57382.766
39,56328.348
141837,29522.922
96422,3484.0823
110227,48254.78
78947,27267.256
28325,17334.66
124741,4311.0977
75440,6334.974
94568,50355.844
127407,17767.357
141885,50769.625
37649,67967.29
85183,47462.996
12739,31378.545
65532,82310.36
31749,80354.016
55998,78190.35
17679,9033.81
70600,117430.39
26682,11146.302
133463,72650.55
51927,22692.027
77641,121302.96
73130,24696.477
38912,25959.533
48082,10526.029
33909,9733.248
3761,44991.72
46906,3778.9514
75625,64633.13
147034,46626.043
131432,53012.41
7082,9828.073
20151,11708.307
6883,35180.926
21170,23259.12
101542,24302.854
75832,96490.99
39502,2578.6409
136175,25884.604
6967,98170.016
65901,70340.05
17067,32987.39
77843,43299.08
44292,75050.65
142352,6380.2114
74627,53225.605
24847,8972.153
103357,4841.402
118378,117006.77
88775,12677.837
119887,62868.54
82098,16248.212
113734,102155.74
67677,27136.611
45413,7957.8125
26926,129949.82
94435,45040.246
49252,10634.7
48914,158574.19
3499,41169.07
107902,125011.94
13046,21928.72
116542,34103.375
48495,66226.06
132884,34452.79
94506,479657.53
105518,72605.08
91115,6255.308
119852,1217.0961
76490,3909.271
75498,3994.3904
19783,3852.351
1805,17481.777
31238,49658.047
64530,18360.309
131877,11660.491
105236,46666.203
32436,55818.016
121664,28187.295
135106,127255.984
88967,8139.0547
121333,25119.281
21893,1677.5457
128105,17064.635
91872,21823.262
62956,4548.2646
46578,8312.483
74001,41845.113
144177,51963.723
95106,252821.16
43840,14308.373
98289,33238.77
113825,22174.133
59119,37088.94
50411,15328.704
124768,4025.615
56313,12815.284
94863,11844.256
139412,31604.998
41632,23143.482
101305,13876.6
36832,21541.615
27727,66677.305
132702,6906.466
76730,10497.27
60425,38118.914
78035,6799.276
100328,29974.232
13589,6889.166
149799,122624.984
62268,50320.668
73742,17463.354
131928,1293.515
64199,55133.27
75199,75068.13
78942,38932.242
107240,64696.0
5287,4076.623
27667,23570.947
136561,75879.75
56195,19444.736
137668,72992.65
104451,111370.46
97745,17925.773
126960,5245.8887
91995,40916.977
104400,3217.554
61922,1312.2104
8171,104771.914
89112,9409.231
59334,42442.547
43531,9222.249
102275,11925.248
103717,4075.2988
100131,111466.45
23440,29839.916
94814,7659.8936
109687,8272.434
144982,32087.617
44304,7980.9556
115673,25119.451
117579,15563.524
53168,13571.807
72009,11177.803
55625,4151.139
75934,2504.1814
23778,178106.23
60092,15827.969
120212,23990.73
80597,74933.33
37283,211026.77
115829,14437.169
84718,8677.321
93645,109938.36
148274,6989.022
88479,11936.326
85857,20620.393
96215,13305.347
109400,161152.69
136632,40976.027
16385,152661.58
95534,23434.863
20955,41466.97
112147,38820.516
124034,38819.562
98115,10812.636
86640,124801.33
112196,6484.491
117115,12880.814
72457,5405.746
145612,14706.2705
6021,18391.176
46476,20100.002
6905,102169.64
71731,36661.27
40524,260984.38
17789,4005.0183
48322,248229.7
90165,55100.145
75054,3153.9312
80392,78957.66
139800,19423.393
135564,30061.078
66701,24952.553
132438,15174.581
143164,52984.965
20573,24072.17
143149,54673.527
84482,11842.432
113108,86667.12
20033,1640.5774
12618,11858.715
24045,9373.625
52333,18446.629
743,6963.834
146247,8985.521
74809,25055.838
231,5766.1694
20375,9490.511
61812,40057.633
123860,1703.1768
38414,35355.715
9347,43883.316
14563,47035.42
85399,17541.418
4773,20840.777
71153,26633.932
91110,7757.517
35411,102137.63
128152,47336.125
92360,21398.582
15418,25057.785
85966,17968.44
31635,27831.338
1600,7223.0073
53860,3691.8328
13842,46940.336
128595,49351.414
15824,16833.092
116763,2095.105
33698,78247.82
64899,19319.074
74612,19687.984
28475,3726.9275
43351,12500.121
65333,80520.125
117252,23868.057
141216,30671.94
126605,31698.371
60932,55655.254
53257,47144.152
81043,3356.4316
122789,51768.547
65428,93015.734
56958,46579.676
21964,27410.97
70385,7271.5327
114331,4619.9873
134265,8480.399
47149,131705.83
23450,10021.38
470,19993.97
116164,39945.67
78347,1241.1406
67370,68162.63
106057,36268.61
21983,42355.156
13885,101404.16
68164,16328.891
38080,40703.035
102270,11373.934
122488,10184.683
100367,4747.082
46822,34347.785
110926,25394.174
46517,48673.93
49653,13879.673
43822,24970.525
145284,32985.125
119622,7522.562
145686,98409.33
72395,20609.166
89706,72715.8
18454,22817.564
27590,6505.6104
116383,14521.275
38434,16781.266
101804,17376.025
143775,163340.28
115206,16884.186
60269,2789.4048
71998,43438.797
48357,52749.066
56702,5269.235
54067,57142.594
128332,71577.37
96773,76300.8
60154,24401.447
39398,3416.7175
108811,36056.09
43588,2457.0056
55839,28887.566
144802,6909.6777
42616,17052.752
97853,34359.75
116673,25228.86
27817,25478.002
129802,384478.4
147454,3256.18
87065,62760.152
112801,8143.764
45033,11156.008
69985,26849.178
55342,10589.592
95440,17499.49
120023,1059.6907
52926,10444.604
4966,153028.0
43330,5853.3247
73813,18258.393
73898,62538.37
128006,20043.223
2983,3791.492
78431,3157.0334
17669,13676.93
28674,187458.89
33488,36710.477
12097,13137.711
74926,26839.305
123991,3619.0254
81739,26233.467
98890,51169.02
137045,62519.188
29115,8533.683
115451,109469.18
92018,11352.073
20142,11713.944
140904,24293.57
143299,37182.973
25708,5700.6357
95361,19004.303
23915,16017.169
119382,125234.2
4594,4850.577
94005,20984.324
91364,2208.4954
108858,25659.455
148368,3169.938
6372,15211.796
50776,8734.659
80679,7465.324
149015,40454.754
52541,18729.73
117053,10769.856
8042,115828.05
140757,11378.354
58931,127050.43
120821,5473.289
60669,8867.037
24931,3465.843
100894,13127.968
49574,3600.2637
23993,17428.494
126182,110772.06
23743,2115.9756
18167,37423.977
3583,26155.197
33270,123226.27
109954,58803.9
60588,10719.857
124723,51539.555
101465,6861.486
138132,7540.18
100075,4364.055
130731,95068.59
143647,8746.796
11731,25518.873
103153,10082.762
146892,16464.176
9501,112092.18
104888,20902.498
55209,26826.254
26857,83351.44
122607,53294.586
74280,21135.785
132075,1138.4309
4280,9467.29
130497,57631.586
22875,66767.664
18111,73189.81
128803,13571.036
47321,112424.16
131480,121930.83
115556,128821.2
107810,5331.464
8249,6602.784
19530,3206.8113
117459,4278.4453
137832,56989.7
4138,54077.812
141468,22300.232
128874,67884.1
140054,3632.0967
124138,41189.645
48286,-530.0188
115481,111814.52
14240,22453.096
123709,3108.1233
67467,19798.246
131444,21030.857
101827,21313.107
1850,13609.179
62472,69393.04
75,46524.035
135198,6769.1245
10344,15238.761
113943,7773.314
79702,3744.599
64516,48755.027
59537,18683.895
34604,40310.44
47474,4717.6816
33881,13344.317
113778,6359.9575
1780,146582.92
81726,27474.11
76050,80568.83
125067,4076.0603
76642,19317.32
101780,25906.207
112512,48518.957
87459,177527.52
113671,31568.498
100600,55709.57
111034,35522.504
40381,55347.645
10364,122759.62
121846,6131.8877
45482,164240.12
98540,13982.401
1204,3780.8098
117522,8626.623
98742,6974.1743
34534,89103.96
71753,21513.002
67528,59897.996
81942,25167.334
118431,36585.79
72227,326209.78
145857,6749.418
20785,9657.648
13734,6916.1904
6370,8771.168
44398,158240.8
134765,108447.484
86863,39201.16
36299,4883.525
93196,10159.1875
142081,32340.367
91681,63911.24
69170,15920.006
13133,12188.36
44380,4971.803
144362,65145.305
20172,99462.125
30084,45031.754
137148,47224.21
97096,13739.315
149933,18421.428
104162,8354.937
126458,73253.32
136046,3417.779
95949,80074.8
80319,12466.227
90934,5111.8037
58518,26819.678
130459,13764.703
80998,10633.676
77681,70564.984
61755,7118.4775
101895,10122.42
60044,28923.926
123285,11866.42
9626,74534.98
47296,5019.8125
82632,3531.0488
62859,13125.334
37346,32576.428
111936,150464.78
51894,21411.953
119441,71024.31
83605,38537.51
22134,3379.0059
50026,12239.886
67856,4266.7266
11789,8066.2666
142057,6321.915
91673,34451.254
97657,4476.9326
35500,5377.113
16236,21767.846
41927,4745.897
14525,9988.937
4115,38708.043
8207,8155.0776
1984,118234.07
114443,13300.55
42943,26830.635
120357,118610.234
147425,31127.822
34872,41354.31
77694,10623.226
133325,10535.634
54086,29220.39
37670,13559.959
74250,67818.36
66745,27167.965
49585,6023.5986
11537,6658.363
47398,28519.295
40391,17122.172
96817,8770.634
47418,115160.0
6126,73092.4
24650,15575.816
60980,12382.936
4528,7092.6357
41853,10507.659
84551,3773.2852
131505,15244.549
5633,64304.76
55015,5408.6196
103161,8691.533
110031,7008.3677
102055,37184.875
128439,28838.05
82234,15892.131
264,3363.2283
16476,3693.2444
56026,5532.867
34115,8061.2554
86798,44370.195
61725,4096.8623
143713,9163.49
93804,53265.965
56244,10665.091
5370,2180.8813
129586,27692.664
41515,5469.2446
69149,145925.53
105477,11718.816
71808,2737.6946
115368,24297.215
88468,71790.79
34027,2234.9412
113151,6404.492
148613,50470.94
55702,21230.281
105895,20489.098
9638,1480.2833
75889,17657.404
9015,40364.75
9517,38764.027
135526,35781.855
53804,1067.7012
100593,2831.035
124705,41466.86
137044,8629.028
73505,12013.596
80455,16404.014
47268,2971.2473
2159,83315.445
35786,15716.209
128717,26052.977
102091,12160.932
90930,3634.512
48547,40350.023
135965,30080.863
100035,21154.588
11438,7684.0728
118127,102708.266
74761,38104.477
93266,13701.883
96073,26912.846
26802,44583.312
90340,7727.436
73772,10285.092
126304,39830.004
5258,172715.16
16510,8323.545
98450,27865.652
25065,39750.387
95862,5255.369
20035,24906.2
73283,23941.799
29035,5312.5146
87369,73997.63
147662,28893.773
57554,6568.88
131352,48639.07
652,6576.65
13117,392745.5
42957,25442.678
148246,14825.706
136148,2384.9138
149404,134679.78
135649,26563.977
117798,32389.13
1562,54351.3
14639,36912.05
14699,3106.254
15161,217578.08
15125,17738.773
54026,58341.92
70370,25930.479
102450,57002.367
129108,118856.875
3216,62016.43
99848,91187.81
74157,10288.835
96030,47079.836
29521,16835.73
145399,3049.6482
41319,116119.875
81583,10838.916
16485,2983.6091
14603,78481.96
30672,25728.553
31524,13896.454
474,33072.19
25724,14911.535
69913,92148.875
574,4128.2886
43345,91451.37
84584,17715.836
61781,153222.16
145134,6138.1816
123815,49486.84
142158,51283.84
126335,20744.424
12632,6252.7476
4155,16047.791
51567,9180.347
103315,65151.074
103739,51347.824
58239,3013.6091
18356,92589.73
22073,79978.84
11967,86076.91
72115,17132.174
6969,1716.0477
121169,6675.0957
85365,24203.516
44659,4233.8325
56781,14266.665
73866,20532.197
75810,2860.897
104699,24700.725
9426,24461.639
60924,6909.806
73726,14836.03
6064,160129.6
76690,11301.339
139000,161069.31
48523,40158.395
58093,45351.37
106476,28399.008
84693,9748.265
110905,1795.8721
131857,64568.793
965,164327.94
9746,8467.466
132369,9803.897
101311,10142.911
86321,66716.31
34898,43784.973
103868,94521.19
88719,6221.8447
21606,27541.037
37107,52540.383
24541,630.8331
8307,4973.609
4042,178152.84
72459,22829.123
148304,56108.66
142654,10532.3125
74209,105818.69
8901,55942.867
29538,44736.863
43278,82673.09
96318,7529.4497
8940,105700.445
66037,47545.133
89437,50445.17
30780,7855.5317
125498,82913.445
20005,21540.592
24597,39493.074
34416,67593.31
6157,3046.974
12281,997.87915
22341,34929.992
147462,122314.89
94384,4927.553
43770,11882.012
132594,8628.003
122377,34920.77
142033,22547.188
96565,41086.62
76782,5599.7017
112952,1613.5101
48366,21241.008
38060,12752.918
116928,42624.01
106,18430.547
7077,7061.579
28341,6997.9897
55475,39129.914
122317,7046.3013
90680,30530.84
42636,96229.11
57798,4539.2896
95134,194119.36
1581,22648.232
133401,13086.967
17207,6799.439
32491,14595.083
145238,170884.12
38378,35285.887
35983,23185.979
69668,3311.8137
93181,11968.42
104804,18234.775
83936,5566.959
67372,11245.648
77909,77695.19
13185,30640.06
102856,6706.7207
43449,140859.1
106411,6314.5386
41875,67963.51
85713,5831.262
117756,2937.8918
50722,50294.09
94688,7973.287
137819,60856.82
23468,59928.594
88473,34183.05
13383,55906.14
25476,17621.67
23098,4834.6797
42461,1987.5752
105552,95437.586
77200,14381.621
113744,16863.957
23104,28236.041
128128,987.7036
17333,28626.096
147221,15304.438
83095,178300.98
16651,21265.518
112069,6916.847
47762,38375.996
52178,44337.73
124687,2036.1606
122092,19517.375
73222,31852.768
48431,52573.957
44970,95079.164
44115,46837.582
24232,6779.9785
101597,24030.68
140513,43818.7
147096,21984.908
22194,27870.281
92114,2263.9863
105163,60276.055
70059,11151.03
52810,5490.786
48774,69152.78
69895,9135.543
76895,11106.046
62096,53518.64
13730,63095.16
61984,1547.2826
64033,12838.279
50929,148208.73
45097,33649.13
129826,15070.922
54411,4535.2686
147842,38967.56
48704,13634.088
1948,10057.141
22419,4312.9487
96197,40054.645
5118,7350.7393
62843,19860.406
131716,19324.96
134658,3621.2488
48680,8446.175
102112,3225.9236
81079,54983.01
39577,5255.5225
12407,2270.1848
63388,68058.016
9224,10207.48
78516,23087.404
44041,1441.1925
82993,10458.69
148175,8564.4
85575,3496.7024
109891,9188.112
26651,15070.925
12729,4783.9893
49373,35513.215
32271,51785.938
70921,123679.79
112788,12031.622
47515,22020.842
145751,7670.0044
128041,39286.26
107102,19121.723
16079,33251.77
53414,18524.557
39757,7010.1675
4852,37275.66
61668,12118.14
119870,6206.7695
38668,66718.9
138697,43940.8
59391,45194.73
35552,11768.804
146016,31546.984
6106,21731.832
34344,2723.0227
140106,69095.61
15626,48030.6
84869,356224.53
92495,21227.416
131128,5821.712
143849,112631.25
96594,90747.11
137632,86418.13
128103,29560.646
10450,6450.385
31592,57327.414
131337,7319.0327
102439,3575.864
137238,47627.855
20161,47176.336
51241,28933.82
78715,113472.36
20556,44511.297
108373,17252.705
60270,7808.563
59362,16219.3955
116941,54836.145
137562,5792.659
107242,94327.95
38332,1779.91
110721,13182.735
34742,3940.3174
90070,50023.94
123197,6772.6387
132531,6473.587
127827,11692.477
44223,23672.271
12223,3749.7434
1282,8846.413
134211,4913.501
44851,20199.291
44839,57695.797
72483,88053.08
17569,33599.023
96421,16137.933
142929,22932.377
78748,79682.195
74982,115451.734
115257,95564.62
74831,989.1457
93581,22593.354
52502,52578.812
147537,28981.94
143440,4423.836
14674,29930.775
53422,145806.66
131991,100293.18
16756,13696.944
143702,5297.319
62602,15934.503
10758,15696.538
68289,25948.955
108977,240168.95
15739,123292.164
68088,3031.309
85025,14553.099
133519,8767.162
119543,27613.865
50169,37190.56
25406,19299.45
15241,75369.445
14111,185806.88
100711,25018.738
88984,72239.65
136981,15870.238
148125,17215.895
98207,48600.258
119417,9431.448
71168,22739.896
61609,118219.484
49027,12813.05
141665,16663.137
54899,10561.777
8915,47183.996
23736,31904.117
117997,77863.516
49823,19538.15
13947,12065.426
57272,18069.852
7231,46607.59
88619,473.93643
32266,8147.158
14080,1958.2344
37210,48494.492
123838,9038.4
92262,83894.586
62028,3262.5696
52265,31830.936
142435,72988.18
26674,12859.66
102709,9579.17
78699,8789.982
73906,16351.562
33002,68085.766
63592,45592.113
54458,9697.032
87304,4001.0127
52755,8147.9863
131173,23886.355
113991,29645.947
48109,12958.568
64855,34395.242
85,36597.184
64249,15389.454
148101,36291.08
60345,2347.0022
2277,3363.8247
46866,4107.389
10416,7723.8687
53813,86849.76
51837,11133.034
48931,116070.95
4745,219247.56
34214,83849.26
3747,12120.969
60793,4067.7158
50719,8888.748
139540,18779.426
101258,25376.904
83509,1341.7802
122905,583600.06
140771,58832.168
123502,19484.531
19401,19545.889
104972,8079.8906
9021,8690.063
86602,5799.0503
2232,15405.055
102656,67977.86
137018,19877.305
63632,5878.368
10790,82851.98
101466,24222.764
52352,39952.688
136295,77646.85
54858,28055.49
123365,9362.879
94294,38751.527
59577,41099.598
10139,25461.555
129869,74184.2
149432,67934.77
67408,12174.717
103329,73137.79
137653,21033.812
81356,16332.7705
118199,38609.254
4101,3462.7695
107927,15405.508
144955,44387.78
2268,1645.3556
127164,20231.184
52102,14531.94
77309,10021.2295
28822,11058.507
57989,7236.111
149743,45918.266
65896,22439.277
92870,165947.56
76265,48292.625
32388,2980.951
142021,97767.836
19265,27168.176
98844,13770.184
143628,98885.25
114318,1920.1156
26059,2856.6235
100956,7600.1772
45404,5839.446
75975,25066.818
79477,39575.77
78287,120331.17
89015,154761.19
71550,11156.152
74968,52906.414
84314,6126.6045
26877,3334.4858
42700,2078.1807
11934,32436.93
142892,55426.72
134450,5717.6187
39354,119889.266
113965,7518.293
116664,83007.97
118364,93338.0
18426,49856.367
55670,5868.2754
29621,4032.218
3599,62742.926
99624,28775.889
91945,18156.55
6527,6383.1836
61515,58272.69
35323,84083.86
28727,30739.438
99679,3790.3274
52445,11005.229
135228,875.94415
89197,8481.606
124093,9687.973
42209,2826.9263
92685,18664.543
148451,20832.758
81342,6677.821
1681,5287.7515
104812,78151.266
12427,6350.022
129536,22307.184
7757,16031.423
129065,27990.969
134060,104575.05
140367,46664.805
52033,10431.017
15735,47897.816
62256,119942.88
21529,10067.96
87927,11347.51
93475,10983.209
70091,13057.729
123159,39271.36
64448,4181.072
17692,3105.8923
134737,41266.69
18223,47234.758
38132,17318.818
136718,45470.945
93091,29233.781
133622,55780.27
91483,26052.537
88715,6484.1636
130152,5362.6895
62296,23449.01
105560,11462.163
110744,27886.08
95698,14324.996
3154,19639.664
98463,21838.537
116607,18521.64
11347,21952.23
29248,3549.4893
5621,8746.086
17573,36497.195
19848,88340.99
84358,2534.1738
42627,7663.525
43300,66083.29
22691,16922.352
20268,62325.41
93844,49833.008
11610,8588.866
47371,105166.43
83538,6274.125
71468,31857.492
145647,12327.86
148187,16294.143
122933,19292.225
121433,40115.05
127015,3331.4397
115886,3058.567
148003,22034.57
143531,24576.9
93021,39095.555
149570,6134.947
35893,26184.814
32022,8187.197
15384,22299.08
15873,63723.695
47832,47266.562
27450,6685.2153
34654,49652.375
36270,16715.729
110163,112579.7
99872,4431.602
101018,14767.894
108823,6647.0796
107470,25862.084
140994,6126.109
9350,24246.557
48908,34141.99
34110,15001.456
87156,37067.266
57391,4840.3716
148030,69737.9
76802,13240.51
4935,12096.327
30543,53430.28
15490,25644.168
135318,23147.348
56309,105603.63
20386,56159.406
78821,27688.277
109549,43251.742
131290,23080.06
88844,10293.9375
88298,21632.87
30179,19786.957
11419,18001.29
40423,81152.71
13103,10215.729
37483,13898.155
119926,72472.65
63048,107301.766
74311,46585.484
36249,26338.691
44759,4982.009
69437,10417.085
63182,14727.64
109383,52569.766
121932,9052.391
2357,58165.445
114883,17804.883
145682,62100.84
31452,7094.7485
133570,5329.94
4219,46703.484
121534,39297.71
27710,8454.219
87039,37710.203
22844,21569.268
18765,12936.801
75395,19864.91
66293,24894.75
4894,140601.97
76296,17393.453
21325,73014.305
7575,75563.984
86576,10130.933
56381,13696.455
12549,11140.989
58583,99533.79
1103,37903.516
61795,17473.209
144871,50723.406
104051,19456.135
40127,149438.17
32316,20333.059
147599,27244.127
57896,336288.1
73564,133960.97
12910,70450.35
66343,42572.32
95062,2681.3784
74894,58364.21
55987,19501.512
114874,124616.164
121098,17395.107
22913,23018.63
74874,32382.832
106183,81888.914
113094,21386.877
126256,5357.4175
11188,10533.002
105689,89056.83
78606,62065.434
128418,110823.64
20697,45456.637
97296,8779.523
103609,73699.76
89786,10553.376
107950,128921.375
144258,1375.8246
83659,74373.67
138072,33337.547
95693,114075.89
89342,89615.89
5519,5017.607
1913,34402.277
85429,26701.654
42874,11299.432
51488,33403.613
70510,9677.325
39406,5283.603
61710,4147.589
96523,53265.848
21890,20376.549
89442,1371.9161
113742,104391.35
51011,16322.421
138258,15762.587
33245,21197.412
39770,5720.3613
91324,15544.33
62231,42455.258
64024,6973.5156
102476,56301.957
22199,8298.294
13619,243954.08
63404,97520.29
53612,213411.58
83774,8552.663
69667,35007.72
60439,35641.695
87476,2623.8293
37433,2617.198
140984,9225.832
134513,41550.93
143220,5840.7485
72944,4603.2705
134640,34898.41
103089,90373.7
5868,56379.86
12991,10559.058
11080,83773.6
76339,16120.185
25916,1846.752
143044,38580.508
147340,8719.111
49509,170341.02
57775,17631.258
84385,35533.613
136276,15628.86
125231,66934.23
94782,12339.638
117521,44901.3
29249,90677.81
101030,55394.89
41614,6824.4067
66349,22212.139
17280,41388.19
32659,14815.519
78250,33185.56
84538,8233.158
104562,12556.353
134185,4493.8677
148895,11506.294
23335,19089.254
63614,92228.36
47717,12800.29
73125,110775.305
44169,14056.004
77767,116166.625
64121,5480.8735
25768,30720.29
91515,58665.94
92740,57218.707
125123,134572.89
108728,6150.893
49475,12440.932
133782,116484.14
108207,6460.4004
19154,15914.516
105174,17301.771
21159,7837.221
9926,7893.6367
3919,137651.42
6633,12096.327
94463,12201.583
128764,97811.766
41439,5186.4365
5758,22796.049
107139,26149.9
59512,3193.267
130507,4360.8853
95822,44090.15
43635,2596.8438
107835,19245.314
105756,13758.284
64519,94758.26
58476,53721.555
140797,66340.87
18091,3062.1846
138678,7788.3423
13228,28493.934
73957,43983.684
75450,27374.36
35658,173533.92
22884,75217.26
74240,5958.149
60366,52386.586
113588,30764.93
112223,60349.54
111981,20822.83
113501,28813.086
20769,6892.115
1129,25692.264
77478,82520.67
144740,308873.4
83348,10130.452
97153,150808.56
145050,10427.977
76114,29125.695
5151,39778.348
82064,18254.326
89614,68408.91
69653,19400.092
126715,34403.87
43660,56624.395
34302,7114.205
66897,97294.31
107028,6128.5903
56951,15219.707
79973,24835.49
12268,39136.582
67605,75562.34
89161,63467.582
48404,9894.076
62325,3053.5896
114045,15482.32
98669,12053.61
93244,164096.62
22865,6911.312
136934,147456.56
99562,15229.915
111554,23734.264
31735,36273.582
102663,11567.672
11810,6424.2334
115060,21391.537
106282,2388.6267
32375,21495.393
42913,29465.559
16704,10567.831
79614,7793.4224
64735,59671.44
140264,16811.977
64405,37907.348
119627,26329.385
78905,1073.7621
71373,13093.726
102812,5407.98
42518,13019.972
12531,17997.812
35792,74406.36
3462,18896.535
102952,7424.834
1782,22782.08
145352,5143.5093
136345,16785.578
115964,37443.387
62941,10848.793
139264,4261.6914
16638,7847.9126
62203,69070.88
116975,7519.955
49127,281815.97
64967,25678.105
128229,203240.12
88940,18507.865
27784,37452.04
108367,5624.528
105082,102106.34
85093,80555.8
117909,3740.04
38568,52322.273
2960,136573.05
6175,14216.145
140222,13335.775
38818,32625.1
26665,69054.25
110411,41718.402
86802,15591.075
118486,4939.715
133958,366825.88
90480,63006.996
95958,12925.337
48782,4579.6367
111854,5415.122
71329,34092.938
112890,15747.245
40407,24906.389
117450,21608.713
65677,5918.5664
62101,42536.555
92847,38140.5
113174,3706.651
88586,18168.176
39632,10331.562
128648,33276.637
131366,13963.019
33933,6165.5693
142309,2527.4136
89987,104329.37
83916,6586.811
7110,2161.0984
21551,133329.28
144234,17375.29
77547,3909.7397
73138,1030.2523
31064,34757.17
60743,26691.281
119149,17767.973
144499,33651.555
122521,10711.968
115320,4816.0503
78970,20601.16
10233,11635.852
60843,3852.233
113531,39991.25
121180,71103.09
132405,53173.93
9171,20704.521
43606,146146.94
53682,6422.1562
121844,11437.894
113343,19310.793
142100,13588.054
40431,31900.713
121951,1603.7599
42275,4907.066
84223,1844.4828
109671,20946.643
125186,3992.588
113627,11380.279
22514,103665.586
74161,2872.144
55661,77052.43
102129,13333.372
73731,3215.1677
90304,2560.2744
10231,31087.707
112126,65948.31
144692,16702.047
134758,69096.34
111808,7150.5225
21821,21995.754
58139,4421.593
84616,11882.291
131599,10313.624
89242,51032.137
49800,14340.685
29138,6944.2197
137780,12897.557
2143,3800.824
123988,6319.917
45046,138604.94
79662,10266.999
8354,6586.0713
80348,172734.61
51281,3453.671
90582,74146.8
143023,22551.834
60197,21904.521
95973,4273.1484
19305,49810.31
68547,28935.457
36134,20520.414
33229,15498.287
41638,4123.6533
44652,125973.56
38154,41434.992
85686,32352.09
95284,9464.676
27375,57850.348
121531,12283.499
38763,13308.931
25211,21071.03
149586,213825.62
61251,43761.605
91733,15903.679
93104,84070.87
35402,1030.9263
139188,12617.678
35699,18528.568
2278,51415.9
135686,10548.674
8974,12491.078
130154,51936.19
15369,336488.38
80481,5739.448
104056,12686.964
20190,62490.78
85329,12521.412
121059,9949.522
59778,4603.36
91582,9417.489
65978,73227.7
27918,35976.832
113782,8718.119
100969,3202.6953
3305,1003.29913
64977,252633.08
53272,5926.1255
56831,117370.805
101600,96727.37
35819,14044.776
7567,9334.621
2099,28306.072
129340,11486.171
131282,104102.65
20708,19069.824
61291,9136.7705
24110,57408.504
137678,125986.95
138850,8875.986
44215,47796.227
113405,12034.927
130355,9488.314
69098,6717.893
34590,26717.172
493,12344.741
22113,7042.5703
46693,61773.266
92397,189394.5
78631,28773.46
126152,108659.04
102312,6074.852
57818,51569.773
64425,247435.11
59631,45037.36
93513,51999.38
117457,1654.5289
95380,11245.492
78520,7319.451
29151,12604.06
111590,12203.079
73821,3226.0615
32497,23156.596
2389,4037.0884
114538,5196.914
77617,2945.5508
4641,39428.344
145559,14961.279
129546,14315.047
52260,56109.89
38970,195357.75
102764,64423.957
85080,11560.05
27358,10091.625
86041,6682.603
96764,22498.705
139439,67565.32
52225,14956.834
10685,48739.305
36794,9269.376
22347,11243.305
1683,3809.7554
29801,20214.885
47969,147196.27
18253,24775.412
37408,52782.9
72975,5417.2207
14905,96404.23
68100,75750.0
65092,147191.3
101097,11599.953
127623,5354.8755
64751,79371.266
51710,177083.34
117063,1042.2286
30255,78609.8
140396,1260.2914
77138,9276.238
99224,6054.477
108121,167723.72
115967,57194.383
80550,27784.133
21199,4471.3506
43063,110483.54
76397,41459.59
50339,21103.018
66605,35198.566
89738,7667.741
57021,78372.195
54522,4605.924
122310,29819.178
124190,6332.7114
74892,362267.34
144648,12063.239
31923,24826.203
19907,61287.93
81689,5229.7397
111979,135436.36
65020,5668.0684
32335,14323.163
135333,7259.109
128619,29687.889
67658,75117.47
124476,11868.981
92924,51832.37
55070,43717.375
137203,3678.4712
9051,23609.236
84881,15049.315
18800,5770.207
50725,136449.06
64096,5896.281
132409,54675.32
136122,9406.275
67556,69526.25
2741,20382.941
76869,6487.3325
110446,92353.89
67148,50637.86
132234,29964.258
93867,32844.926
99192,17691.889
125004,26970.447
9961,25948.23
59301,17753.43
14997,16313.723
132849,31299.273
93110,67614.26
49086,2899.765
70788,37207.523
15118,14597.49
61259,363.02002
22904,44292.066
25177,184041.67
62865,21681.758
100062,57513.094
42155,22342.71
59922,35718.25
29998,143853.94
105559,3761.7168
4613,17113.273
88217,4755.5386
48747,7153.024
44072,137068.27
5084,56190.457
73914,6745.7354
84940,3865.6829
36859,7210.229
98746,16653.607
121881,12348.098
1552,45420.77
19507,122015.95
47199,78231.664
45607,17454.281
26288,85829.23
7493,3625.4663
96767,270729.53
14369,5996.5728
10668,3091.6492
68863,9991.681
61653,111027.5
47344,17375.225
65240,90806.625
83217,23633.375
113012,147062.1
79643,7027.6807
52704,6972.2036
112397,4917.1772
141179,111334.516
85993,7034.916
20848,47514.875
19614,169756.73
89165,65558.375
64733,29423.045
97251,24642.113
84356,16571.639
9650,92529.97
35614,2036.6802
143632,84480.59
77074,2590.017
68189,13211.959
77588,22159.16
124135,22301.727
104105,49077.8
43976,27603.299
144424,4462.086
26829,9455.507
103248,34956.004
17301,88430.83
88352,15951.66
74100,7717.572
67176,12932.966
2316,7134.1426
21594,98166.65
133119,70965.44
123858,24281.648
30550,34740.473
118420,98293.125
100279,85022.82
98279,1646.3912
137502,2722.7437
36278,35706.42
72183,28513.137
103362,70687.23
124609,2293.78
125160,4647.9395
91062,6066.494
124144,107172.72
135521,3105.6316
127642,17757.807
46673,20625.184
132742,57930.81
121048,17193.725
3101,183644.47
53621,12999.398
146315,10173.411
9605,6984.6104
92890,3408.141
107295,76417.445
67806,1862.6107
135827,25151.117
28164,100093.07
108007,51229.074
31819,18302.15
75819,53201.31
12530,9773.169
52160,28026.682
57573,51883.395
135196,4111.258
69402,14177.607
6070,27942.707
97105,15665.315
123287,53982.082
111736,81741.46
9923,26900.139
17759,77996.336
3954,65229.438
138938,6194.326
6381,9658.702
136832,19864.182
77967,7970.424
148053,51815.42
61375,26465.951
61770,27826.738
47560,55916.598
122247,19765.703
33625,9872.198
55822,2625.502
141967,59255.35
15910,5057.63
31943,95579.83
54872,16043.374
70263,61481.098
111631,7025.0376
28223,42785.47
7320,4271.2666
147475,10989.826
7454,129867.266
122167,10234.827
59211,19497.35
120177,18269.83
60501,16967.322
52913,1896.4509
133636,10553.72
89643,4701.1416
84090,23225.734
95614,21894.762
91604,6118.824
28405,8954.681
54241,60445.74
16842,46585.727
60358,4127.2437
80001,7430.891
50544,4528.638
39240,17888.344
16710,122194.78
98426,62587.12
92478,59265.766
52345,84232.336
115038,19108.822
18042,41786.746
44606,678.2015
86808,57045.88
76688,56377.137
7598,4074.306
134271,21136.877
17755,40270.043
81031,7644.6646
17812,33117.227
74718,11170.4
63223,1381.7637
35159,2488.2095
47254,99854.58
66202,25285.9
99427,26242.98
134157,37373.273
113065,77405.01
132868,40964.223
64312,25980.91
55293,12694.399
89173,31908.965
57435,40059.48
129483,29744.63
83799,22385.72
34680,21773.213
56611,68970.58
41133,41531.105
142917,7150.449
39932,31957.145
22178,121121.586
90085,71618.73
63337,19946.701
37701,2881.885
8956,17307.338
48524,74373.914
144935,12597.447
61754,23601.152
73290,12135.757
16369,10914.469
68240,2439.741
49482,11011.073
124584,2284.2615
45852,22973.963
32184,7730.813
2085,3778.0967
71240,67822.46
24446,11068.663
15921,3378.665
63339,23524.2
68885,611.6867
13556,6961.5454
109720,39615.734
95981,1501.4084
64607,99161.76
64686,6452.8516
139516,120734.06
144475,27100.92
117598,31687.564
137182,58005.258
26763,4355.5044
133081,37873.7
115145,15186.238
138559,45126.266
62692,2629.067
147914,5515.6494
53410,42513.27
47261,79206.89
113142,3617.2795
4534,17136.428
87961,7585.9653
40734,27146.873
123485,47710.434
24283,20991.207
58196,50503.184
100192,26583.086
7685,77952.32
8737,21709.771
122036,35041.45
27558,50117.156
14098,294750.75
101958,18467.73
65681,4759.8716
60670,17239.56
105561,52511.395
54405,1055.1167
143523,2231.01
36168,8315.519
119783,6355.165
118679,23154.742
135763,51549.703
135868,32541.361
130415,85486.32
81080,3662.8147
7450,45707.523
98637,52786.457
109775,57759.11
49044,8973.996
84865,65498.945
14729,7671.2876
31614,76138.36
78556,69441.37
134161,11844.309
70588,14098.745
17657,29430.729
137682,16400.547
50937,5459.9375
5321,30985.04
16729,7415.1904
35853,1685.7496
138737,50455.367
62617,9256.869
51817,6914.175
82101,5731.2466
48400,4068.0325
53588,4332.318
114485,177473.42
68800,109427.89
138003,34774.043
29704,32477.018
76242,11393.94
24688,8978.297
88918,30713.885
36333,40736.227
96787,12880.005
70460,17751.947
16275,7874.5835
139716,16497.516
145922,40555.004
138676,42255.99
20317,89290.17
29393,103677.19
10765,171970.2
76920,20585.023
92916,4394.4463
104032,1887.1366
100808,1268.0751
102825,5621.988
143569,39952.61
115141,27990.742
71488,182420.53
17169,77032.67
9354,16399.906
121120,4606.4805
87966,10919.065
56746,9303.069
24775,49174.7
55526,4912.5117
126492,122556.26
114360,3159.7063
25785,1385.3826
103464,5300.4146
16760,50352.438
98455,25279.725
131728,7887.5273
97763,13456.688
28914,11473.267
35184,7622.09
124915,14641.917
128060,24925.846
113540,21189.318
117251,40990.99
97071,92310.03
43646,33233.645
83156,13108.669
148028,5101.651
58011,78871.49
86993,15877.752
24022,1051.4744
121138,26993.22
110231,150920.88
47012,489940.3
63014,11162.232
71330,5833.6187
54076,3137.72
62302,48487.785
90759,5835.1133
136172,10574.869
79139,182947.48
71938,221419.44
138319,20847.578
122876,2177.5205
89531,5115.119
50383,24162.867
120616,4366.6797
47976,24826.445
137468,9220.477
95646,22213.424
136751,99540.81
16633,66106.2
117550,2256.6262
29732,20735.922
67434,24180.6
53536,3206.6846
47130,2159.3687
7813,42187.742
114040,16026.498
37126,4223.0684
92511,52511.258
63240,13013.27
51059,7935.3325
97023,5613.9165
41128,12311.206
118372,21304.738
4062,12357.753
15678,5703.4297
133471,55334.605
63121,15692.643
34473,296946.06
86649,37784.543
28768,5194.3354
63147,29430.744
36084,27441.445
107044,29762.035
78946,165294.67
135036,5335.4697
124158,21105.574
45278,4580.15
116193,18337.73
43841,26274.195
38002,107684.65
18067,48390.37
66145,4611.3984
130000,13128.731
22489,24390.635
38118,14656.866
148131,9388.195
5976,332262.47
45956,86996.055
50219,3002.1257
75521,155549.55
51985,4607.2905
54354,22800.062
97639,21900.047
24009,130077.45
72635,7173.996
993,24249.688
10945,18943.816
132444,10008.789
138544,9065.479
146049,79131.5
145321,13545.956
20292,28100.607
78386,8550.314
5905,21088.598
138194,27469.438
86570,8962.961
131570,179387.31
115572,13162.731
82615,238042.7
34921,3661.7168
79191,11185.048
119751,2077.2646
87173,3920.3176
72031,52531.785
96537,10010.163
40480,6649.377
86904,9758.785
78379,6354.7505
45130,25188.92
138889,14465.568
112615,134519.4
42858,10853.763
68627,80388.47
115878,16918.041
119213,9930.572
79459,7883.548
111680,19178.154
124009,35353.883
132724,8083.1646
31872,10606.158
53859,64999.625
79552,3266.1028
37534,4916.7896
16442,3623.518
14346,97121.97
64836,16179.972
115628,4976.906
15435,205882.7
3713,179947.0
58526,39096.465
132017,15730.217
69000,4018.8406
122245,135986.23
135172,7163.0596
24066,87060.0
86185,7628.5244
58207,5469.733
90985,46362.965
113543,42439.84
145880,13375.416
19643,8248.837
101405,6976.802
117514,14362.407
121291,4380.3706
104116,30640.85
123432,168159.19
126902,6037.082
11358,41458.887
72900,15708.101
63494,12810.688
65376,1972.2026
5060,84759.96
39926,280730.78
103114,11713.796
59188,6430.18
27190,9536.734
111019,2257.045
83350,34067.375
83237,1826.2239
86191,13819.806
147108,15654.102
147706,37360.246
142113,14758.791
10183,20729.186
47664,3621.6208
110575,3091.022
139404,91307.555
102282,20074.752
135789,35664.137
109924,53723.914
76900,7852.192
56403,78237.59
17539,35540.72
119012,13252.894
10655,30222.16
24778,39372.88
64811,29619.184
16525,75480.445
122989,26658.293
67044,5358.014
10503,71217.66
39956,2729.9482
83877,46038.195
80498,14700.709
113402,69215.91
97697,8902.809
125646,3601.8362
139941,6577.658
80062,38881.08
141357,44585.098
67864,3661.7458
63917,21622.75
65372,6353.5425
113669,24891.633
77028,182.92012
97504,5904.2266
107419,24705.059
129673,2423.0574
86493,43363.492
26186,16368.283
32577,32279.871
40961,8459.954
26697,2703.6648
145295,43197.86
68630,102203.28
33751,21519.012
121209,3875.4116
149330,5556.6465
92774,35354.805
111321,38924.574
143624,20707.01
39236,34308.87
76183,4291.8413
76967,86619.29
142982,6545.3013
126907,10233.576
87746,41448.754
88789,12268.36
85178,7773.0947
134062,81272.87
94912,32673.586
79827,9112.765
118503,154709.92
133524,52760.426
18677,49925.59
99724,22241.172
136189,24567.164
22322,43135.87
5193,38684.1
83340,12027.918
129073,159191.05
72563,39978.64
85133,15519.786
217,16649.207
16455,84298.11
115427,5410.2363
95952,23158.693
37858,44222.867
146641,23932.066
95848,8260.029
92883,6441.7007
70329,7147.4346
28764,79717.414
68246,149231.62
141258,24723.2
37653,3838.3596
113170,42453.7
2759,16137.297
75277,8227.118
37182,7957.0977
48814,8376.524
33795,11627.891
113904,95144.875
77058,12987.296
27527,3942.6511
76070,6696.2627
90213,19811.365
105612,125745.94
82745,10328.424
33957,5561.658
9102,16388.408
7402,14662.295
18667,80776.89
142157,21803.234
63544,4792.13
137435,8193.516
123793,5827.123
144678,18624.053
93033,29390.941
121801,6148.45
127698,80346.484
20150,19217.361
57770,6413.329
126047,10276.177
147295,203211.16
60047,26429.445
126469,39042.43
88243,29712.676
41386,2513.3843
82617,193058.72
136559,57270.734
101751,24001.367
147028,4313.3047
128610,4358.8896
26568,30877.059
57807,57298.383
131806,5421.1514
130253,4762.2134
54901,7851.3574
108875,164967.1
12007,48307.664
119463,68317.17
47064,2832.4734
16961,12131.437
110603,75409.51
136083,12217.117
100915,117225.25
16588,59766.43
132422,4155.6953
57474,9602.566
20013,45011.71
66061,8595.189
119101,17000.713
18327,18762.863
45613,104513.29
121925,14544.01
24272,49886.152
45927,34304.105
84238,29872.824
10607,32478.582
27803,12563.859
91126,3846.3494
101088,12614.707
61995,39456.66
10654,23331.916
77824,65188.582
13651,15258.931
27827,47893.066
19084,28536.42
43598,21203.646
97047,619.15424
137125,9516.038
134578,109303.305
122824,44253.566
71804,28927.885
29213,8536.358
915,18286.412
17121,41080.04
66135,7795.47
111645,5263.155
16017,29854.8
60453,5066.05
26617,21506.04
145224,103150.22
24870,8986.218
101350,40103.21
16360,9530.005
49936,93629.586
9600,7370.223
51598,15993.496
3870,211206.86
44853,1694.8585
97910,19739.59
18737,68510.42
48442,6114.214
132813,45943.723
11625,162567.19
26642,74110.62
86246,91485.21
125921,12802.507
30997,50486.223
13009,3205.1943
19299,29052.533
22557,84680.38
114730,15305.216
115986,95943.65
8022,27981.668
47635,11313.424
55621,42682.96
18699,13461.977
38224,23079.68
62350,40326.223
30333,29022.41
62014,48501.332
32880,3005.3762
115914,28048.828
91378,5190.0015
99287,11354.468
5117,66014.94
18501,3627.6934
72817,215623.17
106188,17181.633
134298,15530.926
10240,2458.9731
81112,31087.744
72536,63383.324
95091,56109.87
122874,35163.95
131737,21595.553
47658,5580.9434
90329,45517.707
40827,2558.1125
147951,79711.766
144156,77397.625
129450,5415.1406
100538,73123.39
3157,1642.8179
103812,8421.239
25405,8391.424
14498,24692.17
118652,109819.63
37531,9039.382
87487,135757.64
121168,84140.36
121245,1580.3975
140999,9001.558
12220,8625.282
99129,42226.266
98629,19103.324
89014,41384.18
119061,7774.947
120791,12545.2705
146166,30939.244
91061,51719.88
19744,3787.8
96299,212579.06
147456,40920.03
15853,65147.125
25650,11279.8955
114677,39900.223
93818,4238.0005
7966,37459.34
63454,609.0583
104522,13183.051
13274,38263.414
79215,4087.704
83646,82964.43
30725,71272.47
72655,207709.66
72167,20487.607
78526,3448.4912
141604,8453.411
30126,9519.091
85441,166862.72
113258,2859.8784
13950,18944.725
39585,12989.464
115930,32833.543
52878,12075.05
25652,121040.9
32909,49789.92
14719,683.0403
47271,9187.461
147169,68864.0
26907,566479.75
12409,54655.184
2717,10968.948
88199,7457.8374
104119,14536.941
56724,65614.414
15522,25964.902
71167,23186.531
75585,10431.671
17949,2744.914
88210,14930.8545
68789,2853.4534
140586,86919.08
121481,6722.171
30101,52554.793
40686,23727.29
69344,55254.25
112756,5828.0474
42599,36713.84
15216,33833.715
76732,29103.008
74352,20504.117
139876,17795.451
81420,29418.07
62140,119523.57
114247,147922.89
62303,1108.4049
62288,22933.557
149411,22657.271
129245,14048.691
55542,3318.7144
4215,35814.797
122990,48469.28
148539,15462.892
70674,33239.746
18517,2154.3428
57232,37934.848
116207,94739.234
135226,34919.24
107000,31391.545
106168,35696.16
60584,30236.574
80534,1187.7737
479,170513.73
138834,6899.372
144019,67172.8
11853,12499.764
61061,85372.375
132336,39889.035
67909,7806.5083
86702,33530.156
43960,75616.38
125936,93793.51
114188,320369.7
36025,187636.08
110643,27418.889
57177,197830.19
66227,11642.898
52014,2202.1917
28577,48822.117
49242,4918.671
101052,77014.914
7209,32340.188
68298,80347.27
47410,1333.219
125724,79027.42
80587,18688.244
140385,35575.38
67879,3366.0754
127999,11063.831
9750,9150.543
86972,119495.71
134979,38823.746
8939,4488.432
25366,82798.375
49557,7494.4443
89208,8119.894
23659,6069.6084
31560,156563.83
121348,86612.0
92195,14850.426
44039,32648.943
140971,4703.7065
125874,45845.74
94632,53343.41
17633,3789.876
66602,6116.487
42180,34889.605
85253,49742.86
66250,24975.252
89134,36915.61
19975,6557.092
129036,8499.453
123629,23246.346
47600,48098.367
65446,92926.86
67395,16492.807
56545,39236.395
40773,1083.2089
52662,3409.5916
149753,33741.895
38320,56709.918
31375,11584.748
52129,31522.371
65230,49422.55
147174,4729.129
9586,19907.953
105320,15193.616
124527,13103.681
115902,15426.833
51897,35528.168
144773,6024.2417
127046,168338.3
12920,8441.868
14440,26249.518
27877,10403.97
81311,89456.8
146091,6067.6304
60134,13791.538
48759,17075.68
55132,1611.5643
145168,25367.168
74408,8241.702
55810,65951.67
88412,31402.53
116937,41464.293
15093,158232.67
55793,38873.97
144180,45653.035
14153,17791.148
55514,5325.965
129317,24719.256
14914,3843.8289
46369,76446.375
82917,11817.294
144837,98260.15
37677,54145.176
44773,11072.4795
42743,14479.149
114823,5724.649
114395,6923.7383
49620,23106.205
84999,20324.072
84168,8383.498
144151,75743.97
79546,20162.75
65231,10158.053
140386,465760.88
52320,111772.414
133935,5888.6133
145409,64786.4
94541,42961.63
141161,8178.5625
96322,23189.676
136681,90548.914
18475,8465.388
147594,22149.852
129022,7402.5522
10358,45948.293
10773,14702.514
114024,20700.174
97907,80563.89
147414,28995.053
9098,44959.48
21905,3744.3186
75924,151.14832
49091,62696.62
27848,3819.6448
116310,55485.652
87597,19052.28
22014,948.16437
106723,5770.9756
91442,266309.16
46955,167974.28
138758,8563.826
8303,12369.276
26587,11189.581
132808,27856.506
49132,88434.54
83132,8303.37
36308,92238.12
128521,7858.131
48015,45209.45
41507,13692.976
45470,4335.9834
2012,13174.308
24024,126980.2
124661,5422.613
90259,52358.773
55996,3850.627
92904,2178.3528
65521,1619.6688
105800,3554.7996
38469,47340.598
13698,109315.89
33141,44078.02
37884,475419.25
111464,101823.71
51142,6146.874
33534,32718.693
50485,12761.67
98681,59630.83
15693,13695.644
139599,1230.9425
134664,19855.61
99958,78285.69
49803,10070.718
90215,16866.504
101120,6546.6006
136796,10599.962
139794,34541.574
65263,66610.19
89892,2660.9756
138202,49706.25
1619,10316.448
51052,61078.297
38835,168980.4
59384,88675.914
51948,9803.478
78241,6932.7544
80949,16801.648
29145,95206.26
136077,2474.6262
38211,23134.053
11226,18267.133
91081,20117.02
44513,59489.17
47470,9019.785
26927,206782.78
35712,6260.4854
142839,11668.776
96403,3063.6719
131497,11132.712
101575,11014.054
58727,3228.6582
129030,2999.4055
44612,55677.133
82421,21250.578
34042,44150.03
6875,28036.064
117222,130454.63
89289,27773.084
54325,19950.832
49910,5762.4
96551,24836.148
138413,66619.61
11312,6733.8745
78066,23367.525
97926,6549.635
146235,74007.75
59439,15326.875
120786,116273.29
87401,53312.46
24033,167450.84
144308,1943.8387
45162,42882.586
14188,12271.816
114643,11892.146
57358,18353.926
116138,30997.479
94361,117245.09
4971,93069.07
117232,11909.395
97860,8910.657
23245,21140.752
68419,8593.464
82954,14071.194
100722,36466.797
145969,170002.89
74582,26417.318
146342,3949.1492
137711,8131.219
119062,31408.18
9484,7858.9336
120418,27378.098
18516,2906.6494
113584,132322.64
77782,28663.42
42564,4647.0947
137510,101288.76
75787,10750.643
13297,12746.082
49926,100582.164
82308,47022.645
52520,2174.7031
147933,19989.156
33601,10286.8545
113602,72817.52
134479,17881.74
34785,33359.45
47794,120050.43
66220,4795.1885
143577,232359.73
16492,97105.13
18069,136496.0
101053,18591.312
86753,42466.16
141096,29956.807
109162,9562.79
144557,53551.88
47774,4872.6836
60407,18044.969
23684,9163.289
62449,27497.787
5203,286380.44
144851,70864.75
112034,54786.008
67476,1211.6138
17349,66064.96
974,1869.231
120266,32787.285
113257,22313.996
21026,105237.945
44867,44265.953
3251,10506.967
27749,9353.991
96510,3379.2397
131513,122384.62
9949,54641.11
8845,68501.86
60417,100403.86
62693,73984.336
4465,37467.1
135390,11312.974
133243,22793.783
132807,135046.97
53057,61513.117
92406,76153.08
113944,11118.209
10469,40695.01
65296,81668.18
24981,6301.329
42958,63192.4
30088,17525.645
123520,13144.419
54812,15330.271
105430,66735.71
39751,6013.753
93761,41921.52
71324,22051.28
14797,23133.904
146882,10030.214
57763,145097.11
33688,18186.566
12395,1271.5507
47259,7523.659
7452,47509.6
138695,63267.625
54612,17170.604
33304,5413.4067
141323,28446.979
39824,11948.323
64601,74587.375
59454,11107.322
139321,20802.21
28643,85792.7
109132,22850.338
5590,19033.688
28173,35920.246
17600,7895.6826
90785,18764.31
91753,21146.68
14772,49360.742
10931,29576.75
138285,10056.971
91431,15433.269
3670,6734.313
27824,34182.934
94722,27597.344
42362,26447.2
134406,32159.326
92855,14891.748
144684,8503.316
104474,8762.5
49058,30558.523
71560,98106.625
123145,12600.647
127405,67242.086
39642,26837.945
42674,64480.227
91920,29177.484
74477,18183.205
113301,3591.5745
109424,5657.3145
36988,33836.234
96678,8265.872
92610,28298.357
115062,9999.962
45679,32116.133
98422,46562.26
19925,9549.371
80031,47246.383
91914,7640.856
143765,15808.289
118201,7998.7163
116708,18597.053
101880,9248.343
31501,21264.68
25668,11901.099
18719,55653.945
77171,201637.45
104067,47391.336
9844,19827.158
23079,5982.1455
11951,34569.242
90952,13331.016
6402,8164.643
95893,98047.13
126013,81889.25
136377,49740.973
101769,72025.98
108386,13851.513
76461,38905.605
61314,9242.666
86832,35025.2
57805,12180.699
5390,27857.924
92639,16893.58
132382,5206.1885
111951,12309.863
56626,9772.749
8495,22933.25
58475,21274.023
99099,14966.66
120645,11300.215
72208,14815.8
17809,5413.8003
57826,4063.2896
115305,38544.934
133020,12841.616
29475,21686.06
128842,127089.34
24919,16982.705
112770,2368.1
60071,5334.4272
45393,146161.61
14902,7050.1353
18802,21455.896
23015,37540.883
44639,105905.31
109521,5439.0063
69803,720.93097
131446,63723.688
58061,6223.8403
141124,47499.484
62927,64817.94
68429,60960.594
21536,25021.432
97839,39689.164
44150,50068.445
111952,35651.13
32938,9413.095
137149,107202.29
144318,5682.014
24280,79760.04
101881,16668.457
17054,49181.832
89088,38705.035
17667,18240.96
134187,129662.51
134929,53051.14
104247,8382.244
72062,77829.445
134570,249769.48
28259,31071.932
112767,15719.886
81142,69262.46
2329,7872.5737
101452,20012.246
136103,35040.47
39187,18899.791
120405,4285.388
29441,8275.106
64292,5984.527
35412,16552.809
64619,9058.054
80128,47601.55
97525,64019.71
122244,63739.734
72901,11064.413
35492,43077.66
115593,9101.734
87942,44.863663
98259,73479.54
36248,47534.09
96915,28316.605
133810,84013.7
2412,21892.615
70321,35445.598
40235,54607.953
105029,6569.0396
30406,9019.264
45271,61475.637
90021,20630.22
69927,120483.56
94153,55434.42
73485,24735.012
31866,41944.918
132376,2926.1318
22375,116823.15
12915,6615.381
86707,4200.6973
60043,14243.764
133837,13619.465
68034,24731.896
25693,153678.58
75300,38945.24
144748,19347.055
58202,78981.94
97202,6407.9814
4054,25270.998
88963,2922.196
88674,17217.457
7128,146144.44
38315,79963.445
45801,45636.45
122523,37080.35
16108,42514.707
119182,41859.113
113959,52955.57
120296,244923.89
47819,59813.914
5040,51071.1
46093,120840.16
85058,23737.084
107041,28229.443
39902,82663.195
66129,59938.035
31867,20514.688
96163,11265.784
107735,15248.076
124817,65492.223
117253,24675.268
38372,48795.824
92712,81875.336
61619,11338.665
53403,18448.19
14348,105436.02
44529,38025.133
77836,40794.117
14305,12440.1
125524,232688.02
44885,4982.6523
112279,16182.823
25191,3263.96
52708,18261.361
96957,30194.42
56228,60382.137
43486,48400.14
129091,1745.0742
48271,54576.98
110631,40446.82
100319,15523.445
144140,56486.215
106854,17573.738
26007,105580.34
97841,6613.631
41975,467649.1
42249,11211.838
36428,95707.85
8510,4195.0728
123363,18635.285
17327,7886.8164
114319,112647.836
146028,29138.248
29235,11681.289
240,5621.1807
15227,9880.372
145843,75816.41
125451,10914.467
142609,15135.434
19082,40641.418
74048,6583.7
52580,33915.984
29197,60100.777
14407,52709.684
47647,3868.506
82587,9314.687
115144,100514.73
72051,43554.926
67435,5696.7197
58386,71917.5
52284,7158.878
96743,15313.229
127266,36268.836
110140,18218.031
36602,32692.643
10398,51811.78
117919,12164.666
12815,5055.6606
120020,11378.297
137540,99021.38
60259,1801.1154
56223,65041.727
53197,5920.5156
116581,20236.205
103640,18087.297
106809,25844.488
17711,26217.016
112310,62368.184
124815,35775.074
36175,18636.467
108398,20244.742
6689,1706.2314
45503,2539.892
146184,73386.484
15729,15731.72
107513,18135.158
77649,5648.155
23471,83918.336
78376,11635.177
85536,12074.879
133118,12165.085
84240,20307.244
103366,3710.3142
42391,13307.747
34632,18772.738
128875,174742.3
114365,83674.516
85309,67245.09
75834,3232.276
80223,2380.9653
37230,3315.9458
146883,49257.55
24212,62084.746
36152,4424.808
13834,242045.78
20156,7498.536
33828,66383.86
744,26299.863
102338,77847.96
109657,17563.008
17945,45539.57
81148,68524.016
114653,19236.047
79556,9576.453
11634,61789.27
122651,8405.693
34351,162394.94
23143,23768.842
39177,24441.662
133942,108547.18
78901,6598.421
58005,44698.883
64097,8367.711
39219,28954.893
36685,3682.359
113101,5989.6016
70304,13415.351
50950,26679.975
67488,51271.78
125722,4328.87
117697,47060.367
38832,45245.746
14351,151041.86
136303,52003.812
37877,47192.87
64277,18580.111
97889,5866.103
29602,20101.395
41361,97821.96
75359,31365.326
45572,18138.479
13767,12926.72
25482,6996.8315
38554,955.7947
20474,2648.7417
128362,37229.133
125948,4179.8066
122707,6379.4805
8509,82006.22
53335,88497.07
142611,79997.02
88291,28213.557
80522,25290.646
2835,12844.551
26175,49953.71
118381,11602.69
86637,13006.473
115374,27719.203
61496,4827.198
140551,19024.566
8385,12038.35
6920,9319.053
45491,57204.414
37175,80272.445
105775,17446.363
49566,80769.52
128324,49457.02
28255,3203.6282
37400,54250.848
138270,3955.258
122906,151296.48
117038,2889.5771
44088,3107.9792
27056,23134.102
19292,2843.7166
148950,69220.055
23654,58287.742
95553,27189.312
53358,17069.104
92727,14020.755
133819,33062.86
31621,73448.96
105982,7631.736
45656,15406.108
31257,15449.135
43054,17855.457
126301,46642.12
125175,15593.527
20771,17126.8
49208,10848.061
120265,11075.968
32569,22974.273
40183,75713.93
5898,5457.816
49581,12620.97
119073,44461.816
11106,61394.484
125037,18307.818
99073,13423.19
92705,32306.912
99618,25579.953
101098,8315.338
84380,3243.6404
97519,26661.13
95889,88559.89
125029,48912.477
130438,28475.666
120508,120769.23
147107,72387.31
9328,3618.6362
59405,29223.82
75950,43508.035
22327,39766.215
41978,18347.506
142247,41272.094
127778,64120.95
21844,12948.868
69882,4781.75
98747,29472.8
56326,26329.715
125069,7330.149
72433,17355.807
14608,4829.4507
107191,3828.865
73402,66100.36
100249,12249.628
65448,1622.4136
135149,26122.139
17567,23573.207
34906,120538.625
29263,23255.26
85112,66218.32
56124,73059.78
109692,2194.9788
65212,2940.6921
39972,63264.996
83301,37954.37
30095,14808.362
7186,3867.6257
46245,8776.253
86111,46818.234
83423,49441.375
10996,42721.18
11658,17330.557
143388,10623.194
39863,32977.82
108308,3983.4346
51880,8656.688
42093,12710.853
107353,15673.166
142728,9786.106
110933,1842.3502
132565,106624.47
48455,23344.738
34206,12174.289
68752,17071.818
33463,8012.1484
42546,56315.23
114177,85196.875
139004,132187.25
24866,709.7587
123490,8419.723
116766,111068.19
40476,51018.145
100006,26088.404
66898,65928.01
149069,16266.942
2674,26407.734
149004,6196.4507
112940,116271.77
111683,6530.448
23926,1770.6819
9221,4023.4705
69359,99098.29
117597,106254.85
82558,21407.172
95422,15982.284
59767,37951.6
80555,74601.57
11842,6103.03
118178,8336.485
92948,21475.34
38090,58642.71
21459,105417.234
10047,18331.3
68209,35590.688
111940,17036.674
16969,90435.945
145034,2284.253
130065,8555.265
121414,30300.723
109102,56035.992
22498,20193.041
40541,6321.6484
97678,26301.494
96509,4620.921
58694,10027.792
31014,1047.7823
96811,179893.16
124087,55265.758
124182,19715.135
119585,28164.44
121557,77222.47
48757,104105.27
129431,56299.832
124907,20840.162
78784,6457.36
144147,17371.98
139513,33715.98
36805,25380.658
50116,10860.819
117771,10450.863
73722,26975.309
54380,95890.78
85847,140886.48
37239,235434.17
43162,9524.864
21888,20691.049
11521,7985.3696
102425,32908.773
12981,15260.334
74328,15662.595
118952,6969.238
47620,70819.94
2632,16754.762
92117,22179.793
52523,30308.016
86880,18550.986
43213,47508.414
39602,79538.8
4917,7216.158
104749,3577.4907
141740,7792.4355
113318,16744.316
131149,4174.1323
93986,160629.33
117646,105252.82
99648,38315.5
5473,16400.812
97629,4416.535
148007,36178.438
134692,8744.537
122538,31880.795
113164,6731.0044
97015,7505.815
50633,57733.285
110978,34048.887
108178,22774.1
114796,58885.42
133061,31107.23
9791,16970.346
47385,2908.0376
47266,42404.42
58507,8885.61
112246,77350.25
121687,1627.5094
18938,47197.18
20898,8165.5845
52608,3008.6543
35066,3768.852
93263,4439.108
136946,9717.17
70529,14027.505
7738,224503.77
126559,5319.663
74254,16826.238
36112,14419.479
124970,53362.324
91900,21073.97
120733,42776.605
145957,43265.29
82220,6159.0864
69779,9258.311
3661,10302.788
61430,92309.195
138362,58326.812
34719,19255.412
106564,54525.65
48849,50716.184
52219,27035.863
117393,127502.6
133506,76520.62
75133,4062.6914
12867,12903.463
112401,43599.688
37848,19199.598
121452,6554.135
62539,12275.122
73507,19124.553
140261,32329.342
6052,40162.797
136462,10098.939
115599,39181.484
15931,10625.28
82942,4504.8384
41021,77743.18
112447,38554.77
69132,9567.78
35206,47906.45
141141,8388.068
99668,6527.4663
20803,39205.36
148925,5671.3154
52696,86616.875
39728,59955.984
16186,8956.372
106051,19293.922
76244,11157.001
126366,5301.557
17192,3703.5657
41428,6562.4585
73922,1583.9061
34072,23603.197
126973,1428.0483
33568,7742.9053
92661,31050.84
52121,60192.0
38093,34963.215
114104,7352.8345
101724,9262.671
97783,15529.355
14957,4332.5054
84576,88791.73
145025,3164.6748
88163,9380.907
79791,35595.746
65595,1250.399
74194,27139.938
103141,133075.72
9040,8512.818
35502,10513.456
111097,54375.39
108737,3554.9895
2234,17148.322
118299,199498.94
44932,18068.242
14586,68510.47
118128,38614.043
94283,18753.414
111709,4713.5806
93664,82275.92
41115,25625.17
132093,127377.625
96400,8034.6772
50540,68171.07
66594,28548.984
52381,6678.316
57498,44421.527
133025,23783.027
12243,12949.122
44230,18957.564
108053,164805.88
82461,60226.77
108522,23896.072
6610,8429.081
129665,44294.21
4323,7477.6055
46702,14536.185
39615,52877.83
136871,143823.42
34103,8976.031
85922,22647.578
136576,46143.523
5587,11573.011
95460,22024.482
40528,12643.156
20846,40045.086
30029,9067.587
26360,8452.101
15534,8666.386
23945,11943.982
125673,4242.9434
19267,57592.816
26099,21548.115
126783,6139.0225
91077,34343.79
37445,83499.4
10492,49257.227
24404,16270.58
89912,54496.652
136271,5258.17
84915,34119.758
99184,73404.29
121381,1436.8137
13630,44180.926
134633,9526.151
86549,3691.144
21141,59160.445
9950,15355.146
54088,5778.0117
59051,50776.77
60441,22958.76
110094,101736.195
143427,16553.893
42092,5392.0283
1365,8164.092
38939,23076.82
1753,11362.651
19058,84755.25
24399,35964.375
17516,60183.355
130683,5167.681
113525,6760.616
130404,26773.018
7872,19851.695
109691,11341.41
148036,58898.453
39169,2824.1062
57051,43209.543
70149,16365.307
147654,1259.2058
132911,173613.05
108801,2034.6329
17728,100290.4
95660,29205.422
23243,66922.32
116509,26436.504
19664,6969.093
129683,31471.85
127144,87184.055
79802,12148.116
67046,94676.805
125928,131924.97
134842,29797.547
79769,16677.594
49766,11958.439
136225,36693.35
127660,111876.12
20034,39244.84
72510,65927.38
80864,2181.4612
113644,15247.544
113906,22896.389
94605,13696.542
43279,17662.559
48572,174285.47
31909,17220.63
30596,29507.473
34313,6273.532
146491,8156.2515
61735,15325.303
75573,7515.3286
98632,17293.373
45085,45424.09
126827,55365.844
65290,4553.6953
118298,32824.59
83363,16848.506
100314,1596.4458
111328,10146.016
11211,8558.945
25404,4926.4395
49477,4954.5366
113929,10177.447
13252,10524.43
2166,102630.68
65361,24242.518
109840,49523.754
133493,18853.402
69701,45385.06
115069,51442.074
56876,44844.613
136452,93319.24
805,100681.85
62535,25689.363
147014,4303.1953
65670,45188.844
81607,19620.715
68704,11464.903
58458,56976.777
244,68103.13
85667,24253.936
32228,61345.047
32200,21577.678
84463,56819.594
117140,174391.75
75847,18823.83
28662,9595.329
40257,3751.5786
133621,18107.422
48971,7154.756
141570,96410.34
127743,5372.127
112266,25310.38
28528,5107.274
39767,7335.514
83648,22878.295
22214,17079.064
148836,12287.714
110270,19817.338
123998,21800.28
70899,9359.038
121660,20279.219
84257,52595.61
71672,30146.84
1304,32156.846
72351,107794.34
139899,9029.121
146253,18690.701
71878,147229.78
26962,2106.1096
60222,22555.76
34160,27166.2
8662,53551.215
67958,11808.219
141552,86187.61
36236,8405.15
85602,24915.574
102130,13567.146
45170,12863.827
32840,65772.586
108328,60319.94
74729,1365.5465
45989,95606.45
43758,61769.676
78411,73335.164
68464,13002.3545
51570,25220.244
118358,52634.273
136596,4630.3457
47394,6323.202
91209,19359.031
48297,47743.9
55283,28563.746
147488,6149.6665
42790,92816.48
48034,24651.096
3615,43253.367
130823,106025.31
42273,256300.61
123530,27704.197
137409,6791.466
75042,4881.4536
42555,13509.461
70642,15376.132
85995,38320.008
140702,45246.3
41116,37694.066
7449,71675.02
103426,154.70436
141730,8983.515
135301,20812.336
126641,28761.2
44442,16304.698
13851,5851.1904
85876,5510.0615
47815,6045.532
47078,896.57764
107264,13091.451
72220,14830.102
125785,5654.842
126061,8206.762
42928,201683.84
69502,9933.016
69248,6645.7163
5586,13062.232
25298,53170.543
35319,22326.643
37253,17382.441
46291,43221.664
22542,9134.99
45220,1743.05
39246,41360.37
2411,86289.125
12353,537.95404
118356,14900.499
12563,7118.398
86429,41814.402
144687,977.9303
97899,21781.918
120549,6068.527
140720,9853.706
56494,179177.62
36076,4572.9126
134552,2563.888
3597,5344.021
44990,16249.795
53896,91300.625
67712,1266.8972
136293,63431.805
103941,18189.197
72854,30394.742
115627,67388.695
115033,11164.2
99190,1746.7388
53781,18791.646
107723,6295.665
51278,68471.97
70201,15160.407
93092,8777.123
53811,55389.438
20124,61225.547
56694,98335.72
30747,5134.185
34504,59615.723
144543,26178.045
75893,42198.2
109636,5674.831
148225,37645.9
41195,9424.27
128714,18224.443
68348,12455.424
98421,83499.92
26454,58103.184
34452,14597.887
96900,2709.5554
30704,15302.534
114871,3674.0867
141802,26179.904
103010,12234.1875
758,30947.695
77265,63221.473
102416,37077.094
80523,103287.55
43537,14637.504
125979,5579.2754
90137,29204.799
106375,10970.718
12194,6395.052
41520,54347.14
49167,50371.74
119968,37458.516
528,14766.618
131194,63617.562
81548,20813.463
44048,13606.2295
143808,18015.906
93275,67082.375
126212,42778.516
117112,4434.482
113709,31990.24
124533,174176.98
87766,104851.75
148185,77776.836
116040,49479.484
68341,59766.703
149091,101639.47
69691,10913.4
44008,13410.952
89429,4631.9272
149951,26431.18
92158,47372.043
2975,13712.671
55396,56931.707
90376,20261.04
78869,51870.074
123241,17314.234
140299,1794.1796
115863,24326.867
60523,13182.195
110943,79697.6
102244,4906.0576
142812,88254.44
110494,33350.973
111415,36308.35
72881,105336.05
132299,27673.564
133457,19164.932
36687,13370.192
38873,45058.414
80328,7356.4766
100132,66663.016
124306,45064.117
40601,16803.117
7312,3503.551
68380,11234.398
66164,54422.01
86480,66264.83
66172,3524.4639
44467,14331.38
139495,122950.37
141120,5950.6646
53301,12271.343
13403,6720.8647
17386,40559.676
16679,13608.914
109024,6543.215
3253,27172.783
71238,45611.777
98612,6410.245
997,38130.934
1680,36259.152
50333,61460.293
15766,15281.857
77291,31261.148
99,22010.51
147608,5649.629
105845,82867.38
61406,165833.89
88495,16731.201
132793,9593.393
77491,11017.895
133130,7045.267
59348,26660.443
147580,31916.28
54554,3560.4702
62311,29323.352
47633,8884.794
50751,15128.995
96598,7200.259
122903,111471.484
98294,33358.527
95722,36432.812
129624,35264.258
68067,38057.312
144448,8340.603
36801,44490.35
316,163436.39
125060,6939.764
93614,42829.395
103504,93062.484
30191,31766.877
2286,35435.14
61241,3215.487
107026,43251.934
83496,21973.209
116250,6843.4443
55158,22758.21
51047,6047.681
75120,27602.84
126669,4224.3213
117234,28291.865
62242,2305.6042
29929,117615.82
108492,39353.48
31781,22699.775
141205,96270.9
12500,44285.164
104945,39728.67
32921,6289.3916
59197,24624.736
20888,36662.934
83540,19096.852
117734,7802.906
27706,32368.31
98013,73731.46
62171,8860.054
43624,52247.066
56116,101926.83
36955,25380.744
17761,90233.28
144759,103948.54
75853,185098.7
5690,16853.049
80496,29046.55
116346,10590.073
35881,4587.627
41002,102004.75
143276,23621.852
107917,57440.824
128398,6992.7026
116823,3126.8003
128721,17275.96
64649,1870.5198
120659,225206.98
93792,30575.373
102721,58338.61
26998,20724.807
12055,44293.98
107670,33842.836
145848,8923.575
88664,67744.6
45697,20598.852
134323,80331.27
20754,10879.737
40341,3730.4202
87077,10807.793
110730,4870.952
110995,177964.75
27781,16792.053
134643,21201.865
138949,11096.936
32875,91729.89
144249,6014.129
144010,12150.564
108129,104642.95
43656,14507.336
83171,47170.375
118976,5921.782
137758,8513.713
73690,2674.4832
51663,134922.92
148896,8247.337
137618,61799.383
31506,25765.03
71229,11114.936
123134,14320.903
118248,101105.86
81886,98044.11
110700,11546.282
88208,102966.87
102250,46530.29
69746,24471.191
120819,195050.48
140331,10866.583
125824,20690.676
89966,88298.11
54147,156230.17
115175,41266.69
88605,65941.96
80826,10619.054
128168,1472.6724
29991,54331.996
25220,101363.19
131365,18808.852
59483,3114.7864
49903,23580.994
86012,52513.793
48686,14575.347
74754,3768.67
17194,20620.904
114298,178309.97
78199,81183.555
128036,38976.68
15366,23035.168
109750,2441.6375
129742,7083.987
136173,88622.055
134920,111759.97
43390,98165.99
66746,66607.24
103473,25049.111
44787,24410.418
90998,48528.207
68920,125583.96
109136,67223.445
9836,460.66666
81761,53452.96
4217,22418.84
22891,13494.73
1752,8691.793
131114,6431.468
143177,32363.693
133106,12708.542
110399,16704.521
60598,151415.0
26683,6394.523
142807,7023.774
60440,2347.9463
144311,27877.41
57451,7063.359
29459,20768.178
141768,56903.98
87341,916.37823
97270,70182.305
103628,1834.2975
60476,862.38
127442,9206.134
92095,13594.23
114514,90618.086
19547,11441.156
94044,61433.402
91754,6752.726
147796,32677.768
42298,25433.816
22593,24152.5
52373,25849.287
51619,68598.164
146218,55231.625
97684,11691.361
146993,19023.99
146570,2650.1997
39684,149582.33
35822,102765.57
137454,16579.76
43055,215118.34
59793,38538.47
60730,13055.48
74930,96321.414
37591,66399.555
57513,47202.926
87554,85737.766
80370,26221.354
54879,3530.5315
106795,61236.07
54939,7123.688
97541,34867.434
44069,73767.31
68751,87672.766
3772,21198.28
26479,24603.426
28622,44292.97
57301,97738.24
61262,86542.914
99856,16980.781
33823,10177.794
58299,8935.491
147878,45728.82
114577,69890.1
92086,5951.504
133694,24801.355
31372,54266.344
83833,41547.34
17440,26634.223
10708,46251.9
117448,11665.816
111220,19334.96
135169,9662.272
119451,80106.48
61943,13870.527
114077,5727.4375
36689,85801.62
98361,535.4273
142763,22094.438
110565,47720.875
107815,58101.816
77645,77468.48
126679,72948.914
143139,10852.668
141247,9286.644
112737,16510.596
11239,40905.04
52544,9260.198
7837,6315.4917
33695,14565.141
34568,137228.31
139828,23768.219
32404,10543.073
74766,1085.0203
47113,33251.203
27806,7439.6875
69286,32531.398
6858,2208.0325
19631,10435.459
44218,3952.2468
91292,28666.658
142758,530.3489
27828,9861.036
92980,39431.508
20673,48814.125
9787,18332.24
138057,36692.656
5582,50865.91
64135,80701.97
93423,64775.38
56171,8421.756
59673,32558.719
64243,46714.426
146736,10097.453
58910,69813.03
35817,25278.164
34449,5607.3916
97247,9491.096
90484,22086.893
68984,13299.323
112064,20913.246
82398,4480.829
88598,5825.4927
130031,23760.166
86694,20123.262
25383,17019.752
58184,43839.277
81451,88028.29
38910,7395.7466
56185,2206.6191
107913,14323.432
43608,16503.225
40024,21484.129
131592,12471.086
2238,100256.016
99790,65161.684
64360,2329.0413
99360,8638.647
91858,33299.355
61324,7503.7573
71215,37564.723
119009,17437.15
47302,18113.578
142120,79380.875
109679,50393.09
99744,113399.27
137003,10495.195
12148,40396.586
135495,79766.21
53907,8483.001
110062,1298.9375
27504,7858.4883
98409,7431.408
49617,9170.195
11706,23527.596
3892,41851.062
94164,4994.775
43394,70674.516
18976,7044.101
49278,6101.149
89259,3955.304
49351,8995.928
110602,4500.311
105541,2760.8164
90033,22931.316
131311,5164.6636
110125,76161.41
116523,16656.385
69382,28548.135
55182,77619.01
43804,30021.363
144458,5132.6978
149518,94965.42
93975,22256.703
37386,4440.8013
37411,162700.6
95296,17464.336
121056,22064.672
138209,13098.849
21580,7819.136
74623,11534.346
136699,9758.078
8751,108100.8
111103,49440.14
89973,52000.95
120876,36158.668
71141,6823.3955
101031,61553.164
83838,22617.664
136470,5621.8623
4325,16012.664
52272,32518.668
84509,2854.4478
55806,81096.7
59303,5124.666
88924,200981.14
81993,130567.266
35933,83995.34
56305,5436.584
100408,13613.493
142083,19033.094
8165,5188.1416
88907,27006.635
115637,170308.55
96685,75479.75
71467,17335.605
11639,20227.973
100474,9150.792
96901,21335.852
126387,60515.36
27075,20529.809
34113,92457.14
95345,99668.555
138051,18649.531
66078,13831.148
135117,87262.57
76447,5955.544
60034,39035.387
133006,70580.47
41737,111828.664
91906,3108.818
129109,27802.914
82378,33550.348
97094,31867.059
21791,10550.469
111122,19396.098
144932,5088.2183
131658,3686.2952
83670,22956.77
91009,54973.586
34155,35144.203
51195,14192.498
59664,28564.02
6975,11018.482
61069,277.97745
59493,5845.4053
131134,8118.386
9752,8289.588
11671,82506.766
143494,23956.455
56224,98265.73
129442,22645.527
47743,41906.863
117701,44237.402
21608,26928.486
115764,406065.66
126100,16064.602
88915,2268.8413
65628,42823.375
116834,53584.586
5609,6268.0796
39158,12675.116
137438,15391.423
76503,25825.04
82525,30775.994
67518,27486.688
91723,3862.0032
100974,2254.168
61697,3218.4458
82683,5190.082
109334,43584.742
123271,6397.769
111689,3910.5571
56177,26673.682
21013,14484.312
101401,21117.238
133350,2035.3271
51041,19583.52
47771,6609.5356
145026,194302.19
138136,57943.43
2199,5208.038
73023,18943.26
45313,107632.195
51481,17555.988
20370,21964.18
13281,31330.848
103405,9865.651
67126,51472.633
52689,42609.117
80123,5684.998
133158,15588.671
94920,18206.88
35127,4380.5547
40861,1080.1182
47069,3499.0806
116500,4494.91
126871,6494.66
94924,26489.406
144578,8923.55
131609,35222.777
61594,29955.607
139522,12115.652
62181,4748.816
27718,31044.156
132004,11220.655
71699,18656.02
135327,13564.23
80920,44679.582
111137,23258.055
126697,5816.1978
71530,13048.27
110849,11627.406
68579,1397.9948
20884,3941.2964
93774,9884.478
85098,150937.8
84085,6585.274
143421,43949.516
125800,7365.017
72461,32603.887
116676,9391.704
35931,30171.34
135391,74673.625
73993,24096.736
106609,132367.92
58880,4292.469
47531,48719.84
21745,14121.594
51094,5152.6475
35572,53108.367
108202,96308.945
101103,22635.889
15973,3241.9941
133488,13861.37
130540,70809.09
91065,43352.945
89977,22955.611
21552,9508.249
92184,14325.766
25145,17587.295
17,23975.639
51728,21989.076
87492,9234.66
8244,96995.836
64936,129102.21
17689,30382.064
67166,32953.336
20437,19618.768
44162,26315.156
104608,2316.0789
70359,12558.074
149901,151105.39
19286,4759.8345
33046,27199.373
109871,23246.379
17080,19283.525
54175,18022.426
26765,30223.287
119645,67931.34
3142,23781.682
72890,42949.133
76014,10494.695
62932,4237.602
115335,77220.09
105587,90165.82
106348,99346.26
111062,9657.2295
38365,58579.484
26120,7352.901
28258,23457.389
77609,9722.529
48504,4526.0117
147704,35461.812
125024,25583.797
46101,14120.1875
41958,76367.836
30110,30266.623
104927,3210.5574
3984,5589.3335
103099,99497.91
35592,10317.07
29219,14218.908
110016,10597.557
111641,9787.41
34274,6803.713
144051,9843.665
112815,5493.6763
45464,18227.748
56531,5904.39
130989,19292.893
140933,88386.68
143841,41213.91
7653,187476.6
103281,4154.5586
91140,29067.113
17552,36131.785
94060,21538.69
47387,28585.82
24645,387480.75
47211,7387.8247
11132,30166.469
102757,29398.578
128632,125449.32
11833,71422.22
93430,54815.91
5624,2900.2373
90949,40205.547
54009,13518.771
72163,5281.316
25489,73526.46
132238,8803.705
28802,38163.07
53788,83817.32
140266,3699.413
148798,5468.7363
22068,124202.09
106860,4126.755
75782,11081.3125
15605,22875.096
131757,40204.016
32567,12900.665
3025,324093.53
48539,1248.2975
124166,17141.012
113988,3191.788
128993,18398.533
103570,58295.414
87432,144976.72
68531,136281.84
79720,17795.623
56557,12035.684
52756,28829.605
147198,45745.375
134071,8439.424
74196,132436.83
90942,6520.98
27277,43953.26
130171,7103.869
141975,19702.693
74060,9813.501
20202,69877.37
100639,12475.984
41308,8005.146
107781,6441.3164
51940,59492.926
20529,2500.952
692,37808.715
82375,36343.66
47511,9251.989
62391,305609.44
139009,10749.763
47460,7799.5117
100039,22255.242
77835,51404.555
138312,12264.212
56818,30293.861
109993,76946.945
16048,194617.84
99382,16965.5
40828,89530.27
80511,101041.984
142387,50494.223
104064,44199.227
113780,6069.953
43500,50958.68
116043,43126.82
123125,25062.074
100611,15899.734
43812,28837.348
46882,27236.117
79942,184411.48
41940,6840.2188
67862,106138.125
116970,34548.395
10224,89494.734
120147,9113.236
145858,95238.0
158,14126.587
32260,131927.62
56761,9776.288
127784,10501.312
36215,38397.56
120756,97418.086
66695,2029.121
143556,7002.959
49051,8193.512
129443,19669.871
16099,10146.162
105438,72280.72
122429,68271.62
103247,8410.924
108654,5011.8154
126868,1180.9199
24327,74942.84
100302,35226.16
38030,27553.344
146251,31710.629
143889,41703.215
83977,50446.16
139655,22052.914
72268,10915.557
63049,13212.518
136932,12621.042
90257,30446.418
126808,80531.53
83696,12015.846
83671,12785.288
27913,124076.58
22107,9642.622
56803,77104.33
57588,24006.238
36220,66941.97
115817,10441.631
143984,12438.417
29527,25188.232
130634,74961.36
149664,13116.136
127725,4728.6133
118403,2357.3247
70251,18086.01
53266,32437.125
145649,45612.027
56920,29141.635
16417,87667.76
110830,11797.042
101268,3361.431
14968,20792.738
127094,119394.7
97379,7615.3965
28144,2089.637
149311,11548.18
40896,54988.723
99431,10590.524
143738,20759.625
33715,29467.703
48302,6893.151
90438,1559.9894
89671,9570.866
122557,41980.867
139570,193930.89
40810,4400.9155
55234,32580.982
140388,40113.51
123895,14454.628
68832,94922.164
86457,457.02585
104565,8268.975
103462,6644.5547
139546,25243.143
106456,569340.2
8689,9341.6455
16110,31759.043
9455,11521.122
112270,53481.793
149048,17219.998
58335,21648.182
60874,21729.81
143404,90670.81
46326,67275.99
27453,194278.19
136724,17802.004
27202,23310.7
90534,201808.95
5272,4275.2656
99333,100721.57
125972,6437.083
46606,10577.36
38123,1121.9658
147113,3773.5935
134471,31565.506
20948,107455.63
111825,25633.271
131664,19536.916
33918,13487.773
75766,46183.125
19101,19777.754
77768,5827.2095
83753,6653.6123
127707,54179.23
88857,22188.541
86481,64571.95
99654,1688.2672
139255,31965.594
95021,1991.0051
40241,12186.358
115477,84812.664
5427,4881.669
116871,63877.812
29386,25925.053
93740,1254.6814
7404,16766.787
52446,190479.86
55585,23003.117
22855,26624.398
84151,15255.43
52749,25716.684
101908,13869.639
38874,46313.55
124571,44219.56
97210,98314.984
46496,6076.5996
22678,75334.07
79915,5713.822
72352,9504.534
2064,379021.6
53132,9953.627
59952,729.4228
146623,2504.8442
38341,6246.2227
60712,21920.2
29417,3018.7285
93457,43992.44
89961,88109.4
88069,10113.419
138048,93714.195
81486,17556.057
124113,7800.354
132928,15473.98
144603,8121.1895
42869,16496.604
43610,5184.617
35535,3898.9675
102669,106801.82
88203,133419.84
62592,9210.863
26887,15049.861
3685,2896.2224
61784,74828.51
88183,45891.434
65842,10450.51
95927,62271.58
123804,12304.867
146603,37587.22
136830,18065.734
86986,21334.387
50497,15330.865
3904,18225.71
109284,5339.0522
130167,32358.695
124308,8414.312
34932,31277.418
3811,1792.264
51057,76362.37
111545,47943.617
10766,14525.162
82641,5634.425
50130,17666.43
114325,18710.219
59451,6247.1533
115480,101685.82
26303,30461.87
33296,35647.75
93933,23448.701
15944,263850.2
86002,86102.02
87925,1745.862
53419,3158.5906
4071,9454.785
11383,61794.02
101254,114404.24
130180,39804.723
130239,11271.619
138710,5678.7017
29984,964.0622
21948,166269.81
115555,4873.6787
21854,40632.32
31657,46352.516
137724,23631.393
112586,20674.94
68570,2886.4917
119967,59874.504
47906,10111.451
128051,32816.09
61740,58002.96
95383,30200.04
141786,55081.523
120853,11290.01
80178,44806.58
146350,128357.43
128480,51118.14
7462,7955.6133
118675,5722.124
62797,41131.29
107352,8468.069
79073,19194.117
93234,39688.227
7316,10258.568
126019,23897.121
94045,43062.277
34988,92616.266
98299,40921.19
130456,6858.071
55568,21677.533
58149,350124.53
110579,46503.96
14978,9027.598
94395,8443.773
139865,47992.14
13123,177166.34
52938,4330.201
130236,33016.383
20327,41415.04
67997,6980.1753
40771,38460.21
43179,75164.75
54252,123845.08
136334,112755.336
90649,4470.9404
149544,9283.691
63414,6946.6025
68221,80074.55
147434,28177.268
32311,20158.674
113172,49737.246
138525,12716.947
23941,28837.623
78744,12182.339
34592,54190.582
38136,40376.29
121777,68796.35
22612,50896.324
108498,105094.96
54918,76553.69
46862,16412.377
32247,5711.109
72362,140712.7
31221,14614.222
113620,69531.56
14105,2617.8416
89041,129177.06
72302,6331.429
136729,9893.522
116025,44680.395
63268,219245.27
121794,21468.486
110689,17634.49
54874,24416.309
111215,10816.21
114152,116226.11
86051,51128.367
122667,21608.262
64464,129018.61
113040,9698.821
28880,13114.434
83316,30983.629
35742,173730.48
52826,89762.35
118911,24103.336
115610,16325.684
143666,19008.635
131763,7028.251
84232,85434.305
85524,160732.1
58230,29444.389
6002,16006.48
140043,7710.8545
8000,100288.64
136918,18946.254
53072,247791.0
96352,7270.1465
3558,26861.61
45645,85583.6
128322,106399.84
36583,98520.87
41683,77487.63
141086,10781.591
89681,31287.936
40631,8187.907
48361,121362.65
132860,3946.229
136739,16950.574
43917,571.50684
35343,29235.97
68471,5775.441
66443,28999.182
110646,16072.72
87026,4360.613
62618,9354.065
21262,46885.977
123712,2511.345
3911,22425.86
125152,53907.395
21474,7531.982
116416,103630.32
20390,321291.03
2048,72038.27
25745,106865.25
32084,38774.176
41821,20860.012
136753,72948.64
97935,60706.066
59587,40356.63
1122,66826.36
51960,84509.05
39411,2305.841
23334,159252.19
111746,91949.02
146408,6486.022
128131,5330.6157
35133,27183.266
80815,6179.197
32657,32871.53
10932,53762.63
81078,56926.293
108277,12351.129
4410,85018.78
32755,28524.088
73143,24375.725
128388,34244.44
118665,34550.637
15407,20520.146
91775,65422.24
123056,9267.906
50604,28133.27
82238,41187.574
108946,100681.78
52243,118328.56
116752,101158.29
73122,7255.036
75240,8950.335
50783,13166.803
62787,90028.086
47936,10961.49
132208,13693.786
16947,82338.12
108661,26992.549
82146,30877.059
41484,58320.293
73013,11824.861
68071,11537.079
148349,20618.93
122369,2416.9587
28166,17527.127
29906,6126.513
44591,112643.85
28035,10553.923
135267,23443.016
111559,4430.9585
128805,6444.843
88159,119815.14
96161,39276.645
124845,65776.51
122397,8852.716
49677,8242.57
1166,12922.154
55994,28861.576
129226,22159.432
99411,11982.754
109966,25443.297
71378,70870.76
104135,92165.87
37274,15831.323
131777,4128.5522
14622,3438.8975
100462,8049.9175
68318,36394.16
140944,46471.984
85606,130628.73
76092,53210.527
22285,25194.637
149460,2941.5117
118961,13480.564
15826,31278.79
67383,12001.482
33775,3633.2856
73776,147416.34
105364,217805.55
47665,143957.89
96050,25967.07
72475,3165.7295
74091,28461.158
30347,25384.93
138975,4573.947
10499,21451.977
33689,33284.5
26336,72151.45
54281,19339.459
77403,3984.9033
48139,4870.084
141362,14905.906
105839,36915.34
44316,46318.13
65138,154204.23
21899,10111.446
97679,19080.121
1775,5172.35
14282,19840.113
11178,2382.6643
45449,37721.383
67810,77496.164
3619,4169.4863
14564,8296.418
67259,42762.957
331,1368.8776
89190,37893.4
134894,25884.686
86354,4743.0757
6495,12949.583
5035,29241.06
148724,5362.076
109079,8451.55
67746,81631.195
32296,8537.529
21230,39611.355
114169,45998.293
108048,31121.623
115364,77390.055
149674,69747.3
131524,1782.1812
113434,17692.736
95869,24001.13
121509,235808.52
115918,13928.684
127131,23901.947
90393,8855.334
80043,32481.426
57185,4355.4927
84745,86103.96
134273,2474.6433
145441,39181.66
32511,14310.756
15730,13922.978
99552,1574.9783
97297,11527.8125
14701,18971.0
48824,16559.732
23068,48808.418
24524,7175.1987
39881,4424.686
67239,17428.96
62708,57281.406
24422,6354.5933
134295,85103.88
37092,47271.67
44029,29039.016
136165,23427.822
80652,16313.865
27917,11690.731
64509,26015.049
26839,106649.35
13534,16290.522
35841,94285.2
145501,19387.02
56340,4865.518
129982,13185.548
80429,54334.867
59621,25480.086
75568,2825.5586
148712,7555.2686
9026,5199.226
33496,9600.871
101476,10128.437
76293,4836.2075
47134,48549.75
71401,20715.123
38431,40087.96
94165,21779.715
123378,14399.193
48195,33752.594
122411,9486.055
65917,23816.277
106344,39751.89
24855,2720.7568
34217,4168.924
29651,117499.64
128942,67335.42
147656,3758.8528
67633,5982.8335
32713,23038.396
86518,17936.629
104237,40324.547
19298,22453.064
63384,35898.625
127513,10889.076
103121,175044.19
97442,18041.398
31597,4436.3833
9022,17799.611
19488,43683.355
31175,4839.139
81938,158047.94
58194,12730.855
106429,15094.996
20543,9490.833
99420,61435.707
40937,50971.055
77939,27580.92
128898,7006.2524
141822,8662.857
14343,34353.246
77109,46471.355
107895,16737.229
31426,11883.474
59531,8928.954
74484,95862.8
148533,29570.9
25519,870.72864
67940,136152.02
112452,9218.668
1111,12267.74
437,5549.1685
59255,12584.6455
100897,2654.537
91881,8351.324
91656,9399.545
81773,23921.854
13292,5225.68
116278,80744.29
65857,10776.494
9273,10276.195
146802,4293.4556
28623,9327.572
103718,76502.98
67899,3551.4316
113407,10098.709
138129,45480.89
65634,74262.46
107820,52706.996
83672,39972.727
143081,49279.527
80097,4861.7217
131911,12862.444
39854,31103.58
17015,38519.7
125779,7370.645
25464,12131.333
148686,61239.84
127962,38393.062
30388,10139.812
65501,18352.537
107590,72503.19
92892,13752.952
21627,3262.3088
107684,43775.8
48283,15271.754
34215,6523.1606
48829,1620.0607
1837,56722.098
76479,31703.44
102984,9666.655
94241,15338.322
10567,107757.086
135181,37378.387
5170,11770.339
83414,2706.8774
72484,64719.254
111025,9762.987
34009,68854.97
71909,60340.37
21677,15754.237
121524,2090.4043
117720,9307.123
102810,15787.506
136353,23410.23
64398,19334.096
676,788.00104
346,6243.5845
55254,17961.21
86162,15569.598
96339,16606.982
107649,139618.34
80506,9819.285
98317,5833.9536
96827,1381.5673
90714,32783.22
108870,2556.687
2642,19451.582
38363,297007.66
17995,4728.381
98672,26567.438
71396,73859.3
82024,44999.082
74337,4505.8013
95028,3904.9497
10488,30302.023
39867,10107.702
128044,2670.498
90706,91530.45
48610,36518.04
137189,23580.373
29342,20541.697
61950,50324.145
36423,55868.85
46985,48078.598
43265,60243.594
78358,10172.196
122475,54662.723
43995,125807.586
145241,35144.625
10178,39911.438
91330,88816.19
37428,11101.041
114018,6041.224
46290,10256.263
121716,26415.695
110098,101269.24
128542,10774.478
28680,17793.441
23771,60585.94
9070,2703.5376
54421,1160.3601
137388,18287.535
140769,18550.28
110421,289885.1
613,268383.16
37675,16697.643
72249,4476.397
37527,91376.22
92062,63066.258
77014,11562.111
6550,13002.244
49457,6156.199
43214,8325.338
55863,38533.992
137505,13000.147
62023,1313.9753
17336,69257.805
147045,6300.92
82994,67320.47
54484,4520.8877
42062,11642.436
113215,40875.39
88209,39744.797
81518,48710.67
122556,19783.709
27320,74462.984
94509,19793.4
142900,47179.684
17687,86034.33
24648,104293.414
41464,18665.662
91523,14359.83
57065,11263.03
54037,8639.67
35568,818.51263
67683,6929.9785
54270,20867.965
132151,28290.12
38334,101701.56
85529,6540.9204
47331,28173.43
97858,37864.348
89021,183560.52
83129,19063.396
124836,14940.737
104141,7423.168
64000,6071.7793
73669,43719.97
15208,9885.38
117082,32321.664
111069,18848.514
67931,21094.225
147765,29189.443
85755,94379.125
107692,69441.06
145059,3180.641
120823,5961.0195
8729,111949.586
43315,90961.55
110148,78674.695
140950,86878.32
114717,2233.8267
7275,19869.309
24209,49321.273
131059,32073.238
10573,15378.542
50342,35369.22
15877,81246.26
149078,16841.098
97573,71134.96
77057,38280.832
145014,54807.76
126922,23188.666
94305,6829.1543
139246,26952.693
95517,44656.402
3507,51316.23
42305,25163.5
118195,38113.543
86900,13553.303
12809,6654.3643
42540,17748.482
74696,116181.195
27865,11331.783
78817,24502.615
25343,3069.0293
94300,8209.042
41370,33605.977
56346,171295.56
124470,805.3311
142715,5958.1816
26645,6298.5845
129768,4569.9697
96441,21036.396
145599,9487.127
141715,163310.84
46790,11588.121
130750,42154.633
100542,75880.68
95176,27315.373
56435,27653.53
123597,17895.76
73256,13557.632
149624,32472.234
104528,12964.461
28328,553.1583
103276,50503.63
99341,33449.133
26835,20112.186
109852,17268.867
137293,21381.275
8811,8838.552
49627,16335.78
55482,126842.09
11596,10561.556
125461,102530.37
110731,12098.647
132984,30151.955
149111,35689.465
2273,9082.201
14918,7946.738
138948,66657.55
100931,44638.777
92795,53621.203
56295,57984.805
35657,37254.37
58832,79319.56
132411,90395.21
15205,150940.31
119007,21150.479
145861,54140.094
20403,10490.749
3339,89362.1
27243,35215.0
128856,12454.912
42240,87088.4
44382,28671.074
491,8747.37
62722,18267.271
53634,19959.023
23985,71721.44
500,132465.75
113071,116210.055
68225,159971.67
83574,103644.85
101420,39050.754
94916,9515.044
33565,9905.081
122166,18448.799
63978,48164.582
108848,18783.088
124229,6087.4297
82885,41235.97
55950,9729.257
13943,16369.013
51799,72428.87
30688,7950.046
146079,29669.043
85349,37134.73
141415,46200.203
142663,13819.283
120844,40351.44
47179,4693.152
44977,7874.955
74028,18433.426
45507,15765.105
18613,53268.934
18402,161899.19
44438,8406.465
141248,81275.234
68849,120503.27
21758,23447.553
68459,7073.3804
129614,57071.562
24979,12852.584
50548,201721.58
70186,41339.77
142605,16260.082
137253,16416.633
23808,16575.443
12782,10946.561
147015,15733.772
128664,8393.671
3266,30035.768
141071,12377.785
74595,54338.188
103989,4915.331
143733,15385.001
16082,2976.9602
89488,6738.7324
114357,63355.703
133159,10068.517
72799,19352.533
123876,126762.234
119496,33085.844
74237,8178.0054
121729,30470.541
66679,28731.928
11271,15549.084
115712,87652.586
127805,5466.7705
94949,17810.291
128400,93751.66
111860,5358.6475
14329,9195.625
3405,13761.244
60858,89107.98
133165,50326.277
19479,13317.005
122706,154531.16
106011,125909.484
99185,26487.953
127024,32122.465
20916,78504.74
128423,17977.238
28752,62287.645
127706,8619.689
104967,145757.64
20993,68477.33
80141,33249.4
37789,38792.23
144781,22819.668
79819,8112.9565
125374,15404.034
89283,3881.1013
109984,45605.566
48960,30408.656
25097,27703.85
123984,51618.152
86831,86082.84
28457,49092.355
54577,8148.0825
99824,177898.98
32221,84953.445
144597,37251.617
77969,21563.574
65245,16032.341
6865,38161.797
32037,3690.375
83206,39815.504
132317,6993.9556
31157,959.39844
72549,251960.88
116662,12268.349
126686,7048.78
128656,23807.176
15502,48589.645
36195,58956.59
124071,14073.041
28314,14101.231
129847,6326.9414
5735,14782.226
80773,20767.371
91306,23955.451
144334,37481.645
32956,30347.756
63163,8649.566
140322,27878.607
51117,10927.413
74363,53292.348
23019,3090.6897
31708,97450.83
133802,3029.872
67230,32749.01
70924,58636.152
138531,45915.832
123192,24594.846
95756,13238.438
4297,171621.95
88177,56783.336
118306,16548.791
92861,1621.8934
79548,37819.465
147200,8764.085
111561,65332.562
41363,6199.306
5093,5946.629
49353,182167.77
5133,52052.08
16732,68216.67
93124,7778.8696
89292,17957.174
98766,39068.14
55111,18462.734
135418,61497.19
46068,136487.75
56286,113918.62
99773,36838.82
26302,6052.073
65600,7753.317
142102,4135.2935
88250,6788.5054
74276,33952.246
97080,4000.713
33941,53335.582
148435,36077.28
130118,10105.485
1811,1836.7428
45465,5768.4097
65933,30402.105
30720,9745.145
10810,9031.063
98218,15109.874
76978,10914.452
115182,29630.117
94707,8435.838
112912,13919.548
70154,22008.404
73017,224165.06
65695,122964.75
71766,7190.8643
20852,28584.605
22360,103057.02
134504,10504.375
39159,30437.107
123073,13907.085
112027,3912.9788
73913,6813.081
30234,2200.2542
125528,59295.1
38651,25793.572
142393,54593.047
91329,66346.49
95125,12573.629
17918,30439.988
126398,9081.098
7841,8367.03
105880,13499.073
15259,25247.521
22011,4264.527
21036,26528.207
59625,38001.42
99237,12385.297
39413,65593.47
17817,192961.02
13677,5856.193
42423,3693.7695
111941,28515.754
65098,9170.809
136776,14022.294
62867,22792.047
147129,2189.9675
23386,63980.934
98670,9883.807
71582,22975.889
66958,20908.18
34229,39603.41
22372,24918.121
80015,29054.947
44931,7651.6807
144865,12637.463
122951,26045.854
39451,29802.908
40245,63906.582
144509,9434.217
64421,98101.805
6621,49383.363
36412,51175.72
87336,9217.228
111329,287926.16
31964,38352.594
26164,15552.804
88955,5051.2383
110199,10441.111
31722,152652.08
117212,12948.4795
12622,22286.25
50931,26873.48
22619,40295.062
45918,53859.188
18956,6023.06
96439,14450.766
39930,48379.46
147011,43887.06
101518,13102.921
69894,16655.156
36385,13894.832
93943,19646.041
79373,24244.826
14532,60125.008
13052,1322.4807
20628,46721.125
11295,222698.3
127401,84599.78
88756,5228.948
96225,90340.44
64231,15474.87
108151,8889.396
32400,26650.977
54925,68173.24
18805,38466.273
109762,40165.98
90599,52453.41
146312,8639.975
2947,596.6869
83184,31402.102
48056,30897.482
43828,51751.168
96892,70168.37
139206,6948.3594
93387,48017.223
118668,19450.547
139215,4007.1206
25460,42054.477
31650,106566.14
133207,30305.27
133859,7921.2974
95832,291418.3
10622,17517.127
92323,9305.411
56454,79102.414
6029,1796.9323
106987,38705.863
135351,6973.098
17654,9054.684
22827,34207.152
29578,72476.445
125350,33832.043
16953,157751.17
145233,87416.87
14306,14299.667
72954,38699.08
38540,57908.223
108634,5981.2646
66598,119462.8
47245,21159.473
127049,3299.1357
8411,19864.031
39946,27589.816
108325,9935.998
35755,24943.896
60181,20444.33
23478,16427.97
112716,66745.61
70817,18382.025
102160,12882.992
95730,22266.031
55590,140793.88
19141,53628.875
107632,6234.338
115373,59132.656
120951,5460.0747
56855,16841.27
104053,40291.4
143830,53941.13
23651,31541.482
90467,4663.8647
129739,4382.2866
26981,82394.46
67473,5795.845
81036,89424.664
83674,48085.65
27524,28109.875
145187,19566.08
124619,112712.37
15008,23823.5
46816,35011.438
130578,7121.4116
21198,69324.086
114893,54867.895
104679,17761.938
115740,21000.67
6010,54302.72
40957,57854.008
110686,27918.322
10362,62415.797
3416,9751.863
124719,15858.783
133186,3716.7603
131297,22882.223
45303,8538.209
24713,77945.84
19956,32829.5
91584,20925.305
45563,7939.5073
97451,14284.226
51049,12879.059
33526,36201.117
143475,29555.34
105115,7875.731
59521,15252.764
91519,9722.753
146815,104706.44
114958,6106.763
127115,8260.956
18379,7467.9146
23070,49843.52
39104,18212.795
47534,34267.33
26788,150992.64
59726,77976.484
146236,23088.652
66757,9061.25
49406,72849.13
8699,17933.326
23087,5941.6914
43441,14207.169
129067,6919.496
4629,37596.203
146133,19899.82
131037,72479.14
3953,62327.156
42091,8909.062
26052,163070.75
136951,25572.68
97737,34592.73
12812,12872.818
77282,156072.42
62533,12752.038
56281,49711.465
34440,14102.262
6300,9049.696
107088,13311.705
15176,46160.082
136092,51500.32
19770,23271.29
99468,116345.875
115172,3878.3647
93644,5746.9214
149880,7473.4277
137908,12129.161
116525,35848.664
75909,6163.041
51309,101786.8
61976,13103.787
100244,41255.88
95850,2015.9244
120431,181058.0
4858,99265.836
128682,72101.2
18630,92678.12
2688,6381.7017
41811,4318.4976
6836,8957.782
48593,83243.664
33241,3285.194
131350,5920.3667
33400,196579.45
50515,84715.984
131415,6560.7783
58750,22639.973
110852,51316.023
61125,86174.625
42027,10020.756
144178,33631.375
95995,22383.656
129440,65796.96
15368,3444.5845
91463,6723.7427
111791,55599.57
58053,6340.124
40478,6357.932
125462,13863.804
118967,77902.234
22243,1437.9031
16940,2856.259
8786,30072.71
23843,3323.5505
88176,39563.582
144338,1606.504
84307,87158.28
55701,97057.49
24152,118178.25
88959,36971.117
88607,11354.867
119096,3719.4097
25851,5256.3174
16619,6206.631
72120,4823.023
11003,23833.947
133586,6648.4375
11483,2946.6326
144998,52730.035
27621,24295.34
49572,40142.043
92059,23673.223
82213,3394.7463
96336,4589.9243
121304,84353.42
111058,6446.8486
66855,43201.6
107453,74795.94
39375,30267.66
130826,51566.27
53418,16733.354
102382,3389.5913
88354,13684.89
21632,5449.4097
67373,29588.865
113555,47651.84
18716,38702.223
49151,55036.766
25165,9381.724
101256,22157.453
88614,3231.942
30094,1289.6809
14073,3227.7307
82924,14036.676
6299,117919.59
58584,298466.53
110422,11851.4375
82102,61099.426
74152,38057.71
107772,16569.297
145243,35416.34
108620,12279.974
111268,16301.968
83748,10167.766
59106,60048.395
97837,13125.051
33500,152332.17
147961,84530.766
15452,73280.625
119455,16165.946
82553,753.1952
114096,7218.551
73937,45404.875
74717,25533.56
67811,6151.959
103561,7154.1675
96626,140639.06
178,61403.035
35049,16325.435
47657,9324.693
25257,23116.348
31547,122544.88
96216,78309.61
14682,7077.142
66430,24818.209
63356,33558.64
134465,28193.281
128340,53363.133
25550,14124.579
121766,23019.918
104308,13858.559
124885,67984.055
119108,55826.76
127616,6100.559
89079,23944.684
58183,17411.217
74879,7528.998
24119,33479.13
130300,5689.7256
618,6733.1475
142734,3832.429
19836,105610.5
2250,208149.95
100994,11690.457
137604,21645.295
84619,6240.116
52834,8707.892
139467,5721.3027
140053,12711.053
8412,28869.547
75894,82750.375
49673,6324.3193
53592,29271.469
107248,30260.266
110930,1886.153
136714,46828.934
41656,21401.98
87418,73301.875
141117,2874.2354
119658,33529.19
33552,4483.418
99216,7395.3027
17378,84825.91
99886,5659.54
114572,1868.5487
17248,63212.46
40392,50087.8
139066,44335.773
18371,7698.4365
89224,39928.137
126161,5685.404
115622,7875.4697
3043,20261.752
27337,38975.855
71072,111539.08
131930,28633.66
54680,6117.168
60520,262730.94
39079,5900.8643
83907,14083.068
120273,29742.758
13235,19415.072
129556,9371.853
83025,27443.605
42220,2029.847
46640,127378.96
129081,47177.516
112910,9165.75
142934,60193.582
38445,27017.43
138946,6395.653
52584,18433.729
72258,9262.224
5007,13594.517
47228,5464.6143
138367,36421.06
84831,54256.266
135951,18772.002
112332,18664.453
90185,53221.79
66490,45519.914
143234,29242.105
71775,2535.8591
2305,18783.219
49687,23489.47
133109,49321.0
77695,3768.8362
7545,39094.65
31162,6202.9375
108034,59411.883
94199,12795.158
63149,23879.146
89692,34218.6
115946,9299.533
35431,14102.032
51798,12969.358
15706,3981.98
107061,57982.523
129611,49407.05
100125,7493.7944
92606,100945.82
136013,105586.016
22379,1427.7347
54084,37498.02
77868,5871.1978
4161,2504.0273
46198,26092.684
131673,4500.4688
104138,40549.305
123297,15171.907
147569,8992.271
44680,168729.12
69506,90214.23
14573,170102.28
39347,71050.625
42430,18831.834
37020,8025.88
64862,21217.107
37257,2072.4668
40123,3595.6506
18593,9723.989
114137,46549.723
125263,19328.916
110462,1236.149
22408,15455.933
31666,40842.312
65463,24685.508
86274,102095.23
74682,3098.7815
126048,104051.71
99280,13812.68
13230,15583.781
98173,26350.531
79914,27053.084
84142,85286.4
110271,185774.55
28394,4188.8667
141310,5839.9824
147073,26282.219
80902,26057.877
50418,33692.246
107074,10021.9375
144793,44169.402
97349,23901.027
142420,102636.92
78159,52390.742
137972,9185.326
34598,38457.36
53392,17214.871
25617,21652.76
11741,110802.57
114706,2617.0283
2791,110188.15
108579,23621.31
114374,66752.88
134238,6523.2104
29154,52221.31
44975,21112.754
55816,10073.069
75206,9088.632
51279,28610.854
81834,10935.752
52492,161552.19
63755,27826.613
81971,14383.37
102692,6397.0156
11453,10045.168
21507,80769.52
125265,3375.552
146299,16343.118
27970,70434.836
76942,9704.11
133716,146065.17
60362,11001.29
118735,73628.91
125693,27002.643
21101,13288.413
101668,10351.657
85981,130302.52
55516,157611.75
54497,23394.809
115808,8972.406
56119,98995.01
143946,65197.594
147890,3323.74
148612,3740.3772
97881,4900.202
67311,6500.329
99947,15590.612
76829,129506.55
109918,11699.096
53983,4484.9795
71826,4054.5046
27488,10006.098
88320,85609.586
43274,248029.72
131389,5108.838
14072,10145.61
118373,11474.645
119762,20451.752
69486,51796.8
64333,15297.553
49205,7972.1655
16986,13100.912
135644,5362.401
112621,33549.01
7415,78205.586
1170,32659.53
148816,82846.92
102110,40508.867
6290,765.7892
79439,56743.32
42151,57830.676
117152,15874.004
483,17883.252
123099,5916.8076
144232,65579.625
20354,52059.03
53718,96958.53
56573,8288.417
135517,68104.07
81540,50602.44
54479,57396.426
24144,4818.782
123810,9421.222
116814,4914.727
78859,4569.997
7308,3777.5693
9454,37363.71
62681,16313.734
63827,153221.6
137031,84146.445
58203,9645.776
37929,32806.848
94492,34074.285
14032,20013.152
9727,2181.9353
31250,123102.05
52495,17989.65
54196,10636.9
90416,58584.723
42731,50533.633
109495,3424.459
142832,1214.616
120742,84792.3
76913,11065.549
132569,2346.4016
79278,15493.155
131711,114636.48
16449,34420.785
143934,12070.793
65330,6294.336
32183,60949.78
107637,873.88513
114440,62143.344
70609,25465.088
142104,33917.98
34254,7339.682
92520,171686.56
131219,13755.808
107238,85439.09
122604,23426.598
27869,81056.695
125443,41779.18
143607,77402.78
101758,37872.207
55442,63740.41
64757,18057.75
81918,1978.4302
144782,70942.24
80605,9433.308
76551,2717.0208
68057,16748.271
72212,91479.74
98823,136407.69
96440,73902.89
132953,35133.62
12736,3117.8604
131869,3961.439
148345,23229.494
104095,661.0074
31534,123988.99
104809,27888.986
123962,58107.75
66496,42145.37
3337,86210.734
142580,206340.08
104773,64009.07
9645,1378.501
7381,10080.003
37919,9711.507
7638,46210.832
12306,76595.57
38380,33681.54
57837,11239.07
72109,5649.2524
63631,65883.81
100550,9436.204
101971,18053.785
106319,11958.232
30528,100234.13
23756,16774.232
24692,40862.51
31946,87387.5
105675,18108.459
104186,32990.145
136329,54173.535
11467,112068.57
30219,13231.196
143598,33921.79
103451,7573.7603
81880,14980.164
141153,15835.058
137674,13084.101
109298,12115.693
62600,6985.266
109646,5963.6255
14935,116051.58
26963,15872.911
4390,3677.3342
91010,292067.38
114671,27310.885
132009,145266.92
145926,33317.04
89407,3262.894
36762,24472.73
87218,19950.15
14770,13962.251
144479,20540.473
95762,1256.7258
20159,126824.78
149063,80690.43
30045,99318.875
94562,4980.5747
44338,12578.58
49298,36353.266
121439,18131.588
41635,6330.409
30647,21282.44
17907,165047.31
132056,41539.36
18846,103285.94
35970,103338.93
137303,11642.448
125731,2199.0354
6514,6138.302
42164,71954.9
118613,40513.61
11318,40608.973
109382,31562.682
100772,1451.0593
122259,8604.48
13195,29789.062
39855,19171.305
58960,43284.42
95885,8844.735
14952,15010.3125
119345,9329.126
79090,13486.176
146059,60000.312
113250,57631.574
65144,75332.18
67449,53713.78
82644,12859.729
136049,11577.575
99406,3772.0205
46970,23743.266
100672,43593.586
147527,5772.5566
130233,20719.434
97445,4605.996
32380,93350.14
6470,110233.164
122344,20311.766
40849,13199.437
85354,4011.1228
56079,45642.785
94504,79298.34
44548,9658.008
70721,9512.134
39002,69570.2
51156,9671.383
14338,6271.095
140303,44717.793
42257,21993.059
11329,351290.72
113534,34108.844
75290,29169.895
112832,13637.6045
39508,295969.62
2872,200161.22
103485,10655.982
15657,17407.744
130885,75139.836
26123,59060.67
112610,50849.36
34516,7674.2227
34331,47603.613
42196,50118.19
131179,16235.579
40129,22705.617
128485,51420.0
95248,150862.62
141466,31448.762
47197,47846.895
56327,112525.016
106403,5702.2725
113066,4424.011
136767,9166.927
117748,21757.662
138472,58694.49
73277,18582.533
112133,5121.5303
17833,27069.467
148808,42234.516
7223,89968.6
90772,2622.019
25175,6988.64
23151,46799.285
35462,92649.99
61940,4609.3257
146903,4898.1187
123981,27768.621
116697,17130.56
45882,27232.209
103751,43662.336
118310,128738.586
131569,12345.157
91086,5914.4717
109963,118355.65
58140,36630.58
32630,200938.27
107,33967.527
38573,92641.25
143231,92759.58
129001,22762.924
122611,3267.3118
117727,205071.36
44356,12149.227
2948,3257.0044
147519,82867.1
108713,46811.89
34885,25402.805
29330,21849.941
70557,103969.1
111766,3351.4736
30806,110063.3
97006,16899.322
45854,50608.406
17521,14971.764
116266,25890.068
93988,87461.63
117379,68995.016
133981,7273.96
128355,37804.11
4421,21677.205
126426,27129.15
148540,15968.967
104936,35063.88
50784,121821.46
90628,24832.064
58174,23027.44
106913,13035.6875
83580,50890.12
104269,72066.945
98486,19754.785
45783,13079.903
526,8464.804
80025,19074.754
113445,27476.75
140758,12373.685
23218,23571.73
38451,39739.547
138052,6793.161
130760,36100.633
26406,38296.863
80099,4372.2197
8429,6285.4766
23700,14223.582
2101,38033.574
125235,927.16376
68847,17253.701
101934,50367.984
78936,24859.514
94626,6122.8203
102685,13257.424
99782,5796.006
33140,19356.41
25174,1566.244
43889,85971.734
128279,36302.5
57407,104833.58
123642,18120.87
102787,36208.562
115736,77070.305
35609,11151.636
44521,8165.779
32896,30858.324
94515,9507.471
58897,29566.068
98334,23666.21
104509,31236.225
149468,9262.482
98069,14345.898
60885,16278.709
28146,37687.26
134846,33735.375
48348,47850.53
128261,18899.805
148458,71286.6
85046,26150.785
55107,171753.28
38076,36552.246
130508,6513.0996
11138,46043.14
117303,27465.648
128533,40357.164
98194,16430.428
98959,37816.023
129404,23698.477
68538,8718.493
139654,37348.254
133659,39411.418
101991,8899.799
4532,6769.196
121227,32057.922
111046,44863.418
9790,26595.979
4581,33472.73
92104,103334.805
88794,1731.1854
95597,2213.6797
100403,50893.35
127879,25798.527
85701,7291.085
30646,9308.341
141882,9081.884
79490,38093.445
6199,43826.016
97517,87377.52
146390,10119.356
52486,22830.348
22298,24153.385
73052,107293.84
3826,26977.771
36180,15095.798
56414,38570.434
13140,45353.45
25073,25775.164
48340,12743.994
866,111934.96
116962,5150.5747
90435,36127.363
105806,138255.9
120367,19236.914
17649,38961.133
149724,75765.336
13377,33701.71
111738,18318.371
26916,52347.84
109335,27343.756
91471,3747.465
102057,27429.209
18303,1678.2092
142231,10933.103
28576,9136.45
11862,40860.664
69896,149719.72
97747,6250.2153
26988,19471.285
129880,11600.28
118440,30630.145
66905,36758.074
109935,102045.8
104427,1705.1122
138352,102370.695
92597,2156.3333
69604,38406.61
49157,29148.117
62587,4746.5527
102218,15005.751
75646,4745.8247
12960,5107.809
131575,8157.175
95515,259117.55
6560,14531.1455
2322,3561.114
117027,24734.191
110387,96299.69
132967,51516.945
77151,7598.3325
141875,28479.805
611,80347.95
43113,5221.0747
73211,6502.983
44713,53136.19
121575,15680.162
139490,111204.875
72648,83040.47
119525,34753.793
13454,21257.762
108727,7789.439
48624,45914.582
30593,36478.03
98593,86396.836
101497,105670.805
95887,109760.84
123878,4528.2324
113982,123293.17
82565,105159.24
78099,52834.906
40543,5163.4316
42860,17030.791
44331,16826.809
105044,11024.4
108937,68146.52
109338,137908.64
132615,46085.56
41436,9995.172
18836,46134.344
54402,45477.605
37249,42003.902
142680,40701.01
30060,34436.945
131402,105529.49
138278,4838.558
57261,10582.885
122230,18477.012
50121,17632.412
20283,3030.1377
36942,752.89856
140709,60356.35
15274,54637.297
115014,8865.416
59297,6599.7163
116045,8434.552
67463,268956.1
107096,39231.33
59544,54292.965
24658,38447.516
81598,4081.5317
31806,11740.065
45622,4923.225
105529,5946.9404
84607,147980.22
125228,104615.195
88771,5149.018
129701,2493.5408
126570,8839.482
105742,52599.74
73872,98524.81
12215,68031.75
55052,62413.113
121704,22252.77
110678,44796.855
44747,19182.08
108204,28440.947
137862,26331.068
65004,26159.207
111071,29241.68
81750,23263.21
14964,26003.262
49329,32288.219
7619,9791.9795
92212,59559.562
117433,57016.254
34014,48246.22
119899,52922.38
30597,129924.94
25973,16391.568
102065,17731.049
6979,124344.36
115449,7102.005
63974,30744.793
38553,90208.35
72092,81471.97
66868,50370.867
86113,5043.0386
82623,8579.332
56262,92689.55
58563,60947.164
128770,24984.664
49792,4075.3455
23537,9590.051
42037,12046.886
30148,13176.912
33555,13427.829
102651,10403.613
94629,58890.07
1081,5560.694
44276,18657.86
80540,18166.04
100928,13385.91
66705,12042.098
13685,4521.7607
73814,9196.096
60622,140939.08
21626,74548.75
65826,40664.387
47328,5996.847
136774,7947.0273
123460,46704.055
136035,89215.9
30964,36800.625
26899,101789.02
89479,13010.043
88006,20949.992
58670,24217.695
139441,81072.02
13056,4885.7666
20109,116932.54
117566,13051.498
91161,99728.63
144073,131177.92
131814,69202.49
14297,1252.2823
65879,37329.617
100859,16498.06
48287,28220.338
124351,21670.436
141183,6798.9478
54632,10945.9375
103452,191175.16
114100,12428.891
105015,35119.367
49699,12303.884
122958,23024.068
101731,201076.69
129276,29953.58
84188,14471.872
89138,200035.16
118409,4511.9795
33016,21059.113
146620,92294.23
12817,64300.793
78414,37774.74
74340,58675.742
112942,17466.213
131326,125932.84
11224,46545.215
52326,4027.7744
38319,16344.528
33984,5379.1724
17033,32499.87
129629,2407.1992
107410,17945.438
17317,27783.8
79757,10199.342
108896,33978.13
65564,7031.6035
141635,10342.532
149171,39548.04
136098,12491.144
54928,25937.318
133733,118598.13
10260,8004.9287
69342,54604.88
123163,5844.463
97426,31606.107
56491,25831.016
46771,88302.36
79347,108849.59
91380,17644.184
63011,11260.363
66283,13095.879
92879,32556.332
126926,38419.977
76410,10899.684
52886,36450.203
60925,17642.627
54119,17804.951
27514,9517.532
142600,38657.97
24112,35884.625
132535,44330.68
113653,75718.6
58297,58345.93
53800,7176.2783
70686,20566.922
130030,113930.08
145039,15011.201
136292,3961.4668
7344,28675.139
101074,16766.39
98376,1676.5068
121462,2926.9893
1029,100135.25
132650,62801.21
47741,64684.926
39303,47275.023
86607,64317.62
58887,3203.7986
33999,26497.928
94756,6830.392
10422,25890.578
60408,6531.8926
81358,37636.523
116519,3217.0254
107567,34153.15
72857,14147.855
84265,17026.443
66435,1311.3799
34367,30292.105
2175,6541.914
68041,114158.99
46779,4787.8647
67679,21790.928
37686,9255.836
47312,3026.1057
114616,95302.51
24492,16968.93
125962,215234.31
118882,125113.92
59735,8219.264
106208,12625.61
95412,52706.586
14970,113760.66
43750,27055.938
4666,33410.35
88268,23483.537
46025,32149.348
40599,46758.277
101156,34979.8
138833,17040.158
57107,947.1691
80753,26350.717
99833,21702.244
143684,6337.0234
75413,27719.088
64248,40505.12
23194,84844.85
111796,42487.81
88700,19233.93
125155,21961.57
27530,6952.511
68255,44765.535
115387,16913.156
38831,4977.1157
68927,117789.69
70987,8839.158
67329,57328.016
46678,6698.5635
146033,60705.617
105370,112820.59
76036,148479.34
10894,60118.027
148793,48055.355
113941,30102.363
36500,14569.321
18217,6295.181
30658,27611.97
27678,109093.18
50003,69622.164
54413,14723.553
2105,16120.269
100504,5954.689
71158,8469.974
29834,3561.476
74147,1501.085
114054,43295.59
111299,3762.3025
24121,11074.745
14705,4570.066
11203,16780.32
19652,86129.34
134178,34380.5
131166,15126.645
94302,110074.625
40262,10357.056
9106,16179.333
54549,614.4757
2421,34924.926
32060,72494.305
127782,13201.699
4700,6790.907
114772,70146.734
107621,108124.82
8090,41085.883
37657,13555.36
39463,4257.001
93433,32041.805
2665,102636.73
2660,10924.226
22922,103745.89
19285,45064.547
126852,5095.2715
61235,6689.731
132584,96815.77
15325,128032.445
42934,36779.176
44476,36850.316
46136,25864.691
116220,25438.059
41367,34042.48
32681,54820.69
21160,31031.816
45740,10402.201
105457,4278.6567
143103,29911.896
117677,8248.576
81974,42896.855
100509,12013.668
15431,39314.348
57289,5156.1504
3463,43503.35
79365,3193.4138
58998,53072.61
74045,8916.688
92040,5490.134
117191,24719.58
46597,8501.16
15422,17869.535
140137,102251.68
127916,32283.61
26179,44848.727
23784,72507.055
78518,7011.237
23900,18371.012
126749,4289.435
128979,63148.207
69372,26028.588
65649,2327.307
27476,11755.777
141178,23583.854
61905,3881.9492
141274,13796.974
45419,40559.83
115848,6481.4507
39074,2098.6929
29051,94679.805
62448,10111.782
5711,27874.557
111272,3164.3767
15532,90989.266
68056,9577.29
34327,17035.053
72907,55646.57
39556,4133.954
83205,103597.19
81543,90352.55
90154,98771.375
59146,25438.494
96361,37099.3
30163,9728.353
94213,18056.455
45777,15143.025
122150,4453.0303
96608,133873.7
115871,12805.767
61629,10753.307
45362,49124.66
86673,197682.34
74417,11483.373
138068,14211.358
101428,150874.33
141887,34455.242
99643,9456.552
107931,1826.2239
63417,39726.33
14192,5538.3247
65082,27932.69
28566,23658.22
72946,3867.5134
143873,81105.516
86140,3875.7056
40821,105569.73
62271,162559.7
70499,63018.336
123434,33323.19
130772,48715.26
131644,8752.1875
42486,24766.941
48738,49349.723
50992,3526.63
78774,106768.234
39243,4944.737
77159,15353.977
54102,5305.2407
13375,5800.5405
12077,9055.428
110334,6454.1875
129475,22730.936
132495,4826.1675
28329,31713.484
41163,3776.9805
29132,25614.467
78935,21463.498
63102,18444.555
69811,56443.723
121853,29730.912
101832,84281.21
90203,120750.27
133813,187008.12
9029,12717.68
99133,4641.2065
44693,15898.352
4953,122977.94
124881,59680.44
49771,4902.046
12467,26441.047
64082,113844.85
67198,89827.09
109613,5650.2
28517,12655.019
122022,23146.016
52122,5791.3394
79238,10060.025
34015,12774.773
48601,8384.904
109505,8986.375
53462,21745.629
28618,13430.995
136075,5696.194
70463,74167.19
9730,58316.434
15732,4562.686
43760,24451.77
107510,15528.22
22340,7215.268
103440,38086.105
16281,3117.1814
86199,15650.629
122583,9913.507
94452,24360.158
22486,57633.64
132142,99859.7
72500,19983.217
110287,8448.38
136084,49198.734
33996,6670.936
89872,14648.193
126700,69718.61
7441,70566.06
51859,31088.756
133511,11499.438
26544,13638.4795
49042,74187.15
23379,11220.789
72504,19986.127
139033,2861.0464
46593,11705.306
116652,4943.132
79542,15091.029
17554,17006.365
57801,11559.511
105816,12457.249
119139,72338.8
23648,17539.926
75168,114280.7
58595,4146.0225
104090,24535.693
120790,19894.059
107398,27275.844
114110,12598.372
76816,20180.184
27622,95457.21
101922,17308.041
52674,90502.8
9450,86890.12
20789,63341.86
116624,63343.85
111937,31846.1
148772,61562.312
149450,654.5212
11069,38996.68
70747,68854.5
140134,120218.0
43010,9457.253
75201,8163.314
92473,59727.934
110372,49087.727
59736,10170.054
123539,4466.2812
114281,9783.451
109218,14774.828
123525,67318.87
77144,9142.893
104084,17913.24
147303,6328.9424
45840,170969.52
112565,74097.14
97918,8737.693
93101,123145.25
82181,10257.858
121158,16066.555
114217,70748.2
65133,131222.02
14538,1817.0739
53687,33033.55
80102,74209.67
97844,1240.7794
58024,101268.6
31403,29081.234
80194,11514.344
52727,44192.98
46414,122439.32
131463,6629.891
26492,83749.75
97608,9627.276
145111,27445.982
139190,85935.555
5099,6540.7065
73046,3586.4727
115293,159991.17
9344,11093.023
146731,17224.994
79065,24710.906
56661,76297.11
124652,5566.703
71728,27243.188
95000,97198.15
38920,45012.086
101208,60324.598
100580,5470.923
138004,36912.97
24564,19481.25
89843,16890.594
51447,22745.129
133930,16449.488
140197,7515.4736
118854,5979.228
21694,108738.7
26213,96245.11
140604,27101.209
103709,18145.066
10976,83299.17
48928,59342.008
71323,66208.24
4064,34292.48
96505,19084.322
63564,6510.171
69026,5318.4097
71687,12786.388
123322,42272.47
131285,36281.97
94872,5002.99
24170,19382.674
84668,26508.643
122529,4381.102
88957,6773.8677
95067,85255.57
37669,23315.066
131829,5837.608
40540,19712.107
65781,6015.2197
62555,5920.621
62872,27651.771
117203,145832.3
32115,20710.648
134008,1579.2886
92204,13828.215
30663,16500.92
106619,13269.8545
44882,28525.719
99465,65148.883
12261,20498.346
82242,12779.908
93833,16718.145
15404,6227.565
58462,18883.334
102565,28545.61
2125,5740.4976
117951,746.06476
110218,8358.971
64816,21131.82
85640,45254.48
139140,29373.94
19337,6862.628
52820,63570.64
25577,98299.26
43648,48008.24
42051,10773.777
95505,122618.016
63848,35392.703
97487,8233.893
98779,23497.45
99860,8026.701
109731,12103.8125
130113,82577.76
124883,40952.3
66477,51686.74
91272,2038.7472
29476,8201.033
322,22469.938
84019,79818.71
66544,9231.983
47441,15429.823
11701,39181.246
58597,1698.7826
57479,16998.566
128030,101806.9
48552,23254.076
82645,35328.113
27176,16460.984
78848,15572.824
28138,16673.15
88091,4513.051
36962,15422.397
71399,8140.615
93908,25093.393
64863,112785.555
139340,1145.9779
14812,4613.774
146969,17873.396
124720,14466.199
106831,28611.44
53579,8429.468
98014,16829.322
26049,4722.1533
111832,16694.0
7224,34399.81
51578,15220.219
75670,15303.588
22427,25635.234
60218,24188.285
129761,9170.914
42723,23625.098
29336,44236.32
127125,100219.91
118448,6071.713
9775,33854.36
66456,39109.105
90384,5941.012
110223,8183.818
76149,10047.475
92111,12051.634
65089,7264.614
94196,5568.4478
113367,7423.68
41488,29941.592
141666,36756.027
148455,5143.112
35023,139189.81
127480,4620.584
135815,64841.695
2930,158156.1
135541,77999.53
80951,152646.86
143739,21777.549
46221,134111.0
31254,24169.543
65915,10884.596
81899,136010.36
140619,40160.793
95307,169707.88
63719,51966.074
365,8249.936
21514,237713.44
56736,5054.57
89245,40778.645
130312,5070.544
128162,7291.43
95584,9323.874
50127,14381.1875
18020,16678.615
109684,42069.527
128492,5148.6255
59766,156462.47
70278,4354.345
40154,41514.266
27283,10770.2705
43900,169562.75
1120,10625.863
38369,23721.232
108640,14972.85
55028,22647.854
16516,10450.147
22196,8665.161
94751,11390.636
73235,2056.7603
119078,3145.0977
78102,77709.34
122883,63503.75
134722,107260.12
109212,13278.7705
86442,63096.14
44784,7698.417
140121,3792.8523
105909,11602.67
83491,12172.374
67515,28988.08
134909,21819.744
39251,21724.523
129722,12975.783
84641,20516.355
117690,59267.28
140302,50665.875
16981,5588.172
7347,7409.749
106421,14024.773
14883,6743.803
109663,10673.138
97836,9679.8955
47671,12631.893
144502,32757.967
21178,223144.23
21935,81478.6
113625,82085.13
112849,9191.601
140683,36905.69
26559,50255.09
58679,14288.592
143201,25699.164
66126,52800.65
119501,160339.48
124285,19442.11
144636,4291.701
19624,47454.49
89017,21653.473
58581,6113.377
9786,17602.857
18452,16320.496
39198,17146.223
72019,5975.6406
130063,82958.9
113325,36011.176
67056,37085.71
52690,52903.734
61177,14138.426
110250,13560.623
75226,38567.914
101912,53594.246
10721,10272.623
134311,-441.62106
41703,258862.5
111687,3594.0684
38041,5435.8843
90596,18899.137
90591,22521.635
121547,5041.893
21140,402301.78
34084,12104.366
93832,12167.623
93560,34449.62
128859,49082.383
21280,15106.19
100687,11642.122
18745,11496.856
146556,77998.38
19489,38082.395
145771,17188.459
53357,12632.672
107671,24085.92
140646,4403.8413
79481,5302.3833
14690,7253.2896
43081,95883.38
106493,3436.087
34249,89306.15
40837,7276.3823
116058,22600.582
113169,6388.0967
96211,17208.19
48000,4081.1965
108990,5851.112
28889,10629.089
66736,10862.639
17722,16285.695
2007,15358.019
50056,22444.414
134835,38373.844
86672,5677.849
106939,79299.21
20902,5516.8003
119329,51219.41
138509,10576.36
113015,147827.81
109201,42693.574
6388,3265.87
73139,6309.8223
65192,38099.47
66743,92694.28
44800,24967.19
81309,53076.91
16040,1949.596
114702,54562.332
609,7312.7373
47919,48302.445
29159,72584.75
33461,35545.508
94430,32105.318
83677,6065.8325
122207,25228.625
20237,32779.69
113113,13356.306
96122,14159.001
67426,18150.154
122848,42579.18
9674,119526.83
24321,7952.2085
78223,20984.166
23949,5441.21
45358,99309.23
113624,160318.17
20479,4241.091
112795,117683.01
20701,61203.332
129899,37581.902
51618,44618.973
142437,31058.34
64782,9668.189
79959,13775.667
68632,14996.393
87147,11994.177
140714,3965.726
9643,3614.7505
3121,4683.533
75825,28423.414
8651,3788.0928
87670,31505.512
9731,22226.59
137825,19868.781
117449,1339.8348
73959,10082.074
37718,16297.769
427,29738.799
57330,57015.582
148370,92329.37
54803,38739.812
67114,297402.2
13167,84754.91
95142,7060.403
66436,23374.71
25498,82609.65
20305,12546.848
67397,14944.462
48227,24570.02
6556,15192.81
40651,10004.721
128069,3344.3506
96452,15418.367
133977,16890.312
45436,14301.924
21103,899.03937
17036,72467.67
31339,12995.043
94426,9118.728
66846,14781.186
59382,10982.455
77012,2339.3496
36181,6897.2007
138168,145823.7
113337,2323.5613
72124,15363.019
107736,11424.834
133968,63902.42
136960,89028.79
105254,17911.775
128187,28441.938
64628,10164.927
91572,31654.85
92756,4509.2217
139916,31223.709
89770,31511.006
29656,121675.06
10820,164842.06
20776,47303.105
27244,57129.51
18885,29432.266
100520,2966.2449
110990,8008.2905
12864,6759.708
65607,15039.154
122834,5374.793
140250,4590.323
77644,27216.047
108303,17168.719
66785,15690.163
27839,9527.395
80723,13316.58
138660,54985.355
107227,4782.08
12371,27997.021
107547,15149.608
66088,59057.156
73827,28192.922
39621,91814.04
106830,19232.676
62849,18092.602
75346,11904.439
90560,10411.159
119246,52187.703
22839,28330.664
30774,21226.014
104187,286091.94
26253,126808.625
14619,138792.6
58288,57985.527
104561,98476.48
49203,19024.152
76511,100757.305
120765,1336.2872
105599,104724.63
109848,24831.662
46226,25735.297
137756,88072.42
110776,4762.4404
120309,64733.395
1631,7744.5063
147876,74065.805
113375,10343.659
67946,7612.9736
7463,14993.377
116879,15622.615
31183,45177.02
38916,52000.527
133492,12920.188
16923,9912.694
79131,16968.617
22370,167603.86
94323,9451.25
50845,9086.873
137939,38559.137
70256,5347.747
140960,29273.05
125219,35560.168
113206,36003.85
98247,60934.492
106994,15386.893
109409,64814.28
135836,10119.426
126782,51552.465
145776,38131.484
47236,16640.006
73667,17167.492
140394,35712.0
58486,22131.656
119569,2115.4214
12946,15061.249
149496,33542.836
9762,20058.303
26089,20634.066
131154,38753.72
69438,68313.68
41220,17425.705
20643,29776.727
136017,168785.52
15408,13990.881
128420,39515.6
97181,41783.848
105682,13555.316
26325,12232.691
115682,4877.5156
24320,25497.084
7670,75618.73
53903,118636.85
69672,6974.898
88723,5908.958
13191,27815.645
48632,2159.895
132468,7481.9873
46264,24119.906
59971,14056.662
53182,11998.846
27995,24313.969
119344,7507.4146
32396,20401.896
85081,24351.662
94650,8662.723
82897,1177.3175
129352,44884.457
8326,27976.639
16195,75108.16
96473,5482.03
16155,34545.156
23921,64258.605
125012,7760.094
52697,2315.8772
115562,141464.55
30440,62158.91
16244,261676.84
15889,72827.9
51467,201384.19
50948,181136.92
78369,11236.343
113721,22063.33
64286,291125.3
16646,13980.761
119138,19403.39
15745,13171.641
42768,14839.91
145120,18222.287
80908,16498.207
78125,121142.66
105760,83660.25
132291,5611.7886
14805,4726.532
77705,11222.196
1437,68256.15
100982,18617.143
49143,26202.998
130112,47576.656
97843,19628.52
80023,183852.17
100023,32024.545
10293,14538.405
139967,8141.1196
30565,28601.85
115201,51163.652
71751,18223.252
78178,5974.0127
122952,2690.833
32025,11176.949
114833,81825.9
99923,80749.44
36208,4013.6357
118700,18726.307
110077,22762.662
96276,12586.677
39011,12927.967
7133,49833.793
75081,5946.992
20873,41687.207
125289,18240.096
83441,5616.5693
126054,7522.5913
103219,6106.9517
16675,9724.216
144342,1041.5416
146865,53952.332
138035,10396.341
91084,11926.326
72104,10255.307
111091,2114.1133
98366,58177.977
126816,38215.57
149525,194846.84
74603,35068.27
51248,19407.814
90174,39893.98
444,12908.844
31490,21394.576
9891,91408.23
49022,11453.153
117965,23639.07
67794,12737.559
63146,79935.836
12577,6145.6177
84203,133118.36
49983,84285.51
138546,12633.656
30951,33591.656
15954,16330.758
82922,29032.941
138798,18642.244
29786,1337.5525
141628,13847.919
104405,18967.002
60545,42794.145
61178,24773.123
63785,2986.5762
97932,1919.286
10246,99588.15
98732,90056.43
30634,69028.64
86006,25163.723
57915,18172.846
76079,162656.67
17112,54426.39
8464,49473.633
20307,45547.242
24922,52643.027
14245,5280.837
50514,68685.68
142733,6290.027
107435,4392.7812
58544,17768.059
130688,19199.484
15451,10945.791
73868,49445.16
111039,52837.574
31670,55312.555
94623,19492.125
19375,5672.531
18248,43555.395
57001,4704.177
78745,5097.6323
107208,15650.179
78336,72677.19
139316,2531.1174
84091,6209.556
96031,27346.844
70342,2473.8977
29436,34381.203
12515,47640.074
138558,82559.766
96838,5848.943
120360,30671.27
33708,119919.414
25670,230222.05
95332,4861.573
117964,18006.318
2802,8080.7183
77305,16112.745
122465,7182.846
135579,39999.246
27785,26584.209
84737,17886.674
86781,49240.08
58991,32972.582
119689,49905.508
53394,64196.31
81842,71228.63
14954,17642.326
29773,37994.723
46910,15916.333
144316,17170.06
97456,142929.75
96457,80684.266
80849,84086.85
101625,30700.137
43549,11526.833
8468,15806.77
132012,61634.0
17530,13114.936
55177,15340.504
49094,3274.48
143750,48150.637
84905,7781.3296
130342,38005.758
29590,11149.878
54988,20097.293
24675,38336.152
22478,33063.28
110781,15161.651
43513,9854.494
95226,73603.29
23749,6395.61
124123,83838.3
35545,10308.914
32152,21009.188
104966,60032.242
10610,79622.516
78252,67934.83
91579,1739.2208
97055,85440.84
49394,45895.57
63016,4985.415
41362,9191.61
34373,3542.1187
34740,15424.028
117617,27623.248
136572,9971.846
19106,2059.3333
119123,130599.77
41033,19064.193
117928,109471.484
30364,18987.162
72578,30742.092
47126,37739.543
53651,1989.4579
130503,143490.83
137716,20206.98
137820,60935.734
104092,14427.508
75276,6366.5938
134555,62737.105
82936,11970.211
10851,61062.418
107077,43363.066
138402,11298.915
32331,6576.0825
69496,4457.566
40501,47715.434
28152,41616.97
4813,1981.9642
10549,53867.445
136547,14194.436
2862,7928.956
138762,25503.918
46170,7833.6157
113083,68881.62
89070,95637.0
13416,77285.73
126637,26740.098
42309,6451.261
142043,5579.388
41237,98680.43
77013,9148.583
23627,22384.006
25158,9581.388
81602,26628.191
629,105074.086
46031,30557.234
28302,109156.22
32711,11631.978
106529,40424.3
35672,9228.776
46038,64457.51
12006,46704.992
143922,36376.062
116565,3387.1333
141797,41554.66
59644,120914.18
129295,28202.094
15114,157976.27
43778,87835.1
91757,58465.617
116330,65360.508
118290,11354.598
29960,2741.1292
84153,8343.666
31360,29221.01
112554,30210.148
70572,7843.139
34035,2901.9126
27554,134621.66
83111,5223.808
14627,6310.241
19529,7948.0674
110572,45018.406
133094,11470.409
21315,25268.18
144663,10063.477
131199,3911.116
125707,47455.426
89883,23129.004
140138,12421.952
110535,118522.64
118291,3400.6497
107639,33488.883
135304,23744.518
143019,18255.17
25200,14346.445
40016,160369.64
98945,34243.06
135942,29436.646
98829,5338.1553
142692,49490.27
109652,15242.637
115338,6437.9106
36752,32630.447
123869,56978.254
4477,32108.842
8775,7584.095
40297,5570.4434
59420,32704.312
88142,26033.59
54829,32289.361
96372,12333.456
115166,3080.0393
60647,36338.938
17022,7670.5635
35295,8735.879
86230,44358.082
139118,6762.182
127755,73976.79
63957,9925.604
65349,12517.181
12638,311072.3
144074,21689.723
130444,23894.234
49755,251511.56
6918,52368.67
41331,46115.637
137048,28190.09
60304,17599.244
146702,43187.074
47335,85353.484
28637,7002.5723
17739,46791.152
4157,9262.017
126442,18026.064
89928,88884.664
74606,341258.06
5871,48461.977
110884,1528.4237
6426,18462.84
1302,25945.496
11640,3874.2766
129511,12987.902
45914,6064.808
29506,118794.164
27816,60213.492
19959,102890.2
70328,14566.615
52247,1311.9749
84467,10130.558
61879,61654.77
67981,52985.16
134171,56743.785
75376,19262.06
64219,100822.59
2148,96411.32
52371,54006.6
14938,60241.55
54482,25117.766
107962,7871.4077
95607,12358.717
920,24384.549
133701,8752.089
139633,97096.17
69421,3700.1113
54762,2806.5725
124006,12896.362
73045,22517.305
118932,15765.709
94936,2805.9248
38740,122975.89
123482,6768.534
71386,102070.36
43038,38072.152
108888,21988.707
100950,37724.062
1636,2800.2703
6874,6556.505
78921,35806.918
122511,11309.912
53330,36116.19
135735,16735.795
97661,121590.86
6262,153456.62
13335,1770.7329
32159,75090.32
110342,90168.766
83623,16716.62
79201,4736.1978
40157,47140.133
74810,24642.83
18573,7569.3765
68556,29821.812
63517,8539.121
25459,21730.367
26600,21665.416
25286,38790.066
48466,8823.752
34128,8854.199
107412,64119.19
43386,170773.5
101524,17429.906
91555,1407.1459
4927,7859.902
34307,93017.42
141585,38368.926
13938,6053.695
82970,23055.902
119190,7068.6567
33616,17022.316
12133,10034.233
101214,9702.089
83749,155321.75
134501,22674.443
128496,6996.5044
63302,12280.827
19474,104704.16
132500,4381.769
25833,87944.984
111516,9230.721
126511,38304.824
94114,1126.239
144981,101785.19
143641,13034.375
64880,131541.2
18706,9953.224
137911,1030.0708
137300,17928.441
631,27155.8
51469,18603.531
132223,10024.899
60702,171716.64
17411,25387.578
37735,56545.94
12389,14249.613
119598,38060.902
63902,114059.26
17791,12807.685
36154,314533.44
91370,3702.597
48763,132155.83
87650,52061.715
18125,20450.172
148721,35331.816
119319,7751.77
67880,5109.5347
135125,56467.242
127705,13548.046
80520,9096.154
148064,6826.793
13987,3286.708
66741,52872.5
19636,14207.045
144747,14686.105
128393,61888.11
115076,107615.555
90284,41264.2
78126,6041.548
61624,56488.527
52687,30799.094
130495,17405.678
110329,11186.382
145750,3725.847
125138,45551.336
109868,43861.246
41419,28873.49
134032,105192.55
111855,78511.01
15640,32634.342
137230,23563.602
75588,3710.0266
37948,73187.67
86331,56188.4
20244,78483.85
30717,37172.156
129300,5428.255
65746,6050.3936
16852,52991.9
42666,80998.52
7963,5714.235
97,17034.785
104424,12037.288
95943,21483.947
86267,76302.9
37514,6222.9004
144744,4141.706
4288,60388.418
27276,15284.183
73284,48498.887
20297,46832.74
94501,14479.38
99660,1905.8846
85828,58436.285
69439,6625.245
69495,59882.867
136993,38009.582
3576,11934.008
88158,22281.158
99853,7578.526
106823,7763.216
54300,10965.891
122795,131161.3
67033,11600.538
28987,234816.72
149614,15669.822
51703,40047.824
75697,26170.887
121280,1738.559
65049,88541.19
28079,37536.22
82633,10994.27
42443,99025.76
63675,28541.79
144741,8054.31
131580,131874.19
131198,9061.506
15261,26215.52
108381,85163.11
103983,37359.176
137890,27182.52
50826,22099.193
105897,55549.625
143491,1164.2068
78809,3449.6191
11926,9947.586
12390,6195.145
64712,24654.453
64456,221325.36
132443,37492.78
59795,13090.577
73357,58095.836
46466,31669.242
44132,4249.1934
3650,28605.582
101871,36906.61
9052,2882.0789
149778,5401.249
123809,23498.777
58292,22186.79
37986,14543.854
124589,35505.586
13751,15168.177
13594,57330.605
37671,22914.875
47625,5756.068
111809,32968.516
125656,8170.7954
93317,11732.289
107030,12058.6455
94587,95596.305
87052,17359.355
40912,18902.352
6809,25655.72
124052,21074.783
4286,2879.9583
114377,11314.484
68612,101465.46
33077,19377.094
57831,24754.71
6611,24353.607
133035,21926.021
148607,98512.9
144469,12737.746
37543,7202.191
8084,10719.79
162,44635.42
86952,8326.494
118530,25378.29
112004,10291.807
22198,15849.74
56579,50628.535
93786,148198.7
6478,12422.868
100412,100409.44
107675,92659.44
140799,71083.33
51523,5762.496
44586,65612.6
1283,140405.19
33628,22046.488
91090,139289.1
80111,28626.713
116505,55109.855
26138,116051.48
144881,59824.117
77480,17538.434
123602,78238.6
91032,5527.7847
92539,22764.416
21012,82169.53
93539,1328.3043
36841,17774.986
102839,24239.62
45863,66829.52
13444,72882.93
72798,84615.83
124989,9421.256
108810,23644.92
96508,29275.303
30407,4693.2295
58405,25227.703
27389,96947.05
131964,13762.454
123463,53677.59
26283,12084.3545
39108,44555.547
90264,16857.525
26342,10873.075
93953,29000.973
112893,9286.305
11889,10919.115
55595,5973.0527
15285,7307.149
115667,31684.756
126609,4694.396
131520,35725.98
36836,100999.18
36804,7357.375
140337,2764.4463
59779,520713.84
30636,22317.748
4088,32966.97
47754,72074.09
111358,10426.411
14735,26991.988
66470,63518.97
81745,42070.95
53286,8300.13
97244,19770.7
119917,7864.395
67531,36253.43
51126,61177.637
88467,5052.0825
91113,37533.863
111723,26375.932
139460,7844.0796
52804,2489.1216
78201,4992.8867
72980,31620.098
117949,10789.304
27382,8220.74
129058,55368.273
70254,12254.355
62925,179283.6
114527,7961.4937
114900,34598.32
54540,9902.203
100916,6378.037
62916,33717.562
87509,76720.16
88486,11329.306
67340,7137.1294
82430,152073.62
107386,37074.67
75279,29737.57
37695,11697.548
103796,56536.043
31979,22410.994
53014,14405.739
39335,80010.516
85906,85529.97
92485,9530.315
124579,8433.718
87661,45872.773
129222,82907.05
88110,13971.353
68366,8016.825
13387,17253.533
93239,119992.2
36244,9413.672
38516,10023.253
107150,4693.378
15046,16323.731
101274,51189.777
8642,35868.816
61223,27412.094
102178,28104.004
50542,21473.125
117101,8828.515
148096,9289.615
76267,66448.52
35070,11083.741
93737,9606.383
134353,41141.797
99542,46470.348
87794,3383.1433
23620,67617.06
107829,26313.53
85396,6921.911
21053,3688.015
14478,64654.848
26750,158895.31
134266,24386.027
67689,12755.252
79234,9052.6875
95777,57765.977
91410,13122.118
61416,7681.7593
30348,48016.34
130190,61157.71
43312,6873.784
29769,63475.516
112787,5128.1704
2834,18902.69
91590,24905.795
83617,87064.22
21144,113513.09
137393,9370.926
89884,13946.317
47269,1888.4652
115240,4389.273
145311,24327.127
1792,30785.873
63771,3833.2068
20917,71112.57
70551,166361.05
90475,31562.547
83435,5265.098
136929,3121.044
39247,18026.785
103159,91795.73
671,6366.201
106111,6408.6406
123898,23244.791
78349,20352.709
3233,345942.62
73704,10884.195
147635,34120.383
48370,13022.444
96513,135506.72
66532,58328.91
65654,7844.3
52845,4089.7876
30085,1456.17
28040,156980.22
67263,16306.726
132464,36617.85
54216,39622.438
93076,33269.03
129729,45341.523
145181,80453.26
45282,11649.5205
68875,8420.802
60161,125602.055
105956,76789.37
60864,93652.62
60745,7389.2856
106074,14140.565
97356,73675.766
142448,20521.86
139305,131010.72
38157,159982.62
20978,2968.3276
75837,6809.6304
7756,65358.133
141403,11265.365
949,8581.476
74779,21370.146
106613,2380.613
140062,6959.278
14035,5159.504
43418,4955.5186
131774,41586.03
142436,5157.6494
15854,883.4009
11052,91169.2
128869,2347.005
35287,50424.55
89691,14747.889
7492,157739.36
56008,21385.404
120055,8205.949
35422,16688.695
1685,19968.994
78789,17810.523
56445,12708.334
46603,130241.98
89261,141348.1
147801,6384.2803
139052,19544.525
109326,17292.285
140921,2293.0686
79345,2688.3574
77952,8583.081
51510,8002.0117
25884,177829.83
111391,8943.959
72184,1740.7021
31043,1994.3312
75128,74507.766
79395,135772.73
68723,23834.469
86417,138262.69
65795,52101.08
142878,1893.8115
107113,20322.912
71340,106820.94
100297,6667.8193
45917,134620.17
139451,13656.231
109266,44499.902
53323,7086.0596
28240,49078.19
96650,9601.32
95492,5712.4126
126441,4703.921
129950,21516.598
85493,28035.168
60564,74262.31
75177,79006.78
8812,115304.18
119013,4669.827
1510,6126.757
41558,5468.279
24555,65036.625
42364,97989.375
43957,8607.715
40003,24187.436
5023,20332.46
108420,60538.164
84055,113900.48
40571,33914.31
32603,18332.918
64075,5985.5195
136235,7657.0693
91692,19645.42
88517,23456.088
77747,54847.08
75064,87808.74
81122,190727.38
2540,5342.31
92903,7555.792
7784,4578.4204
103034,22395.256
103287,142374.27
146607,13569.929
137742,100601.81
47173,3407.2258
75214,13085.47
43176,16638.887
139815,16331.938
36939,100341.95
3116,4182.8027
149920,34173.395
143214,41241.9
109605,39852.863
45584,15941.642
88314,7480.78
36232,23122.533
57103,42479.92
8494,13182.143
17881,16535.87
66617,51602.39
68248,517584.4
3722,4601.649
50496,30099.76
77090,24859.346
39414,12874.964
147536,30101.24
138406,64180.758
56806,12242.615
25805,9713.009
128092,79861.19
134388,63363.465
27296,113006.52
54271,48764.023
120931,4375.3706
81214,175870.64
127076,85232.35
29294,9201.106
14545,118515.02
84319,4070.5854
85263,68641.766
39817,14850.141
31913,50848.71
117847,32999.75
116360,20889.82
14683,12648.248
64985,15994.454
59731,16370.14
67159,4139.9326
138818,34100.715
85502,5831.86
28323,31084.047
70823,7944.229
132457,17453.922
38514,107676.734
29412,2137.4016
2223,33658.8
128878,95831.2
68296,31732.055
66804,93746.086
90339,22262.338
36405,98723.305
119944,74059.37
89192,43144.21
43095,87992.98
9074,20173.312
44367,96541.6
38385,17295.11
82106,18768.23
83564,9419.639
122637,5590.51
63024,10264.407
40813,137720.17
24732,123507.81
27192,24050.355
82707,6646.6045
12786,5210.8916
97031,10384.354
74429,53864.22
32889,6792.702
33679,6351.472
47364,1974.9554
41007,15010.333
110352,10397.104
46013,12175.99
21454,26368.764
2582,14628.065
79784,13609.817
40265,4313.819
134095,7130.112
80458,30360.441
146393,45191.992
146776,53099.586
115597,14098.598
28399,3272.332
43432,30982.117
15656,5387.303
103327,18849.41
49219,52489.105
68473,46730.926
59759,5553.4854
7566,3314.3052
63127,126069.555
37535,4973.5835
138021,101128.92
53639,42657.38
109430,20347.152
53092,79753.26
99791,29296.332
81411,2963.2498
47160,91057.25
37119,10035.788
130903,35030.82
125258,30209.115
70433,103389.625
100511,8952.44
87324,9196.429
137481,45945.723
76998,120053.22
82229,88628.25
100547,14226.705
13307,8698.564
50254,25561.52
143763,10976.677
141964,97554.305
118189,19050.127
67053,42956.746
29251,89598.26
71352,18688.643
123343,109439.9
109350,18882.2
70229,37292.227
94047,5732.199
29938,32595.895
91037,17397.828
124667,34012.77
78334,20361.172
18894,53271.37
63352,6283.2183
80536,11313.806
1001,30028.557
136647,46068.008
42652,4073.1726
123519,17134.496
107197,6121.019
60859,2506.609
48923,6356.016
6587,7291.521
31517,59597.84
144526,77856.75
35946,5824.4644
58964,1489.3635
63472,6472.5015
39773,6165.359
31473,6633.313
124505,49611.24
119260,12574.01
52952,129868.734
101124,8421.239
75726,21574.41
103313,26140.97
122056,40916.977
47966,34896.86
66974,57214.812
71629,13677.936
803,3377.8403
143187,7696.976
7936,10632.585
141269,4895.83
50104,28007.916
112134,44934.53
111977,2315.934
67625,44000.34
56470,20142.986
18314,58757.043
137200,46964.55
61057,67427.37
33829,43135.742
102919,11054.621
34301,2165.9448
140320,1350.2461
133581,13107.663
28855,106168.47
147372,18707.963
9814,5444.689
44104,3855.4355
131894,1394.2825
81767,32741.318
126114,25507.738
50738,45838.21
147730,81337.086
61029,133356.66
76788,38298.32
103649,88967.46
83279,68564.52
91915,34092.234
76442,18568.398
57690,18906.879
94712,35000.707
143084,3781.4902
82825,34130.67
69104,75478.3
63311,89902.97
134198,9616.05
120984,25769.223
7130,10881.811
72825,101247.17
62947,4862.116
50216,1122.5363
101458,57725.273
107936,140837.53
28177,32800.082
39853,23710.174
94488,5051.576
86349,11693.845
54975,17706.193
138255,33295.195
55436,26197.78
79902,13240.982
116861,8149.037
84429,10464.83
45309,74616.2
51468,13111.438
144324,107519.37
143452,42719.74
20054,227820.19
102734,28294.1
11154,18739.217
2648,11919.21
81839,51050.008
143419,15134.267
62399,118836.87
98958,11634.312
34211,8287.24
134307,1401.0834
7025,95680.375
80695,14699.263
28645,32702.92
97314,13150.433
2556,137000.61
2911,94064.47
117570,31911.303
93074,1835.1285
108042,5484.708
50897,9753.547
82877,59544.875
4976,51986.258
16308,38986.688
26817,12276.838
38870,6284.974
64238,12703.563
119544,9139.842
44017,14913.917
16585,1084.5352
103309,5109.1196
11493,99826.66
109614,11265.265
128983,19532.479
7814,36281.387
40958,21177.414
79415,25936.248
145868,51112.09
95228,6889.3003
121341,39281.023
86360,10556.434
48208,35984.79
44911,64205.09
12557,18915.203
24049,3567.3357
8900,6071.231
89904,76155.96
7751,10550.605
127061,36583.227
143311,15354.974
122037,23845.305
108612,7186.4307
106876,25617.459
86647,33714.09
67086,9542.566
145276,8109.243
84368,44783.184
6072,27558.41
108412,10865.649
113517,124204.5
138696,51459.168
94223,6148.048
130198,8806.258
133959,26062.102
16548,66030.516
129225,1221.5457
99814,8827.833
18013,45661.746
50195,12299.306
16353,88755.914
120974,15336.559
79500,5886.4116
63482,8248.014
21671,58414.227
51298,2138.5671
13747,28058.791
51462,12416.031
62694,30296.729
104312,40616.02
128744,15349.852
122129,24978.441
103925,5115.3027
146983,139776.97
76160,21890.76
33073,56511.902
139210,50586.777
59783,19545.709
97373,24661.148
93085,10820.014
3420,4946.1885
98526,22286.203
53882,19822.53
110877,16504.629
68496,78701.75
39352,8179.7783
144951,4473.336
79834,3259.4724
110925,93861.35
118132,11602.58
114674,91524.266
93795,63807.79
111141,6504.4365
57872,53399.844
8757,74442.08
144820,30902.691
13460,11766.77
78303,16195.8
12300,42897.848
69684,19191.797
118553,49734.723
40286,10564.322
91714,14960.488
59472,8076.075
7505,5102.617
99980,51297.758
54280,125183.88
31602,62031.2
9119,46640.793
100735,13244.371
83180,26070.008
43497,58795.246
76381,3300.8442
111925,6108.5005
56631,30614.693
81980,7244.532
10284,119081.195
11719,146542.56
131376,13140.127
49215,109855.766
130551,40260.94
52672,26205.18
1621,10896.079
80133,130180.15
146887,27455.215
75578,31361.234
14915,40452.07
140412,927.99896
102990,29838.107
125059,34851.8
17991,3866.2158
31368,129264.92
74883,88204.82
67648,7164.44
34991,8175.5894
134922,61182.098
122255,3686.691
57542,233973.84
123892,1659.1653
40701,15968.211
11751,7548.5654
104639,74719.49
119545,65244.395
95274,169497.52
90567,45674.78
113358,27138.404
45901,11412.558
140079,22445.783
1809,11082.916
93521,13923.192
98982,13754.613
90308,28837.826
124404,5597.5444
77021,13313.712
73796,51748.707
29479,2163.3562
117150,7575.611
90821,12309.96
9793,18777.105
13758,9947.856
92986,8399.54
966,1109.7128
107062,15650.989
57078,87865.35
92966,93562.63
17332,21177.246
120226,6639.4346
36579,105590.93
149895,5534.6323
70828,62653.37
4975,119134.89
17309,19347.1
42314,21261.53
134963,31562.87
131622,25961.438
9497,22023.037
144370,30599.453
28556,16905.6
133205,60479.676
91157,99571.39
25709,11874.504
75772,38951.137
36227,7874.944
54818,18490.408
149151,3179.966
120219,56811.46
125484,24031.393
30590,15301.8545
120599,42211.273
12469,3788.1147
90289,27062.145
90864,50432.22
121630,51987.266
2371,18473.99
104800,32519.426
92370,4164.9385
104782,6415.7705
68147,9535.021
146514,6117.6816
83940,5372.6953
64377,6127.953
140297,183897.11
124991,13669.915
137578,33286.203
111427,16382.468
112600,42299.074
94314,6145.7856
102322,21114.973
79115,33473.88
149495,85271.07
22728,2773.805
62047,12382.569
918,23040.352
32477,78614.11
28147,4303.6064
144031,3051.5813
79211,93621.85
80792,31539.857
121866,16900.723
62424,8456.109
102120,162269.1
99021,9150.409
111761,8290.93
108493,24669.998
80689,8313.866
80337,160078.36
92390,29104.393
3639,37014.5
78162,73781.42
104673,15141.035
73822,6230.9424
108101,13446.47
126735,221870.56
34518,107798.445
100778,80769.52
120070,32737.604
71525,13019.388
106956,5320.513
100594,832.56134
66207,11377.15
99711,29790.84
80228,5763.3228
104225,1933.4493
13519,15771.314
10936,117742.44
44247,36503.562
29324,7524.013
108479,32785.113
121764,5022.7812
135762,68642.16
10696,55434.906
34811,42039.36
133290,7527.587
130416,50009.2
131900,145054.69
67572,7999.2983
14291,4999.436
22979,75989.69
123621,24010.002
101171,66207.69
38781,9399.451
65150,189173.08
66774,20887.447
27247,5396.429
76580,4031.7703
138141,16981.729
89384,8643.455
48084,9953.376
79325,13472.986
118245,19477.348
6568,4208.2485
109791,9714.211
37734,283973.16
98440,1262.6737
10967,61832.57
122610,1071.3883
95213,7898.7324
40496,102414.99
149640,93873.16
89433,9080.545
133481,38847.152
762,85821.79
57942,53826.13
93801,104796.54
40747,40688.76
85459,3279.4429
72065,7676.672
106990,27716.21
37393,19541.982
8882,52899.637
48374,55397.07
12941,2717.979
67084,6871.2393
26680,108796.23
58278,55921.0
124320,50587.793
61058,20464.623
26953,37239.312
23558,18935.867
86746,21084.738
68851,15332.484
99194,76909.625
26215,35159.65
26015,27741.727
100898,45791.18
128087,42576.215
12386,27203.838
115780,39060.016
14277,19250.012
146190,5226.6123
133181,42861.902
7686,14495.202
74170,7961.931
84262,4263.407
10098,4197.469
26269,7244.9536
69065,11685.456
126133,76468.414
146193,110900.555
109425,101608.31
124136,79806.79
61311,62837.105
110430,6761.5835
142544,29452.582
125955,69140.0
6439,11770.059
138715,38577.277
36398,72756.43
70,3306.6707
44790,13775.455
35169,6881.782
35547,52506.62
17319,67730.35
57354,6251.1226
41041,22753.371
91268,6108.652
128517,6135.336
35904,3841.2131
15398,16170.907
96950,8644.345
129678,13467.553
48641,21121.143
38541,1203.4365
78882,95007.28
34375,69293.445
50128,22279.11
103489,51932.758
28699,184808.72
80808,4995.4233
46335,116226.13
112311,12040.443
105991,37998.28
2304,17399.436
103256,52961.406
86968,37759.805
4869,35267.812
81155,79956.75
109159,12801.621
142557,36776.8
111144,4713.767
22530,13168.668
142920,41816.055
70735,6754.184
84963,4266.2383
112835,23795.658
100493,58199.496
2699,130438.22
39260,19747.84
63078,108762.164
18321,7103.9316
57727,8056.124
102060,98039.02
115966,23070.463
92955,121011.69
95445,5159.8833
22552,55841.055
81165,5696.935
49287,89006.44
126683,16979.314
29133,119354.31
102749,102755.805
80192,161586.45
70822,39271.285
85338,5229.054
9145,175561.16
7341,9022.695
107380,157217.8
101852,23421.5
85683,23709.592
5408,4660.5034
38053,51343.953
70940,11076.521
12373,52799.3
356,5678.921
85604,7510.597
55064,14912.858
18357,80607.16
37395,33704.02
12917,16260.143
112464,1268.5725
123408,11622.596
29345,286355.78
9293,7898.7217
59214,59892.016
75935,7001.4927
113951,3373.764
22667,106584.48
78331,188343.23
114752,2289.7708
101455,29098.6
17189,12675.512
50437,6920.0615
35814,40344.06
23349,32960.0
64036,39601.574
79544,40432.715
66647,9830.658
140143,15231.212
138769,96053.6
147470,2649.5684
104314,173860.31
148171,41097.184
114832,13834.708
124296,72037.12
12932,6334.296
75088,10602.384
83102,32093.95
131582,16750.158
75085,93601.734
45967,31351.18
104942,24536.26
119242,43896.67
25084,57909.117
22899,21984.582
116841,9235.271
131112,1339.4775
104014,13897.767
21404,24647.844
53404,126082.25
28472,59477.008
77134,27034.729
29669,12484.696
81027,17403.066
145786,17953.71
25807,700.44006
51572,127127.98
71074,19334.094
63509,7545.4272
122416,34706.36
197,4061.8582
111007,26844.646
65101,13173.58
104016,25148.35
105551,132656.95
38658,158436.11
147893,54267.855
88695,5755.466
43293,29193.736
55139,13435.014
108237,79208.14
138933,20371.254
5252,36058.83
84332,15448.841
140296,9487.682
130183,9028.885
136236,103702.04
80731,34315.523
83166,64966.953
10508,65814.95
88600,116405.78
62907,8293.564
142365,37232.266
98898,17953.42
4458,4943.314
115009,13550.373
72321,14504.718
143514,33956.42
132986,27630.729
12896,60752.84
101858,25593.629
105289,7440.6357
35627,46953.805
128114,42837.85
116084,32919.453
119134,9005.642
50543,17521.846
98608,26731.814
128974,10980.853
140003,132896.14
88491,30715.693
35589,6356.552
138972,127359.36
132852,5188.9604
65784,17237.908
9343,26439.031
144643,5938.005
70045,25133.877
30643,16388.82
143249,16356.355
52603,9667.569
79167,3083.169
76714,27274.338
621,52650.43
78624,151552.28
26262,204707.31
6453,117767.06
148979,25470.836
145336,4937.9336
23947,28675.41
120193,17349.068
140523,22304.742
123001,28039.754
65191,12839.736
108291,2676.8096
79763,41349.18
119904,16808.5
40834,154170.88
47837,25419.646
104383,22219.43
6642,35503.44
85456,11526.536
2462,102198.89
129476,10032.985
147124,78887.945
52103,1647.1702
58332,7834.69
19461,31765.703
91792,27719.322
135812,56746.496
84620,9342.812
80145,7931.2725
118148,6491.3403
56768,63230.83
121484,9332.818
36993,29639.15
5414,148847.67
69071,11946.585
128145,6193.5703
132260,146378.62
119085,61157.164
43992,9869.839
100629,62162.65
99416,11632.436
141013,158434.78
125392,3866.4229
38682,3209.9187
99812,8841.783
109154,22164.309
101233,19063.896
53511,16486.121
135011,21074.475
67553,28895.055
126450,35113.47
93881,22974.273
111345,13374.616
6773,9426.353
57853,25161.521
85182,30379.717
52653,26337.092
118485,50865.453
78944,49186.414
4041,34537.156
31079,25476.41
127104,56250.312
34800,11993.183
147133,35369.086
31888,10507.374
98080,12388.426
110181,6577.74
97077,110191.34
68478,12258.5625
107257,16415.469
58769,11424.545
31734,2962.6357
110554,30956.725
134939,6363.412
134921,12173.113
42066,4969.659
25071,6664.3403
91400,58418.688
76529,2950.4849
50786,59822.04
13401,8725.931
65986,203034.4
32566,19384.668
59065,18171.578
49291,7236.123
36111,1269.1255
122401,20952.457
79206,3945.145
50353,5863.4326
17476,4640.6323
63456,27087.887
113370,5920.554
93031,32496.838
42766,54617.305
98212,45237.895
80165,18028.203
76261,46411.09
68312,5358.1963
10875,8366.044
131413,43972.33
88745,50830.434
133688,23058.297
139541,14847.865
51262,2015.2239
26098,41460.305
8534,26207.023
93621,28053.488
46978,25082.361
4028,17236.373
22152,21183.441
47883,50454.59
129752,22229.166
148983,6177.326
21739,30225.38
126781,55048.727
140791,51765.902
70281,8254.174
119718,72698.47
114750,7266.734
68964,31663.006
140889,7746.0435
116288,11945.805
7745,60950.496
121339,79380.3
896,16677.246
81977,14381.113
98698,20423.904
63742,8937.471
65114,5072.8447
15966,1737.7312
139920,601.4839
52576,8768.827
71589,17587.193
103998,30657.314
115269,9079.134
97973,10600.636
24826,515.2442
134713,6303.391
47295,5338.6836
99852,34631.492
102077,65473.047
43285,16706.709
147245,8237.102
122000,8229.895
148356,4013.7302
116778,34825.727
135473,2235.856
57461,32153.523
29831,13466.92
46299,6683.118
140423,28314.197
35765,3004.8276
93174,4711.5205
124822,47378.785
121054,75747.516
54404,24948.336
23983,3046.8372
22055,11069.98
76831,124854.42
82479,123404.695
86148,11005.653
22413,39506.094
77494,30714.412
7311,108345.3
124707,13439.515
29870,102911.625
11165,15149.134
71936,5790.659
111439,118648.69
135647,128599.8
133093,1917.4059
6395,6509.783
30808,21069.578
17078,68930.39
50904,89301.61
75796,29904.584
111500,37256.81
107920,6003.2627
11474,105894.414
141668,14834.031
91271,1922.7365
99554,15547.827
110135,5704.0586
101993,2386.308
16596,3871.458
37294,32021.611
84731,13774.427
78228,119528.22
103580,21020.412
35966,26459.129
29310,2536.1775
148661,16111.549
26328,10474.003
84553,90829.34
18508,1130.6519
78156,52979.31
3333,38878.426
89037,20160.877
119471,56706.36
11820,9755.1455
67305,126451.01
97267,21039.285
139235,29082.73
58412,57886.645
148314,9246.43
68842,48519.47
141045,10626.604
55150,19705.299
137283,16683.91
5458,160096.36
112234,39243.25
24549,117197.34
16288,66462.6
119289,32113.176
116006,11505.862
68536,8139.3076
37169,10117.772
47217,6201.3926
91745,18150.559
58425,2635.7568
122054,46704.184
6162,2415.1528
69887,12336.964
37370,22902.172
1836,7795.518
68109,29642.967
63736,29875.14
10965,60437.414
139443,231175.42
73931,18791.955
20217,32447.146
149818,104245.23
16167,1355.9208
92557,515300.16
29242,57005.453
129788,24078.006
14373,16935.986
77053,49203.45
104581,37007.684
45014,2008.208
62159,97518.13
45605,5001.2954
62198,22087.049
122977,11755.399
63561,6099.485
8109,11343.483
144100,19178.129
35928,15298.787
134622,21272.852
21100,45447.656
111818,475911.06
66446,24333.1
114065,26224.207
131923,9859.421
132440,97643.67
17014,28766.691
79214,68399.484
61599,53442.887
9718,88101.34
53700,3542.1782
112904,1264.0381
78392,8212.714
113522,8154.639
35591,5195.976
78575,22984.668
47939,24198.29
67282,7700.6675
69687,13348.862
96602,125260.805
120883,151120.84
69283,35984.633
39861,63497.14
134296,38503.5
4620,41559.633
107058,11475.546
93727,3489.8284
14461,12500.386
19875,4473.7915
72101,8329.616
82535,15973.67
138324,229363.97
126036,9277.351
49479,50289.562
34743,36921.168
141634,9612.355
106152,26299.393
5177,56566.03
143330,80022.44
70927,85725.195
79249,63941.023
83245,17830.963
72583,25910.37
51576,18833.727
118079,258003.64
15983,2162.7642
3437,21097.857
69043,42243.652
4683,56754.527
38542,44358.984
11551,10000.543
97787,40132.473
30733,10349.298
59556,84276.48
104006,5570.4634
121434,35003.832
8543,4039.321
115230,16358.026
48690,52795.453
9139,23114.459
106352,48421.887
97132,178550.39
10079,13908.822
22244,83538.3
54869,9132.63
25112,2655.6003
128633,9915.094
95615,10404.861
75152,92607.2
641,12724.075
103157,32433.707
50990,44146.53
93416,36598.945
149013,20657.877
74964,95360.62
131075,97841.555
85541,5528.746
74824,6199.602
117513,60247.902
107206,5024.9185
125851,219687.14
7388,44176.855
56777,10950.973
119042,3160.0688
76897,83510.875
38703,49903.97
75094,40284.24
52133,11810.144
144995,69512.89
10324,5899.7593
13087,110740.484
100194,161100.64
1933,39634.29
56168,42694.77
120608,45139.707
123555,1225.2188
148160,57528.29
19723,4243.266
21814,26273.56
119410,73038.18
125635,17924.424
130477,29082.023
49184,111871.78
42074,28922.86
138012,564.98895
68652,9978.448
107690,12228.918
21910,51857.668
34157,26795.184
45322,24017.367
46257,12301.941
88297,81736.38
44118,46399.42
65669,117521.28
116878,3984.7754
3074,4614.916
72142,51737.23
114190,28922.49
49551,2651.8792
29267,49686.81
22798,3297.5781
112971,14012.254
36453,40967.793
25820,19521.445
98854,26631.236
75571,28715.076
21210,9189.312
52010,131596.2
74120,1179.087
72860,15509.203
75237,178439.3
95935,3818.189
77220,4606.8706
13285,14826.027
105481,9541.203
119067,11184.856
69084,32580.076
148468,12076.841
125313,4903.0186
133881,2847.6606
103015,129179.26
126821,19213.297
1310,17033.287
115162,32950.992
124521,47465.992
35003,1001.5117
8621,4596.5244
2430,6422.2607
70679,50980.93
95234,70303.22
1742,8799.705
137693,1327.1576
53086,38192.977
97491,8168.6143
52575,51871.363
129819,64979.996
127271,23433.04
4332,26566.17
127693,27516.635
70890,20985.113
93534,28664.102
130651,10377.866
46440,18030.506
116575,22234.086
47752,47390.59
37716,93677.11
74639,117039.21
19564,96490.805
114353,2583.7397
132748,13536.069
75511,86279.05
72246,49285.613
117669,32196.832
30227,7522.1265
42469,72372.87
14771,20856.166
143574,43579.324
116665,50086.035
72017,8475.344
90094,17774.951
46778,4759.6475
90080,3425.6802
71707,10389.725
79331,75519.96
140486,6780.1133
56753,14257.323
11566,86884.336
111250,25636.496
25447,8506.191
40652,38194.805
12479,115367.89
128302,141557.78
47051,15814.76
101638,8580.536
116681,14657.071
119325,69036.55
110504,8378.825
10578,18595.412
847,9171.236
8502,38775.637
138976,4086.905
108958,18642.98
132220,266874.8
128188,11868.838
91667,23825.592
38629,10605.032
13879,33050.84
60531,74106.74
99423,19642.223
60801,175608.67
56882,24107.887
96603,90659.734
110406,3579.4856
113494,10333.248
24367,7698.35
103414,2779.5576
52668,84885.69
43550,15319.912
15028,31462.992
3687,17019.684
139553,27853.695
125540,38001.664
20943,18653.611
141284,40207.18
29668,3037.9265
115464,55866.426
36474,31412.516
3133,17386.201
109539,52755.836
49953,14745.931
148051,8871.739
140735,5108.732
96483,95503.555
143106,38680.42
20330,2540.6125
84862,38943.465
50120,33947.14
1167,12962.709
32424,21805.6
50174,5988.273
89579,35439.062
111788,37809.91
105379,9798.759
108768,7711.929
1296,3849.4275
143877,17988.988
23394,4615.678
97206,17298.125
58414,12692.475
21111,32786.727
132783,13450.337
43107,54615.67
115492,11699.084
38082,8942.973
85641,87853.69
45920,2699.5117
116146,8241.998
106372,10718.039
107921,47762.96
28068,24490.256
65427,15463.147
58740,6228.1167
8469,2844.9285
62924,122056.25
129221,29088.883
142883,3778.9116
731,15202.508
5431,64994.008
36526,14233.48
119267,97648.37
52476,25248.756
73825,63368.316
7906,16382.273
71835,25016.809
102772,5807.036
103547,6089.7407
135220,12842.453
108735,13960.427
63230,30061.863
132977,28070.04
67855,33808.586
6000,23226.094
10701,53083.67
30288,27474.553
46484,38645.496
29604,19498.492
83725,42107.188
145566,1030.2617
73286,65849.9
51610,12369.606
3123,5307.305
53395,114568.1
98983,12317.463
103943,2098.0042
89013,22608.0
143059,202200.34
26274,10997.855
136109,13214.712
115654,53643.54
19793,8554.112
92361,7302.4453
144327,14151.236
138584,126166.87
65313,4656.4355
46956,15835.03
57186,30604.191
73124,86414.96
122878,34364.92
132711,25647.172
102558,41243.312
53554,3233.0916
131627,49742.99
60673,1749.4141
108825,38381.43
15191,44325.54
112574,120607.05
147491,166638.9
111535,88626.38
124069,8881.975
82455,7613.827
1918,40474.598
70956,56137.543
116694,77865.195
116776,89984.64
15003,239301.86
27362,49218.438
93541,71843.69
22361,20730.133
15733,3191.4707
55432,243048.95
29244,7979.6523
21862,62091.85
39716,3208.5762
27937,3266.9077
63244,27342.12
1256,7836.929
113983,110613.78
4811,6067.646
62915,22669.398
63943,24018.797
35930,61726.07
104660,10555.273
81936,2279.685
25402,3096.5635
67210,9807.239
105120,48990.793
26318,42054.734
3179,62787.598
47751,29113.752
117174,6493.2764
123590,21219.285
69982,38466.13
145598,16594.684
24898,107817.05
60970,17028.97
67101,26219.254
65388,23783.994
27417,94250.0
86584,21218.547
17889,96562.0
113432,4297.679
146162,4827.0386
101303,9891.769
41592,27325.682
71019,50819.664
53823,18992.62
71970,7988.704
113639,2707.9775
67405,12865.843
73062,26985.15
56399,107603.53
16786,53942.312
31442,4491.908
88171,39944.84
114279,21718.89
5773,2931.606
87084,51223.176
54512,5496.0396
77166,3349.4062
22001,32200.23
20207,48834.637
113458,9062.419
138386,3746.3733
138126,6674.3247
100797,13661.232
20795,165320.05
136450,59202.75
90425,25066.297
145865,16738.695
88274,4056.27
50847,26638.717
100914,10884.119
11094,17602.031
110680,53545.316
49408,6784.651
13372,4285.9136
149316,3639.151
124559,57646.29
146785,142788.1
62016,26378.145
96107,9744.093
107210,33251.49
113107,4150.7153
77847,14315.007
114386,2920.9924
149516,4872.302
76627,44846.89
131234,3088.2883
149434,7036.416
13794,74438.59
108622,14381.799
123475,11711.039
87003,36673.785
108651,9040.006
42496,6217.6206
85475,17993.033
107175,70164.56
35531,141487.11
21364,21084.465
98655,37221.56
31102,29998.25
44388,64098.938
102277,27668.037
73065,76867.46
51340,2474.2239
112961,12707.099
20808,45995.418
61431,13074.502
32473,177891.17
8814,235091.36
62856,9883.338
27796,110795.12
109527,8153.0654
53242,19856.377
68625,32535.078
56360,61685.863
17537,2277.7502
82462,5607.9966
56436,5366.942
7548,15900.575
99673,36523.91
110816,17948.322
69967,2067.8584
53212,9849.386
44249,22433.082
7299,24645.936
47019,34563.133
38264,9728.734
80595,19834.387
36250,52736.887
52792,15150.83
110245,23134.973
113471,20294.797
137127,17547.602
76147,117393.41
96691,15660.854
123814,25771.367
116707,16159.677
84961,5503.9927
17076,69112.695
13085,49893.26
132794,4815.2646
97768,37480.8
25412,11111.453
114548,24492.541
70452,54198.48
92089,10328.276
94572,25367.002
146065,3174.0051
33564,16826.531
55847,22562.547
21698,22456.73
84158,44031.363
106513,5460.0396
41274,205855.03
94483,730.84357
142383,45838.375
93620,40714.19
120916,46222.95
58840,16760.582
119836,8488.954
71706,88171.31
138333,75387.13
86762,12218.857
86504,5842.1597
73393,15591.075
136817,3111.7214
67827,7140.4517
102822,156451.16
124016,11406.0625
9552,40780.207
5507,4556.8306
20892,25689.111
120569,9220.477
33697,53488.535
3129,48783.008
70076,352507.38
138298,24653.465
18797,6404.1313
13533,57855.363
105456,15370.277
93841,5044.507
70043,18147.492
62039,7588.314
41945,10750.057
60337,8669.246
21674,3793.3596
42004,2958.5334
30051,57239.37
98860,39563.008
38107,3387.1147
76556,6436.789
133656,9440.494
88346,53417.37
15578,12898.889
71653,9283.601
86184,5900.869
48803,74167.6
134334,5229.1113
72666,50140.785
86530,142356.8
67355,10918.297
77759,38636.44
77523,98357.18
60548,27851.297
86019,5746.778
10994,14364.573
28502,5292.858
93805,2729.8396
10038,27072.9
68476,22320.092
117806,69582.15
57433,12870.161
71563,127051.89
148213,29919.734
161,22316.523
46128,128901.42
144071,25344.188
76248,109859.09
63741,11390.632
113737,5236.44
44775,54244.555
143742,7807.5615
8560,4286.616
78461,20867.777
21106,81294.375
136294,20197.168
121884,20441.895
47154,37633.95
91309,1646.0701
87681,1693.9695
41403,28064.451
124372,24876.586
141325,5789.8086
84902,8289.175
131560,14435.407
75253,39685.47
71112,4377.0713
71058,71763.984
76814,21246.467
33373,8670.459
135639,83740.336
103565,48277.086
43198,61212.586
9431,9797.07
71803,7765.9785
49310,11633.345
124496,21046.318
9689,4855.7866
136488,678.59814
3838,26292.781
92529,72323.13
13982,11660.1875
65201,93638.82
30811,103652.38
79750,49972.188
129639,86846.18
54394,19200.75
88976,11377.228
20566,36362.773
100343,91492.836
52229,6540.846
101963,101410.234
80922,13059.572
87750,24203.297
51956,13241.924
139047,3628.608
144024,9896.213
56012,64692.34
136160,55765.598
110403,27494.719
119851,19892.002
32462,14172.161
92607,13874.1
18391,51540.07
13546,44889.125
101439,46837.977
59248,6391.465
33636,41946.598
37051,66962.86
75959,13114.039
22772,13968.873
13395,107577.06
90246,3904.7334
66102,59424.77
114879,15650.276
12722,3970.7874
99570,10786.135
106147,1777.0596
11288,28009.375
1172,8591.541
25323,6613.798
54537,91013.945
95988,62586.348
131918,9556.721
23214,71165.6
119651,23955.15
30943,13886.113
64553,230505.69
117839,6875.227
76941,12355.131
79641,20843.566
133811,66021.59
862,51116.246
69511,24935.545
1751,1035.9321
34772,18571.031
104956,12018.978
49659,66498.09
66859,13044.65
6870,7384.813
142038,94174.43
115565,15310.084
98307,192669.52
49483,4363.8286
116157,24920.613
9551,8292.837
141377,29552.854
12302,11959.848
107807,66004.12
105926,10986.402
55461,5828.903
27789,7021.0757
93268,69019.125
80765,25432.99
83731,59136.836
145872,29540.125
85161,46700.742
134831,20404.428
19493,9114.088
23388,13633.515
59363,7039.238
140886,10553.958
104702,1390.5256
15327,2967.3574
66290,12215.282
136850,5159.387
1308,184838.28
109798,8988.081
59758,7822.06
21330,117488.53
66778,10605.896
17605,37507.44
136256,51801.1
104205,25474.785
68676,36324.38
14423,27472.385
7211,26449.404
38096,93853.01
111108,79657.555
85975,17117.428
22876,10436.702
100838,3319.3564
65329,100752.42
96804,34049.836
131672,56863.19
96561,6835.7627
123153,5222.316
113159,17324.635
58575,12803.657
128235,2494.048
6746,29891.826
97389,4370.145
53497,82536.79
108847,25587.912
89675,5467.473
143258,14235.481
28888,18328.42
103740,10556.249
52999,9755.92
140318,8178.6133
93163,32818.242
35479,29112.258
23964,20066.188
90666,11853.384
129821,18996.377
4821,53124.973
146213,7353.2827
37344,47302.824
69836,3788.4739
1942,3307.5383
6344,6553.8643
11815,9153.19
8041,53450.215
141121,20331.646
67737,9137.75
47138,42324.402
85222,13689.347
32834,7445.0674
148092,29744.01
28539,4293.683
124242,25579.93
135706,8994.236
54480,20486.328
79082,7945.5107
112040,9601.399
22010,13505.635
30315,11076.25
10033,10283.398
119161,87051.41
94218,3192.018
73646,129938.11
146816,112707.82
84839,91161.09
130700,45365.367
54983,24247.027
2646,31221.963
57028,19155.45
106078,53189.78
91274,26363.516
138189,25125.266
140309,9816.088
119759,6448.678
135180,32490.52
16995,29141.832
104196,12206.338
105228,24854.2
90400,26318.445
52432,3191.199
70501,944.80945
3909,8870.206
76030,20329.35
121870,5805.4033
128281,15395.229
4663,42363.53
97309,13630.711
84688,8528.644
31751,5625.8013
7746,18786.432
85162,11303.454
12451,11449.356
94932,112595.68
50799,3836.3118
18621,10252.258
72304,10926.666
63929,56401.54
144807,66910.27
9166,941.60956
63838,43653.95
143703,44345.754
64313,13188.417
43139,177075.72
46099,27047.605
99521,11471.5
56144,27963.367
128775,1271.0188
60273,3187.1086
147554,8004.6016
145834,23718.04
93721,12996.039
9464,38637.816
63671,126375.95
148846,1890.643
12700,26103.037
138321,16330.709
102576,3005.3894
43842,3529.1602
4235,35009.668
107898,22849.016
2726,6257.2397
88593,93416.0
57876,63758.5
124149,141671.9
92572,32814.15
9883,58274.203
18911,28714.03
142145,8547.506
139175,37128.133
67576,11673.117
24711,20047.748
34164,2093.754
125987,165192.58
69187,1688.8275
34004,64789.543
1629,154014.44
25076,3622.3687
94077,56025.91
34721,6049.6616
83013,6862.219
48577,21936.516
147820,1691.5035
119900,9940.621
40263,107541.125
98994,37271.01
102804,143715.25
78447,17669.262
147555,10891.212
2772,7553.8164
55708,3314.7673
5892,10036.939
63246,73852.96
91564,16690.85
102334,199525.72
143387,25354.627
89830,36204.63
145719,63798.363
79485,18521.875
62408,27032.963
125227,6688.187
105198,41431.87
100998,126290.68
21516,55243.508
74826,4834.572
5622,12314.581
29573,16909.287
105802,6751.231
18237,14311.109
30559,80137.5
109509,18271.477
147700,5723.3594
74418,7295.337
135722,25946.55
143255,6357.8335
64612,22418.396
8148,9172.494
123680,29625.885
40576,4991.3267
136146,131168.28
69924,125208.35
14743,7766.2944
100834,6515.2397
71286,52078.93
103647,22124.467
24437,11506.324
9681,20543.432
87856,7449.648
16235,6787.9873
131685,15356.255
137994,4897.588
103723,92068.37
124804,16604.682
102341,230937.02
56292,95853.97
129046,5626.7188
115466,7081.897
95559,50415.234
27408,52048.223
32908,39146.934
99653,9798.663
128678,48682.355
111479,27365.512
28872,9566.714
20535,11797.795
15289,32564.207
76203,6986.9727
66398,23003.441
78803,17246.08
83151,19223.047
16580,20490.154
122160,16990.777
36040,31583.195
24545,15901.53
118243,51529.832
58524,40771.957
101020,231213.67
141253,18918.592
109829,86466.266
142649,31304.838
60330,281881.56
54208,18867.498
139436,2604.7778
129206,20335.615
126574,64184.824
19232,8834.211
111804,9243.41
131344,20796.648
145543,2330.9465
122775,16078.236
74664,6778.391
118653,144789.83
1196,29346.27
19112,42020.92
21685,44945.395
109886,69258.87
141302,5709.973
98284,12885.951
92720,43024.88
9404,60875.875
113389,2518.623
87437,7525.844
4420,48271.73
126556,12714.575
107859,4839.2866
46774,9514.016
24761,17476.201
90787,1042.9099
107005,100101.26
64316,18385.365
77888,42368.27
62440,80872.57
75370,12899.319
90959,18073.5
50318,36030.23
86294,17851.12
23058,78413.64
70144,5685.2944
137805,12573.769
147233,21727.055
103916,7314.17
108097,44070.23
120841,19600.832
25418,66518.32
67554,3824.9685
133835,152714.44
41496,1221.8618
35472,88947.42
141766,56781.742
133908,42892.76
33376,39762.18
83125,37255.02
138316,33524.953
3248,88268.695
130384,23200.543
92638,15683.398
9941,34298.984
108143,235248.52
79393,14322.55
47456,1825.2711
88859,59483.176
70744,54471.31
136738,8007.667
46480,24885.848
62466,42747.43
10323,29403.281
80446,12346.196
101559,20225.486
30042,1102.3826
24414,10763.148
61821,152378.28
10352,16939.814
128501,6143.1445
109359,40088.504
139153,32290.582
56538,47207.605
131207,34193.75
91752,95924.24
36651,14198.799
123857,32557.12
81805,70848.38
117511,37075.82
79465,5832.0693
62997,5908.2637
106626,25458.348
91791,116100.19
17847,5764.7734
15754,49118.625
139818,17028.162
31573,39966.914
45363,19246.172
10283,6658.206
86885,36390.53
17276,50362.324
97913,61172.86
55191,29664.273
108025,25150.385
81473,51933.37
112449,8589.366
144339,35582.766
123052,216.84068
98107,13519.428
130003,6155.8525
43799,179910.47
36260,2124.1646
17279,20920.223
119126,21001.02
109236,6214.492
8738,6277.781
114013,6570.18
91284,1621.95
32549,18875.49
91132,4687.8516
18983,9222.249
4007,70756.4
3241,41456.914
125101,19851.889
59920,7937.421
49134,148664.0
18355,134486.77
10586,6112.247
122081,901.25244
4588,22686.854
135955,47227.543
72211,9543.544
96139,23478.314
72074,68063.58
128640,4899.5317
33854,14070.471
25308,101747.29
54004,5393.942
145114,21378.346
23377,6107.3076
98109,10100.658
76230,112635.31
132899,7640.4927
35025,79743.15
89567,170088.56
141526,18577.78
74793,10051.049
115603,29169.12
62804,6858.86
128127,7863.9487
147821,7656.004
60671,20948.379
13330,18419.873
124869,9565.244
106229,45024.723
22374,32938.223
49702,482144.06
31996,24472.021
126573,22994.783
5874,99979.945
72343,88561.4
139345,36732.8
47680,9409.616
38281,59905.707
34619,97655.95
60217,8225.87
120729,134197.11
86873,4364.6855
27894,176978.03
94203,16051.552
16102,1151.4718
57985,38656.91
6805,4796.9805
105549,43170.35
72137,4031.7703
99527,23949.33
25839,30309.408
146699,10618.905
98739,24830.691
93549,17056.822
23961,28350.799
15066,127914.836
40926,80743.48
17753,16919.586
37131,9855.884
36493,2767.884
69959,37276.465
33299,8513.798
145475,1764.8735
15225,215235.98
60691,41181.8
15886,94641.24
49841,4781.524
67535,2258.4968
28964,23629.98
113110,7743.5303
26371,3568.3271
91358,8324.794
40243,5556.58
104609,35052.836
102113,10134.532
56475,30956.416
129584,253220.84
80785,35280.78
53040,3827.005
53246,10769.102
30557,6201.5767
77147,12778.859
12852,9754.946
134407,36184.418
16806,15308.285
74410,49632.78
38968,54038.883
93851,44566.12
5897,45498.957
125480,19732.39
79295,9326.587
5685,23868.684
41181,3852.5537
147036,2479.8867
28115,5484.3
105686,12025.551
62816,67118.805
112781,43805.527
105146,88012.195
77840,5940.3413
83865,5852.0845
30132,6583.793
26548,42223.344
113150,151864.05
72928,9410.885
144646,4707.0464
119089,29189.412
47831,38455.51
64618,2036.3376
106855,21483.621
37773,13406.105
125398,8063.3086
142626,14198.572
122624,40130.49
60867,13735.757
56401,5203.7495
16815,100310.836
149045,51974.598
45787,88676.3
91075,4239.8677
21023,17819.775
106992,57698.33
20090,6471.0664
105548,14911.843
40179,27232.781
71020,60184.945
42481,77789.44
138793,104498.67
24940,30002.61
72372,58011.023
119144,8353.618
49049,5088.497
101122,47869.914
64569,2648.3594
65193,1767.1803
17135,73379.766
33182,13884.584
114718,10344.188
13114,24468.78
35010,1954.0575
53293,18731.049
54501,160065.98
35782,6932.176
70513,1539.3668
65647,6533.8496
121654,22208.707
17294,29215.152
56821,100268.8
4538,2398.095
39344,4508.509
30124,18628.133
44936,2741.609
54123,10936.34
67985,18982.854
131720,63641.92
125932,97452.67
79668,12008.874
70034,65541.1
44173,3943.3884
8953,11554.199
1550,6715.3433
130015,33458.85
47850,209233.28
18337,60957.875
101434,19220.404
16574,64494.902
78822,24638.736
43424,15165.586
108974,41093.85
63473,47585.99
109046,12881.566
133281,9377.395
99616,7662.3677
87847,4931.8735
7744,97305.92
47899,30906.947
1835,86506.836
63874,170944.36
98003,3677.5452
146859,144824.75
21661,27077.104
74032,18805.084
77897,50858.88
63449,16532.107
83138,16974.465
129552,24423.19
131619,43690.027
120352,15551.888
12142,50114.43
143245,5217.239
147279,51587.633
8946,37906.082
32928,4626.5347
98753,6077.25
86709,6405.2812
74583,54582.72
38375,9575.629
147362,8301.053
35011,33372.445
16591,4618.619
129337,10273.315
127397,96779.72
69292,32200.719
61953,58021.742
30793,7513.478
137098,116661.36
101788,10895.744
109520,5712.557
129711,3128.622
66628,74852.78
123078,34123.305
32494,8680.537
8276,12211.985
115489,9571.361
100040,4206.8467
143323,26752.162
19012,70130.91
105695,46108.617
106961,30475.63
149276,3890.1907
66675,26080.832
105184,44631.395
4946,5149.3066
130106,4103.7866
57241,19055.945
81109,5359.269
59500,13244.255
141769,15829.13
41469,12443.419
110938,9881.686
89568,77305.53
29038,65898.2
90134,6270.933
131892,102965.234
47276,17827.645
27458,16826.102
42063,11094.427
87945,6780.259
56409,3441.2268
74078,14050.316
134966,103250.336
101960,14550.326
116533,32568.94
66790,6149.7715
79981,17214.045
6857,35693.76
10585,48820.223
50632,38758.723
62801,398123.62
31258,28702.605
21211,155360.77
142304,122194.71
5171,23466.166
84927,59206.734
17647,18984.148
149075,7581.152
119516,18208.678
64167,7445.8853
52115,45491.867
25393,4405.6377
86990,134957.44
112213,16631.422
8182,18446.629
118584,55037.99
111262,11872.141
50461,73868.62
32926,35972.227
8899,125629.21
139932,854.2337
6443,7626.9126
100087,25736.13
123989,4900.615
54868,17383.275
143058,14066.42
51666,6210.913
35404,13423.502
98420,28806.34
77814,77157.95
108666,18172.213
36034,27037.03
37228,23403.344
121340,14468.704
86872,7480.274
50376,131242.98
11585,11693.865
13595,87342.57
72657,17367.129
59332,10563.498
123103,2556.918
110127,48002.336
54717,41379.87
44432,1068.1432
8516,7215.558
23114,36375.33
131770,20670.592
110652,23794.861
11496,2111.0151
134651,8613.893
143839,4893.4204
5969,2707.6663
81003,138024.08
48883,30903.367
116168,6472.9277
2168,2368.9106
70928,104860.82
70111,22191.867
74763,4527.191
33807,82802.69
117562,11510.852
110914,6385.609
71297,95794.88
117190,6930.5728
25255,16748.846
50961,146361.03
45827,40116.438
140016,96465.88
125560,4553.363
126468,16443.174
115013,33515.285
131628,10500.9
16640,20427.389
141550,99380.95
27696,80870.25
39959,138408.95
96661,7521.858
101140,71167.36
125500,3689.171
57948,393668.84
96929,19171.01
111275,51206.86
103905,11296.754
110146,36960.31
89861,11081.564
10579,8473.144
35273,48607.543
94781,80434.586
61283,49559.465
113439,13069.936
45985,149654.95
117630,3236.28
5629,15292.12
115036,27129.207
52659,27726.463
93109,6817.324
76891,1810.2699
145522,17133.928
135878,16904.607
108562,7375.9814
24885,15192.658
47941,9643.664
23152,9903.632
13393,47280.67
112683,51938.52
15305,72383.43
19880,40791.086
71801,16963.293
107429,14836.094
104908,17943.41
114133,18035.186
147387,21764.98
100851,9163.929
120575,19089.36
6135,48623.055
132218,71260.26
110175,8226.839
19074,30341.387
105825,28263.12
16422,4845.0874
53388,67660.99
4284,19572.383
56465,33208.02
16768,5379.3564
72285,30135.316
131600,5334.5747
16626,11122.208
40755,29743.383
41546,8156.5825
57601,19000.424
50787,177917.05
54217,48217.637
96533,589.7963
6239,64536.375
84764,57395.57
9722,54180.547
100480,3446.3538
95465,3521.8596
59586,6376.2607
35459,42896.684
38742,6641.789
112935,8541.117
63122,27873.0
146805,90616.96
63025,124386.984
41347,7214.0083
132701,20481.824
135289,100568.734
133838,30061.182
82697,3426.6746
103635,38330.465
18393,13142.215
63267,8112.2754
118458,36295.86
77805,4767.2666
112177,56366.4
130196,29072.969
127001,19282.15
23970,78212.945
101271,246302.25
17251,20245.93
144717,8554.139
73511,42515.484
29072,25179.59
74160,4658.516
65319,136272.44
32543,8378.15
129155,4679.292
77377,6760.417
93781,102290.9
38626,37629.375
64339,30296.031
21018,35290.34
114005,16472.076
4467,28303.268
94687,45607.12
24669,25665.807
2035,12828.978
58519,12737.706
99312,48923.89
81636,41879.91
127472,19620.658
149042,69583.29
33889,37990.5
82845,15847.04
102911,34620.832
100458,87670.11
99097,6946.7793
144289,38497.434
102231,39856.477
141103,45622.836
19027,8019.8574
134699,24579.16
41069,75095.54
89250,19376.945
66472,180335.39
69727,22114.639
21904,37317.953
94097,19373.6
54627,6077.156
62881,114608.47
65029,6044.1353
15079,8911.518
64741,12539.341
115585,15349.503
124191,97778.914
72692,55435.348
99771,13542.054
94516,31519.508
116074,19471.377
70272,11825.276
82347,13515.67
108891,30697.482
120356,1910.248
34333,24838.621
74146,19643.717
55366,1942.9008
59436,3211.6025
8789,5146.127
44890,18465.795
118706,38093.867
131071,82759.28
149581,208460.72
50338,120917.38
50303,7388.0728
82486,27018.33
79030,76555.625
119053,23678.16
120437,9563.316
121305,16495.48
11746,39055.54
43362,68736.1
132586,4364.076
112646,16976.783
141508,47542.33
61665,45109.562
14389,30474.75
121045,51062.438
99044,31199.273
121060,12559.581
90041,186207.67
133179,21074.291
18126,66497.74
81568,3683.1382
28201,49367.688
73184,26163.13
24832,7436.195
149833,52115.926
91665,17545.393
49914,61978.805
114491,3968.354
104059,19662.72
66300,3999.0347
132965,27564.127
65926,10970.025
25683,46427.926
106807,9150.146
22261,6642.733
83045,10263.271
63580,23990.139
47999,6420.462
51403,15808.824
80124,19619.053
118093,3142.2095
19658,31024.396
126141,10665.13
147693,6109.472
51192,61251.35
725,16277.037
142,14086.411
144930,6478.785
91633,9680.957
72172,2181.2756
82931,34838.543
19458,52383.312
111211,10429.348
113676,4764.0034
101048,10946.738
24331,48436.17
97508,5474.295
83575,195834.81
86305,14508.077
119216,89690.3
23804,3394.7195
141379,757.4903
90535,143612.83
130174,32703.719
33549,51546.15
105632,57030.668
40880,1809.7882
70772,11694.567
2204,3297.834
112651,10360.503
137403,62239.65
4021,59175.418
127300,26059.271
114431,10997.964
39756,4273.338
38559,29194.912
43854,8960.957
30150,17918.793
69036,69249.8
95496,6636.732
140612,8647.705
79899,13817.855
89846,2977.0388
79997,25815.648
67701,20758.701
1743,1799.3822
47264,4001.7014
122492,45347.414
133371,479.90076
87618,28981.162
18817,4330.0854
144827,8382.329
132960,59023.793
147193,74900.04
140325,25299.32
67586,23848.719
102487,7241.088
41489,25409.566
1532,16189.525
114859,46887.516
56622,36951.1
43057,173787.67
15952,60279.953
16798,34127.086
121938,9709.679
87263,10502.573
105071,157338.92
110537,64612.652
110687,33364.27
3698,1521.6229
122837,86080.484
89972,4475.5806
75545,220774.11
100701,7580.64
129894,4520.5967
10921,38619.504
129176,63432.375
67584,15660.165
67544,58945.82
109193,62740.297
141101,14644.433
82113,20586.596
41447,16404.785
95100,13430.227
136701,72798.99
1344,30020.508
66734,27548.832
84003,85385.74
94601,16568.271
10800,5553.268
120233,15817.302
42794,53913.836
145149,7811.279
137804,9402.826
134838,2059.1968
146202,21811.795
123135,91574.4
138994,35532.59
7122,40815.15
102722,4279.826
23262,16448.033
85330,128591.34
83169,10912.705
17639,49096.965
30983,125093.05
91600,110800.13
1694,36218.78
83710,232843.08
147234,32464.092
18891,5708.631
105837,10890.869
95119,2883.5784
16764,69056.78
135831,29534.342
31859,10533.606
67111,29503.865
123818,101968.72
43764,14475.314
7862,12548.888
135271,3920.5583
144606,27839.803
134953,3883.4353
119470,67254.35
99965,12196.544
144763,9785.363
149986,17861.652
22645,52899.56
99412,12304.821
73365,31106.96
5211,239032.97
73695,12335.732
6023,44230.836
126990,1933.0184
122679,6209.067
48635,53717.04
99974,16268.114
100787,9631.68
59130,8639.295
112955,7170.202
102714,35630.215
148528,70828.72
93900,1156.9662
46942,5480.3755
78048,30977.482
148858,56576.117
58987,109537.07
66517,5960.3276
24037,54648.684
63550,11902.908
88382,103981.19
33208,22542.504
108629,26380.574
113252,33022.027
116768,204643.84
133861,96067.7
114069,2423.4272
90741,40603.465
132780,74106.4
1349,66488.83
48569,64703.082
104396,45359.508
8331,33977.168
36817,3149.8164
72054,64199.926
29772,8133.925
13005,26372.002
111656,12522.895
295,44513.85
107373,32370.672
14948,41622.348
106605,25802.787
92976,5904.6875
121101,8839.764
83281,90918.95
122375,2865.9163
119819,25437.596
6108,20358.184
120347,2338.8782
16643,20422.021
91649,107999.83
130612,64121.617
12767,12078.443
96233,116338.336
2712,20691.89
127009,38060.188
112201,126974.03
22248,250427.98
23447,4790.891
122716,3622.6272
44381,38333.652
51653,16564.354
127640,32999.57
94159,146056.25
96120,19778.277
16949,33390.15
103236,139896.75
14092,8495.097
109512,43012.98
39829,12378.383
74223,6863.352
120540,20417.957
97252,16499.555
105662,16819.803
106769,12500.387
39348,16040.046
70293,18234.465
98088,12268.358
1616,59396.09
9803,71029.734
18130,65925.83
130282,128042.66
63602,33924.375
108318,54900.652
108698,5980.184
137483,12534.482
85104,4399.867
29348,13983.539
124366,75788.77
52868,93374.195
1521,4424.226
83285,36207.51
18175,224364.77
147284,18892.867
62579,7501.3057
64270,11756.771
63350,54995.996
138753,122109.54
26214,11341.785
3474,191218.77
31154,104436.3
33878,88196.87
74327,26123.107
48924,53215.594
990,48865.457
80464,27408.562
79245,50190.203
127617,248169.88
14520,10073.565
2684,25492.334
87838,3415.127
30214,73227.43
13694,4081.1975
89474,6725.2144
37594,24953.438
133013,23439.123
129769,24542.604
40969,22070.986
52972,4568.538
15843,36291.723
116431,12047.22
102975,20050.916
8176,19158.383
1818,79235.79
131211,19731.62
86288,33844.402
11958,4076.6086
58653,5004.636
20937,30018.664
49349,26843.738
148591,18661.05
31942,21072.645
112291,4165.386
58393,19406.88
79553,2656.2598
3473,7556.308
76403,22737.152
65899,14179.596
108317,2943.6465
123114,62279.414
12995,12253.66
77512,11531.55
101146,173957.19
37245,5202.867
124355,50864.375
4052,17918.492
32839,15487.079
69138,10043.223
85776,10568.475
38325,18448.057
48600,6641.548
30218,12258.993
65363,69572.85
45396,94908.44
30601,11052.661
39031,109392.99
121043,47963.355
42343,28954.088
93359,3606.1895
42125,4764.8755
8761,21123.385
123198,17329.357
22680,51299.31
76216,43593.094
100134,49037.523
67936,7087.388
42337,6645.0996
50589,9484.662
93313,7421.372
138433,26016.936
1707,15120.13
22807,89334.46
3286,6403.303
16957,60906.28
20144,5917.5327
10089,14963.358
87427,12088.822
136924,31932.354
95964,15746.399
142094,7451.9526
92452,4517.879
144384,54321.508
104195,7980.511
116391,1975.5698
9059,82421.03
64688,32362.727
122412,12458.286
26591,49571.562
32310,1747.1062
60374,11237.91
127372,1604.9863
40521,19742.314
4777,8194.601
82417,46384.3
96680,12198.653
110639,5282.3877
132000,48475.895
91770,5829.2046
134352,3515.6594
134873,62003.66
8644,112887.21
147581,6527.256
106603,5443.361
92848,8100.479
26315,3290.3293
100571,5191.386
134426,57570.754
49847,59433.53
38799,19869.762
121768,102772.88
82310,17489.406
33053,25690.37
126661,8226.815
45784,6008.372
144896,18876.254
141661,3082.6382
88161,141540.77
55771,11162.652
94669,14063.654
85691,129135.28
140206,7043.147
97336,155627.16
97243,18270.578
8911,52355.555
74723,1258.8348
31704,31386.754
65314,41377.176
133425,25640.66
118619,34041.105
51393,1791.6017
34943,49560.508
104302,42325.71
128594,20461.014
21882,11880.535
14428,57556.406
63696,21721.592
119681,34287.52
27381,13838.485
67431,34990.754
15392,22517.14
39698,58447.51
94229,8399.485
83283,68811.12
68900,11072.027
86135,3977.019
31548,182139.86
58842,25992.111
49556,69160.336
49148,50719.496
50834,9022.613
60883,34234.836
106211,5142.6436
122419,625.6565
13217,15148.666
52532,5259.6465
107798,4654.2354
123098,53688.52
73296,5379.149
17655,44559.97
87040,13428.02
89267,6352.7705
116803,48345.9
22965,11734.962
116981,76554.47
76232,13658.809
132624,62608.293
127588,13337.732
76098,47091.074
47829,22602.174
86248,3784.9937
46582,35969.797
11545,116511.96
10011,11151.117
117938,5736.288
88045,7823.077
90106,18429.656
58213,23302.9
29067,11632.529
101982,56989.7
43101,9608.053
119298,10086.515
84984,23277.406
39688,103719.68
50290,223750.31
74802,7718.8315
129938,209878.9
119564,3239.6167
26281,3546.8323
34112,310541.34
2494,2228.659
95704,5332.096
87288,4902.0903
55593,20361.06
53838,4254.6895
17614,4105.373
121172,11385.675
75809,15956.617
126888,79300.74
66045,57281.477
44954,87793.57
27830,24446.174
57145,6574.106
78969,15543.861
71585,9129.577
100500,4446.8203
75095,156258.03
46540,245917.14
27838,3883.8013
116150,6740.788
134752,6257.677
76952,65362.926
119340,385261.38
103396,133814.8
118578,365389.75
32162,3554.3877
1413,49140.195
143878,28452.732
66864,176201.36
74891,48562.38
67707,8324.35
110673,91286.82
110807,137044.28
128460,5254.0376
146806,4478.0625
23031,1179.2277
9715,20957.732
106753,33092.96
149080,54464.492
119318,53718.234
97988,98644.445
107354,58066.176
142013,6495.0786
72293,32980.78
97164,35020.96
83923,29052.533
37318,23116.975
149425,70003.73
129999,3414.0598
47793,54542.61
129632,23630.193
111843,69956.81
44563,87330.32
139434,4170.387
36451,48453.05
45122,39992.79
40166,3868.8887
140564,112594.66
87504,20923.986
120987,77685.02
105885,16651.31
145110,20480.924
128291,11893.464
19898,7700.3174
96564,16555.65
71738,15417.572
67780,13782.116
46246,104191.086
119369,8498.852
14836,72767.625
88904,8619.753
32619,32139.846
24875,23433.07
104350,9619.808
136471,11048.593
59351,70987.16
120353,237545.23
92695,121952.625
118582,4770.406
90508,11261.977
73145,2805.4119
92880,11275.649
67105,45915.742
6821,19845.441
62155,2432.227
54141,8999.796
89885,43782.84
79779,57215.36
104606,18284.51
95456,6994.428
18166,21069.754
66263,226491.3
87106,16880.328
92289,116685.805
97479,146783.94
43298,9284.055
3824,100389.766
78248,88161.4
20685,5767.354
112052,132279.9
103322,5021.022
110160,127395.53
123877,25651.676
34907,45237.113
3195,5589.621
12444,18430.74
109299,3300.045
62559,17820.002
105709,21867.432
118239,24931.09
147532,3964.1685
125670,56605.83
29340,30216.557
32291,11243.717
6897,23198.096
111244,14449.037
29046,47138.113
89520,13110.682
105433,9876.305
139164,142894.42
74534,6045.1753
142995,18686.809
118341,3555.3545
42034,9811.336
55754,141526.81
119807,12906.107
77299,21160.957
51120,8784.94
12898,11960.958
20240,12717.182
36012,159499.73
80710,9715.833
51945,11069.277
81955,26616.83
124383,6852.3037
140444,46563.074
51464,3066.4758
55524,36164.484
24810,7358.518
56802,18615.12
117182,56200.17
48436,69363.22
122930,10786.915
85036,327463.88
49251,47665.31
54629,22376.607
22955,119906.2
110800,4723.527
132115,54868.375
118011,2483.3936
41445,1816.0519
139156,9846.197
43434,107718.11
111282,47608.547
91320,2913.5562
120813,16191.105
127073,33099.957
133024,73389.94
1963,121442.92
148526,46215.77
87108,7568.072
67773,19247.904
57043,11060.308
142455,6199.9634
100866,27469.076
122873,62541.797
66985,2919.1995
108473,73786.17
82804,11029.142
149274,3089.729
40190,8672.129
145425,45415.184
29291,59909.754
1493,97950.13
88420,33188.84
25507,38373.86
88884,4994.142
37663,40998.695
127437,53468.26
98467,40790.504
85016,3782.1367
44793,26963.482
48935,173639.22
78910,52741.33
85592,57695.477
30829,58138.98
99964,12579.214
115969,74594.734
18492,71317.37
148993,66976.91
118716,4497.3833
56222,17077.807
28279,42312.01
132555,24726.777
42179,39182.375
7216,6330.603
64462,3102.4817
63202,88549.78
98579,13571.382
39974,4060.0857
111662,7682.8647
120966,6443.7676
137363,1736.34
85064,68159.65
122809,32985.523
18539,10766.203
54304,59377.55
127546,16138.939
3171,11515.102
110278,14711.639
19212,30103.945
61477,124017.33
52001,30945.05
112329,72588.336
45913,17853.57
92164,4188.608
37958,6058.354
90931,11121.32
62496,70667.29
71364,20339.99
49323,59045.594
106600,71424.664
4880,57801.09
120654,15311.603
16438,8404.183
133849,16486.16
10035,20445.986
72420,16901.322
47756,43426.215
67042,7023.777
20185,39799.094
121744,164266.56
40237,159211.6
97598,35950.77
96982,10992.879
74038,106750.266
75862,7424.843
83850,43196.234
2456,23111.2
66842,86563.03
118519,75728.445
68777,22244.576
29949,35503.598
149752,14543.182
75325,5614.554
145030,41258.57
101309,9366.939
31700,36480.457
82197,74754.9
120767,181850.23
89689,104721.27
11770,6418.5054
120529,15443.448
87615,8109.136
67753,16183.824
8542,15010.235
39869,36502.863
95991,124038.3
39266,31139.162
100095,8396.59
120189,97492.625
77306,5389.1304
95117,6561.5938
140330,4580.7217
24595,15609.7295
105737,2412.8662
9759,26975.51
18796,6035.5425
63538,93982.266
47797,9964.28
108546,40870.227
111959,2310.0403
75691,82585.6
129115,18958.373
114085,44408.44
146627,158435.7
19764,21703.041
40122,6657.015
65507,41431.41
93473,7207.688
141035,94951.266
1515,21190.018
54024,80517.12
60353,24243.992
101891,98061.77
106495,150634.28
31936,6505.6006
99482,13050.183
21288,13106.505
138360,6536.901
59756,22764.566
118137,6134.3105
142640,8417.083
127434,10627.333
94407,31370.154
43340,58776.266
33997,34192.824
103687,5399.1533
108504,6596.3
