ID,price
143332,55500.15
28423,114495.04
28103,87732.51
106424,1568.1342
131956,7852.931
104168,4963.072
84710,72414.41
47148,36447.523
109086,14728.924
38564,32034.785
149899,46888.027
142786,72214.54
112470,17908.54
116755,49571.875
77001,14127.608
65836,4270.423
140731,7199.9604
64633,35861.582
25632,7170.8105
61151,13673.573
110265,7801.594
124734,12979.214
139328,64616.848
17408,25724.566
113078,126978.79
27431,35964.14
86160,31209.666
90240,3611.064
125746,7521.303
67233,23067.033
12727,1916.026
27297,102889.71
100107,32380.605
78057,18168.195
120699,4130.7495
103773,18203.3
83526,5087.586
117882,23141.123
95656,177232.56
115883,159237.73
26964,99737.93
100993,20161.139
78237,36742.742
25657,3651.7188
47813,12670.102
22145,16892.252
90629,112326.445
84591,46229.27
124399,13025.58
28464,10618.729
128984,32531.31
124945,24734.504
112601,71354.97
26603,2169.6643
86261,131925.58
109053,28822.186
80297,12075.162
8340,5951.7056
22349,9228.63
122786,39858.81
144859,4345.1655
66345,24187.756
2404,6869.6157
42737,12964.519
65365,1567.6777
44842,6150.6626
75876,37165.777
138784,4820.439
107468,25327.223
52770,10302.272
94727,18465.408
83223,25483.254
31989,84974.09
76357,3129.811
38048,15734.014
9150,17479.209
115436,9269.988
136105,29734.955
85939,36883.973
68193,3473.829
80527,301299.78
21790,18518.668
82148,19020.164
20485,90838.47
37293,18017.387
46932,74885.07
90941,13629.461
57365,39900.24
22635,15595.931
73830,69470.76
41479,13817.151
60507,1821.1394
137274,6250.942
58305,48395.992
101931,2708.4204
43195,87727.31
116633,44405.76
46402,7651.29
63165,8338.625
12219,22688.227
15562,105792.055
33702,40335.67
3982,50979.746
55637,75906.95
122731,34312.6
51374,6173.8555
8199,7742.263
137197,5161.2314
106088,15761.023
135145,34667.984
145045,1240.1931
87997,4885.5947
44903,39714.773
108112,10857.028
25933,14994.002
146773,7571.9136
55470,32134.4
50249,4699.48
37988,77067.06
53408,13186.09
141587,15686.793
23763,5373.3823
90583,11860.443
19691,5397.8667
25354,56833.37
62963,20199.742
68954,9779.662
97372,38054.99
56003,129534.86
83515,26814.465
35304,21241.193
63270,78411.63
1218,65553.38
54427,29027.31
94965,3190.0305
16127,56748.094
11747,51244.45
64979,30658.645
63750,54624.035
112386,124137.99
135958,6960.52
146866,15410.48
81139,1499.9141
40148,141395.23
135737,69623.69
10916,165004.4
141077,7941.0854
110386,13039.163
24837,96256.55
19398,30022.127
8577,15476.114
39185,34744.926
129153,12993.403
7858,156585.95
30121,25222.67
60169,26871.787
119343,10873.168
139982,30627.385
27181,5878.6313
46729,26092.61
133220,14073.529
71246,27748.092
62621,8470.798
142617,33125.28
65520,14389.437
91638,59697.12
90216,80265.97
114492,3882.495
115092,5108.79
148524,57243.14
42403,5265.3047
89670,10244.287
97981,6785.722
137222,6124.108
90975,13559.1875
129567,30459.76
106711,19381.934
131989,17397.895
128743,9829.417
28891,6035.6567
34485,5059.7314
94538,28763.963
13977,3452.6265
84937,97027.79
46935,7326.471
55980,7754.08
48242,11184.282
134363,49622.676
40171,7096.9375
27922,29035.604
23901,59508.01
44060,16466.348
105829,31221.615
88882,9741.558
17796,31571.854
54391,16845.16
69208,10045.144
122589,152046.66
137571,14634.199
99875,76888.76
4808,6449.185
34148,11738.525
104043,32283.068
53610,32208.904
11982,10136.168
82591,44314.2
55809,92229.914
132867,33790.332
21270,12812.835
12666,22984.068
107852,56322.797
12438,9499.842
59712,12642.156
83009,5459.852
29889,65158.723
39491,505.77148
22054,6800.3354
139139,43596.95
142974,77879.95
141853,9446.1875
124850,22439.74
88968,106774.16
57929,22405.152
131564,5398.586
18025,59096.73
98108,18198.516
81113,73462.22
33858,7061.096
78981,119949.38
143825,3918.112
141046,38325.113
96871,3825.2588
87440,43156.24
6117,12612.568
16956,7565.497
111755,8834.168
95914,32249.387
58664,4981.214
145503,-364.75974
1473,8251.227
95776,73330.56
143996,33548.0
107759,8416.463
135471,17643.88
136653,38485.75
128809,9078.583
89664,27713.254
96852,116502.125
72202,35562.324
37918,47297.586
21105,17062.012
34722,9802.489
141237,19367.355
1857,32971.938
149609,25791.121
130465,177769.12
7687,7706.4116
30639,34490.773
71,6285.938
127003,54244.473
100489,23622.906
44517,28168.273
5601,7748.4917
146158,6496.38
144614,11453.861
8189,28834.643
117894,19782.574
58328,15228.763
10292,7926.839
130807,42711.934
75343,42179.63
76004,32932.05
26894,6289.185
124381,24957.023
103662,15805.414
113306,14892.549
47483,4245.57
75676,220835.81
28043,13154.58
149755,12512.546
68409,3005.1555
61575,76354.45
78183,18565.045
145108,43275.977
147020,27539.07
123232,26150.078
33442,3239.1729
144239,53249.543
76639,24805.47
18233,56868.367
52889,51920.758
96159,5279.1846
108513,4362.235
116818,26311.428
94947,6684.7964
81734,2313.7644
99068,27347.262
45432,4757.7007
77718,6740.1465
36103,18942.176
80463,20717.201
147209,183485.48
21209,13873.886
63003,36648.625
83071,31508.615
129548,26356.625
99854,4949.5586
62727,15121.135
67350,139664.1
130895,7821.208
112438,15114.422
84622,108398.93
117288,40589.65
45889,126727.36
94041,11886.792
111258,13140.884
86067,18951.47
140763,14144.75
42756,7871.8555
115378,16177.465
55788,5662.8945
122287,13878.943
115139,7524.0522
30320,29515.611
142404,23116.299
33540,17854.9
11912,17051.883
144987,11400.27
66991,12633.374
96793,26051.945
91503,6782.79
58291,64018.08
133381,41599.88
111966,34155.805
16925,54521.168
43726,99278.74
22231,51984.52
20903,6399.8535
17031,13681.69
35021,9987.494
71481,27405.805
28462,161923.31
133862,40940.355
42865,10693.026
74492,80982.38
20110,185456.0
67902,46996.062
53328,208623.56
7035,64228.957
114788,96821.76
8704,188983.64
125607,42945.496
66147,83865.15
47875,5353.9824
9240,76665.08
50598,10265.157
76769,11100.851
60789,62805.703
91669,7564.314
110108,6194.842
36865,24998.268
120637,59674.91
130574,55003.508
748,17497.299
95683,25686.639
20137,10309.384
38453,2505.0615
87313,5245.8594
5841,13245.096
32360,85710.16
69794,19282.016
48449,13328.432
98145,52897.535
28011,54349.84
122677,13460.681
25904,18431.328
29643,85863.26
13532,28221.967
78896,111725.32
33685,44261.406
107424,30318.055
51093,39068.83
128724,53133.992
8288,45034.63
37271,13167.973
146173,11108.875
14386,129957.51
114794,19292.598
120060,11037.774
107842,131170.73
115329,20540.186
101754,26798.53
88851,14507.863
67334,3509.651
94558,11677.081
92150,40363.793
91327,234294.38
118728,2234.2708
105319,17680.61
83735,18387.156
1831,45577.49
81382,101383.97
117489,5504.2666
130222,124165.94
40587,3979.1423
84122,46408.35
57744,61085.457
132245,28188.018
35520,70786.734
140284,29465.617
122421,7454.744
126878,32628.523
35370,42266.004
45981,15550.52
132670,10024.109
110486,47435.566
96368,30171.57
29955,18504.746
33834,9745.013
36366,3112.6392
143568,110507.14
149245,42385.363
75274,2302.2534
119280,53393.48
142479,9151.353
115529,17853.795
112703,21735.152
70649,87941.13
70567,11240.218
43017,20279.418
24430,10679.694
28990,5785.0547
11736,11836.781
7162,4184.7393
45178,20364.76
95480,12728.465
92046,18543.777
19753,25698.463
6926,34099.758
27660,10594.815
118770,5370.5737
16077,42927.945
975,5321.538
110509,58480.36
60969,58199.516
60515,19797.176
69198,66144.86
69769,23257.5
80767,6662.9307
57071,182883.56
54853,29375.81
146026,134757.8
37668,133736.92
17285,43366.98
18078,31125.393
85965,48318.64
79682,2380.3972
70109,11145.614
36479,19828.684
107832,9468.605
42630,90996.13
7163,6437.0073
10695,3018.0637
46648,32636.1
48133,5915.0884
118761,7091.7305
116370,21900.656
50401,9149.805
128174,7909.438
62519,177679.72
28557,1627.6077
49345,6492.959
41056,3076.693
99602,43957.547
55885,13752.737
75582,60195.09
115243,52808.168
82017,60864.562
70516,4030.4375
41674,31438.203
80927,37506.68
96939,4975.929
77405,46967.723
91012,13663.339
51972,143169.67
793,16737.8
34404,9558.658
128953,3013.6616
11048,8455.874
91886,13459.871
123421,47190.67
89137,35437.875
107890,37935.285
70028,95179.05
86381,16060.942
100167,7183.92
142078,159444.12
76368,58619.332
76933,4118.416
123096,20622.807
22101,12847.881
51122,98739.55
122640,63222.63
110910,63430.668
48815,27861.771
51932,2221.655
135321,105433.67
46117,44443.63
60188,45874.355
97767,13741.801
32595,16380.315
68490,20316.79
23224,4158.6104
11883,24190.422
81677,47513.746
39697,13915.885
7775,162164.52
80636,24244.043
53581,11740.681
60368,107267.086
27179,7676.0264
12539,4783.0635
27322,51441.67
3049,8099.614
128381,9192.716
44550,10037.15
137907,16398.795
45128,5201.735
28767,57713.137
34656,22032.99
138020,66787.67
90399,13616.77
135150,5279.371
60478,7657.8804
129377,178326.27
109054,29327.01
7045,29648.066
1591,51533.56
42541,146817.66
127655,5606.32
2413,37320.06
104852,35148.492
38618,63044.344
4557,29543.072
125861,3572.22
78770,65703.445
65692,99885.984
107804,183801.25
143693,70933.31
40783,2836.1604
50851,13625.411
45995,7884.0874
106906,117329.125
9714,45133.957
3567,1395.5306
42503,65289.496
10003,23984.027
143321,3991.5815
795,31387.865
63505,2362.9968
78436,7513.4497
126425,16744.623
27139,8353.217
146203,5341.854
95987,3002.269
4570,2520.1008
85928,4765.821
37627,28413.844
62687,27316.55
29413,11273.884
31106,25447.053
13570,1767.3071
128018,5526.642
123255,19675.375
134515,22557.348
102365,73745.695
79857,5262.4956
149445,90653.086
92665,3863.1814
73456,516.4751
60908,105761.47
97448,16387.045
8289,3073.8308
110659,23918.475
145033,6742.1543
16575,92133.125
135575,15335.982
58877,19898.531
56332,6653.2188
141588,55617.62
115359,33214.652
140549,50171.562
65447,78830.75
119030,40655.438
11586,153751.22
16373,26129.697
58394,79251.24
43157,15559.401
79761,29274.732
118108,19215.605
135127,54465.977
13883,81728.34
86643,6776.9575
148873,26367.924
62969,22996.016
17822,22035.256
48143,90229.7
58481,60403.96
56913,62210.1
60202,66518.15
131514,28685.945
37357,7746.0566
69566,5466.081
95575,4866.8433
90739,3752.0981
74446,3842.9548
54007,7003.8174
92761,4211.3276
102676,22627.137
145556,60318.88
10425,15327.952
122937,16254.321
96560,27937.988
8813,11060.735
39118,35866.836
26075,84279.99
29311,89966.125
3402,22774.99
67748,25220.023
122986,5955.134
24841,42328.266
64909,17521.773
31208,43508.223
149892,36775.797
71504,19656.602
111824,87811.08
88925,15763.472
9020,16403.227
131411,13126.553
55631,43488.926
17426,10289.675
129854,207161.52
118528,7955.4194
90635,111596.95
57911,16567.47
33029,22476.535
26890,18202.107
63378,12385.308
92814,2533.5415
110832,5679.4243
59224,77455.08
105422,142492.83
7015,65416.164
97511,26870.951
96965,20000.713
70219,20012.027
81619,68932.23
109675,9552.663
140316,51988.754
79709,5935.8755
88547,21035.37
55333,15969.26
100952,30756.877
147145,16279.601
77186,56313.094
72318,10644.918
97681,11547.499
22700,25608.816
33818,13613.474
111115,95915.02
9187,236248.64
112637,55488.582
21020,14979.933
83221,23404.91
19242,41651.78
73702,67275.63
101430,7795.5547
121408,57683.32
84212,28486.29
119132,26500.092
46892,157367.6
131200,5141.7935
52029,13010.546
100210,5176.378
106082,9009.893
55501,72570.27
40554,18958.924
21756,6555.3965
148268,9299.536
113771,3797.0613
100858,54212.453
3768,14347.091
59118,3521.6753
81694,26758.621
140873,27575.016
138797,7085.593
93486,8870.519
97276,62004.508
47348,58641.72
29149,21116.393
16418,7292.4897
53,3767.4763
91111,63156.43
46908,6092.4136
66141,1185.6722
144121,5127.5376
92711,21298.99
117794,43773.918
62547,47020.844
138463,127039.375
81768,4685.541
68210,6156.5947
66513,38629.117
94423,65667.164
5074,22950.613
57497,29046.7
66286,6855.1895
127792,139625.55
108351,4309.797
5141,9033.245
62952,8905.335
18815,22886.355
146153,1773.618
119792,7458.7065
78940,3473.4827
145367,9288.266
25319,61280.754
131374,10367.513
90386,22109.95
77798,8518.31
140756,14007.9375
86953,95897.92
30988,73802.81
97287,4646.7383
53150,193470.58
130007,4324.466
29376,8540.68
93380,11563.893
111083,7392.4067
79683,35151.02
22599,11847.786
12696,120674.99
142508,26558.693
10176,9454.687
146156,159291.8
120066,35975.684
29337,53147.793
50947,27424.967
52282,14611.008
10331,6414.9326
56814,97020.66
134930,23324.088
98175,30241.904
75946,7622.834
93207,12912.985
103511,77483.66
140064,18281.959
70665,81264.27
78211,106331.875
92308,1735.658
46269,6778.223
91298,1850.935
27430,21537.5
98144,952.5544
75601,65832.53
70143,4860.494
147413,19018.625
144153,7418.7266
65568,50051.637
13813,311976.44
134007,14713.25
130111,11230.662
13220,17775.043
71795,5640.7085
113088,102031.71
65307,4079.8853
46576,3066.565
108570,6155.638
140170,24982.355
99696,12908.316
134180,5776.0254
76870,13897.085
30233,23482.043
70333,19435.732
48229,41586.633
80997,47928.906
68219,5474.992
63711,60417.81
131051,3086.326
124066,14599.396
103922,9017.699
24819,56389.734
43811,6933.5254
85014,58971.375
18076,5899.7485
127469,56089.207
56036,9493.941
55963,9409.339
5037,12820.613
33692,851.5069
43894,41644.81
25997,3100.615
118752,29440.256
58334,13426.144
39450,31912.434
108011,978.1359
116152,6383.154
26091,9249.341
78212,13021.32
61209,49171.266
94272,15026.763
145961,56865.117
84606,18670.324
26853,26501.695
79738,33045.664
21093,6725.67
133842,126396.5
56570,46849.523
10642,145849.52
115184,6856.2817
19767,15581.32
40572,187866.08
14304,15526.785
10510,76982.68
1899,92196.805
81816,2371.9976
38476,63170.477
50020,4956.5415
85303,61196.953
40281,38113.168
43738,7856.0864
52332,36305.867
64902,7798.679
114242,62318.688
25786,10098.243
11757,6490.191
55764,70689.83
106983,139866.1
112647,158609.03
30755,8150.9873
53115,5273.1357
136629,15676.85
128538,12422.1
20605,16221.375
56288,83610.16
40526,112820.805
81940,1848.4218
41620,310207.28
47929,66296.4
80918,76710.76
139080,27182.062
49269,22316.309
123517,41950.08
33995,22137.54
36340,4669.1035
41828,8657.596
106785,8918.92
74266,163870.77
41216,35909.543
105680,9811.421
141407,18864.855
56154,4681.4824
5294,40259.5
134203,31665.979
77796,24865.941
72396,56274.297
36209,6609.2207
97600,48565.766
35284,72868.05
68333,3114.359
30614,16492.895
115022,70775.52
63662,63591.33
91196,1471.1537
110542,92930.35
99755,91321.98
120106,26657.775
114434,25826.617
68012,70005.0
29409,17200.482
33382,30709.535
15154,15343.702
70650,67484.49
41366,3606.8252
19246,16858.34
73323,11714.63
147619,8741.101
24370,60166.047
61481,3737.6948
16240,42214.957
104868,3746.8376
96829,7058.3877
64327,6059.3564
46936,15922.76
132116,19994.115
114811,6734.912
89992,11395.208
50521,7138.1094
149576,14559.643
50832,20241.42
79877,45859.934
84298,18605.332
59245,43511.7
131354,8245.599
131678,6807.982
120961,53397.043
37609,28332.402
20631,180545.66
21928,31516.166
140167,7394.258
90324,158585.92
22105,3710.4578
41,25059.371
109477,87735.04
41810,22137.508
108993,47339.938
16112,136775.5
11988,6325.783
16653,4375.637
122704,63945.61
95791,18723.871
20355,9394.225
141343,1141.7284
8978,171029.94
6662,11108.029
107601,18973.135
109279,6731.5146
62307,13795.454
101241,57496.324
109882,23900.123
116170,9000.764
44583,70997.31
28168,6673.7563
19441,107657.76
15399,214828.56
37992,92514.24
122688,2831.7615
711,57242.906
144355,18684.725
125632,98626.21
96828,21456.63
108122,44873.61
74934,10095.215
78472,99293.06
8348,5516.7383
73911,19489.432
96185,37366.56
107521,82931.586
11237,23308.736
73054,33956.85
110663,66161.016
125321,57189.105
3656,4217.922
120478,10319.33
34227,49980.312
41189,40990.17
25290,102771.48
38013,1262.1642
79084,22013.621
105511,63519.812
9917,15948.55
62605,78482.06
92232,5743.2563
108187,5761.5522
135477,80972.71
35238,24902.836
90255,10518.312
16362,26868.85
107783,10226.258
51045,5507.979
82561,30906.496
116700,73794.15
125981,62318.71
101238,21162.13
46373,41383.152
48127,50082.434
127554,3646.0496
63788,46139.918
1233,23739.828
129672,130107.9
88603,101470.31
17947,6466.1685
36647,188332.0
11280,74665.695
98811,68825.555
89825,20356.305
18775,63787.91
53166,62230.06
436,59666.293
45357,153280.55
20973,35014.77
68824,6469.986
126197,63720.234
143947,11596.74
3184,14227.868
175,8311.487
4193,67877.8
74411,48963.773
32305,32108.143
98826,8019.729
55195,24149.057
142994,49480.6
43112,2202.0547
81255,2951.9922
33939,55063.758
61479,10879.745
98645,42012.234
132784,4904.0884
19646,52666.445
67460,54992.406
74216,51986.77
54799,1198.8518
25661,31891.996
63909,5388.852
46813,52365.426
17501,5256.3325
137220,7419.9487
136095,57897.05
85489,36032.6
94867,54384.664
5375,15014.389
4171,4370.0493
48497,4008.1711
101139,86097.05
49010,55480.824
146125,17190.592
117939,30275.8
143550,17327.322
124572,628.5674
59928,10775.658
49497,55571.41
46883,101417.88
14632,36991.836
148748,65112.46
147754,39647.06
41903,38856.973
23833,44229.39
116417,10206.047
78081,101995.53
28824,86820.72
117764,26121.648
83839,7174.528
86384,17641.541
94881,100850.33
45534,16775.24
56988,21649.87
44,7302.666
86763,70241.94
62757,3094.38
70883,23279.637
13501,9811.685
123032,10162.117
146194,1900.6997
57857,35958.65
131643,59587.785
28762,8887.915
115232,3727.9136
11313,37220.953
117778,15966.064
77981,3451.6562
121710,51575.08
129590,43690.6
71533,44648.836
78104,3961.1807
81790,43357.64
54372,50493.574
34178,1616.386
93006,69606.76
11546,85675.61
118526,18570.947
26090,5692.3237
46286,4373.449
18562,18176.688
53998,5493.23
79593,12735.404
101819,7861.9907
53098,86324.8
67863,34167.016
142528,20100.123
78184,237521.28
98776,52581.043
75854,9893.305
16436,20479.225
73251,45687.89
145117,29604.342
98047,34935.16
37751,67497.625
123940,16066.679
8862,198299.22
48949,36090.05
93081,36067.34
100848,24964.781
95167,8425.22
109827,18255.502
67063,5167.677
20950,5181.889
140189,61488.94
108588,82026.414
28897,7951.472
68151,25256.213
109888,31223.918
55095,46227.598
71101,175821.52
73634,63629.91
130119,2197.9036
111748,5692.7065
71379,4021.9546
115114,77183.37
123948,209122.86
120034,24267.404
116111,11172.5
33469,34440.36
28723,28926.3
22433,60062.55
82444,58149.008
74469,86288.96
74838,32374.598
25539,68696.21
82997,8531.718
137242,33251.723
48167,8767.2
78242,28669.387
116071,13000.532
29524,145434.69
42585,6067.648
38290,3929.7168
83342,28104.928
24416,76477.766
131856,92523.22
13733,16223.609
25943,66001.57
29873,3061.2837
47100,16472.156
18676,10000.583
108785,3444.2861
126651,56799.727
21954,7861.4014
122657,5845.9404
71505,154914.06
103630,10844.403
97213,8965.641
123505,62387.434
11935,27386.1
113706,11967.566
11185,9369.667
110152,19060.133
38033,44814.867
129223,6365.5386
105993,38091.67
114854,22591.654
89733,1268.482
22220,50385.04
15102,12321.1875
119500,17285.55
88977,20510.145
20640,11954.888
136297,7162.4043
40207,45777.62
85026,24167.613
149566,8471.895
142540,6196.53
145775,75228.71
24381,41933.254
107123,2208.8108
98801,11533.786
144959,37674.633
141361,5287.945
53148,50657.406
55918,32051.264
38248,188639.83
30910,15653.554
76562,120777.73
7489,21445.35
143433,15374.685
36095,4386.2407
129884,144927.75
91941,17169.984
149246,22669.932
10670,20289.121
72550,4046.743
14722,20749.88
38661,13414.751
144230,23679.63
10106,5743.2563
99100,7755.4707
6022,63934.277
88240,18728.273
128137,78344.055
51627,46630.402
41298,4463.53
102305,27084.465
73879,10729.883
91675,22576.268
63828,132025.12
67738,14649.786
9017,1475.5431
13803,43962.83
54020,12394.525
97701,12782.596
510,92004.39
90883,82986.75
64066,53005.605
28730,43040.227
80529,27393.125
144596,6551.164
83706,3246.1045
53867,87203.805
30782,12867.218
8190,16715.166
113888,81108.24
111636,22096.75
113409,10547.461
118900,10248.267
140572,18119.72
131934,6148.8843
24643,12787.478
11707,5847.4106
57743,8854.335
49663,25878.953
55612,5512.8975
80285,24005.87
77094,29880.605
127895,9275.897
38045,7986.463
36693,10891.872
67014,6024.2676
78372,7938.024
125204,17100.822
17428,9380.756
111288,14782.219
41199,52467.11
138491,3413.5276
105525,12671.683
89011,32877.484
133127,40555.656
29520,10398.644
76887,16545.982
53260,19797.934
1389,68371.125
1487,12992.561
8648,13471.563
140755,9271.211
69294,51929.58
3277,2300.9556
146884,50875.664
141863,4522.909
25413,122023.805
64235,14555.533
123640,38590.38
54036,57639.855
77262,32862.305
37963,12471.007
60601,12249.055
40413,10651.087
114917,126193.23
55340,20315.863
43252,14476.339
136354,175560.77
66031,30579.906
136311,23176.887
104371,19855.049
9246,41827.656
138642,118457.6
55491,3726.282
123544,12004.598
64471,44104.316
67672,76820.21
113480,7132.0
10068,17254.225
109290,6580.5396
120173,15250.611
14424,84532.03
86661,2001.3278
2987,17860.674
124132,3273.9912
101022,23779.67
45231,61554.977
43215,98161.664
30556,79600.695
98417,17224.016
22069,45242.984
1882,5383.819
88592,27192.03
77002,18243.45
130996,19345.035
126614,33480.74
59632,16027.967
69110,3531.5156
35142,64018.387
61651,16537.305
79692,95218.08
105643,17273.166
5333,113363.56
31672,68058.24
47272,37919.824
35987,8033.0493
140522,95535.43
9855,104359.766
105503,1659.2532
37214,72693.234
7089,34999.902
140366,81651.375
58329,490846.8
149094,118503.664
53771,43235.05
85736,12431.296
38506,154330.72
61956,5930.8022
5944,35224.203
107969,38127.688
42491,486757.72
53527,72835.47
92751,43639.504
26929,5983.152
98174,52900.348
20980,2560.1685
5528,14122.446
3445,79022.164
17129,10522.536
77565,50436.453
97457,86237.17
67847,28219.531
38730,4278.637
146759,30688.049
55742,17404.533
3570,7979.2065
21669,17394.078
78661,9547.237
48809,1645.2156
119975,7415.1284
83029,7715.709
41731,5761.692
24043,58511.34
65338,69065.71
49715,11215.6
22295,148154.97
109139,3933.395
106025,40519.93
119119,20153.387
109715,1856.6959
113807,50249.996
39936,8003.132
75613,23698.166
4788,30964.611
43352,6637.7925
116711,8750.521
10961,23579.92
21835,26907.258
9406,5973.291
120053,10739.176
119912,105592.55
62922,8191.697
133491,4336.3022
105739,9262.72
55645,44953.77
116300,4384.574
54228,37310.902
17265,1452.392
62515,17165.014
114307,73194.65
110362,16978.47
68224,39875.715
39611,10589.972
30222,4834.6646
137360,124640.3
147339,21915.846
26922,1864.3569
105122,66030.17
33643,23835.79
98677,30834.75
14360,5840.4844
96024,31857.916
113428,4199.358
41248,9938.266
71123,51053.04
54022,1984.0513
69072,1045.809
63228,71246.15
149248,125285.164
89238,41720.285
149543,36279.047
130728,15240.007
118502,16784.62
23560,18302.43
138831,103040.79
118492,3830.5603
95026,4038.0737
149240,20236.707
44311,9188.818
97497,10373.302
95629,77589.16
42699,165595.44
17672,2149.7258
38695,11790.57
138647,36275.688
66139,15754.52
126334,11770.007
82058,9561.006
74986,6557.738
149235,10074.611
2924,5235.914
17792,66460.23
142581,24662.705
94190,11085.27
44182,25848.555
135163,37666.293
102392,33208.48
87358,6020.8623
11221,4497.7563
133469,10487.361
3319,6372.5
73261,7616.1387
28570,171715.31
94315,11171.922
92888,47283.402
123920,3588.206
133123,69889.38
35835,104486.02
10517,21559.559
54396,18850.97
71365,45062.496
33455,6959.5186
58615,17177.121
132679,7187.8613
91386,4872.0317
100648,23502.172
94539,31313.648
94376,48847.523
117750,12738.387
34605,17435.846
69225,6917.491
73560,16318.249
17257,6087.9033
80468,8233.102
1156,39856.1
48221,26009.766
132769,649.584
144283,5858.6553
9196,14234.933
17326,12121.017
104560,176207.17
1935,24609.309
67781,35911.902
83339,34554.867
107409,21333.002
143274,10255.751
96731,9438.827
20376,133738.08
30731,4366.1777
59041,9102.309
115802,17169.127
72789,74643.164
43305,55790.227
59258,14386.188
9767,123761.16
68269,17531.951
20815,29140.66
64932,117852.516
144477,44744.727
68084,18283.24
75285,133169.48
99368,6951.503
141681,66497.266
72150,4902.0127
108773,31020.11
121127,22491.613
111800,59721.99
71703,4079.9397
72250,29655.248
120997,11291.933
70481,15331.209
20497,70607.2
709,38285.832
145963,10005.164
60720,74163.77
34255,101243.46
105046,104540.766
61040,7402.1074
112501,41340.258
2135,17202.303
65102,50028.055
36494,3163.7842
23310,136307.36
122146,45679.492
88133,23027.984
68259,4256.6846
71954,19892.053
79821,115858.836
121133,5767.136
19769,3423.352
41774,41084.215
48038,14036.012
105667,14909.281
59612,29992.12
90351,72186.91
93348,1689.7656
106864,5214.0884
52228,1966.3806
56065,58131.63
44816,14331.682
13439,26961.578
79604,24321.105
113022,35684.945
8967,1021.6386
48715,19421.064
82200,33156.6
28110,4476.1763
84900,36224.434
65947,4639.2324
97294,52861.85
9312,29440.309
89280,14814.764
76300,17156.664
8127,10502.893
101840,32681.21
45343,79370.84
97616,2486.7544
140626,89872.17
112590,38007.863
54177,9546.697
17287,3792.2505
47336,3707.6067
95586,17964.238
106749,3111.248
92498,57033.426
75147,6181.7793
127022,20841.357
56241,41105.22
80163,20462.445
97961,9000.663
125637,62552.992
7715,140867.9
126908,15490.109
132069,92945.56
120749,18618.732
68136,24185.717
1084,7828.9263
15565,73659.195
149085,24868.186
87035,287371.5
48014,18324.877
53028,45700.33
135571,7272.841
9091,11771.962
9033,50183.81
64369,42324.78
27233,6103.41
36616,19143.64
32441,6600.373
5962,40127.586
88423,115.66874
147072,173823.83
118319,7660.2617
110024,14461.293
95263,22491.793
99061,39223.227
25907,7525.7603
22249,77620.51
68946,5367.685
142061,69421.28
48769,51927.484
97409,13630.639
148394,17899.225
79905,6218.3813
13094,39851.594
44046,43214.24
40833,216728.03
12476,6151.347
127585,10450.068
50242,5088.926
9703,36921.96
28118,11208.362
93112,18029.865
14444,131827.66
21915,1855.586
53319,6609.0674
46884,6435.4683
5226,54462.67
140789,9295.186
108107,28494.307
143784,30035.037
27947,34356.805
146531,78153.55
108902,30790.793
47207,70605.56
121015,16873.852
86845,89490.99
124124,24682.86
75215,9584.637
103314,11108.418
72481,22851.8
85675,8057.6846
119623,17349.662
8179,105579.34
24457,9488.183
100258,4353.8745
6623,7598.971
43788,100954.01
9802,19379.916
99877,77386.61
33893,21517.725
120709,125359.836
142524,6176.8047
144259,215825.55
34695,9566.746
41172,18523.365
22460,39069.473
116561,54186.62
31568,102623.086
90538,16697.207
76969,12827.373
86591,6367.43
99002,28440.613
149188,17300.43
89285,8728.983
89007,5432.1514
24818,18024.107
129676,44857.508
20755,27424.541
71980,155617.75
137100,81303.93
23269,12214.755
45390,15882.024
35538,13297.686
147541,18632.477
25541,22049.549
84059,20132.918
50916,4521.5825
111424,74280.766
136659,89411.555
69977,5902.6055
16755,32808.242
33822,88027.68
89592,24055.395
142262,34019.61
145661,2090.3135
98825,88380.26
55004,1141.7284
95592,4280.873
85083,13956.766
22346,44536.945
35264,3305.3835
99505,14247.328
18669,1467.7788
6553,49789.33
95703,11253.436
26800,5218.3687
81799,26186.686
52679,11867.042
91530,27309.598
60403,79165.195
110500,6250.3877
14720,15188.014
19831,5453.869
119423,30326.416
127794,9283.178
142302,24587.682
105858,10281.126
85539,12375.173
133194,7631.331
149074,9764.938
48725,6781.6914
31762,6604.676
125140,4677.133
141451,4229.258
5935,13349.598
77662,72299.1
63229,31979.906
2761,15099.562
139878,6745.945
132396,121037.04
115877,14658.926
76424,26361.135
102053,96115.914
109147,20797.28
8255,39257.965
99403,50959.66
78182,28880.623
62740,26577.451
135099,2588.744
34548,28925.334
85528,33480.26
85350,4174.583
50073,13170.496
124607,63877.42
15696,41163.56
10589,49262.24
113184,9804.081
2088,382653.94
141044,7552.601
101995,111341.81
55229,3688.978
40140,83306.266
24486,74247.48
2474,17205.62
131471,27859.926
136307,8047.3354
58284,11955.52
110082,2462.2427
122078,6817.031
56405,70030.44
108962,5037.741
119632,6760.5425
99218,31331.094
79138,50308.867
12074,11904.086
117169,4715.688
16157,24338.045
21236,11960.69
16987,20482.746
83360,18013.28
132981,5355.341
62774,14636.704
35337,11587.088
55215,45985.42
136444,18171.666
19790,93107.22
104653,120894.375
134502,4394.883
51284,47640.832
19343,54523.42
59678,19622.367
64726,43599.004
94422,16872.281
75181,11447.935
17641,24699.127
26560,21457.09
146862,77012.32
92580,1563.115
12588,16282.539
51999,23261.398
61413,81694.29
46598,11221.715
84424,60378.68
6013,8426.508
95528,48425.137
121996,2928.9429
36239,67105.85
38758,5442.4204
41626,36263.832
79050,19519.104
32026,20357.914
72144,24856.023
126042,13516.556
105395,11739.993
36984,14297.243
93037,48371.074
38591,17995.188
47885,20964.555
1654,20239.121
128414,89938.26
125454,79212.92
84708,61263.53
92256,20596.506
95136,4006.9502
80447,7210.221
26246,115904.266
13506,24428.828
69892,17009.809
18256,24266.537
38282,6299.7437
111458,1852.9014
135309,24342.438
116927,19652.363
8713,135828.34
46793,17810.46
123911,48223.004
132832,35376.812
93322,440.64813
149238,41363.31
81631,6278.6724
31987,86974.66
129947,112813.78
47777,1131.3405
82137,46888.96
57578,5534.606
39628,3461.5728
124663,25891.516
22967,1858.1584
71084,30160.926
112786,31247.91
75517,2496.2048
145578,96039.375
133538,177016.0
102419,12157.935
43431,5706.433
35603,13125.387
50886,91126.57
75259,10507.436
40089,7733.0737
40515,40788.785
76819,6069.902
117782,7305.2114
8988,25763.797
77427,9656.135
51032,4538.634
2763,41257.773
122778,14890.0
21138,29874.838
125207,89323.32
64361,20357.059
76711,36424.234
111316,9613.21
20333,66.41871
131243,10731.268
38687,6926.5796
38188,28740.262
49062,7426.1274
1182,8112.3047
133042,10743.248
119565,16187.586
100162,56683.418
10188,8118.146
103651,6356.7505
102573,55958.754
39461,6334.9937
73443,9739.771
43065,11971.811
93655,41271.62
47156,18934.027
4804,23943.758
24505,1101.2502
15072,5013.2007
17413,2909.5647
95363,44384.184
26383,23817.75
2055,53064.746
12327,44602.332
41107,19330.91
144957,13192.324
48353,28260.725
134262,34629.836
82111,1092.0409
56278,1625.7273
122626,28593.365
69338,29028.824
39882,13755.719
67676,4472.951
54673,149521.77
93613,56444.39
98968,13178.346
66008,5087.4424
28983,26977.084
101134,32935.367
70132,24183.89
118634,3366.8186
108100,23888.611
77185,31099.004
42608,55809.46
134451,14457.719
105052,25145.89
149114,27720.998
61438,3734.1235
59417,9238.015
29079,74864.94
41256,14563.914
14181,4351.8804
9253,4920.929
10453,55570.39
95719,25066.121
106940,9340.225
30934,112715.09
2853,46351.562
30431,72039.945
132834,6853.078
31678,47516.066
91645,48442.844
83653,54128.754
138592,41947.836
76316,46137.02
45184,7761.447
80459,11136.651
59581,16490.273
119290,56476.074
50420,5853.7803
145554,9339.007
101658,17997.604
75438,6467.1514
124213,17615.8
48907,44410.316
91623,28303.48
92779,98330.88
43619,35491.97
114795,77257.11
28707,61267.152
128712,5608.241
114631,3166.074
19998,8408.568
45766,10538.397
98439,9681.546
122066,13563.079
88630,67815.54
124088,40956.33
9858,174582.0
82206,11237.306
86228,13965.921
102166,3823.9314
85184,132854.42
5570,11908.996
96203,11530.191
139810,2477.5588
32343,3799.977
105953,24970.166
108005,6180.0503
43232,68104.27
11290,12626.784
70636,76384.21
133200,9346.899
145757,41552.93
97727,43697.727
101222,39286.758
112547,4066.208
74830,13127.398
10141,64753.3
35274,104073.81
126488,20729.986
123696,33617.94
116744,-541.69806
134195,6634.1626
64376,7683.8325
111836,20413.188
68857,10297.771
33652,3369.342
5645,5804.333
100883,32110.357
60445,90797.74
62375,8768.313
97927,13829.081
146475,20999.514
46832,15615.456
49758,52615.734
52340,7071.5786
35737,24463.959
77739,4496.969
51594,6300.559
123392,23219.867
142425,12918.12
146188,9720.551
147394,111772.2
55386,60237.63
101876,96139.664
115664,3252.7473
9954,12685.857
36488,16234.576
147626,6509.712
139717,11769.4375
147783,96907.375
107032,57858.766
142809,32840.805
5821,61248.312
6968,25850.963
145340,12125.766
51931,2040.8658
32359,60260.09
99838,26411.871
120218,149953.22
25210,31239.322
55711,14564.629
87142,12836.965
46319,23259.88
121386,233302.94
59331,18930.959
88725,10617.164
113641,85935.07
98748,33098.277
46328,9333.505
145385,16894.465
81829,5147.669
41074,121898.28
67193,131983.73
123900,3329.0337
111912,5434.9546
78433,16153.994
52442,80330.055
23008,11840.572
47381,15131.581
52836,24943.62
82687,11099.885
77504,44974.484
108824,10333.228
59505,3984.7043
126939,18179.521
107372,43033.28
8711,87653.164
61912,7386.1123
53611,36349.355
7689,37716.363
8019,64814.84
66498,1678.6696
46761,92437.63
36413,12638.797
81228,16415.018
71853,9281.828
17151,28933.65
48320,78107.586
54456,26647.303
50008,3636.3208
83878,12388.068
136,3986.9846
101310,45299.184
24749,52661.92
71608,22345.717
131394,5267.451
64927,18721.092
74649,10841.1875
58863,6130.336
119679,15325.566
137478,40390.02
69080,9113.201
117164,119766.875
5777,21466.844
24622,8002.013
6279,12825.193
58916,15262.192
39272,19530.518
142767,18596.031
105711,3852.4219
20482,52988.8
22574,112622.586
21256,15282.4
66064,8060.928
61389,46314.434
80117,72602.77
140067,14213.033
125135,61345.29
8040,68707.195
118917,4268.4775
117087,20993.365
70515,9259.947
115435,73375.664
8934,17777.383
132066,13197.586
14589,12404.849
45408,45761.63
47171,12586.794
8054,17704.38
20511,2099.3691
51483,20330.998
63184,22000.836
34570,4712.7407
9774,28228.484
111503,6456.122
74786,17825.096
149680,51415.594
67093,22052.475
8154,29946.84
59729,19751.744
139564,1990.8313
116961,46994.26
84489,6338.9478
32128,24291.262
41414,26554.809
43580,12343.611
149433,16586.957
148921,40635.55
41088,12637.92
131921,136489.3
6217,7923.869
45305,11876.964
73462,13026.91
69846,49934.906
67066,135081.42
126983,3934.885
96095,49699.04
58118,21841.746
16631,37691.59
99794,19374.656
16628,17634.818
2425,8183.095
116013,49810.57
1416,36111.99
55464,13176.584
138191,113355.38
807,10983.675
131121,29055.383
80232,5042.152
97085,7949.7344
12096,878.8547
83266,44782.11
101942,10893.676
64146,18013.682
117451,2183.9497
104696,30635.11
91793,7411.8003
12951,45895.023
87131,5048.9517
26077,11072.748
38689,54791.223
137077,17787.645
80718,9741.333
67401,6508.2935
5736,242591.28
59155,49412.76
91867,5252.172
111720,18236.031
22598,101265.52
32379,3066.6223
65120,42400.344
5412,20202.121
110059,62966.26
146566,6115.628
5910,11881.549
35188,104730.23
37434,1053.6389
30159,63073.746
66718,10652.544
33847,20886.256
80226,10559.166
21982,16217.978
74712,34676.88
133571,46539.473
14352,52873.645
8211,73974.57
63972,11986.8955
112740,205088.23
100790,5021.169
49703,48139.906
127186,116440.39
140124,54268.848
15980,10661.554
6177,16270.539
62902,32442.895
36044,25309.25
103078,35068.277
79663,233505.5
88739,52751.8
27067,169769.69
17414,6400.0723
141483,1347.4318
131709,5219.221
95013,80490.195
38267,29818.38
128524,18004.254
70931,5384.7314
61512,37626.695
7173,17217.37
18771,7007.5366
94120,157332.53
139186,76771.18
81365,53445.48
137970,8509.786
49192,19251.291
11184,11749.072
69173,28344.96
146578,17359.342
8533,11694.988
16600,58825.85
104054,101962.14
59158,54366.883
141007,48345.48
86042,74814.555
44774,16873.777
131509,3829.599
141529,86552.164
28026,63166.65
96734,40273.15
120484,46245.355
103086,12108.679
64276,27133.72
134904,37787.117
6130,17359.018
28231,48555.008
11643,34091.582
53416,1804.554
6775,54203.812
74744,13848.216
8240,27925.271
90295,46204.777
140055,10944.825
32841,5975.759
44430,17302.385
42778,74526.97
106263,11530.673
35240,17903.28
39748,19219.082
11700,53442.98
74774,49953.87
131932,28147.986
69473,3180.916
4049,10440.409
106367,15192.538
51646,2874.3638
131304,5742.657
124001,65128.625
113842,28855.957
14891,78448.734
38025,9136.919
54668,51305.176
116731,23628.527
76568,14161.65
117013,114211.01
57439,4875.953
108689,1060.1853
58187,47369.94
6307,75795.266
19711,47269.816
93027,16666.426
19093,55851.152
70331,153489.97
90874,70822.945
146789,54862.312
98337,13346.848
53287,4606.501
10385,11695.334
76111,23470.875
130420,41632.01
20657,39318.926
25985,78890.34
55854,53539.664
142500,67723.38
54275,3602.2852
57408,16486.17
55033,9684.003
134786,23820.818
15728,10998.66
58562,46694.688
103320,139045.9
44979,3774.5781
2985,31044.717
149173,13561.252
99017,32923.773
147959,6208.5825
147066,12405.058
123484,61560.402
59686,126184.8
73614,3342.9617
135847,43391.86
6220,29170.146
36099,17948.57
52217,116373.78
8147,19782.574
36854,18946.602
77794,62428.08
73580,16352.072
143744,9186.895
84043,7791.4097
22024,48009.305
12461,110471.516
41503,25251.367
112100,7550.0693
102285,85945.664
51099,34686.12
145107,28929.61
132722,4450.0645
114220,6148.8545
2625,35137.566
44451,10481.266
63647,36694.02
106392,12654.672
25713,39614.965
113183,2438.9395
146487,8775.676
81663,68416.445
1784,43649.81
53702,2675.0566
103449,91434.33
137771,38559.883
128598,26664.797
18681,40484.73
101505,24187.309
88157,8085.556
9131,6241.003
70064,32500.646
116829,31264.484
40616,44800.86
101343,31654.504
30143,7335.393
138378,19662.572
29480,14061.909
8417,254135.75
93450,20209.307
142529,11693.26
96727,98792.375
140490,22395.688
36431,4682.027
122357,4772.898
102090,51522.637
37216,141231.9
147932,18872.48
48057,44984.902
42996,3856.5212
71735,78527.64
105922,28713.598
123719,1776.6343
122602,8064.357
31215,28494.406
11765,31685.932
50671,18931.883
63215,1988.4843
74888,42543.348
13212,32465.664
45991,24814.416
101234,228710.12
39658,8728.862
32983,30916.354
137464,180681.44
120088,98138.94
56721,20772.22
1008,104730.5
7004,87959.63
16210,126685.195
35461,2874.677
105491,5259.6846
45832,6806.277
137688,3231.6426
94149,6105.055
111360,6295.41
97569,50922.85
136891,4206.1055
113008,6356.5264
138709,50215.113
124710,105566.73
78260,1662.2534
99082,93955.086
122984,40515.445
147913,81052.055
147987,11173.989
35093,41306.707
67135,4064.985
109457,115784.89
95217,4998.66
5564,12328.23
100296,24714.67
110142,35494.76
81719,31679.848
73073,8509.655
11315,36471.152
7453,99473.766
23149,41341.562
105335,2155.942
142886,19610.018
61313,35941.13
79670,40422.527
96801,40048.82
46713,2488.5928
66314,37926.367
46169,67655.62
15413,47918.742
18656,52004.184
69168,8353.76
118173,1828.0305
18294,57296.33
84373,26161.428
76845,79086.23
112416,3302.001
141576,14683.886
119518,18854.553
96199,117300.49
110459,21699.12
34926,62861.277
34952,2973.0642
142002,227451.5
34338,348577.03
91813,4663.4487
79984,3070.1099
39163,20754.438
123956,7677.59
83988,51438.723
23118,24891.133
25282,97548.48
106315,13983.77
128529,50706.363
71922,10594.351
62771,29070.758
19941,152890.4
77575,5810.37
98503,160188.16
88093,6448.675
114626,33362.387
47539,53858.473
53834,11174.287
147490,26082.877
19817,29034.186
127598,57561.49
113590,138364.08
71739,2887.958
77634,4826.8643
127138,21758.314
12015,7271.9844
36611,10106.032
86966,48101.188
7042,23995.078
46475,52549.59
57725,17676.025
121746,52349.977
1180,44609.91
139783,5838.0166
77400,4339.4785
32546,11732.789
103706,94243.01
115791,6313.851
17210,34276.445
78847,16272.495
10885,16693.88
21458,52012.242
137377,19113.094
123425,11614.125
34491,9136.332
47787,18281.096
35012,9053.331
146934,1635.9913
28234,14500.099
43784,55936.855
13175,35599.95
93817,16171.265
39656,13419.256
21016,25004.236
128849,70943.77
58447,10726.341
121720,26404.674
18161,1698.4773
94996,74453.18
102824,87614.94
118019,54120.92
96501,72848.78
51158,7712.937
28419,32498.871
124314,2408.0422
140336,6721.0337
117056,140617.66
109586,96681.36
124810,27773.56
34917,27105.258
30756,14113.563
62084,102911.32
60475,22686.633
82393,47698.55
18149,32857.926
11718,34672.414
129851,26421.096
8045,6771.946
137346,58114.688
94911,30990.41
46907,45479.88
132118,190459.72
113223,9095.591
134430,49590.656
98187,19392.418
5077,39695.055
45423,55888.12
135187,13910.405
81480,6274.408
102695,17728.79
78907,25660.996
60031,31689.654
34874,6199.784
120211,10770.259
121385,11523.754
57207,27306.871
14992,17320.984
18869,45158.445
146540,14440.671
53975,104396.36
132519,78570.87
6650,41288.793
81428,45379.63
75118,53142.33
113388,99654.45
78136,996.2135
39808,40682.582
139184,60380.266
143217,27853.127
57570,10149.24
89294,276515.4
79419,94231.29
89008,102135.75
99117,8049.927
18164,5682.2397
143091,34828.02
10019,24001.613
132534,124892.805
21530,211854.97
62196,10881.92
33537,17154.605
117388,11806.841
15313,20704.281
37078,3996.4756
113293,6184.099
4298,185260.42
51384,9801.358
142503,6377.8
69551,15994.066
72412,26978.871
141941,30300.49
54525,9021.077
109742,104890.34
18598,42325.49
28391,91443.62
88658,102728.625
147752,7985.217
65011,4031.895
149118,5843.946
24373,32211.92
140812,69284.75
123384,7330.131
76864,2075.9746
129346,13340.56
9579,21208.889
104007,4851.442
126793,122005.12
135890,4330.616
139567,4214.392
22479,44541.01
115239,170981.75
37302,30983.168
91293,3875.954
91660,50799.9
80965,562469.2
22953,70992.56
76246,217985.53
47548,20953.234
116440,6875.7764
37545,18070.445
92109,99451.63
85460,16316.087
43415,12017.5625
119264,64392.457
5824,14864.984
48748,30778.686
17861,6214.2085
70909,129232.805
148760,24644.55
136498,8072.2725
106598,57208.676
7237,52056.965
111880,6255.639
29308,10714.709
60956,44229.33
78591,57661.062
44379,2985.1626
37818,2817.9976
126321,71656.78
65625,18322.438
46455,10636.233
119922,69046.734
122145,7882.9316
61487,1689.5781
13569,11983.401
74858,35978.887
77704,2292.2043
32670,66335.836
58745,5267.5728
59424,3997.4617
146835,13829.288
30771,37079.742
147943,3643.702
68699,4522.11
141181,32229.832
60115,38928.715
70586,6315.8555
108010,19160.938
31073,109858.64
30484,18749.527
121618,2361.268
131101,5223.6763
88005,100597.805
81817,16818.795
143196,14680.471
96181,9956.638
39537,10238.159
70220,117013.58
70271,34864.848
87800,19937.006
110176,3331.3398
119790,94217.984
121903,24698.146
69327,111514.95
4544,2152.3318
112139,5324.7134
38217,50923.332
98930,151924.61
17450,51279.543
98985,22937.596
142838,21554.98
116945,38750.64
72400,38919.17
103371,20417.637
44103,33869.71
111903,25129.053
42562,31858.861
21557,4681.3584
3032,98430.81
132859,15343.916
84406,12955.22
17703,79325.2
29196,113518.96
30952,2337.022
44770,8746.148
110292,18234.666
70888,8094.6167
39493,7194.742
115938,5609.8413
112608,36952.145
108905,10959.852
94984,27561.852
108560,46286.375
38529,6754.1387
6736,6937.5854
2367,26309.326
88377,134478.94
85122,35381.242
116805,16532.762
57146,31227.6
105089,92835.69
110881,4059.838
93323,48250.42
44541,16619.248
11543,44295.1
6859,51466.73
91570,192937.4
15752,51832.516
79585,33245.742
19145,38247.89
18762,22281.32
129687,67258.09
42511,17196.328
77146,12650.808
139234,162703.55
45564,7526.019
101791,91357.0
59367,53463.406
95464,89507.09
63438,72513.13
23028,156888.58
98343,52473.867
107827,7438.027
27467,17288.756
19609,17817.207
13198,41229.84
93883,116408.38
50369,12198.95
132645,13884.357
142657,20854.766
68593,28385.533
139973,52869.27
85989,18487.113
7799,21147.932
111612,41461.367
93150,19602.549
107897,9428.657
22603,3951.0269
127142,154139.61
70138,5368.1914
30995,25616.713
134714,3079.2202
135854,49357.95
101478,113057.96
33559,104468.43
4979,112597.99
31641,15146.08
13356,12573.324
134193,45291.766
28525,9740.657
130640,5127.758
89694,40818.445
39522,7880.8413
103846,13103.888
48831,7163.5522
707,6400.3853
24056,29883.844
134268,5052.743
34469,18596.666
105899,47826.004
134261,5449.7305
124668,25417.16
130417,19123.57
119992,4194.8936
81673,26808.918
36426,19852.32
105398,4587.4937
3608,58139.46
75675,19869.195
65353,16233.5
98905,83395.57
87932,11889.373
40380,86883.96
59078,7818.599
43084,48996.695
90820,29273.996
104739,165722.64
142517,3368.7063
88002,28171.75
116631,4902.9233
31259,156438.92
74641,77858.37
148429,14876.041
66682,15689.047
72193,171304.3
123514,52290.027
47102,4619.4087
137640,108070.67
23475,5814.3027
139598,47013.36
132062,122733.47
96937,44812.547
147263,13808.491
6818,8534.892
78975,55095.832
127924,8438.772
33300,9421.107
23413,4496.6675
31186,9045.481
15504,6512.5293
87987,8748.847
138252,58543.035
133256,2088.3394
114193,29769.33
142619,12730.299
31233,62066.215
13872,20717.068
95418,36638.69
42158,20783.342
141051,191006.48
116272,64851.695
45785,84665.63
98984,4700.736
146467,104207.805
42350,170986.53
13478,95245.03
117500,10798.659
1269,34681.094
147694,34937.41
109860,3738.887
86877,12266.097
129452,17672.064
39052,12122.763
89559,35428.816
36316,2218.7393
84514,10247.658
120563,27418.28
70900,35859.184
127183,89237.77
34941,8018.9053
133874,23792.928
13859,45681.74
3855,6703.3916
147095,18533.227
145849,64326.86
117144,17330.81
83376,11776.237
125303,51721.832
36230,7414.4517
51978,33807.01
57885,27179.215
125616,43773.63
3818,33237.5
126631,18470.713
143818,107605.695
27738,8607.958
109418,167466.81
25806,44167.92
44829,35469.242
114209,3688.855
12218,35068.11
138422,23482.672
148886,50525.723
119531,99965.02
101637,11787.244
116257,63661.184
14316,7799.252
91087,41513.066
40085,4123.948
105349,144563.66
67874,10460.286
136828,106422.65
95135,7373.504
25754,39613.035
104733,6847.1426
130703,32027.809
24798,20768.688
33871,70324.13
137836,1219.4104
64658,10306.662
107812,3536.25
20891,78151.27
98298,14400.93
123654,29093.105
88032,15780.125
40986,7012.168
2016,3200.111
32723,89478.24
39208,6901.553
100901,115203.24
91696,3929.8923
50527,40234.953
126575,6010.5044
61861,81198.02
91242,22485.812
110084,51135.523
19255,377236.5
136050,86216.94
11308,92774.33
16846,6361.326
137276,13423.18
89834,9374.367
147592,47681.445
26324,20562.273
18252,10639.794
37727,8197.29
57824,5406.7617
99835,120664.92
103331,17312.373
51813,17380.586
46682,13335.467
46261,1627.7122
127185,10550.025
129360,16454.09
50074,11706.832
97656,22390.52
65786,10542.353
94439,144843.78
51938,1938.2102
18564,16522.41
119547,40511.453
60360,5580.463
63856,124886.12
149811,5963.601
47924,28627.418
8745,14735.4375
60847,46954.434
98410,12666.936
96588,27887.31
26174,10914.467
72222,105130.734
146015,139889.55
144644,13411.472
2982,12842.972
123089,32265.496
126554,3877.4497
57968,13059.8545
72843,49465.38
120241,15861.378
26747,14760.227
113204,23171.98
27498,30685.172
42688,87209.77
104484,41969.164
110246,10824.344
50446,1268.3455
29470,4879.9653
66067,10612.566
73440,3635.8538
109185,31098.158
3894,171018.73
148931,37898.6
55886,42629.23
33645,26917.703
13844,11355.762
135373,5700.6465
75083,4829.5293
34081,74646.055
56931,-1174.981
106292,76876.336
62938,8718.439
104832,182080.88
102545,12349.396
25160,8173.344
60629,89350.3
127802,6676.871
89475,34536.047
57205,9360.61
20271,167957.25
101885,12948.116
117019,7826.0684
122835,67797.51
133415,141894.5
7758,27028.3
36643,6875.2676
146224,7062.132
81870,9236.13
67977,12386.738
129009,107995.0
72831,3844.4077
108568,22592.41
126315,106455.95
141078,14376.921
53638,36818.61
132577,16268.246
74230,145284.48
11361,51508.51
142110,11560.525
84361,18044.465
64501,4854.9644
101711,80936.26
19782,1166.5844
44538,9516.317
34539,20973.715
106506,3242.3416
87307,14483.677
127231,595.4881
111349,11326.68
143705,58793.133
55978,35892.63
117558,5776.9995
105362,324505.3
32336,12077.707
47621,15653.959
120401,19782.695
71088,13916.183
42607,24234.014
50024,145058.92
7307,18539.186
2479,19573.389
68565,29344.357
33246,10122.983
147436,84574.984
142659,7945.5845
126170,38121.484
17004,9292.946
53934,27818.209
67020,17643.367
9062,9299.61
80035,33173.016
120978,93682.02
98025,10807.736
149935,64407.445
32072,90707.92
129217,23039.904
74878,12170.015
78079,25678.438
127483,166432.34
21123,54376.78
102265,12987.698
28227,24509.59
115447,45972.113
6317,5179.192
7823,20043.668
134357,20086.045
11792,144605.4
49198,10290.287
71975,11446.187
111904,88581.1
57623,3543.6267
45183,15171.444
105357,26991.662
4896,181705.62
67393,8024.928
120824,5881.9614
116292,18808.988
114540,24160.07
95863,6208.13
75301,2035.4973
141106,18045.951
22381,23791.191
130739,7920.01
14221,57516.027
141212,48271.797
107947,2504.0144
5055,21975.684
108271,15147.068
33693,30596.08
36448,9450.106
24948,15202.284
135984,33555.062
129156,31211.594
33445,42455.402
93696,61253.746
102892,18809.758
53650,11307.067
3228,63839.79
146395,19323.414
103742,14396.948
111087,7526.217
119861,6028.366
54965,18309.037
75791,2435.7144
102492,99244.734
65283,45075.418
129741,31193.922
90316,8301.576
114955,6340.542
89612,8687.547
84033,12443.083
87053,16610.213
30531,106248.65
43673,35667.582
136703,75330.875
43769,2530.0247
103104,9294.442
9095,54163.902
2765,142314.88
37748,152645.47
72082,19906.752
44629,9288.186
40247,37428.816
142976,47311.066
113820,41092.08
12120,27044.246
112226,13616.4375
62378,8756.441
100410,9998.077
149585,47691.38
96923,165432.53
117278,29788.959
85114,32779.445
58108,1023.34576
40910,11089.446
85622,23410.504
102033,49233.082
144432,10276.268
36332,120751.46
99447,30720.225
39798,6036.01
115275,6238.909
142673,46318.81
87621,27714.09
136902,18878.605
41659,7311.054
56091,5723.1133
99354,87944.56
42260,37856.168
61919,25885.914
14323,54971.34
59304,23278.764
12464,11971.977
25928,1033.9686
112557,47400.676
137680,23617.791
75264,41365.855
111394,85618.336
146264,10972.007
108131,2901.368
21205,5763.0386
49737,20216.023
85392,9438.612
35181,170908.72
16106,2573.6453
16310,5030.8516
68250,10517.67
94768,36673.184
72571,38714.39
2321,27902.854
96512,108575.984
66659,13975.019
103764,35075.645
44877,55381.906
2472,81466.53
149809,64270.49
80095,21578.807
79370,263013.9
66033,41123.812
96738,5398.8696
68369,22014.94
45217,3945.9893
84664,5149.03
139209,36098.016
64722,11505.761
79824,9707.749
106585,18504.584
30803,13782.281
107328,9813.419
15292,21208.842
132607,8109.416
63543,97762.625
80472,21334.652
14202,31788.01
1187,28289.799
124641,9445.106
14004,29501.229
125682,53991.11
110691,6824.6143
38794,5033.21
21134,53948.754
114903,29832.371
59378,12468.888
120134,10773.107
88366,413380.97
10165,22188.16
139788,48448.0
42139,1357.7677
140354,6239.573
96153,135672.03
3672,31526.166
125402,12112.0
23345,20782.78
31028,108982.41
49461,4100.515
18873,57841.98
95481,10778.459
84453,8749.708
35455,19399.693
144842,3587.6216
103092,29986.277
47490,22551.9
53759,13124.367
21285,47947.754
34569,2923.676
130751,22468.494
75722,5734.2856
6945,22510.63
47036,41031.14
54101,61296.098
66786,12216.864
88411,85813.164
23712,51932.324
145641,73392.016
106013,31399.23
26809,8137.8555
125241,16695.172
21187,5787.137
131172,68928.19
16851,85538.97
90575,32718.686
94507,12006.432
33271,6702.659
68179,21498.541
47697,7728.9414
72531,153256.53
89769,5541.7266
43881,94565.26
144963,12914.976
126731,3523.6467
84679,24646.623
121202,13820.826
101660,27487.55
145829,1148.7013
120190,25824.96
14295,21964.242
2381,89278.67
26173,50158.363
27599,16972.209
114393,42850.055
106447,4374.803
89397,38530.816
65626,6068.567
69628,8164.5063
123636,40520.36
90569,11168.808
114809,12141.412
128297,17209.479
42070,17272.885
54757,4154.867
131110,1681.0127
99206,30612.092
36380,9043.897
139873,23530.092
10566,25431.703
75592,15782.476
99163,15091.753
1676,26339.205
106056,56414.49
21050,41108.81
93649,12733.306
42601,10204.556
109622,19238.383
63084,33591.566
67238,18453.578
140981,29567.676
121584,117949.89
82988,1197.4761
117366,63155.223
31625,8671.642
67508,3235.1516
47698,22823.604
40606,17498.992
8298,37775.85
90979,6103.236
109243,3697.7253
55678,6161.9995
136682,35609.914
27876,3711.1865
16530,6829.931
130189,15947.214
83181,16641.457
91885,23981.924
135129,871.2955
52261,284868.8
74949,4166.313
137009,25290.213
97647,58615.28
23303,77324.02
32195,17199.945
19944,50306.023
41044,64501.273
132536,7834.47
44948,8494.061
43652,8118.068
124241,64401.082
31880,31282.08
89893,12948.222
1866,108881.41
89898,47604.695
26029,50041.66
51256,42032.688
78635,5292.377
146907,513836.44
88985,99377.086
139427,181209.39
85645,13171.924
88742,39393.438
119958,15278.674
22847,68023.94
132324,30295.324
27587,14576.251
95427,34070.383
21077,103527.01
66630,13218.179
129523,16550.074
106953,10529.424
14071,2610.7036
140096,10666.104
68726,54092.79
73086,69596.64
105297,79550.21
64994,5544.6235
106611,24813.932
129878,-575.725
66034,14471.692
33948,7589.8237
52463,5488.8467
45336,4051.6475
149149,11550.443
45078,50689.793
106301,26070.008
130200,33708.98
4445,5161.0513
20203,5103.9424
139531,13777.888
27090,24963.158
105039,33771.69
95002,65634.15
127316,14530.983
65703,17638.533
122495,65586.33
44635,115363.195
128892,2997.1602
108390,27441.268
50200,76298.91
116671,11759.722
86223,8235.718
114816,9271.766
85731,10682.17
101362,11678.617
60842,53782.344
38667,39149.008
134001,123809.31
79291,45493.15
78693,14392.964
21410,20688.229
60183,10192.235
61346,12357.988
72494,42716.836
121849,3915.7153
18787,41695.93
76489,6741.766
113920,9040.675
99959,48596.254
39409,3951.4072
20310,24496.656
134478,11739.574
35641,124552.336
49417,36876.2
148917,6823.0396
50635,46659.727
77859,46568.94
140685,46046.793
40194,14438.767
145801,951.9122
3516,19888.365
109949,13648.16
145548,19916.428
52700,30998.37
88404,3775.9297
75062,6725.9453
109968,4506.262
139117,22002.904
97089,128386.32
10604,3027.6353
89578,21343.64
141383,13627.718
19126,17800.236
47092,29133.86
7012,126878.42
83014,60946.336
84910,5714.003
125595,13162.884
126928,11079.722
126942,4970.4253
76685,33575.24
10687,18679.527
64195,19041.13
7213,4013.7773
143331,11802.455
72203,33774.66
54651,45765.54
95241,3849.8357
58180,121150.79
109814,6859.5
118950,210420.98
25658,12608.407
10616,1071.8899
26915,47963.36
127799,35722.04
63434,8449.022
67934,27470.184
99529,11214.103
117435,14656.383
113893,26813.807
137359,82093.75
26346,15847.267
54604,12475.579
105087,4608.464
138475,22450.82
34762,5293.1323
48171,57278.344
7986,87449.85
69821,58535.824
94852,27933.475
22841,86572.74
65293,12938.754
24221,21483.252
25700,57775.027
101543,3295.0605
62107,10157.145
56772,18504.518
34958,92957.83
113328,5982.041
10474,8479.764
5471,23746.531
7457,130509.45
52449,5200.2974
90269,90048.97
6748,20407.09
48636,11900.928
11828,1913.5905
143041,23566.63
57372,148985.11
140242,21517.232
1760,5022.1387
111751,12408.398
70843,29315.268
42894,6579.515
135442,34604.535
84107,8132.4785
49628,13933.814
120897,81602.86
125838,48202.145
76975,7839.282
45953,30124.37
12088,9817.257
77951,25547.68
53529,36911.934
79846,2270.8584
131675,19300.018
66824,12745.031
70063,33583.81
138064,11884.265
31378,33250.707
27910,22109.395
34673,10613.256
72300,14085.004
83412,3312.945
98822,165355.34
69508,14360.375
47927,8527.199
90660,18553.465
55700,3569.0796
71412,31590.951
45082,23234.48
85191,21422.633
109021,14108.771
110076,36491.51
122938,67314.945
38229,23156.055
55243,46749.93
17275,22432.729
144241,93248.72
110590,3166.3909
69537,27095.344
91715,67528.49
91322,12286.635
74908,94734.336
6311,46768.51
144390,93044.664
8304,50956.395
36822,11773.341
53221,57970.9
58403,89997.37
93477,23598.236
142776,5895.1997
67019,55754.33
16138,7416.3394
34687,47360.586
128436,5929.251
23939,8994.151
52640,62342.496
59996,7303.2095
108615,20714.78
17433,4563.8037
47119,20562.941
141776,89785.99
27568,31082.008
132749,91459.805
90588,13264.448
149372,29449.693
121428,6641.413
21826,7507.6543
66523,6660.355
6113,29492.25
21125,15817.117
63287,6949.4033
82969,40214.81
31273,100533.23
85007,5052.6743
145767,15386.867
93012,37694.402
21136,35952.82
97225,11318.77
104412,25546.322
26534,15545.707
15856,6118.482
65383,21538.824
86926,64260.465
64755,8115.8486
19078,18627.33
19734,5925.427
47472,104916.78
71491,14030.989
19815,3284.5027
27932,9557.687
62277,22379.945
121697,10602.739
98820,5508.8193
142065,7933.0044
8238,4223.376
25045,83326.53
74068,56010.395
94939,40505.266
16962,9115.324
2383,108292.86
13648,108124.73
19866,21661.58
17706,3885.1245
112830,24879.506
32363,18140.133
20871,9211.389
34650,79112.48
80158,20264.389
9897,162537.12
99350,19083.457
80495,8260.638
78683,68695.78
78295,27061.084
48408,124941.49
12100,778.2419
39437,49100.746
73926,8676.994
52745,19532.238
76481,186983.81
53060,124418.305
100407,34152.484
38686,21564.355
63623,4023.49
112694,56003.957
75605,75761.125
134242,8775.919
10769,24634.543
83561,1524.808
115319,9717.673
15023,40838.336
82379,175708.98
72179,66572.69
135877,15676.151
128780,17718.756
114378,67420.1
77116,3530.8809
558,11621.119
83153,21639.723
54493,12220.782
113300,7984.2993
19653,22221.824
35237,11969.308
128723,9987.465
136948,3332.9038
34163,5649.0654
145597,14293.83
13708,50500.914
148235,63810.223
53512,89958.73
47260,45889.574
45698,6625.2783
128930,1511.0312
122270,11254.82
39964,21944.568
90499,106839.11
109926,86334.65
128329,47365.594
52364,43635.39
104011,41345.363
101596,94806.03
118368,13081.335
121177,7457.687
66367,11073.697
63371,12749.563
136045,1880.4081
79004,28168.344
20667,6078.391
20351,17133.53
3263,29626.73
54180,241074.05
10540,16465.26
82783,3578.182
41313,12490.736
128442,10503.227
44152,11232.599
124380,186309.31
132872,33619.766
65574,46986.613
82203,56882.32
48932,10497.794
24766,11600.273
71443,28595.76
102741,7693.965
45581,24460.182
53746,13325.911
39651,3041.4812
47206,43459.203
49409,31944.785
136851,11359.024
54848,50891.516
41108,37092.508
12624,12303.269
87561,60030.492
134206,39765.453
75710,10719.975
119476,19443.213
101321,56032.055
72938,51950.387
75080,41162.95
80327,36651.766
83965,703.76294
92874,106486.52
18153,11883.305
133640,11066.812
12650,1148.2976
52170,8321.185
79954,71281.484
132564,91485.46
75004,50541.348
52665,12385.387
48134,18711.379
58195,56537.66
114692,9213.934
46085,5785.557
67232,116392.16
32435,39656.316
87764,28242.965
32444,10773.389
25337,65688.266
38411,97116.42
5705,8534.983
56499,55150.203
96813,11443.801
53493,13513.649
59698,45239.824
63893,7515.926
74432,49688.992
79885,13028.181
15226,316915.88
104309,7649.634
128832,15556.262
7271,6518.844
36731,66410.32
136778,3173.5957
141375,61564.227
19108,88805.836
2986,5715.559
29725,10387.33
57689,23230.94
16997,4240.99
109318,44334.945
108215,4758.211
76542,41356.38
101355,70217.7
26237,43677.402
76549,15474.691
133388,111981.92
38489,1326.892
108970,14673.311
28561,46890.715
83101,4906.5444
48405,1889.796
122635,13179.028
61660,35072.707
132693,1967.5404
26286,7616.9263
70142,104222.63
113238,16855.295
101528,17494.395
44561,9616.147
23173,103464.805
7711,23017.312
65056,87477.414
36714,21955.98
74164,17483.693
22672,120556.87
57576,9939.956
44205,42207.246
126747,17838.443
144409,29141.975
56528,19512.686
88558,19918.352
145770,110642.18
81270,12704.429
112998,4439.98
142471,32246.53
46621,8354.43
94536,76077.82
111164,10995.697
118273,8313.505
52961,39043.28
30797,164017.27
66441,26504.078
14521,6010.31
91455,31699.752
141678,23287.596
72335,14803.223
106045,68927.58
1661,9167.336
80987,23200.781
46921,12225.815
120875,59232.68
10410,29721.293
133718,39009.098
144878,12304.013
31078,27756.26
60777,172537.38
64272,19801.8
51189,29909.332
59009,37410.926
112446,29784.37
5146,71744.625
82719,10825.288
62166,15675.718
42563,5861.7583
16071,2872.1797
59980,33855.047
1136,2375.4707
27039,6697.5913
22155,27132.277
126372,103949.53
127766,4824.2637
148745,7579.782
130480,4982.9
79441,9846.351
6313,8887.682
128150,14946.731
137442,19374.053
39129,9376.313
22804,13950.223
59610,5322.3887
23786,56145.547
26410,19459.27
33103,22003.613
102658,8776.951
27281,8372.667
68441,12926.508
109109,6878.996
10226,24413.557
133559,34890.46
30509,54818.41
82905,4130.898
140772,4070.52
53025,64185.55
147614,28773.178
97937,31351.533
40658,18773.69
10978,9794.745
76574,63247.93
102974,21067.66
136497,28963.373
122654,51057.348
27690,47187.62
82593,29008.766
95425,9426.645
80280,103079.875
56173,10608.968
134857,28576.254
67028,7092.2026
15104,1866.739
5027,152383.94
114061,18871.416
149132,71500.59
116617,109977.95
79448,152056.1
86446,16278.787
15939,2110.663
143034,60035.566
35004,14369.395
140244,5822.539
9133,101111.88
2863,21455.086
94975,9875.761
132514,7976.1357
109543,9292.949
20800,41409.273
4132,46745.3
39896,6381.0415
53941,6243.2925
94425,21628.072
58809,15145.18
78596,75634.07
108057,58363.566
108984,6717.489
74904,15748.2
4065,5836.738
68078,22351.31
69073,14630.47
131961,30171.021
121662,14785.741
103186,10479.37
106332,3230.6233
107965,13840.746
131016,33329.723
74281,32190.986
39485,73576.95
65966,63023.49
108664,96817.56
76046,6067.947
73389,66718.39
76534,19913.035
33521,6072.186
144405,13410.761
148070,256590.36
12160,33972.504
128883,20562.596
90452,38519.445
28261,10971.617
94464,10734.479
2944,9418.4375
16784,120765.12
48818,41956.047
134565,5188.3477
103364,16131.226
57403,32222.814
100338,105354.61
44330,12992.256
93236,144668.2
111440,94936.42
148956,18884.652
128881,17986.404
25646,24137.506
15715,19227.82
146172,62712.28
30795,16199.012
12911,13090.065
99979,19271.441
52724,92165.734
83892,6910.4277
26418,4097.7437
130037,119248.98
80131,31714.137
45946,8381.872
6137,79926.83
28511,35564.64
106633,6174.8975
52200,32786.797
113433,122201.23
40477,42416.473
16162,30987.541
94763,11508.061
100090,14711.684
42026,49175.06
106492,19415.533
115716,3163.7422
34528,8118.931
16753,13075.306
29250,14742.018
5616,60700.516
72084,5859.399
108046,9616.43
115225,6627.3145
76979,24488.736
119375,8515.696
40894,4096.2837
113393,3464.5728
4169,90574.12
33987,13321.612
2417,8779.021
148464,389880.97
95635,15746.904
72951,263233.12
106299,3857.4172
96256,29828.846
110651,64482.918
94785,5867.087
18142,24572.9
85913,10961.636
83882,53938.723
71559,37344.223
128197,33814.367
81499,74152.07
128219,33013.992
132318,35084.055
27184,12279.858
85729,133772.92
41277,30412.115
72403,19642.615
149633,27264.361
41989,3161.834
20894,2029.2703
45226,424048.94
116115,11414.632
142946,9047.767
127537,114632.92
73051,22132.56
138023,103163.64
30746,12961.6875
71650,5962.3276
119452,28502.566
28946,241403.16
146062,72687.484
10262,1192.3596
18746,32244.03
38827,50837.355
44726,58570.996
6387,2279.3303
14097,95812.5
85358,18438.262
52481,136751.39
31243,9479.072
29700,8252.878
148437,94687.63
106128,129660.47
23980,11614.817
35289,25326.977
68069,6044.679
36924,27380.406
28791,48584.36
128287,11727.445
142732,180877.67
98641,42187.914
60994,8611.546
17164,2417.565
9907,79829.94
140087,50500.062
44128,6833.85
87246,2414.2542
48371,3954.5771
105116,11252.015
29478,7902.9365
63416,22497.363
147590,46789.926
92926,19796.93
66212,3741.196
34675,92128.08
65981,35021.613
19551,4127.3057
75709,13618.343
47982,68795.164
70965,41453.305
135549,16470.027
75734,17820.736
26337,17503.887
92149,18628.504
129959,71699.76
59823,73384.984
101116,25068.021
51765,9956.457
110963,64785.33
111988,4612.1333
88675,11964.393
146157,9574.619
77668,8755.377
17766,16470.42
39206,15416.657
119840,6552.907
6713,46533.523
143828,25034.637
59476,55260.8
100443,8627.276
134027,896.09344
144922,10128.273
92683,32263.633
118036,35892.32
147421,11904.167
122126,25792.89
91226,11032.478
82042,62546.527
58214,35024.99
31071,3349.2205
87592,42737.234
119582,255076.22
131013,11195.629
17372,42141.188
58224,22524.035
69827,18437.467
122315,26204.799
54199,106079.22
115105,9077.41
108818,8239.66
98441,16074.884
82536,63021.613
68017,2619.6309
140398,43463.727
6324,54194.22
127786,14413.728
133030,50350.25
145923,7881.5723
84656,44351.13
54567,36883.29
101318,13678.079
68749,107150.31
39542,12729.162
20406,21042.783
84189,13007.027
42114,11804.1875
133358,10331.897
102181,20664.686
51515,7671.714
90972,21525.252
113960,164207.28
37456,57218.605
140183,97180.02
29050,78286.445
108173,159763.52
81476,55003.953
20001,24625.84
65291,3555.5369
17157,87720.945
80413,12821.621
119575,74768.48
89107,63151.082
45603,75982.59
117654,142061.23
86488,19960.86
20986,13155.664
126925,15972.323
93643,27856.383
105340,104848.734
143962,17071.416
135122,11869.707
105501,46733.16
15374,208215.48
77329,26419.842
71790,11129.584
35905,32392.34
10940,20259.328
69067,16063.848
26326,7437.613
101710,136734.66
130877,6687.416
33412,14198.039
138483,22501.006
10957,3106.418
45350,101493.336
85335,62731.582
99197,45561.08
96302,50945.1
30189,14223.317
15830,8760.786
95242,1575.4604
44449,14112.069
75224,17424.363
99429,3235.5156
94245,6951.085
22237,9891.392
14,17400.227
45846,71167.125
1808,13621.257
70174,153938.61
96980,3551.4333
84897,41969.21
109681,17286.094
24238,6071.5522
21583,35218.477
27745,19272.11
27468,6760.7847
113598,-413.90863
72422,126086.6
39597,15594.926
21599,38203.508
51762,28693.254
28466,12689.985
19192,14168.718
134420,13309.888
63349,25390.842
99361,45390.35
6057,10088.86
14161,12090.873
68353,19132.148
67267,11703.266
30475,45869.355
67079,5162.954
41117,6360.22
121639,183917.25
6656,223795.1
142063,7079.8394
112486,127169.63
25993,15211.576
20827,10735.667
4436,53207.17
138782,14889.327
90888,9726.741
120442,6091.4717
85333,70350.09
145355,134521.06
79706,74929.27
13782,9443.988
70135,8834.201
53173,42803.68
126798,9584.725
98067,119717.65
13086,3478.4136
135440,136449.77
43603,27702.264
80430,71626.97
132657,100860.91
58940,19820.146
17034,4041.6428
77208,64175.246
93250,11911.773
22395,41717.12
60130,7548.4927
130892,10004.876
108647,1476.59
95658,76846.85
31516,29144.633
109514,40182.426
93269,59792.32
92108,24271.957
95775,8927.492
93182,142053.5
129589,10352.71
11235,30462.225
130001,81334.45
83115,6246.091
95309,103889.33
33343,46477.21
15907,63530.746
140090,97153.016
95570,22727.791
80847,104738.94
109137,4989.955
87673,66210.734
14833,31210.45
69102,35348.793
103551,38590.09
70478,8219.591
52436,3262.629
18072,108464.75
36631,98379.32
54802,7260.883
3498,14140.662
107229,3019.6655
146960,38406.75
106762,4560.088
133578,42198.74
49705,109844.57
94514,12594.818
80582,7595.4717
123368,26017.8
29383,95119.72
145952,822.09546
91703,30038.797
110010,39287.21
147512,4145.441
97667,76490.72
116457,24155.379
144505,91427.83
138528,3613.4463
16337,78813.67
74901,17777.326
118054,53950.445
43448,6619.9556
4412,11837.752
10623,1956.2941
56031,242781.25
112186,5262.1416
101480,6569.388
39130,14291.849
6513,64695.63
62651,52447.977
61246,27583.947
147300,16402.846
16044,4530.7515
130323,55051.926
83382,10715.027
139708,8906.834
122200,46677.023
26002,28924.896
41427,24499.814
123085,6456.3936
54477,6149.1055
124567,54518.957
145401,7051.072
15249,990.8999
30859,13022.484
132567,33615.05
71535,6024.328
84455,35182.477
88397,29801.707
123456,35735.3
48433,12687.953
57400,30755.049
134559,30654.957
141663,7524.5967
62214,90600.734
70808,6516.7983
63274,66914.72
85646,49505.17
141573,49876.29
123802,46693.453
74975,28110.404
13388,36875.703
32368,46642.85
81715,74708.73
589,10930.579
61854,12206.797
128855,306172.6
136381,105574.17
47827,102599.195
74748,19372.646
66520,10958.831
78302,6258.428
43534,24771.443
135921,11129.242
109685,209088.8
43749,40603.07
40410,17332.553
102661,11771.985
93510,72760.664
43945,31668.729
32067,43050.637
28025,45761.504
122305,92019.02
107878,15501.393
99983,23993.795
1820,16888.893
92119,22959.264
4617,43620.074
116790,15564.472
19988,14511.889
42786,9029.25
83928,47520.688
131233,63098.363
27954,86760.34
92902,17517.367
2728,51905.918
114915,4659.95
3654,10327.721
28431,6596.11
94497,19032.018
14243,146809.97
48441,19720.557
11270,8058.122
6834,22160.645
49172,34693.46
72430,93908.164
81372,69476.06
130511,24771.973
39016,96520.266
128405,79658.16
41735,47780.195
53897,293253.1
128213,47825.65
119618,26663.082
83676,4625.1323
108748,13691.889
108923,56380.613
27097,88612.09
148872,7156.565
16966,130555.97
107155,3196.3354
107784,103530.234
107650,15034.794
22895,262299.25
45344,21612.53
149787,2618.6614
80551,24059.336
96487,3091.168
128688,32758.908
97680,-897.79846
21171,30088.32
51204,61232.973
61240,46079.117
10749,156600.75
105798,113169.18
26578,7806.589
61274,22960.605
40804,9663.904
135857,106520.56
59444,18816.887
53660,41402.023
26170,10041.459
64439,4907.3276
114592,7108.7866
56867,2557.308
140700,7641.978
136527,273814.88
68051,54292.242
93498,10028.886
89164,26405.363
113922,51681.996
148134,131296.45
13755,25458.9
63325,6100.7114
2783,40295.57
94791,21193.764
113993,3303.7244
2400,11326.68
4593,22031.572
76081,123718.68
98138,120047.02
141915,66557.484
17916,52293.523
136916,29787.05
62833,3826.9734
1725,20181.285
109620,40350.5
128031,9550.713
82557,112227.055
139334,230441.31
122859,60961.59
45317,19347.934
26373,22356.854
47227,13162.345
100282,33855.848
74092,9146.062
137339,26774.434
108068,84051.62
142601,14669.061
9640,16126.709
40447,32756.148
11482,8991.074
73616,62588.918
86250,19852.78
14129,47721.508
4004,81496.164
92612,5897.0527
67195,11036.853
43573,29060.848
145500,6584.1406
22595,18035.107
24743,3421.3474
25090,18227.002
101454,38874.918
24582,144508.11
58043,124723.68
46844,75241.516
68653,100249.38
117486,16748.848
78217,33328.78
46191,63784.74
87566,281375.2
75687,8239.63
111727,97929.266
90605,39011.496
79074,15408.966
41848,20023.398
33349,37147.477
146975,8924.309
33581,14619.443
23321,4062.3845
9218,38220.8
132459,4581.9575
91862,34850.87
92532,8614.404
54701,7172.465
104270,1248.7332
134500,32130.193
149488,6563.1084
102780,13143.255
127345,24161.205
3752,16141.68
69549,8534.474
19730,5929.9487
38457,8539.5205
82492,8569.391
56547,7889.7266
51335,12669.415
6800,22836.398
69031,47685.88
100774,36397.848
17704,24428.695
83639,3119.5894
149691,14017.38
53467,7479.675
118732,45423.473
96952,20430.824
122007,119204.56
2379,15077.236
887,10091.629
76269,91418.125
57380,1027.0707
131257,33228.438
83400,5186.213
65401,4263.2407
2550,8712.651
92763,22342.502
97350,348687.72
85790,29409.973
70936,47327.527
47997,10422.759
65509,9470.141
141625,93976.59
94989,13753.951
54602,10064.675
96008,17306.1
93630,6160.7114
9168,114345.01
81160,10580.705
70086,55370.465
126858,34393.035
58905,22744.99
31299,41724.938
78498,73649.86
118477,76918.81
41333,18949.945
89104,5796.337
2734,26552.504
74070,13706.865
125358,170249.14
2969,6244.248
25896,4061.1697
52005,42371.56
46736,4543.4097
4122,21657.979
116412,17528.52
44007,48566.242
75718,16219.825
68838,4963.9375
113576,46765.11
33531,46822.11
7088,6358.384
8039,7469.192
104397,16896.854
123945,31628.889
76916,12216.034
12630,43327.297
58811,10222.248
6777,19469.883
10405,27076.18
140596,8980.734
113823,22969.56
85816,18866.037
65483,23860.219
21206,6986.5015
59474,6188.002
69693,14190.346
28565,41461.0
125268,14816.115
125359,17071.03
14022,15247.2295
23148,6707.216
35513,77274.9
77145,18308.9
128534,80265.734
130423,35336.79
40284,11329.29
86340,93616.55
60863,31183.371
89657,379041.25
52732,6898.733
88871,2610.8
5005,12158.962
1795,39983.996
140169,40928.176
109589,66020.375
62348,3432.7488
146826,13175.904
22175,14420.943
117098,37855.34
123175,4708.488
13942,22730.479
78535,12605.556
56199,126149.68
147369,37334.812
74573,42027.473
120223,35383.56
144992,12086.69
122029,70674.8
106628,6751.8335
71565,9013.959
111646,4617.304
138730,13212.85
85705,2951.6084
141701,23771.127
42948,19139.457
57549,24240.422
7235,108512.22
106752,6226.8193
16654,29880.336
57248,3828.2695
136153,15761.402
106214,13909.413
77243,35116.39
31948,32627.678
101606,28685.148
142152,34344.227
34929,2547.09
12198,17673.297
30931,8430.462
123183,70433.93
57777,38304.83
130697,18348.27
90732,165928.12
648,187734.69
110217,64155.27
52711,4895.5156
10738,85996.38
15474,7019.5103
145477,35999.895
33644,72428.9
14038,9445.376
41144,106655.16
24536,12320.085
16809,42087.684
112750,48873.406
98686,85649.914
60635,81982.35
64617,4123.077
62488,26550.883
104705,12071.761
141492,26977.604
28461,28564.979
30828,8225.785
110046,8746.15
119390,23832.047
2018,102949.17
48007,60663.44
18007,79772.44
112593,40015.44
7795,25914.09
27533,100860.81
37311,11897.825
8418,16151.371
51014,27180.135
52180,100724.22
129481,110359.13
92330,1396.2988
35261,132372.48
68165,5756.0957
127639,55777.06
131042,66022.14
3366,5189.412
81658,27206.22
88554,3193.5637
124246,36036.797
63878,71763.234
24362,21101.344
70128,183664.11
98480,6662.5317
106559,11043.246
71756,81094.42
24789,1473.7173
118130,4828.06
99081,27713.732
136516,152570.34
11357,1378.5177
55565,3662.3145
111396,51327.973
37404,1965.2059
125456,4751.6807
120892,13395.804
116869,5565.974
129757,34027.445
125435,85354.98
103304,15693.115
51601,8112.778
144262,10384.551
12928,19847.309
149273,173713.03
144539,2996.3213
60978,19196.748
27348,7292.247
147678,29990.596
33611,33407.32
56928,6547.2026
81780,83006.17
47096,9400.062
16856,24653.014
71339,3454.943
7785,101164.27
33306,13039.705
124676,3518.426
59401,100903.57
100748,16453.865
122379,3965.3696
9172,20903.797
60998,12671.091
20706,38181.215
40494,20412.043
46053,4045.305
121942,45750.31
67483,15255.927
86086,80128.38
41075,20144.916
39484,8577.368
59550,7715.513
48661,11342.824
102588,17241.574
41857,37838.035
58622,3376.4932
127661,41416.867
89575,46169.53
124346,38574.348
31006,4851.2876
15223,29284.506
11180,6584.007
86601,29736.91
92265,113320.195
45490,18022.852
117602,110032.3
76008,22010.76
15863,4710.346
25140,3191.9285
89058,214515.45
71540,117943.58
147549,84946.32
44478,5126.772
32356,14412.242
14008,44541.363
130567,6619.5845
120835,79769.6
21120,4710.3545
88307,24243.273
101944,136075.5
6851,13953.872
130706,3770.3967
130518,25103.02
43816,9010.458
125588,9952.798
81243,17485.459
27410,19596.867
69856,4754.2646
57389,650.9806
63693,9281.114
54682,113497.28
14611,7163.6807
120658,51976.42
7442,5610.851
73780,3716.8992
85374,3457.2615
51770,6588.176
28496,11760.421
44519,3213.1292
27849,37593.63
23922,9029.047
149109,162915.05
56229,11299.444
48044,29397.357
4097,7749.1357
41206,8970.061
72996,140984.36
132015,82437.54
119131,6888.9404
4239,80141.78
122195,21949.066
117066,34071.85
131888,53217.21
59199,64351.72
98824,60382.91
82173,289868.38
145690,22085.691
124342,73884.64
147892,32892.938
5265,49388.81
773,82715.32
85402,44988.207
76093,7744.7046
4341,22952.615
95855,10404.872
2538,41702.477
85344,8320.0625
13067,17904.002
80087,17938.633
2583,135867.17
67423,25002.432
69387,12639.027
117108,193999.66
134217,7588.227
112404,105671.35
12835,4705.7583
57212,43235.008
127969,37484.605
85018,15991.503
26557,33971.05
98814,19553.852
54791,12123.679
149574,8221.049
143611,85896.05
73388,84009.73
141843,10993.87
84992,3943.735
110042,88232.62
50579,26817.262
27366,99390.625
149715,11836.884
53928,107793.92
105787,8077.9463
50712,59264.91
104698,87276.03
71000,25812.996
118387,31869.176
98468,93615.66
76476,7169.0874
6820,106899.266
137609,16328.009
64187,25422.76
38636,47422.12
57676,34510.688
107370,16130.549
39175,43023.062
129458,101600.48
97822,4418.7017
69318,1699.2499
713,48406.395
51304,6474.936
121922,37379.316
97894,8805.268
73451,68611.08
30199,216364.84
140038,17209.49
22594,100575.414
140304,64801.41
92707,23846.21
141844,2337.884
13457,47722.3
129893,65314.78
24630,64884.82
23069,21242.709
46405,246433.39
4723,10877.964
44844,16011.57
149322,73692.6
28629,161453.05
11157,36113.883
53056,334.52585
66394,41200.055
8837,4083.0261
15908,136230.2
41202,26725.146
141063,43530.3
89871,42449.867
45401,16091.37
96629,4663.4106
61070,35576.44
76842,89629.27
124440,6351.9053
99932,31899.963
1165,7980.4507
67580,53732.69
71204,47163.523
127444,3789.528
17970,5604.1943
41834,28044.488
30091,8374.879
44508,244876.06
111819,2450.1465
42603,4593.02
72714,24763.22
145734,34430.27
103132,32367.26
56881,14082.595
75776,95091.15
120339,107261.99
24417,11986.171
39663,9511.509
62994,14207.31
11841,14061.909
24403,16144.2
26287,2963.7285
135880,7310.762
87260,7435.315
146732,32312.629
22294,81022.766
120493,24438.244
15618,10984.793
130479,4056.586
75672,3974.565
26732,5143.2827
113435,14581.11
114161,5838.2236
23909,13442.226
104681,20729.04
999,12625.678
7616,4521.67
19890,59300.902
78537,98821.23
117687,23654.361
80946,217243.62
72089,16169.336
59744,40218.426
126538,15748.674
85636,7415.001
55377,22233.059
63067,90886.34
81398,30913.418
55241,3553.9336
37707,66829.63
97976,18694.254
57815,29791.389
450,19293.213
68520,9236.815
52108,6118.642
125934,16606.709
62332,52052.367
90413,19724.373
48740,7222.94
104272,7640.512
87691,30613.203
35827,46494.67
114650,8323.776
39006,9438.412
115744,46227.766
96205,10678.404
70552,122891.5
67219,11049.19
133442,66797.2
98142,85979.53
125808,14183.985
139162,9484.283
146398,13962.178
84078,76639.62
56636,16870.055
69322,15484.36
43690,13047.602
13332,60243.684
11659,3356.3755
84247,17068.805
106925,46746.652
130554,44537.918
75336,20805.943
64279,14944.978
22036,71890.3
11632,99393.17
24910,6089.785
109374,85245.734
58031,50476.81
68314,241254.86
100242,28749.93
79823,44894.23
7694,13134.525
18102,12949.342
84768,21615.568
93811,40397.266
62327,23278.916
68095,165485.39
86347,8514.34
28551,46617.668
56816,52558.24
47188,63287.785
55638,4533.249
50737,69134.445
40999,95178.54
73637,10694.24
139142,46970.156
25062,52861.293
66761,45015.824
56167,58451.742
92643,50284.117
60344,84051.17
123670,8478.41
127626,6066.0107
116373,13821.626
58496,16504.342
31453,134254.11
23444,39482.887
115483,5253.96
51148,65457.28
63280,558.61487
113673,50244.76
126293,26846.227
135454,45295.504
128217,49845.55
53877,20403.979
35192,24699.469
78941,34623.855
130265,55310.086
117612,54903.094
104456,10485.13
103441,92116.95
82315,8040.579
7640,7557.9756
37724,5397.8467
42472,46959.97
140051,55922.438
50747,39839.1
58372,17839.79
142896,19756.885
20060,38840.434
102961,3065.1926
97848,32222.814
9695,48953.652
64766,104400.78
64996,3886.2725
10386,51397.88
77124,17306.896
134080,15750.186
50209,9812.121
149440,22570.545
135996,8426.584
92767,16135.509
41016,259294.08
142874,5034.585
44567,15448.969
123369,5785.563
107523,73106.3
119597,75664.49
136984,7312.195
32763,19103.86
103393,23992.844
44801,106707.47
100548,10687.004
38594,3917.5095
96859,11468.119
37523,195978.39
52982,34977.098
139101,78228.64
86774,51983.83
122734,47644.535
36469,73670.99
23646,52475.758
89444,15923.516
121415,51639.137
59592,61890.86
138653,83017.15
9042,39611.53
140900,34071.957
98038,36201.723
109642,133953.78
129407,44358.984
123641,111264.305
144159,35187.117
111654,9284.082
100323,6914.737
24142,7319.268
122551,83112.12
6762,21714.084
88263,2109.053
127641,86109.016
42047,50443.11
30368,73017.13
50653,128857.586
61746,19162.084
138364,42298.004
49428,4946.27
116591,14423.317
114370,68076.21
103522,22446.834
135554,20020.684
5779,46560.434
121213,3550.8936
134596,15259.242
118816,11648.569
23536,39044.51
19471,74578.36
89802,4620.1577
42302,10863.783
56132,142955.97
83802,64818.824
94295,83747.93
71109,77236.5
73351,34326.848
4765,6107.419
40405,101770.32
4376,35815.81
121122,36857.965
4019,13851.54
9594,29849.24
88283,31921.117
16942,11209.847
2675,16302.641
85390,97482.85
87497,25426.516
51929,82665.17
137461,10447.388
6103,1766.6334
72896,1890.9019
7538,123342.92
69676,6107.6807
84445,215309.52
54083,33567.3
138104,14166.201
50716,9115.049
14130,5352.862
75503,39066.426
87926,17305.295
104395,82599.28
43742,8331.293
68004,61425.586
70545,19271.715
34716,108393.86
88892,30604.217
31429,44852.668
53835,16540.766
51595,59334.004
119268,26922.902
113978,13461.707
134138,17224.504
8822,27430.29
92873,5178.3823
3604,18115.84
43251,98338.52
146000,6826.347
136923,12402.429
40053,13070.947
88785,17236.951
11848,6058.121
65601,153961.28
80809,3067.5928
82160,20186.377
146165,9736.256
110626,21518.057
41258,12229.619
115776,99496.42
127475,5814.2095
80745,81691.97
21005,50855.258
149115,21071.473
129288,44540.504
112569,100614.63
26819,7588.228
18283,7437.209
93066,4696.0913
112324,44232.707
148516,7615.4375
3949,18034.105
123741,110858.2
10835,9937.699
61409,10431.854
102304,33356.73
102506,205999.17
123684,45128.664
137443,3581.7688
6797,5072.5054
60544,117904.125
132681,7473.684
99043,32555.684
65393,80281.94
12615,4049.74
147186,202016.02
103424,52638.06
45019,3981.1445
111802,1600.35
143991,102672.98
53864,10890.46
136242,164680.38
128935,32217.854
129388,120537.35
79978,9736.183
3401,100937.44
132619,20671.996
139104,6101.933
100937,97121.34
93882,47048.207
126547,7153.713
51652,5599.4966
110198,63527.18
113948,167555.11
62829,125825.914
82679,7258.499
101962,287152.62
26780,4973.4365
22027,80168.96
74734,24870.299
116710,6641.044
25628,12080.519
70968,10756.869
87791,44845.15
61098,47261.164
73153,55964.996
139611,18186.785
15409,5554.9634
18260,1724.7301
95024,13187.998
145526,9062.157
61458,12082.03
24519,20299.918
103071,31977.572
6128,131295.84
49548,8364.227
42349,186545.92
92865,22809.68
122387,21760.07
106615,43304.316
82162,20994.4
116851,11472.341
135400,9425.449
148040,3926.8079
59875,5445.539
90328,1818.4719
105273,225265.8
119588,16501.021
38268,114172.01
73010,7683.6016
117052,21205.48
3274,20414.227
113901,43383.684
98953,27279.072
112870,19896.574
99823,4048.3728
76741,20779.676
2844,132657.81
71620,27536.455
34137,14645.859
145103,5173.1353
66073,9203.024
48721,8293.9
143063,9222.145
91369,32404.1
34999,19806.78
41673,13776.702
1480,6041.787
141321,12383.7705
46745,1635.7999
50571,10651.468
72026,6693.167
113847,4904.3784
115229,14877.684
146930,3518.589
148284,24911.59
13940,17955.469
52585,64083.53
78633,131883.23
132685,4829.122
102786,16525.611
149689,5439.971
64410,1673.9702
71919,30960.139
31685,37308.227
50839,76604.59
25912,14238.62
28327,15333.829
38168,55613.805
23029,10895.571
133889,6031.782
54136,19955.291
20436,5032.524
121382,214934.03
13379,38693.773
145047,3588.594
52776,79958.48
119935,6435.6704
75797,7489.3804
3088,24278.82
72405,74757.34
98314,139633.89
41169,20992.648
27052,153384.42
142708,31777.545
36931,26283.686
65284,1928.1837
67472,13379.387
68363,69366.984
5208,9312.487
83775,22929.607
64937,3780.344
97578,27858.055
75541,62446.957
80437,5236.8457
49700,77183.11
125481,107640.64
84830,36869.07
64781,9101.462
81580,34003.195
79088,60897.69
147540,49072.836
43329,65501.21
68020,76380.62
118766,104860.195
141436,55274.273
59645,155133.48
146078,1512.6069
17225,77127.6
55206,2208.7354
131245,16545.914
83291,2915.18
51301,13206.756
107381,25376.645
90450,7154.564
69950,23885.19
98755,10454.724
39971,13071.971
46332,7059.3413
148418,5839.208
104241,31981.883
53542,45451.23
104734,20093.764
146334,91346.34
52586,19914.443
77120,30429.09
7637,2674.1292
8325,20152.691
125260,4122.94
54375,50384.582
92115,47366.504
31890,124295.76
29018,6562.2627
40624,55616.67
63344,13688.931
81124,17738.004
8330,13150.205
112322,87181.06
12931,1159.6498
58042,58791.566
147620,17147.229
665,18683.938
125896,32286.752
29147,37817.688
61518,36550.586
107663,37656.164
63269,2756.173
100121,9473.359
71678,46620.184
128923,10948.08
139537,14349.543
112624,22772.273
76366,60783.76
83347,10384.679
141334,25625.996
77420,21178.309
3314,35175.945
99555,12769.884
81197,74677.97
70026,13617.244
62434,189488.05
120918,14790.08
105997,5125.6494
47916,2661.721
137107,15294.156
74813,18518.787
36713,6966.54
23324,5368.0923
4682,6905.4365
119660,21999.148
76762,14878.546
120003,25378.035
31040,9201.637
135173,21467.89
123746,12820.041
55872,32712.557
14336,5736.728
67803,22163.936
146074,106832.74
26413,12641.49
5472,114519.555
78666,6623.867
22898,4203.8823
88919,73031.75
79222,37520.773
67464,42010.36
53649,17463.314
74407,34227.445
86881,25582.502
90116,29231.01
144815,44461.863
93369,39796.83
116162,81390.18
58819,45948.984
61780,7991.2593
66363,21166.975
115800,23685.764
102880,120245.74
138827,116059.29
130322,50326.195
122536,5783.177
89092,11579.94
54378,9666.237
93252,72684.27
97136,16206.664
73751,38565.61
59448,10156.985
137509,49114.957
13142,5645.2803
51797,60925.52
125837,16801.553
96279,5093.622
140204,4473.708
34759,3078.9048
85477,65691.54
87600,122877.164
112355,54119.367
120108,23404.244
39886,98202.27
24506,13460.512
92704,42825.03
91485,18656.545
86054,4681.0864
120518,2597.2654
19666,135887.03
29594,17145.516
142004,26709.629
40349,63781.223
100923,33481.223
70866,2117.05
32387,12686.741
19736,101606.414
92692,5174.5864
97115,101102.49
90879,12325.562
102594,11985.788
66268,1477.5967
42445,66178.16
39336,36865.72
80598,13658.301
51419,604.01306
111698,53378.098
19046,10788.517
149077,2722.394
15346,4489.3735
132829,2539.2896
55110,3275.8843
14506,122704.375
43753,2928.186
16009,1864.0143
103408,14861.006
105345,73815.8
95702,10443.867
63951,32403.145
109533,22754.37
93352,44624.68
141823,10411.386
18121,263230.56
12450,9073.688
65845,28829.947
127291,-1712.6794
29239,22412.254
129715,3923.7112
85911,6560.486
55924,9077.498
18937,17359.186
759,55407.1
18756,1337.3275
4167,30450.426
2651,14583.385
3191,39699.25
12589,40824.207
93698,39486.77
75194,19904.066
7119,7156.696
22130,27310.707
43103,23378.6
8482,18900.223
53602,43240.723
91682,94799.53
84254,69329.61
100619,18906.266
125584,11272.1875
65830,20532.406
90144,16110.885
114524,48344.76
23816,7031.03
131495,17435.172
144531,124459.805
114621,37903.47
43510,18556.703
69147,1464.151
19054,43319.824
63952,12905.805
26358,29525.836
24803,6103.28
93002,94853.17
85124,19901.387
30142,57645.27
32021,43136.832
29201,20025.666
100261,95235.63
102799,12105.825
144397,23147.662
66255,144907.84
18297,17728.361
9676,74203.086
1939,6607.152
9207,18207.223
69004,4401.723
50016,51540.754
44407,5846.9214
11310,6266.9927
84000,23203.023
23453,26178.572
111948,137371.73
6792,197189.1
140949,3205.9724
93307,86988.516
5022,9662.893
141671,85158.15
117667,153104.31
4784,25174.705
16007,26963.25
54699,22645.803
121551,4801.2144
124755,289948.75
7778,168579.16
99548,6397.7866
33003,38717.355
59684,1281.8187
103353,22755.562
115803,92412.61
144991,43656.48
2575,8661.799
3628,2986.6667
55252,35582.848
37831,15961.106
75804,4155.5796
95745,15472.176
75872,17280.834
111938,8179.3623
136352,33495.086
98214,64245.59
115996,4910.703
92579,15296.671
41709,7532.9653
115061,4920.167
121600,158531.45
22834,19207.795
111368,12189.119
20023,15181.065
148867,9167.394
21770,49147.754
4251,102111.78
75867,53749.742
25169,106307.984
104781,25396.875
91091,5372.3374
83031,169069.92
13667,15397.617
70383,11052.162
64568,49575.3
88524,2701.798
56819,4755.472
71561,10765.513
134512,115411.56
79306,131083.95
139529,23288.36
94869,3811.4075
42671,6430.0303
94421,20420.719
120565,15774.373
89622,46186.246
87196,54215.63
124918,8898.65
53523,10281.935
34751,26650.914
143669,59951.37
85653,35864.855
16835,12252.086
16318,44006.2
143589,5696.4175
103920,21226.65
128248,27952.088
89637,5332.49
44655,2154.052
5885,130273.38
130359,84201.01
30858,134377.45
58121,7991.7134
20508,41026.324
48551,36638.867
66549,4434.1636
134313,21697.54
941,7033.066
132804,1959.9413
62317,162091.6
55887,12927.286
16967,50687.098
120817,17777.514
48984,34355.887
17060,4140.3945
98662,28695.145
136584,15971.7705
107801,10271.371
140192,17867.23
34860,49721.668
124023,18942.73
84392,30316.771
84103,11413.468
55648,13750.743
74355,107792.32
54824,24433.574
10294,8840.563
70204,7366.6885
145436,51586.824
149444,7286.699
79772,7646.9
30239,2863.2861
120512,9080.093
81271,30877.828
34288,30019.133
76391,3205.3157
113106,137359.02
31285,4693.6006
85377,38049.38
55853,196795.36
49625,16711.592
87050,2977.6946
45907,79655.234
12483,25280.826
54063,15652.875
25068,65306.207
143105,13148.058
100344,6705.3745
113430,28569.248
34208,51225.754
2152,10752.961
40356,3355.1143
87222,46287.67
134959,5535.3955
81830,6377.6763
53063,106304.07
78700,17205.74
88960,53921.223
51660,9422.592
149907,67550.375
57377,23812.553
71896,62413.594
136554,7369.7026
57838,14615.673
22812,64799.77
60897,24161.777
56382,5922.1367
99678,72955.33
5389,6068.4507
92946,20272.365
71137,3938.3706
106422,45452.227
19087,17256.285
63236,15026.403
107256,77785.79
133653,43684.883
141629,5814.819
19638,29845.795
3289,48740.61
138755,82062.18
53531,4005.345
50417,22390.748
5882,9668.76
25449,23301.574
45065,72644.53
95479,78482.06
52223,14407.897
53668,4483.771
18228,16343.622
91443,41833.6
97219,53834.88
40488,21335.258
7444,53373.34
30686,3362.1924
21909,242795.66
28922,14701.689
17549,15711.452
14684,21241.021
41812,24085.055
58753,6513.0264
26042,18207.426
129716,11965.282
96433,10768.236
59449,92257.34
10092,42369.543
29003,110441.82
77832,76168.34
75514,3269.0945
50108,12422.375
82715,37409.836
28988,5787.432
108358,16740.643
128715,123809.555
102505,11783.288
53207,12846.51
116508,7474.8203
77312,2575.637
73989,7197.018
28356,7385.714
59128,8839.744
142005,6829.689
14230,13282.096
7960,24999.783
120983,2513.5303
29670,1662.1288
131762,189244.77
14646,136187.84
136458,7102.4517
84244,12098.163
138101,6025.7744
124263,8291.662
138028,13416.051
145069,92891.19
14980,5430.779
52342,5811.23
57613,77697.68
54698,24604.94
21152,8685.605
34314,6146.0596
107805,42452.48
148700,224748.08
148587,3054.0974
25118,9138.338
134257,6148.0166
141267,9615.899
61913,54969.195
138862,13342.119
108528,145519.88
85572,84154.79
22116,4146.1636
74013,257366.02
44967,13623.642
130735,18632.488
104611,15238.242
93191,15042.251
2522,43364.57
144196,18813.822
13239,24990.424
7189,90879.86
61319,184047.25
127273,15609.371
54506,24842.373
110519,17940.791
16180,13050.757
64137,25493.748
70634,24940.34
46897,9057.303
18310,19598.416
68454,69754.74
99693,29589.512
54259,41700.105
43947,9349.18
45759,9924.558
59347,46865.184
113271,8134.075
85094,33523.805
35494,14590.78
67487,50471.44
98631,43390.53
44480,13262.905
56828,188158.52
63329,14407.897
95322,15666.689
3188,64843.453
77851,4142.7817
137060,7418.0493
72440,10661.246
21056,37037.844
38918,4738.2446
65491,10646.53
133818,51175.004
43332,34652.39
84074,17282.193
88505,26087.246
32011,18594.691
148550,77987.39
95511,11875.786
41796,23269.26
94078,5206.731
90367,55827.51
61187,49310.7
50315,70819.91
149945,46333.08
92768,55394.074
112504,90186.19
139496,9019.55
143107,109969.03
16513,33548.5
140848,5315.7627
102761,13991.207
134154,3061.5737
69650,129704.14
71960,92805.02
2428,18843.455
131279,11034.561
122995,8158.897
57627,9304.882
139900,17562.63
43621,30322.697
87539,37612.24
120061,7517.088
46922,9336.858
76615,17422.127
146749,1582.3093
143969,6274.518
13168,11068.323
21447,22680.678
42300,22245.096
133707,56120.59
132703,17914.371
40191,35419.438
125324,8586.319
85408,28441.83
54563,66606.52
75176,54460.93
92430,45058.98
85154,20370.238
76773,8494.231
63068,10395.719
107167,6085.7646
127816,117780.35
100082,70745.86
135642,52329.613
90382,1107.5626
18878,106476.945
38199,43339.027
111817,74709.766
16757,24011.227
41736,57395.426
30798,6681.808
23238,44422.754
137924,27329.986
82987,1107.9241
1264,18304.855
24999,19431.666
143192,139825.88
126214,5663.7515
25434,63229.53
92925,45838.188
72132,31406.8
131020,3046.5166
78835,67938.414
19835,55703.477
44243,23064.56
2669,136650.97
54843,19021.854
89369,19362.514
93126,19086.07
27516,26544.62
69702,9790.479
98991,38012.105
6228,110978.664
78161,4509.1167
27519,50746.297
29694,21198.0
35505,24352.078
87208,5472.4146
139122,8157.871
26225,14947.734
111018,220809.34
57281,191069.56
148271,30634.883
71715,32140.86
64918,7130.6104
130834,4128.7544
46403,32163.715
2878,133880.34
46142,7381.8164
6939,6776.3726
58517,11149.822
30258,8718.49
66326,77480.42
85108,28194.273
121417,3169.4312
22604,34221.6
46223,13032.697
73962,20928.742
10186,15388.385
88617,29550.623
127053,120902.85
26187,87005.266
66768,22465.16
59355,39129.668
111716,5407.764
50678,72923.08
81970,166730.8
11309,213347.7
113496,12222.927
14339,155109.6
24041,14464.7
117421,149202.22
37254,10856.338
83475,30604.219
148720,6342.299
61064,10325.688
118833,8187.269
115408,19880.93
138766,13046.365
2077,186190.02
87171,41481.082
52606,12361.426
143940,20930.156
5065,10850.562
102339,82055.734
148585,26695.346
84754,10328.764
97609,15252.9795
6384,80523.664
48854,91746.35
25642,5390.17
101212,16394.666
94948,6674.382
54937,15265.327
34395,5015.163
15479,60052.895
176,13464.822
60746,6439.9897
8410,18223.336
98963,94745.8
23128,25267.844
141718,17879.375
127280,5213.4775
84734,3987.0925
4277,33923.008
22064,65528.938
34696,24806.844
11977,73633.016
12855,21679.494
60359,4324.361
27870,154420.22
34385,42968.355
102007,14349.2
113366,102639.305
16850,72639.84
67703,16525.23
137802,27745.99
13972,17228.33
40660,7337.343
25092,24349.6
119616,51991.453
148119,8067.166
112605,16180.8125
13636,1006.72687
144942,19695.049
8727,37741.605
6903,5610.458
35161,26756.834
120119,51053.98
26094,5876.7524
53547,49017.07
74208,24304.658
45861,41599.777
136989,3176.429
7977,18012.209
125876,16854.549
29066,11577.683
75841,45062.496
115643,189148.08
53206,12398.557
126993,35270.68
74991,99210.67
96360,83277.62
27637,35017.523
66285,8610.546
139279,219419.12
19780,22146.627
113896,57756.688
80427,3814.4548
101288,144226.23
140631,16936.936
112791,9021.84
94923,22878.918
3098,44160.93
148943,6058.2285
46050,16720.309
93759,41079.83
46880,1261.0793
34460,55610.93
89228,19926.584
63670,24280.078
75361,4138.821
47153,3801.0183
137595,15332.156
82604,13352.121
93635,11648.704
107757,32256.238
69514,6642.691
13072,4764.2173
16392,8889.663
121157,20188.268
65900,56260.21
82927,5936.396
51954,7423.486
23112,57459.59
137610,46931.39
125194,22431.479
81928,7196.321
48198,3956.451
20918,22103.682
10662,6907.731
100756,18894.877
31001,10653.938
143565,26244.861
110195,25380.371
101831,8572.798
116334,56200.06
133569,42072.047
76742,7580.532
98744,33290.965
121384,125003.69
117467,3869.8442
106920,27240.717
98066,28870.338
121076,34116.7
137611,15983.894
89219,46423.574
81968,9582.453
130979,13464.311
5088,3899.6145
146087,105354.61
15414,9865.361
147630,10447.636
66223,34855.387
139028,72219.234
98987,23036.898
43824,2194.4355
103271,58102.17
136022,48537.684
94134,12463.4795
73627,120873.42
119090,16827.355
64896,20356.504
116475,191420.44
126923,11621.268
90678,3296.5718
138027,11427.001
45987,5589.7573
87710,29647.682
17505,44821.79
89925,22768.055
105277,44288.926
78738,39475.043
33039,5002.777
40319,14164.89
140936,35807.785
42204,8625.115
39990,938.51654
112941,23046.58
102637,105052.0
105930,6841.0674
105594,20733.59
90097,26013.17
131258,9479.713
97263,4546.044
120078,22157.996
33303,32471.078
114496,4490.586
55619,19077.6
105900,2152.0881
98977,14607.41
50192,24833.076
145150,47677.64
134360,71222.016
71824,59816.707
93381,9228.376
117374,3995.554
40213,105717.17
45818,30028.092
75533,41409.89
110823,234060.19
137263,35213.965
32842,812.9346
99609,16434.477
128404,34878.402
146851,77922.4
106227,7016.1265
27677,57749.293
141864,56597.824
84545,5364.0913
53103,34539.992
6798,5628.9536
66995,38095.32
55434,9517.784
143609,26106.71
10630,5764.296
142401,63040.613
116849,10749.719
114470,58233.504
56490,20530.707
9700,19227.771
121711,4446.035
145822,8150.117
39983,13706.507
61737,50951.953
117819,7251.1147
82606,24376.66
132933,15562.2705
118822,9372.051
25497,9636.8545
82962,3604.962
123397,75100.34
20558,94003.86
110754,144093.56
19879,4697.6255
107043,31841.855
11461,19924.926
81538,41490.074
112160,78814.48
60774,23375.746
1832,122461.21
66167,4767.48
141041,29589.158
109737,84577.68
92041,7596.9976
72441,93621.27
628,77125.91
93711,6516.4604
67904,68903.7
72897,38610.605
145258,55391.414
125855,31204.926
103302,40895.543
27241,30930.123
53080,5865.431
124896,6673.9424
138030,94416.45
50343,17804.51
132020,69663.625
47948,8024.773
858,19250.719
145360,157071.22
5957,14006.511
39712,20914.424
147261,28578.512
50913,6716.868
87230,10321.25
136707,10428.591
112874,22458.32
62841,107140.95
110475,22719.992
66258,31113.342
35859,17872.264
24233,13400.336
66704,9887.233
143222,12298.069
39331,26878.896
1130,8331.234
74452,10874.208
140347,86632.61
5770,28515.123
134590,153408.8
62891,13965.897
77428,21254.902
94567,4824.1284
16382,41028.023
59027,10137.255
99459,41627.555
51239,38965.59
108345,8530.713
40964,29707.883
17863,67517.46
53135,327687.66
112376,15331.556
5971,55379.973
13035,25786.604
51759,18993.05
58918,2091.2834
62705,56029.336
133424,5567.3276
26453,100276.016
40735,21034.814
93340,152327.7
33309,87076.62
8232,108938.56
88343,96082.65
111546,13758.951
122172,43668.535
74722,24473.527
138851,9259.402
64697,9399.504
131339,48262.184
1015,6925.5337
6186,49538.367
65712,25178.318
27888,14930.824
53894,15263.892
2212,27185.635
56989,95700.555
145555,37598.78
60145,2872.2634
131717,83074.92
123105,84182.016
31864,43276.87
49987,33508.277
30608,18762.502
91653,14967.298
6125,27242.998
60189,13165.737
73493,3526.0522
123079,6998.736
76921,24514.59
12387,7908.2266
7400,9689.187
123129,5915.7393
130130,4755.1943
58536,7282.8584
102587,4331.5454
73378,111125.99
25809,78947.14
24269,53765.645
107592,39711.617
116986,330933.84
122265,58852.29
145065,45775.082
27115,80684.945
81269,11684.793
29745,26903.887
7375,58369.92
84854,16796.271
26424,28399.852
1961,5488.777
81597,9147.425
52154,29154.857
5497,32633.744
49964,66685.74
7876,11149.957
32354,123774.664
63162,30170.838
16512,22562.938
145618,16635.795
50674,53428.062
18563,89063.17
36014,10730.968
85708,13494.512
127078,25091.922
13363,32969.098
112086,85603.8
96451,91309.79
55628,2684.46
77123,186061.08
76536,18805.375
96278,14490.735
117927,17030.68
13772,13411.972
228,23236.072
130570,5389.686
144629,13763.15
132286,25519.662
136123,52863.113
61422,4087.8687
116079,55813.695
21155,35126.375
37018,7364.226
35642,13445.891
30853,165934.48
25281,68027.63
29077,25084.262
129006,14965.77
145785,15858.959
38877,4847.8945
82600,2569.0308
59946,18031.033
132821,25218.99
92210,40677.703
68156,4995.0303
59443,122046.14
148006,9731.956
40625,109006.21
83222,19848.514
99776,23432.957
117226,4263.069
108262,65893.586
84343,6339.4707
84511,3943.7761
55085,5649.973
65918,3277.1016
144199,2483.7205
138125,21390.646
119749,7529.582
120979,34272.4
17027,9395.894
31563,112527.21
142882,14088.768
126886,15302.159
34679,57115.574
40266,5263.671
38447,175905.39
146508,7029.995
63119,18316.438
26634,4575.5615
81825,12261.73
104285,44863.805
2332,50917.332
54447,55083.836
100881,61917.617
25606,21684.57
8138,6763.588
54841,27239.594
26008,2904.9946
146711,23182.707
43400,13034.425
54011,73171.69
133655,80258.94
99221,209237.45
108925,30747.865
147348,3349.1523
108497,17801.629
76890,29864.219
97582,88223.51
73767,42143.59
1815,13793.664
7623,101570.77
136618,40457.875
43891,209295.75
63301,13994.499
12350,33550.87
74501,7839.7114
88427,4446.6763
114019,30929.895
13567,18279.447
3257,110267.41
36486,106948.484
107620,13198.311
82721,7262.806
109087,47313.58
129041,23568.488
41426,41202.117
50267,47482.965
64478,3406.9905
6794,14126.827
141520,16194.393
84959,7584.844
122402,9143.96
55415,12551.277
35615,13411.624
95627,627.44147
65720,14443.671
85671,12272.946
132974,123802.74
110921,22240.021
145473,21431.275
17012,9785.769
4837,19179.47
57488,7111.776
72036,4232.1094
104356,116939.375
9286,19678.633
66756,42775.27
34006,62866.504
12566,31266.645
65462,18652.146
50749,13007.409
84345,4503.705
25156,10773.137
53466,11562.983
78213,22035.658
15402,15771.66
147616,24444.803
79251,6234.87
103257,8996.799
71734,34159.2
91014,18824.996
64922,8492.84
13691,32154.555
94542,12547.445
111597,6901.553
78262,71094.48
12020,5162.382
43250,230166.23
57431,81301.28
132241,310363.1
27352,9422.757
24292,25891.342
84109,6563.656
123598,113968.38
140369,49915.285
44035,24514.15
13873,115826.8
4496,53626.855
149943,28716.717
24510,59405.83
38952,11003.786
47947,41584.586
120638,26196.312
39249,82940.53
114530,68280.66
15281,26826.97
129977,6377.1914
69890,120755.45
44657,17385.77
41463,4810.7573
53302,3675.9465
67670,73702.15
2274,86373.016
125287,15082.697
115872,12504.449
132044,28750.484
143073,16556.129
63520,15347.872
42574,10811.816
35341,27272.164
60280,15090.091
84739,28825.693
83583,3289.903
131690,6019.49
114525,52001.68
3563,104444.4
53331,3449.779
58944,7712.4624
104553,108356.11
144062,25906.781
76298,44769.0
52929,97101.52
135155,7929.5684
125659,25194.273
87801,5595.2446
48834,68317.555
72950,31960.217
33764,23437.648
12397,6087.1187
36067,54718.336
148795,8381.197
65419,88594.375
46227,2357.762
62441,13644.037
16838,5773.9087
75623,5662.481
82802,33055.188
30271,47123.29
8615,20370.95
77130,5307.9033
5372,5537.4717
96329,35974.227
23517,22066.49
41377,33881.645
121553,10000.811
93839,32630.252
117293,73829.12
64134,32598.715
140776,1961.9512
16906,1691.2842
43430,80680.33
33633,49903.94
149359,24253.72
42057,50232.145
118449,50780.67
142133,15895.786
35664,37137.375
82360,13828.886
36746,73218.78
78583,7350.7803
93461,63140.844
116384,15340.045
95318,35133.523
85145,9626.703
82714,10290.694
116923,36790.117
133518,6936.4814
68311,7303.967
81845,9170.043
144042,10004.754
94726,7227.781
127459,41705.203
116357,65029.29
141144,28046.984
51533,20424.012
68093,51775.992
16527,6750.56
70958,98637.85
114118,9040.805
19657,10170.73
141242,3493.0986
33578,52255.574
108189,18893.67
103232,33076.383
115952,13522.668
111722,2109.8813
81838,35738.492
108943,20487.582
40607,67277.86
105779,60528.93
19205,8805.415
145535,1398.8617
65561,22762.746
44117,78565.56
109857,6878.5986
52887,5961.733
57810,13243.614
72999,35122.637
95906,32486.768
137427,2432.091
58222,71034.74
114937,84704.555
36001,58304.418
84841,31735.97
125954,84518.8
16342,5673.776
70270,15008.158
143016,2670.221
123559,3441.463
75046,11644.518
72158,88472.26
36371,26093.32
40706,5955.6436
93559,7432.755
63055,22804.541
75845,24039.193
26429,28589.047
145519,82452.7
10459,4648.2754
124696,16721.645
91952,13438.877
148082,173606.4
83357,33328.73
55225,11539.834
5429,10739.698
64039,22918.336
90330,7146.442
101162,30445.47
103330,71045.33
56623,86152.54
73439,65498.793
80254,2181.1738
39717,26826.656
122498,20250.408
123917,12949.111
136792,27667.49
23934,171132.94
31413,12214.999
135820,14925.043
147012,24740.719
10152,12735.827
113918,5267.2476
117414,25814.852
118856,21687.15
3798,16110.6455
135865,7200.9385
52656,34018.645
106184,152013.97
115879,5386.411
140872,59463.938
772,30497.715
33443,18920.791
134048,15009.745
96355,54760.49
84057,12433.579
84182,4670.9204
136274,11843.7705
88585,32573.69
100839,2627.1753
134531,9002.528
14368,7635.5737
82099,28999.775
185,3370.8765
149030,155394.3
129630,56153.074
64322,15051.503
95513,13270.835
18513,28168.87
26354,39436.523
47901,7560.469
16922,2106.907
28876,27287.33
2884,23603.318
25843,243969.62
52618,181905.42
36161,70945.03
28015,46376.17
144088,9862.395
79928,19778.254
134117,4821.821
7030,4764.3423
5201,7300.685
144949,46557.27
100752,19375.496
124373,8302.003
138044,9894.422
62368,9227.936
38182,59199.293
63480,25190.236
101185,19062.182
44837,124833.164
38975,10023.319
61918,7788.1484
72824,209581.61
28028,44049.94
61292,24837.434
71055,172019.22
100833,16894.516
107403,23443.059
37899,43440.625
8166,24986.97
135380,168489.8
51828,191358.1
88056,19053.232
144364,29665.83
43019,2731.8008
65259,3740.9224
78316,4011.3264
56624,5628.0684
97577,23283.188
91176,5547.385
123565,24478.752
77156,1632.8733
28054,16633.973
55584,42230.805
135008,43104.844
25759,79824.336
50112,2203.9468
16933,26095.94
126777,14513.326
21929,10745.05
119111,2602.945
49182,22219.174
59,17606.662
110029,4494.9844
92169,18248.541
146042,28933.436
127886,18137.965
79579,5084.4824
84949,1021.8591
61317,12046.119
116156,46140.918
143325,83605.66
50555,18707.502
21635,25524.455
112860,12033.776
79890,50349.355
77725,71178.32
69050,122172.53
128928,18065.807
77946,7883.5723
144928,79660.54
15606,3606.049
4505,3951.4456
108658,7490.603
38659,18344.697
139093,14725.05
95583,46577.855
76165,108264.336
31553,11302.804
60952,89714.32
23996,99380.92
69320,31495.83
108352,125570.21
33188,6980.418
3110,11697.685
141085,19015.287
20010,34505.074
11171,12800.581
144690,9833.307
105783,5903.743
100631,17938.826
129033,112113.47
105207,4893.55
34353,3484.3152
19858,8728.581
73373,74119.35
101722,26014.477
4553,45788.074
124529,18339.756
105004,103604.08
118734,6989.6084
81791,46104.81
4746,6543.402
120748,147380.62
83703,70210.44
43745,3213.7078
42431,35716.332
57500,3018.215
141957,38725.438
8181,6476.8696
12634,178487.27
89151,53839.246
95600,95543.055
21797,15513.3
16262,5841.8066
105581,60295.344
85840,18161.035
118776,46425.367
31267,23470.328
124357,82695.89
74507,31139.117
505,30079.74
137337,33119.49
14898,12896.386
117165,70884.29
125885,12696.008
147625,68516.72
2074,68950.84
41023,6223.6387
117138,21545.281
136382,69075.22
9252,4842.937
115398,41057.754
106412,7297.7676
40086,3526.0615
43048,8152.4507
124813,47823.473
79212,4042.6882
91429,9882.865
59360,58212.03
80088,15497.132
28267,8394.485
123252,577.3812
132672,21120.215
104896,19692.318
3823,5331.33
139012,12946.922
129420,61201.266
41173,22051.838
99722,58792.06
90468,24390.04
98456,15461.442
6494,154043.58
117117,22645.006
76143,110240.04
81764,31204.656
95839,5735.5483
141496,8204.763
27036,41422.027
108676,54749.164
103658,9723.089
72198,33651.156
45410,38405.574
442,52641.484
117698,70679.57
32010,14079.292
44708,9269.355
36553,16564.03
40506,33081.07
69378,13859.048
38504,89876.2
57422,2817.9778
8208,15849.3
87919,11435.332
26136,5163.2407
78902,8564.622
134796,16901.062
103301,63963.926
47147,2347.146
44988,12891.542
49090,38820.363
54332,18355.977
97686,30124.975
54377,12311.536
33391,3344.3184
134375,10849.088
146852,80892.86
141871,6716.5557
31266,71549.586
59728,5713.141
111193,8106.6885
73016,36758.652
79589,10934.901
144590,6080.885
39094,95547.89
14160,6509.335
4415,18681.482
119969,5214.5015
9691,22352.734
73864,4374.412
143335,10551.142
71843,27702.693
66048,18224.83
41859,9560.908
62222,22031.54
143931,46296.16
142003,52357.28
92912,72586.19
10125,47838.4
109417,6134.0576
54244,10221.149
88390,32719.426
39466,4393.491
51664,32152.158
75227,67743.01
35656,74765.93
98432,263542.9
2177,112959.49
104795,13972.987
23657,3388.2097
121284,51474.473
126811,25304.93
93873,72263.664
64645,20827.002
127584,28825.135
11804,57310.26
5231,86874.41
32342,9325.965
9327,2583.2468
126491,16073.722
105246,61737.508
84360,3775.078
29292,182592.45
85327,19596.244
146003,47239.914
14205,20470.676
15224,20852.877
8973,22945.348
40252,79027.96
20878,76322.54
14310,4423.2524
58841,9621.851
90992,38173.504
72188,8118.3496
24682,98744.5
95552,33285.363
59415,7004.0986
146733,13702.271
113349,6150.367
69156,13572.04
10841,12073.652
80613,47048.406
124270,20360.314
72333,37124.58
148980,156489.48
133151,8703.736
34922,74858.68
121745,10491.217
149556,111237.53
117093,17529.588
42128,119026.44
71242,3583.698
40137,12757.207
137375,21485.715
74954,27871.096
94922,25982.602
42484,1434.2546
145525,17008.35
74647,7927.946
119662,13707.702
56028,8462.913
39583,9944.521
108950,10711.183
35246,86108.016
100634,63520.88
46752,81199.62
47695,17605.107
62957,35997.832
125493,336797.72
47256,9828.445
78701,27156.787
19223,14547.284
118252,13569.599
51925,90667.93
108149,21196.102
48752,30358.861
5530,90806.82
132866,11080.846
35329,131890.7
114334,32057.783
89949,57722.094
21676,30633.475
116510,10567.586
100630,11128.054
104587,2131.131
110338,52008.52
54849,16472.365
147746,39479.45
92806,11796.617
24316,69167.766
143269,27227.494
111690,8612.434
141262,185108.14
19456,39351.707
137499,19804.297
67972,29220.967
68402,6607.524
62680,17037.527
137570,52858.332
27365,3288.828
137036,102143.016
7288,25364.252
42979,6107.965
93046,21081.703
102287,8430.003
140425,23947.729
97218,4452.7803
37683,28613.945
74806,20046.035
29947,31724.994
9198,221286.2
78448,17090.098
28116,32999.652
51780,5983.4067
110039,5256.3325
85506,25603.586
9533,4788.9575
65177,5863.535
116825,102009.586
106235,27627.332
81127,12646.558
6362,6024.328
125422,81784.875
59200,17561.984
64675,34898.61
13225,11218.448
121800,7309.519
114712,19153.627
130406,101377.195
119430,3798.6077
135018,6991.571
95624,12581.757
33588,15268.882
81935,50469.71
74658,37412.39
8735,7330.0386
113894,79201.086
55152,-263.1814
16348,8095.5005
14183,14973.917
49986,94630.625
6734,50739.97
6966,9001.962
129755,116426.336
138440,22505.328
80380,20892.053
145703,301347.88
37764,104962.53
87281,7879.666
96843,42144.79
37157,6673.802
86843,75400.61
3283,39818.805
36549,17546.727
5972,3187.7878
20030,24240.2
96875,219291.72
9448,24930.424
121145,10704.508
96643,2238.382
85106,104424.12
40458,50891.504
2045,25748.74
89127,30344.832
34490,14560.677
38931,7057.112
71647,8999.184
67021,22072.135
16333,50366.246
16346,36291.59
127677,27327.344
109870,100347.12
35178,135720.48
109898,16938.06
113353,23113.893
108596,47550.18
20147,8698.246
126139,3772.5698
112483,82951.07
13899,13226.41
145095,6499.957
149278,102341.01
8962,127549.33
126432,43197.69
148556,13839.686
95466,3784.7585
20496,37212.703
39374,10436.538
136608,18730.033
32492,1641.3201
145046,18761.896
136769,10153.844
38463,5299.1724
88944,9580.89
92172,31810.383
92043,11612.227
15651,42751.254
58482,39947.01
46858,11779.325
136752,5365.04
21795,19691.8
10311,6834.703
45300,6824.4497
144489,1493.8466
113811,52411.59
139672,3173.3665
147075,6871.0674
106047,61512.66
75138,33209.406
16452,18745.55
89667,1641.5856
47785,227549.83
3424,32511.01
12670,7613.5303
96946,5156.2993
129416,70200.445
16742,8879.107
127059,15473.585
136465,10311.908
121529,28885.627
13729,43557.72
52977,9295.439
92240,159089.44
86964,24823.354
124299,5733.5156
70910,51845.17
36850,85364.836
107120,6868.342
23452,7804.0337
66274,94405.87
48364,19760.79
93003,1576.3704
4818,3187.3345
109558,3243.4868
145903,91060.59
115656,20097.615
135483,11853.641
137613,65920.84
2966,14793.925
132449,3721.639
28581,16786.004
5732,101436.71
140920,6465.47
122114,216708.1
98364,22411.424
24754,6196.903
94459,5395.0215
3296,25553.262
48916,12716.648
19099,71212.266
41101,22887.418
148100,11746.854
119389,12282.652
116792,15772.755
364,69819.29
52510,18130.643
116813,18197.674
102963,101318.59
143011,6273.2207
52726,11539.54
146895,98395.29
98839,15126.023
18848,47891.086
116297,15042.777
21440,18330.418
38328,10026.192
61648,30566.658
57035,6977.05
115690,12569.14
128463,44185.445
105152,2208.5537
77850,35150.086
36515,42786.65
59723,7538.905
16939,19268.445
79515,128418.22
113798,76500.36
29429,17174.137
41215,73505.38
125827,81511.61
3056,6797.293
146409,3116.6023
34283,121627.66
112892,45651.312
66638,6680.467
119456,90082.92
16721,24894.395
149658,48476.074
51898,214334.81
111203,104693.34
143153,19466.291
35915,9523.535
78885,25059.773
27105,8963.982
58726,50746.816
13623,83314.25
43023,11729.312
1022,45596.26
18993,21357.713
66960,130270.97
15531,80979.5
4374,68899.27
144790,74042.14
21863,37151.73
72998,5519.386
137785,3634.652
142341,49097.438
51389,6506.2705
71912,23083.973
99683,17951.174
43097,14962.338
8068,36588.582
54028,167145.03
19201,14638.366
140128,6041.7764
6770,2852.4976
26150,4006.7258
34520,38572.8
87289,11526.485
21387,4867.5522
67835,37845.355
11121,22111.38
54160,97659.03
129608,59263.812
117552,26737.033
93840,12821.51
31409,27014.21
98433,36323.145
108769,19218.18
127322,5164.598
73953,36173.895
146354,18864.045
110941,73001.16
143608,17876.94
66940,18564.287
113503,5735.5483
6653,6474.69
83544,8832.94
119678,78204.45
52916,19436.717
88841,34451.055
124225,17917.742
112409,79251.82
33872,56037.082
4001,5826.8467
78758,8049.9688
99485,5910.2427
126762,67094.03
101370,40573.113
126332,133535.84
110103,5128.011
106131,2967.0256
80343,54057.59
136272,136035.55
77724,6458.9575
67674,42324.21
130104,18796.45
53344,97707.016
101107,13785.509
55566,30634.883
78927,84800.08
132481,15889.858
141632,22492.133
142693,96196.87
141458,9810.86
49361,89939.19
89863,21849.48
148226,38542.703
89367,32797.926
131410,1875.7842
97493,2470.5571
7010,113303.26
80553,32090.357
92601,16780.639
64089,58687.926
65912,7177.7207
20227,45935.094
15899,1005.2169
68383,10526.534
131293,42903.34
78648,14116.911
114187,48791.16
17391,50282.086
135323,8781.742
40335,23297.639
146764,32229.37
130141,7264.6123
5958,175853.48
22313,5329.0693
104574,8164.379
69288,5800.2314
38286,98622.35
87347,24390.277
93213,3434.6348
62133,118198.54
141540,22155.707
74746,16198.694
95010,49034.66
118250,45764.207
115810,24808.248
70355,12775.474
68227,2520.2937
122451,34577.113
17455,20680.186
144857,15272.952
9217,58449.52
30346,11667.6875
51674,7155.245
11381,32580.52
47547,4741.419
16645,20926.354
95859,2883.1816
99982,5445.499
61538,74318.484
26822,9911.713
76995,32347.662
125417,13425.739
41183,6433.1216
97134,6102.5654
76351,4190.556
147648,95454.46
87954,97884.12
126885,27471.852
126823,5778.859
135200,3518.4473
93517,34717.97
127369,2316.5496
126154,6628.501
83661,44222.36
44632,35407.34
41089,89642.85
43494,72133.516
121989,19368.404
43474,66285.9
100124,17336.328
128978,3972.9912
103111,35078.977
113341,58863.37
126025,17332.684
64691,18790.633
60534,23852.752
49247,21544.064
81591,5502.806
52065,2406.6177
80048,29137.885
92250,4519.602
34723,67630.84
111400,3433.664
15556,86492.945
62331,16538.367
121552,53774.79
94882,43366.6
28993,175487.03
102560,38041.04
83906,45112.195
29073,8990.413
1830,6703.772
27306,8991.681
57475,6904.0654
67430,14108.998
6339,10407.573
959,-872.3561
31582,39873.69
132662,8470.6875
110043,7855.501
135377,6731.059
82161,33612.156
131611,7340.3345
20149,25256.715
137195,11651.02
31654,45882.652
139613,6194.315
21322,20576.215
38859,22619.006
111785,32831.992
117171,10087.854
41391,27955.014
136167,68936.695
113786,56988.27
99172,19114.572
29545,195655.17
97050,52636.37
47802,30785.93
77370,64691.918
81288,43792.2
106357,68443.53
145959,9617.182
8444,3941.9707
95052,10716.517
64883,140515.55
88451,17937.41
55392,8662.796
116644,111418.914
54350,25942.238
6743,13226.366
35110,11546.782
86856,4834.1426
76302,32702.693
54509,58246.46
11793,29603.207
143758,15109.236
5855,5220.876
49876,18940.79
51319,60047.414
50615,28232.156
127874,32182.982
63393,31788.746
23192,151316.33
80317,17302.85
48594,6533.395
38690,122174.77
22234,42964.473
42084,12046.192
54721,23062.725
121734,245124.4
58876,4736.0386
14487,26343.617
33024,19867.271
83030,3057.377
56857,4777.4697
21716,32467.406
56601,7563.548
116549,8183.603
37772,21708.291
13257,27740.982
35270,21754.264
97150,14333.558
121356,5133.796
8059,11699.608
45307,12712.142
123812,22770.97
132524,12452.135
75490,126399.836
31578,20156.656
57835,17406.904
69406,6525.9126
59465,37466.562
110747,76005.57
125106,13694.926
124844,19260.03
118827,17538.43
106210,15464.939
41416,55146.855
17688,73545.07
56032,34091.867
144965,2426.7407
43866,51388.527
66612,97691.414
82127,223165.94
82437,15844.747
58484,17808.787
55952,14598.147
58761,8531.127
12565,72692.414
48280,2912.988
86554,9938.611
110247,78998.48
104716,8251.876
71578,14539.752
125356,46572.62
36911,117973.555
8540,78813.67
41011,56432.62
107305,10056.055
74026,9565.826
136758,211038.42
61572,2130.0613
28080,8605.674
32487,99717.055
51346,22194.605
46318,21236.393
45424,217977.19
104711,8213.545
140219,8830.09
33624,38466.56
126571,6498.853
84410,6841.2974
120558,1518.6063
90984,26429.719
146061,30578.602
43184,38235.05
16787,40300.258
106648,93639.39
54282,188821.69
115217,12511.172
123943,11513.116
96842,3262.8384
10849,30062.895
76032,46276.6
70453,38425.21
53822,8411.948
40251,1873.8638
40769,5404.5415
83814,50518.312
94893,6690.586
83131,5464.186
88442,15169.938
1592,35572.496
147911,57435.555
94167,180940.84
106143,11787.815
19193,51098.78
27576,60362.266
28145,36901.68
139952,100127.33
93259,2794.047
79484,12117.163
77804,78759.81
88615,57036.312
73289,5561.5054
125269,115602.516
1826,90319.766
49379,6893.064
146922,4635.197
14821,8538.966
100433,19948.793
77398,1676.8845
66633,25459.385
88997,53228.348
4748,23281.764
56952,1286.646
55227,53697.887
71176,4837.6675
97631,10145.863
135436,1290.3357
94740,12404.541
58255,83380.78
27086,16359.913
67377,431771.62
123381,17727.547
146989,45390.523
27466,18169.586
144503,68535.195
142195,28689.074
87145,70654.516
145029,19997.531
119370,53135.184
147788,36875.195
34207,6789.487
180,50817.22
26961,5800.5244
125089,4339.224
24496,93234.99
34948,5142.219
90202,30373.42
64324,10687.129
144832,11983.911
63458,998.172
98611,99054.79
2940,10012.586
133166,21508.938
41076,13418.942
79371,84616.32
49508,40828.582
35389,29994.447
123697,37744.527
33416,3558.3943
42167,18431.506
74009,10908.108
115828,34185.62
39288,7730.895
81743,12407.289
140129,19524.547
141631,9439.596
110783,5973.7183
113718,47549.53
89483,7022.9478
124112,2038.0697
69491,20684.725
21806,7621.437
114030,40354.926
136097,41978.902
26935,22348.74
111015,6238.789
96600,7871.0044
95147,112943.555
40718,56546.32
91024,6573.7993
140449,7128.0405
10268,27403.238
146913,99885.97
77190,812.7893
42840,101069.695
105708,29975.24
55800,14813.612
27315,5744.1416
147315,29995.283
133550,3703.167
137382,30688.594
125687,10364.632
58430,74031.91
98683,74979.09
126836,17814.531
133729,12760.501
135583,27922.715
22611,60096.598
107929,69679.375
20377,7496.9253
111346,4975.9663
59938,12376.914
79713,5197.6265
37731,45707.06
96017,18860.92
141286,17341.496
12071,18819.695
86626,635.5183
70643,58885.293
67715,17500.08
10686,24734.482
61239,107115.79
144488,10292.352
70307,36038.688
148631,2600.1406
137947,52056.87
60315,16365.978
125304,9608.117
45583,3615.5076
111792,59967.18
91051,40399.598
80148,4842.6826
134865,9426.759
22136,59421.95
146463,12627.114
65503,47519.613
133422,57017.17
47858,1323.6956
72329,9011.373
64141,5973.7964
106772,25672.537
24681,57179.773
120387,6453.9404
105704,55861.61
133689,4494.971
131649,56413.258
105032,79759.52
102249,19613.96
120289,55739.72
82261,49014.95
92599,91171.66
65255,59456.703
114624,43862.195
115245,128909.875
85236,28666.922
90637,17055.781
93172,7960.2065
103239,6394.906
71823,52193.383
95653,35967.926
34481,3993.88
19416,6832.477
116035,11262.1
90893,21512.04
138120,22334.111
44049,39669.766
61465,4103.768
74868,45507.86
38601,3594.0457
52444,423987.88
109233,94216.945
37990,22818.766
5632,6631.433
93875,6583.2183
127370,55322.37
90832,12083.663
27606,-1061.7676
16635,69403.83
127772,5532.927
81380,6784.6436
47631,25569.996
36973,9832.029
86306,29823.08
96810,98067.234
129886,15648.74
20814,4685.8735
19910,48902.074
129057,4998.068
148551,63363.812
98427,21910.367
11174,61203.277
142451,8021.735
41880,120486.3
133723,6331.9067
155,49772.715
24950,2923.4155
25514,51126.598
114536,296904.72
10382,94890.47
107052,76169.56
111643,62250.715
84823,4371.5986
146834,100515.41
136537,63756.027
4153,3701.3257
149079,38153.54
46676,30790.365
74962,9846.322
32586,50093.492
66833,1822.0791
8941,37297.137
12103,27374.902
31114,18367.121
73096,294713.1
6332,79821.625
27363,12821.582
79008,63699.598
52736,13718.389
84407,21507.223
83183,20746.934
98615,67341.11
47830,234609.83
146765,6488.927
85971,166656.88
7061,59987.727
95919,63232.62
50623,22016.01
121147,42327.043
144388,7104.549
114330,52944.76
20504,10174.348
19373,35448.926
94194,2910.7036
122425,18652.723
83090,42943.71
114239,54786.97
24571,19416.17
54503,28714.486
47442,35179.59
126077,14838.736
62791,17211.287
23519,52102.496
22023,108373.44
108882,41096.79
114295,30095.03
20176,6608.3496
11800,23227.04
106160,145185.5
137838,10887.387
10124,23249.62
83614,38214.945
65105,81956.47
122920,3393.4084
109438,10413.428
4560,100856.94
9854,12726.174
40876,37675.95
101437,6187.0845
82057,21204.906
127529,9731.479
17409,180183.0
63097,16591.486
60147,84231.234
55761,5385.876
89279,3406.047
11255,15121.097
56886,35224.715
138351,130633.68
133274,99041.016
116571,5319.277
53227,32818.395
117261,154170.98
35102,28222.809
59053,1588.0632
11194,5669.3423
35659,26274.514
52741,2102.624
55871,16174.791
114230,6999.554
75165,21444.486
112371,68013.85
6678,12984.061
88165,4327.2114
126978,70923.555
147853,5960.29
2926,11829.8
80277,20013.799
71660,97976.055
49035,14938.899
131338,28645.988
109084,18748.082
148180,32241.72
48969,175536.06
24805,13339.846
130170,4555.3022
88455,118000.81
72274,176131.7
31744,44219.258
143232,48062.875
108083,36142.973
112846,45902.52
62379,67188.0
19538,69117.1
69328,28078.584
52254,26826.11
32339,46641.242
144476,65066.703
125489,185006.42
127254,18226.137
87269,71041.22
29287,47911.63
52907,11835.875
26731,8042.737
59665,38197.887
105479,18525.654
146980,5030.8516
111478,1535.6666
52179,44246.78
17039,26130.137
124447,14684.003
122744,28290.043
47237,59692.06
9898,145037.64
74378,41143.145
51332,215992.77
34638,8032.586
32774,8499.828
43522,14063.569
99098,17050.012
47586,124254.164
15978,78482.06
147974,25475.982
45955,27521.29
66874,4879.292
28005,1747.5726
49386,13005.949
63823,2687.3142
94349,8166.0703
15166,23057.414
9401,3909.307
62854,13374.471
29012,7626.6963
21845,103909.305
117628,87541.95
120960,16967.021
84951,124847.414
125823,18337.975
33253,58743.664
87267,79020.33
130108,7061.3657
15444,1327.7295
92239,5426.6353
137817,9210.161
35215,24282.545
69868,10832.325
54126,25517.342
103415,10523.672
109581,5263.1436
149836,29928.02
140416,9503.525
70441,69462.35
81887,18247.791
82264,22084.924
5748,32569.93
91788,5935.617
125534,37857.0
61345,76111.39
112138,72276.79
62383,28070.748
121894,6000.06
140066,41475.74
9935,7097.605
6668,56293.242
56349,6154.7954
87484,142884.62
25517,193983.62
121176,55225.273
34008,29459.799
60500,109044.125
83215,25632.057
113350,36947.277
86764,52648.723
133985,98122.945
145841,7648.942
124059,22163.23
34270,64213.125
59926,10365.359
128249,9757.78
149087,58360.06
34616,18451.63
147222,7427.529
35843,4786.6797
131746,7791.655
3830,2344.38
4644,60428.52
139430,39828.96
26050,33335.51
10597,7340.485
96269,8749.814
29654,60850.098
1364,40707.914
44216,4031.9648
86611,6336.095
149601,21463.1
23376,8280.292
104503,33828.773
83654,22084.143
99882,20838.941
54664,9881.019
30638,5623.394
54542,106569.414
96358,1717.0098
27399,20481.98
41078,74779.7
98835,45463.203
89958,17656.928
143411,12142.831
139960,28797.453
84552,29183.1
3341,18066.082
67241,16894.809
34457,4280.009
143976,24647.133
1106,61136.707
6276,63945.176
76943,27812.92
35824,5395.3794
70897,74757.88
85461,6295.4854
54093,48450.824
39204,168840.1
144616,66146.99
32710,65623.65
130116,51731.67
65773,36032.457
85632,121226.61
84581,10489.17
38190,119350.9
118337,9355.158
84070,8714.964
108430,58118.96
36547,6219.759
74459,5877.161
93073,5748.7725
108409,52389.805
54171,68088.445
124438,5028.743
30020,5729.287
134772,1859.677
64829,1838.6898
138722,56529.16
23365,4774.12
37897,66957.4
148861,46996.652
116265,24903.729
4875,116737.81
52176,40223.28
146828,31978.172
64174,3656.231
27415,2327.2708
115566,7339.8164
51084,51240.66
45853,20117.395
46814,10372.366
102665,21264.252
130476,1080.0374
27088,16031.06
126102,9774.116
70998,91723.86
51315,111023.71
5451,8454.248
127494,3370.294
58685,23369.219
109631,55464.16
47710,58270.543
140679,81881.27
130947,36420.246
111311,4775.6797
27182,9467.077
48354,29158.426
67168,16526.484
93086,145116.23
15405,1976.5605
60074,31856.996
71039,19480.05
95189,20449.4
117608,7016.3545
69047,5500.4175
117145,14748.1045
134825,54692.48
65344,12684.727
100133,7660.8267
142956,4676.141
140657,3051.9392
93007,20349.88
89619,62151.02
21462,58657.67
58764,6174.4043
7276,23420.873
116304,29268.143
38073,62338.105
93626,78847.28
82280,79916.82
117069,31870.87
125782,9045.481
64417,10096.849
122228,11489.269
137991,53843.01
104935,6560.89
109207,1740.5636
37009,8939.55
3848,71920.44
109985,3742.4307
89406,13095.085
94434,70354.984
117003,37637.004
121851,29619.453
578,6860.053
48910,126793.2
9894,16442.484
6435,19418.463
137925,4565.3506
97157,12710.504
44764,27400.479
83355,55487.34
27773,171533.95
25254,42810.35
4305,10010.745
56093,19080.764
131407,52414.617
84884,6408.9453
36434,18372.35
20021,56311.094
119636,2733.3809
94051,51576.734
126043,9520.536
26661,34708.84
138381,2555.9624
76822,32289.555
143028,33552.52
51348,58596.34
114226,5743.2925
120566,95878.0
79093,1917.611
66767,112730.89
109228,7111.397
24101,43286.348
4955,15948.68
25048,25655.072
103484,22603.04
37436,115562.55
56380,14297.032
124846,77066.28
71856,66952.39
8071,24377.777
107853,6912.515
130460,5701.234
78599,3100.2239
7319,8608.672
81339,5358.1206
74588,58057.1
10689,70977.06
98357,5694.702
36395,43526.613
52963,73640.445
31861,9401.877
144391,13911.3955
107196,46296.043
37191,6833.966
16644,19558.43
2372,14423.104
97271,26082.102
58954,32005.75
92790,25297.213
124854,114398.03
51251,29251.963
6823,39395.22
61558,29042.62
125300,153754.3
105363,69361.37
620,74452.625
82798,13315.289
30395,6100.8623
35851,16229.021
102028,7497.5635
34919,30462.766
104766,3853.9126
120735,12033.703
84964,19455.877
131305,25008.03
117441,2546.5369
105480,15559.879
35990,11219.089
81862,98000.82
55493,27069.988
108838,3777.3997
63290,4564.4614
18243,3105.793
64015,37079.76
83017,51499.094
72864,4780.06
129771,3973.211
145063,74578.58
50627,35671.574
36645,27887.316
105237,12071.696
49851,17825.436
118815,952.77905
124715,13380.456
98923,6983.402
8858,159204.86
107782,11198.737
45030,114405.4
92344,3955.8928
142355,17205.768
119607,4339.352
12423,86450.984
52267,3590.7812
8361,7407.888
1016,9334.861
37364,44682.0
142233,67147.836
65579,28481.977
3582,45485.188
2839,2031.1022
117913,41221.562
74117,18321.953
55744,87207.13
19124,7152.8857
57059,12277.284
92294,34494.715
47050,30148.023
109204,43114.207
139917,15919.275
78658,42177.08
6711,3865.2268
19040,27425.432
141036,29714.885
83597,18386.277
16693,63759.797
17777,822.09546
101943,4497.7314
14288,10058.38
78094,15699.366
76930,31157.184
123464,16953.455
36821,222721.61
113085,34606.637
50654,18773.057
107654,24215.387
22845,6687.9834
37268,13011.914
58122,88870.82
58316,19465.021
82063,1046.6637
857,8823.327
48823,7206.8667
24794,28892.844
49999,6856.589
112492,29441.342
71197,10973.131
19731,9823.756
38456,14036.849
95834,8378.792
104310,37490.055
46184,18322.225
72988,88731.05
78032,37505.395
106786,11692.882
122715,4090.1558
142373,13561.581
78418,7655.8286
126649,2102.621
53499,8409.82
54053,78079.86
23397,4475.089
148777,203250.89
71827,40282.664
97895,22597.404
106432,82465.78
54520,2092.697
8130,69940.25
136706,180348.48
58814,97834.41
87359,22386.74
105376,38174.766
112219,5184.7803
136169,10516.04
30398,136869.17
74985,10662.63
21208,80658.68
56319,237.19806
110850,97315.67
70981,30865.695
42252,120721.31
13172,6434.073
91710,57429.555
101500,15110.211
100529,83800.42
58719,9094.437
36326,24302.662
34411,66005.44
110665,52042.207
81370,5073.8228
3549,11587.545
2637,30560.95
53681,11326.075
143293,16283.574
71294,67045.414
130548,28908.883
141027,125962.71
63318,4356.161
107321,23545.178
3347,84666.83
143042,11665.648
65412,17660.87
141229,138617.84
27215,4298.3936
147472,1449.0719
50436,887.35156
117207,21373.023
29728,53572.883
137950,17086.89
123516,33031.344
14862,24926.613
145567,64104.68
123661,15489.369
63498,3744.8904
50952,4701.5806
114000,5185.3438
32749,81276.336
106542,387654.34
5489,3907.8555
57774,82357.67
94238,40853.9
35073,11319.763
18132,4731.136
118710,23482.11
14391,12939.549
18514,37746.27
48948,25016.719
75540,50950.63
58369,95528.9
18098,5775.3203
88500,-1853.237
53521,11465.698
143587,8502.495
16597,46590.223
59433,164678.62
115093,58601.062
93422,3436.3953
50754,101058.27
133131,64268.31
14651,77880.49
121035,56787.953
26425,17226.555
64326,71347.984
137096,150415.89
127176,46307.195
16256,3218.4558
51749,57822.875
35498,5313.5547
95277,46709.72
115101,53457.215
16248,42337.598
60277,47552.586
47980,33641.332
8643,26942.818
141706,19605.893
108141,157241.5
146072,52118.664
30097,75625.1
16001,18379.207
8426,41021.105
80436,121217.61
54560,12193.6875
112800,40034.418
137418,8371.536
120315,45371.95
106389,14579.904
51546,7458.8027
21400,6132.9927
58709,49196.574
58128,5872.1025
103339,1863.9938
12838,68163.4
108263,15684.801
121112,65939.63
141109,13521.449
880,6020.96
123156,8791.167
113177,11242.37
34250,126850.516
42954,103047.14
58520,6982.911
143227,300651.06
121708,4375.749
83107,25561.836
145085,5884.8486
120615,9398.293
145291,4430.923
148457,13150.768
36484,70064.27
130235,12756.9375
25516,12161.8
122208,56316.684
38462,73896.98
9620,51495.02
64987,19256.486
146701,11237.143
24984,29296.553
52139,3896.7036
78150,20870.658
111496,27090.473
4268,22031.342
108230,29694.824
13922,40443.777
142046,61548.594
62667,79354.21
115721,2323.5894
133495,22779.906
7325,36403.273
9982,18735.35
123139,22632.201
62544,2365.9304
109969,29793.662
53185,91909.56
107907,24887.225
95084,106716.13
96839,112510.21
61300,4965.5503
53625,2413.9858
2690,4164.8574
120008,13921.707
124971,93513.32
106900,17570.924
105874,78330.52
119728,35004.867
148190,74383.08
67339,7644.613
58010,37323.605
72053,10421.592
40643,26265.996
40648,10317.829
20129,1415.0801
131286,7748.7827
97959,87643.93
123740,46086.64
38047,11775.549
22393,6544.265
86534,14202.336
96916,25174.467
58175,93297.984
75616,16347.271
110786,14441.313
135611,8808.651
47646,84475.52
108029,12513.211
22212,11082.507
109772,21242.53
4026,15358.181
38345,2946.449
88738,22508.611
49451,143199.08
122663,23612.32
64069,79127.72
10395,15658.919
8703,8387.455
80602,8824.649
53787,18793.416
67016,3590.0527
9789,6839.8613
147709,5147.2344
112389,29072.059
78474,58452.54
76643,20999.57
20664,109494.06
15192,371246.97
95974,80197.836
142111,57701.12
93920,35398.11
14437,7792.544
126473,8875.737
136409,52807.4
1405,12861.681
57327,42401.6
103131,14752.648
98210,9288.146
132869,14695.964
9067,8874.982
90921,51274.133
67128,78525.21
72308,9172.772
434,11501.51
145442,107795.95
143797,50174.023
23276,19459.584
101252,6200.6284
121699,7183.6665
135467,12747.385
133893,70238.85
17330,17399.396
74946,22809.145
10206,22449.578
119675,86864.3
66453,55686.875
133046,82366.164
8985,34781.74
101684,2791.0906
120753,9857.927
17724,6714.093
127569,20451.01
88152,79180.164
86997,31848.932
123863,181126.62
109039,23046.531
9364,100556.3
127040,4421.6533
74679,10370.139
33820,53672.016
139435,26805.621
16005,107452.305
30761,40592.875
83724,22788.842
37862,17468.16
123674,8973.12
67146,274219.16
17230,43199.418
88521,112682.85
71682,11076.251
108365,85463.36
66910,5373.6562
27426,43077.176
101416,5967.0444
44271,48493.375
25016,52351.125
15617,9633.4375
50190,40013.016
88037,6454.76
30008,66407.12
113926,50956.766
133346,10593.104
142096,10399.648
20332,52260.883
136536,2403.9746
88278,38367.445
49845,25975.297
131429,11590.3545
110295,42653.176
63288,24270.23
60683,14653.469
44802,23063.59
43875,5338.79
10330,11820.487
119163,4200.53
72192,14191.253
122119,69520.73
79128,28920.977
60278,9910.242
85308,29196.904
144628,10853.574
18463,13388.986
77310,16344.0
94157,81829.89
41985,18405.74
56256,9161.598
81533,23303.482
86636,21740.406
89990,3287.1548
58571,1334.1307
128237,5139.2925
141849,63364.574
59392,23632.895
18595,153681.33
122506,22917.07
45632,-372.87537
85659,4408.159
51164,15781.719
95264,5876.7695
81394,6945.2188
90561,46573.15
79411,14164.322
144359,11133.289
100981,57988.504
68242,131425.77
89494,15935.486
28858,29927.064
42048,6360.38
119677,42968.805
48476,67333.266
75449,110666.234
139742,36640.094
111616,13166.341
87524,61927.824
125172,17612.05
86176,107849.22
62359,174131.62
52321,5759.151
14759,8718.704
1254,36336.18
95641,4685.624
2296,58824.707
59396,150488.53
116718,37227.55
30455,14203.464
58922,31514.107
124552,12276.488
84458,4942.2495
128575,131911.83
135408,85322.625
120162,7814.8696
65815,45433.887
113512,60495.99
9413,59694.656
36635,42499.098
124030,40575.582
70750,7220.5195
17634,17354.47
18596,21866.967
100014,8040.579
34432,3508.4456
80002,15289.125
89656,13678.957
148984,3197.5625
29302,9746.972
67776,23509.848
105312,3904.6497
37298,17193.494
98019,66992.516
133068,235749.22
34203,8525.604
77986,22765.527
118376,14091.286
112529,8979.115
60461,9128.299
54555,85830.82
70288,52846.83
78218,51666.035
58426,49257.656
142909,22296.574
140422,28367.736
52768,69463.98
109020,42604.277
653,15640.249
69788,25893.283
138369,20650.545
50447,18624.156
20258,6186.7524
19111,45042.65
84125,28480.203
30749,4201.3335
39439,10002.189
47880,11050.471
116033,28770.684
136168,67701.26
29194,10875.929
145972,47245.156
73874,74422.74
6549,27262.273
1574,74704.28
144310,37823.758
52997,156165.11
112057,29571.81
148899,14109.4375
90362,8136.391
24097,119642.516
51800,5222.2866
16494,29003.385
132486,10181.971
63718,14937.646
24436,79842.62
88727,21874.277
45973,978.4292
102861,6153.9097
86105,84574.984
74580,11145.626
107258,4844.443
45567,132315.08
73912,7107.1445
9776,42571.56
13833,24256.953
8937,68953.84
42187,1141.7284
76463,6434.06
108830,8662.701
79414,4120.263
139167,4889.804
84544,22808.732
142413,15692.925
70905,7203.404
25289,32114.205
135227,24298.256
839,67690.234
108449,4324.683
75507,2888.6497
37589,25760.617
131963,28145.63
26570,13693.466
20177,16515.627
111024,1497.0448
16149,23347.188
28444,6369.8823
77163,98186.234
77541,106234.086
124186,68393.31
43858,30135.805
73567,19240.229
67623,3552.2488
127140,16137.872
130461,22479.846
68452,38581.09
116840,19433.5
17142,9923.141
6569,1142.9583
105323,12979.214
78144,8301.053
37086,20954.316
51461,24663.97
7874,4188.184
146673,36576.883
133751,4424.626
80377,6129.5464
99146,41168.773
59095,23142.371
74690,30161.523
90471,76624.59
46138,4443.515
92093,9377.984
109821,5921.1562
109182,31291.455
124233,13403.447
69231,63671.41
138437,10338.5
24449,59078.12
142245,86894.96
141592,16285.23
42581,11150.292
46764,16106.757
59361,46967.566
142497,35779.684
109319,63749.332
52604,2077.4165
22942,6183.3364
119848,18254.648
123316,3883.7905
130471,1954.6213
90729,39405.184
64426,42865.844
65087,34971.05
26433,2326.2456
10200,18286.639
41100,4527.88
4893,20630.922
131381,9608.959
141746,38521.734
55454,19337.865
36627,42568.68
111337,82473.734
131184,325319.5
20394,142519.89
105084,49561.44
43671,32364.502
56961,3813.0276
27820,8903.36
67509,8687.907
37100,39813.676
113761,2270.1423
121231,103652.34
131428,35802.383
127083,2953.4204
61517,10845.58
73691,14985.063
121139,4265.325
118624,27369.691
24299,48720.93
113897,99001.98
65765,13460.576
68655,5166.4336
126857,7699.051
106454,29858.016
30220,49085.465
126314,30549.959
4702,13269.8125
98112,9070.329
90990,7476.6357
68319,25878.24
68212,2287.2544
83063,15214.911
46244,6346.2173
62637,76878.81
129922,7656.789
42490,24240.244
87914,27266.494
54719,2192.7527
50958,20673.922
94940,96115.59
147968,4879.844
25792,12262.506
1679,6706.3916
31030,21551.453
32333,39121.77
40055,90769.086
79368,49502.484
71767,224302.2
9574,52389.08
90881,18399.936
148279,6935.97
133378,38621.43
90668,2811.2703
24250,29733.105
92141,25409.566
75358,91547.05
6375,9336.833
51300,23181.2
100576,10318.482
78960,11919.178
57350,143095.55
40567,31329.912
88140,4908.8037
122590,10244.264
140107,9946.948
148782,6591.258
15014,133537.62
101506,8576.006
82691,8429.997
97421,7887.216
102326,11146.366
568,44152.035
47659,22516.11
83752,56716.24
51132,16894.719
15554,71983.58
47581,17794.303
77797,12912.399
112349,43548.09
82433,94217.945
84703,9566.3545
119248,13444.077
59614,5086.7246
100791,38454.246
123450,70472.97
52788,45697.094
34710,297707.12
95774,23963.771
146515,17960.666
146142,45057.37
53304,13255.229
35029,50868.707
18473,137116.25
68286,57938.465
54309,53095.066
74192,38506.438
111806,16581.86
93836,9315.685
60196,33693.902
23504,3821.3455
37416,25845.645
60405,12046.424
56282,13413.661
34993,46237.07
79602,33371.332
108507,16697.51
10907,15078.543
10889,4062.2913
16064,64765.02
10522,9430.683
148558,41732.97
35610,29371.133
6652,37538.977
19997,10769.225
45037,311268.94
11391,25788.596
77170,5830.0986
57417,3767.492
97845,200841.9
79005,20399.885
55503,79895.79
109855,3982.1267
63194,7396.092
66458,13473.39
60006,49463.48
1041,180250.7
76196,16583.746
45755,78421.44
57786,5016.107
77019,1690.7312
15231,13672.983
107813,12120.212
88640,15077.7
99435,20430.514
53773,126274.54
67052,5900.9927
21783,3144.119
42171,79993.234
117103,1794.3552
73088,47127.957
127917,34034.785
89776,48120.863
72965,27878.453
32293,17009.902
30286,190061.34
140543,70106.95
29892,46879.832
41523,40366.61
109016,321442.84
144589,1633.4246
16708,11794.32
149672,36580.715
32748,47681.438
51784,21915.475
46570,5527.7544
4685,3102.758
116137,88271.47
135411,87384.984
45484,50801.57
124324,18709.014
51030,2003.1609
50793,19868.033
140740,2497.964
139055,31508.832
50345,22122.828
83334,23258.695
30698,13522.668
40800,7021.782
12959,42064.45
103290,12120.962
147445,8316.0625
7508,59216.43
65884,17796.287
138144,11149.824
83442,15854.483
140929,5533.3833
8271,5452.5034
54015,2312.5356
52190,7596.1836
142555,75387.3
46749,72348.9
118846,44008.88
34059,54886.176
54289,13381.418
53708,160248.12
149928,2992.2598
39339,35349.62
69409,1270.8792
102913,59167.305
60241,1247.3702
12699,16103.795
80044,128878.06
1171,20477.203
109393,28338.908
117527,36268.11
119929,8122.2373
30210,55367.71
4162,59451.465
98429,22035.895
125315,2732.7368
98119,3288.0884
34658,19538.273
35453,3611.793
127787,10424.317
76807,25867.67
13787,4200.6177
37978,96115.59
45957,31993.8
26501,22758.72
79736,9687.82
125173,80977.39
92914,14476.634
23423,13463.028
784,1480.9473
74346,4143.9707
56487,32663.414
90357,22479.55
51444,45264.766
67299,138666.6
144048,14110.996
60845,13881.004
109454,31953.799
91374,3151.6506
105337,111158.39
58959,5255.885
116592,8386.877
140555,88695.63
86787,46170.07
38696,36761.06
8188,9581.036
13443,116538.48
27617,31475.295
103657,21147.324
41168,9957.927
22245,122202.09
97028,22472.637
99041,53483.492
133291,11481.036
87875,9703.122
59733,13030.231
6914,35807.938
126648,6796.723
51498,142644.02
41371,32035.324
121693,4488.854
76068,128339.75
113054,12875.156
33604,21358.492
68834,12622.12
122140,27343.416
72734,31146.113
93561,1956.0166
29368,87138.82
103407,9923.707
26582,3611.5728
69279,4769.2124
29295,15041.363
23219,3642.888
41343,170554.16
76222,21223.209
100277,17509.684
43160,22623.336
28740,30175.662
125939,46174.953
71303,139300.77
125409,5538.2705
71259,33518.133
127540,77959.69
27998,40295.11
137533,5865.6885
63990,854.9275
13479,5320.3555
104179,32678.824
107091,13070.789
70332,13425.459
136966,6949.1763
99550,35994.793
2495,67895.88
72003,45746.05
47277,2957.5103
92486,24181.365
147528,15032.573
8450,11782.999
98511,35756.14
69055,24323.72
1641,5931.6514
127257,9262.251
107618,3557.7827
120035,18863.629
112451,42702.504
143184,2288.5857
4334,23746.58
39058,14619.569
86797,71266.8
105577,5040.293
18721,12941.557
90594,38925.164
54994,33131.582
132827,26458.97
8767,934.2285
78616,5980.1016
147363,63396.87
113956,8040.3203
138861,33605.633
114867,15311.158
19629,59785.547
133940,4019.8098
143899,8492.648
37194,42216.426
145318,1064.3264
84274,28833.885
6776,58733.535
71248,1894.9315
60004,4044.5913
56953,2625.7734
113280,66161.73
127510,9932.749
48052,16360.597
13419,31046.176
82499,12189.123
69619,46817.43
141756,3906.8604
132219,10296.791
108678,71250.38
9694,80550.21
123723,35254.28
17596,31144.533
124343,91496.38
30599,2175.0024
120681,7617.9517
24183,37078.145
94358,33723.477
12494,21384.188
134118,30812.605
1567,27147.973
109672,5634.0684
101862,39465.508
13574,3448.6333
92494,33430.582
28933,8894.975
16268,64449.344
89677,18177.314
124910,18180.855
145391,113826.805
6850,44354.92
129463,75960.14
37443,53478.684
144749,17977.965
14257,15844.185
126031,8877.473
107465,35282.164
69567,23433.992
26736,34404.46
63296,4061.1404
117639,81023.12
67482,22565.744
88067,28150.611
40078,3843.9858
95039,417353.22
12354,36286.19
148182,4136.7007
42806,33527.508
68072,22723.262
93734,14724.409
134433,24003.418
16743,8331.6045
32714,6970.7456
20907,42032.184
48806,3732.178
60709,4236.769
14668,183789.45
37193,6924.143
32882,8363.537
114344,19439.764
114516,187006.03
30306,31851.332
24814,21622.963
19704,9185.841
1465,82411.18
141832,33831.66
144787,14479.385
55244,68342.39
65367,15780.59
74654,10637.437
94288,9263.095
120181,14233.112
133172,28083.848
106545,168794.42
37985,32727.29
47706,11379.992
42438,1223.1394
60033,34229.04
83152,13459.745
129944,16950.137
25420,62231.027
11337,175728.22
40103,62439.234
137384,15495.734
79965,23054.34
56581,214216.83
67649,7324.0757
129207,66875.484
136986,23024.195
33438,15307.656
138481,11462.396
138138,12745.603
1822,38164.562
99201,28378.086
66723,29196.822
110361,5421.9404
87393,3089.8267
61455,3657.7925
125436,100956.04
15629,7204.958
144090,12896.847
102199,3857.1948
110928,64647.215
145844,4359.385
85527,3851.5457
11215,48835.04
52377,32158.281
88926,24009.168
60166,74548.99
4433,8296.823
65299,16643.82
20790,20365.1
47324,4465.7354
108885,3981.7754
140442,9365.558
3629,43776.387
141126,6632.7607
53927,7474.4253
124279,41692.324
31992,24343.49
30762,19451.115
17050,25201.023
85510,26138.836
94455,12368.3545
129564,15692.776
131232,2977.8418
91955,222264.1
85421,2392.6326
3527,4025.5737
1369,8538.588
29895,119942.81
11195,7169.4
40328,7753.946
83349,53303.2
3193,6237.257
46809,25687.88
19296,37658.457
38820,66089.35
126046,3743.7625
55168,76916.14
9161,37046.95
77630,74421.586
6416,13708.14
48130,89181.67
11234,47892.14
115568,17161.68
105641,13611.501
108104,90733.6
84890,21047.008
52213,1741.6671
48698,40477.48
101352,13182.989
134035,147908.94
21487,68073.23
127594,12000.279
89936,68618.72
20284,3741.8904
35048,16108.013
36594,5090.4873
36990,7793.0376
83586,6051.551
141868,11237.724
15019,76927.48
13808,4426.401
45103,95055.77
43123,1494.6323
102349,10991.244
13381,15042.639
733,43045.242
69992,31750.088
124463,36832.45
61806,17454.293
148682,32867.344
86766,32250.336
19318,46685.152
108685,137542.11
71652,12378.318
135803,25579.697
96854,11321.256
77544,9021.845
4743,36161.207
33452,31146.293
45521,16782.28
89344,66329.47
13104,22300.102
102864,13261.428
10926,20679.21
125394,836.1162
121883,9310.881
126427,31728.723
111085,7901.924
112986,11354.124
4091,73991.76
2096,47157.555
69139,34355.625
32237,60637.844
7764,8353.312
51173,3589.8723
79315,109874.84
28084,69413.73
149335,5884.3965
70101,32293.754
86373,31331.52
24424,22389.713
69017,36702.86
51501,46914.234
87821,5098.6655
68461,31002.229
61634,2535.6863
138357,26102.963
50866,21925.861
120764,44716.574
118772,98637.87
39036,6487.092
66934,9497.158
43221,10977.164
14117,110247.66
129787,48541.332
51206,13434.946
121571,28723.037
130968,110797.26
17867,73034.11
11249,3863.183
19896,73953.85
137809,18452.146
51850,39870.785
116538,66892.25
103286,80701.836
21811,4075.614
140712,1883.8811
131775,9552.081
48658,82655.695
80085,10504.378
22762,4419.514
98383,16066.754
72379,17177.014
47938,131021.98
127333,17208.512
1087,125211.38
47164,40773.758
22317,3142.4963
103978,4324.7437
45912,71513.6
77172,14854.692
47141,9110.233
137906,43809.402
19588,4395.297
87778,57741.625
93870,4251.8784
103013,6952.407
144786,32821.484
62275,1316.7145
31843,25374.459
24834,18051.24
82039,76508.66
19306,3288.9075
141342,5846.373
45530,55214.008
33626,50783.457
69997,51047.168
31993,34334.32
4104,3980.8965
54296,8881.597
61445,15862.142
111306,110048.914
61264,11354.722
120113,17113.406
36726,21700.164
3393,13417.694
17143,164825.03
100299,3374.6294
69135,42526.754
99340,9896.698
76992,124699.93
89328,35197.562
49515,4981.549
33729,63188.7
13127,3782.627
37565,35241.914
79024,14904.648
16705,16353.797
49669,12900.646
119895,51247.543
79988,58320.42
113069,3053.304
30711,17959.312
43008,76416.664
123071,29947.914
83341,34989.113
80717,9073.607
147728,37524.67
147202,39607.773
131630,5288.446
102206,12091.754
56686,19809.271
22037,11973.3125
14158,59248.293
66812,30872.03
59824,1681.397
63483,4257.4365
62560,18500.518
141595,59345.375
21589,17002.621
96822,33522.457
85409,12128.982
39805,145741.81
22148,5509.563
148919,11156.745
82595,4231.125
80889,6870.06
146413,49056.24
83081,134458.28
71374,41814.207
79725,9020.527
99158,3326.9666
75073,48479.355
76764,94903.195
68720,83884.43
24731,40972.652
44405,1355.2292
71459,13626.117
93993,2149.2349
128581,39203.957
83840,5933.674
78403,34100.848
88312,17215.541
133351,7033.505
113190,20200.467
134733,160372.08
148241,2642.35
73027,9345.132
135392,70646.06
12938,3662.5762
97348,47005.633
147636,1652.7275
103238,234282.8
113167,37994.848
75898,55581.582
7064,5809.8877
23383,191772.88
97625,31141.588
64346,51702.727
53836,5459.49
111005,54360.414
46944,6729.7324
73526,63691.22
53033,39535.582
38927,12444.783
51774,79405.586
35266,16971.705
3684,12640.733
82350,48038.77
90895,69720.54
69429,7083.877
127318,58553.203
34246,6588.527
137514,59321.477
112549,137166.12
24503,18127.807
136746,28074.771
66309,294733.4
82888,13688.386
3662,33801.4
70310,9026.357
120172,1317.9102
81913,42028.562
74601,33657.51
139356,19186.066
129799,16014.369
78087,29012.889
48830,41922.2
61701,17612.387
937,4603.427
46968,841.99066
133852,2562.8406
75673,4687.8486
56825,24249.402
5276,86954.59
78413,37721.67
99062,9416.011
101682,1984.4755
65755,98282.87
44828,16642.91
74704,63673.676
16020,51120.367
98970,40685.18
149578,10783.114
142848,77211.99
118398,15953.704
14431,216213.62
129850,28339.656
59655,64800.7
112472,3192.8367
127757,133856.44
69309,11098.62
144166,18463.781
64606,24761.627
114930,3769.8218
54989,3611.5015
5752,57846.492
142372,4118.2607
42871,17517.498
71143,36419.188
15073,9827.825
22253,18678.207
104453,1084.0143
40901,6620.1616
18451,18304.447
43361,48136.344
54232,6234.7134
18708,4344.6665
24498,19385.34
33114,246982.48
28497,12294.238
123465,60369.484
143112,33451.6
34823,15797.161
126032,48867.246
136101,19579.963
9635,9348.548
147320,6454.587
20473,105069.24
111976,2902.3506
116701,1697.611
114308,6163.1875
42625,3075.2903
86981,6492.698
71651,9323.325
56002,154084.77
83508,4408.1978
24160,287457.72
47345,162628.31
20675,13746.222
148208,60084.305
117259,97824.17
11445,18229.191
118731,8625.478
108703,4869.1484
18981,66006.19
75624,80034.414
20097,97100.16
106258,52751.207
71659,50685.117
23935,45402.207
36336,226326.38
123113,12073.652
142521,38425.742
115941,2474.5437
15817,3638.8757
108118,54861.496
39575,42961.79
149592,33810.164
47280,23076.268
107108,48660.695
5199,55371.082
100957,39067.695
39480,27576.902
65264,33704.26
134285,1425.7401
48500,4543.4414
25088,6165.8784
137011,36216.1
139922,63758.727
130215,13725.723
18353,4242.799
37811,9618.09
51896,36737.887
140844,41418.66
100955,32877.684
89760,4315.157
125639,18287.727
143640,9306.977
115316,56361.18
78923,245415.81
71121,1497.7174
74940,30365.732
84678,3755.7952
113148,1653.783
8943,70013.2
85291,20275.332
132947,93152.88
43391,16863.188
30930,113850.82
115388,44628.797
137002,9193.376
13154,27002.682
76990,46094.406
132726,9208.303
128307,2227.6445
62300,46494.11
128265,50909.43
80719,39814.63
69775,33826.53
127166,22635.654
128374,4742.69
56131,7443.427
122232,5873.059
137270,28460.174
95590,6864.878
23543,88517.48
148953,6535.409
76362,13312.203
135518,21392.732
110753,26516.645
14798,6161.9165
53147,20627.275
42526,132324.27
140576,96022.13
107549,225646.5
52634,5080.896
63361,47721.35
11364,87028.766
66356,5303.227
7161,10770.213
107482,28197.17
125830,5747.406
30849,14615.048
59011,42986.113
52843,6964.995
64166,2832.993
102904,31759.002
88557,30417.361
78100,42383.906
65796,2293.7163
117920,14711.89
133255,12277.265
71564,84047.7
40500,6349.973
45687,21646.156
122428,16539.629
119444,2627.197
124360,38641.414
72473,27690.805
25025,10295.368
82498,41848.824
72539,12436.875
54442,9472.7
146482,755.13983
40146,5918.9814
50708,73886.62
37759,91532.62
68717,4622.6157
112797,8434.645
39141,10958.891
135012,3880.6733
4363,54722.223
131406,11472.291
143951,36565.434
77380,36842.28
22335,70294.11
101000,10958.781
128819,17668.717
146767,12600.347
318,28436.346
82295,22118.03
103285,71304.02
116578,18674.303
141367,69820.7
38736,47496.582
1936,7016.105
99305,60621.86
104755,69124.35
31522,20369.76
133112,5180.7812
94363,6462.2827
31012,52957.906
145749,60608.387
8721,2536.1497
139958,3907.4028
116183,39334.19
96882,9219.661
80891,4886.4956
80037,27713.732
49584,28811.06
135305,42761.883
44026,27458.318
131972,31346.004
94737,8120.2534
56677,300199.7
148463,15263.602
86730,23859.887
110553,16218.267
62601,14543.099
62075,6222.602
93824,13734.961
61739,57565.26
48048,59833.21
104174,9425.876
113833,116490.12
71444,26833.252
13227,12481.867
52814,43952.66
10950,23166.904
114721,63481.71
82590,128176.15
116627,3917.9495
51002,14354.507
42341,34243.63
22688,10103.4375
92058,83290.695
117481,80498.69
71977,6743.308
22277,551.11566
113475,3938.1094
142769,1303.499
67213,71170.99
54995,4578.723
142293,12497.575
142136,48578.1
13970,37651.54
77809,23011.625
85268,11150.371
5792,12226.615
126756,172977.94
119822,19110.32
58272,2136.0627
25583,27081.47
109627,46110.996
25868,4610.7573
73961,-1011.25464
67992,6086.15
26865,35244.324
123504,934.2285
111161,9219.12
42675,36185.35
65081,57788.33
1548,12815.723
103046,59045.78
60662,14613.133
145119,19230.674
91282,25790.533
103470,9135.367
105809,3108.3748
143718,36942.055
61471,66235.664
30697,39737.926
85153,71672.945
145975,4261.928
46656,42295.453
50753,7535.6714
5449,13806.714
124872,71778.305
21268,60246.93
92802,22675.1
147777,51476.734
49763,6672.6973
68494,7341.971
33230,9794.865
136214,37864.04
134447,68145.82
30738,3662.4717
96553,5836.5884
87426,22817.908
115733,195923.48
55935,60862.754
24811,13314.103
124015,16794.145
119367,58181.125
70598,40996.594
3531,15929.911
126131,4141.46
6738,8787.066
130546,1888.204
23860,19847.885
82118,47207.074
20079,76761.305
108378,19073.621
117240,59293.312
24333,11495.029
38612,15381.666
109017,8818.497
104604,41097.617
87871,69487.18
27752,6340.816
124261,33386.203
124638,28408.75
22422,21531.465
106260,40761.004
79844,3733.7988
56034,24881.266
146365,532676.1
17059,2906.5398
29091,42058.05
88044,3591.7725
68991,3805.2952
34731,23109.568
61495,19776.059
91991,47341.902
81276,7144.342
34149,47421.75
99033,34775.4
88102,220214.11
114564,18608.041
65359,11020.775
133954,268460.2
61705,60658.78
1495,99211.35
57049,39107.18
28935,30678.006
65548,6899.132
125589,4270.177
147338,5139.949
107966,8691.964
76360,4690.0415
92268,7497.6416
148048,64006.33
84929,30933.895
24244,19289.355
9226,41384.55
121815,4891.489
137027,56743.582
148474,12930.928
145736,17313.455
58818,1413.5319
13255,13052.195
140754,2291.8132
71079,24512.02
103520,9114.04
48288,8048.385
14122,9553.476
96639,6620.192
84958,104372.07
12026,11866.5625
117342,18603.1
31318,25415.213
73924,65812.11
133202,37893.875
125314,43075.88
10513,104155.92
50822,5072.977
41149,2830.5024
4913,41402.086
69570,27507.697
137642,7573.4844
112341,21722.201
45552,92193.37
23454,98807.086
58309,51609.016
56666,148126.56
11297,3854.3284
27490,2954.559
104834,25777.717
69781,102468.1
9346,20699.719
64692,56664.4
66191,6556.505
91971,20508.52
17181,21169.217
41178,67816.49
29814,29056.037
63502,5794.687
88154,6876.4126
41633,8816.389
139517,37779.54
71375,9927.267
149103,15225.304
67706,32943.594
54625,16812.984
118987,33824.59
52144,51388.367
51401,52730.383
145746,9961.557
60736,22849.914
90456,14420.833
103077,6329.341
66281,9023.583
15427,32065.127
4941,48393.39
61308,26781.922
82984,15437.401
52278,14191.63
35134,120370.84
132493,45882.3
14599,12632.145
71190,43919.59
111647,63606.293
69097,26498.234
56182,12029.526
136938,6428.746
3297,1805.7913
76159,24412.184
140579,12236.783
54546,25321.475
112551,59702.555
39126,13701.111
123090,2883.4846
70189,17845.99
65831,49199.38
70280,9638.968
69937,29090.01
142103,59307.383
67145,59164.145
109673,208662.92
139942,33774.523
486,13403.181
73341,184869.16
52152,6664.142
101323,8177.175
86613,9713.921
37120,4862.247
65019,44150.305
40436,51476.87
125292,3914.717
71537,5865.7173
68241,27191.688
141363,46756.035
126760,8840.591
15946,9871.858
40327,5017.0884
91357,914.8213
148186,26739.17
143155,9644.973
130778,10008.699
118809,20291.525
15561,111039.914
4050,29406.328
99917,22530.951
11469,38762.094
93386,17484.246
139326,57219.805
33321,8608.226
79457,59307.383
41301,194686.75
87762,11279.049
124554,80504.664
130401,120698.98
119384,162238.5
36869,74539.2
35706,68238.04
98893,2879.3987
38070,4674.5273
2245,136160.44
126910,122548.15
128917,9718.424
147830,7064.2
136104,20490.87
4776,85551.07
27967,2425.5044
77043,4117.556
16269,51063.9
32486,4983.4414
38767,13246.072
121558,8284.745
105595,12535.841
57220,2546.1125
113917,12202.475
100363,15741.47
146209,41882.832
6457,34101.094
8596,20758.562
62790,19529.639
125946,7523.306
50782,8317.256
115689,12213.778
109174,1030.38
80154,21901.316
69690,13058.559
41235,32270.68
140248,15408.7705
140958,8295.334
96384,31271.607
55947,34231.492
149505,94179.13
31780,9509.802
4516,18939.932
75268,15127.255
116488,158585.89
113684,30114.227
39982,24460.695
90415,46042.094
21614,6917.564
70483,41578.258
85555,5072.212
50682,10407.31
136362,7351.683
21045,55938.895
95519,248939.1
146151,93084.555
1504,63917.11
66622,77687.38
120922,53872.406
89045,20241.791
99638,18606.277
25553,12885.751
88101,18683.14
59182,5204.5137
109460,14187.778
39041,7578.455
49294,27203.926
89302,47371.027
78746,76409.2
144235,47428.98
5144,9153.961
6817,41860.77
102633,79403.62
49003,18035.479
77596,14121.605
120005,24201.838
70776,6094.2993
140569,230619.33
121690,55167.777
26209,91444.445
38185,6507.9106
106707,6481.0195
85657,7691.26
48873,13219.573
82049,31021.94
40892,11418.554
84578,12820.144
2809,8145.8115
121211,2023.5033
112789,15045.716
131631,10624.809
126071,96720.64
125978,9250.945
9125,6373.542
35795,113435.11
144960,11465.437
80338,10614.826
59652,25658.398
50551,11569.741
95076,13660.432
39819,10969.161
29695,85987.09
108593,32614.617
133971,21366.066
51658,15741.734
15343,8554.433
118843,47543.395
12357,2400.3003
117194,54463.934
65186,4226.949
93959,7929.5356
108451,3171.4285
23937,7685.435
126845,85181.195
79605,7304.4517
79011,12266.885
128363,93167.55
29740,66567.63
69704,71311.445
32925,9343.096
24577,2424.5198
27562,20379.5
122111,2353.7031
37101,4056.8225
5832,16944.03
102162,152307.4
19804,67290.75
99335,31513.154
31768,6388.94
13494,6560.2954
134687,78130.34
41590,56578.2
90258,7654.8223
125081,19551.348
82043,19641.4
56917,4253.006
110299,17613.71
46421,4175.945
37094,27368.045
3934,40180.973
68029,7563.372
52236,103490.63
64914,6436.8926
88722,5349.554
4206,11369.353
38407,64899.555
88381,10276.023
53503,4451.556
131530,28452.787
118980,105781.42
126968,9634.355
61363,11032.12
14877,174429.5
142891,68642.77
11196,61598.08
76446,96431.52
104009,346876.44
58700,354679.5
58101,6921.979
104089,3758.082
13445,21044.326
7740,6910.399
24850,20520.857
42721,6313.843
106004,45792.812
126177,6966.3647
94968,3909.8354
9134,12828.665
128658,8972.236
2179,15840.297
39587,94011.08
76909,205.31857
114115,3612.2278
17493,116547.83
68635,36333.344
125990,7092.5356
114206,36128.7
30865,6815.852
137842,16891.307
107385,82457.21
66566,20463.994
16295,26102.504
63774,44282.383
61411,50235.81
128748,111981.77
49066,147299.61
53269,5500.8286
115478,85302.24
22952,29931.275
117670,13136.055
33990,99185.234
55586,4254.376
78808,37403.047
139838,13976.482
86484,11878.504
67302,63505.953
75408,20600.008
6414,12321.117
48230,14605.549
130678,36458.332
143460,37407.062
112375,9856.1
125703,7540.124
79136,122070.09
113201,10245.585
142988,37059.414
60748,53239.23
45809,15510.384
60530,3024.8186
71583,21172.723
111207,15044.505
88463,63067.418
108414,92446.99
109066,194388.17
41322,26802.666
75234,106448.71
114944,93755.25
42317,11757.768
3526,44727.547
13584,23920.223
64111,5584.61
122515,5420.036
119886,32153.998
26593,58843.73
127582,13627.188
146400,1714.686
130718,5828.292
112596,70000.57
59124,6662.914
10440,34730.637
125070,72604.19
91518,16305.034
10248,181945.69
38860,20005.691
9228,72871.95
26966,26799.129
125351,80735.48
72738,8407.997
143137,41565.105
32249,2509.1655
143728,39967.395
104192,1162.2117
34025,75656.68
128695,2648.228
128110,7842.714
37674,105085.38
104277,6343.2983
139183,51938.805
13016,8764.266
136467,2970.346
20933,60125.793
117076,8346.868
29501,8922.507
45881,191089.12
128801,15163.089
43712,80755.77
107946,3172.4846
9192,116296.39
59112,56555.664
148323,32857.055
88863,93431.79
28252,11676.261
8874,16533.605
18030,8330.672
64810,30827.834
10087,4774.4976
145613,32366.164
86858,19340.078
82196,320893.75
96646,162799.23
31495,10028.526
57695,19564.398
133668,4491.019
325,64796.254
3925,21429.096
73113,23020.297
83693,24594.557
54670,23388.225
18950,30333.033
94612,11931.934
146682,201803.62
145679,108426.87
95578,42887.3
105995,12783.46
128372,57475.715
137675,32397.836
31015,96921.15
54214,4610.738
113334,54464.543
92288,184722.56
55960,15434.69
125088,23667.701
95690,86710.13
91588,107359.96
135190,96646.32
97595,9937.126
145488,42950.215
87262,4649.346
50256,70530.19
87965,21181.88
79580,15150.084
126594,10800.17
46820,28440.186
111898,17210.666
31634,163215.28
126950,34316.43
57728,7298.8545
133969,60912.73
5660,24772.666
107458,29871.87
62770,11032.991
21151,14816.649
82370,75500.9
51267,5431.1265
44901,14318.703
57189,75877.84
117691,15972.373
73857,5328.3755
18936,39701.934
125893,3137.8213
48472,18355.031
38004,17818.252
62721,24189.314
89083,10136.649
124792,49287.832
47360,67675.76
29081,50865.746
35053,8559.056
122886,313431.66
102024,136895.22
11686,159376.25
117306,15180.454
61170,25468.51
95390,12632.145
82184,78991.78
24605,11323.317
54831,31938.361
56264,55612.906
21394,237913.88
104616,29677.205
140212,2132.8508
80066,13893.931
106509,47321.77
62920,38011.008
96823,4713.9165
12230,2682.7512
13447,19740.12
104662,3706.714
78945,66087.805
17114,17757.64
80820,167866.9
71298,23468.977
59847,69607.266
4714,37227.934
97795,22622.854
29258,5124.049
30579,40032.47
32552,4045.0923
140311,2507.607
112392,34582.0
98265,1045.2946
101618,36038.51
20770,39694.992
41398,104483.19
36834,6573.032
69817,21546.744
8083,81601.15
1710,5329.5054
47824,49652.496
120683,31670.117
45020,2408.4224
124442,7168.1196
110836,2501.3533
100118,1921.1292
120901,7608.9146
22626,3185.1616
31352,25102.684
10506,13026.708
22947,23415.652
50809,32425.418
72964,9791.977
6047,149143.47
144226,17454.963
9120,12579.009
122095,30498.703
11425,7024.443
81804,27693.027
102182,36399.637
69928,35786.504
48352,71231.17
132638,14573.261
23582,237749.62
70443,3127.2373
103073,14373.844
39248,575074.44
56905,2814.4568
115016,34992.46
114273,1309.1621
57477,200511.75
30146,8963.395
110560,68037.41
23055,246189.95
86428,6491.045
57998,1952.8169
111187,9741.102
103183,4349.3804
95654,25603.639
9599,10586.441
48486,15105.342
75466,7575.51
105698,47638.375
81889,53633.645
60917,121680.38
43876,1358.083
128339,32650.838
17715,10816.964
54336,4188.8247
36843,4871.5186
20879,11131.593
145304,8210.999
137402,8059.698
87848,38182.45
58023,13780.813
66737,23067.38
32053,10763.372
85578,12421.436
79174,11700.468
28678,6674.1035
99599,4891.191
41001,64325.836
59797,3885.3684
42285,90397.02
117228,40478.51
115330,32995.656
61269,5099.011
58613,50888.414
32988,3831.7656
28139,42715.562
77744,22653.152
21494,3037.1775
34364,42091.047
6591,9147.577
80135,34015.81
98837,73918.805
102507,12130.802
115424,46359.508
96554,29887.014
145697,92032.14
35911,58005.676
83996,5791.619
117503,222074.61
33982,18912.807
79092,59378.305
144251,5795.483
93260,5318.6523
35303,26892.748
82509,23436.594
58995,84816.94
72287,22158.854
18272,8454.88
26521,51354.438
102698,6369.4688
7647,69220.62
124199,4828.0903
49727,14070.557
85561,19278.53
99030,25422.008
129278,23474.7
3456,78904.29
64843,2095.9817
22704,14851.091
60539,12785.728
17137,21955.549
38535,8396.89
15998,4900.316
96043,12319.375
104329,15551.409
88810,16139.541
75006,2920.414
119771,10570.005
92037,13283.847
81716,12838.289
120523,229841.67
59680,94502.74
23814,2559.9358
65247,36530.902
74835,9551.695
127762,58022.25
41392,82540.836
44213,12662.9795
19785,8004.3306
37477,99777.93
126215,24708.309
75145,28683.295
55,16396.041
23263,80429.39
137971,9242.113
71026,17127.14
31690,21201.762
144840,10923.856
64650,34117.973
84892,85468.46
41583,12396.747
1231,936.4492
112784,2386.856
143133,154588.88
26527,5706.433
123950,12012.771
141624,57344.59
117902,52968.848
90396,5450.5967
105007,504907.25
84202,49028.586
41068,5995.2437
65066,8665.278
47917,29133.18
69515,112861.97
68252,37587.098
135882,3762.787
97554,18259.973
143459,35350.156
93743,49460.363
95086,47657.652
7534,86525.586
77907,1916.683
99207,64066.69
70242,9176.042
110373,6903.4717
128585,36153.973
21182,64501.273
130781,211382.31
83317,19327.7
138920,25672.242
55814,21712.336
14553,1121.428
141898,9089.581
140111,96201.4
92842,80341.77
57047,40630.79
40429,3883.255
55179,10824.467
55983,30232.941
20267,42122.453
83430,95852.984
28017,192941.98
123353,60621.414
58365,57635.664
82500,41237.426
122362,13558.18
65045,14771.315
64540,17492.045
108742,32957.715
105354,154850.3
128169,16169.871
12440,48149.05
60803,12145.075
71522,27098.617
129903,26000.852
128344,7156.734
49468,8839.2295
68738,168818.67
121275,26057.58
118680,17252.705
6224,10985.584
112700,6995.471
136212,7795.1816
107613,21174.787
15140,44665.406
100674,28803.092
35612,4953.484
130934,42295.32
141546,241777.69
11167,3341.4607
71515,5660.5947
85286,6402.0615
78880,55247.305
96515,54225.594
74827,1481.7795
20380,2880.5466
7808,95189.44
22022,13317.22
2126,46944.254
126272,15052.366
99865,30923.57
13878,4923.6104
132312,13327.094
87118,30077.697
48272,22749.564
115263,3771.1704
8076,28156.465
77874,23817.357
25874,4763.688
135592,4162.6846
124403,200985.77
149490,9960.513
101973,67943.02
77473,62955.25
128766,41642.45
114840,21364.56
95788,1873.2345
73465,7780.2734
104814,7172.047
51171,3988.8328
94915,14733.685
138706,80261.53
112540,42299.496
22843,8420.886
112671,105330.59
124969,96909.336
121107,40440.863
10438,15270.844
75104,63100.49
51386,52207.152
93660,107576.38
81926,85829.47
124665,62197.2
64320,10112.93
18093,8783.8955
31605,37249.707
143116,5211.88
1244,95277.766
72846,9877.6045
59880,4062.7412
51690,63614.074
116900,77128.12
141680,57782.875
70337,53722.234
95865,166926.92
34107,24317.871
84529,1627.688
80494,193184.25
11865,24480.795
35130,7460.663
117761,63232.582
53733,8222.082
91163,9887.131
87152,26292.004
23618,194029.92
104248,11298.368
116051,31515.338
101232,97588.31
89644,25635.229
81744,24786.648
56090,31723.81
57833,108290.01
20875,19722.098
148815,47612.742
87438,45861.434
67075,161964.45
15189,28129.162
43189,4517.2163
36496,9714.183
135426,168312.44
66277,43332.047
50030,20234.14
149962,17539.953
87457,10378.95
110268,10017.256
149259,10196.349
60111,45858.227
46977,101802.055
30503,38683.797
146357,1292.9314
113621,12519.492
143958,9236.568
17913,8946.027
71081,92567.42
36130,100171.69
86378,6993.4478
48235,50995.03
101785,81929.414
32994,2407.1267
41912,19549.002
20758,3532.5896
46641,1815.5068
97512,4666.1743
75142,4825.258
6089,25826.045
2915,25423.934
112360,11603.68
65103,1099.1145
11936,8201.147
59872,92010.26
68204,32023.242
91407,39054.64
80896,49664.176
58269,61690.652
47142,178122.25
139385,3298.0835
127247,31304.172
143075,27141.973
66645,8175.2236
135237,25719.045
108815,8684.153
146974,9254.594
102367,25285.719
76778,9064.541
141762,101999.34
111947,10159.961
121893,89691.945
46982,30949.752
103610,18365.951
66410,23159.807
34744,7699.536
73342,105360.195
109402,1999.7759
57516,10796.8545
679,28726.303
58360,41679.207
132755,45305.637
88795,17507.129
139593,28211.896
141556,3489.133
116283,4837.6675
10834,7468.22
56429,9555.321
113472,7360.4404
90064,14714.452
134023,24171.469
127334,7179.808
25953,125085.15
121394,19060.486
133354,5475.3755
108001,35820.543
4158,10112.93
57114,35759.55
6240,44508.28
16292,20903.084
144319,42527.06
17661,62649.918
80633,6795.4404
78855,7414.8496
100704,31370.486
71905,22954.979
72971,61058.047
37658,10473.299
76531,51934.555
736,56253.727
44471,55677.82
12953,57865.92
5476,84600.49
147244,963.6405
13496,49815.723
23072,48406.348
86203,64350.934
92342,32649.992
140557,150072.81
20331,14107.271
142283,18480.531
140761,19973.912
124534,84422.02
123238,18473.217
103501,21080.297
18906,4381.1147
143525,46958.535
29804,58776.15
114183,83034.77
77715,33367.72
98639,29093.254
93134,44276.348
45747,58703.7
73442,19267.473
114076,8885.534
47784,76214.34
132576,1943.1859
82228,52593.54
139447,17328.441
72063,30535.582
19584,16053.256
93576,33683.402
50813,6776.5347
82906,92117.44
49039,6029.726
21309,11842.432
145892,11903.264
30155,11578.1875
131614,3055.3987
146011,6295.41
96995,15414.898
35960,49440.13
87355,5936.132
87469,45850.645
149821,6792.042
33324,23509.068
110365,43719.85
133339,22757.562
99470,36952.76
64517,11419.34
29282,37464.793
140350,3954.2996
78138,23494.637
58450,110662.01
60162,13492.257
26154,5471.2056
81989,9608.293
3589,11873.322
24518,11085.927
12293,19811.791
130179,82596.71
77592,4735.723
141676,612.49457
35800,14043.546
141459,2606.4392
8173,10604.278
43326,2175.2358
120279,32332.844
120319,9686.678
14315,49035.965
8292,80329.12
106908,19277.32
137837,20408.062
123350,39129.395
72346,10552.943
12654,8079.209
92691,14466.459
147215,12429.077
20300,10815.496
86862,6552.6685
42339,16790.303
44445,1328.4417
47419,11672.445
136968,3633.9949
76828,81645.32
43599,9840.793
69871,5185.1855
75312,9178.261
29841,9759.718
131127,35025.074
94775,11139.057
1281,34235.074
126052,140492.48
63289,10931.09
119277,16307.249
98001,32692.924
47506,15596.658
68102,5166.6494
149165,11670.574
124803,12136.78
58780,20146.512
62772,6463.857
53644,7316.6445
86460,25851.344
141420,127752.805
61326,50456.24
148191,13307.839
22006,2344.4246
103085,39115.18
15911,8434.443
43364,23527.033
34527,25348.855
147748,60796.18
18914,67882.234
70019,6280.3203
56375,15167.231
40634,2156.8296
60203,11269.308
56179,63710.05
82940,3242.2195
25828,4364.4834
89693,11132.816
133556,105613.02
100368,47959.11
17096,14981.819
111657,5205.562
29098,78593.93
82990,88071.24
40991,21095.322
50578,36124.594
51654,29537.133
31077,106013.57
82742,11339.946
129827,23297.377
145422,12451.496
32912,40972.984
81655,7135.464
33070,17532.543
16559,1926.5638
70224,35160.387
80222,23496.768
49258,6476.9883
38685,42628.477
44261,1618.0247
95424,11909.456
145933,7875.0894
49567,1805.9104
9864,17959.377
42301,3323.4475
145938,9793.825
27767,118926.45
114111,12497.964
56387,173134.73
128116,21060.72
120801,22455.25
24294,42822.523
146353,25280.383
49601,48034.867
50882,10597.859
130911,7950.503
95045,55285.88
129379,7089.2036
22156,38179.42
9962,211420.14
79975,28779.932
102276,27448.793
110058,14540.177
30962,2136.0552
30044,2251.6702
52049,56222.06
128453,18630.684
93797,11485.142
45272,2831.961
13424,21273.18
102677,28258.902
101364,59272.22
34611,19646.848
118016,3891.1357
34173,835.47034
139770,34010.67
65470,5003.7153
101861,9212.731
55525,4549.302
123326,25848.494
23282,13771.88
135679,91856.62
3535,126799.6
71234,5136.444
63636,5857.8237
133195,46626.434
4233,36614.633
111212,16700.752
107858,3561.7788
59321,97763.25
42483,36378.71
126521,96115.59
132580,8730.902
146227,11313.444
62117,7545.462
78913,27792.637
99156,17323.01
107598,2192.4158
82059,68323.19
40156,4378.0938
48360,19101.805
118667,39165.89
30098,6212.909
98492,32612.998
24985,80365.945
94548,20546.111
149231,99770.99
110221,26000.408
42190,41529.855
135607,36829.25
51826,51523.383
49135,2094.396
132641,201395.9
88988,45809.402
139530,80465.61
127060,38224.004
10486,48902.5
78886,25916.32
7806,116667.51
36875,43153.395
59026,10711.886
136396,163518.92
94208,22482.203
74165,80950.945
136903,96953.09
122955,57666.754
133245,13914.065
115908,10668.838
90771,6294.693
34761,4137.429
51460,16977.395
103181,4178.777
132254,38571.695
122131,40015.137
69464,11921.996
107763,80635.13
43807,5328.2163
132368,58745.86
86423,17696.041
106467,16732.283
70297,519625.03
21538,4860.082
95180,21762.598
144899,30719.275
146550,62359.094
4020,20591.852
68604,66739.875
36769,65451.016
46633,15337.561
46416,32329.615
22934,10333.038
15871,21869.178
140417,6364.6206
64849,116542.61
105861,34359.15
70807,11056.943
122442,7715.461
52404,6183.824
7787,25132.83
132795,14584.208
125904,3654.3147
139486,47427.414
145876,10460.533
64558,9789.018
40226,53468.293
126239,94505.71
133223,5899.8315
92246,2412.8083
107863,64074.348
82724,18265.76
3377,16710.283
42052,21868.87
144927,84054.26
83909,42634.8
33536,8826.493
77050,8857.029
84099,127118.85
72200,5196.9434
85963,3580.5635
95760,3246.6318
106040,16139.424
83801,14014.981
45935,10779.73
91727,36897.777
124118,60218.984
43553,20981.326
40415,5402.2324
74217,17719.717
148199,10022.438
54150,6268.7314
113733,18218.271
60654,118338.79
10724,8992.028
34477,14868.026
47582,5571.968
142859,10990.922
58052,61361.215
44528,-158.83522
78157,135664.2
113251,46169.863
73915,5472.8306
93152,7504.962
129860,23613.318
99614,5326.213
12690,7691.0894
15470,2313.6938
62027,10558.394
88386,146736.62
120675,33269.95
38694,17596.676
146726,16055.698
133847,22770.145
77900,4571.2173
115209,42936.473
28013,17420.53
19850,21401.951
114380,10835.239
34202,8210.598
78222,45281.53
45448,4023.059
105287,26602.035
28605,15217.582
24050,22914.986
7801,77820.555
48838,53319.57
108282,23347.76
21114,13966.426
98278,7914.6646
19264,57920.406
121485,20659.45
28428,6918.323
85624,35790.22
126750,26649.025
142827,123850.06
139668,17030.182
30940,3921.6755
78827,22059.398
31994,7484.946
52082,28307.643
108487,197856.02
77118,2329.3542
1185,65066.14
101664,22652.713
124746,101973.61
133066,6306.807
45044,10961.386
116843,2495.5479
23884,6491.572
126550,29039.162
119920,18801.541
61396,224355.95
82626,9026.83
28312,36424.234
149050,15081.556
107275,55492.67
47067,5165.385
29416,53026.074
137923,10586.197
126338,33412.566
112263,194832.94
16107,263099.38
82607,17815.23
102011,78298.03
103381,63987.207
34383,13477.434
119923,143710.58
31941,9457.095
54677,28089.486
31617,85553.9
70327,37431.082
114638,11625.08
8477,4844.6885
132914,16305.821
89859,10195.71
146328,12076.88
26305,10770.405
21417,7740.9775
17830,112424.65
79891,45027.58
30429,46554.113
54606,8458.459
7660,18868.273
147653,88510.14
37916,3238.8826
58434,33973.125
100315,28070.592
32174,54719.76
80189,2640.9846
123069,7437.177
99637,27347.262
65443,36273.324
16770,15626.506
136280,43409.523
79849,77693.0
54816,8593.169
60167,26959.11
117959,148454.7
111688,61861.797
127200,14385.7705
106852,7785.0044
78937,30063.324
107286,40293.88
19455,7428.219
50616,24352.744
50025,4021.0593
54835,6324.699
2604,4486.709
104959,33845.086
100293,10130.711
50069,8250.886
45765,24020.273
33464,16087.995
5010,11358.491
85869,6527.024
25560,39749.883
79972,143504.62
106209,40704.85
27084,34886.93
144423,23097.877
66681,5305.8643
130247,101079.695
145577,6330.7134
36051,16514.852
7786,4596.449
109812,36217.105
146320,68887.914
145356,7786.536
105638,24222.867
104145,14332.853
115677,5266.8354
7820,2475.422
85817,8120.7554
13995,255356.36
115004,46930.516
52790,13951.501
111493,9555.536
85822,20675.818
28425,91070.016
56102,46903.965
35703,60055.23
126262,26908.453
84955,8231.674
33608,54792.023
59785,93501.09
130228,79568.2
71838,70868.14
73764,3975.769
5772,98603.44
74616,21687.36
39274,30908.389
130912,4412.068
32960,25367.516
22291,19289.607
135810,149339.66
28200,13733.855
41405,11654.383
73009,6422.9834
129230,11826.775
139943,25285.5
49944,16939.893
90048,952.68085
79599,7885.6523
10987,4768.477
105300,80358.91
132123,14569.438
31870,32336.287
148871,6060.9053
18201,15487.522
76132,51146.457
6563,7351.604
123615,26273.877
149206,44364.57
121000,139139.0
23904,4244.0405
92002,17395.248
140601,62246.78
3704,42016.754
101671,81444.96
50239,20806.072
31025,54256.96
3750,32858.83
12258,3426.0881
47408,3588.4407
15275,99532.56
30266,4121.1475
15702,13927.561
110061,11475.43
58549,17337.764
104848,37581.33
1051,79623.125
149497,23839.352
117673,26409.502
17957,65138.16
15570,11878.099
91913,26345.812
125280,23855.133
110937,24928.08
56733,24606.791
142072,7088.354
128358,3466.0444
48110,20770.959
40177,12624.579
12024,26838.13
79873,14201.184
35565,4578.325
79755,6560.3926
59126,106876.266
79038,205750.39
105196,138612.89
54895,21210.896
91446,7544.8726
146948,69591.98
100667,100094.34
69003,52236.266
116081,7737.995
57988,17477.576
147629,2352.2747
92031,9904.175
32817,3780.0535
2586,17212.938
142698,14067.49
149959,114028.805
59228,129805.516
32879,7693.25
91803,14747.506
39299,3278.657
112949,17595.506
47437,1341.9858
136742,41677.668
17395,6107.632
103171,6528.6235
24171,65848.086
65800,78912.87
132406,66853.055
114710,7424.837
110261,9297.078
71634,13524.536
55376,3347.5564
146757,272346.3
117055,28069.242
36287,56730.67
118905,1817.6311
126916,14349.742
16735,19222.0
19121,126896.32
129617,12231.115
126041,39620.816
24169,103724.53
5196,30273.363
43146,151286.72
74924,5159.0615
43829,45178.85
28750,24564.852
2401,5468.4634
129324,20727.748
70796,4712.0684
114263,2602.163
14540,7132.235
106604,163035.39
147921,9243.322
20557,2858.18
65142,20586.018
117619,35039.96
124443,16472.805
20039,96471.31
85988,18620.945
119092,106412.53
27152,36006.227
31618,6300.183
71387,18350.072
85087,103232.93
61860,42751.656
115337,4257.9863
77508,5952.1333
100512,11530.922
38098,7637.9956
43313,28454.387
146549,9283.265
79398,52121.84
105047,5551.064
87676,10241.434
144635,72904.86
49658,7252.709
29307,230505.83
59022,15134.973
60760,26709.904
104590,18199.803
97329,1241.1046
129616,55175.082
134440,3733.476
97446,34945.9
15572,21171.605
2579,13399.655
117721,57896.574
4988,92679.34
38708,20788.248
147904,4908.997
79752,193183.27
146170,8376.417
18035,64388.71
143256,3604.7
128740,34492.984
987,51806.434
95564,10320.875
102497,67624.82
119883,164777.06
133305,13144.812
124045,3353.3381
36682,7056.4497
103081,327028.53
124401,78391.72
149851,5043.6025
122120,8094.9185
60896,161416.19
110821,135971.19
31277,16560.01
68750,189276.73
108290,42529.527
125942,26246.256
13548,2952.8208
16674,70352.35
122729,44978.273
32213,51110.68
149361,18993.107
92649,20010.549
70228,4320.7275
2438,13455.032
131970,33714.43
47556,67775.53
143359,21509.203
101899,11215.766
127449,60910.184
91286,8182.5645
43893,64529.887
34436,64791.945
120426,3853.4248
71684,9063.752
112939,23503.79
57594,30844.105
35629,6866.891
137292,5418.872
121931,101001.27
67410,11206.187
127020,4453.6367
122781,4153.5
14894,32401.65
69983,22524.977
36519,11688.65
112543,3350.838
39908,10837.306
127608,24726.236
124693,186181.81
116922,25585.803
77348,63335.883
140834,38839.66
77707,10538.02
52072,25818.215
144825,99772.08
127367,12033.009
142943,12459.168
130714,53469.332
91299,5310.389
141480,2707.112
7483,104457.664
51596,57983.35
117280,48511.203
132327,15713.182
71413,18849.95
136914,19428.344
90558,81838.89
69826,23048.252
8344,3315.8386
115758,12070.577
90496,4200.9507
12801,3233.4258
105882,9003.522
115625,107556.98
133773,107533.34
118527,12515.247
29639,3430.2446
114618,20754.912
111398,5845.168
83269,42963.863
144286,59416.727
104518,15734.652
3037,74668.26
135627,68752.41
45263,9596.146
111453,24889.438
82585,43855.535
145343,13955.31
93424,172612.31
86355,23661.824
45287,14445.75
76268,10465.923
18566,5469.812
64773,17161.096
98155,250094.95
16536,20446.154
36462,2092.1665
28088,6968.398
138611,19655.898
95468,48098.285
10340,114900.95
39305,17333.379
61966,153820.73
50853,11758.153
50876,33794.387
109428,202593.45
29917,13316.662
36591,10368.0625
104726,7726.664
52522,6309.661
119768,24306.537
48735,26852.38
129885,10549.595
112964,48689.03
29658,61285.387
81741,8949.516
144492,36094.01
97505,19833.969
56484,20803.97
142822,18923.09
39077,36709.258
61423,11593.383
46557,22575.934
128977,136431.4
31745,3001.8987
25626,112012.29
90056,28316.494
78550,7512.3003
104630,169796.05
50575,31415.514
26436,114237.11
134369,6550.328
59019,15001.208
141352,10929.394
44769,5393.2144
95058,40094.355
61980,381861.88
1160,89495.36
79081,12123.163
17993,72608.79
21751,115875.66
45411,20765.486
39297,41510.08
91029,81945.52
75626,88895.53
82418,41648.336
36557,40844.383
127441,212538.61
51834,40690.504
74905,53387.527
14112,27437.658
126851,62556.996
116810,43649.684
5206,10300.418
82069,15463.605
4903,13935.406
35630,83205.07
66465,45874.355
100628,23435.066
14417,26575.373
132061,32088.143
119977,9666.994
51769,324269.84
99772,29350.35
5676,1284.6078
81429,19076.635
76023,4288.703
135956,86928.164
30383,51592.555
102778,49688.934
24746,39853.316
76190,57699.72
57654,5449.295
81751,18605.953
13040,2757.6118
83044,10898.767
55787,22916.723
57860,30491.018
13090,43073.6
18080,6023.46
144720,167460.34
127156,9185.242
93304,9761.375
61434,14472.005
98888,3391.5088
125388,10152.709
45834,19771.38
116073,63450.992
147604,35118.426
15755,9623.196
138196,15594.589
80373,2193.5408
59376,6906.4126
5717,120894.08
90734,130777.27
89541,62981.168
28845,468205.3
113700,6553.2197
75024,5071.1523
64090,10251.986
22744,92591.52
6951,5488.1685
11393,5704.2847
133092,50233.168
14070,4461.5493
94285,151688.11
64800,20468.98
63747,2922.6394
96754,28575.055
52443,61006.062
83326,27231.05
32736,4393.756
38491,6006.5854
122527,3603.9785
19446,127198.445
114821,20060.67
123843,25039.227
89227,83815.87
116536,4835.584
81063,54192.035
104074,23061.533
15655,44922.97
12079,32575.33
13516,34063.055
54936,6292.8784
110581,5691.7344
131718,52069.875
111625,14726.701
99774,5091.661
145447,56701.613
116047,50519.117
135033,39441.945
56639,15021.879
67573,19105.377
96930,38808.8
14377,59886.06
102082,111721.15
62814,3738.6267
45879,27414.754
3345,1651.7305
65999,99944.03
135768,110621.484
125923,20689.947
25362,7913.977
127427,1565.7261
149378,72500.6
22484,83322.375
129178,37401.074
75019,7309.3037
144798,8293.149
2700,37480.473
25486,10164.54
125169,22673.389
59276,69514.7
32006,37528.77
120953,20413.004
117622,70306.836
111913,6543.658
72869,1748.6829
100334,14909.233
46554,45649.902
270,23071.662
60762,6937.1387
56608,9227.387
125549,29806.81
59064,26459.99
92442,47256.137
24654,2187.3652
16312,11133.514
144396,43391.508
75233,168976.61
22792,43534.75
64005,98082.25
69001,49825.008
1652,5181.727
16561,57090.72
132707,6481.7285
115295,42662.082
114648,6066.591
3434,33717.844
114047,11496.949
8488,16859.816
17459,49870.785
38159,9683.334
49460,8568.1455
59845,14612.438
127856,18048.406
48613,16950.875
120691,20680.773
83912,11227.372
9809,103136.65
32762,37394.895
20783,28755.814
41340,126419.68
122897,10006.113
3606,65040.68
10424,144290.75
75558,9050.253
142516,1068.0653
61733,75085.03
34519,8874.463
54385,4169.424
97802,83048.71
70258,14016.856
126339,46680.004
49614,16476.05
88601,25205.791
87038,19622.38
48047,45485.32
73839,13747.498
4987,16409.717
115981,55277.758
85137,8678.11
39763,80200.61
94231,6934.063
112467,72783.95
54556,24530.059
123060,17502.982
6170,4084.0393
114449,32819.36
58124,3797.187
105653,25411.55
94559,9250.776
125679,46990.074
17834,50384.72
43849,10729.099
135557,7323.4844
95845,39962.082
26699,31189.379
6066,10011.389
31193,142799.75
145890,102410.125
142039,48560.74
102596,3900.638
42130,35523.703
107262,1589.7384
2128,36904.773
27949,126813.15
2725,81119.27
114044,50884.64
50797,44600.633
44429,9653.666
18700,29147.643
6789,13910.415
137815,10012.244
68197,33168.633
93139,89313.1
148133,71135.25
93447,23115.766
100983,63736.816
90685,11839.142
140659,43225.35
29440,30485.953
105205,5980.704
76067,15589.623
146411,1222.0159
116448,22456.834
112914,69075.58
61614,10256.78
76780,19077.6
110063,53016.266
4043,61331.715
76477,29754.396
32610,7925.9346
117491,5668.8623
104177,275.93927
50302,31718.145
72116,69323.47
67120,58298.69
102652,18607.082
142483,5768.5356
143247,115814.25
105679,13415.956
46754,110350.336
121020,20840.936
91508,3970.8962
91639,4795.5747
63644,20639.848
62202,47468.89
27372,63362.94
13341,17019.273
65421,83524.85
126322,15328.464
78193,32344.822
26412,29522.125
70610,8039.291
130795,20689.098
81934,28815.242
64721,14418.889
106910,3033.4087
109225,9948.017
111740,76034.15
1806,9415.182
16893,55881.957
51067,44138.324
149774,51672.82
20996,24475.168
41020,9580.3545
41537,79119.52
68734,80147.766
118396,13384.529
129574,8010.656
115525,43133.594
132292,7655.102
17016,62590.035
1875,201326.64
57870,7003.8066
135298,22726.23
122161,14288.713
60971,40743.05
135577,42036.76
79017,35963.918
93629,18549.447
117237,12226.882
137170,37982.31
66735,190479.0
39528,6165.4253
61043,14184.278
95926,15990.694
65638,32640.857
104548,42047.285
113925,70036.586
63401,136728.61
82088,46228.656
141771,21353.742
95153,340385.34
134539,11515.076
89484,84149.47
110321,1378.3306
40000,8042.527
120254,9091.607
30450,31853.438
103736,12439.572
14450,14622.45
33198,195558.58
133844,10913.105
18748,79955.266
72161,30249.701
90540,19979.398
40531,21437.164
10561,146515.16
94710,14593.984
61462,30650.875
145289,28998.865
18019,30964.44
10167,36888.418
93598,4082.9749
18332,3769.3813
82752,25664.588
146399,5081.1343
43521,82073.34
27881,98517.46
90611,29014.951
18577,7753.914
11486,13984.946
145974,167725.17
4024,1017.92535
121737,6580.188
111607,2480.1663
129920,2804.916
30953,66205.11
52518,94037.57
33402,24561.592
81733,25612.717
117248,135939.9
85786,50028.78
131265,95950.3
29102,116451.66
119952,4954.9653
136501,70470.54
26701,86034.31
132191,85639.99
83198,72019.95
84163,34096.832
85082,20473.828
135469,101781.03
68463,15350.967
49295,27089.469
99248,19348.393
70803,22239.213
50201,1073.1075
85689,14798.366
46425,31763.596
128454,26247.525
136667,24883.092
70663,20943.303
50022,26533.914
78271,12322.652
21886,15192.82
45540,32859.383
76980,2318.0437
139433,35970.996
136881,3478.2346
124724,100597.03
35242,46040.08
30496,74552.625
95521,93636.15
43838,12447.608
770,23463.85
108134,8804.5205
95375,1802.1445
3230,59125.457
86699,5542.3037
36029,6256.9004
55486,36076.242
132803,2079.828
24638,108845.08
4694,6540.6875
15222,124891.89
84733,15895.363
117933,69092.6
71271,9981.713
112412,7553.0024
61237,14498.183
33371,96123.91
90492,102642.2
81939,57798.117
46470,110636.77
43150,23839.527
110070,1524.3148
97630,14243.634
39290,14357.813
111008,63003.152
102999,5922.557
135685,15798.586
94373,37131.824
47575,48745.62
123966,10609.362
113950,64186.63
42539,5836.1855
129318,78398.11
71066,109860.55
46737,17793.482
32957,98715.836
93874,21542.227
85262,10701.596
84907,35467.785
22293,14066.457
149031,12926.823
142274,1615.7
73936,60211.617
147551,22138.963
52036,70156.21
104527,164462.11
29320,43750.81
140045,49761.21
40594,22206.979
147850,7184.0684
80939,6266.864
149228,90760.53
88543,136409.25
50459,50809.004
90478,29094.771
27997,9190.242
70037,15261.463
586,11527.191
63422,94224.85
121944,40980.652
61082,47289.625
82041,66565.9
88512,53199.383
120112,41201.7
144145,111696.086
91996,12941.594
89486,15169.924
24769,21943.916
37852,15941.303
61646,16526.246
102294,9287.304
76757,24769.371
19478,10106.966
76645,1897.3518
115460,7715.069
55402,71177.2
120046,7433.7837
34154,15067.925
27952,865.1052
88042,1571.0
69546,6212.408
47488,25780.676
87474,53562.535
73470,41952.285
129213,5233.7817
57039,57946.715
21652,24236.92
133301,25078.629
62471,31129.906
85398,4918.2983
110653,16208.225
66406,61844.375
114182,3969.8594
32633,47211.65
119287,18671.396
121525,56165.99
41687,9317.522
103907,191347.72
69184,4398.4287
14345,91917.164
52899,153530.61
104806,22107.281
80673,35891.973
38087,2435.7292
114483,1473.9348
129803,13348.145
58424,179367.22
144231,17070.994
18460,7637.179
62352,156076.52
91922,34013.137
63803,140212.75
106705,18818.457
133032,3664.8943
111682,9310.855
110487,16253.791
43592,2259.2075
37793,18585.71
107195,29916.732
88806,46465.914
35962,51495.523
70410,15272.493
98986,6483.62
119753,33964.305
143087,59363.02
128220,7898.309
96636,36227.3
127975,45098.06
88787,29627.55
55239,80965.83
145003,26505.594
57190,5910.518
48514,23802.56
148421,94756.58
57395,34019.56
32109,11953.923
135082,47678.125
103468,39568.46
73375,47449.504
47707,43353.363
60658,1499.7524
47432,6163.693
37779,15978.38
117068,3799.695
99336,33723.2
47617,4625.1855
14958,7251.5244
55820,5000.6274
4952,13438.801
113478,72128.33
127558,7412.667
7846,34335.344
49013,118174.36
21195,33910.86
73923,20652.621
102293,17823.816
54957,13311.187
47395,1673.662
27246,125116.21
48771,5166.6953
146902,36677.156
37473,23251.945
3346,33985.992
36879,3152.378
74342,63261.89
141539,40526.867
60953,39824.21
140186,7330.6836
108710,16784.852
59802,101335.74
25110,29633.584
78837,10011.81
6752,5828.6377
30129,25073.06
23212,27534.748
86364,100214.74
26197,48386.07
110607,25512.26
30571,79084.164
91628,38878.496
119669,81435.16
104634,68217.46
136950,5813.9194
50405,5726.3496
90604,57108.566
23268,27204.998
90947,62014.223
96194,3933.9692
20968,12489.206
114352,6233.0703
101395,23820.969
13768,22012.596
78572,1537.7971
123281,26023.229
133815,3717.061
17769,5122.1216
14011,22344.49
112852,39684.1
76915,6477.9927
53510,4949.4243
147390,13496.017
482,24450.234
1373,2042.1364
60378,10137.869
22659,68609.37
24303,18474.865
65618,22621.396
106606,16683.61
25500,14485.487
32377,5288.271
124627,31041.236
2418,77461.18
49837,4768.8125
53695,3354.0015
108913,51033.156
93258,11031.269
33532,106996.09
83244,5075.507
6516,5763.347
36214,101964.96
31383,21776.736
131820,114863.15
72071,6477.66
123886,51644.875
102343,26885.295
93135,42268.79
107070,51551.414
65637,43161.555
40454,3459.714
125648,13004.808
103406,2396.613
63790,20889.049
42544,35545.203
6682,9698.938
43791,20178.854
85062,136165.81
41562,97842.05
109112,21081.318
107577,9154.845
16719,4825.898
68274,5165.341
60617,58363.62
33911,7124.457
115234,6922.1406
28688,3475.8708
45036,16721.645
35115,88264.11
108795,18569.316
43847,10619.861
130844,36015.18
103509,135901.28
131864,22223.387
138221,106299.125
142259,2110.0251
681,12068.066
144954,5387.2695
30329,29700.477
7033,13528.019
2131,2019.3945
63542,2440.9534
93918,29671.404
5608,3306.6516
105646,3927.407
57007,16848.271
136230,2484.127
67162,9042.361
44431,31606.256
53334,14810.568
118832,18287.793
146404,36849.016
49867,51107.746
19481,22539.21
113817,53469.68
7659,54282.82
47849,268836.78
113714,5368.705
85570,34472.906
6829,53160.055
142815,18750.314
148583,11477.071
109369,18836.967
73986,24927.945
45986,13005.41
70930,72251.29
144640,22401.291
82314,169982.81
132371,7998.42
82893,3383.0464
8632,96198.72
118727,240287.66
81509,5732.6094
57779,33993.492
11441,134194.45
24469,10425.398
124008,119210.07
66402,39071.723
106793,54209.133
91416,13729.853
130722,51737.938
44899,9995.603
110932,11242.089
22995,118791.9
139714,13634.683
16918,61190.664
33868,33616.465
65594,56647.16
46659,12723.21
62821,40322.816
133566,6922.0254
66180,90241.12
77821,34283.586
34521,33174.766
96503,61558.402
109893,26416.506
84271,40649.89
96701,2996.4082
105472,67931.14
26610,9359.351
11854,14415.16
119240,61964.58
111557,7543.122
41956,54980.87
114409,4585.9014
101755,34337.26
60964,18458.422
65451,4639.954
30591,38127.344
96018,148046.47
147214,8722.645
63381,7453.857
143072,4056.586
128301,11635.9795
1645,131657.23
57940,58596.133
60019,26536.035
62825,100294.375
147685,40864.953
128192,74912.57
39099,55156.348
142165,17068.06
44653,35714.81
56892,4267.3335
29286,4482.292
138553,2002.3619
66354,38471.26
66299,32195.832
131562,166720.12
69965,18320.52
78383,156192.14
90642,17006.139
106038,13660.172
37970,4280.009
33556,19614.588
53617,10996.882
107209,9990.082
149540,27265.486
54898,2871.7617
142181,87636.96
71642,5395.4326
127678,6565.163
25184,11619.551
30694,3076.567
91802,90587.35
121044,11789.79
21765,57175.715
65527,62287.484
50381,25529.45
34273,216118.69
58616,49145.484
19137,8496.154
99889,38740.984
1352,28442.457
94812,148510.95
28218,27539.543
52347,19920.18
41685,17480.346
97550,31156.492
1953,88135.61
121578,3582.33
130701,11186.019
73746,47326.04
73783,144895.86
65567,12990.02
128043,16544.11
3950,13610.158
117640,92295.97
63278,41307.527
129294,86132.016
39814,32632.84
43696,48398.582
20650,3874.9224
29246,5561.9014
12533,43823.61
122904,11889.062
6676,56116.023
23575,11895.205
69407,12758.697
101172,39374.746
112769,14067.927
18497,7766.8843
142641,6395.098
57038,6175.9478
133058,6027.003
22200,65280.516
127508,10800.301
73668,52030.13
128527,6251.0117
106294,31236.252
96254,7438.9673
18345,7782.8228
20472,27031.842
9251,31943.852
30326,26834.459
141386,22658.83
9209,26023.518
85711,91470.1
73716,39359.008
65855,18143.475
24084,13022.123
30167,11124.932
22223,87278.26
68206,30913.754
44360,2256.525
146356,139063.12
63529,16464.143
48423,42564.035
99952,6418.782
84500,9022.602
11264,25311.828
732,55241.14
16681,52888.1
42146,31091.736
46915,22932.102
90650,95551.16
62087,5164.041
39919,24787.273
31889,7752.498
110075,16254.331
44159,3281.1023
147675,9338.538
127983,18150.475
136954,69122.31
87576,18669.982
833,15367.98
148166,885.3058
95324,2837.2822
10785,48287.18
80801,166221.67
143972,2556.3127
16788,11402.353
56972,70238.52
91461,9093.288
83374,1666.0043
136540,8740.001
144938,44326.797
130600,12344.581
15633,11034.603
21859,89917.56
106226,3342.3857
22121,48907.95
117633,33221.426
6083,161744.17
65119,3094.8914
89135,2670.221
106409,109869.29
39057,5018.858
39084,15018.718
43668,10176.247
6873,5901.124
113484,85392.33
71005,9958.798
51504,32436.164
55001,13507.224
90369,15776.078
148319,34012.594
2573,11348.366
66992,9466.127
28129,23445.637
127687,16915.049
61225,10793.074
54795,211438.52
101201,33397.598
4650,72604.95
64390,17893.219
120902,25631.68
85533,59347.805
126646,2932.477
38129,125325.2
17052,241034.34
13959,43174.14
50960,32441.74
60314,212792.23
121359,21012.123
106144,14394.035
15036,29455.557
100810,106178.234
105417,50498.098
29770,39821.15
48394,3300.2239
22720,3860.8735
129660,3925.9094
128907,10133.584
104631,14596.002
54382,53145.594
114290,10267.551
12185,41426.99
21257,223671.88
105772,7309.7793
120114,139970.02
32279,13861.872
131055,53849.56
88950,2512.6965
40877,441146.34
116767,53918.67
74602,69464.92
2225,36027.344
75011,11813.171
77205,4253.7715
1589,14056.142
66347,17050.12
3637,36437.477
58744,31469.332
53082,28552.172
79089,7229.7266
58234,11202.265
64253,181459.73
40592,39019.027
109864,39415.848
104761,26130.297
130814,13629.855
66527,23902.568
27045,131837.7
78406,50463.02
67698,99819.98
49540,32849.215
121053,22918.336
66038,34065.125
1803,30687.02
119493,19018.848
31981,4473.2495
42595,97332.39
127387,183360.05
60580,30347.32
56080,100629.445
9467,73825.39
116019,25652.064
124583,26479.734
62695,1800.7128
85754,146138.83
45693,21252.264
24252,13458.509
141914,28505.059
4977,68335.93
16951,15662.275
106525,91698.87
95139,48518.703
24326,31898.693
117067,16032.006
110507,43083.758
44149,77950.55
43747,26158.85
137289,20529.578
134441,9725.876
103670,24865.021
105284,57295.598
80300,24117.896
100863,12132.245
2448,101282.83
22825,10101.029
146361,34279.023
106982,62226.703
128544,47951.19
147179,35088.55
145212,30437.594
91476,87684.836
136333,4812.186
47530,17380.756
93879,32221.785
71956,14093.097
37572,19229.803
71414,4181.3916
39520,60474.035
73163,60919.297
45578,6672.2285
48655,16311.126
95697,27222.867
33258,25466.803
51245,12495.149
105935,33483.508
131412,161088.62
65216,10770.397
104648,8025.853
141854,10415.235
119147,33216.137
122700,15252.9795
40362,7415.651
106206,73652.06
145231,10420.959
119160,7768.3623
30282,30379.598
98926,208885.92
71987,50673.41
11826,19316.46
104854,6995.7554
100734,11258.887
98733,85473.93
127932,102398.734
76801,9748.684
40374,47695.7
110015,18286.297
107679,37956.305
25969,20190.314
85280,8801.662
68521,10298.625
38232,33271.086
99189,129790.67
103466,19790.023
132023,20672.908
142970,4087.3037
64585,46890.555
23614,10952.196
124269,14604.606
83210,10529.236
39860,174714.05
95352,27385.682
147327,52078.348
111382,84574.984
91986,1504.4479
40495,14999.066
134116,13890.434
11018,-368.4576
60848,2735.842
55007,6350.2837
125128,53813.86
33665,89100.27
54273,33598.652
78368,36846.957
135604,63882.316
119573,17105.264
105765,20503.957
43412,37503.266
123922,24741.127
47607,21724.842
100612,12235.999
99559,65496.207
76638,78101.71
123131,189986.5
3673,6419.808
146734,3979.9763
21445,132159.64
142168,7273.5986
147377,6416.7783
68010,6268.0757
27133,13810.405
3832,104582.11
9471,167157.94
100846,6061.4907
21092,82995.484
14963,26388.578
27573,3973.8638
82482,70196.01
52201,6131.124
108971,24510.21
49322,102273.72
114985,46542.957
129397,32305.969
78036,5355.552
67438,19688.828
20927,10256.825
105022,3538.2957
71315,1321.6772
113294,4472.461
91542,22052.936
149242,11183.603
30975,18818.035
44319,54948.258
132498,5875.526
124156,41480.14
138042,14167.062
9147,106840.82
146548,140812.34
57507,8536.435
42333,6158.3125
25733,11871.414
148389,28398.22
45857,12325.889
71445,18992.572
92545,98839.63
125997,20577.654
16862,5202.397
112141,13660.287
52137,29273.012
103234,82151.85
98845,13288.369
13083,23735.031
18584,70989.99
15004,8601.769
5397,93454.55
137391,57033.305
62756,6328.44
6542,6024.374
96806,15643.824
126037,16624.105
51553,8994.132
148696,9973.86
81371,59734.41
45993,79419.86
17767,104637.01
84323,101386.42
139171,29177.984
56464,5435.9746
125229,73549.27
111156,9844.953
95870,31864.322
116715,5271.3657
35719,88291.49
10225,102389.38
26397,17538.746
43327,19026.42
43968,137162.7
52670,2898.243
49815,40160.715
86100,38342.273
11509,2719.7854
103549,31568.111
13944,16176.933
102398,148126.06
144210,3435.3132
44293,20231.033
31939,7016.012
148961,3701.4255
51288,22719.262
133739,12046.344
61186,23887.47
6577,20495.428
99339,26345.75
72126,9464.27
19722,4261.851
17141,27359.625
55163,12908.778
4359,13400.921
73047,28391.537
130199,164271.98
5267,36445.297
10025,179279.34
110546,15939.256
100519,9041.755
111176,18764.643
131519,17329.496
56247,4732.308
74757,12195.084
107335,85178.82
130,23366.105
93254,50920.785
99723,2406.7017
40128,60808.766
100158,40469.805
148161,52472.848
117702,2482.143
115419,5811.215
9878,6822.207
123676,5212.1743
28667,8632.868
81435,3056.5488
134044,29622.244
106766,17001.768
99632,44769.53
118791,45593.543
20669,32610.527
80491,4776.1655
38454,8063.938
96557,29440.39
130345,4301.574
48096,221416.05
65487,7437.1846
128479,40692.402
21418,63410.547
46199,26129.342
66152,86860.18
90403,18583.635
60458,60787.3
104683,15426.625
26930,3924.4827
105341,84154.1
80061,35740.26
97633,67584.27
86432,4705.16
13656,8837.617
98350,11508.748
120516,12922.824
141741,6804.7603
61074,16420.723
125633,6197.0015
101070,21563.453
68687,7451.2515
140190,6456.0605
36751,32982.13
76394,11540.711
103024,40094.594
8301,26385.828
59840,17826.137
52008,5760.771
19592,12005.503
115997,170245.27
25746,15785.562
123154,12877.802
57894,5414.6562
98015,39858.008
69032,144324.28
56083,18964.865
146107,9529.12
133834,72046.46
46141,21478.338
108305,66510.07
48684,25058.479
6625,26735.805
74343,863.22034
70638,4184.7827
118145,148482.77
68405,97731.11
147883,19370.197
127880,13100.445
87882,16817.557
18287,7640.6626
46508,144938.14
118828,138996.45
71405,100660.35
42590,15378.16
52104,1515.5876
123328,156075.22
55710,13869.419
99916,3040.2092
79811,52214.977
113649,12396.747
8692,9550.13
83717,6490.5137
13552,33349.63
4636,95433.96
90978,70486.94
23023,94765.09
102278,7431.199
60051,43809.348
145689,15469.594
130450,17860.62
92347,17900.795
97539,13606.591
81083,8569.406
38505,19189.756
45896,1458.2281
143961,6017.7666
149538,87428.4
13949,97166.98
3753,40188.36
120920,120393.53
123738,13778.814
104370,23006.963
90598,47603.99
28061,61354.625
136434,1530.6912
51054,49339.465
135430,17551.588
85300,6036.334
116324,2410.565
69709,3792.5645
108324,10179.699
113081,3085.9685
147083,39156.836
45890,41408.094
25523,164841.66
15564,63717.484
86631,106595.44
111777,32513.281
105564,20419.799
78249,44653.223
60667,3673.7986
61158,4391.967
36711,10958.688
29450,33692.496
25462,8616.94
49227,63375.93
79322,7288.6597
22924,51178.418
63998,7870.2544
56984,1749.4691
147496,24909.777
112267,10187.271
26347,13990.327
133389,17788.67
147575,5252.674
46401,1726.5894
65748,14270.568
97583,238745.89
66338,28023.705
29775,4122.7407
76631,20542.443
94482,37672.74
136730,19137.193
9486,50940.848
110765,52322.32
83615,50323.582
42550,197049.94
93765,29595.326
98887,17098.25
99710,72617.02
11349,28507.61
78812,20132.184
103326,22607.889
137103,5612.6646
96816,8233.099
145601,54921.06
7225,38975.523
60877,12313.905
118230,109055.664
55307,69129.78
84001,143862.55
7726,16237.345
130422,25360.309
137482,6300.271
111888,109322.75
133474,122952.0
149865,17021.057
101604,65564.664
115003,33585.83
126383,4201.64
122638,69394.4
91874,28324.111
57208,51727.438
76495,54282.96
50366,45681.63
85314,4151.4043
115700,75040.9
112869,6177.007
19745,33741.74
30078,1507.8448
97468,77371.586
58952,25616.713
21188,18053.959
20196,24778.27
63847,3318.2961
114359,6836.3247
87843,78631.63
60755,9169.197
95994,191266.55
56674,17022.15
61019,141258.3
33089,23628.645
7794,18010.508
121278,3275.7693
77906,59950.895
86704,9680.148
5638,24234.014
60309,37236.793
21900,49573.227
58917,3817.4458
88470,17263.979
19389,162931.08
87649,16581.283
105150,117428.01
146233,54984.33
74419,40051.918
53198,36179.477
6366,9843.227
9719,59993.246
59156,11333.966
141127,7886.916
36521,1465.413
7863,16843.838
80722,10299.685
75940,9762.95
107680,3297.7942
2722,21230.883
137432,6555.9507
114428,23559.707
32386,17947.885
7467,1794.9424
72432,21567.092
18975,10091.213
121438,981.5841
105634,6864.0933
92935,138444.08
8397,64955.406
23574,5948.9834
136838,6065.9883
9449,2158.2249
110419,2133.544
37322,27604.87
55251,55275.86
25445,169445.52
66847,35106.945
104570,8988.612
56022,16278.287
77031,6401.5063
64789,40769.547
23077,66924.945
100231,5609.2935
32364,66156.03
117966,13261.647
108800,43248.367
9587,90297.83
95823,17473.568
957,5379.7163
146706,64147.023
132828,36170.4
81378,78795.94
90944,44093.66
82070,1827.0817
136139,87733.16
12595,13326.649
40173,9355.791
145953,73131.625
139510,3622.233
99469,93650.54
45982,73630.664
76171,18085.691
136351,3603.6511
73666,172063.97
21091,28422.732
36459,16875.764
105729,10815.453
15260,17452.545
54219,2665.3376
102591,98033.35
127670,11829.132
18070,11857.851
145048,7512.1787
106771,9978.897
145996,87859.805
121184,137689.95
5704,88537.9
51066,46403.45
17479,13613.001
81671,77109.46
36166,2091.4683
29799,77688.73
132231,55125.242
55162,49148.266
129526,40923.504
138482,103355.484
122321,4219.147
43983,4189.155
50207,10611.678
123152,12405.775
87282,9753.18
45318,24823.682
55080,47810.418
56965,23279.117
40307,11731.941
96424,5391.3276
99028,9103.877
30059,49542.453
126275,41104.723
11541,2266.4094
103634,51277.344
141006,64376.188
118106,59854.7
111704,77726.51
53176,79821.625
107053,105352.2
51182,4379.409
98621,7401.6367
123755,63599.64
65429,99819.12
8108,4576.1025
73266,29230.986
134761,21902.533
140852,65632.15
15482,74734.945
69758,11013.342
121917,9610.14
79392,4640.1685
142329,10431.666
26484,20800.527
31826,117819.766
19333,27310.1
50559,5057.941
90782,8835.386
131778,28922.076
38424,101721.83
20958,140395.53
133994,33764.633
130204,56063.074
116215,33125.3
7233,5362.1772
65366,7173.6255
41029,34072.05
78592,33919.62
28956,65645.74
149693,23319.104
125437,95080.14
43143,2200.3682
33971,94928.77
130393,13530.645
119985,12506.303
57457,62387.035
107037,96221.89
82859,4762.5776
70669,84099.766
103621,33991.23
9264,144845.31
71600,3646.932
68562,57644.777
19062,22344.752
104542,1973.5188
134553,45166.98
27154,7981.12
64160,34598.54
29218,369337.03
105910,8540.959
70736,6296.9478
137900,4005.1096
70623,4965.8057
117287,77166.67
36597,5794.5103
5289,44711.38
17891,97770.85
26882,4967.7695
9477,1822.2384
89381,8987.041
15332,4040.7
11902,53229.14
94477,21861.527
33790,28036.1
82939,61052.074
116789,13904.252
11136,9386.652
11896,18156.717
68322,88167.24
56786,56027.895
21189,3133.4443
59850,15497.711
101247,143872.84
144095,5195.3154
37571,9514.826
13836,20902.371
40656,124601.69
18002,3779.1025
127675,26091.596
33118,10195.442
85985,38366.44
127568,16627.45
57204,25659.188
102128,3571.998
118540,47220.508
99729,11394.422
60237,3346.4302
67466,140331.62
26937,45609.2
72774,4607.286
56424,8805.645
131165,37949.785
100802,13398.004
52473,35740.812
36338,27005.758
79063,90359.3
148281,20262.213
31869,2171.9375
136650,11487.341
141688,19481.482
3601,64785.266
45341,11356.302
86854,31091.7
41059,184034.47
34830,159708.62
83392,13413.312
15744,42943.656
141461,30733.941
149014,11378.564
134300,40084.082
110770,21755.053
66971,19879.791
133520,18885.824
97535,15537.805
40568,38102.855
134611,38854.492
30381,40667.883
94875,7982.7163
15533,16654.816
91328,4302.9717
11877,1324.2164
118253,83176.65
129003,15971.909
106579,3573.6633
12573,3562.6836
110601,24635.441
147230,40385.363
138116,1750.1589
111622,36797.457
16554,14636.912
70612,2465.2195
91839,10484.612
11152,174544.3
148334,8970.461
13391,13754.561
102401,11298.33
53190,15247.726
9392,20751.088
128765,85309.65
126729,28703.66
142320,16174.533
110057,45428.9
56903,1987.9252
139419,10860.64
111012,11125.719
18837,62594.074
117205,6530.4263
1514,26735.545
84655,337.71533
35167,337308.8
118590,5162.6377
12270,6522.571
139511,13549.467
29647,15476.033
115075,5867.989
101849,14507.663
142467,19779.977
101515,11304.289
83700,61413.113
123780,68485.29
76565,5188.838
113024,72039.54
67819,28304.275
67878,26815.807
3496,18871.21
116660,3992.9624
92449,3423.9702
134841,44168.996
117723,5648.323
133144,62068.88
116030,18107.691
96644,26037.479
10726,38765.64
39328,42855.246
96409,6712.526
109945,20136.41
133027,58898.57
121128,9915.672
143907,36220.254
135476,8952.407
38945,229980.86
31276,28711.773
19445,7895.146
13535,29908.418
76946,83041.3
53107,24685.693
24400,9060.078
137746,6326.4526
146825,82923.48
2905,6937.4434
87814,5725.9976
143901,6776.452
100640,5674.2617
59316,36114.176
94595,4601.7314
16187,24818.438
25995,10719.29
69964,69795.65
126286,11027.907
76839,4461.1377
120903,75145.39
80094,6281.5923
11708,44637.652
34232,14479.856
93848,3961.5725
148868,10326.501
16391,30020.0
94658,21407.416
84396,5581.1333
57548,213742.9
128737,178114.34
77538,4523.9727
123546,95213.734
68434,18886.344
66312,17060.344
42222,9299.774
16496,66217.4
5236,77899.03
28617,3008.469
17630,1253.5527
34711,9877.594
912,25560.498
146838,13570.372
69557,36712.395
50326,1466.7101
68594,27932.787
75706,4806.785
146662,54586.953
73589,11776.787
97066,75754.24
90679,39443.047
29064,12914.683
18620,12927.109
115618,16375.628
25280,33912.125
118042,29286.266
94225,18713.281
375,2278.2385
44887,5557.2617
92365,8195.838
86919,19809.225
62972,18459.336
72252,6167.2466
114820,3254.4248
63474,69109.14
54468,9652.485
130006,21478.373
143522,23321.95
54291,5062.4946
86887,68953.35
36069,62458.04
45758,169294.0
93060,13669.343
12170,72238.49
138739,41350.25
90020,13502.204
66547,18801.541
104859,12252.178
72176,28012.932
122418,30720.768
67067,32619.482
126705,11450.095
111917,10815.753
75249,7048.3975
12516,47814.387
111499,24955.008
1613,12169.662
11709,8078.982
62109,75936.3
50218,83706.32
49611,10490.504
123402,17200.998
120865,10298.014
18777,29411.346
63626,21525.494
115666,66720.27
87115,9804.367
92324,3019.1555
67836,46408.4
145472,43477.14
82601,42817.7
120294,65093.145
69416,23968.406
63569,33458.5
83113,11634.203
136745,9869.681
126311,1382.8925
33285,2861.1597
143770,76689.51
53766,72785.875
82556,3858.1963
127533,59722.805
57044,6332.891
66908,74281.69
68746,17116.857
115281,64340.574
100691,101321.85
18193,40301.87
143479,50983.906
61656,8123.0376
8164,80135.13
127339,14152.155
89566,33590.31
12167,33410.55
28071,1498.7988
146820,12981.236
126591,25809.361
88228,3847.7827
72233,13465.789
47663,5121.8374
118740,54908.23
3332,50257.137
127421,7820.927
119166,8649.343
42622,16657.29
141530,250449.48
149522,81301.086
117370,29488.604
136044,5866.5166
92421,12119.741
52765,9025.865
46995,30321.77
63193,9492.619
91313,51827.258
48458,20818.686
60370,37769.35
133681,15275.629
133338,20182.002
123495,5162.15
145388,70439.29
82828,86316.87
86890,4943.3364
54061,84778.09
55537,47362.23
68105,3679.1472
105134,7007.321
52822,78182.836
142349,9382.616
135962,5688.8647
26898,15864.9795
129301,58077.54
10476,27492.455
134309,118652.21
141953,4369.485
111343,111434.4
99492,5778.5635
61800,108626.516
47481,6142.7773
2317,9787.286
56638,4106.4585
111583,5028.892
75794,5397.996
29359,10292.577
148655,25386.781
92922,9798.616
139283,30672.23
112679,6404.703
40678,22787.645
46203,17734.88
135256,95017.61
16832,15368.17
133315,56584.863
117796,40369.285
1966,55076.574
132140,50369.566
139978,35038.438
36666,8020.048
130302,28843.125
119087,62672.61
28049,12046.284
41249,49797.316
27113,86397.445
58552,177999.27
32753,24242.723
99539,8975.402
70672,29718.844
110699,32174.58
66590,186505.72
112648,52197.695
141064,118096.48
149291,5115.9316
99123,6213.2603
7486,40172.71
34557,22083.352
26279,103815.086
148440,19361.871
47912,82619.28
131618,12231.484
7394,7008.191
38523,5781.9595
76384,31772.75
99634,12691.665
97324,7473.593
106631,29662.729
110825,134307.62
67316,4344.477
91875,6425.564
119983,415375.8
127515,222024.12
1340,9857.83
143280,114085.74
135616,17185.152
86752,4642.479
70215,2715.6047
87655,20408.58
123211,15527.927
41866,10421.726
67280,12720.952
47121,8513.34
96584,86193.97
31067,108551.984
109176,12458.452
90733,5402.8604
453,144751.42
70630,30649.0
111240,20328.98
79152,10981.166
58123,41731.82
129943,15093.669
57545,15392.813
63695,23980.908
79966,7441.005
20568,6089.7573
72032,45145.047
717,29988.969
129152,6908.8843
34787,42659.5
89046,8217.777
99369,53883.17
72632,32423.295
82622,18641.162
95082,9884.509
38692,35429.83
101532,47892.37
1793,68250.42
72845,25883.986
32241,74565.13
111993,17671.328
133634,33089.68
68098,102354.46
35532,39812.258
96634,9235.455
118697,1186.715
98405,9041.113
140945,28903.537
80566,37774.55
88086,2634.439
30311,79829.26
143635,4434.6016
123931,40055.184
64049,2281.1274
137137,8935.323
96353,33340.387
75733,37163.645
119672,27809.764
90926,2468.1367
9526,30603.588
64917,1538.3691
37255,12102.57
41188,13327.44
92027,22290.926
135712,8172.3857
94598,25653.883
84400,190161.73
131740,17046.115
105758,11881.868
4069,5523.458
51297,7127.55
135966,19445.398
105602,180073.14
39702,49464.83
110256,24262.016
141673,21577.521
7002,18295.096
107992,82293.19
16666,27545.58
37841,5354.2896
33147,40984.824
92345,72097.45
130777,67126.19
122320,25053.424
74124,9410.964
3442,6557.3374
132921,44429.133
118813,6833.8374
60835,1618.254
40491,3591.0283
79043,2917.3086
73174,9238.285
83160,69769.516
60714,4794.66
92611,56341.73
40230,28409.473
49975,24263.69
50084,13479.915
88431,41494.293
92085,60260.965
2792,7981.4365
88435,76366.414
66466,110817.58
53460,12797.549
144281,28446.965
129244,95599.61
92292,45519.258
125769,53068.25
107795,24788.488
57639,34318.883
22415,8864.583
128511,21688.174
121500,839.19867
83259,26248.068
2032,149730.92
115121,17323.29
83501,30025.068
120402,3730.5652
91537,6614.57
66530,43013.68
112070,37920.793
55372,12420.913
113346,133280.7
65662,26728.426
121396,15156.721
17948,86665.875
114519,20004.205
47812,13404.6875
100239,11910.706
144698,4095.9084
112829,96344.7
23457,113194.44
34330,157767.08
148635,30270.639
15295,30680.127
55694,6227.594
111997,5821.755
148806,58498.324
46730,126973.93
94083,4774.8467
27085,16410.246
10528,4588.8286
52754,64068.887
57887,65775.15
84430,18923.697
37973,33958.59
42835,15077.131
117358,3472.928
53664,157173.73
80860,23574.324
137183,78291.664
126069,8240.72
97161,19711.658
21121,19477.28
123094,82802.086
80990,22994.555
119227,102998.86
64488,169482.92
64975,23501.586
147908,116288.8
135595,43045.98
110359,10137.049
76273,16945.512
45839,108033.19
73189,75506.13
91778,48654.613
94341,3651.1306
115942,2494.864
112793,130973.41
10034,55992.17
124780,6549.128
26880,2151.3071
16971,1332.5458
18411,6461.0586
149807,6127.713
33294,3596.8313
132490,3108.5483
101068,46270.76
57194,84682.68
30979,4899.3267
62846,31750.09
57424,37765.59
94031,25616.08
10363,37162.965
96255,44214.594
120885,4284.5386
116802,21267.44
125558,12188.031
79628,9620.319
136569,17893.428
94354,4542.9897
33100,17955.305
130411,207002.73
57311,38765.74
85813,11879.637
62251,67352.04
142010,60777.715
14135,90498.87
29583,81247.45
36157,24247.424
29606,23850.809
77271,11986.34
13717,12523.836
36335,16450.238
145421,17035.857
111999,24137.602
76341,144358.36
123193,22949.195
96106,4073.7805
52273,15463.812
115517,5569.7354
149345,5702.419
81594,9722.223
120326,20573.781
104414,17177.994
130032,20914.35
129158,4086.8057
137790,773.37805
39005,42254.78
138128,6684.506
69,13059.935
81082,52438.75
28811,48155.31
139465,11826.523
138520,8628.007
89911,37748.418
2434,34217.223
58640,25084.273
67110,33665.5
62226,109830.56
2255,19294.848
68691,17172.207
10295,6918.668
23999,5597.785
21802,79896.97
116241,5705.8315
1272,1676.5237
50923,49330.742
112067,169641.1
135645,8142.195
131196,40713.5
42855,5539.001
61511,1423.0393
106125,35448.98
137357,40175.53
147887,26424.281
119208,43981.88
81277,8162.614
66637,6607.7837
72369,15016.6875
52338,16541.49
35478,42272.887
70519,69699.18
25225,110428.84
130627,10573.207
81552,77589.16
100112,28488.707
68951,5777.0107
122209,109633.586
85568,10598.605
46312,34070.707
38947,44747.08
111353,100361.81
21435,28922.127
35867,16733.129
65953,17600.709
110722,4873.025
96326,70432.91
147739,9755.398
137248,6287.897
49244,17875.924
19102,285631.06
75923,7550.6177
94403,17225.457
100034,2160.1326
76385,72178.83
94758,13788.629
58772,3664.441
9557,26581.69
103781,46104.81
75888,5902.0728
107230,22785.14
57981,60921.316
85961,75603.14
146949,21376.78
64533,4189.4175
114898,97772.65
26949,21873.459
4675,30319.127
47137,19215.705
113916,5563.657
84176,21815.248
87453,15480.992
17968,95459.32
124851,134149.95
70548,60341.06
98614,9767.239
86154,46314.754
130018,8951.113
37333,141979.47
66858,3647.4172
85397,16373.574
362,36839.836
52393,6952.9316
77566,22547.44
117501,161110.1
62042,11043.251
64677,3736.355
33845,48869.04
107593,8934.893
144676,23382.492
129358,41959.72
70933,4532.4707
137531,7655.458
43504,33934.277
97653,16673.633
104358,30204.342
128718,8589.858
51560,84737.06
133309,32061.02
66287,13505.641
130524,3183.3308
112645,20776.953
122393,16975.713
35696,12321.179
30377,36638.027
78002,6608.871
134576,14658.984
25605,17171.531
42014,4673.1694
3011,92394.06
16689,18616.531
47103,13820.135
57754,68104.65
113858,168618.44
132985,18916.611
119941,85880.24
49260,26115.543
12707,104433.1
13081,5532.728
121735,25125.611
43241,72726.99
132879,67761.64
61054,26922.709
10631,7916.282
115527,108032.516
136530,39581.08
47307,13431.021
134277,84528.38
19747,100979.016
22936,6178.0654
28477,48456.21
65033,9120.952
53949,20591.188
9016,38595.004
139609,98394.84
4809,18809.146
47605,12278.439
9856,3963.6477
135478,14527.348
108722,175189.5
91833,4305.3076
55487,59114.766
20533,61031.793
66155,1436.9586
5173,79317.18
112421,113964.46
143925,49811.984
136211,-1493.1023
34775,1278.4889
64822,35122.926
137901,16114.946
2095,21209.701
141038,8749.099
139863,43479.996
8693,5252.611
10236,11936.097
106670,110441.94
53994,27572.82
23497,14978.428
11205,24442.148
95120,136323.48
75328,37827.98
38724,34822.258
6536,16132.781
125102,7435.3706
21510,6071.262
113597,54488.863
58579,14904.512
18668,27348.154
85445,98776.15
17073,3164.8342
115068,29756.248
97690,4318.893
86474,10081.577
13894,2549.3596
138474,84379.63
125479,40656.87
32124,12154.298
75465,3834.1633
30689,104366.16
126185,41433.035
147210,26043.58
131893,6316.213
53803,188761.73
105970,19477.977
56964,472135.53
143807,48118.047
141616,43417.42
107391,56582.84
78956,179542.64
132112,1642.2382
21558,3660.2058
22885,7650.0845
35385,9368.577
142674,61553.51
7544,11940.951
145207,77281.73
51939,30866.83
54519,14217.55
131386,10569.448
132732,38430.176
129471,40253.402
94833,71984.8
148237,98351.32
91970,31768.748
127067,8309.533
92512,13189.06
143493,9753.975
116956,2997.7363
25422,1244.358
79767,16006.824
62207,53285.82
49418,13738.446
91840,20217.14
37928,201635.02
36480,11738.602
63908,15676.821
65543,11279.332
86440,10669.597
30350,7524.4976
62982,24776.713
44089,50134.684
128360,9478.419
46350,39300.562
92909,4836.1694
75526,65548.234
66526,31784.883
54303,15572.062
143749,104323.95
68775,31008.002
63308,260905.55
53141,16978.217
8132,12028.136
44524,52439.973
86413,36237.11
116978,5913.6436
94783,10597.107
142837,33458.613
112656,16377.732
119559,4558.8726
99318,15816.833
84501,28141.182
12161,3950.8748
42025,16073.943
27173,41578.594
143788,21667.05
143944,98269.33
44428,11719.58
81401,236475.8
76227,7924.314
110429,3308.2407
93040,48050.098
101453,2872.094
137647,31187.486
66860,49557.395
49820,103916.766
36782,23320.262
48937,156362.47
6636,24439.096
121095,6873.302
85146,14472.206
70055,33476.996
68502,55998.344
75667,169732.6
148444,1459.9357
45807,6614.8877
125042,27093.016
142717,47957.62
37313,9198.3
12643,52249.64
9010,9327.124
43473,36763.484
108517,6097.812
20645,16152.643
96824,13808.199
69164,20788.502
95133,28866.115
110958,16145.628
72131,67354.86
15894,23049.14
98586,9665.427
43338,44396.324
18511,164813.56
103299,12644.12
126250,13351.069
127942,22016.53
34541,43356.24
8475,11594.205
43168,6403.4307
104618,74184.92
76499,71549.586
34060,22491.494
30010,11507.089
21372,28602.992
93316,33281.668
58868,28917.924
43679,9564.96
60341,46825.94
100222,53381.37
11396,33490.973
132243,7209.0366
89010,31503.242
113800,30612.65
32414,8509.687
117141,15313.668
45880,67206.26
87760,12036.489
79611,3462.1821
69333,41982.24
95130,100190.57
48729,4515.3784
83038,2106.1863
34400,29012.416
117200,3825.288
25732,18671.895
25077,86706.62
96725,6529.2764
125846,4773.6963
47772,10157.803
86957,22223.62
53307,15568.849
98372,7006.115
127079,11402.3125
129262,21023.725
118494,157765.5
78119,36337.867
69956,12281.355
54331,102518.74
32405,6940.6455
74314,17062.637
108914,20535.145
80000,44162.23
149997,46162.098
58173,23821.11
10136,11287.943
47694,25220.137
25841,40131.715
89748,48103.56
81561,195779.67
9666,54006.3
146460,8239.895
104555,16264.686
134942,106031.38
31638,14650.468
122439,3844.5725
77895,20107.785
75668,29599.795
121819,8515.561
124837,42447.875
97752,10680.858
27128,5028.656
42375,12958.602
95433,86663.67
61078,127763.8
109894,49201.395
4366,44440.867
72613,12034.926
75375,5340.6494
7028,125292.016
78286,8523.608
53194,26132.033
49560,24583.107
29006,20447.512
52633,173417.03
71988,10297.407
120547,23927.238
12039,10561.35
98117,12083.532
43661,13239.398
19899,33919.17
17643,13502.913
91553,2252.2349
110397,87022.47
112,4096.9956
67096,22421.238
67750,12061.556
64986,4865.809
809,25958.682
129691,47459.19
2795,50197.207
85856,24386.127
54257,11838.785
98578,66329.58
76367,22814.902
145660,64620.26
93657,11150.198
64576,8393.364
128742,8772.556
142281,78612.03
62459,45815.465
74997,20485.152
53658,4966.1206
11522,92492.234
60025,16379.615
33179,5200.972
118510,36875.723
30641,157188.22
50354,13968.942
126011,4096.2373
23801,4692.087
60258,3406.3015
77024,2764.6794
88702,11536.44
70626,35720.508
15280,56116.63
18071,58437.402
99797,21511.658
58199,77404.01
98402,16232.94
125026,5335.676
66480,13167.971
10887,71714.875
134480,2234.9443
73612,9136.202
146259,20093.969
127413,50371.945
131589,3646.6577
57909,284.81
16817,8394.269
3057,8304.585
60943,24004.703
16444,44162.45
3118,8052.653
49554,4015.5706
32378,48958.258
64571,40809.207
27833,54857.844
134833,18656.922
2162,4401.8286
38360,3129.1108
65202,15886.144
45930,41992.77
138489,24429.303
72429,2936.116
119273,84190.95
76799,19945.318
136677,27786.068
47778,3866.5867
53179,52585.98
10760,53188.51
147357,161569.69
55428,104801.17
9563,9457.993
131603,26594.756
58040,10597.107
47015,11893.552
76119,3641.003
38393,28846.883
99677,12392.196
134335,4171.8096
93563,3164.25
131414,16892.182
32081,16240.616
119468,3749.7437
34982,93424.05
43909,111476.44
68128,2731.8008
103611,9770.158
113563,758.01013
24975,11578.887
142800,4879.5537
71758,3932.5403
140482,14443.204
93667,22485.334
85243,26121.412
66495,23831.72
94565,5972.8115
120933,10304.417
121644,164938.3
49731,4738.591
10184,27113.504
103807,70852.43
7921,12847.052
111403,21157.11
143109,46392.637
148507,2785.1206
135223,25433.822
69176,1595.9358
12391,30787.027
143210,74149.91
96459,7268.2397
113335,12083.824
39242,139064.86
76156,526399.94
140856,5913.8374
18320,3490.57
64869,59415.598
69869,50134.9
139121,13201.484
116547,13513.497
67731,43963.43
90808,28321.111
131238,105404.48
12881,28526.82
62627,9456.3955
358,21238.668
46112,19377.12
120163,4318.6177
78206,39954.27
108696,88224.69
145664,49320.71
15288,19631.04
25620,17395.205
48767,14082.388
4289,22811.451
56708,29654.836
8233,166403.25
51075,10604.078
1605,9169.8125
123228,1324.8123
76538,3857.0576
80240,116325.27
97374,36080.02
33338,84682.57
16357,15564.314
34343,31393.207
5317,26877.748
94419,17783.918
145170,28299.4
130095,35861.535
58540,56066.5
125471,47336.434
34354,73751.73
5455,128625.44
124586,8853.094
44425,87009.66
82865,27992.225
67389,7843.215
106581,191465.48
73104,34671.11
145279,62080.023
136263,14935.602
126592,311659.44
136580,82620.9
127919,21895.367
28246,4886.401
119863,6290.2773
129622,17940.318
9546,39581.86
134642,13324.913
32730,10421.739
31667,18884.588
118279,2158.2249
13382,4105.7046
98102,18641.877
126529,9605.266
48142,7804.571
23358,47622.33
47286,11353.0205
136094,33926.293
138561,150799.53
36606,14979.544
129904,31493.262
112629,44411.168
64371,14686.798
132328,7142.1997
42499,22326.04
108370,3376.039
116464,31501.793
114138,2724.2048
133631,46556.11
121804,5051.6987
3091,25219.562
84447,2499.0134
54195,53995.082
15228,10710.662
38311,1900.9307
101669,83752.08
144261,54063.97
59453,48780.355
93673,41253.797
46711,2039.8868
109808,5769.6416
18841,3652.0776
58400,106932.32
144356,15682.397
18710,24034.053
128502,32461.273
19726,85474.51
66336,4902.512
13620,165677.58
139678,3109.7126
27078,6865.1523
120136,5574.9424
74739,61961.555
124954,11908.917
24747,4250.4756
63971,8941.687
64040,14611.065
67436,21433.45
136733,5899.076
76285,89788.33
64956,6712.7515
61811,78226.23
121460,14892.574
120216,8821.871
129188,12262.571
84337,41918.258
1317,132477.73
25093,155656.2
120316,42355.586
92028,9188.913
2213,5120.6934
15094,6144.2305
136398,2000.5026
142232,36867.05
97736,32614.332
90509,8589.35
69371,25833.318
132483,15311.803
54780,10002.784
88938,12503.647
128075,8416.1455
2686,25796.201
31807,70276.52
109769,56989.445
65718,10598.877
97481,24068.236
82979,43493.79
4492,9936.069
32460,4781.7837
53202,86409.73
147254,13820.291
16914,13958.1
111549,87185.92
147437,8813.549
53775,20398.463
41616,72214.54
11488,9602.386
43532,94945.65
105233,19482.572
110088,11842.389
109559,162242.67
127843,10701.829
6272,8241.208
78776,29136.238
131008,12192.964
104931,126723.11
85601,13096.411
98193,54486.875
68135,17201.05
37730,80648.85
57133,43859.42
81183,12056.756
13586,1388.5831
131169,8189.6377
44176,2899.943
48927,64215.46
76279,24844.963
59676,55946.527
145394,112884.5
53862,132132.81
98395,19778.168
101299,155649.47
22084,27038.73
70509,65232.44
86219,15021.858
96158,48711.707
74185,13277.627
55594,36826.53
117405,7642.201
117984,52257.06
44556,8215.362
116454,98121.26
5381,3895.4136
66939,75064.375
105130,105305.49
83789,6689.4463
18664,35082.117
80267,33225.51
106894,8494.18
54758,9884.445
104077,22545.771
26352,7737.3945
134938,59292.11
41175,22017.998
81954,23928.602
94462,44445.42
148893,22908.67
124188,5992.2197
138461,110198.484
3828,7143.25
7354,14066.853
106133,6327.906
3198,22508.498
119638,8051.127
127045,9206.133
72404,3137.0586
46560,9739.86
52006,66776.13
382,21354.133
70815,79458.164
102640,16444.84
2132,63964.836
135698,55651.24
117353,12023.932
125879,10008.993
147735,7584.128
63479,12641.309
106829,23340.156
52796,40518.598
62118,7065.983
105388,476229.0
142336,8897.682
82265,49038.754
104723,14276.303
14222,2953.6707
93944,80497.15
79488,11525.432
30339,9787.202
126970,27136.363
37109,81969.48
69261,20104.8
147461,38127.71
106075,50416.066
52857,44847.367
34910,16632.709
45073,16733.045
81787,110915.75
41757,16001.822
75991,146552.4
25435,15044.1455
84625,117165.64
100875,4418.0645
51707,56405.39
26188,21739.678
46126,57226.586
102767,15353.824
66159,27186.969
124415,26035.893
61698,3381.9663
27420,12123.187
31752,81387.84
85186,20204.205
103787,51766.875
87973,78494.875
8960,56877.715
94716,104194.46
53284,35419.61
59132,24412.732
24842,109074.9
53714,35357.074
15577,7557.4517
5722,3718.446
127620,86988.69
24872,16536.69
53789,71989.97
54881,37158.504
136393,52350.426
143810,16129.597
130021,169990.86
22490,6440.77
125516,9097.07
109612,7858.969
27671,14306.502
113155,4876.9175
143295,6342.035
30062,29077.006
72516,32881.805
53354,9728.3125
44950,18847.713
61032,17449.445
129800,129878.484
63706,11321.789
54166,5049.767
16796,19172.031
98972,24903.602
9948,20060.584
101644,827.643
44714,107327.195
46070,63756.15
106646,477863.44
124153,1501.0377
21279,50189.57
77999,2133.1067
47533,22887.963
30617,91110.2
149598,23297.922
132319,4968.025
140287,122686.625
47144,10158.847
142570,4775.042
148259,111874.73
49825,18025.111
6143,18061.506
45032,16508.463
5998,75340.19
114407,992.30054
34562,27254.309
26432,8491.365
9080,27462.307
18106,69331.71
145789,11838.321
87228,33765.336
51244,33093.617
127482,3380.5698
111560,8088.977
112381,50606.023
65866,6323.8345
18012,20384.943
47839,1976.7626
84560,10608.561
28536,63281.477
72449,69976.09
22494,15374.202
76186,128946.336
7922,19964.734
12078,122009.97
33503,23266.762
76051,53939.508
139259,13313.785
42437,18041.201
2187,198171.84
69470,32037.137
3742,6195.976
146306,8641.733
145192,10149.144
96369,46063.914
71704,3030.949
55830,66116.625
31756,92214.13
28958,23386.635
39550,13524.775
102623,32355.574
82681,8511.828
141186,19570.541
141498,6689.9805
136337,23772.857
24517,92108.24
145774,14009.4
96592,6839.669
26512,39863.75
58736,10339.123
77948,3967.9656
110145,3398.965
145987,22223.785
45380,32233.98
77536,5237.7456
775,35669.824
89555,30587.26
31353,5920.78
12963,19367.545
70300,46768.766
10242,23994.191
44013,6273.4497
3880,49000.41
4612,13362.638
131482,6905.896
86329,58202.28
6091,44898.754
113846,131380.55
136995,30541.596
42638,82923.695
81131,63736.83
122112,151302.9
27127,21655.346
126278,200476.73
100180,26568.596
131629,1652.5931
118256,42388.04
93687,41818.555
100565,24993.81
24369,55504.1
89827,18491.02
101086,115057.72
11652,12186.169
139891,10964.345
23766,50149.035
68560,21813.822
59279,24856.986
11213,17874.67
129764,7366.047
16477,2986.174
130702,25472.799
138524,7092.5938
75161,36927.215
130628,15220.709
61312,9386.163
120354,89946.23
104823,29337.83
130536,86963.17
142129,60789.45
143882,116099.53
19732,8568.074
44289,27938.209
108694,61471.49
108294,4725.916
59292,11006.59
71418,13259.145
85823,18915.135
52930,7523.841
40250,62979.57
52978,13976.818
119421,14864.68
10845,5658.8613
66086,25771.436
29891,8632.919
88083,22598.596
43885,12338.702
89829,41069.414
77727,42349.973
1834,5796.51
54437,4153.405
140847,3927.9
136291,20419.016
55720,4316.9385
51577,2196.3616
95898,9763.775
149200,15522.47
125148,36540.594
87176,22740.562
5992,82641.84
41843,4852.888
70918,28564.494
97300,21768.93
10099,5393.5205
60559,4640.9697
39196,56819.457
69202,62073.957
122588,9611.462
92929,24261.818
43601,37646.363
36115,50331.938
44699,28185.754
109626,5242.0293
101952,52025.316
53015,83439.88
44082,60196.6
122417,14483.096
79923,15933.219
53893,23363.752
21620,49471.332
73640,67041.9
67185,11224.095
128671,36599.484
70597,36793.773
108862,69777.984
54021,5289.9653
60389,49064.51
112546,5981.9834
145278,83632.766
89248,188094.27
91567,38542.297
25992,14619.646
5413,42294.055
71372,36074.41
111092,168977.92
8910,20584.127
85665,30040.402
137492,10561.038
99700,6780.1265
92981,81192.69
59968,6849.6553
117834,84412.06
38509,5653.2915
60103,12875.238
7905,21329.398
92297,19985.086
134808,13433.839
83402,19098.383
24267,6339.5474
149141,3509.3003
30552,4746.8384
4315,38981.08
17659,4041.567
86077,87368.93
110370,31331.494
55308,63625.43
8117,18636.367
94664,33409.223
34839,18786.912
132426,11113.655
85404,37783.33
74506,101446.79
83012,15984.223
59893,5572.2983
41086,69322.53
126481,33238.547
88649,54143.35
79624,14849.145
148490,38281.004
74372,5168.1846
105647,73968.75
5052,36649.0
137835,5967.341
95880,72410.09
124070,18231.23
90965,6285.205
25676,29034.37
33922,2562.8406
108932,32379.094
48756,6325.322
54715,85511.19
69538,10275.889
120068,41531.973
145449,63881.19
123953,41292.28
109321,56340.496
11667,202253.73
74101,58137.508
16878,25475.521
10729,9105.175
15363,64687.074
72035,35814.934
54912,18288.064
98037,42454.664
108455,7443.4155
79103,13548.158
124824,22142.46
37935,10335.059
86682,36596.39
131881,83148.1
128101,6849.307
53377,40075.297
128669,4352.6294
62184,32994.91
76498,4514.869
128204,9371.379
113719,3027.3357
91182,2194.476
48255,65903.19
19260,83251.29
101316,9664.751
34643,62631.914
53792,7773.226
134144,7229.912
103395,92146.21
127357,1953.2838
128692,28482.19
84305,24661.086
29845,83492.82
131301,47159.266
124940,6158.8687
86094,271528.34
72622,23363.164
49063,29375.92
32867,9775.61
104990,35277.04
62520,67962.695
50709,54633.836
35694,25065.258
64648,51768.926
148949,28412.91
86171,13193.947
40384,11862.686
90372,17205.637
39301,3204.416
78795,30984.99
20418,55378.863
138744,8930.037
10063,64059.34
20711,70674.1
66098,12038.195
28450,6224.7686
130263,14895.035
15393,7926.1274
97852,8019.6797
65377,60560.305
11241,36739.59
68622,7253.238
100822,3343.7607
86336,4650.1177
144853,17888.09
73472,71057.09
92739,64927.918
36002,121712.08
24015,18529.77
135643,90387.84
110036,6274.4814
82693,5968.352
27107,15217.582
141255,7803.412
226,21485.56
133178,15737.89
57317,32917.09
45059,23972.02
76644,48289.555
139226,156906.48
31726,12995.726
70363,68467.58
8144,6545.666
34824,85980.53
118564,6458.679
80067,45710.023
17696,32065.127
132840,10588.0625
125886,34602.906
8490,38372.207
18418,187583.7
126676,46535.31
54023,21415.678
148841,30551.42
108239,16931.34
139193,11936.469
44739,9814.477
42924,48311.215
132076,5493.491
64527,4888.625
102159,25872.41
105017,18065.992
106114,19972.322
28367,78328.31
103881,82877.555
71080,96595.54
17712,8141.312
20489,3413.502
62974,3213.4138
92987,84620.12
133607,4571.908
71680,30304.463
131572,51867.973
82022,49102.266
91137,37081.574
48724,9156.856
58416,12201.949
124963,88722.195
97591,5826.46
43137,5168.005
11786,15635.553
94679,23322.666
122678,25411.08
9906,87504.85
33648,179004.05
131559,28934.879
86909,6192.0225
136983,31079.076
138924,2640.7012
125307,15206.252
64663,13617.365
115581,46938.164
92087,6972.2227
14090,28358.701
82224,4476.321
38883,27451.936
77122,13873.19
16052,10500.831
50926,97199.016
51213,22954.75
49748,4355.3354
38,62118.87
118168,36786.754
145907,114616.33
20246,9384.531
66968,26722.316
93587,26723.209
46575,23157.484
114614,23577.213
76703,86380.95
8446,3976.5913
22268,19773.268
111142,9012.78
142531,5190.1426
48464,5091.8975
53745,6050.542
92099,79500.14
59578,5437.0444
110474,7350.57
11049,8075.8345
2118,24739.486
35269,2465.5215
12364,196623.45
53929,11278.522
105753,11089.154
3158,13364.545
147957,2714.5654
63946,16200.261
16416,109232.6
126801,19169.28
86298,55237.535
119993,10803.055
116008,5869.0586
50693,4320.7275
149260,23734.049
125814,122402.52
52301,9108.0625
80947,67022.75
120763,31710.22
53843,87328.4
122383,39049.29
23415,7374.8965
144152,41002.473
36188,35088.38
33127,28290.486
136183,263482.7
135591,65086.566
138589,64001.812
93362,29727.734
127760,26140.836
141056,22643.39
30433,153895.2
13032,110214.586
4545,15435.671
39209,5450.637
88287,28125.58
60451,2734.0286
14762,26029.264
13788,78952.46
53077,109906.77
11651,11854.004
54073,6268.2773
107500,17882.178
26861,9314.265
88746,82620.18
104532,20372.621
92499,4940.5464
18249,2560.5432
16668,21028.566
70719,6460.7466
59752,55322.227
93044,11953.002
67273,131904.66
41257,8720.102
143548,11093.738
148497,12209.943
92544,12704.799
47196,24245.758
38765,45013.24
146477,3740.274
50881,5248.064
136711,5709.6636
66852,83464.81
137643,15787.773
127756,47143.434
120825,7061.9653
37207,19996.854
43870,63731.96
113679,85721.555
46271,24736.197
22410,1385.7352
82488,32165.334
72602,8990.541
12697,115384.71
17720,72903.945
56257,3709.9443
56121,59993.62
6840,49093.76
100776,5377.6436
3240,33383.727
47890,12110.039
131367,8890.12
49355,44657.09
112923,7396.957
51062,60257.26
126984,11112.613
144940,5201.5933
57370,13753.441
59337,3206.267
27822,270380.12
105606,40202.953
11476,3885.3684
6929,4355.234
53101,17303.805
90494,88568.58
145481,24516.463
51414,49592.523
54363,4690.164
57394,47603.57
47900,58653.71
135919,55219.434
75863,18524.105
144043,136521.12
125248,65771.51
87302,1029.3412
13774,11165.025
127744,8039.094
123325,5418.778
93799,16133.058
98399,8795.861
123208,76328.57
44536,34924.395
72670,6415.89
40790,35142.293
80129,11126.152
97001,62006.875
127286,25395.469
128520,9279.79
99957,5164.458
61891,12676.099
141054,4463.1514
14475,52813.574
95417,11539.967
70476,44194.63
69839,128798.625
93393,14199.569
7767,137884.2
112124,12342.986
127225,6102.331
24929,81042.02
138113,20749.73
27884,33929.17
34578,120948.82
64642,458629.88
80624,31597.732
139148,65894.375
101015,3315.7417
128604,159719.27
34260,9888.901
64756,42519.336
66729,20426.193
66643,5611.6694
82532,56432.492
99415,88885.69
87169,2781.5137
110186,49197.027
92090,9792.864
86353,14763.442
79543,17358.793
97964,3911.2651
23159,14473.603
127506,31800.115
39314,5227.302
17063,31495.8
118713,6302.258
131015,76123.84
50064,22768.791
110442,5137.5713
26259,25789.287
99595,171754.81
85485,37346.293
73204,112547.84
52688,5212.6816
134557,69481.86
3905,5651.632
30971,11896.955
57210,38616.793
24768,14189.698
89076,39712.21
64430,44893.652
32344,12669.462
90898,111319.36
37423,19683.176
24483,36781.203
123532,34815.027
108114,9407.971
95279,40294.375
97714,55398.562
139984,5888.2285
104328,6700.867
36620,9728.576
2894,3087.1553
42876,46268.15
147251,8090.54
132847,15817.374
15233,11378.311
120481,48739.7
9084,48271.54
120536,6473.863
54576,10293.704
144972,1563.9966
47807,33562.527
125848,22810.0
47229,258387.22
45756,54965.09
1433,5995.101
148632,27125.902
93308,97541.38
53688,8875.276
13659,15341.284
67321,24157.598
75157,29694.58
48291,9132.211
64826,14937.228
23410,14588.382
86196,36357.066
107132,24463.992
51442,4995.2085
26657,46560.047
109235,5080.7847
19781,58500.91
72486,9746.911
132048,5368.7134
90489,5705.2715
58380,54753.38
221,112116.36
117060,15899.122
82060,62380.465
33047,14891.309
86792,13205.671
16421,21887.193
92673,25973.496
112753,16240.435
107626,10337.405
133100,9989.977
6520,25472.488
21333,14589.664
44444,218197.73
141295,268772.56
38001,9391.26
129406,51780.76
146130,1334.9496
6832,8639.234
60363,10774.932
147135,15644.391
127102,6772.434
130978,113956.2
55116,179242.8
124771,14804.069
59859,18861.576
14281,267640.5
61577,1209.22
1673,9180.002
30471,2891.2668
64848,43070.484
59123,10211.146
27312,16305.821
41490,77763.75
7729,142497.27
31052,77009.37
50724,30878.04
96248,19105.166
57143,4667.4126
60765,124262.91
107378,109987.32
80991,5126.8555
29187,77179.22
146124,31094.705
66608,15038.687
129926,19843.693
52400,5672.75
115301,9592.137
83096,47063.727
73094,17344.799
136130,17171.531
22282,25033.744
29684,281305.5
32096,63321.312
96332,14831.393
25750,23399.865
154,1109.9392
61087,70689.24
130148,21565.764
17637,6071.452
91578,7929.3022
68254,15321.2
81648,34374.098
135310,13899.489
115910,6882.1465
128537,7785.5137
5759,49712.21
32568,26667.867
36182,212241.34
67085,6974.683
6955,2583.9666
29080,3732.5225
107594,69162.93
148707,20355.182
114672,58340.348
142587,12096.761
94639,86559.27
7476,112642.56
77483,11880.51
17434,37857.418
72678,708.74225
21623,34695.203
140599,22762.281
64982,31311.521
5568,25311.23
59262,32840.93
4754,20108.773
73655,3554.1025
142220,2987.2517
25390,10458.918
116944,52374.312
93822,42694.312
139887,15844.148
79247,43854.76
146555,20714.395
111626,41217.414
1258,27750.01
22578,4338.222
96045,11188.833
139111,136868.0
110069,29744.385
82000,5269.4434
51511,39574.277
33813,2596.4546
29631,38776.45
66912,10884.715
30192,4951.1753
124271,40291.66
142919,2181.9417
125167,16415.37
48304,37773.176
125515,118652.01
104759,43779.0
67833,138113.33
140995,55039.977
117571,22139.537
103091,6131.0894
140047,10675.342
31985,63097.457
133764,45230.96
137246,21538.19
84735,7460.673
102842,37992.965
2548,19362.28
10582,49064.61
73949,54739.83
57841,5412.47
55790,41716.426
26446,43358.184
126284,50433.93
34063,71420.03
39673,12663.366
116362,231912.92
27286,8721.646
105106,38306.703
18292,3350.36
66117,27991.549
121928,11519.231
87386,2760.1653
3993,70449.62
123324,31980.162
17775,77267.7
106253,10405.179
19444,1411.6224
91354,29059.693
146543,41399.93
67040,46118.695
131130,974.8077
72477,5794.4966
109921,36277.027
19350,58450.7
80489,167105.73
147297,77668.05
42389,21818.322
129266,8310.474
25267,51854.406
3737,177869.8
20343,15773.245
134496,37324.867
118371,4050.6443
26778,10983.958
15344,3268.25
127062,28660.045
102417,1399.8
79346,3687.5881
70585,20508.707
120171,8771.221
15832,48363.6
62138,16442.863
113728,58632.207
93221,45299.246
99733,12346.841
62431,28503.336
143708,2181.1006
46336,2256.4941
75538,17818.83
111750,9841.735
81691,117648.875
130464,2361.0405
81423,97404.06
80606,99843.38
79231,25642.654
116022,22366.77
78685,19026.16
105556,168699.95
77829,38780.477
85023,8902.375
124801,52044.668
45210,4331.3213
130870,20937.295
119561,20613.93
21936,1246.3346
115497,7801.502
48402,19535.076
77216,39786.67
27633,13209.095
108586,2202.277
119402,20860.613
26745,34517.83
63158,11226.046
145791,23849.572
142981,186613.39
83479,19106.72
135584,2685.3438
18028,18383.05
92286,479966.1
5927,7935.7197
148651,23331.854
71118,5247.938
119828,98662.805
20661,19714.105
12962,6923.28
35027,3906.2356
70891,60767.152
77106,1858.7274
6686,41503.434
54029,10289.441
54863,9800.777
99571,29417.117
122919,9080.912
98472,126715.88
133426,23812.652
58567,15717.937
134685,12560.949
16296,9337.816
30017,18560.025
134667,33078.867
17745,108580.07
44318,4242.9854
26456,5451.425
56066,37476.297
33334,11400.907
143566,7262.5747
65321,38791.543
135926,85019.5
45352,34917.445
48959,21873.479
79307,18168.545
119726,89034.67
77674,5415.139
40485,7415.6187
94762,28989.064
27392,39737.203
68001,7367.184
106764,172195.08
38801,71261.74
65642,139634.97
47736,57215.805
1990,33750.68
11578,13073.839
22365,14489.044
133402,91054.56
55202,74354.88
80542,12681.885
48016,10385.096
18008,1107.4595
10494,89938.26
78263,48556.777
141292,9812.121
104744,6010.389
63548,79001.164
117672,29958.096
108692,86701.92
29040,31810.732
117744,16518.16
39546,30736.877
71442,7283.2803
31551,2836.4927
136549,4047.8555
2564,25210.186
90191,21364.299
118037,120613.28
139652,4338.1797
68470,92174.74
29840,19532.586
137361,8304.8545
34904,39032.11
125642,63280.812
70403,9365.306
62142,19744.357
138050,3360.897
33985,10105.823
88656,5175.751
28042,8848.183
103409,39998.914
78721,44497.695
12210,54397.086
22620,6874.582
93100,51437.51
56392,8943.098
133211,50455.207
41185,4693.7
4060,16656.467
29408,10106.332
26459,60164.785
28487,116308.45
105076,4768.177
3103,19071.072
58172,5470.161
76771,67956.01
12321,12546.238
132489,2337.3582
101246,47114.36
110382,42002.094
42049,16577.998
142224,8381.743
86812,8378.479
146727,1965.3385
144682,18236.139
42393,28936.303
55245,86733.35
49189,15098.797
26530,9875.794
65175,13561.996
149919,60602.758
32760,7253.8916
41462,6897.986
3140,47196.152
61429,20693.5
132598,1755.0616
36091,24048.26
108662,8005.446
99063,120021.27
89662,60395.145
55495,53094.848
135182,71916.07
128210,63452.664
142211,8344.547
1800,38571.727
117833,27010.828
73996,10289.818
97044,4531.447
1286,78941.266
78426,8822.328
41518,3566.6948
49438,2890.4612
71125,8004.5903
46158,6243.361
138223,18305.33
42446,10088.374
128039,10797.681
41862,29112.174
144175,10664.908
142000,11850.162
136048,6619.644
27614,24365.26
53891,35610.746
21654,5714.711
81116,8644.564
24915,40250.777
99725,1530.5676
132806,13038.006
107614,20351.39
73867,74646.266
42,10014.635
91951,1581.6617
113529,6531.073
8492,549317.1
132537,19942.191
122363,51104.67
110349,87822.9
16759,11969.899
40720,7699.306
13183,22325.354
24064,10174.961
70082,15252.385
6564,2513.6155
46364,42404.355
58915,11661.572
139781,220705.66
109598,81161.484
99225,22459.596
35880,34915.387
31686,58687.42
146446,48237.105
15845,2339.683
122597,6431.9
108422,41560.89
63234,14202.534
45932,36409.98
116258,31409.969
136840,16834.79
56812,5405.437
5122,12480.717
141988,7123.9297
69022,13908.483
52784,4048.9424
65340,147141.02
107709,18545.98
78914,124203.875
35796,7168.7603
8986,54986.42
23862,65061.082
68943,17261.371
116291,35721.75
21411,77479.305
55747,26770.85
114196,102972.43
5506,61441.316
139991,745.7782
83642,2994.1753
44191,18138.475
57628,2558.6516
93505,71832.3
42538,6822.2725
40697,10873.853
89570,1331.857
131143,21683.459
81397,26479.16
119307,17954.48
92221,38782.227
30612,111559.32
60176,114736.84
44791,4054.9507
117462,33354.246
67038,57231.562
59356,8737.51
87363,33846.28
36814,5689.833
130258,80196.59
20528,9628.388
138663,21013.709
89237,10923.968
52720,15155.234
41491,4397.5312
71366,8090.558
47166,14190.009
24958,21195.67
84970,10433.605
85707,64474.07
21566,23506.965
92480,148507.45
86269,39854.586
34843,5155.438
41373,29329.924
129758,386809.25
109123,18281.098
131162,24516.826
125762,11486.688
99267,56190.387
47730,22993.531
132269,57613.906
12343,4547.538
66,7834.415
80504,130268.27
103789,22897.861
105661,6720.9546
117680,28901.168
17187,10924.445
25548,6405.188
135251,10521.862
140854,52788.508
40966,28916.668
51934,19692.244
39370,11684.994
122455,113960.75
9801,11165.644
15688,85222.3
69158,79538.56
149572,5055.042
146192,8016.3164
66572,31378.586
66425,11147.241
41911,18387.33
63465,9176.964
92901,14157.74
71664,9052.011
135071,26911.92
100171,10732.83
32117,11152.037
127152,125201.95
91391,27797.21
144041,19520.338
40409,14962.093
31223,4611.538
146650,52086.188
134124,8087.754
59142,11099.642
47599,57571.69
131783,18430.102
91004,12312.447
5574,14695.584
113636,6988.456
121493,5500.4126
69912,114731.91
34851,9053.512
138156,59546.434
23101,11547.085
114327,21729.19
147253,2919.0298
66550,4847.0854
77469,87603.38
47825,39750.586
83885,19197.334
5273,62006.348
110757,56881.26
103934,55380.17
48274,6463.034
16694,5337.769
73363,22692.041
65679,2064.0183
133504,156530.66
29747,39647.06
50593,63464.812
41295,40306.574
4111,151460.47
51766,11716.338
75373,136809.7
4310,11470.4795
133496,60991.043
39951,16812.754
74609,11460.797
83972,106990.52
104058,137406.34
18212,1216.0173
136215,29517.875
82008,63347.023
14669,8768.603
81258,995.55475
42912,13912.91
87101,66723.08
46171,47949.816
94580,6457.9336
64968,66286.11
48596,58347.285
124711,74437.29
141896,45961.414
130741,233021.38
89117,10889.138
38766,17516.41
84357,11698.741
89547,133579.97
146582,4872.9097
128091,19099.248
143397,8364.47
94449,11736.715
69630,7195.2363
3206,13521.418
117696,40485.867
88622,98558.9
68774,1399.0028
51423,6275.79
96751,1010.96686
126999,101841.625
74854,8278.016
119275,28389.127
92453,18381.475
43862,6511.5464
117387,5201.206
111895,5545.0444
86542,8260.603
37025,48270.74
124498,25879.354
22432,2963.44
113229,3816.961
98407,65124.266
65297,19660.361
123236,8193.007
22559,20427.764
16291,40120.273
109281,64289.887
98457,6731.0864
31240,5029.511
145180,2845.0269
83576,9155.706
74187,15840.066
57447,84693.19
19929,4423.6064
56498,5634.114
44619,50793.863
126307,129690.59
59761,22472.45
114609,10226.679
46919,25028.402
85650,8425.161
22507,26321.643
66942,37231.32
107011,12665.214
115505,7623.052
119334,69879.32
144713,34872.61
110811,3784.1597
44005,94937.445
117133,60063.27
104790,11418.815
14710,23034.545
22002,31459.098
75271,2169.9675
95918,27872.834
148233,10013.798
68167,7822.7314
126744,171179.58
149976,8407.158
37180,45122.39
64687,1200.561
5124,25947.676
63721,28526.906
115785,57231.625
86128,2974.1328
79480,20410.607
17811,3022.6748
5363,70461.766
4578,46032.45
16587,6758.415
146544,44415.566
24961,5339.6606
85998,4996.592
22506,21992.807
54318,5795.9785
32148,106705.52
977,13343.706
138158,17025.447
42136,18671.59
30524,1108.7534
106317,51921.094
81812,13983.849
88149,100283.87
99538,71882.02
166,105354.61
82749,115698.98
13380,8810.684
54364,3692.9895
97228,164483.86
131809,28661.592
72358,7145.673
77791,10088.526
63597,18075.182
84868,31481.666
96778,12281.098
66057,9678.635
25794,83962.7
10821,11687.863
141128,13127.474
127600,66099.61
61794,30447.803
53029,34655.504
19973,7138.114
104864,51115.188
113395,122363.336
69878,108029.086
13173,14316.703
29177,28565.799
69753,3061.2837
73252,84554.83
41652,107722.05
106300,5434.9233
113793,4024.0264
138747,101591.82
52863,12712.747
1749,10132.066
48951,17112.848
58851,44203.79
62267,61352.246
130114,27270.46
122854,41199.71
94608,61964.484
106671,13950.276
117337,5512.2827
84095,36910.137
95691,6213.155
108341,51185.11
60338,9048.689
146292,11620.261
99375,59572.535
10646,47250.14
79338,138991.5
126179,6856.1167
80314,100617.76
54266,9491.982
112418,1835.7152
124549,106026.57
144471,14307.446
48957,51887.773
130852,49850.145
120406,37583.0
51456,11054.6
109257,42961.504
24286,69258.125
115180,203397.05
41097,76239.52
74963,34108.316
56987,15110.155
123695,49251.777
56130,5888.3687
59714,96436.62
93894,4851.9683
141544,10540.386
138462,27720.176
62225,15773.213
104887,72326.27
34739,30231.088
140512,35677.516
96786,13520.888
144710,14901.1
57950,11308.991
96884,131458.78
115007,15946.392
135022,176390.95
83638,18296.832
1429,6119.258
124612,8602.819
36011,43676.742
124294,90777.86
39891,11279.967
137430,8756.045
135605,9054.1045
119405,44320.582
128899,25492.846
74233,17618.45
14167,26052.668
103927,47559.61
89550,76033.31
90333,3427.4736
52851,4842.937
93045,132784.62
43704,12942.559
59477,12254.885
23158,71933.85
21354,50217.445
127902,16111.338
124966,7521.8325
71985,10563.064
39459,122314.46
54657,51300.844
57228,42427.117
68217,11633.513
67412,30401.643
50476,45262.047
59390,5243.2183
76936,3054.0088
104398,43315.62
111498,9986.041
75805,26864.658
11025,11420.768
22092,23175.25
95127,35113.61
115088,127916.02
104638,7984.852
63995,21734.65
120067,66189.87
119025,3947.8274
11072,20075.672
72894,1290.0895
112072,5050.4204
11273,41280.37
103591,127494.984
28938,4028.517
56055,106362.14
16136,9053.436
72364,52016.89
52353,12352.696
126312,30876.707
33653,173152.42
95884,75466.375
116699,67924.54
93538,8244.49
126461,33393.836
70361,10320.2
96992,95095.71
60287,39793.92
90817,12031.865
15710,10108.116
62366,1497.0532
44329,3199.1594
81876,6526.454
28299,16381.6455
55490,31934.273
2694,44639.344
62845,246410.83
9109,14565.03
12141,4632.3823
7372,5306.218
10556,206087.05
55274,15055.496
129929,24251.092
64972,11394.589
80714,99225.4
95276,3011.9749
19497,65695.79
93515,164902.88
31204,16057.565
134762,2006.0294
98072,9974.042
40443,8154.869
145840,53114.71
38722,48211.96
11117,27557.705
108311,143076.64
55255,56458.246
68799,49955.21
21162,96773.44
334,7424.02
145405,87740.914
37522,82834.14
48591,23728.48
97549,33165.316
120362,18710.797
52405,40059.77
10487,33026.336
129653,4630.6377
45095,57925.277
131467,16245.075
118996,20170.797
89931,158230.12
54946,19589.707
50987,207906.75
42612,84401.8
15664,70712.72
1362,5310.521
137336,25266.594
106656,50283.11
70057,48588.01
7792,103074.625
114423,23706.773
138112,52069.07
15887,14828.761
24677,8438.028
100169,12554.176
99145,10235.554
138423,18610.406
74518,19938.166
93697,14885.6875
2444,3520.4814
1610,106762.63
35815,12443.125
108008,22515.418
131011,11687.057
132907,40792.996
32527,11358.046
130432,27247.39
10690,22117.904
78274,38417.47
15421,77077.81
55970,16059.95
143123,117044.13
140310,19830.184
108128,14900.668
47870,96249.805
109183,101811.04
38645,24634.32
12091,19999.236
58373,67584.83
80231,31799.111
51751,135808.03
133879,30834.016
6107,14323.518
19187,15392.469
24230,24023.775
111419,80263.34
27187,3020.5527
138877,7184.5127
74184,9297.718
33110,32218.666
39624,9333.683
78397,19462.936
20025,3660.2966
18881,14296.406
78209,17247.107
77506,22636.139
65195,21514.873
144593,73431.23
100515,125701.22
50927,85875.1
65327,9950.077
143142,9781.809
143099,19840.486
2629,12435.405
114663,10911.544
99451,16679.008
19894,8222.961
33876,98356.414
45537,10524.135
35482,70870.99
115023,11580.153
3898,5616.435
94523,3528.9944
65113,9615.988
95386,111042.94
36361,30921.21
143817,28095.395
18571,13611.5
75245,112727.06
50272,21449.775
61161,7291.2427
21728,51508.832
6533,45656.867
102283,60927.734
84588,6124.822
128690,5890.2456
96469,5887.031
10684,9578.571
72581,10022.637
97825,123553.85
94450,6405.92
22226,54398.504
132398,14943.26
48511,7832.0537
56899,110616.81
10663,242263.88
110366,63479.035
86003,18295.096
97269,65755.44
138375,32051.992
74876,235677.39
63113,10054.528
30622,31660.36
49072,153150.31
43465,3900.3748
101978,23544.693
81546,50805.844
133754,67489.49
108688,40077.887
9278,11455.712
90193,3878.8
52807,28596.094
132990,58981.137
100652,99606.164
124336,6268.3984
11149,62357.81
114830,54953.848
44281,4343.118
138560,20106.799
4211,106624.15
92183,10203.256
13138,31635.404
133336,1429.5292
29058,8458.518
84932,10225.2295
51928,45936.902
7497,78293.45
31063,42889.918
3621,10501.323
148734,6629.5596
120432,7777.7856
97808,22607.787
4461,36849.344
17188,8323.614
115714,9314.265
84472,128014.86
27210,65369.008
29675,12259.557
127324,117193.516
116860,49965.848
118887,104932.91
79147,356434.12
132817,14323.493
128525,2457.282
112125,17437.182
20367,8583.968
43839,7273.0684
140531,31747.422
102936,9827.091
144269,37611.047
97928,39756.844
101620,17724.037
4624,19263.172
59169,104540.07
34212,46596.656
110605,11432.854
144119,183023.75
77606,647.95105
101448,30751.375
56865,7128.0986
15030,7065.9404
80294,62409.03
22643,116784.97
89005,11419.178
56030,20677.775
96465,19804.342
59364,6507.797
131306,28159.764
132375,3992.1887
16164,26846.197
97898,24381.834
97259,26675.201
133234,19902.498
123348,25347.518
93460,94239.914
79162,36091.72
88123,22607.73
41772,16052.884
80713,13262.697
97010,4314.841
26751,3065.537
125575,11735.082
88499,29689.842
31564,7740.5244
28479,42220.63
103084,249978.39
110529,19045.453
29293,32396.201
42545,7378.896
58810,9784.642
107877,4849.9126
13486,202275.44
39296,10276.8955
77229,89194.16
85005,7066.6294
146573,48243.91
13240,15696.634
123066,7852.691
58312,67921.66
50562,31734.062
20098,28396.37
137004,8703.05
39840,18231.945
13078,5664.9375
13021,31260.791
42516,11864.854
94793,35490.69
54571,75728.47
111883,27936.213
61009,53263.406
94992,35173.242
124680,284333.6
564,46000.266
129098,24148.691
137536,130708.47
123622,244484.88
132145,3468.6445
96130,4738.6084
74701,15512.392
106119,5016.746
67749,4272.373
145807,7430.0156
65286,25689.377
76698,23965.791
116688,86365.29
114195,64657.836
105227,16888.068
126437,8343.408
19400,10856.554
86777,9816.881
11766,17817.064
56437,7657.4023
143329,44183.027
68548,18280.014
75890,4278.549
47639,35130.625
105418,21182.94
148384,24920.695
149782,6608.8423
77779,11562.869
86356,28925.248
109996,40734.77
48990,1727.9779
69332,34363.055
39743,72025.0
32972,2950.1604
134051,20329.871
76796,28765.957
80080,7689.9956
129061,4804.0654
95334,8855.892
126789,8288.9375
44291,25126.49
65288,12258.466
3929,26051.404
127005,16374.891
146183,8111.2363
1348,53848.44
45428,55289.984
76746,11144.733
78366,54702.06
113878,37682.523
121375,74852.94
15480,90081.875
48410,12835.73
78983,35810.703
142450,8564.182
105154,1902.3512
16146,24610.75
51101,126900.21
44300,123460.95
116244,8830.357
109823,5628.798
115619,24659.33
33857,33011.14
77736,128008.836
41681,4871.3047
128789,8085.8057
105439,39880.21
61946,176967.48
108792,3688.026
132456,53494.07
146833,5181.7505
32408,29913.855
105722,2197.3457
21185,16075.812
134444,36750.26
20981,65705.4
130999,59764.535
17924,43890.598
9336,21950.113
111523,13146.686
149767,36094.28
6902,81983.16
26849,16985.836
39657,19258.812
130248,114404.62
58188,40149.562
47874,7444.5073
52980,29437.37
81071,49162.41
102256,55414.76
112559,4350.996
27705,41421.926
49769,14925.343
20339,23109.965
26167,167497.73
137297,4575.9307
89118,16220.086
109552,6774.9097
68169,7574.7153
94298,30987.473
147168,38085.332
98268,118291.25
81259,3596.75
37791,21082.139
105919,112703.766
137960,11629.737
129272,45250.082
73311,100467.32
130717,5231.073
112378,114817.63
94243,27315.389
41841,46634.09
32761,53467.855
97453,108198.7
144576,83511.445
71338,125549.62
124119,1561.6383
67032,7529.6104
94081,19782.99
142093,29952.44
102376,4828.4966
129395,59844.4
75109,4622.076
89230,42378.21
85299,10830.163
149698,29015.088
56306,44529.336
37546,16428.258
127471,30721.752
26836,82318.48
91216,71324.89
43156,105684.266
142468,28443.578
17544,39913.055
112782,4856.053
50265,108613.92
70541,48707.76
14414,15160.883
91873,166700.47
145735,32714.857
105508,60215.453
134592,10062.239
49713,1749.619
2282,14091.582
55845,16378.086
89178,86666.02
76579,19317.56
9657,43303.535
47615,23052.953
63941,18001.824
60923,5027.962
51130,26108.818
137690,39927.168
66710,35823.36
102785,1382.4215
111878,7730.9395
34549,217539.88
29494,12933.628
66017,24175.973
54860,11868.473
1431,138759.69
140044,92284.1
81720,11357.235
119188,17029.447
119859,112117.26
19625,3119.7246
32099,2455.2805
121155,8826.492
77248,53025.047
48779,48390.926
142533,1729.0232
56367,70508.09
118814,19379.125
56426,12520.437
63743,13463.024
19435,37234.715
131177,68543.33
39433,62866.305
139360,144225.22
145782,138746.62
33019,72754.016
17635,15839.571
28947,12300.711
37566,23936.422
50378,166458.56
123832,52960.492
16919,54196.42
143801,72960.91
138614,16370.601
63618,26404.71
5350,21329.398
128341,74929.68
21965,6687.9194
102045,48735.098
12587,61663.14
113195,38142.895
2823,26261.42
105905,17502.021
49786,37361.426
63389,88198.71
31719,7915.581
30713,65460.027
91044,60081.88
114992,117627.16
149897,19605.09
89371,20468.408
32002,23465.748
112295,13897.835
137660,27939.148
125564,66330.09
147306,24941.453
25276,11545.385
115858,4567.6113
56997,87619.46
113207,27822.777
2705,52647.37
96041,17724.846
81158,88950.89
17072,27380.953
91977,1080.1871
126807,7457.228
87869,26217.99
74061,7994.818
90925,8586.212
148744,199080.75
141714,16208.48
11893,30512.35
43993,15970.356
99535,7727.5713
28534,6583.9717
51050,3337.1992
104108,1043.7377
123360,21250.504
130943,21970.867
74608,6971.355
19195,3097.3293
97459,6428.3184
122560,16732.115
28991,88343.83
67834,39332.21
126331,23437.11
20382,3243.1006
23489,51242.496
71102,8390.191
117422,66578.55
139043,15008.704
122382,117797.414
47208,2839.6138
27093,28631.441
101767,12726.628
17357,18551.123
121315,15865.433
79673,1367.4485
142323,18731.967
1140,4271.112
63858,102038.54
144649,156195.61
13370,80284.195
77708,178815.61
69853,23754.893
108456,52628.67
46133,7943.8457
114342,17314.713
121898,19271.557
21550,45349.574
34426,7210.387
147991,27034.371
119330,6806.7017
11518,42082.047
1112,7882.475
35358,28040.604
120576,84584.04
133164,5555.3296
25702,3363.2302
6804,45550.777
61689,11355.364
62752,10443.095
144726,3489.1409
147004,13851.843
12109,5779.7476
103229,87597.17
31776,101275.625
77165,36214.43
29541,12586.035
15722,17052.729
21320,122461.83
100980,11243.62
87902,13262.188
23043,40330.61
138102,11750.952
133091,96382.99
144451,4290.9883
79621,142560.42
11961,18160.807
90556,42966.566
19429,14951.123
49183,16141.426
139635,7672.84
101634,63977.29
27904,5577.4966
54787,77487.76
76187,494143.62
42667,15642.868
6750,2631.7324
42812,4624.327
102383,34185.074
146850,7235.45
74557,37806.96
3901,11496.066
64812,55653.12
145496,83869.57
116886,5797.932
17559,2249.0757
25857,84115.44
140916,9642.954
61229,4276.4688
112664,13105.52
115924,69234.26
31682,8106.236
20590,111564.28
77795,27058.238
118799,17918.668
6205,10591.505
52015,45313.438
146128,7721.6724
78186,46468.87
108322,91980.93
28693,89420.15
46665,85977.21
59366,7812.957
139697,111776.96
131136,24141.84
115285,332421.6
60100,33960.617
132434,27844.611
76325,14356.957
129446,76661.75
84548,245381.55
147013,10390.663
117820,47159.555
133928,6479.201
32383,25159.943
19794,6033.627
89030,24422.271
19103,1115.1987
89232,7132.7095
145967,6792.403
42422,95464.64
55399,12154.372
38759,133373.02
10265,23734.125
74684,11199.798
66128,8583.647
30905,122657.69
56317,6979.4546
28686,23966.59
8512,41301.242
102003,34454.977
57977,138791.05
18397,7662.941
138848,4915.2812
110874,90660.016
109051,45834.516
88837,13363.317
129994,40518.184
21857,21626.055
515,10109.485
79796,29833.191
72592,77681.34
53064,30631.096
57716,33254.414
142375,100455.46
29016,3724.4526
14331,19464.086
80876,6926.242
25855,60162.926
126671,2262.9014
98902,74772.12
134332,1871.5768
56094,53853.465
92965,24488.078
20393,21354.387
80156,91089.64
143508,80997.66
11730,6263.5503
74675,40891.273
53647,42295.582
43217,402858.38
125763,35873.48
32591,31818.416
141937,93063.734
46975,34503.258
59769,11647.124
17093,5869.243
5025,59601.086
46061,87653.195
138624,7321.509
9655,6136.289
22157,14414.119
4713,5893.2246
89818,1601.7776
15721,7517.7505
96213,33996.902
72644,97495.26
147069,4698.033
65490,5814.3345
34892,19238.338
74245,107836.914
64386,26111.693
111530,3985.196
10095,35909.805
23280,373429.66
125503,19741.057
48316,6296.0913
72651,9493.362
106950,8730.991
129930,5424.4033
9804,15893.769
13095,164833.73
109796,36226.03
104402,103699.375
13684,9394.704
19668,6320.833
52266,17114.13
3254,64276.62
9463,3374.4253
58468,40148.426
121426,21008.799
10505,10057.449
84083,13162.373
16018,16563.803
56630,35531.477
12234,8132.1865
81257,126522.34
118743,2874.3638
45368,68438.7
119829,4506.1206
92693,81914.31
63241,7899.995
9852,7563.822
138424,44849.49
1464,1490.1643
1549,74263.72
107536,5761.9873
120937,7669.3306
49180,9948.989
112759,8112.025
119282,6896.281
77632,9598.266
65550,104495.74
115384,5100.669
8283,14545.776
48662,14827.461
36735,33830.332
131924,5951.7056
88052,28473.033
133777,54187.496
46715,117798.96
58276,63166.176
78747,143520.48
71245,9931.75
25275,7376.685
35674,6572.01
113104,13541.396
71108,49078.73
136847,80714.25
81843,102594.77
58247,5991.5225
37448,153718.12
58014,88565.05
132892,74074.03
75518,19424.055
45923,7942.12
42664,70696.99
110408,62798.242
85088,9627.487
36234,136427.08
122220,1560.1401
71056,57003.42
67538,27311.75
21818,2018.0038
105005,15538.834
24824,137316.44
61037,7219.0127
142242,6331.2397
52257,56233.625
105886,2650.024
57849,29696.795
84632,25513.463
14907,84907.28
94602,186931.6
24089,39686.88
143524,74786.48
40186,6377.0796
31093,27285.078
47213,34443.926
25467,11819.89
38359,149851.2
61969,12938.568
29411,6268.38
1731,11072.588
79130,37908.82
113273,4865.6514
67709,5255.5386
33855,41109.74
139135,11121.158
122830,4708.222
82508,34363.84
49819,92113.44
57094,14535.953
90109,1042.003
90655,57498.613
85073,174179.66
42552,4566.9463
39110,121896.14
77093,9041.177
61049,29138.14
106972,47758.504
93338,42221.016
48800,93732.38
89558,13148.516
23682,4063.0012
117225,22772.691
149679,10242.853
99608,3996.3843
124548,5207.415
105915,3714.9094
99107,23917.652
10636,4727.837
137490,116196.336
117595,106037.87
52348,5075.925
32666,146395.8
95336,28132.594
140478,13605.322
63087,15961.629
128970,34372.7
103644,12203.016
14413,34609.824
45164,8378.425
83193,1436.8685
41431,86242.27
132163,43291.19
95406,9953.899
55053,38774.523
20385,28577.475
36702,4838.3364
135527,9441.893
134305,35389.203
93674,88676.22
86388,8191.6865
121798,68493.37
6114,18134.84
92133,110484.95
24797,85273.055
12576,23385.184
105978,3818.8965
123770,78317.45
97477,110611.14
136181,39851.406
14453,27570.37
60686,6053.3735
112185,18489.953
25977,22473.191
85084,39653.773
114968,172830.42
85574,3513.1072
11511,14335.536
9821,93260.47
116750,83570.84
37071,3632.1926
47373,6538.2065
51952,102153.96
64512,1111.033
94952,13465.9375
14344,44595.34
95853,8948.217
59562,11708.772
7396,27352.896
40578,10923.456
87740,8826.124
12606,17624.475
37622,36152.18
11066,3047.974
27795,34245.11
56800,3362.161
50019,11920.283
29182,41911.03
144344,18720.424
81760,26929.418
34105,45124.066
88717,21458.664
149062,295462.2
27188,46774.938
34067,12658.977
4449,120820.31
83805,50578.555
46509,34466.523
96776,2810.7732
25802,17119.271
102381,3046.443
139501,109670.93
145973,2856.6826
84793,10396.895
12825,9179.001
102087,40013.47
112523,6211.167
76358,27559.275
78842,24883.238
123017,175406.47
65931,8510.569
84896,17132.592
19492,15483.778
129541,14321.319
82881,8641.835
94227,85204.336
18754,23467.426
18289,37593.062
134924,8453.894
36659,129691.55
73395,157135.7
21957,15021.219
140507,84090.914
149771,3479.3643
139739,13457.597
3857,29848.896
80303,5541.582
60329,11387.714
149264,166968.22
64099,8764.011
3342,1588.4827
111983,15959.056
36348,6509.916
26801,7161.236
63793,51258.61
124109,1502.3441
95432,13767.097
223,9224.366
65431,30877.402
68778,3315.6565
56830,22459.596
47466,16151.78
89685,46465.05
121487,56026.023
17562,41763.254
2817,5651.714
28514,2569.319
13869,9933.643
117035,13255.277
125047,5616.9917
61191,51972.926
18467,8088.862
135708,5720.2124
46726,2475.422
2589,57496.062
42853,150134.61
139287,58835.33
133643,34573.613
57917,13001.949
107689,3872.2961
54530,6260.2393
81616,46055.004
80516,20613.58
38718,137616.78
116021,151772.84
143480,11931.71
31231,6522.844
142714,61602.754
59432,38566.914
112183,90386.03
90904,54061.047
136522,6502.464
73241,43049.758
28687,11861.211
24051,2578.6372
80120,26105.783
16683,20248.834
12305,36722.52
93156,48747.953
115779,55196.9
127543,44406.848
109922,16675.498
146338,16416.318
80173,34494.414
146433,3496.4065
63157,3559.5217
98995,9679.002
72061,28883.273
134928,111398.555
43752,66196.49
103832,7621.278
63934,29179.334
108384,19292.754
89704,15602.827
63190,35036.08
2022,12441.375
87789,3795.3008
87379,6887.7188
21723,13154.368
25359,14647.141
144664,17371.04
33793,25974.02
50028,1313.01
23639,156969.16
65287,80560.06
126704,9612.742
116908,31837.875
110640,27989.95
29597,14126.827
99425,78330.6
113473,63622.273
148626,39472.207
94028,6162.123
112364,12623.311
93053,40549.387
63277,49904.234
123524,79800.58
48017,64407.445
18859,36558.547
802,183628.56
138511,11188.7705
140705,14925.71
77685,22080.66
98818,90615.8
97754,112834.72
23838,13018.101
125844,48897.33
123797,6125.0923
131680,7528.348
99928,47134.465
132664,36063.99
93914,6849.278
77183,22047.363
22060,17017.072
42968,14751.126
15964,6064.2266
16652,100094.29
80807,68461.68
55170,3834.266
79284,12811.117
145561,94675.41
36943,4968.351
8251,38527.6
36407,3124.4265
99304,15070.855
50710,40176.145
123109,6429.433
81352,13708.788
32764,33780.113
65379,7965.0957
12831,27868.637
81386,9845.969
44170,10178.13
74662,7692.4824
47773,13620.079
100452,35390.18
87136,24355.205
72731,10848.956
93745,23427.441
144542,51126.324
87636,59529.14
128674,22156.84
62069,6037.98
6327,31824.559
144693,7887.3257
55875,9258.469
90507,5390.054
112817,8589.102
77192,4064.5742
36634,32279.932
146517,426769.9
14788,9668.428
146143,13062.562
9385,8333.708
128011,81268.74
146667,76869.31
94754,95239.14
138688,20788.785
90595,51144.258
113952,56544.273
92197,4743.913
75000,5765.1343
47201,67487.19
101215,19736.607
87117,114472.52
39978,38963.613
121520,10910.343
75784,47506.043
74436,38845.74
116023,35345.637
128234,27504.64
61527,39296.62
93989,44686.11
80775,62666.953
64980,73412.586
105024,106787.2
23613,31230.02
124664,3108.5273
1851,25082.906
65816,8800.943
94829,8163.059
139458,22302.863
102123,1126.8824
120766,14737.612
131053,46732.664
79839,127802.57
121969,-143.45175
55505,99980.15
16813,4400.1123
126846,41269.137
103333,45332.406
64586,130025.23
122156,33736.53
50792,5450.637
67788,54663.445
112663,15467.459
22345,10475.41
87904,7555.3765
6723,7614.4614
111594,30430.03
146527,8480.51
98589,9915.314
2807,236200.48
63172,143783.11
138655,9818.117
135889,30765.424
62906,8644.108
53794,31986.97
56877,24902.082
700,93661.016
14482,4913.0513
64162,65340.645
101797,2091.4326
91547,3041.97
74933,16375.298
140982,2306.6282
73586,7694.546
41028,113231.51
114688,12387.726
98551,41768.75
105012,22822.008
12885,28012.4
54903,26356.635
132925,63596.246
69505,44040.04
145281,1442.4915
79741,17985.496
101499,6420.466
86477,34604.035
47108,12536.726
47401,186554.69
89181,56373.117
84597,54137.668
133779,126140.66
18804,86061.65
63306,66302.89
37490,424797.6
122752,84781.664
116269,96943.79
117458,3420.453
102748,34319.855
50759,40100.637
85164,9318.39
42334,25715.088
43581,56540.02
76080,7375.189
91066,113108.586
54186,68662.98
135818,77830.28
55036,105292.49
88705,4333.6978
33721,27508.73
32919,43054.25
43082,61174.086
3515,50985.93
124903,13089.489
29107,58230.094
114769,3587.8381
55418,106509.55
141901,7085.483
53417,37490.055
70653,14662.234
42408,11803.223
86409,241668.75
68666,28761.014
124053,70106.64
27432,13314.611
12969,38056.535
69475,3057.8066
29662,94652.42
98255,38856.473
75997,6487.746
76944,13720.029
80840,9193.993
134520,25558.748
145112,8125.307
82733,134479.33
90653,25822.936
74765,57705.07
90381,2461.3994
109988,33166.875
8667,1843.4529
105784,34210.29
31147,4765.629
105107,40761.004
67829,52508.367
78384,44404.01
140456,41193.723
4426,15523.015
120531,29099.285
58107,34725.69
140819,12638.978
144686,105098.05
135148,4748.394
43354,33175.574
134368,59195.02
44413,11080.736
142553,7104.8247
27511,6589.8867
50795,56863.93
30460,52901.484
3265,50313.402
129521,29009.031
117549,9420.605
73083,4592.431
75265,31765.613
87697,13650.58
74258,8597.354
10990,8476.271
86814,10397.214
117301,11201.21
34256,8892.78
92755,5994.0825
23584,9813.631
23698,294470.0
110600,46294.402
124539,5353.3726
125132,13582.479
38487,10020.967
145708,55074.977
122424,12298.932
112318,4734.697
10771,3346.1882
41221,20356.725
34213,120943.51
63727,15278.251
26475,74574.45
15339,4843.553
46003,20030.111
140065,34018.29
51327,13566.086
110664,30069.385
80988,42404.355
63083,3127.2373
125189,418781.72
98424,49623.594
57321,90820.83
57042,22991.686
11626,1132.654
4669,23638.076
17510,6827.8823
36393,10884.062
43404,3866.5867
16223,6957.737
12542,20310.39
31965,5459.5713
27321,15467.255
99512,180266.3
33658,45074.156
128683,21692.451
72024,39188.668
47960,8952.297
100777,7930.0986
53364,34478.15
115430,169121.86
99519,25237.992
99015,2698.504
141911,77689.09
38993,15593.962
80512,5292.358
118129,75690.93
71601,12383.604
78056,16584.064
82286,11634.571
94579,8113.3877
40602,30719.508
79104,12856.77
137428,11654.077
111914,27718.29
33733,12054.644
136705,450.93817
81376,13261.985
143538,14115.297
96790,12273.697
90061,15562.374
81018,19375.027
117390,33498.227
84889,36244.785
14108,7124.439
85241,23018.482
97811,18162.502
146575,129869.84
63476,5812.48
4554,36469.664
21523,12750.365
95765,18678.936
143966,9743.001
8037,23036.654
44946,9265.477
75020,9181.495
2776,74802.47
39877,10383.095
26844,21452.332
42823,8763.464
28842,3945.8042
144702,10912.192
145353,562355.94
135189,60983.44
103152,23598.088
142825,121971.47
103156,19206.875
20231,15477.641
143447,6243.1313
51229,4706.6606
71434,6530.103
98494,114661.305
115729,5367.8228
83008,43367.15
59701,28677.68
90307,6014.178
18554,2385.0176
62475,13812.226
79360,16686.852
147197,60906.637
67184,2790.1282
16401,13602.744
132427,19955.088
126834,229233.22
76229,49898.87
7728,27014.123
90493,56964.04
58553,84384.59
39590,14489.377
146126,51574.727
58687,8514.62
24569,10749.046
88520,96370.14
100051,18114.973
55813,97956.24
13721,100904.57
22042,18489.686
64681,17100.656
73001,38374.67
110723,76357.266
1674,66452.66
49161,5438.4116
12330,54339.54
5439,10269.09
112345,73122.0
71562,215933.3
46776,20834.623
74630,94505.164
96690,9613.819
98659,141482.42
114025,200794.14
117683,12468.332
130577,14858.769
26616,21677.854
131957,86963.88
136072,51812.68
139166,1828.3705
69978,24468.627
27219,42263.695
38083,3477.1106
11915,19076.812
51580,98141.02
1874,14363.194
81203,24050.01
23033,11117.304
30790,6811.4746
127722,18407.352
48726,125138.586
84268,61670.39
10532,6924.7246
87680,146536.97
98532,1827.1393
139053,3726.1484
30082,6105.01
65880,38300.445
74897,87029.51
84491,1469.2615
136134,8154.85
41734,61361.246
101806,6400.689
63966,7878.684
5799,6627.3765
124433,4516.355
39711,124123.914
132403,7220.0615
9580,83461.54
22581,16015.091
19742,86905.74
144109,42753.03
61612,8408.568
98692,43914.367
9629,119653.08
148902,16831.723
43475,39679.887
93132,43126.14
112994,4710.4346
115197,45045.91
11805,4132.6577
547,48100.152
597,24635.645
59116,11608.889
121361,18042.035
98649,7271.6074
75089,12948.526
100093,15649.94
16968,2994.2607
118866,2050.5686
8089,6418.2134
63525,18298.19
45903,16250.284
45181,18135.291
96548,48405.89
62879,22143.979
1295,29572.803
117340,251109.0
46028,6809.6597
137106,16270.095
83185,13337.688
130880,80459.734
2671,264645.1
67374,19021.7
90783,74761.54
94979,2254.9092
48563,216450.78
8831,8725.394
130802,62199.535
106765,70978.016
138812,8490.856
100,17748.604
15764,13504.86
68280,18775.932
134237,27288.795
135329,39055.62
4647,16377.154
4047,9697.1455
134610,32126.018
44535,13954.241
29240,23269.92
114324,1962.341
110682,35338.766
120421,5252.26
139124,9263.394
106438,65959.44
95750,19839.691
50683,4819.9136
46228,3201.4927
131241,98725.86
47518,12825.159
6849,10649.981
113322,5338.0283
17579,81861.16
118421,9449.885
50769,9452.655
15984,46435.953
111084,5148.334
44058,69661.05
114605,90836.82
104429,85594.95
67590,18172.572
74390,11922.19
1144,10203.729
3079,16905.613
141017,9033.38
144602,19642.557
48498,10618.074
33478,20360.088
82769,4131.151
115613,67566.51
40145,12016.423
136568,29893.004
47545,42499.08
20975,46088.727
88082,59467.047
43636,7206.1387
96798,4477.849
90586,28364.8
79170,32455.371
83172,3178.0466
38853,12497.299
50854,20199.748
22641,6860.9937
97062,6116.3394
139271,11564.317
90200,17341.506
66810,57129.332
133713,23044.682
122736,17033.32
32240,121032.26
58437,5161.5576
47795,7987.1387
37504,116920.766
41959,8705.249
61693,57497.44
30533,30648.502
20262,298515.16
7482,3143.4258
99286,21245.967
42372,70294.64
26118,31285.295
132857,45084.28
54361,58197.418
102210,3513.0867
89506,40211.625
97863,83470.914
4592,55148.355
42838,806.9778
67941,4598.927
133543,10142.455
99091,88194.23
63143,45908.418
119684,76456.31
131017,19734.428
56614,21216.262
128010,5198.8477
17185,3743.912
102097,44017.086
86894,27132.584
144032,2871.7617
13945,11633.09
71614,1935.9122
40043,6984.2666
68747,4366.8643
62671,55615.598
5345,16887.215
1949,20328.77
113655,57331.535
3854,6857.6895
79963,34275.59
73262,5871.8135
59749,3077.553
139554,4843.2827
119670,11669.518
116144,12362.611
4664,47282.88
94433,26684.447
96342,11585.507
92734,33342.426
31212,6242.573
59429,1419.1034
49596,111769.24
112119,15710.839
100835,110876.34
103202,32332.021
142250,17857.357
54322,13538.891
51436,8648.112
20107,62399.242
21847,19556.91
143648,8793.984
102730,11516.636
37461,12331.664
1141,5065.649
101094,33259.44
48001,7971.1875
48543,31719.787
27291,1433.3109
44037,19019.877
130925,44674.465
39165,104418.52
31829,9525.385
144867,6356.0933
131118,80606.2
142074,32940.824
40611,100884.85
6360,8366.348
107862,42702.48
54161,5311.9946
132079,61217.79
69942,8968.075
72012,44958.203
127864,50391.777
84012,69738.53
25307,15942.4375
39232,11019.985
141108,11415.791
54002,39195.254
72677,12699.007
105128,65094.51
40444,62330.79
125683,24487.86
69592,32356.857
97670,204458.02
142284,7703.021
20775,4078.2095
106842,10022.054
32688,23452.346
68741,116391.55
44823,10310.251
68096,86018.18
12028,38434.613
71543,68284.05
142819,187947.02
76168,20875.137
65074,6295.1343
26519,8062.341
85125,128291.86
36005,5380.304
144125,5860.11
130493,22618.06
95360,108414.19
34934,69163.91
87563,27585.791
110634,1828.0305
10037,58697.19
46876,11536.289
109904,9619.871
58951,21871.604
33165,50117.934
139097,22079.598
106166,47011.395
47516,49220.68
134809,25799.703
128390,2012.7072
102578,58669.74
142171,13878.78
47968,36562.043
101941,11289.128
42210,20949.275
3674,12267.226
1323,16235.665
10900,102676.65
50798,31102.682
115032,123456.32
34365,996.54626
137280,15760.529
27136,732.4064
21327,16460.408
39382,15249.448
35957,58198.098
51038,7897.0767
93325,8622.62
143575,1860.9272
87310,46200.977
86169,18157.844
74004,9423.41
30016,10061.861
69914,10537.33
19208,15200.396
29722,8260.536
38037,4105.958
112842,37971.965
128785,3404.4504
104121,9752.199
28372,21433.184
93014,18641.518
32932,54172.203
67061,18673.12
81334,95067.66
12511,47089.547
49279,10735.093
71027,4926.4233
26480,30736.09
21361,17093.756
3580,9082.908
120789,10120.698
125817,11087.995
73210,10655.449
44055,107008.31
144395,4577.1426
143236,12899.218
143864,107594.44
102631,6318.9033
8824,4118.416
115097,149850.92
120109,26411.47
77078,26352.303
118451,144678.34
93584,23154.139
46891,76588.555
149783,84805.516
56559,1522.3319
146720,6731.696
110843,4811.573
97568,20932.92
13453,7501.7256
16204,2694.701
136765,11054.677
60042,102102.61
44158,17069.572
81769,20058.11
1193,2434.7979
131817,43983.176
76632,5987.4966
41006,119422.0
148792,10229.651
35146,45572.363
120517,65949.25
68698,79248.95
12806,10523.971
8371,7289.1235
96442,3069.2332
133984,42760.586
139393,89046.695
108130,19391.85
9939,45339.066
70092,18361.549
22043,17973.705
139311,11985.186
58392,84856.96
21832,13057.285
106121,374212.2
54796,26375.875
85070,11424.981
31753,18079.064
146768,43495.383
16634,29468.643
7946,43652.273
12854,10835.561
76951,57661.707
68477,7394.6133
116216,91256.664
69249,23598.334
97317,22027.385
58580,27473.893
19440,15256.781
36754,9373.824
26066,16535.623
69228,12665.669
103300,27895.795
18257,8857.908
36837,2931.0396
109301,48360.383
11795,140095.84
119214,35920.55
13897,36483.363
131886,69702.8
84795,6393.596
132699,76484.77
142162,126486.734
72170,18257.13
121296,1200.5504
70746,5283.958
40073,92786.414
81034,35210.754
61444,37222.824
121225,40555.656
115769,11409.109
62058,16755.982
36640,22205.354
6076,27857.338
101150,4479.069
13823,21382.037
89726,3421.5537
149988,59607.4
62603,11935.009
134482,62705.535
88930,36940.324
99986,12871.574
68563,10381.707
10577,88381.234
77845,16547.158
145737,19451.672
136976,46975.03
126243,114066.47
42549,50478.75
935,3771.2102
315,137640.72
115437,11567.049
16111,7651.3657
109724,60281.168
13361,7165.8257
75329,3548.1497
9592,69921.88
63753,5209.5806
102141,57728.953
21490,15498.937
120475,59374.312
131840,10425.333
31348,4083.152
58672,9664.153
89034,64249.668
21150,4680.8877
101879,48380.746
52942,26940.178
85352,89731.76
79119,27813.01
64294,57181.953
62436,123707.98
3038,1141.788
93472,62408.934
126088,5224.194
123467,16242.582
35247,205786.88
55861,33333.645
119973,51724.17
72551,55239.195
134151,16129.189
149263,7164.134
32252,41642.86
10110,4427.538
23769,149483.7
110179,51940.3
106757,29325.17
60262,22679.883
44909,179311.2
34706,11822.235
111815,3795.2017
41646,7653.058
106575,13571.954
52812,9042.2295
56397,60143.902
138272,14778.436
43865,83658.195
122931,85791.94
88349,19377.17
82009,28874.395
99540,22602.672
31920,67062.92
24702,19003.643
141719,35034.29
138673,8117.1855
34863,9093.288
33168,85474.75
70341,10398.356
90261,8529.157
24507,7279.7065
49788,10580.02
17214,63579.035
32059,79683.195
53153,59358.03
37911,126843.49
131298,1220.5125
54966,43693.5
92425,23949.623
134625,16451.03
144814,11722.405
64479,20707.613
40278,50880.945
140792,7487.022
41306,4995.9604
19741,44785.09
15576,1847.777
11057,45230.164
113260,18453.896
63879,5262.3145
51474,10298.784
128285,22419.947
92732,76098.26
90500,26674.56
100717,713.14514
115676,63670.195
142344,84482.63
115880,56261.875
16152,48970.098
50758,7958.341
8715,6830.9795
36657,106836.44
527,33778.97
98501,23768.11
86080,7755.111
47250,13489.124
88413,19379.344
143284,4232.8594
9462,55665.3
27985,24439.758
6510,88569.73
30623,37669.188
47655,93893.38
102536,3569.8333
13568,30066.24
492,32571.803
149192,8886.94
72716,117440.91
124745,58060.86
5323,43701.152
82109,26236.383
84399,21126.559
36665,23357.78
6703,63074.34
109210,75502.984
62691,38052.06
14810,63915.555
4413,72008.97
109872,41429.844
90032,11987.755
136402,6333.471
34954,6792.592
88244,47175.336
126150,55279.965
20162,6473.822
149169,17835.297
34964,42354.914
14712,23211.031
128840,7238.6826
66148,16130.008
146786,21291.797
136248,40521.246
145158,16446.848
108155,23849.021
144882,30888.756
77086,12441.519
88824,49719.02
46309,117117.77
128515,2387.7556
19155,2837.841
43367,11317.853
40236,21862.469
55600,7030.6704
63919,109276.98
49432,525.0624
143096,12227.564
12730,37426.895
6643,9316.693
118100,54527.09
103534,23511.814
132734,15124.787
105220,123124.95
139812,38123.453
113777,33754.188
77392,76010.59
80150,11855.757
148239,7309.663
125941,110557.34
109532,39378.074
92190,32594.984
6766,39382.45
83550,81063.86
61456,24988.451
4174,11583.339
31058,75556.48
50535,43267.207
127959,9757.704
31335,27361.459
84856,20541.256
62367,69263.3
49370,18936.416
148654,34879.47
116354,69845.42
97892,19352.668
137118,25977.373
33305,264107.5
94868,9104.053
63703,5393.1504
73434,5958.7407
10461,6199.966
44265,60771.652
91722,21663.479
34738,371200.03
99978,77527.56
120455,24436.834
94543,95926.414
23827,40511.734
64590,73866.46
62018,42346.164
17525,7147.4214
48975,9130.101
135598,18931.076
148933,7371.962
104531,75387.21
91652,95256.8
138247,19268.193
22930,12003.46
48326,97568.68
58632,9603.308
105264,12752.769
131792,28741.936
1214,14641.945
24253,1882.6559
24894,3735.3413
23593,18138.438
100247,10682.627
70739,17093.988
67642,225515.17
14892,25778.36
41320,7378.119
72038,160220.69
68068,44780.234
21734,11010.911
99101,11356.367
71732,7311.6494
69345,88004.734
86614,43130.98
89068,138477.7
106512,15317.915
132110,20922.398
7175,996.3177
142215,12821.072
16771,1131.6682
112373,10737.122
76371,84634.92
2435,7266.0664
132848,7973.676
144387,13492.855
10866,12960.0205
100968,65467.56
33817,14446.309
2994,11854.959
75260,3814.2695
127625,15647.754
95835,16578.777
68479,26103.84
119041,2669.3413
126525,20109.598
28167,17801.568
18456,37238.246
147771,8391.086
141886,95293.945
84327,12969.352
15358,23674.479
111255,105212.14
24291,55386.19
28998,22552.879
73386,43299.46
23892,12809.959
90310,17838.898
126273,10085.761
122665,2078.222
126252,9753.493
130604,35089.54
106474,158493.45
115227,24238.885
66245,21213.701
42528,41028.25
39761,1435.2728
49637,1478.5679
75426,28057.213
92281,41519.562
94581,70435.266
144600,8169.8877
80305,67934.19
73433,6696.8037
104444,11081.167
15202,84037.39
68821,20172.361
379,154389.27
142603,12753.156
3313,5749.061
126769,4347.1743
136063,24503.238
44164,5219.938
62713,16640.81
85310,14782.287
40960,47048.64
113272,3715.825
114892,18295.672
27129,52199.207
23481,24367.553
19603,39647.06
78866,3093.6965
34801,23929.432
6814,39617.99
8904,13397.983
10093,70703.586
72698,30409.26
49708,33956.043
118283,126956.94
137593,163245.53
54491,28099.266
29882,14141.822
59889,24561.057
89867,63985.258
51160,105962.39
13062,172300.7
48892,13260.232
67873,3167.3665
95064,78733.07
34776,5954.7354
39199,32413.154
139470,6282.1694
102819,19855.928
53844,16532.094
68393,189504.0
114754,13306.955
25143,35571.32
62125,8295.502
72254,6617.787
58990,7218.473
121083,41384.2
46385,127280.66
6045,20211.557
9362,57101.035
77569,25034.521
28338,822.6031
48644,19626.178
140476,105362.695
131950,60823.086
74344,23083.22
21225,5874.8945
86924,6431.073
64671,8817.477
6842,37124.97
82996,58146.508
117937,4989.314
141970,5708.663
70235,68295.9
133073,14327.239
99896,22363.842
10824,16656.514
131937,14805.667
64727,35899.68
65788,9630.079
95907,5430.0903
33043,12194.04
51739,23245.412
38528,157741.34
135555,46108.43
51270,27800.467
138106,19525.447
134776,10375.555
124005,110879.64
8112,29878.268
126903,92640.695
36257,5235.0273
5510,47968.445
32861,9984.78
95289,96148.92
27119,3825.288
29676,8134.1807
146115,150889.84
102577,9276.734
88501,3098.0808
53243,3695.0981
23825,13317.188
138161,88565.01
3403,5534.63
15037,60589.824
149393,18058.021
5300,35217.37
125937,7613.33
36715,36730.76
135160,5538.665
36759,5417.755
23251,20529.0
147500,23228.31
7470,14083.21
36379,122826.58
143317,17129.781
93554,5648.2085
79817,69710.22
39345,47911.062
58756,6886.201
116174,190716.5
66678,7804.9272
121820,40407.477
124377,17076.146
136721,56497.418
62998,1309.1621
6291,26576.56
31206,6276.42
183,36095.02
86961,114231.9
80241,24514.453
122550,22266.686
105660,17808.807
104717,39763.207
38023,231722.48
92791,16284.448
78370,155300.2
145156,4283.6445
24585,37404.055
127848,54340.918
119235,4945.047
48378,1664.6244
58933,32933.59
9480,90922.79
56193,50477.17
122006,11545.888
110662,157370.94
7181,79272.27
109792,150415.77
36654,11129.584
126931,116015.66
65593,95435.766
116950,9184.666
126707,60725.047
67480,14833.758
24461,32256.064
73985,63047.742
109810,106851.74
126368,2306.101
109676,44488.188
111233,9150.897
12208,23798.93
28334,17125.455
30127,30009.045
107728,31060.105
435,429493.94
56157,108579.86
15738,4429.7646
88559,47612.668
120342,9602.272
88087,5060.585
4603,25602.396
139569,213809.34
41827,6509.723
89756,6602.8643
51310,57549.844
48597,33486.03
103305,8782.145
3334,30569.725
22074,37793.594
2733,11003.698
99396,11306.826
99987,40762.637
132910,48414.574
82110,23878.148
141725,58318.004
23699,7914.6543
149208,16691.566
94862,41102.64
124309,5538.281
102925,42846.137
139094,1434.4191
53347,17349.607
57816,38395.52
66170,123022.484
57366,31396.66
59911,55878.15
113764,4391.674
55291,92643.6
3611,68403.016
137708,2920.9824
116336,9563.171
31848,13894.743
110467,18426.168
38780,39760.734
71475,6781.459
52760,25979.865
34068,24468.334
137520,117922.72
39994,85981.516
10680,68116.72
124553,21541.959
71173,28421.756
67229,17218.492
100664,7901.2964
71989,24539.256
71179,97172.99
47661,17402.111
130660,9760.608
58116,19156.559
29944,65508.047
139954,3546.928
90673,32946.152
76005,22472.396
2058,26559.57
48051,25173.842
108850,6502.0396
68784,39259.69
53005,3127.1987
17853,56127.656
6699,6540.3525
62574,23357.672
89502,26014.76
144346,35336.227
102228,19360.188
105019,9647.587
86648,12116.451
109800,17399.607
114387,30981.2
21952,35946.062
88465,43037.766
21998,29226.68
65592,26752.184
87666,3188.8262
56422,18221.422
28923,12799.933
130051,6145.434
132939,16321.053
25926,13042.327
64490,88793.52
38688,40608.938
62944,7646.8296
65110,20584.127
42963,1676.2946
79223,24380.475
24531,45763.61
46029,54048.88
56415,18251.81
22005,5504.246
137240,9691.361
89635,22074.225
131752,32538.248
54269,9958.579
52721,44371.613
4380,64121.387
70835,15342.396
25643,39654.082
13449,12726.872
40704,5093.6494
149562,1685.681
139247,122442.04
87996,55087.35
374,46666.7
13924,2877.0852
28948,9795.398
75803,41908.74
28160,75260.08
37363,4192.3267
119043,105017.69
24912,3949.1152
88883,6729.67
149494,5229.8086
118296,27778.08
96142,83668.625
19462,26926.412
143206,12743.272
137290,14832.029
18615,52022.67
72406,43270.402
29487,9188.505
50501,55792.844
72763,28283.703
87879,11088.307
118506,70473.39
48150,50134.824
138911,2469.3225
65531,31950.205
118991,2867.2031
8193,37039.35
82431,9802.879
63469,27243.574
28124,16514.06
50158,7432.59
47094,104301.266
57252,27060.145
28893,8993.3
80234,37195.355
106977,2382.3376
15557,12849.046
109693,8171.122
25468,180713.78
62479,40647.516
109722,6487.9746
68809,11519.9375
128357,24633.395
36293,18842.316
55016,6740.992
81781,8266.858
70164,7641.451
16672,22863.277
11449,8876.639
112419,69912.11
67270,57043.67
135739,8409.857
145587,59974.168
78515,72925.94
145827,128799.56
127961,7628.283
109032,194727.69
97614,3705.386
33392,31403.402
122234,30697.627
54876,60887.742
50392,11277.034
21873,15654.072
26040,24030.047
102043,1851.0377
62341,101205.664
128260,58957.26
37373,95416.64
121368,18992.754
123049,81129.55
5116,4457.188
53992,36536.17
91556,14087.069
95265,2831.709
55014,4264.654
109911,4508.2603
28804,11856.351
140437,2764.6257
102973,48854.992
41998,24140.258
36093,10563.446
89661,25746.234
96521,7555.067
147438,7315.8276
73757,13935.681
119000,4333.9478
117906,42893.934
142666,42702.543
62362,27985.658
22853,10827.373
116395,5624.8647
12594,7547.072
94468,91847.914
122519,45256.723
110312,76380.29
10641,129705.664
53036,72463.87
60142,11075.054
71920,6470.9688
78308,68232.086
36465,34286.082
50188,39624.566
107585,16398.188
70745,32477.504
101069,9990.706
18724,34488.58
19004,26588.904
29366,20427.236
145406,9713.203
20812,20079.154
111080,106362.64
120526,50904.94
52368,13435.749
42202,62225.707
61684,66527.28
9851,201697.08
92228,21286.182
40393,29828.898
4749,197653.47
143781,15280.488
86436,48056.934
104692,6310.231
118293,3592.5527
136374,10118.745
77676,32337.164
70459,9640.137
24302,68440.69
111206,42513.168
131439,20342.83
66580,72156.46
54476,143400.06
120214,16161.151
49714,7338.3423
57882,59583.25
25222,5792.584
99564,6875.9683
84259,10547.997
2775,18010.139
87757,17434.13
118053,36848.707
129052,9809.953
59630,148471.45
143405,8395.508
118140,42405.906
115697,12564.856
135146,34418.47
48712,4311.7866
137356,11175.251
88842,10682.242
56845,25105.2
65422,71898.13
55263,4725.909
33154,28521.045
113949,13426.33
129667,9646.455
66625,6253.0103
116540,167611.02
31129,34169.7
71947,33233.504
126830,54340.19
77084,7979.2065
89430,23853.328
134657,13603.652
44892,23402.209
57675,6399.0605
3218,10017.421
109578,24927.412
126351,23385.29
128909,1132.4711
61561,52973.434
5750,6308.5737
67830,6973.0625
55142,36228.426
77257,82813.484
136385,1912.3674
56446,8805.594
142234,13274.676
23666,85005.766
103898,9825.229
46420,184998.53
34253,95518.29
101823,10253.668
34095,41213.07
49040,38680.273
145919,43437.402
141613,106852.65
84478,4939.326
75994,34449.883
16189,34542.664
122940,102783.79
45902,12312.479
115833,57063.887
37923,121147.2
50975,6459.404
107806,9014.378
64543,41808.105
127836,45691.746
147894,4098.2607
76413,5542.1133
82128,51129.844
49424,1660.6766
96395,19839.69
86969,136002.94
77449,7587.802
92269,50967.965
28575,56354.61
91958,49468.82
114445,32413.63
145464,72296.734
105780,44725.55
37327,134359.64
23380,23379.543
133884,11069.313
58725,6226.059
119201,65483.246
132429,73581.44
142306,23633.238
16639,3618.552
93373,72673.64
45433,28030.291
74306,77789.31
43202,58782.95
144358,14501.96
52817,18433.975
90521,19985.594
8044,3530.8857
95718,16856.352
118196,28384.479
45960,16241.101
38946,6103.3384
138257,2899.8918
58808,5845.366
56210,82042.945
112048,68426.02
87860,31878.03
67073,22988.525
36760,15161.015
72384,13294.535
17026,42962.77
74412,50813.06
22522,41343.25
61436,19003.41
129972,85997.016
114397,27971.758
42991,5204.3496
69038,13948.9
38934,12502.148
40418,8009.1343
136004,94400.26
65300,79550.44
136319,8168.032
115086,28339.264
133892,167452.17
82740,5037.455
116566,14015.948
125119,9574.694
59809,212104.2
62188,11378.589
60659,68140.29
128009,16732.115
38289,36154.3
4139,32120.832
74310,31918.613
75012,7210.607
78682,4481.526
85155,12450.115
136069,72352.26
2217,8014.95
116005,3203.433
124672,8837.886
84898,10657.4375
11839,12376.605
75045,15148.135
133357,69548.7
42181,112935.95
17954,21765.258
76189,37346.203
18220,11316.588
44614,53201.543
103490,37363.504
123021,4219.436
34470,30824.504
92559,16276.599
10880,102187.23
75065,19434.396
7043,22334.621
105724,72150.67
5902,12811.646
149340,8927.9795
36346,66915.07
75611,7087.4756
88331,17943.777
85628,24807.3
126091,52994.24
44298,47134.62
9324,84302.79
123164,6654.0903
17490,11799.824
35229,3558.2446
139168,25543.53
87193,17335.078
100997,3189.668
48510,9191.51
92296,20106.049
19976,7926.227
79808,71138.96
20668,104556.25
57374,45401.1
119461,8267.496
106086,14337.748
139862,6936.444
139317,99018.97
84387,29683.385
66664,87169.06
128513,42539.902
137441,11390.875
75071,124137.375
149371,13338.606
58007,5617.202
118223,53094.707
12340,243415.2
142253,44034.152
137415,7733.429
47962,17440.139
898,19964.049
149187,3356.1145
31237,8909.615
33752,4169.2007
112398,40556.664
110834,37390.027
16983,57877.973
2611,19953.893
92869,20431.396
124187,547796.4
37022,12338.306
16936,18275.432
504,39151.03
96654,14493.449
13580,26408.95
71358,9129.677
445,23553.746
23302,85388.63
110027,86046.875
126696,44219.65
117321,11166.901
117168,8632.148
121451,335205.03
147588,50715.727
70974,90977.81
83925,9369.4
148512,7363.1216
15210,26922.238
8035,31435.662
146295,27372.92
29458,4337.1675
14293,65430.97
120515,3142.0923
135061,17947.367
74943,5436.475
59725,44039.53
60643,42712.703
54938,80812.85
2432,143403.58
147049,17387.83
84849,9597.459
125445,23394.566
17295,2270.4563
101225,30140.906
44468,11740.558
32064,108211.93
100812,41534.402
90141,7791.9976
20139,4682.3506
1401,101606.17
88860,43457.258
119541,6994.188
92217,10072.118
78613,123978.9
116796,10130.224
65797,5443.7363
1976,43595.207
52398,7430.089
20157,64813.59
78642,73263.73
33012,100011.9
90527,18290.193
86561,19035.98
84801,10478.109
115045,37851.86
114991,67824.0
129220,59775.465
20830,72733.61
149420,18124.867
87235,13916.968
110064,50971.266
42614,10660.834
69131,99141.805
88762,11828.915
65809,16357.496
30498,55477.07
83999,9647.587
112060,27518.848
128828,117422.91
148701,25077.924
65407,6008.082
71427,88670.555
137545,41878.137
1371,9645.692
92374,96156.125
73910,167399.03
69918,21148.625
112344,106822.65
50607,67009.695
116015,31278.582
6702,21960.115
3054,14196.924
17134,22732.268
125952,15498.177
20833,10589.299
103604,6265.572
101198,14895.725
137414,40716.6
78265,6063.256
33413,2791.2742
126897,19977.002
18605,5025.283
29504,65945.37
18982,2023.7522
44778,16201.148
70805,8848.499
79032,2932.8677
15599,52363.25
134916,47762.93
33744,7933.922
97471,33501.574
127984,14460.166
128926,88694.305
99125,1566.1531
140748,140464.88
63379,17251.486
101451,6504.063
14551,13414.663
47450,99228.125
11485,78061.57
55321,59045.395
81531,9388.501
63300,197674.89
71852,18848.998
23044,104987.695
89375,9460.07
50301,12079.4
34858,142954.06
71461,65442.125
119488,4769.62
139712,7517.883
143049,21061.965
1860,71623.516
123757,26320.785
87603,13601.64
38099,10924.219
71436,141042.56
131586,31146.97
85331,56124.73
19016,46117.1
145502,34648.867
76608,43847.605
59147,3266.7756
70112,56742.67
52341,9612.896
36421,11993.215
14511,14840.119
123061,25717.38
116996,100245.18
93485,158418.22
118893,19556.146
64703,60371.066
103367,34896.63
147441,20849.496
83494,111623.14
108799,3778.3542
144208,7048.3813
10815,8927.137
127542,92400.48
125239,38046.832
71212,4407.525
47011,5642.349
98861,6702.6787
42534,11855.025
36741,76818.945
67705,36316.21
111009,39334.004
107503,25209.182
19990,90961.805
90100,36060.887
7865,18026.14
114486,118228.305
76843,4874.752
132629,99659.21
147460,9312.46
98133,8220.942
121021,23934.047
19938,39979.01
110586,15984.865
17011,26529.705
48660,30196.492
92257,12588.122
23515,6070.135
26439,14313.922
14811,6634.5913
75531,5119.3916
57046,3595.8674
107562,35377.85
119281,6019.6553
100418,70708.305
116772,5067.6523
32140,138462.06
45214,41270.867
49402,64329.707
54165,12187.536
141891,10609.413
36867,20094.168
92340,69284.27
48911,77045.32
19175,20148.502
144381,6191.425
9829,27398.87
30519,6686.25
50996,5975.464
35355,-982.73
50045,8911.136
117036,2967.0344
39295,29143.768
13122,49054.473
41197,72465.805
26207,19866.557
125690,21106.068
89823,20028.305
115892,42426.207
59595,5284.9556
124168,66869.28
50702,75796.5
92504,31564.895
10372,27798.557
59702,10830.927
49630,41031.98
138421,5715.6772
130494,5529.0166
87024,19737.578
96516,144633.89
30064,16405.707
53270,12848.114
143659,22282.322
59059,65455.72
13038,15199.987
33504,6738.161
82018,31312.738
20591,3685.1084
46498,23354.75
86830,73844.91
93725,8501.264
73862,76114.58
86180,100519.92
2420,7288.51
136482,22944.195
108461,6589.401
2956,7095.5405
18883,28854.268
102023,4023.0427
4789,48803.49
107402,50954.816
20002,20180.41
106875,22578.252
132616,148678.9
8773,114306.07
88026,23387.54
62162,4428.6216
6270,14930.6875
30518,12334.845
95754,5386.8936
100091,20302.078
70193,19738.037
38410,9048.45
75378,4896.307
107646,7045.862
22631,82538.84
94417,1345.3282
143965,14533.265
93889,34632.28
86489,7780.797
144986,17615.633
6561,32161.234
113724,24704.887
61091,-2682.1882
54518,15670.92
103496,4001.9263
126702,9129.677
90924,52786.875
11834,3611.189
40314,59176.94
29877,43433.562
116926,152219.52
12762,18540.783
40979,19738.379
73860,1576.75
36747,23552.303
127,85601.66
4520,98927.87
82056,94931.57
108571,2413.228
13368,110019.61
78067,1073.3688
140922,8564.612
23404,6065.798
78264,10083.845
2546,9391.542
41061,54621.02
123151,29304.434
141256,34692.184
49403,103658.39
135691,12014.274
106775,15996.557
31385,14443.705
70646,91215.625
77533,7006.6025
120174,22345.838
60473,4512.006
60384,8795.318
90272,9468.968
121695,14903.115
30615,22378.938
121790,33345.113
92799,5229.5537
113642,105489.234
106664,16042.053
71391,40768.594
63980,28405.855
111317,82223.336
50457,15756.391
40360,24085.336
79240,62670.023
79697,214046.83
144679,80653.27
42059,159827.97
27764,72689.2
58570,15182.446
16137,380275.1
85962,36725.953
47656,35572.926
12873,273814.75
117733,3364.3638
15574,23639.738
55176,42332.52
144966,45785.586
64638,7774.862
106264,177770.4
52046,68923.266
45495,3577.2007
128950,116007.4
98573,69923.414
14554,106929.12
39270,60266.69
73237,19429.287
99713,68535.195
75013,5092.8413
108354,336959.62
122659,37935.062
60809,4243.6353
114272,58954.918
127989,602.59644
149806,4824.2637
27801,48923.836
10353,9586.328
76175,116941.45
48688,15561.206
97888,137607.86
22257,47968.504
128458,50243.55
143671,40866.305
17901,14150.1875
89920,42910.984
36082,5945.334
57737,7209.0483
47066,6428.7773
62599,30238.455
34959,111182.21
29002,7377.307
70624,7952.7964
37983,2560.7146
40369,31029.027
53256,2528.3196
96460,8269.652
80578,37641.39
72099,4751.1577
124795,33726.977
100792,5993.107
109129,15256.411
11529,9451.803
82789,24526.13
90019,91462.4
135552,20362.752
21007,64489.47
135746,27176.611
148563,68954.83
137747,28973.7
35398,18033.361
326,17854.434
58045,85723.85
18743,13410.994
44394,3623.067
124395,6395.9805
104399,1353.1824
146382,39744.746
65658,1017.36383
127681,13341.736
86860,21409.002
148697,10318.954
137020,14197.612
68978,17704.537
40920,113834.46
43782,5206.618
135728,20716.824
110863,3803.7915
17175,78020.61
97726,47231.3
81025,29542.594
74829,28914.758
63621,122200.87
16566,14175.013
102122,58205.453
41730,19994.596
52419,31888.443
62421,62189.824
41472,70684.695
78998,16953.385
28836,18303.361
146428,137166.12
8609,56726.973
107107,5849.0454
102076,30811.38
8187,14515.578
23548,16395.88
83530,61773.35
45116,9165.289
96885,20977.646
58294,11477.88
148261,18888.701
35916,125602.66
77994,6039.729
65622,25875.785
78163,7512.6455
11992,15157.676
109965,31571.006
147396,318937.94
51314,8884.113
235,89819.52
12284,106554.95
79679,18293.818
86623,9347.517
121404,88772.92
53096,55895.895
99778,3819.086
77550,-193.80185
54327,7336.9536
132480,72874.625
12562,44858.004
139744,64572.56
140747,10738.356
36828,488009.47
7570,72373.266
120934,10445.579
141735,37150.938
32008,28093.87
107507,34208.99
133505,3508.0076
3808,23589.406
91487,25660.234
120938,35012.32
23897,80077.38
45560,145393.7
106272,18234.275
5985,4578.864
133175,2075.6157
144839,2794.271
21097,6092.8926
12856,27223.432
102068,22183.857
32206,3394.4297
105917,4038.966
64915,69003.88
15934,3163.009
62838,153189.2
87158,10248.545
132897,4920.017
33736,84128.31
46060,24853.066
105416,10698.384
45848,79027.36
67222,43620.254
41553,7261.6523
24913,8036.279
13226,10838.374
15813,163387.89
73232,3480.3967
53945,11518.932
117653,3664.8396
89357,47615.75
136258,20908.807
136188,38367.164
8334,10944.135
65528,156019.05
97640,50251.496
137112,8137.6187
14863,35809.87
139556,7763.7197
135265,11621.677
27566,21983.281
89158,6949.729
16118,40557.715
45327,80537.25
137803,22721.11
94663,16276.018
65876,43557.082
92634,25703.748
46679,14935.329
126536,27723.934
115315,76949.64
5986,10196.649
95414,28901.617
86761,31843.984
121070,4698.277
8909,39702.31
55664,19568.184
60772,12375.522
31311,49822.89
96985,7568.2505
71024,158171.86
98332,109707.51
4511,45793.605
86934,98655.73
101173,16899.514
86465,15945.647
40246,145252.44
141833,18890.803
29497,11609.801
54471,20036.486
149391,36052.39
142166,6683.808
144029,8707.839
139723,39625.383
88245,21436.379
149081,46224.03
137104,44722.023
127771,27524.104
129335,6679.603
110620,80206.58
78870,73406.92
45954,42656.83
68937,21499.52
87711,24707.857
45883,30487.18
58157,194696.39
111611,7675.2925
21434,3422.517
229,24109.445
3916,121651.63
106928,9874.296
121295,17956.967
112947,3406.673
127213,6451.4087
59925,12851.924
89950,112371.64
141155,19023.494
44427,30983.004
145201,41974.312
72467,16104.206
6353,18198.697
9952,42184.14
113038,102187.945
113544,13084.089
5234,37093.254
54176,88424.516
105964,5543.9976
126192,13366.916
144454,37868.332
27620,15393.766
146039,16764.666
74976,5604.669
90967,35034.04
58899,7403.424
48329,9564.536
93651,12086.558
100300,4318.472
112539,14868.542
125414,52873.87
34977,2150.4155
35468,34334.65
62452,18272.328
144979,17512.25
134025,141423.02
74917,70288.79
135210,52593.57
61723,5417.603
40975,7295.9194
110009,33575.63
53728,47667.156
88330,10877.54
145325,24013.39
127586,166543.95
80909,22385.852
117239,54519.16
35526,50517.98
145064,69169.55
110194,8798.838
125657,3981.109
147118,31194.97
140376,21355.178
134785,37704.656
94378,1502.7511
29514,9296.806
33897,53284.777
42133,6616.692
461,9920.029
27924,187753.36
4968,23445.525
128286,141064.48
68582,38054.38
73463,133372.88
74569,192920.53
19630,16528.006
19602,31385.285
135020,12315.849
106748,3739.5466
141476,74534.54
19061,258114.72
105969,5039.2017
37596,97539.2
87154,19746.75
88753,34323.17
95452,5200.432
81490,9542.793
89833,16908.188
110818,68327.84
140540,149045.77
98176,34066.59
90065,59098.414
75746,75261.24
27227,74869.81
9628,8853.596
100157,21619.03
62485,7902.809
38608,27567.387
29794,16498.162
100468,107557.555
83271,59854.543
93866,3118.8306
113011,31518.125
18757,3845.7996
6104,13962.133
14473,9808.81
73593,6146.216
79693,11380.318
36857,16599.855
133744,91779.53
71648,36303.496
64017,15719.613
3555,26056.113
3239,7375.516
45109,51438.754
76838,29539.334
75055,63583.55
23847,82302.8
106868,3476.1423
144211,32612.951
80866,71009.73
71420,22071.734
28843,17746.748
72007,92631.64
116852,3239.939
84859,14602.373
64230,48877.535
121953,72506.92
105849,7021.691
135414,24106.967
94040,176068.64
73367,6258.177
72909,453321.44
75167,10487.342
39097,77793.97
132723,5695.3613
24464,33794.656
104743,3404.4026
75866,58193.918
54982,35577.812
86537,26233.32
57937,7855.037
101085,10461.591
12090,50462.125
58013,30234.549
21509,4843.7363
72338,37594.3
75597,16943.383
81921,31491.69
55905,106280.52
22642,11207.131
29202,22475.664
106323,11656.228
5808,128418.875
79151,155486.12
20957,8641.379
54397,6989.609
93948,14323.739
42388,41330.5
121986,61395.71
144811,29965.312
76038,8148.178
29503,69311.086
105290,25027.504
67115,36477.99
59582,7617.4717
23294,38360.887
86312,10173.61
80394,49899.3
80310,26644.822
122857,15367.658
85567,230743.08
4751,14674.966
96684,19431.033
45816,1952.6357
23846,10690.337
57580,13937.602
95849,1198.339
29486,40291.582
120131,2200.365
128576,5776.3394
74769,17321.814
104539,46316.555
19028,11006.755
35873,11650.089
106271,3958.6597
21988,63150.367
91699,99569.96
38428,3457.3372
79040,47521.547
42413,23901.092
16502,64243.812
103619,85281.04
87736,32419.395
79401,10900.426
124092,35108.723
21724,54363.473
27860,13571.222
118332,6714.036
8178,7268.369
135407,11984.488
139420,121099.484
120498,253542.84
59346,1610.7211
33079,249.36281
99122,140220.67
85457,117568.28
107978,39035.598
20404,30895.273
12756,6285.593
102192,7437.284
115446,8680.385
122009,91552.055
127414,73354.55
65885,20538.043
100064,48400.516
16002,58884.71
103446,6898.548
63365,41716.418
41634,33454.43
7887,70781.234
60053,7769.562
4828,33046.324
29908,5335.9395
33767,49915.15
23652,23086.434
122106,9941.765
104313,25081.941
110260,33179.46
27980,12265.487
66137,92690.03
72607,23362.834
59150,27646.508
21080,3142.5095
27394,40621.99
136300,7478.046
145381,64458.72
54253,8726.064
129924,87734.82
26803,3698.426
57836,8839.671
74979,69921.9
53047,31911.377
4278,12007.012
131158,86092.086
101433,3352.5728
28838,16703.215
129090,18624.426
85496,7937.518
37,61844.914
103001,8763.517
136889,2003.9419
24946,61423.523
21938,6454.492
25837,18068.715
122050,40753.613
75369,5488.9956
29554,4937.5464
18196,9180.347
120822,14361.519
40147,10818.447
120970,12147.821
30038,61728.35
1587,40492.105
147238,12741.66
84077,85252.164
55298,14408.144
65891,7838.2393
36504,42444.098
61201,25317.295
93946,6333.3057
130965,21318.664
18829,42307.26
19001,41914.363
26910,33604.395
21450,4776.038
35794,15651.8545
77830,18029.158
66174,9057.594
16116,11709.523
40054,20811.436
18617,67744.75
115155,3259.3914
44809,4002.3027
56427,8425.104
58612,108547.11
92469,126799.6
56183,9132.263
43659,16401.648
8314,6906.7446
108441,18458.422
14118,4964.318
68043,434986.44
92152,40004.062
8260,1830.4796
124184,113005.55
103087,11540.153
49595,85707.375
842,101249.87
45811,7252.244
134021,59914.1
115906,231489.88
132647,3005.374
25341,9845.41
105243,18500.15
123870,162047.27
49522,21431.975
38488,24080.113
37472,50305.895
130298,83312.64
75694,13394.9
127535,26961.605
1422,20305.799
15381,31724.928
98052,17830.346
72251,10189.283
27613,5901.3867
67968,96142.266
33573,26259.283
145870,62950.883
124096,3641.6692
78152,71200.695
79221,17569.79
106599,26288.48
16270,12660.203
1277,124335.72
133229,3419.4346
280,41704.254
43024,10748.592
98940,27305.918
106592,52941.023
36174,26582.074
112130,27858.668
137030,21278.816
74470,8812.861
10890,42821.348
56335,11482.289
118879,39453.117
97383,18288.531
70422,19697.09
20416,3827.5815
15569,16429.775
53085,18825.225
40618,18437.215
146052,15555.323
5798,48105.04
147936,24886.463
88854,6799.9863
103150,10851.864
37588,37513.562
18897,11045.261
25810,57984.723
13093,5802.272
64583,49868.76
75421,14963.944
74929,20970.28
57468,68641.6
64639,10045.519
51720,7860.4775
69969,57987.23
48681,277941.6
141184,212349.45
12908,90114.76
72566,88170.66
111807,42154.656
44078,6650.086
68932,10763.379
75352,63271.605
33877,7642.3726
76532,39281.656
143161,182060.16
42197,117928.67
64343,44390.43
143193,98348.2
63012,4939.999
19483,31839.129
106587,1777.1594
77496,33573.633
55798,7095.846
139078,15005.654
140882,16057.51
146598,2276.4731
119352,110067.71
101820,8589.701
114973,3336.834
57401,12791.494
47986,5840.3403
128990,41301.523
43609,86167.22
29723,90796.914
37530,27472.19
5836,28470.451
67295,204227.4
42012,7081.7007
15682,12691.921
67008,9990.865
11039,6392.536
75700,12399.898
74063,20934.049
63107,248693.7
47878,13763.982
36986,40007.945
49649,39936.254
18313,16316.226
105451,72897.44
71319,14299.353
65494,22881.943
114990,76521.14
2313,71362.2
50282,5455.1255
91948,34987.945
31631,2708.6863
133683,31326.47
31394,26638.18
16977,24036.256
144904,41222.94
22029,25571.807
92940,36045.156
138062,20957.215
62966,2699.2334
93047,6469.02
84038,14237.841
81318,16257.3125
5580,42971.22
143338,9225.983
40627,36701.176
65280,29145.99
6398,60182.234
71630,8732.385
124170,29306.193
58781,38819.562
52270,15348.335
112792,62586.953
56776,6282.927
22582,67967.805
142462,11787.787
20936,22221.172
55091,10188.505
20449,24686.062
30033,4946.313
94347,2466.2732
129957,10757.7295
119125,14710.843
71667,8995.141
24448,1314.889
15950,3841.8281
30680,27171.371
75060,15809.004
125302,36330.027
5264,2342.5845
97794,41112.65
52990,96102.38
32113,17838.086
79615,43957.617
134947,7275.4585
12274,5479.379
99356,62841.19
106746,73569.445
41217,64659.75
78315,38881.938
30768,3525.929
14736,128642.984
1620,7420.646
32171,87489.086
79501,5162.4116
20401,16108.165
18065,5468.8486
31070,39330.723
146557,50444.938
106904,15161.645
121074,256969.42
82240,133610.31
95593,167198.27
119141,5076.552
26182,2782.1282
78925,1642.103
128657,42893.184
119865,11622.474
85661,17736.615
81426,6144.4688
149764,13411.636
132388,27474.82
76902,6692.6084
63367,3599.2512
50244,18864.287
70492,10083.973
48381,36408.54
85717,34165.484
1179,90522.65
144808,15209.758
89478,15569.758
55578,3108.3054
123955,115630.93
98374,25604.988
80514,91223.07
140452,22612.947
117176,45916.68
30486,24680.746
66941,36960.395
102462,6402.4
108489,53585.42
59372,3466.785
136219,81369.375
32332,4338.9473
29274,45515.715
104100,16943.732
28818,14573.867
75223,1921.8159
118046,94294.43
134312,31666.408
121378,12375.26
37601,27573.55
103263,23445.625
10591,261278.6
120879,65448.758
43129,36598.984
41679,8075.153
765,4365.775
136994,5277.9336
60973,133265.61
47713,110648.63
148847,3823.4983
124160,166059.11
8006,16755.035
59395,20531.44
51937,9852.994
52500,2546.3843
139071,13091.134
63933,93680.695
101783,18532.771
130629,86399.055
139830,2241.4473
148383,40318.684
3692,9468.69
69185,25920.354
120236,65101.44
49621,50426.832
103410,71339.79
69866,19107.764
142642,51159.2
97482,44500.984
84130,283343.3
97160,93121.73
117532,16445.947
6852,10021.567
86030,21493.482
88582,19512.693
42618,61524.156
124245,54988.395
123731,7665.424
70283,178675.67
113675,49185.234
61867,35928.746
137702,34516.81
107392,6530.5117
27012,7592.403
10481,35680.19
55041,2711.1697
43428,20504.162
73418,10086.516
141039,8230.86
121682,17857.08
54507,33514.254
18331,7739.077
17262,118621.66
68264,3193.0332
45141,76623.18
35209,9417.936
64861,4907.3374
32480,53715.26
20969,6900.2925
145142,12727.294
70017,12602.245
132198,8634.974
111266,41851.09
41713,3789.6013
116103,4907.6885
110344,27142.68
415,31815.043
20211,37730.86
20044,32281.812
20024,5909.9795
36187,7202.9253
70702,48129.934
8574,40583.355
40854,145187.75
20322,9667.983
63132,95512.445
95214,94945.65
46356,24313.2
146988,17912.9
25790,10936.213
99402,16555.049
48240,5143.5166
52854,3744.0054
131659,26392.084
105078,96992.16
41151,9961.449
109286,112371.984
85684,25908.04
59485,75415.945
87830,15368.065
17370,9759.725
24012,67461.266
25586,1275.6512
147572,27729.18
800,76445.79
143,9365.419
29143,192979.78
112037,16426.518
76836,9184.347
135934,2792.3896
110769,14426.65
29157,918.3675
13273,64351.72
65597,190215.0
74794,16861.318
108319,3814.4214
124811,11298.684
44682,280533.62
95044,58584.008
104779,5120.2896
122574,6206.376
115509,7615.765
21624,16973.824
48836,2453.45
14726,89696.46
139587,62321.12
18750,22849.02
83702,18333.146
44863,15165.183
8523,27655.516
144941,4709.57
135658,11512.433
7620,2642.9421
87061,108308.03
15347,76135.0
112187,8050.213
91002,48851.1
123529,143753.8
56495,237866.27
133534,19499.219
15760,21016.406
98250,44220.848
145189,9591.625
31047,23464.613
96419,58465.305
129076,22919.76
52206,6001.2476
128946,32102.607
107224,156951.77
233,88325.11
127379,12595.262
44581,44090.02
4055,143749.48
23828,165649.73
96878,49854.19
38321,7341.269
104876,13777.043
17935,70365.84
1625,1781.8693
147864,1991.6699
56453,42184.03
121536,9518.948
143800,23721.281
51366,48801.082
107937,121534.27
23850,46264.15
124374,9458.642
55546,4673.811
32040,4301.138
82545,44127.418
18136,4014.8896
143906,39122.305
143275,10439.051
11993,6358.606
2970,37729.066
21274,9095.347
129315,26435.576
28027,13376.32
37005,8625.168
82731,52019.582
143885,63112.742
135161,25358.059
65580,14588.049
127869,67352.17
40275,14549.637
126394,106879.34
68798,193361.5
14206,102383.69
147937,13333.348
89710,46091.082
38955,8718.919
111533,9365.419
99732,51380.953
59098,21660.06
51170,27084.486
139591,63205.797
139813,23933.465
36101,2279.367
71106,23464.666
25776,101191.51
1314,21106.068
15507,175527.25
78090,34437.957
49979,17013.164
97607,27879.658
3613,69824.734
97167,8709.306
55616,42773.688
10479,24060.846
36800,63788.523
49863,5371.9385
94129,129215.14
68172,46479.375
60472,5504.0923
3584,3442.8538
35135,6567.132
66462,2760.5906
130894,14846.827
124508,30137.666
130818,13508.607
19701,52407.445
68681,56694.242
95829,187412.38
53110,28036.293
94977,155423.81
21629,3675.7195
70973,120619.7
38846,74953.625
89955,5804.781
26660,30761.076
98950,7309.226
137086,8534.223
21997,46549.777
40615,3662.7766
117406,45060.156
83207,102070.82
145125,11695.566
4822,18630.63
81345,85941.21
85579,4730.597
79298,10367.06
108519,30938.408
134568,79298.38
52678,54840.105
39,54943.402
141837,29923.057
96422,3337.9575
110227,49137.95
78947,26402.805
28325,17180.56
124741,4680.166
75440,6078.0786
94568,45559.94
127407,17291.105
141885,50905.47
37649,69401.12
85183,47360.586
12739,31963.52
65532,85855.125
31749,82862.2
55998,78219.33
17679,9110.238
70600,84328.05
26682,10871.394
133463,57936.543
51927,22088.102
77641,120058.06
73130,25383.559
38912,26396.07
48082,11530.449
33909,9744.387
3761,44340.89
46906,5155.9434
75625,64066.69
147034,44791.21
131432,47899.043
7082,10625.447
20151,11109.179
6883,33121.52
21170,24569.293
101542,20967.758
75832,95094.52
39502,2138.5596
136175,24606.834
6967,107241.42
65901,71853.52
17067,32511.05
77843,35137.977
44292,76162.28
142352,6302.8755
74627,52903.117
24847,9109.922
103357,4625.104
118378,108002.37
88775,12224.089
119887,64472.227
82098,15211.973
113734,105701.52
67677,28169.393
45413,7629.9775
26926,124153.164
94435,45130.36
49252,10090.665
48914,155716.55
3499,43297.613
107902,122339.94
13046,22220.873
116542,34404.777
48495,64846.188
132884,34696.12
94506,468514.16
105518,71166.46
91115,6747.5835
119852,1631.3654
76490,4215.869
75498,3958.8337
19783,5136.354
1805,18395.86
31238,49767.82
64530,20267.014
131877,11804.19
105236,41626.04
32436,55149.312
121664,30934.611
135106,116681.96
88967,8304.932
121333,25479.25
21893,1783.1731
128105,17135.273
91872,19609.201
62956,4529.799
46578,8165.235
74001,41064.125
144177,51296.082
95106,234280.81
43840,14145.318
98289,32316.793
113825,23797.416
59119,34355.0
50411,16078.692
124768,4076.2646
56313,13737.011
94863,12025.461
139412,32557.05
41632,27537.85
101305,13548.157
36832,22659.236
27727,68987.87
132702,8280.879
76730,10536.639
60425,36672.383
78035,6629.5283
100328,32387.686
13589,7386.804
149799,117775.48
62268,46303.15
73742,16786.445
131928,1392.1091
64199,58743.61
75199,76384.52
78942,39904.58
107240,65942.91
5287,4425.5557
27667,21939.494
136561,76437.53
56195,20399.326
137668,86564.125
104451,108860.47
97745,19206.102
126960,7101.9204
91995,41292.246
104400,3508.3093
61922,1675.1259
8171,103452.47
89112,9543.052
59334,42498.402
43531,9096.911
102275,9934.021
103717,4172.4253
100131,110909.984
23440,29331.836
94814,7635.84
109687,8510.116
144982,33486.04
44304,6921.5176
115673,24800.238
117579,15709.962
53168,13281.719
72009,10489.8545
55625,4001.1958
75934,2837.665
23778,181683.9
60092,15654.872
120212,26411.703
80597,75262.31
37283,214276.34
115829,14438.096
84718,9628.397
93645,107062.445
148274,6419.7974
88479,11936.245
85857,20787.297
96215,13612.824
109400,146995.4
136632,40961.68
16385,140088.7
95534,23835.078
20955,42797.74
112147,38111.848
124034,36644.75
98115,10467.312
86640,121276.16
112196,5522.8955
117115,12751.053
72457,5312.6294
145612,14364.635
6021,20476.09
46476,20876.049
6905,96703.266
71731,39119.29
40524,252986.9
17789,4362.086
48322,251680.25
90165,57900.81
75054,3058.3682
80392,72699.5
139800,17917.748
135564,33108.117
66701,24993.33
132438,15819.445
143164,54155.902
20573,23553.229
143149,53308.312
84482,11476.629
113108,85656.91
20033,1883.3582
12618,10898.362
24045,9512.059
52333,18605.953
743,7096.3955
146247,7694.3184
74809,23865.09
231,5554.309
20375,9355.519
61812,41979.258
123860,1570.4938
38414,33494.473
9347,44043.23
14563,47285.555
85399,17301.088
4773,21937.545
71153,28212.885
91110,7915.4854
35411,100473.445
128152,43416.383
92360,21634.021
15418,24886.94
85966,17036.846
31635,30255.01
1600,7106.758
53860,4034.3293
13842,47301.02
128595,49372.574
15824,19898.56
116763,2666.4385
33698,78209.87
64899,19669.754
74612,20024.07
28475,3941.5273
43351,13222.136
65333,78567.72
117252,23801.852
141216,32360.248
126605,32011.562
60932,54222.57
53257,47006.727
81043,2970.816
122789,52565.836
65428,94301.06
56958,48075.195
21964,24062.51
70385,7443.6113
114331,4568.6636
134265,8740.731
47149,135474.73
23450,10588.889
470,18354.342
116164,38541.29
78347,1873.9562
67370,66096.15
106057,37779.766
21983,41514.168
13885,102945.63
68164,18315.215
38080,39338.22
102270,11814.312
122488,9496.995
100367,4444.2397
46822,39503.293
110926,27356.299
46517,47486.223
49653,13419.883
43822,26758.004
145284,32630.516
119622,7577.204
145686,103881.16
72395,20308.377
89706,87346.95
18454,22592.336
27590,8311.675
116383,14696.412
38434,15576.747
101804,17595.03
143775,198933.25
115206,15458.464
60269,3073.0547
71998,42176.367
48357,50034.64
56702,5035.2153
54067,54126.215
128332,83992.71
96773,79828.17
60154,23641.502
39398,3729.1633
108811,34304.074
43588,2356.1086
55839,26002.568
144802,6954.0356
42616,17270.674
97853,35388.207
116673,28998.371
27817,27243.158
129802,378943.88
147454,3058.882
87065,60750.023
112801,7953.4663
45033,14791.381
69985,27015.611
55342,10345.126
95440,17700.527
120023,1232.3638
52926,11086.345
4966,136792.39
43330,5771.515
73813,18374.27
73898,58465.004
128006,20856.488
2983,4114.3613
78431,3396.574
17669,14913.387
28674,217724.61
33488,33408.418
12097,14545.535
74926,27213.459
123991,3344.069
81739,26087.814
98890,50432.68
137045,63013.945
29115,8450.548
115451,107078.94
92018,11831.6
20142,11438.884
140904,24177.477
143299,36494.97
25708,7095.729
95361,20605.0
23915,16013.51
119382,123867.37
4594,5235.823
94005,20150.148
91364,2506.7356
108858,27059.115
148368,2607.4666
6372,15892.447
50776,9444.024
80679,6948.257
149015,39703.69
52541,18296.504
117053,11186.107
8042,126651.64
140757,10808.353
58931,125039.67
120821,5173.5894
60669,8444.994
24931,3585.1704
100894,11581.697
49574,3305.6458
23993,17380.082
126182,116655.03
23743,2347.6108
18167,35723.08
3583,23638.123
33270,120976.52
109954,60022.504
60588,11698.746
124723,52876.055
101465,7124.487
138132,6105.0747
100075,3792.1812
130731,94308.195
143647,8122.725
11731,25535.174
103153,10237.155
146892,16656.799
9501,112034.42
104888,23140.982
55209,24322.684
26857,110337.49
122607,51797.766
74280,18313.316
132075,1221.1263
4280,8871.337
130497,56134.047
22875,59195.785
18111,59680.164
128803,12894.545
47321,115552.97
131480,111056.09
115556,128250.02
107810,5292.392
8249,6944.2837
19530,3080.7769
117459,4925.369
137832,63147.227
4138,41855.74
141468,21368.17
128874,68411.23
140054,2832.9963
124138,42920.656
48286,2686.941
115481,109074.9
14240,24326.795
123709,3084.1826
67467,19699.043
131444,20284.299
101827,21677.068
1850,14841.289
62472,66019.37
75,46614.426
135198,6978.0293
10344,15546.65
113943,9298.798
79702,3218.3855
64516,51503.152
59537,17829.63
34604,44362.387
47474,4340.5225
33881,13301.894
113778,5708.02
1780,142617.6
81726,27533.53
76050,82048.805
125067,4770.0537
76642,18411.975
101780,24172.514
112512,46558.836
87459,160796.67
113671,29735.033
100600,56661.383
111034,33901.75
40381,58076.36
10364,120381.125
121846,5856.056
45482,164239.36
98540,14574.085
1204,3211.2537
117522,9234.9795
98742,7651.2163
34534,89906.555
71753,17047.379
67528,60442.58
81942,24825.021
118431,35889.32
72227,350453.7
145857,6589.582
20785,9624.134
13734,6441.6626
6370,8386.597
44398,154481.62
134765,109428.414
86863,40554.52
36299,5029.002
93196,10701.012
142081,28412.32
91681,62008.81
69170,17180.668
13133,12115.019
44380,4514.869
144362,65882.484
20172,98715.15
30084,46695.816
137148,45375.105
97096,14464.355
149933,10509.766
104162,8325.831
126458,73336.9
136046,4019.705
95949,85555.984
80319,12359.766
90934,5200.882
58518,27529.926
130459,13701.252
80998,9915.562
77681,69836.805
61755,7415.559
101895,11065.151
60044,26745.031
123285,11342.334
9626,74308.8
47296,5437.6304
82632,3005.0942
62859,13625.707
37346,33216.11
111936,148747.73
51894,19250.387
119441,74810.695
83605,39214.527
22134,3772.5046
50026,13289.561
67856,5053.2
11789,6900.4736
142057,6116.8306
91673,32139.377
97657,5129.387
35500,5966.66
16236,21894.867
41927,4680.7925
14525,10078.438
4115,39109.582
8207,7778.875
1984,129186.51
114443,12837.077
42943,27245.908
120357,123237.77
147425,34112.645
34872,42849.55
77694,12361.916
133325,11262.968
54086,30785.096
37670,16288.411
74250,64303.72
66745,24373.443
49585,6221.309
11537,6403.4414
47398,27382.809
40391,17786.598
96817,8959.959
47418,122176.23
6126,73061.664
24650,16007.032
60980,12170.445
4528,7371.239
41853,10234.528
84551,3400.4019
131505,14758.3955
5633,59398.543
55015,5505.0083
103161,8657.848
110031,6495.81
102055,37309.492
128439,32298.852
82234,14544.195
264,2843.557
16476,3765.658
56026,5243.2183
34115,8120.2534
86798,44388.23
61725,4259.204
143713,9001.694
93804,52626.242
56244,10453.278
5370,3066.9026
129586,26088.617
41515,5430.731
69149,150705.62
105477,9762.6455
71808,3164.5747
115368,22726.023
88468,76099.2
34027,2519.347
113151,6480.295
148613,48430.457
55702,22208.691
105895,20264.012
9638,2077.1853
75889,19114.068
9015,41221.5
9517,41960.332
135526,35832.953
53804,906.1221
100593,2782.4902
124705,41481.29
137044,8444.345
73505,12771.638
80455,17135.352
47268,2867.77
2159,85035.39
35786,28691.666
128717,26174.385
102091,11902.094
90930,3419.2183
48547,43374.34
135965,29533.084
100035,21113.201
11438,6668.1016
118127,110695.266
74761,38227.605
93266,12891.136
96073,28548.135
26802,46142.586
90340,7964.67
73772,11679.8125
126304,37333.246
5258,152684.27
16510,8224.114
98450,27305.477
25065,41120.082
95862,5051.28
20035,24275.209
73283,24557.133
29035,4796.9004
87369,75829.375
147662,30106.88
57554,7432.025
131352,45137.26
652,6090.679
13117,369379.1
42957,28209.854
148246,8492.778
136148,3355.1997
149404,137587.11
135649,26554.604
117798,32444.35
1562,54259.273
14639,39428.25
14699,3453.915
15161,207369.19
15125,17378.1
54026,60598.438
70370,24835.135
102450,65813.76
129108,126512.984
3216,63451.41
99848,82539.86
74157,9841.21
96030,46739.312
29521,16750.635
145399,3208.764
41319,114588.24
81583,11127.183
16485,2899.1257
14603,83122.23
30672,27963.275
31524,14124.452
474,32180.682
25724,12625.931
69913,108330.59
574,4222.0674
43345,94477.98
84584,18228.227
61781,144823.25
145134,6053.9067
123815,49197.895
142158,48965.227
126335,20664.336
12632,6582.3906
4155,15551.999
51567,8860.333
103315,65319.406
103739,48533.89
58239,3187.8936
18356,95600.39
22073,87098.77
11967,83426.29
72115,18503.766
6969,1907.7786
121169,6558.9443
85365,23448.367
44659,4609.099
56781,14913.003
73866,21740.195
75810,2948.9814
104699,22700.342
9426,23898.158
60924,7007.738
73726,13170.21
6064,161009.05
76690,11036.352
139000,141070.8
48523,40039.094
58093,46591.336
106476,28665.62
84693,9520.155
110905,1715.6533
131857,64971.2
965,169054.77
9746,8666.428
132369,9593.019
101311,10683.046
86321,65159.383
34898,42563.438
103868,97962.6
88719,6186.404
21606,26125.402
37107,53923.938
24541,765.3881
8307,5278.133
4042,179149.44
72459,24767.895
148304,56645.01
142654,10621.299
74209,97113.336
8901,58540.4
29538,45247.344
43278,83814.88
96318,5795.8354
8940,110169.61
66037,53905.91
89437,53604.67
30780,9541.651
125498,98222.21
20005,20750.566
24597,40426.586
34416,68823.37
6157,3821.482
12281,1024.9875
22341,35984.438
147462,128147.414
94384,5174.789
43770,12990.917
132594,8040.493
122377,33989.793
142033,22922.393
96565,42752.31
76782,5778.776
112952,2247.4858
48366,21746.072
38060,18622.793
116928,42548.51
106,18713.197
7077,7034.626
28341,6853.8857
55475,38854.33
122317,6955.8687
90680,30610.027
42636,96115.59
57798,6530.1353
95134,180578.28
1581,21506.701
133401,13396.32
17207,6898.799
32491,15032.573
145238,176166.36
38378,35055.977
35983,21454.768
69668,3341.7756
93181,12442.229
104804,18532.871
83936,5416.629
67372,12971.721
77909,73920.266
13185,29571.14
102856,6533.0586
43449,115390.29
106411,6121.881
41875,70774.13
85713,6115.9937
117756,3273.3179
50722,50603.99
94688,8371.097
137819,59363.332
23468,62944.285
88473,36133.773
13383,55032.418
25476,17271.33
23098,5034.2314
42461,2132.375
105552,99435.77
77200,15169.401
113744,17844.45
23104,29438.799
128128,-1227.3586
17333,29299.895
147221,15462.976
83095,194173.92
16651,21634.312
112069,7864.513
47762,39880.66
52178,43010.426
124687,2185.9858
122092,18278.672
73222,32090.314
48431,54300.957
44970,90567.84
44115,46833.484
24232,7061.1133
101597,23452.395
140513,38458.09
147096,25173.615
22194,26838.633
92114,2377.8662
105163,60203.98
70059,13054.841
52810,5379.943
48774,70528.195
69895,8858.775
76895,11473.685
62096,51539.016
13730,62358.62
61984,1765.2742
64033,12287.514
50929,143044.39
45097,22910.0
129826,16702.885
54411,5555.9233
147842,39245.418
48704,13045.553
1948,10287.036
22419,3813.3215
96197,37568.11
5118,7762.3716
62843,19886.934
131716,18905.088
134658,3609.6538
48680,9322.039
102112,3146.9277
81079,56766.42
39577,5212.4917
12407,2571.5505
63388,69217.83
9224,10575.229
78516,24470.072
44041,1114.905
82993,10332.3
148175,7599.6577
85575,3501.2334
109891,9156.067
26651,14217.614
12729,4771.647
49373,34555.855
32271,55334.402
70921,124162.75
112788,12544.939
47515,21277.87
145751,8197.417
128041,39713.234
107102,17157.87
16079,34619.934
53414,18792.986
39757,7182.493
4852,34624.03
61668,10943.304
119870,6330.038
38668,67000.64
138697,44382.57
59391,44254.59
35552,11531.664
146016,34026.117
6106,20931.916
34344,2712.6248
140106,66857.89
15626,46458.777
84869,347983.25
92495,21112.807
131128,6252.97
143849,114274.95
96594,88927.18
137632,91600.85
128103,27857.928
10450,6737.468
31592,59443.56
131337,6722.506
102439,3415.0798
137238,43943.203
20161,46963.16
51241,28860.86
78715,115193.33
20556,45060.363
108373,17622.838
60270,7587.5605
59362,16586.695
116941,58140.773
137562,5809.17
107242,94502.74
38332,1872.618
110721,13718.526
34742,4615.3525
90070,51103.074
123197,6870.093
132531,6095.562
127827,14423.0625
44223,23897.814
12223,3537.6477
1282,9039.6045
134211,5550.4795
44851,19837.168
44839,54903.094
72483,85512.72
17569,36683.12
96421,15887.477
142929,23060.096
78748,87250.53
74982,112951.16
115257,98203.04
74831,1199.3542
93581,24448.312
52502,54202.66
147537,28292.904
143440,5142.928
14674,31420.387
53422,154738.52
131991,91306.914
16756,13718.283
143702,5745.191
62602,15608.282
10758,15047.495
68289,25731.26
108977,233909.86
15739,132192.94
68088,2344.9043
85025,13560.143
133519,8362.76
119543,25941.959
50169,37117.637
25406,18533.588
15241,68462.234
14111,189824.3
100711,25676.656
88984,70567.32
136981,16035.598
148125,15944.17
98207,46511.137
119417,8698.129
71168,22457.656
61609,100280.57
49027,15023.291
141665,16797.312
54899,10508.086
8915,45420.707
23736,31620.008
117997,78701.414
49823,18590.73
13947,11618.796
57272,17850.938
7231,49506.76
88619,297.86078
32266,7827.694
14080,2200.2263
37210,48198.316
123838,8811.104
92262,84520.67
62028,3230.5752
52265,32482.244
142435,79208.47
26674,12957.576
102709,8596.772
78699,8442.221
73906,16080.184
33002,74432.7
63592,43266.316
54458,10149.09
87304,4425.0244
52755,9410.768
131173,23470.943
113991,29639.611
48109,13137.889
64855,37528.27
85,37703.016
64249,15036.748
148101,35600.934
60345,2505.615
2277,4063.4497
46866,4280.989
10416,8594.433
53813,85669.05
51837,11095.928
48931,111282.45
4745,208365.44
34214,73079.34
3747,12002.079
60793,4189.349
50719,7949.39
139540,19686.113
101258,24727.273
83509,1748.7876
122905,570506.3
140771,63170.176
123502,19620.42
19401,19713.857
104972,7707.56
9021,8074.3403
86602,6547.289
2232,16388.344
102656,70868.85
137018,20280.287
63632,5995.2437
10790,81757.61
101466,26192.836
52352,41090.117
136295,78225.336
54858,33430.43
123365,9917.88
94294,37068.76
59577,41334.3
10139,25438.209
129869,76372.055
149432,70989.57
67408,16416.191
103329,80305.92
137653,22963.076
81356,17275.082
118199,40834.36
4101,3358.3938
107927,14262.768
144955,44917.74
2268,2165.949
127164,18204.906
52102,14430.56
77309,10029.763
28822,10705.061
57989,6721.145
149743,46773.996
65896,28322.518
92870,160337.11
76265,50820.47
32388,2277.636
142021,98121.32
19265,28727.81
98844,12951.689
143628,101205.96
114318,1955.3315
26059,2157.9673
100956,7369.6143
45404,5771.7305
75975,24451.97
79477,40012.676
78287,121206.57
89015,151544.03
71550,10990.878
74968,51526.902
84314,6353.39
26877,3299.256
42700,1780.241
11934,32503.984
142892,55142.293
134450,5450.578
39354,110873.086
113965,7145.979
116664,81539.234
118364,97475.92
18426,49583.527
55670,6882.713
29621,4280.009
3599,60085.66
99624,28144.91
91945,17599.246
6527,6007.1826
61515,64808.426
35323,83896.47
28727,30464.28
99679,3951.0466
52445,11253.24
135228,1391.78
89197,8966.448
124093,10178.452
42209,3123.1187
92685,15499.004
148451,20646.771
81342,7265.4644
1681,4054.5632
104812,77814.586
12427,6064.9224
129536,21663.564
7757,16694.627
129065,29550.818
134060,99989.87
140367,46867.59
52033,11485.417
15735,48397.64
62256,126715.69
21529,11054.677
87927,11434.292
93475,10672.615
70091,13639.474
123159,40778.06
64448,3757.915
17692,2717.992
134737,46599.047
18223,47037.684
38132,17784.623
136718,46275.15
93091,27451.111
133622,60293.73
91483,23351.219
88715,6069.675
130152,4875.682
62296,24089.674
105560,11109.826
110744,28508.11
95698,13001.656
3154,19614.34
98463,22701.264
116607,16316.3955
11347,23020.797
29248,3444.9272
5621,8862.422
17573,35603.75
19848,88802.56
84358,2867.317
42627,7909.93
43300,66902.445
22691,15830.881
20268,63833.875
93844,51829.7
11610,8169.8496
47371,106336.96
83538,6113.1733
71468,37225.094
145647,11056.957
148187,16996.102
122933,19450.87
121433,39574.312
127015,3255.9004
115886,3144.5764
148003,21525.486
143531,24393.01
93021,41409.184
149570,5923.957
35893,26866.895
32022,5914.9844
15384,22998.264
15873,70444.055
47832,47512.0
27450,7233.7925
34654,49818.074
36270,15535.951
110163,100368.16
99872,4097.656
101018,14674.473
108823,8564.004
107470,25579.83
140994,6771.131
9350,28311.916
48908,34605.676
34110,16238.623
87156,37294.363
57391,4631.4077
148030,55094.953
76802,12704.59
4935,12413.349
30543,58644.23
15490,24427.188
135318,23567.215
56309,109299.72
20386,56900.492
78821,27883.947
109549,41879.6
131290,24381.834
88844,10220.01
88298,21204.166
30179,18978.01
11419,17193.387
40423,80895.89
13103,9931.356
37483,12716.361
119926,69875.336
63048,108034.06
74311,46010.72
36249,26983.938
44759,4051.3992
69437,10489.8545
63182,16691.936
109383,50797.992
121932,9402.884
2357,52040.477
114883,18807.299
145682,59144.645
31452,6093.7046
133570,5272.617
4219,47292.195
121534,44941.098
27710,8444.027
87039,39380.066
22844,21519.984
18765,13681.403
75395,18594.502
66293,27203.854
4894,123333.484
76296,16728.13
21325,73845.51
7575,82564.984
86576,9793.129
56381,13524.775
12549,11373.392
58583,95214.82
1103,37460.676
61795,18799.998
144871,53196.504
104051,23644.943
40127,150143.1
32316,20461.256
147599,26878.713
57896,361853.16
73564,126164.74
12910,66970.74
66343,42129.94
95062,3035.8914
74894,55959.19
55987,20317.691
114874,123107.49
121098,19106.277
22913,22826.21
74874,31795.252
106183,79414.766
113094,21221.646
126256,5062.227
11188,10172.323
105689,85853.086
78606,68381.87
128418,116131.195
20697,46136.707
97296,11111.725
103609,71760.555
89786,10485.437
107950,153884.36
144258,1265.1447
83659,77517.3
138072,35077.395
95693,118093.57
89342,91030.695
5519,5380.671
1913,34596.39
85429,25311.826
42874,11422.38
51488,35627.934
70510,9206.041
39406,5588.246
61710,4596.258
96523,54663.21
21890,19961.967
89442,1339.5695
113742,103248.92
51011,16224.349
138258,15784.814
33245,20910.094
39770,5230.673
91324,15611.983
62231,45916.902
64024,7643.6294
102476,69143.1
22199,8092.6855
13619,260009.98
63404,97934.78
53612,220791.97
83774,8659.474
69667,34995.69
60439,39231.78
87476,2784.231
37433,3093.0032
140984,9707.8545
134513,46223.01
143220,5767.136
72944,4181.011
134640,34095.707
103089,90586.73
5868,58481.1
12991,11203.444
11080,81220.91
76339,14262.686
25916,1782.6016
143044,38462.38
147340,8488.129
49509,156639.45
57775,19913.395
84385,33647.63
136276,15663.565
125231,67862.64
94782,11498.407
117521,43593.18
29249,89219.95
101030,46940.56
41614,7075.389
66349,22158.012
17280,38279.44
32659,15656.8125
78250,34600.125
84538,7585.8115
104562,12374.864
134185,4991.3584
148895,13642.856
23335,18058.031
63614,91208.086
47717,12622.8
73125,110391.516
44169,11233.333
77767,101395.93
64121,5082.904
25768,30367.113
91515,56280.2
92740,51021.715
125123,137653.11
108728,7646.057
49475,12549.922
133782,120781.195
108207,6784.435
19154,14698.617
105174,18067.164
21159,8368.173
9926,7361.689
3919,134748.56
6633,12413.349
94463,12721.124
128764,90872.445
41439,5069.934
5758,23150.875
107139,24638.002
59512,3387.612
130507,4296.36
95822,48613.953
43635,2817.6367
107835,19922.908
105756,13497.331
64519,101060.42
58476,56767.324
140797,67247.945
18091,2942.7598
138678,7793.7544
13228,29583.986
73957,43840.895
75450,27335.668
35658,160071.62
22884,77547.95
74240,5387.7705
60366,51265.383
113588,26769.508
112223,57317.89
111981,19992.314
113501,28157.582
20769,6628.4517
1129,25224.275
77478,79039.51
144740,305451.5
83348,9991.168
97153,166747.39
145050,10178.809
76114,30778.248
5151,43059.676
82064,17253.018
89614,72998.89
69653,16670.531
126715,38030.5
43660,55675.227
34302,7640.0923
66897,99120.47
107028,5992.762
56951,15376.833
79973,24807.123
12268,40089.945
67605,69632.32
89161,61020.68
48404,10038.686
62325,3115.5042
114045,15881.971
98669,12693.391
93244,161129.47
22865,7089.2783
136934,150444.42
99562,14801.554
111554,20073.258
31735,35289.35
102663,11364.803
11810,7739.6733
115060,21429.076
106282,2577.8438
32375,22618.396
42913,30642.713
16704,10680.775
79614,9663.043
64735,57192.773
140264,15536.917
64405,35614.895
119627,26595.389
78905,2454.198
71373,13123.891
102812,5241.99
42518,11781.922
12531,17666.625
35792,70765.17
3462,20453.535
102952,7670.231
1782,23909.904
145352,5438.4336
136345,15880.707
115964,44317.094
62941,9996.783
139264,4380.346
16638,8714.0625
62203,66765.0
116975,9712.721
49127,276242.25
64967,25188.621
128229,208928.39
88940,18954.203
27784,35840.83
108367,5362.2
105082,107150.31
85093,79617.0
117909,3837.432
38568,47379.54
2960,137444.17
6175,18782.545
140222,13274.032
38818,32651.512
26665,68837.37
110411,41134.805
86802,15999.512
118486,5334.1895
133958,368961.66
90480,61297.742
95958,13781.827
48782,4683.584
111854,5804.0684
71329,34140.664
112890,14936.34
40407,25563.588
117450,22728.73
65677,5720.0054
62101,40872.4
92847,37971.5
113174,3326.4165
88586,20809.807
39632,10551.112
128648,32912.906
131366,14314.073
33933,6582.3354
142309,2838.7646
89987,107764.11
83916,5909.445
7110,4673.0273
21551,129321.89
144234,16706.363
77547,4355.3984
73138,1114.76
31064,35663.45
60743,26201.895
119149,17215.24
144499,33414.58
122521,10562.936
115320,4903.379
78970,17371.17
10233,12468.431
60843,3940.9497
113531,35953.758
121180,70298.03
132405,53866.625
9171,20997.459
43606,148643.69
53682,7063.719
121844,11936.6045
113343,19976.703
142100,12565.457
40431,33123.453
121951,1608.8755
42275,7065.3516
84223,1726.7981
109671,20367.3
125186,4550.7314
113627,12096.114
22514,108682.77
74161,4078.242
55661,79902.53
102129,13779.557
73731,3415.137
90304,2994.552
10231,31215.178
112126,66115.72
144692,16653.047
134758,71758.625
111808,7439.402
21821,21759.586
58139,4684.4507
84616,12263.245
131599,7753.97
89242,51775.434
49800,14189.527
29138,7189.3203
137780,13645.108
2143,4148.919
123988,6003.534
45046,125615.36
79662,9511.065
8354,6865.6465
80348,164498.61
51281,4365.9346
90582,74463.28
143023,21249.623
60197,22703.238
95973,4469.495
19305,49482.207
68547,28709.602
36134,21527.771
33229,16140.631
41638,4218.945
44652,126555.38
38154,40329.234
85686,37598.65
95284,9921.217
27375,61036.41
121531,12944.888
38763,14432.398
25211,21327.246
149586,207381.02
61251,40987.973
91733,15062.681
93104,83794.28
35402,1300.4686
139188,12132.048
35699,18679.623
2278,50598.7
135686,11180.151
8974,13657.3955
130154,53358.777
15369,301235.0
80481,5273.8174
104056,12117.524
20190,74993.86
85329,12469.959
121059,8269.976
59778,4673.6
91582,9466.825
65978,70243.01
27918,37113.69
113782,9221.921
100969,3248.1921
3305,1677.6747
64977,223982.77
53272,6345.3003
56831,115397.195
101600,105408.26
35819,13875.8
7567,10262.902
2099,29424.861
129340,12324.27
131282,99805.63
20708,20099.58
61291,11440.8955
24110,55951.1
137678,100980.6
138850,9175.262
44215,50127.926
113405,11722.912
130355,9257.772
69098,6672.5664
34590,25506.812
493,12330.262
22113,6824.046
46693,63029.914
92397,179436.64
78631,32348.727
126152,103057.05
102312,5715.743
57818,49723.69
64425,263076.75
59631,45660.402
93513,51852.598
117457,2151.6536
95380,12230.533
78520,7145.631
29151,11818.494
111590,14866.157
73821,3689.4329
32497,23047.37
2389,3986.1472
114538,4978.313
77617,3158.0583
4641,39778.895
145559,15480.843
129546,13690.23
52260,54315.223
38970,185829.36
102764,61428.645
85080,11426.572
27358,10493.466
86041,6939.407
96764,21973.604
139439,70627.99
52225,14121.453
10685,43565.31
36794,11273.373
22347,12377.437
1683,4117.65
29801,19054.162
47969,142580.45
18253,23368.96
37408,52156.95
72975,5858.6855
14905,96205.805
68100,73233.96
65092,158105.6
101097,12066.61
127623,5872.6084
64751,73626.13
51710,185005.88
117063,1189.9348
30255,82252.164
140396,1172.5623
77138,10148.108
99224,5862.902
108121,163962.56
115967,58582.465
80550,26953.96
21199,5221.6553
43063,108838.38
76397,39953.695
50339,18310.277
66605,36014.297
89738,7718.078
57021,79385.875
54522,4456.3364
122310,30259.584
124190,6524.6377
74892,394215.1
144648,20403.547
31923,28364.826
19907,63629.75
81689,5377.4653
111979,119555.695
65020,6141.8857
32335,14495.163
135333,7400.9707
128619,29974.375
67658,76180.87
124476,11386.61
92924,47088.066
55070,50775.258
137203,3971.114
9051,24925.906
84881,14049.788
18800,6285.7773
50725,128774.2
64096,5859.3086
132409,53679.523
136122,9286.33
67556,67668.73
2741,19330.91
76869,6104.8037
110446,91213.19
67148,49027.145
132234,27418.604
93867,32392.709
99192,17215.195
125004,26330.357
9961,25225.922
59301,17817.754
14997,13252.219
132849,32532.871
93110,68389.83
49086,2844.5613
70788,22624.746
15118,13551.611
61259,945.5067
22904,47720.53
25177,186613.39
62865,19848.514
100062,53577.03
42155,23584.191
59922,35562.332
29998,140977.34
105559,3278.4783
4613,17478.2
88217,5108.7354
48747,7636.723
44072,122251.98
5084,56729.574
73914,6922.596
84940,3778.4648
36859,7599.7905
98746,17028.436
121881,12900.34
1552,47354.406
19507,118391.49
47199,74062.17
45607,17187.51
26288,81128.86
7493,8173.8447
96767,267820.62
14369,5151.8228
10668,2658.834
68863,9700.993
61653,101549.39
47344,17527.297
65240,82822.63
83217,23069.139
113012,144958.06
79643,6590.37
52704,8481.517
112397,4942.1245
141179,103943.54
85993,7360.609
20848,48301.83
19614,173757.05
89165,68112.94
64733,29830.164
97251,25139.902
84356,16180.478
9650,89426.47
35614,2413.1025
143632,81929.87
77074,2514.8618
68189,13416.391
77588,21375.049
124135,21095.46
104105,50073.61
43976,28621.004
144424,4131.3413
26829,9445.684
103248,42103.105
17301,92108.88
88352,16264.242
74100,8234.1455
67176,12633.716
2316,7268.1206
21594,96089.16
133119,70847.24
123858,24022.584
30550,32244.863
118420,98405.65
100279,89463.53
98279,2758.2852
137502,8865.557
36278,33913.875
72183,29739.066
103362,69975.45
124609,2232.3438
125160,4415.071
91062,5845.168
124144,103895.97
135521,3174.0303
127642,18119.473
46673,20623.559
132742,69177.09
121048,16060.517
3101,171166.05
53621,13272.945
146315,10391.335
9605,6664.9487
92890,3551.9944
107295,78742.34
67806,2153.5972
135827,21840.045
28164,102854.57
108007,54772.562
31819,18692.053
75819,48905.63
12530,8457.047
52160,27607.582
57573,51216.5
135196,4050.048
69402,14800.995
6070,25114.625
97105,18196.164
123287,55497.24
111736,81553.086
9923,25583.307
17759,76541.17
3954,64407.445
138938,6379.968
6381,10654.683
136832,21467.87
77967,7484.1094
148053,50560.18
61375,25415.066
61770,30092.19
47560,55084.785
122247,20057.355
33625,10006.239
55822,2918.023
141967,60626.273
15910,5177.211
31943,89799.42
54872,17561.729
70263,64799.598
111631,7190.339
28223,41382.195
7320,3729.987
147475,11115.524
7454,124157.1
122167,10406.455
59211,19292.598
120177,23203.107
60501,17381.299
52913,1854.4238
133636,11053.885
89643,4860.0615
84090,21393.676
95614,27420.043
91604,5832.14
28405,8598.54
54241,62769.473
16842,49311.3
60358,5035.977
80001,6753.7246
50544,4295.892
39240,17484.97
16710,117336.23
98426,63246.133
92478,60005.07
52345,81067.945
115038,16630.432
18042,46607.902
44606,445.49612
86808,60619.47
76688,56258.477
7598,5490.0195
134271,22269.402
17755,40900.652
81031,7828.071
17812,33921.9
74718,13345.251
63223,301.15366
35159,2612.42
47254,101109.516
66202,26324.049
99427,23881.875
134157,38192.234
113065,77074.49
132868,42057.492
64312,25409.777
55293,12560.659
89173,32315.346
57435,41376.45
129483,29745.584
83799,20905.324
34680,24051.375
56611,65588.68
41133,39843.32
142917,8597.357
39932,35577.21
22178,106846.016
90085,77252.805
63337,18400.7
37701,2998.5366
8956,16887.44
48524,78769.766
144935,12102.384
61754,20824.07
73290,12368.75
16369,11198.939
68240,3332.5544
49482,11191.356
124584,2496.2092
45852,23414.195
32184,7460.8564
2085,3996.3843
71240,80712.95
24446,10166.999
15921,3379.2798
63339,24125.557
68885,1214.6698
13556,8278.782
109720,38739.746
95981,1687.4608
64607,99907.984
64686,6511.394
139516,114284.59
144475,23836.676
117598,27767.318
137182,53801.4
26763,4562.1636
133081,39614.53
115145,15995.374
138559,45359.793
62692,3071.7546
147914,4671.5913
53410,36683.27
47261,77526.67
113142,4244.5264
4534,17106.633
87961,6756.03
40734,27340.05
123485,44404.05
24283,21054.557
58196,51467.336
100192,25776.76
7685,79646.37
8737,19699.959
122036,35107.363
27558,51502.89
14098,298256.56
101958,17497.201
65681,4672.3125
60670,19769.863
105561,52781.242
54405,1300.6444
143523,2690.1162
36168,8317.943
119783,6522.103
118679,20923.445
135763,46986.31
135868,34496.19
130415,85607.055
81080,4082.6672
7450,45063.14
98637,56752.45
109775,61354.78
49044,9333.648
84865,65880.61
14729,8335.135
31614,75951.125
78556,72069.47
134161,12039.361
70588,15309.064
17657,30029.807
137682,16126.903
50937,5046.8223
5321,25821.557
16729,7774.891
35853,1767.3785
138737,54490.688
62617,9338.775
51817,6751.666
82101,5765.4688
48400,3829.13
53588,4298.637
114485,180112.0
68800,88781.766
138003,34733.49
29704,33782.215
76242,10802.563
24688,8552.625
88918,28723.36
36333,40752.953
96787,12958.003
70460,17603.633
16275,7409.8174
139716,17249.406
145922,39025.168
138676,41115.72
20317,107197.9
29393,108457.734
10765,169993.72
76920,19306.998
92916,4002.643
104032,2399.9946
100808,1523.8645
102825,4136.7896
143569,40694.97
115141,28042.318
71488,173561.8
17169,74427.51
9354,15844.962
121120,5152.74
87966,11127.59
56746,10319.766
24775,43090.637
55526,5040.2026
126492,126194.086
114360,3172.1514
25785,1608.2136
103464,5581.188
16760,53439.125
98455,26664.299
131728,8064.4023
97763,14151.43
28914,10384.704
35184,7330.5903
124915,15576.413
128060,24629.191
113540,19430.227
117251,41177.207
97071,92863.61
43646,33127.188
83156,13046.753
148028,4894.002
58011,80715.69
86993,12521.829
24022,868.99054
121138,28218.812
110231,161962.12
47012,497169.88
63014,10796.597
71330,5792.1177
54076,3777.5325
62302,47629.44
90759,6272.8745
136172,8148.3604
79139,201650.44
71938,224046.06
138319,20956.83
122876,2016.0193
89531,5252.78
50383,24187.13
120616,4485.249
47976,27611.912
137468,9289.811
95646,21751.71
136751,101839.33
16633,66971.5
117550,2531.7195
29732,21372.002
67434,24083.434
53536,3622.5764
47130,2333.0093
7813,41033.812
114040,17592.979
37126,4657.294
92511,52542.9
63240,13448.285
51059,7887.751
97023,5507.6143
41128,10460.557
118372,24884.225
4062,11760.166
15678,5480.3384
133471,55051.062
63121,19659.229
34473,272775.66
86649,35551.867
28768,4952.6436
63147,29696.615
36084,25667.336
107044,28657.967
78946,175350.17
135036,5361.966
124158,19005.742
45278,4119.5894
116193,18269.332
43841,26813.639
38002,98655.69
18067,43863.105
66145,4432.9385
130000,13254.248
22489,22392.244
38118,15285.133
148131,7831.501
5976,338833.6
45956,89894.914
50219,3178.9087
75521,127212.75
51985,4759.557
54354,20954.316
97639,21556.744
24009,110227.016
72635,7036.9624
993,26382.973
10945,17907.62
132444,9719.641
138544,8274.12
146049,76602.54
145321,12948.509
20292,28740.252
78386,8963.862
5905,23798.5
138194,23671.738
86570,8007.334
131570,181189.48
115572,14863.963
82615,226849.05
34921,3948.0735
79191,11765.605
119751,2242.31
87173,3870.9788
72031,53447.38
96537,11862.044
40480,6846.235
86904,9055.024
78379,7277.899
45130,24831.777
138889,14866.881
112615,137609.83
42858,10468.349
68627,85932.52
115878,17476.201
119213,12450.194
79459,7989.11
111680,19527.48
124009,35905.87
132724,7760.342
31872,10342.289
53859,65634.26
79552,4199.585
37534,5561.618
16442,3273.7866
14346,99025.914
64836,16317.904
115628,5176.679
15435,212890.45
3713,178866.36
58526,38453.543
132017,15413.837
69000,3877.711
122245,140966.66
135172,6818.8154
24066,79510.375
86185,7052.9946
58207,5334.9795
90985,45294.316
113543,44837.89
145880,13418.714
19643,8882.008
101405,6218.912
117514,14214.53
121291,4452.7803
104116,27519.09
123432,148099.78
126902,5968.444
11358,42523.555
72900,15740.063
63494,12500.901
65376,2127.3743
5060,88920.58
39926,275560.03
103114,11630.365
59188,6999.295
27190,9800.856
111019,2262.746
83350,33214.06
83237,2198.3198
86191,13140.048
147108,15724.861
147706,36700.54
142113,15262.163
10183,18709.225
47664,3826.713
110575,3671.6638
139404,97666.49
102282,20487.3
135789,35242.637
109924,54707.84
76900,8155.183
56403,79096.24
17539,37715.38
119012,12950.03
10655,28839.059
24778,37791.3
64811,26027.184
16525,82190.875
122989,26612.213
67044,5875.0176
10503,64122.375
39956,2650.7913
83877,35136.57
80498,14419.557
113402,71607.94
97697,9193.79
125646,3695.5645
139941,6388.7363
80062,38449.484
141357,46333.08
67864,3952.4116
63917,21855.092
65372,6351.635
113669,23051.47
77028,664.08954
97504,6375.334
107419,23065.656
129673,2472.2314
86493,47353.94
26186,17283.275
32577,31422.807
40961,8383.734
26697,3642.9807
145295,41200.28
68630,100911.67
33751,22364.75
121209,4552.1826
149330,5342.071
92774,37249.434
111321,34188.492
143624,20896.164
39236,33986.656
76183,4592.9766
76967,88583.695
142982,6909.2437
126907,9823.938
87746,39545.63
88789,12537.429
85178,8336.977
134062,83179.69
94912,32777.543
79827,8830.226
118503,157924.05
133524,53237.832
18677,44945.473
99724,21375.062
136189,25208.758
22322,41605.81
5193,36079.1
83340,11483.43
129073,170531.6
72563,42785.668
85133,15543.932
217,13806.997
16455,94727.67
115427,6068.6543
95952,21924.635
37858,41399.28
146641,23105.717
95848,7733.0806
92883,6708.4683
70329,6519.5024
28764,82270.31
68246,144594.84
141258,22385.232
37653,4058.0789
113170,41013.89
2759,17193.494
75277,8904.522
37182,8100.712
48814,8589.698
33795,11662.965
113904,98194.17
77058,12494.586
27527,5521.1494
76070,7869.938
90213,19878.527
105612,124191.12
82745,10182.598
33957,5389.3164
9102,14685.92
7402,14775.643
18667,79866.305
142157,22332.865
63544,5514.6396
137435,7929.474
123793,5539.636
144678,17288.773
93033,29583.205
121801,6132.344
127698,79618.625
20150,17831.63
57770,6041.0884
126047,10403.248
147295,203822.66
60047,22726.29
126469,41200.246
88243,30283.004
41386,2756.7104
82617,210304.97
136559,58594.8
101751,24854.268
147028,4119.842
128610,4242.497
26568,31358.973
57807,65452.2
131806,5162.4707
130253,4257.4365
54901,7800.2354
108875,152905.62
12007,45930.19
119463,67520.13
47064,2599.4749
16961,12694.688
110603,75481.766
136083,11708.189
100915,114408.75
16588,59288.08
132422,3699.2505
57474,9110.421
20013,46887.805
66061,8767.576
119101,20876.693
18327,18355.719
45613,99962.43
121925,14115.467
24272,46097.633
45927,33588.52
84238,31793.236
10607,34094.81
27803,12043.939
91126,4073.657
101088,12732.1045
61995,29128.703
10654,23837.162
77824,67939.3
13651,14931.981
27827,43455.277
19084,31323.547
43598,22051.035
97047,2989.9636
137125,9555.966
134578,105110.46
122824,44384.6
71804,33378.715
29213,8487.599
915,19776.783
17121,40952.246
66135,8366.351
111645,5637.839
16017,29934.701
60453,3960.098
26617,20877.95
145224,102906.336
24870,9650.79
101350,42826.027
16360,10347.99
49936,94673.94
9600,6727.0576
51598,16586.695
3870,183507.3
44853,1703.7299
97910,18383.344
18737,73802.95
48442,5875.4023
132813,45270.164
11625,165474.92
26642,75341.94
86246,92271.445
125921,12691.799
30997,44151.695
13009,2866.342
19299,31783.305
22557,84104.91
114730,14615.987
115986,98038.86
8022,29788.959
47635,18292.215
55621,40164.906
18699,15741.566
38224,23399.541
62350,38143.98
30333,27129.787
62014,47593.934
32880,3092.7195
115914,28467.926
91378,5489.9224
99287,12238.177
5117,66261.23
18501,3655.1877
72817,219636.67
106188,18959.06
134298,15937.83
10240,2692.9265
81112,32798.293
72536,63118.516
95091,56691.176
122874,33033.12
131737,21090.84
47658,5502.5376
90329,48363.344
40827,3001.9207
147951,80139.56
144156,77650.86
129450,5579.74
100538,66451.055
3157,1449.0726
103812,7848.32
25405,8154.2246
14498,23982.264
118652,110193.92
37531,9705.984
87487,145074.75
121168,80813.39
121245,1620.9819
140999,9003.533
12220,10048.43
99129,41335.633
98629,18716.195
89014,41940.64
119061,8329.195
120791,12323.895
146166,30489.453
91061,50158.387
19744,3947.888
96299,209671.16
147456,39327.07
15853,69094.18
25650,11659.265
114677,40352.64
93818,4439.6743
7966,35239.816
63454,312.18365
104522,15280.933
13274,37012.03
79215,4052.345
83646,88119.5
30725,66768.19
72655,210405.45
72167,19274.896
78526,4574.058
141604,8365.889
30126,9073.572
85441,182050.33
113258,3131.478
13950,19033.34
39585,12752.78
115930,29349.56
52878,12246.74
25652,125664.39
32909,55841.598
14719,395.1871
47271,9650.746
147169,78947.71
26907,564918.56
12409,51028.684
2717,11017.81
88199,7199.58
104119,14095.261
56724,65108.242
15522,27226.568
71167,25035.414
75585,10624.326
17949,3265.6384
88210,17001.5
68789,3414.944
140586,81783.875
121481,6927.487
30101,53534.098
40686,21754.62
69344,55468.79
112756,5817.803
42599,36875.254
15216,34332.81
76732,27725.725
74352,19507.053
139876,16366.798
81420,28480.637
62140,117612.305
114247,146685.6
62303,1490.9679
62288,22591.736
149411,21592.232
129245,16336.542
55542,3082.828
4215,35095.645
122990,47252.383
148539,15961.423
70674,31618.256
18517,2459.865
57232,39334.04
116207,92372.87
135226,34949.96
107000,30032.545
106168,38163.664
60584,31946.441
80534,1322.3947
479,163770.02
138834,6245.2734
144019,68725.26
11853,11420.349
61061,88775.16
132336,43130.94
67909,7469.192
86702,32214.459
43960,77239.0
125936,96127.54
114188,378589.62
36025,189143.44
110643,23472.686
57177,193336.66
66227,11927.089
52014,2365.4883
28577,51533.92
49242,4242.715
101052,81150.64
7209,30958.48
68298,75678.71
47410,1459.3993
125724,78598.57
80587,18295.096
140385,35665.46
67879,3197.6382
127999,11361.188
9750,9028.043
86972,103555.164
134979,31271.0
8939,4729.882
25366,82017.73
49557,9163.8125
89208,7872.77
23659,5787.3237
31560,158736.84
121348,77800.47
92195,15149.699
44039,30722.998
140971,4053.0974
125874,42636.28
94632,55907.348
17633,4243.372
66602,5899.094
42180,36153.38
85253,49869.77
66250,25115.383
89134,36660.402
19975,9270.264
129036,8166.9956
123629,20593.602
47600,46870.098
65446,96598.89
67395,15200.805
56545,40782.89
40773,1093.3777
52662,3549.1526
149753,31851.945
38320,55575.156
31375,10974.691
52129,33210.14
65230,46003.453
147174,4777.8896
9586,19598.46
105320,14877.158
124527,11996.459
115902,15821.649
51897,33496.23
144773,6520.4253
127046,174174.11
12920,8439.264
14440,25462.723
27877,10742.462
81311,79782.336
146091,6721.075
60134,13775.394
48759,17008.229
55132,1604.6199
145168,24805.92
74408,8146.7456
55810,66276.32
88412,30616.13
116937,39568.477
15093,159853.08
55793,39127.066
144180,42789.86
14153,17260.07
55514,5333.244
129317,24825.28
14914,3937.0383
46369,79171.41
82917,12079.785
144837,111765.086
37677,52567.75
44773,11635.655
42743,14771.787
114823,5977.3525
114395,6351.1675
49620,24013.46
84999,22054.885
84168,8188.6514
144151,72276.72
79546,19554.125
65231,10539.862
140386,432072.4
52320,96780.42
133935,6024.0693
145409,66315.06
94541,41847.953
141161,7732.6245
96322,22235.771
136681,89587.73
18475,8765.606
147594,20561.883
129022,7396.4697
10358,43773.918
10773,15737.88
114024,19997.25
97907,85956.85
147414,27943.568
9098,46104.81
21905,3866.5007
75924,775.39044
49091,58399.367
27848,3817.655
116310,42311.227
87597,19168.602
22014,1040.9209
106723,6057.051
91442,291377.22
46955,173060.94
138758,8231.565
8303,12777.193
26587,11607.355
132808,28373.041
49132,87179.555
83132,7511.0444
36308,90822.58
128521,8018.4
48015,42853.543
41507,13914.961
45470,4775.2373
2012,13729.621
24024,138998.8
124661,5195.314
90259,49553.277
55996,4294.5293
92904,2027.854
65521,2129.364
105800,3927.5376
38469,47797.223
13698,117706.49
33141,44331.543
37884,447925.62
111464,100843.14
51142,6241.5063
33534,32985.047
50485,10910.675
98681,68160.29
15693,13527.88
139599,1874.3112
134664,20493.791
99958,77224.63
49803,11033.796
90215,15795.09
101120,7150.3564
136796,10479.128
139794,34410.754
65263,62855.504
89892,2598.3823
138202,52241.156
1619,10676.522
51052,57750.414
38835,168261.08
59384,95434.27
51948,9149.295
78241,7050.678
80949,16128.59
29145,95613.65
136077,2515.0442
38211,22565.06
11226,19031.258
91081,20713.584
44513,61950.758
47470,9322.508
26927,208627.69
35712,5954.633
142839,11886.55
96403,3237.029
131497,11342.488
101575,11596.59
58727,3740.5483
129030,3123.4724
44612,65834.99
82421,21233.773
34042,41589.094
6875,29133.178
117222,125279.05
89289,29439.35
54325,19853.012
49910,5508.074
96551,25318.887
138413,63728.45
11312,8560.357
78066,23811.504
97926,6581.2007
146235,62887.953
59439,13014.824
120786,118379.47
87401,50944.17
24033,165708.95
144308,2209.8677
45162,41254.684
14188,8452.398
114643,11389.907
57358,19157.262
116138,29766.65
94361,122755.61
4971,66903.44
117232,12363.233
97860,8664.72
23245,20451.74
68419,8687.678
82954,13660.44
100722,37022.836
145969,167929.5
74582,26445.896
146342,4218.264
137711,7956.3516
119062,29653.752
9484,7555.6855
120418,28464.277
18516,2891.5693
113584,129827.445
77782,25097.557
42564,4713.844
137510,97796.86
75787,11074.867
13297,12218.128
49926,100883.375
82308,47114.35
52520,1837.8153
147933,19277.86
33601,8563.571
113602,71829.54
134479,18703.32
34785,33567.184
47794,117892.27
66220,4782.859
143577,235789.72
16492,98349.97
18069,137661.12
101053,18781.861
86753,46007.113
141096,30951.262
109162,10298.534
144557,53197.87
47774,4522.2603
60407,19345.012
23684,9121.411
62449,24930.836
5203,311384.03
144851,72597.24
112034,56977.43
67476,1455.3473
17349,62520.996
974,1737.0867
120266,32501.693
113257,19145.062
21026,115059.28
44867,44119.848
3251,10803.443
27749,9607.634
96510,3522.8115
131513,128501.734
9949,51414.44
8845,74428.36
60417,115395.81
62693,77350.98
4465,39909.88
135390,11154.902
133243,22981.387
132807,135648.61
53057,76778.38
92406,73000.79
113944,14419.974
10469,38049.047
65296,84108.06
24981,6043.5977
42958,62722.914
30088,17890.773
123520,13209.258
54812,16000.501
105430,69542.555
39751,6124.176
93761,43857.613
71324,21771.81
14797,20255.865
146882,9660.345
57763,143678.08
33688,18090.51
12395,1568.6348
47259,6756.8823
7452,47470.77
138695,59507.26
54612,16512.91
33304,5646.8984
141323,27667.41
39824,12081.48
64601,74482.586
59454,11432.651
139321,22893.205
28643,91568.91
109132,22048.186
5590,18176.504
28173,37059.836
17600,7736.833
90785,18869.6
91753,22965.637
14772,50491.473
10931,29174.357
138285,9745.059
91431,15066.336
3670,5972.652
27824,32757.082
94722,30867.55
42362,26532.47
134406,35212.098
92855,15553.272
144684,7710.471
104474,8336.583
49058,38730.273
71560,106151.44
123145,10734.136
127405,69077.164
39642,26364.982
42674,62398.215
91920,30496.02
74477,16466.133
113301,4382.166
109424,5540.7666
36988,34059.008
96678,6426.478
92610,28126.12
115062,9582.342
45679,28306.139
98422,46714.027
19925,9544.447
80031,45535.355
91914,8638.912
143765,15745.858
118201,8164.651
116708,18651.014
101880,9626.367
31501,26604.787
25668,12428.581
18719,59666.312
77171,187240.25
104067,44956.668
9844,19596.326
23079,5676.2114
11951,30523.63
90952,12818.434
6402,8394.278
95893,94313.17
126013,74567.88
136377,50577.76
101769,72256.44
108386,12651.191
76461,36991.645
61314,9021.873
86832,36440.832
57805,12430.29
5390,27573.287
92639,21746.83
132382,4628.4424
111951,13633.251
56626,9038.399
8495,22754.244
58475,21668.822
99099,15148.112
120645,17867.23
72208,14645.841
17809,5462.471
57826,4177.8516
115305,42270.484
133020,12659.6455
29475,20446.404
128842,131660.42
24919,16803.102
112770,2649.973
60071,5012.449
45393,145953.42
14902,6967.6753
18802,20615.516
23015,39149.953
44639,105866.39
109521,4960.947
69803,259.39505
131446,63430.29
58061,7321.5566
141124,45141.15
62927,58310.785
68429,51887.492
21536,25056.357
97839,40461.844
44150,47892.28
111952,37085.656
32938,9666.393
137149,108544.98
144318,5436.8296
24280,69600.29
101881,16025.7
17054,42038.8
89088,38966.562
17667,17262.984
134187,129632.91
134929,50606.664
104247,8761.869
72062,71245.9
134570,268796.06
28259,31486.068
112767,17273.29
81142,72081.46
2329,8497.549
101452,21199.71
136103,40623.414
39187,18902.25
120405,3999.5107
29441,9831.913
64292,5567.31
35412,17442.535
64619,9671.812
80128,41432.97
97525,62549.004
122244,66310.2
72901,11982.543
35492,42258.008
115593,9319.473
87942,4795.6836
98259,72131.805
36248,52397.184
96915,28812.102
133810,49059.492
2412,21449.26
70321,39687.477
40235,53194.09
105029,6396.3457
30406,9223.918
45271,65485.508
90021,18554.408
69927,117938.914
94153,59268.234
73485,26462.08
31866,38774.277
132376,2774.1548
22375,114808.84
12915,6742.886
86707,3492.7568
60043,14015.166
133837,14152.635
68034,24126.959
25693,148372.11
75300,41870.86
144748,19240.734
58202,80433.414
97202,8155.1733
4054,26441.924
88963,2978.8953
88674,16282.035
7128,142428.19
38315,82033.06
45801,44152.035
122523,35537.23
16108,40394.48
119182,40404.535
113959,49338.29
120296,242690.11
47819,64899.8
5040,57958.617
46093,97926.89
85058,23804.662
107041,25828.123
39902,78066.336
66129,66102.805
31867,21226.14
96163,10447.277
107735,15454.965
124817,69216.164
117253,21316.908
38372,50789.49
92712,84732.08
61619,11382.782
53403,19905.836
14348,114765.9
44529,40479.516
77836,41705.547
14305,12320.037
125524,272723.8
44885,5216.703
112279,15940.715
25191,3692.5896
52708,19016.914
96957,29761.512
56228,62100.57
43486,47968.59
129091,1791.4419
48271,53908.44
110631,43253.22
100319,16288.122
144140,54524.742
106854,16984.662
26007,95214.95
97841,6599.643
41975,471659.16
42249,11535.154
36428,101402.87
8510,4258.982
123363,17794.17
17327,8226.91
114319,117668.914
146028,30194.225
29235,11879.526
240,5919.025
15227,10175.9795
145843,80559.18
125451,11084.292
142609,15217.582
19082,42910.723
74048,5911.152
52580,35458.105
29197,63895.156
14407,48329.336
47647,3405.0376
82587,10784.648
115144,102963.9
72051,37249.277
67435,5606.848
58386,74277.39
52284,7242.0835
96743,14341.707
127266,37812.594
110140,19565.629
36602,32702.693
10398,54039.7
117919,11653.871
12815,4608.587
120020,11710.077
137540,101379.74
60259,1611.0255
56223,62151.79
53197,6099.5723
116581,19943.014
103640,17396.58
106809,25471.7
17711,26730.916
112310,60737.76
124815,35573.316
36175,17306.357
108398,20355.941
6689,2184.397
45503,2643.982
146184,73838.46
15729,14373.059
107513,18316.994
77649,5850.187
23471,86748.9
78376,11829.664
85536,11847.32
133118,12240.499
84240,20200.586
103366,3540.3494
42391,10853.218
34632,19559.648
128875,154265.5
114365,89976.664
85309,66334.086
75834,3988.9724
80223,2576.8516
37230,3239.1729
146883,53580.434
24212,62343.79
36152,5068.185
13834,245095.55
20156,8621.256
33828,64449.56
744,26037.398
102338,68647.17
109657,16776.611
17945,46070.258
81148,69169.44
114653,19986.654
79556,9956.586
11634,60466.312
122651,8550.689
34351,161274.67
23143,23233.566
39177,26637.305
133942,109046.56
78901,6607.9683
58005,43298.934
64097,8554.743
39219,29595.006
36685,3541.2883
113101,6861.6084
70304,13639.717
50950,28574.74
67488,52511.594
125722,5108.5044
117697,41573.215
38832,42246.59
14351,153666.05
136303,52369.703
37877,51404.46
64277,17488.166
97889,5012.0996
29602,20562.846
41361,98272.164
75359,31850.566
45572,18380.693
13767,12734.005
25482,7245.0527
38554,1505.5377
20474,2739.0974
128362,35933.02
125948,4164.2065
122707,6194.5938
8509,75460.03
53335,84721.164
142611,78595.29
88291,29630.059
80522,24235.01
2835,12777.391
26175,51555.703
118381,12028.605
86637,14490.803
115374,31775.885
61496,3598.3223
140551,18535.62
8385,11292.859
6920,9965.093
45491,49007.254
37175,82920.63
105775,17993.184
49566,82695.43
128324,52174.168
28255,3952.6638
37400,52540.242
138270,3868.33
122906,135083.58
117038,3110.6787
44088,3271.9097
27056,24294.377
19292,3466.3108
148950,67145.93
23654,57051.746
95553,28964.736
53358,17428.271
92727,13314.359
133819,30485.09
31621,76918.81
105982,7593.6885
45656,15201.72
31257,16242.582
43054,19842.723
126301,47139.383
125175,17278.234
20771,19188.102
49208,10651.933
120265,11179.002
32569,20834.156
40183,73280.164
5898,4496.184
49581,12117.413
119073,50883.453
11106,65192.574
125037,15377.748
99073,11827.492
92705,30237.97
99618,24419.39
101098,8530.406
84380,3727.493
97519,25787.785
95889,88584.984
125029,50202.715
130438,29145.484
120508,120916.29
147107,80233.13
9328,3410.788
59405,30672.893
75950,45951.164
22327,41924.812
41978,19675.64
142247,39363.55
127778,76405.48
21844,12999.357
69882,4710.3545
98747,29935.805
56326,24661.727
125069,7487.4404
72433,16834.79
14608,5173.1094
107191,5460.1577
73402,63097.727
100249,11590.222
65448,1975.0856
135149,24458.318
17567,23596.031
34906,118342.17
29263,24002.479
85112,67238.17
56124,73426.86
109692,2162.445
65212,2783.1167
39972,65149.15
83301,36900.945
30095,14861.541
7186,4158.7856
46245,8325.757
86111,47042.062
83423,50365.188
10996,42246.277
11658,17691.74
143388,11861.916
39863,32916.96
108308,3929.6436
51880,8033.208
42093,12877.312
107353,15051.873
142728,9252.84
110933,1966.4266
132565,107120.73
48455,24268.295
34206,10965.304
68752,19066.393
33463,8765.777
42546,53096.47
114177,83855.016
139004,138218.38
24866,948.44965
123490,8219.171
116766,111597.04
40476,51367.227
100006,26157.947
66898,68387.17
149069,16741.736
2674,27694.639
149004,7056.286
112940,118736.4
111683,6576.5513
23926,1268.8627
9221,4226.9224
69359,82455.43
117597,104270.09
82558,20557.17
95422,16531.107
59767,38131.297
80555,76117.46
11842,6544.757
118178,9290.977
92948,21242.387
38090,58679.516
21459,71559.57
10047,19907.096
68209,34303.523
111940,17377.19
16969,86380.07
145034,2528.3535
130065,8983.404
121414,29786.855
109102,55239.73
22498,19827.63
40541,6536.918
97678,27281.5
96509,4858.0425
58694,10044.745
31014,1145.4133
96811,157001.81
124087,53741.32
124182,24226.785
119585,37207.812
121557,77896.555
48757,105268.555
129431,62678.75
124907,19066.799
78784,5896.902
144147,17045.104
139513,32189.11
36805,27033.29
50116,10098.722
117771,10964.564
73722,28803.66
54380,96520.266
85847,149401.16
37239,232926.23
43162,8558.245
21888,21187.92
11521,7741.0015
102425,33216.56
12981,15495.553
74328,15986.751
118952,7386.912
47620,70621.99
2632,16931.242
92117,23042.164
52523,31300.498
86880,22202.2
43213,45267.496
39602,76162.93
4917,6586.3237
104749,3618.033
141740,8035.2144
113318,16668.32
131149,4141.0605
93986,163178.48
117646,100431.945
99648,38829.957
5473,18434.223
97629,4633.6763
148007,35452.12
134692,9631.158
122538,33317.395
113164,6697.587
97015,6839.1396
50633,58212.03
110978,32949.2
108178,23771.531
114796,59102.38
133061,33575.19
9791,17132.875
47385,2721.9856
47266,44010.855
58507,10573.738
112246,68326.875
121687,2023.6486
18938,47478.637
20898,9043.003
52608,3051.0688
35066,3140.4883
93263,4565.9126
136946,10056.159
70529,13348.93
7738,221754.86
126559,5488.6343
74254,17239.318
36112,14154.861
124970,51920.758
91900,24847.99
120733,42835.418
145957,45940.63
82220,5952.9834
69779,9004.14
3661,11031.308
61430,94617.555
138362,56430.074
34719,19996.107
106564,59203.78
48849,53564.074
52219,29181.92
117393,130824.05
133506,71126.69
75133,4192.2505
12867,12851.173
112401,43247.33
37848,19896.734
121452,6190.0786
62539,13001.556
73507,20723.572
140261,33243.64
6052,42999.61
136462,11388.465
115599,36961.543
15931,11494.506
82942,4693.9526
41021,72261.39
112447,37441.832
69132,9697.951
35206,46929.61
141141,8471.07
99668,6572.9736
20803,39087.89
148925,5619.1836
52696,101974.03
39728,61583.67
16186,8630.894
106051,18959.836
76244,11057.898
126366,5549.4956
17192,3747.658
41428,5066.0815
73922,1124.6765
34072,22791.088
126973,1802.4011
33568,7512.5156
92661,29833.951
52121,57457.875
38093,35969.332
114104,7351.361
101724,9766.447
97783,14686.286
14957,4168.503
84576,87237.484
145025,2971.0916
88163,8523.915
79791,35328.848
65595,1297.2562
74194,26720.38
103141,144841.94
9040,8662.615
35502,10589.875
111097,56061.055
108737,3495.5764
2234,15789.369
118299,248896.47
44932,16712.129
14586,58651.6
118128,39747.934
94283,17913.557
111709,4806.8955
93664,84683.71
41115,25709.602
132093,122011.91
96400,9021.077
50540,72599.08
66594,29037.234
52381,6128.806
57498,46517.348
133025,25314.043
12243,12809.357
44230,20114.918
108053,164482.55
82461,61719.15
108522,23608.36
6610,7911.422
129665,45089.082
4323,8192.274
46702,15242.097
39615,52950.348
136871,146974.56
34103,9038.966
85922,24229.713
136576,45491.145
5587,11068.676
95460,20725.695
40528,17653.375
20846,40156.062
30029,9227.748
26360,8530.707
15534,8195.088
23945,10560.782
125673,4400.8955
19267,56950.793
26099,22662.78
126783,5590.085
91077,34937.062
37445,80320.86
10492,49320.67
24404,16632.627
89912,58395.875
136271,5794.5312
84915,33178.227
99184,68630.31
121381,1395.0859
13630,42011.11
134633,9625.794
86549,3736.5977
21141,58819.996
9950,14745.698
54088,5963.7515
59051,52108.26
60441,24039.262
110094,96684.266
143427,16564.854
42092,5438.32
1365,8135.879
38939,23826.283
1753,11332.457
19058,76652.125
24399,35340.727
17516,60616.457
130683,5419.0913
113525,7103.287
130404,25245.064
7872,17554.873
109691,11632.317
148036,59314.55
39169,3361.969
57051,44746.97
70149,19095.637
147654,1108.0548
132911,173606.14
108801,2206.5444
17728,95976.81
95660,28503.818
23243,70464.33
116509,26018.803
19664,7150.2075
129683,32780.355
127144,90605.39
79802,11524.231
67046,94570.99
125928,138875.33
134842,32582.71
79769,17543.807
49766,12957.839
136225,36945.45
127660,111982.086
20034,40036.844
72510,65639.234
80864,2147.6155
113644,20028.041
113906,29521.236
94605,13676.842
43279,17674.545
48572,199163.06
31909,16388.29
30596,27187.541
34313,6997.0356
146491,7564.1675
61735,14384.022
75573,6653.179
98632,17477.484
45085,44571.94
126827,53654.42
65290,4743.4536
118298,34969.332
83363,16391.36
100314,1231.202
111328,10203.869
11211,8452.805
25404,5424.3667
49477,4514.29
113929,10822.324
13252,10582.302
2166,104607.15
65361,23934.613
109840,50159.37
133493,17027.725
69701,47215.258
115069,48573.465
56876,46193.14
136452,89783.94
805,100228.84
62535,23328.566
147014,3961.9373
65670,44413.277
81607,19451.672
68704,11279.689
58458,54725.664
244,66389.67
85667,26463.664
32228,59968.445
32200,20296.627
84463,53836.355
117140,180207.14
75847,19677.988
28662,10105.478
40257,3559.5845
133621,18268.459
48971,6740.1465
141570,91820.15
127743,5384.567
112266,26080.879
28528,5142.549
39767,7270.7197
83648,21568.7
22214,14543.326
148836,12581.502
110270,19977.832
123998,24336.406
70899,9326.777
121660,23528.172
84257,50914.5
71672,28687.287
1304,32153.332
72351,105378.086
139899,9355.0205
146253,22077.848
71878,146126.3
26962,2854.5896
60222,24983.46
34160,26856.672
8662,53173.7
67958,11564.48
141552,84130.52
36236,8874.435
85602,20383.188
102130,14703.579
45170,13781.228
32840,67853.39
108328,61543.098
74729,1325.299
45989,102038.7
43758,61049.027
78411,74256.38
68464,12946.035
51570,25705.676
118358,50739.984
136596,5578.6562
47394,19702.45
91209,20801.475
48297,45737.867
55283,29128.424
147488,7004.5044
42790,88635.53
48034,22907.672
3615,43606.5
130823,101394.945
42273,275720.72
123530,29871.707
137409,7054.726
75042,4700.736
42555,13253.194
70642,17746.16
85995,39029.42
140702,42168.168
41116,37525.383
7449,72889.12
103426,974.2535
141730,9752.409
135301,24379.932
126641,27944.69
44442,16651.438
13851,6342.0845
85876,5698.1377
47815,6247.0557
47078,1272.2073
107264,12484.42
72220,14677.853
125785,5579.8306
126061,8882.231
42928,199937.4
69502,9704.125
69248,6106.3145
5586,13027.645
25298,51173.793
35319,22696.6
37253,16321.735
46291,46714.51
22542,8797.224
45220,1644.2594
39246,41338.05
2411,82366.586
12353,1179.4467
118356,14124.466
12563,7005.739
86429,44812.24
144687,1015.7316
97899,22635.322
120549,5715.5933
140720,10051.051
56494,181461.7
36076,4786.9443
134552,3780.5525
3597,5008.4062
44990,16693.36
53896,90732.45
67712,1260.2289
136293,64466.016
103941,17091.107
72854,31867.549
115627,64821.92
115033,10481.033
99190,1795.2465
53781,18648.139
107723,5785.377
51278,74045.68
70201,15065.994
93092,8930.651
53811,52706.516
20124,58586.273
56694,98258.7
30747,4391.412
34504,53748.945
144543,26442.182
75893,41484.297
109636,6069.902
148225,39087.86
41195,9692.817
128714,18698.805
68348,12007.167
98421,81572.81
26454,54166.004
34452,15922.522
96900,2680.3257
30704,15286.703
114871,3889.902
141802,23946.143
103010,12281.87
758,20697.164
77265,60645.465
102416,38747.406
80523,88910.5
43537,14295.52
125979,6485.692
90137,28731.791
106375,13031.367
12194,7267.9014
41520,50701.777
49167,48631.887
119968,35924.746
528,13218.499
131194,66604.22
81548,20013.055
44048,12475.362
143808,18868.3
93275,66668.69
126212,46152.17
117112,4392.7905
113709,34775.688
124533,165981.14
87766,101551.34
148185,78326.516
116040,50710.918
68341,54837.945
149091,102223.04
69691,10652.589
44008,13635.079
89429,4491.486
149951,24825.746
92158,49103.2
2975,12838.903
55396,54448.617
90376,19638.098
78869,57251.87
123241,17091.094
140299,1966.1014
115863,23779.355
60523,11812.536
110943,86128.06
102244,5014.268
142812,90199.36
110494,33838.39
111415,36611.523
72881,105330.97
132299,25085.416
133457,22867.742
36687,13625.421
38873,45670.35
80328,7645.9233
100132,64739.63
124306,47211.676
40601,16046.36
7312,3327.2004
68380,12048.532
66164,58648.27
86480,71719.48
66172,4023.799
44467,12046.498
139495,122395.36
141120,6340.5547
53301,12816.282
13403,6630.1943
17386,39017.664
16679,13708.17
109024,7058.223
3253,26670.73
71238,45674.46
98612,5657.845
997,36914.195
1680,37451.027
50333,62953.992
15766,21294.666
77291,31769.672
99,23283.158
147608,5169.099
105845,85083.86
61406,169958.3
88495,18479.834
132793,11623.036
77491,12851.858
133130,7402.3027
59348,32635.441
147580,31119.652
54554,4055.739
62311,32178.23
47633,9040.907
50751,14527.816
96598,6714.723
122903,117498.805
98294,33695.605
95722,36740.676
129624,34030.938
68067,39458.062
144448,8415.194
36801,44549.58
316,179614.42
125060,6996.0625
93614,42590.35
103504,96273.914
30191,34375.19
2286,38200.93
61241,3212.1929
107026,42446.984
83496,21979.902
116250,6854.714
55158,22596.719
51047,5618.867
75120,27694.422
126669,4535.491
117234,24064.219
62242,2676.8098
29929,123741.586
108492,37176.203
31781,22103.988
141205,94954.56
12500,42751.695
104945,38287.094
32921,6190.022
59197,25451.244
20888,36203.855
83540,19962.256
117734,7313.7065
27706,32242.46
98013,74196.945
62171,9500.974
43624,52981.312
56116,101631.93
36955,24116.117
17761,86624.58
144759,103607.266
75853,180188.22
5690,18012.377
80496,27480.367
116346,10793.764
35881,4818.1763
41002,103427.66
143276,24485.227
107917,55444.41
128398,7109.8926
116823,3541.3628
128721,17047.098
64649,2125.8286
120659,233790.23
93792,29990.54
102721,54589.348
26998,21216.564
12055,41554.668
107670,33361.094
145848,8984.773
88664,64198.94
45697,21501.309
134323,76674.03
20754,10717.264
40341,3881.689
87077,10042.051
110730,4878.9614
110995,174143.16
27781,15677.356
134643,21700.03
138949,10908.102
32875,95929.516
144249,6373.5825
144010,12772.473
108129,104403.305
43656,14457.792
83171,46735.707
118976,6074.92
137758,8441.298
73690,2976.468
51663,135227.3
148896,8513.026
137618,61819.55
31506,26147.28
71229,11461.283
123134,17247.92
118248,106861.516
81886,97864.34
110700,11264.717
88208,104808.75
102250,44199.77
69746,25876.89
120819,185177.17
140331,11697.071
125824,22104.186
89966,84366.79
54147,155579.1
115175,46599.047
88605,64249.805
80826,12143.311
128168,3217.4126
29991,59213.973
25220,85625.68
131365,17975.371
59483,3174.327
49903,21744.654
86012,53146.598
48686,15844.327
74754,4234.702
17194,20754.836
114298,189110.56
78199,85050.234
128036,41677.285
15366,21507.182
109750,2600.0593
129742,7562.6084
136173,82590.99
134920,103312.37
43390,90101.03
66746,66307.48
103473,25178.11
44787,25176.625
90998,42841.406
68920,123623.96
109136,69231.15
9836,1173.4623
81761,56590.062
4217,21907.043
22891,14045.65
1752,8966.925
131114,6139.8867
143177,33446.37
133106,12937.698
110399,15325.044
60598,151530.67
26683,6177.817
142807,6953.258
60440,2473.9023
144311,27467.604
57451,7512.4663
29459,22034.756
141768,64206.508
87341,1202.5183
97270,70184.42
103628,1803.8044
60476,938.11597
127442,9082.749
92095,13668.829
114514,85315.67
19547,11640.791
94044,61165.383
91754,6467.024
147796,28353.598
42298,26610.139
22593,24623.258
52373,26275.686
51619,68249.51
146218,51443.164
97684,13785.737
146993,18593.947
146570,5400.334
39684,164049.81
35822,108837.875
137454,17022.5
43055,218403.72
59793,39949.88
60730,14366.1
74930,95172.625
37591,64817.715
57513,48660.73
87554,86231.56
80370,25268.113
54879,3677.3594
106795,63167.1
54939,6406.782
97541,33535.152
44069,73605.73
68751,90296.21
3772,20822.021
26479,23779.633
28622,44369.496
57301,97243.22
61262,84228.46
99856,16182.546
33823,11967.45
58299,8471.07
147878,43558.51
114577,67111.84
92086,5947.8594
133694,24656.281
31372,51812.31
83833,43034.215
17440,26985.76
10708,43141.7
117448,12766.309
111220,19383.28
135169,9362.957
119451,79813.74
61943,11408.45
114077,5738.8564
36689,87076.95
98361,499.44852
142763,29180.172
110565,47352.305
107815,56001.043
77645,73432.555
126679,58541.71
143139,11279.869
141247,10118.65
112737,16924.79
11239,39586.887
52544,8833.772
7837,6646.948
33695,14786.839
34568,136897.14
139828,24352.078
32404,9956.2
74766,1270.5834
47113,30584.79
27806,7816.428
69286,32057.984
6858,2387.1572
19631,11410.178
44218,3611.6814
91292,28432.38
142758,871.7474
27828,9266.644
92980,40931.234
20673,46637.45
9787,18702.117
138057,35158.68
5582,49228.098
64135,86596.08
93423,65169.824
56171,7855.639
59673,27888.287
64243,45722.332
146736,11579.976
58910,73010.83
35817,25703.564
34449,7282.7886
97247,9125.986
90484,18124.951
68984,13427.691
112064,20667.305
82398,4451.806
88598,5799.0938
130031,24823.857
86694,21282.71
25383,16493.018
58184,45158.445
81451,96032.664
38910,8166.8076
56185,2178.835
107913,13708.934
43608,15675.848
40024,21290.664
131592,12307.818
2238,108854.35
99790,65632.1
64360,2599.9033
99360,8376.209
91858,33768.652
61324,7215.993
71215,37195.508
119009,17493.684
47302,17734.275
142120,76809.76
109679,50591.914
99744,115563.945
137003,7475.312
12148,41341.285
135495,88548.836
53907,8708.539
110062,1265.8458
27504,7794.3335
98409,7567.547
49617,9690.061
11706,23262.494
3892,41354.758
94164,4731.834
43394,68837.21
18976,6509.156
49278,5800.581
89259,3797.929
49351,8453.648
110602,5055.335
105541,3301.3904
90033,23201.21
131311,5570.527
110125,78837.875
116523,16652.172
69382,30677.963
55182,83037.74
43804,31857.32
144458,4971.835
149518,95832.32
93975,20796.271
37386,5517.6133
37411,160873.48
95296,17011.209
121056,22308.666
138209,14252.885
21580,9129.694
74623,11386.748
136699,10279.923
8751,112881.36
111103,51255.805
89973,50573.082
120876,37323.53
71141,6625.7
101031,64372.582
83838,23429.527
136470,6324.47
4325,16993.54
52272,34529.81
84509,3084.6353
55806,74209.19
59303,5433.907
88924,209578.75
81993,121826.74
35933,87129.97
56305,5359.79
100408,14409.162
142083,17959.836
8165,5301.2744
88907,26454.682
115637,168611.38
96685,97230.62
71467,17378.955
11639,20280.295
100474,9518.102
96901,20740.947
126387,58371.02
27075,19839.1
34113,91963.336
95345,88053.35
138051,17705.959
66078,15793.366
135117,77550.13
76447,6065.561
60034,38998.47
133006,72243.46
41737,104881.21
91906,2810.235
129109,25008.713
82378,34313.035
97094,31535.654
21791,12003.183
111122,19425.32
144932,5146.115
131658,4079.9456
83670,22949.947
91009,55961.812
34155,33696.812
51195,12413.819
59664,29089.26
6975,10990.649
61069,2084.8118
59493,6808.5854
131134,7836.6978
9752,8836.785
11671,78767.61
143494,23717.36
56224,99845.06
129442,23923.45
47743,45207.58
117701,43531.492
21608,25439.535
115764,410555.72
126100,17260.844
88915,2557.6628
65628,46653.035
116834,53655.797
5609,6120.1187
39158,12982.467
137438,15904.916
76503,29654.033
82525,32063.31
67518,27293.29
91723,4224.884
100974,2148.7117
61697,3152.378
82683,5313.678
109334,40423.82
123271,5873.8
111689,3772.4966
56177,27393.086
21013,15175.857
101401,24023.076
133350,2060.5667
51041,18720.564
47771,6335.7793
145026,183175.53
138136,53666.625
2199,5328.532
73023,18635.46
45313,118942.77
51481,17985.846
20370,21080.502
13281,29777.04
103405,10168.083
67126,50623.8
52689,40310.367
80123,6155.7686
133158,15038.796
94920,18933.375
35127,4581.9575
40861,1120.412
47069,3393.7417
116500,4468.482
126871,6267.5586
94924,26941.816
144578,8546.026
131609,30437.566
61594,28235.281
139522,10567.194
62181,5639.3955
27718,31331.527
132004,11588.452
71699,19183.414
135327,13802.024
80920,42664.824
111137,22831.277
126697,6015.2935
71530,12916.436
110849,11751.599
68579,1415.9401
20884,4466.627
93774,10714.2
85098,145235.36
84085,6757.8247
143421,44813.824
125800,7077.496
72461,30956.523
116676,8872.9375
35931,31672.504
135391,75378.695
73993,24890.617
106609,132324.27
58880,4030.5637
47531,45697.227
21745,14149.084
51094,5555.517
35572,54475.258
108202,97228.18
101103,21341.693
15973,3074.7537
133488,13295.414
130540,74248.05
91065,44190.875
89977,22370.033
21552,10595.26
92184,14129.688
25145,18161.86
17,25451.469
51728,22679.658
87492,9050.486
8244,78553.305
64936,142149.58
17689,30814.121
67166,29776.68
20437,22220.723
44162,30542.334
104608,3101.537
70359,12978.023
149901,152747.45
19286,4873.3936
33046,29058.16
109871,24497.816
17080,21916.822
54175,18517.486
26765,31584.832
119645,68057.47
3142,25185.424
72890,41332.04
76014,11732.505
62932,4326.3096
115335,73084.05
105587,94690.46
106348,103366.89
111062,9109.179
38365,61970.55
26120,6685.3945
28258,21612.746
77609,9250.311
48504,4566.4326
147704,37392.52
125024,24564.89
46101,13897.917
41958,71642.56
30110,30161.75
104927,3169.249
3984,5914.129
103099,99932.29
35592,10366.742
29219,13137.728
110016,8711.017
111641,11309.998
34274,7325.9497
144051,10198.79
112815,5467.684
45464,19479.076
56531,5915.6714
130989,19668.742
140933,89058.55
143841,42697.89
7653,190862.33
103281,3963.2515
91140,31878.656
17552,37441.594
94060,19501.094
47387,28991.734
24645,389560.88
47211,7651.292
11132,30019.758
102757,31768.17
128632,131707.88
11833,70081.73
93430,55542.727
5624,3123.9395
90949,37327.465
54009,13063.509
72163,6885.444
25489,85645.03
132238,8687.547
28802,38950.293
53788,82033.62
140266,3760.6138
148798,5700.3813
22068,118286.83
106860,3894.7073
75782,11877.96
15605,23582.787
131757,38858.887
32567,12343.241
3025,319802.6
48539,1811.3165
124166,12330.381
113988,2794.6484
128993,18833.105
103570,56842.363
87432,137177.47
68531,136367.11
79720,18364.076
56557,11826.427
52756,27539.379
147198,43007.79
134071,8530.054
74196,149855.67
90942,6298.8486
27277,43883.203
130171,9994.466
141975,20842.713
74060,10318.64
20202,72924.3
100639,11871.193
41308,8026.7295
107781,6318.921
51940,55765.992
20529,3016.3582
692,38356.33
82375,36667.426
47511,8616.288
62391,311773.22
139009,12090.712
47460,7678.6465
100039,22470.574
77835,52164.83
138312,11635.4795
56818,30120.053
109993,77225.31
16048,196237.06
99382,16119.851
40828,94094.54
80511,87972.64
142387,55841.625
104064,43148.023
113780,6161.077
43500,45511.95
116043,41100.54
123125,24807.232
100611,15842.144
43812,31795.36
46882,29453.035
79942,177980.11
41940,7876.0054
67862,102973.89
116970,36654.402
10224,90712.75
120147,9583.274
145858,95598.02
158,14167.027
32260,126311.53
56761,10690.375
127784,10422.687
36215,37044.184
120756,97762.125
66695,2188.8127
143556,6408.9717
49051,8079.5244
129443,17899.557
16099,10800.041
105438,75864.4
122429,67451.05
103247,8192.224
108654,6028.013
126868,2028.9568
24327,82967.26
100302,36907.58
38030,25129.361
146251,28344.89
143889,41814.176
83977,45858.887
139655,21411.041
72268,10275.404
63049,13772.8955
136932,12913.11
90257,32067.344
126808,78333.914
83696,12559.611
83671,13011.095
27913,122102.68
22107,9240.31
56803,71275.81
57588,23806.467
36220,66413.07
115817,10645.537
143984,12011.777
29527,25780.373
130634,73255.516
149664,15125.423
127725,3577.186
118403,2965.1917
70251,18580.297
53266,33437.16
145649,49939.64
56920,30422.682
16417,84445.73
110830,13336.855
101268,3949.4844
14968,21404.38
127094,120256.98
97379,7743.507
28144,2029.2703
149311,11868.578
40896,48842.977
99431,10494.673
143738,20394.078
33715,33581.465
48302,6150.783
90438,1836.8506
89671,10624.819
122557,45526.457
139570,185185.17
40810,4497.8027
55234,31334.674
140388,40364.727
123895,15087.085
68832,96716.94
86457,803.7679
104565,8659.399
103462,6475.4175
139546,27313.588
106456,569752.0
8689,8901.69
16110,30543.586
9455,11641.338
112270,57667.574
149048,16586.32
58335,22916.02
60874,24932.457
143404,86943.58
46326,67041.195
27453,201725.19
136724,16043.142
27202,24003.35
90534,206611.84
5272,4673.552
99333,91768.67
125972,7038.9863
46606,10087.379
38123,870.60223
147113,4467.613
134471,29502.44
20948,105210.51
111825,25822.936
131664,19114.938
33918,13987.388
75766,46584.92
19101,15434.358
77768,6273.6567
83753,6149.5815
127707,56450.15
88857,23429.541
86481,63992.08
99654,1657.2432
139255,32628.516
95021,1615.482
40241,12882.105
115477,83600.46
5427,5085.6816
116871,62715.703
29386,27303.006
93740,1205.3463
7404,15655.074
52446,182817.22
55585,21409.611
22855,23365.277
84151,14040.924
52749,24610.795
101908,13779.006
38874,49621.566
124571,44624.246
97210,105911.81
46496,5747.1074
22678,75500.81
79915,5482.9033
72352,8967.069
2064,378059.8
53132,9998.96
59952,1138.5385
146623,2612.413
38341,6358.8984
60712,23259.072
29417,3237.1663
93457,43253.816
89961,85581.26
88069,10259.292
138048,92497.75
81486,16661.812
124113,7482.498
132928,15430.953
144603,8362.285
42869,15981.083
43610,6841.8447
35535,4348.3354
102669,106825.516
88203,125526.88
62592,9228.819
26887,13484.866
3685,3155.4844
61784,83173.82
88183,41990.14
65842,12067.283
95927,63275.418
123804,12206.058
146603,37040.83
136830,18188.547
86986,21943.592
50497,11884.504
3904,21781.414
109284,5389.6577
130167,33612.668
124308,8233.021
34932,30893.186
3811,1735.7463
51057,73210.6
111545,47829.54
10766,13850.508
82641,5128.2476
50130,15624.57
114325,17057.56
59451,6695.202
115480,103926.81
26303,31701.86
33296,35985.715
93933,22835.799
15944,286848.0
86002,86158.64
87925,1797.5476
53419,3848.5242
4071,8422.108
11383,64842.727
101254,112676.76
130180,40020.367
130239,10323.442
138710,5970.0215
29984,1177.8411
21948,163098.03
115555,6065.158
21854,40895.234
31657,46772.008
137724,30859.506
112586,18121.016
68570,2667.07
119967,60048.125
47906,9694.843
128051,32523.404
61740,59874.586
95383,28349.203
141786,52962.492
120853,10881.093
80178,43527.914
146350,136370.72
128480,49997.77
7462,9511.539
118675,5741.348
62797,39999.754
107352,8134.702
79073,20260.482
93234,38834.027
7316,9882.577
126019,22785.65
94045,43163.348
34988,95720.09
98299,38747.605
130456,6415.6616
55568,22627.893
58149,346167.06
110579,46328.04
14978,9487.036
94395,8628.069
139865,45703.543
13123,174051.25
52938,4057.136
130236,33667.195
20327,43031.84
67997,6786.106
40771,34445.348
43179,74797.81
54252,124048.2
136334,103839.07
90649,5396.9175
149544,10778.209
63414,7309.1953
68221,77051.914
147434,28279.93
32311,22350.914
113172,50719.137
138525,12006.304
23941,28328.31
78744,12506.863
34592,52228.83
38136,39234.3
121777,68727.67
22612,54709.82
108498,104751.42
54918,74278.82
46862,16288.668
32247,7572.131
72362,148678.48
31221,14239.977
113620,70483.68
14105,2875.2102
89041,118407.945
72302,5835.5
136729,10109.683
116025,46658.74
63268,242934.89
121794,20997.113
110689,19530.096
54874,24475.146
111215,9773.042
114152,124237.81
86051,50814.5
122667,21859.3
64464,130167.164
113040,9735.773
28880,16472.926
83316,30743.47
35742,178719.02
52826,90468.305
118911,22214.635
115610,15455.431
143666,16822.332
131763,7845.0034
84232,83081.6
85524,156193.89
58230,28960.459
6002,17502.148
140043,8043.175
8000,94729.05
136918,14405.361
53072,245270.78
96352,7873.3574
3558,27229.514
45645,86626.34
128322,107304.69
36583,97213.95
41683,83651.85
141086,11567.513
89681,31212.852
40631,8037.8867
48361,118665.9
132860,3497.312
136739,17450.553
43917,518.5557
35343,39872.38
68471,5819.802
66443,29478.664
110646,16384.701
87026,4261.928
62618,8969.222
21262,42951.305
123712,2708.9602
3911,23658.875
125152,50577.74
21474,9829.334
116416,111073.164
20390,309089.1
2048,78370.57
25745,104167.31
32084,41336.598
41821,21680.166
136753,58237.645
97935,66607.695
59587,42463.617
1122,64859.168
51960,85892.11
39411,3268.8538
23334,158317.27
111746,93896.46
146408,5723.479
128131,4904.016
35133,25691.535
80815,6072.3467
32657,33673.535
10932,59556.54
81078,52914.55
108277,12824.491
4410,81868.47
32755,25174.117
73143,25845.498
128388,34130.785
118665,30353.059
15407,19732.059
91775,64109.145
123056,9205.743
50604,28209.965
82238,42929.53
108946,94661.78
52243,119225.05
116752,100869.64
73122,7165.6714
75240,9208.736
50783,12843.502
62787,82708.52
47936,10835.632
132208,13950.97
16947,87673.48
108661,27174.982
82146,31358.973
41484,57104.188
73013,12374.437
68071,11554.774
148349,21172.102
122369,2356.468
28166,17398.842
29906,6268.3765
44591,116312.93
28035,10736.808
135267,22106.12
111559,4489.3955
128805,5233.8486
88159,129002.24
96161,39069.742
124845,68381.96
122397,8251.143
49677,7842.1064
1166,13511.253
55994,29551.344
129226,21828.025
99411,12563.25
109966,25211.965
71378,71539.17
104135,97509.58
37274,15287.397
131777,3452.8323
14622,4275.4873
100462,9241.749
68318,34455.79
140944,45772.523
85606,112814.58
76092,53229.695
22285,24973.217
149460,3343.9097
118961,14115.979
15826,32742.637
67383,12119.554
33775,3832.9182
73776,142321.67
105364,210809.45
47665,149880.77
96050,24246.266
72475,3295.2446
74091,29173.99
30347,23700.059
138975,4781.844
10499,20572.002
33689,36131.234
26336,67469.46
54281,17947.186
77403,4300.76
48139,5513.3784
141362,14885.075
105839,36526.367
44316,48404.2
65138,158145.39
21899,19895.896
97679,19329.428
1775,5230.606
14282,18682.26
11178,2491.8987
45449,33556.66
67810,81042.58
3619,4464.795
14564,7624.2217
67259,37042.22
331,1980.5605
89190,37897.293
134894,24646.998
86354,4625.0864
6495,12751.053
5035,26651.486
148724,5584.418
109079,8835.197
67746,83996.38
32296,9433.554
21230,44157.598
114169,45584.92
108048,29239.701
115364,73692.766
149674,74457.05
131524,1542.6587
113434,17356.057
95869,22873.23
121509,252571.6
115918,13152.707
127131,24392.367
90393,8781.148
80043,33757.65
57185,4626.536
84745,89417.21
134273,2040.8658
145441,38959.965
32511,14625.117
15730,14580.717
99552,2011.0892
97297,11778.549
14701,19280.332
48824,16607.41
23068,47430.05
24524,7481.1265
39881,4678.8433
67239,16652.979
62708,54085.926
24422,6403.6113
134295,84523.19
37092,41509.84
44029,29011.82
136165,21691.158
80652,14400.962
27917,11018.421
64509,20837.152
26839,107263.445
13534,16291.663
35841,92308.03
145501,18890.709
56340,4832.6895
129982,14201.74
80429,50411.56
59621,25685.693
75568,2996.2285
148712,7697.6343
9026,5278.3716
33496,10620.807
101476,11113.511
76293,5029.6895
47134,46567.156
71401,19980.844
38431,41481.5
94165,23245.705
123378,14648.385
48195,34446.61
122411,10210.104
65917,22659.771
106344,42647.656
24855,2475.422
34217,4599.599
29651,122068.94
128942,62435.24
147656,3967.8853
67633,5516.6626
32713,24215.21
86518,18395.137
104237,45904.85
19298,21445.754
63384,36558.285
127513,10860.389
103121,186158.9
97442,19168.785
31597,4306.2876
9022,18940.781
19488,40638.066
31175,4945.1523
81938,151000.28
58194,12218.83
106429,14991.024
20543,9720.18
99420,58697.79
40937,52266.676
77939,27094.373
128898,7526.9727
141822,8158.276
14343,34310.766
77109,47212.117
107895,17297.58
31426,13611.031
59531,8741.931
74484,88573.86
148533,29860.098
25519,1425.8743
67940,136980.44
112452,9555.988
1111,12958.184
437,5194.2183
59255,12685.577
100897,3228.1943
91881,8047.7812
91656,9058.298
81773,19744.018
13292,5081.73
116278,79105.69
65857,10838.126
9273,9508.321
146802,4220.0103
28623,10661.76
103718,81577.664
67899,3286.2454
113407,11683.318
138129,43388.652
65634,80240.79
107820,54245.61
83672,40429.523
143081,40385.934
80097,4936.3286
131911,13603.326
39854,33799.21
17015,36873.805
125779,7264.327
25464,13454.324
148686,64558.824
127962,35031.984
30388,10923.968
65501,18675.016
107590,63683.645
92892,14308.355
21627,3388.284
107684,41588.695
48283,15021.739
34215,6378.9893
48829,1472.6024
1837,55248.88
76479,35025.62
102984,9020.208
94241,16442.912
10567,122627.805
135181,34622.41
5170,11776.803
83414,3121.8083
72484,68821.13
111025,9244.187
34009,74377.664
71909,66958.26
21677,15265.56
121524,2052.7373
117720,8699.496
102810,18617.025
136353,25621.207
64398,20264.773
676,847.4434
346,5908.7803
55254,16297.547
86162,16099.958
96339,14847.958
107649,142516.48
80506,9928.02
98317,6061.794
96827,1589.7104
90714,34360.605
108870,3134.6323
2642,19837.875
38363,301126.66
17995,4450.58
98672,24209.818
71396,77761.97
82024,42585.55
74337,4798.923
95028,4118.262
10488,30270.639
39867,9402.321
128044,3307.7227
90706,87368.56
48610,39610.496
137189,24526.484
29342,20281.463
61950,51664.43
36423,53240.55
46985,46894.293
43265,62770.156
78358,11906.497
122475,53913.83
43995,139952.75
145241,30524.525
10178,39991.605
91330,88878.69
37428,10313.918
114018,4736.829
46290,11214.346
121716,27685.94
110098,97967.2
128542,10652.008
28680,15473.411
23771,62513.723
9070,2963.18
54421,943.71106
137388,20612.41
140769,17227.186
110421,260595.0
613,260288.4
37675,16192.818
72249,4702.8174
37527,89472.85
92062,57801.535
77014,12143.457
6550,13040.767
49457,5429.115
43214,9444.821
55863,39167.18
137505,12286.148
62023,1455.4434
17336,68469.25
147045,6251.758
82994,66949.66
54484,4425.7236
42062,12050.756
113215,41227.28
88209,39379.67
81518,46684.465
122556,21421.83
27320,72620.44
94509,20328.938
142900,45929.92
17687,83388.516
24648,106863.2
41464,19590.383
91523,14315.465
57065,11042.464
54037,8434.264
35568,713.14514
67683,6490.647
54270,20246.14
132151,27979.447
38334,103401.89
85529,6461.795
47331,26277.191
97858,35118.074
89021,173309.16
83129,19484.025
124836,14794.402
104141,7042.398
64000,6624.4956
73669,43596.87
15208,9490.405
117082,31591.033
111069,18584.12
67931,20955.514
147765,28366.04
85755,94652.21
107692,71376.17
145059,3839.3
120823,6031.3794
8729,106293.86
43315,97942.766
110148,77430.695
140950,82366.586
114717,2477.1423
7275,15585.655
24209,53022.27
131059,36254.477
10573,14860.699
50342,37273.418
15877,80776.88
149078,17227.92
97573,70214.45
77057,36697.266
145014,50319.324
126922,24034.81
94305,7108.725
139246,30311.357
95517,45167.613
3507,48783.543
42305,25969.568
118195,37814.324
86900,12949.301
12809,5624.3286
42540,17571.418
74696,123285.89
27865,11060.957
78817,24260.125
25343,3063.8125
94300,8090.8525
41370,34846.383
56346,167304.66
124470,1009.3853
142715,5770.795
26645,6132.434
129768,4307.726
96441,21576.916
145599,9813.963
141715,164800.58
46790,11463.499
130750,41688.402
100542,70737.664
95176,27861.715
56435,27008.77
123597,18884.77
73256,13549.908
149624,32302.209
104528,12296.276
28328,575.46344
103276,51139.14
99341,33368.63
26835,19702.127
109852,17979.182
137293,21012.521
8811,8762.993
49627,15984.326
55482,126531.98
11596,10733.06
125461,107600.27
110731,14210.489
132984,29773.215
149111,35322.72
2273,9949.371
14918,7780.788
138948,66335.48
100931,44805.18
92795,51595.062
56295,59454.766
35657,34928.01
58832,81666.08
132411,97186.51
15205,153995.17
119007,21077.08
145861,53543.59
20403,10512.249
3339,89353.69
27243,37148.062
128856,12381.761
42240,88780.47
44382,29499.271
491,9245.055
62722,21270.215
53634,19381.408
23985,71612.76
500,131531.31
113071,116812.83
68225,158337.6
83574,102386.08
101420,38077.363
94916,9597.996
33565,9880.953
122166,17520.697
63978,49171.645
108848,18649.5
124229,5999.1
82885,38750.207
55950,10055.037
13943,15965.49
51799,69486.36
30688,7710.7896
146079,30773.975
85349,34737.41
141415,48787.35
142663,13235.54
120844,45934.887
47179,4683.5464
44977,6940.0137
74028,17828.582
45507,15106.45
18613,51613.082
18402,170757.81
44438,9539.6455
141248,80612.17
68849,125075.95
21758,30913.957
68459,6603.486
129614,60677.707
24979,12432.067
50548,201090.5
70186,40336.14
142605,17203.467
137253,15945.905
23808,12092.985
12782,11516.417
147015,17283.03
128664,8320.619
3266,32228.28
141071,11836.715
74595,58432.18
103989,4863.578
143733,15208.555
16082,2705.0786
89488,6327.0635
114357,64050.254
133159,10985.91
72799,18454.393
123876,127634.52
119496,33465.992
74237,5829.546
121729,30520.47
66679,28044.678
11271,14207.128
115712,84831.875
127805,5822.846
94949,17137.521
128400,90695.91
111860,5741.216
14329,9168.053
3405,14078.295
60858,95444.57
133165,48798.016
19479,14854.529
122706,145721.77
106011,121690.875
99185,26521.615
127024,30443.389
20916,79552.516
128423,14807.651
28752,62821.4
127706,3111.1687
104967,141378.4
20993,57833.7
80141,31649.281
37789,37958.832
144781,23140.887
79819,8186.0776
125374,17725.436
89283,4175.51
109984,45284.94
48960,28719.496
25097,26396.066
123984,51302.008
86831,84686.39
28457,47564.02
54577,8110.909
99824,178826.42
32221,88495.19
144597,39344.164
77969,21020.332
65245,15827.812
6865,38278.406
32037,4061.0352
83206,42136.855
132317,8256.446
31157,961.179
72549,253780.38
116662,11915.07
126686,6796.6235
128656,22568.168
15502,47197.75
36195,66219.92
124071,14356.753
28314,16656.162
129847,5948.476
5735,14265.942
80773,20122.209
91306,24512.41
144334,45059.074
32956,30574.854
63163,8676.404
140322,27274.586
51117,10733.839
74363,51864.7
23019,2675.5325
31708,101189.23
133802,3004.6372
67230,30436.99
70924,53843.387
138531,41887.45
123192,22415.39
95756,14263.241
4297,173680.6
88177,54133.254
118306,15739.117
92861,1938.5271
79548,38464.73
147200,8864.617
111561,63654.125
41363,5982.42
5093,6172.547
49353,187402.31
5133,49910.133
16732,67780.17
93124,8143.9175
89292,16698.273
98766,39827.344
55111,18888.791
135418,60487.426
46068,134608.52
56286,108858.01
99773,35828.26
26302,6049.072
65600,7675.2925
142102,4107.548
88250,6825.729
74276,34751.445
97080,4105.248
33941,51251.195
148435,31803.584
130118,8123.183
1811,2125.3774
45465,5883.9424
65933,30483.967
30720,9400.902
10810,10426.402
98218,15101.543
76978,11541.327
115182,29325.082
94707,8212.219
112912,14751.122
70154,22720.662
73017,224139.58
65695,120793.41
71766,7532.208
20852,27847.135
22360,108876.92
134504,10865.047
39159,28152.262
123073,12980.139
112027,4033.3032
73913,6471.7275
30234,3153.6738
125528,56162.28
38651,25678.51
142393,54400.65
91329,64404.47
95125,12836.004
17918,28118.404
126398,7874.9663
7841,7772.9854
105880,13310.903
15259,29646.658
22011,4451.1636
21036,26762.691
59625,39217.715
99237,12347.018
39413,66531.516
17817,213018.0
13677,4971.314
42423,4456.2646
111941,29303.709
65098,9470.898
136776,12705.826
62867,23111.5
147129,2260.1748
23386,67201.14
98670,9723.144
71582,24002.11
66958,21566.557
34229,46500.64
22372,24296.586
80015,31009.307
44931,7693.89
144865,12554.504
122951,24053.922
39451,28982.285
40245,62946.84
144509,9532.904
64421,98841.46
6621,41981.375
36412,54527.09
87336,8808.524
111329,266600.47
31964,38022.56
26164,15152.393
88955,6198.489
110199,9816.543
31722,148758.66
117212,12670.284
12622,28599.17
50931,28161.525
22619,43125.176
45918,55957.164
18956,5983.725
96439,16094.767
39930,48536.887
147011,44495.36
101518,14165.023
69894,17284.594
36385,12498.246
93943,20216.4
79373,25928.744
14532,62542.754
13052,1297.0199
20628,45547.633
11295,238045.73
127401,79618.945
88756,5120.69
96225,86255.94
64231,14848.027
108151,8865.7705
32400,26092.82
54925,69488.266
18805,39500.48
109762,37377.656
90599,52670.605
146312,8112.739
2947,1487.8306
83184,32357.502
48056,31339.541
43828,53989.65
96892,68658.49
139206,6750.5645
93387,47631.38
118668,19709.373
139215,4383.6323
25460,41246.12
31650,107169.766
133207,35326.18
133859,8028.8374
95832,271380.47
10622,17850.566
92323,9078.976
56454,85283.76
6029,1554.1205
106987,43006.375
135351,6844.0947
17654,10579.852
22827,32455.578
29578,70025.5
125350,31254.033
16953,170239.4
145233,89758.31
14306,14108.471
72954,41442.836
38540,53135.676
108634,5847.6836
66598,113842.4
47245,20237.13
127049,3097.6804
8411,18591.691
39946,28228.484
108325,9620.621
35755,26056.479
60181,20383.863
23478,18507.885
112716,69018.93
70817,18466.658
102160,12073.877
95730,21859.326
55590,142909.11
19141,52502.008
107632,6425.389
115373,50250.746
120951,5172.246
56855,16695.19
104053,40383.18
143830,53183.203
23651,36184.04
90467,4292.354
129739,4675.161
26981,82641.31
67473,5813.4995
81036,86258.695
83674,51338.86
27524,32911.406
145187,21946.309
124619,105081.6
15008,23707.295
46816,36889.55
130578,6926.494
21198,71549.586
114893,53018.734
104679,18062.18
115740,21049.121
6010,50612.918
40957,63890.707
110686,28118.422
10362,63530.246
3416,7843.893
124719,16697.4
133186,3495.2979
131297,20650.31
45303,8119.3833
24713,85778.62
19956,33989.65
91584,21079.436
45563,9164.602
97451,14652.862
51049,12848.505
33526,40280.137
143475,29119.83
105115,7623.055
59521,16327.4375
91519,10210.633
146815,105000.74
114958,6204.047
127115,8859.17
18379,7800.2803
23070,55036.62
39104,16580.793
47534,36707.547
26788,145396.83
59726,75170.19
146236,24595.365
66757,9065.496
49406,57341.617
8699,17998.326
23087,6275.077
43441,13485.309
129067,6395.521
4629,37124.97
146133,19077.088
131037,68622.56
3953,65418.277
42091,8600.256
26052,166011.81
136951,24044.377
97737,37382.105
12812,12714.484
77282,142593.73
62533,13107.057
56281,51997.28
34440,15740.002
6300,8944.697
107088,13540.2
15176,46535.72
136092,54048.695
19770,22951.11
99468,114674.95
115172,3959.9238
93644,6002.207
149880,7113.241
137908,11634.653
116525,37558.457
75909,6234.5605
51309,116840.79
61976,12730.685
100244,42943.945
95850,2337.9355
120431,180182.2
4858,102952.68
128682,73043.76
18630,93064.55
2688,12927.721
41811,3971.765
6836,9389.842
48593,64458.168
33241,3944.339
131350,5654.4937
33400,199936.67
50515,83967.51
131415,7283.144
58750,23441.043
110852,62249.43
61125,86487.87
42027,10845.827
144178,35210.03
95995,22164.977
129440,74024.44
15368,3245.474
91463,7153.9155
111791,52634.566
58053,6607.9023
40478,6428.8564
125462,15505.354
118967,85951.69
22243,1335.9404
16940,2908.5066
8786,31696.207
23843,3378.1228
88176,39635.297
144338,1437.7412
84307,88232.62
55701,95852.19
24152,114650.09
88959,34577.4
88607,11565.649
119096,3705.687
25851,6175.0044
16619,11004.299
72120,4710.36
11003,22827.713
133586,7255.9644
11483,3734.7405
144998,52472.293
27621,24421.51
49572,37024.81
92059,23673.506
82213,3237.4998
96336,4374.1377
121304,88406.44
111058,6633.6055
66855,46853.95
107453,73766.18
39375,29227.863
130826,55925.105
53418,17668.1
102382,3342.3408
88354,12894.82
21632,5375.213
67373,36831.91
113555,47982.383
18716,38313.348
49151,57652.14
25165,10015.561
101256,20459.95
88614,3255.0679
30094,1531.5829
14073,3616.8872
82924,12008.899
6299,127413.195
58584,294900.75
110422,12865.839
82102,61245.484
74152,36640.242
107772,16171.29
145243,36115.434
108620,12384.016
111268,15313.759
83748,9912.884
59106,64869.293
97837,13552.172
33500,152624.89
147961,84533.7
15452,74002.73
119455,14919.717
82553,1546.0181
114096,7026.383
73937,43984.19
74717,26772.348
67811,6213.003
103561,7045.976
96626,142723.5
178,61408.207
35049,12793.057
47657,9250.87
25257,23570.883
31547,120639.56
96216,70928.484
14682,7307.6187
66430,26576.398
63356,34838.703
134465,28815.656
128340,53952.973
25550,13947.415
121766,22820.354
104308,13732.894
124885,66950.38
119108,60903.227
127616,5621.757
89079,23070.393
58183,19022.908
74879,7346.473
24119,32142.232
130300,5531.8706
618,6946.1865
142734,4678.091
19836,107122.016
2250,199296.69
100994,11460.797
137604,23700.82
84619,6101.907
52834,8279.689
139467,5859.838
140053,12819.693
8412,33471.86
75894,77183.11
49673,5935.506
53592,26230.72
107248,30551.39
110930,1942.9618
136714,46651.344
41656,21054.205
87418,79794.88
141117,2930.1343
119658,36642.348
33552,4306.3037
99216,7579.0176
17378,84059.234
99886,5955.4966
114572,1986.6102
17248,62386.832
40392,47474.85
139066,43724.793
18371,8610.854
89224,40030.656
126161,5325.632
115622,7068.6855
3043,19151.549
27337,37666.74
71072,112642.8
131930,28236.99
54680,6286.856
60520,272376.53
39079,6022.539
83907,14434.49
120273,29140.441
13235,17697.34
129556,9224.225
83025,27057.184
42220,2832.3384
46640,129815.53
129081,43298.543
112910,11016.692
142934,59205.285
38445,26929.943
138946,6845.801
52584,18620.27
72258,9256.155
5007,13974.962
47228,7727.857
138367,31291.098
84831,57973.63
135951,17941.887
112332,18519.787
90185,52618.098
66490,44592.523
143234,27251.05
71775,2704.5059
2305,21802.139
49687,23956.857
133109,45833.742
77695,3988.4434
7545,42072.88
31162,6955.7915
108034,57779.715
94199,12635.712
63149,22560.947
89692,31368.697
115946,9353.759
35431,13820.427
51798,13410.665
15706,3689.297
107061,67210.75
129611,49409.94
100125,10505.447
92606,101278.39
136013,112966.02
22379,1252.1945
54084,42696.395
77868,6166.0405
4161,3376.6423
46198,31335.11
131673,4761.1694
104138,40600.266
123297,15347.456
147569,9205.956
44680,166117.72
69506,86952.81
14573,150223.48
39347,72496.17
42430,18609.775
37020,8003.515
64862,16485.32
37257,1505.7711
40123,3041.529
18593,9861.803
114137,46645.332
125263,19063.96
110462,1099.6821
22408,15552.79
31666,40312.934
65463,25235.826
86274,102445.82
74682,3208.764
126048,91234.43
99280,15010.322
13230,14928.044
98173,26719.217
79914,25938.027
84142,77370.46
110271,192044.22
28394,3885.975
141310,5338.822
147073,27300.482
80902,25691.127
50418,36257.79
107074,7773.611
144793,49176.797
97349,22078.959
142420,102472.7
78159,55735.754
137972,10044.377
34598,38392.125
53392,9980.774
25617,22002.498
11741,126948.56
114706,2793.3804
2791,106469.625
108579,24336.838
114374,63920.387
134238,6524.419
29154,45978.363
44975,19537.459
55816,10793.514
75206,8776.67
51279,27655.793
81834,10665.302
52492,154517.27
63755,29545.828
81971,14514.896
102692,6595.085
11453,9587.367
21507,82695.43
125265,3085.1135
146299,15455.686
27970,70420.195
76942,9586.799
133716,141250.02
60362,10346.953
118735,73301.836
125693,28653.438
21101,14486.479
101668,12489.328
85981,127794.06
55516,158905.72
54497,24465.346
115808,8465.994
56119,103375.33
143946,71979.805
147890,2970.3103
148612,4017.303
97881,6016.9155
67311,5896.593
99947,14778.151
76829,127470.25
109918,12407.393
53983,4054.294
71826,5051.1733
27488,9600.543
88320,81655.84
43274,252798.31
131389,4816.7607
14072,10000.2295
118373,11831.35
119762,19673.832
69486,56251.785
64333,13887.881
49205,7445.2617
16986,13107.06
135644,5434.7964
112621,33302.312
7415,76718.02
1170,32927.66
148816,82023.08
102110,40151.492
6290,958.98785
79439,55537.707
42151,53564.31
117152,15961.788
483,17740.422
123099,5760.678
144232,61915.73
20354,55490.965
53718,92334.336
56573,7870.804
135517,69730.57
81540,56272.793
54479,57281.81
24144,5339.5166
123810,9470.815
116814,4957.807
78859,4158.5864
7308,3570.3777
9454,36694.29
62681,17413.67
63827,146882.47
137031,82150.234
58203,9935.727
37929,33167.543
94492,33474.8
14032,20450.39
9727,2059.0906
31250,116428.17
52495,17378.258
54196,11798.105
90416,57875.5
42731,52883.766
109495,3500.9475
142832,1892.3966
120742,85640.86
76913,8410.394
132569,3494.9658
79278,18104.127
131711,121972.41
16449,32999.08
143934,12467.798
65330,7031.222
32183,54109.043
107637,548.1761
114440,63461.598
70609,25217.723
142104,31181.848
34254,7054.524
92520,171703.5
131219,13158.541
107238,89989.164
122604,20859.467
27869,85639.23
125443,43556.85
143607,81800.37
101758,35145.293
55442,61450.734
64757,17806.941
81918,1752.1616
144782,68735.27
80605,10105.406
76551,2767.2517
68057,16503.146
72212,89433.36
98823,138972.77
96440,74799.414
132953,36292.742
12736,3363.8533
131869,3887.1873
148345,22039.127
104095,890.7181
31534,121638.16
104809,28512.895
123962,62260.184
66496,31332.967
3337,81578.89
142580,205969.98
104773,63129.43
9645,4129.63
7381,9999.945
37919,10665.928
7638,45823.055
12306,74564.805
38380,31997.86
57837,11687.597
72109,6103.0356
63631,57195.523
100550,9241.791
101971,18191.059
106319,12200.895
30528,103332.2
23756,16044.728
24692,42694.72
31946,83214.76
105675,18024.256
104186,36416.39
136329,53414.934
11467,107592.77
30219,16716.602
143598,34902.273
103451,8023.013
81880,13151.834
141153,15697.293
137674,13002.283
109298,11742.908
62600,6859.7173
109646,6288.144
14935,109728.94
26963,16132.143
4390,3672.2222
91010,258122.83
114671,25415.17
132009,143792.64
145926,30591.518
89407,3707.7144
36762,22884.357
87218,22340.287
14770,13538.299
144479,20025.938
95762,1691.9827
20159,122632.49
149063,82695.43
30045,103736.46
94562,5506.245
44338,14283.281
49298,37449.688
121439,17268.72
41635,8614.167
30647,18858.988
17907,159352.44
132056,39924.39
18846,102385.55
35970,84663.27
137303,12436.349
125731,2318.3743
6514,6129.353
42164,71439.68
118613,39057.47
11318,42673.055
109382,31378.68
100772,1606.368
122259,12398.092
13195,30050.826
39855,19009.928
58960,40857.12
95885,9638.169
14952,15429.753
119345,9258.533
79090,14082.963
146059,72229.98
113250,58680.184
65144,81172.88
67449,51995.18
82644,13233.095
136049,11619.578
99406,3958.3428
46970,23939.615
100672,40824.223
147527,5630.8555
130233,18629.436
97445,4710.4473
32380,91835.86
6470,112496.13
122344,20190.049
40849,14117.093
85354,3601.772
56079,41844.67
94504,75486.33
44548,9298.188
70721,12142.906
39002,61774.688
51156,9038.653
14338,6560.533
140303,47462.703
42257,21568.475
11329,324845.97
113534,34515.9
75290,30351.03
112832,13325.444
39508,300982.78
2872,248467.86
103485,10859.878
15657,16920.35
130885,77807.586
26123,56343.62
112610,50995.12
34516,8190.1553
34331,49240.414
42196,51926.72
131179,16626.086
40129,25887.086
128485,54126.277
95248,154056.88
141466,30236.87
47197,46385.78
56327,115928.53
106403,6124.454
113066,1376.0052
136767,9726.292
117748,22696.447
138472,58206.824
73277,18077.625
112133,6072.2744
17833,26547.744
148808,39023.375
7223,94601.266
90772,3035.5088
25175,7074.7783
23151,47119.26
35462,85993.06
61940,4798.4062
146903,4671.587
123981,31521.184
116697,17884.682
45882,27738.635
103751,42713.816
118310,124288.86
131569,11992.678
91086,6083.213
109963,122467.336
58140,37323.887
32630,211839.06
107,33494.082
38573,95752.12
143231,100067.49
129001,21356.475
122611,2915.7275
117727,207394.92
44356,12058.297
2948,3291.8694
147519,87108.35
108713,46167.49
34885,25123.322
29330,21237.709
70557,103459.7
111766,3545.2617
30806,109178.664
97006,17102.363
45854,50482.742
17521,14720.957
116266,24385.123
93988,74093.07
117379,70059.91
133981,7829.341
128355,38415.75
4421,21654.98
126426,28618.748
148540,16722.898
104936,35200.176
50784,138816.38
90628,25861.092
58174,23255.883
106913,12965.159
83580,45616.76
104269,66429.375
98486,19948.826
45783,12688.198
526,9264.563
80025,19838.352
113445,27554.936
140758,12093.8125
23218,24801.584
38451,37127.746
138052,6979.2266
130760,37672.78
26406,38572.816
80099,4908.493
8429,6236.317
23700,14024.748
2101,37747.965
125235,852.05695
68847,16862.674
101934,51640.152
78936,25030.879
94626,6320.0396
102685,14075.07
99782,5327.9673
33140,19614.465
25174,1661.4545
43889,90333.7
128279,34628.25
57407,110511.33
123642,17364.184
102787,33123.457
115736,73179.25
35609,11001.623
44521,7757.298
32896,31308.422
94515,9849.169
58897,29360.61
98334,23511.766
104509,26320.5
149468,10060.972
98069,13311.465
60885,15654.86
28146,39722.38
134846,33429.766
48348,42121.953
128261,19647.857
148458,73764.56
85046,26283.506
55107,164625.4
38076,33905.38
130508,6445.1533
11138,38038.51
117303,27878.168
128533,39487.0
98194,15872.562
98959,38448.535
129404,24255.883
68538,8994.334
139654,33111.96
133659,34823.152
101991,9379.375
4532,7120.28
121227,33451.516
111046,44323.438
9790,24929.066
4581,36271.47
92104,98720.44
88794,1836.2056
95597,2265.7761
100403,52262.363
127879,25250.492
85701,7099.1357
30646,10896.463
141882,8601.204
79490,36591.953
6199,47320.652
97517,85753.24
146390,11977.553
52486,24101.367
22298,22095.281
73052,111209.69
3826,27723.576
36180,14347.091
56414,38451.07
13140,43415.402
25073,24456.725
48340,12076.048
866,113776.33
116962,5509.12
90435,36686.953
105806,141390.16
120367,18436.596
17649,45603.37
149724,75114.234
13377,36476.4
111738,19877.977
26916,51365.508
109335,26500.996
91471,4068.639
102057,26515.053
18303,1737.0575
142231,10826.496
28576,6411.524
11862,44897.766
69896,151210.0
97747,6048.3457
26988,21227.408
129880,11774.419
118440,30884.018
66905,36856.7
109935,97951.81
104427,1647.2069
138352,101186.24
92597,2559.5789
69604,37180.11
49157,26948.715
62587,3854.096
102218,14345.723
75646,4177.8296
12960,5870.2383
131575,8672.633
95515,272955.12
6560,14334.014
2322,3285.595
117027,23161.957
110387,118751.54
132967,52063.45
77151,9342.412
141875,33229.785
611,74823.67
43113,5371.8975
73211,6665.4873
44713,55371.918
121575,16881.768
139490,102465.25
72648,80086.44
119525,31259.102
13454,20700.355
108727,7796.3994
48624,44615.387
30593,39122.305
98593,88750.9
101497,122065.695
95887,106144.39
123878,4728.0474
113982,128416.58
82565,99271.28
78099,55509.934
40543,4810.7573
42860,16724.121
44331,16531.494
105044,11737.69
108937,69441.195
109338,140985.05
132615,46839.52
41436,9234.238
18836,44882.312
54402,46482.125
37249,39540.34
142680,42086.973
30060,33222.375
131402,116531.61
138278,4317.6255
57261,10422.9795
122230,17066.494
50121,18249.568
20283,3521.0586
36942,1593.6909
140709,63142.633
15274,56126.637
115014,9961.087
59297,6817.6377
116045,8075.355
67463,298236.97
107096,38561.043
59544,58679.72
24658,38193.574
81598,3558.589
31806,12376.406
45622,4950.5293
105529,5629.0225
84607,157074.16
125228,108007.086
88771,4771.1777
129701,2603.1418
126570,9712.088
105742,54658.715
73872,100638.266
12215,68506.42
55052,61449.934
121704,21082.17
110678,46763.85
44747,20538.543
108204,27807.436
137862,27181.295
65004,25019.852
111071,30702.967
81750,24034.91
14964,24218.908
49329,30050.479
7619,10359.378
92212,63061.855
117433,69835.07
34014,54237.234
119899,54733.176
30597,127593.32
25973,17005.465
102065,18485.19
6979,122097.72
115449,7091.449
63974,32422.031
38553,94804.83
72092,79819.04
66868,49663.098
86113,4992.128
82623,9102.302
56262,114655.18
58563,63461.75
128770,24465.678
49792,3899.5688
23537,10614.081
42037,12012.74
30148,12474.262
33555,16653.936
102651,9980.778
94629,59085.4
1081,5928.3145
44276,19719.14
80540,17360.092
100928,13536.412
66705,11515.892
13685,4156.312
73814,9825.229
60622,140352.38
21626,77209.26
65826,41108.125
47328,6402.8926
136774,8162.0576
123460,48582.703
136035,85801.37
30964,31352.15
26899,105276.46
89479,13118.102
88006,23722.664
58670,24586.723
139441,82976.734
13056,4364.7803
20109,115962.664
117566,12737.441
91161,101615.16
144073,137456.94
131814,65491.137
14297,1677.9005
65879,37463.203
100859,16230.268
48287,28370.855
124351,21971.57
141183,6438.7036
54632,10275.66
103452,191839.97
114100,12487.912
105015,33875.477
49699,12987.932
122958,23324.088
101731,181541.52
129276,32047.232
84188,14756.915
89138,192477.22
118409,4594.998
33016,21751.104
146620,92331.71
12817,63769.48
78414,31602.215
74340,60292.504
112942,16928.12
131326,137243.88
11224,42923.625
52326,4489.502
38319,16844.87
33984,5313.5547
17033,33216.082
129629,2459.791
107410,16385.736
17317,27303.16
79757,9944.185
108896,34852.004
65564,7810.9067
141635,11729.56
149171,39353.406
136098,13327.298
54928,25606.15
133733,110581.56
10260,9021.071
69342,55103.004
123163,6584.989
97426,32645.377
56491,26008.49
46771,88150.52
79347,104177.74
91380,17773.203
63011,11135.985
66283,12636.546
92879,30194.895
126926,40145.832
76410,10698.636
52886,39192.477
60925,16971.916
54119,18530.86
27514,11926.516
142600,39113.543
24112,35464.047
132535,47947.527
113653,74671.72
58297,61709.59
53800,6858.6104
70686,18730.121
130030,119470.42
145039,14706.622
136292,4877.746
7344,27156.959
101074,16936.834
98376,1727.9312
121462,3264.071
1029,102897.92
132650,60165.777
47741,65310.89
39303,49137.277
86607,63422.04
58887,3623.7295
33999,25851.738
94756,6887.1646
10422,26253.447
60408,5936.6206
81358,35799.312
116519,2435.8572
107567,35190.227
72857,14482.846
84265,16620.156
66435,-1293.8943
34367,30740.297
2175,6539.1196
68041,119215.38
46779,4522.4272
67679,21720.254
37686,8855.749
47312,3291.3567
114616,91451.95
24492,17178.896
125962,187803.28
118882,136457.83
59735,8838.809
106208,13813.617
95412,53208.79
14970,122107.34
43750,27539.586
4666,33965.137
88268,24103.193
46025,33960.855
40599,45011.67
101156,35028.133
138833,17914.826
57107,922.9149
80753,26427.707
99833,23206.715
143684,4598.4443
75413,26188.334
64248,39819.984
23194,86260.22
111796,39630.34
88700,21481.744
125155,27073.455
27530,7161.885
68255,42333.867
115387,17347.19
38831,5596.767
68927,121184.26
70987,8442.236
67329,57050.707
46678,6292.4546
146033,62357.2
105370,112554.87
76036,142184.39
10894,54962.555
148793,46016.992
113941,30533.541
36500,13684.291
18217,5903.4956
30658,27253.225
27678,116246.12
50003,65962.83
54413,13800.179
2105,15645.255
100504,5662.005
71158,9108.705
29834,3647.096
74147,2078.9937
114054,46231.7
111299,4201.8687
24121,11321.472
14705,4094.7493
11203,17809.691
19652,84938.16
134178,33054.87
131166,15143.875
94302,111592.664
40262,12970.322
9106,13696.353
54549,474.68814
2421,34117.29
32060,70003.766
127782,13542.322
4700,5573.0874
114772,74987.42
107621,110712.37
8090,38075.504
37657,13595.553
39463,4795.853
93433,32345.264
2665,104731.22
2660,12671.091
22922,100558.78
19285,38388.81
126852,4710.395
61235,7049.5996
132584,98029.81
15325,128149.22
42934,35687.176
44476,37231.695
46136,24212.473
116220,25558.389
41367,34045.832
32681,51301.957
21160,31119.45
45740,10607.731
105457,4687.775
143103,31422.031
117677,7734.3623
81974,39767.29
100509,11615.382
15431,44242.734
57289,5267.9824
3463,44945.766
79365,2505.8154
58998,56318.457
74045,9024.197
92040,5425.647
117191,24902.135
46597,8476.722
15422,17522.904
140137,105618.836
127916,33012.203
26179,43397.953
23784,74467.48
78518,6795.8022
23900,19774.215
126749,4424.1206
128979,60410.07
69372,25978.672
65649,2629.1057
27476,15972.128
141178,23862.207
61905,4077.6545
141274,14463.061
45419,40259.402
115848,6479.442
39074,2289.2058
29051,95377.11
62448,11150.143
5711,28259.111
111272,3219.2905
15532,82151.4
68056,9644.777
34327,17474.168
72907,57330.664
39556,3952.882
83205,104889.98
81543,92726.47
90154,101996.37
59146,24044.377
96361,37752.457
30163,9814.169
94213,18680.451
45777,15058.859
122150,4441.3926
96608,131133.95
115871,13165.348
61629,9512.458
45362,48659.27
86673,203319.47
74417,10237.949
138068,14390.252
101428,155713.56
141887,32678.85
99643,8969.49
107931,2198.3198
63417,38829.39
14192,5685.6074
65082,27988.445
28566,24785.443
72946,3664.8206
143873,83623.07
86140,4045.83
40821,104958.46
62271,158728.47
70499,70952.414
123434,33855.535
130772,44535.617
131644,7206.648
42486,23488.705
48738,49305.434
50992,4004.0657
78774,107692.62
39243,5064.6655
77159,17378.684
54102,4413.9395
13375,5636.0044
12077,9114.466
110334,6344.7817
129475,22238.898
132495,4465.31
28329,32482.703
41163,3445.108
29132,24050.7
78935,20465.229
63102,18932.031
69811,56520.06
121853,26043.064
101832,97544.586
90203,117180.52
133813,187020.73
9029,12894.882
99133,4574.3306
44693,14943.02
4953,116230.98
124881,56186.15
49771,5129.1973
12467,26356.564
64082,106820.305
67198,79133.39
109613,6127.3354
28517,13679.327
122022,22149.125
52122,5885.0654
79238,9812.121
34015,12752.895
48601,9440.6
109505,8527.778
53462,20226.84
28618,12798.384
136075,5647.2593
70463,73630.484
9730,61558.516
15732,4866.3584
43760,22877.4
107510,15883.62
22340,7291.174
103440,36738.543
16281,3293.6223
86199,16359.836
122583,9289.215
94452,20789.822
22486,59854.836
132142,103449.97
72500,18620.762
110287,8161.6147
136084,49274.406
33996,6504.7427
89872,14345.053
126700,78085.445
7441,70147.81
51859,35200.91
133511,11430.669
26544,14557.973
49042,80946.12
23379,12710.511
72504,23000.732
139033,2651.6487
46593,11866.134
116652,4588.631
79542,16048.496
17554,16432.988
57801,12672.972
105816,12671.528
119139,69232.43
23648,17374.652
75168,109356.984
58595,4120.7163
104090,22546.668
120790,20013.36
107398,27107.973
114110,11533.596
76816,19558.332
27622,90382.266
101922,18384.979
52674,85813.164
9450,79005.98
20789,60381.9
116624,68672.89
111937,30575.393
148772,61524.19
149450,856.64215
11069,42739.773
70747,74309.59
140134,117193.77
43010,10538.646
75201,8482.942
92473,58924.14
110372,49192.406
59736,9910.331
123539,4254.2466
114281,9916.233
109218,15483.388
123525,67480.65
77144,9341.102
104084,17058.717
147303,6812.323
45840,174522.94
112565,74557.195
97918,8283.834
93101,123317.2
82181,3530.7158
121158,16195.386
114217,69118.195
65133,143406.64
14538,2140.823
53687,31296.045
80102,78077.05
97844,1586.4224
58024,97514.41
31403,29200.62
80194,11134.526
52727,43644.656
46414,126648.95
131463,6662.4873
26492,78960.38
97608,9424.635
145111,27454.584
139190,87898.8
5099,6494.9297
73046,3679.2256
115293,161865.62
9344,10832.262
146731,15754.238
79065,22109.594
56661,76026.28
124652,5560.391
71728,24761.969
95000,95147.44
38920,43036.766
101208,58668.234
100580,6118.1636
138004,36148.01
24564,16055.899
89843,16725.541
51447,25949.094
133930,15847.529
140197,7171.7847
118854,7352.6826
21694,103219.49
26213,90664.04
140604,24389.037
103709,17625.812
10976,84859.18
48928,57507.74
71323,64899.53
4064,36261.91
96505,19154.871
63564,6419.4062
69026,5206.7266
71687,13256.0205
123322,44401.84
131285,35931.44
94872,4526.229
24170,19693.826
84668,24497.56
122529,4055.044
88957,6663.025
95067,84736.336
37669,24471.908
131829,6152.844
40540,17949.672
65781,5418.556
62555,5990.0664
62872,26819.08
117203,143165.84
32115,20185.875
134008,1570.6722
92204,14595.401
30663,17093.709
106619,12613.181
44882,26667.867
99465,67774.18
12261,21327.469
82242,13268.581
93833,15705.333
15404,6561.7866
58462,18576.553
102565,28319.78
2125,5931.5186
117951,1133.2039
110218,7907.0605
64816,22755.95
85640,42426.707
139140,29551.48
19337,6948.5273
52820,48134.02
25577,96826.195
43648,46377.477
42051,11123.485
95505,120365.03
63848,38625.18
97487,7713.835
98779,23232.176
99860,7737.6406
109731,12838.56
130113,74346.53
124883,40161.637
66477,51367.477
91272,1941.7051
29476,7870.3174
322,23318.666
84019,79428.984
66544,9280.378
47441,14714.8125
11701,38975.863
58597,1405.2578
57479,17220.967
128030,114538.05
48552,21450.514
82645,33652.934
27176,16786.16
78848,15371.864
28138,16752.732
88091,4366.637
36962,14632.755
71399,7707.642
93908,26060.041
64863,121226.57
139340,-553.1538
14812,4797.828
146969,17884.785
124720,13969.852
106831,28343.674
53579,8529.6045
98014,17460.824
26049,4342.5435
111832,16336.462
7224,37495.684
51578,14130.046
75670,15142.423
22427,25332.271
60218,24458.988
129761,8643.155
42723,23963.729
29336,50825.906
127125,103293.55
118448,6337.49
9775,33088.793
66456,42968.168
90384,6222.8306
110223,10146.98
76149,9754.469
92111,11859.851
65089,6266.542
94196,5807.168
113367,7806.9062
41488,29404.17
141666,33957.36
148455,5726.837
35023,127323.64
127480,4565.6934
135815,65695.79
2930,141474.69
135541,78428.99
80951,160685.56
143739,21557.906
46221,129001.96
31254,23817.547
65915,11437.709
81899,129112.55
140619,42165.53
95307,158315.31
63719,48154.645
365,8277.461
21514,235203.98
56736,4497.642
89245,39810.105
130312,5380.923
128162,7167.015
95584,9464.54
50127,14697.51
18020,17612.057
109684,42163.137
128492,5905.774
59766,154477.56
70278,4160.8306
40154,43692.902
27283,10257.588
43900,163760.48
1120,11714.06
38369,23179.87
108640,13171.343
55028,24870.406
16516,10917.279
22196,9249.925
94751,10266.643
73235,2324.198
119078,3281.0378
78102,78716.34
122883,62617.06
134722,111694.79
109212,11782.809
86442,66403.31
44784,7418.6357
140121,4387.899
105909,12088.609
83491,11607.791
67515,29479.018
134909,21420.11
39251,22143.023
129722,13061.548
84641,21136.086
117690,60694.527
140302,52722.277
16981,5125.333
7347,7694.3086
106421,15879.999
14883,8287.462
109663,10157.479
97836,9522.015
47671,12144.707
144502,33446.137
21178,228741.17
21935,81997.69
113625,80828.375
112849,10710.423
140683,35745.156
26559,49510.39
58679,16182.208
143201,24471.135
66126,51877.473
119501,160201.72
124285,17184.566
144636,4824.2534
19624,44315.39
89017,20901.844
58581,5872.108
9786,16587.244
18452,17976.865
39198,17433.346
72019,5761.353
130063,88158.52
113325,36400.81
67056,36440.695
52690,49250.926
61177,14769.813
110250,14194.562
75226,38535.477
101912,52552.676
10721,10382.455
134311,-169.2696
41703,266317.56
111687,3955.592
38041,5436.019
90596,16934.443
90591,21522.223
121547,4549.7363
21140,404629.84
34084,12726.697
93832,11710.955
93560,34502.754
128859,45373.86
21280,15135.983
100687,11868.466
18745,11752.828
146556,77894.86
19489,41389.156
145771,17827.662
53357,17772.834
107671,24115.85
140646,4526.0728
79481,5987.838
14690,6381.1035
43081,95677.836
106493,3647.0256
34249,97467.1
40837,7042.558
116058,20457.74
113169,6478.8726
96211,18256.656
48000,4436.88
108990,6063.4185
28889,11371.067
66736,10624.343
17722,17898.96
2007,14791.595
50056,21622.098
134835,37099.273
86672,5529.581
106939,81780.516
20902,5986.242
119329,51145.668
138509,10799.312
113015,151455.55
109201,43405.16
6388,3466.1724
73139,6101.283
65192,32380.23
66743,90933.06
44800,27473.752
81309,52468.81
16040,1852.9408
114702,56015.152
609,7501.1577
47919,47128.19
29159,73829.78
33461,34712.348
94430,31923.852
83677,5863.449
122207,24960.502
20237,32774.824
113113,13561.07
96122,14212.463
67426,17303.83
122848,43812.07
9674,117646.86
24321,9028.069
78223,22319.162
23949,5528.656
45358,98517.46
113624,156683.23
20479,4250.687
112795,114627.15
20701,60168.24
129899,38541.45
51618,44809.105
142437,30788.857
64782,8828.845
79959,12569.204
68632,14462.517
87147,12284.348
140714,3553.236
9643,3727.0476
3121,4354.7256
75825,28960.865
8651,4006.2932
87670,31844.746
9731,21974.186
137825,18992.633
117449,1903.7919
73959,10091.251
37718,16012.79
427,30527.96
57330,58849.113
148370,104103.875
54803,39575.453
67114,310739.5
13167,83246.5
95142,7830.0356
66436,26186.072
25498,83001.74
20305,13432.254
67397,14056.779
48227,23873.238
6556,14778.89
40651,9806.757
128069,3406.047
96452,16071.187
133977,14193.975
45436,12990.373
21103,1221.8602
17036,71598.875
31339,12415.1455
94426,9358.254
66846,14632.129
59382,12609.721
77012,2866.4333
36181,7032.4346
138168,141148.31
113337,3197.52
72124,16246.588
107736,11046.751
133968,68963.57
136960,89179.16
105254,18411.82
128187,28550.04
64628,6913.229
91572,29468.775
92756,6918.923
139916,31087.836
89770,34592.266
29656,113975.23
10820,155586.3
20776,49786.03
27244,55918.285
18885,29678.928
100520,2901.4263
110990,9129.84
12864,6863.53
65607,14998.869
122834,5238.2173
140250,4416.7715
77644,30816.459
108303,17227.555
66785,14855.648
27839,9666.863
80723,13283.789
138660,52984.24
107227,5028.562
12371,29506.389
107547,13380.988
66088,59783.492
73827,26957.951
39621,81310.305
106830,17647.176
62849,18132.43
75346,12525.395
90560,10320.6045
119246,52182.348
22839,28960.416
30774,20214.486
104187,293973.72
26253,126306.23
14619,138697.17
58288,69276.0
104561,89115.87
49203,17772.322
76511,99875.086
120765,2064.9746
105599,103297.56
109848,27644.695
46226,24891.924
137756,87731.195
110776,5320.6553
120309,60462.562
1631,8149.4316
147876,81292.664
113375,10376.174
67946,7716.052
7463,16721.422
116879,15994.964
31183,46033.953
38916,54020.625
133492,12727.095
16923,11297.395
79131,15413.307
22370,166306.75
94323,9927.0
50845,8761.374
137939,34932.5
70256,5717.574
140960,33425.55
125219,37169.926
113206,35035.22
98247,63301.152
106994,15822.137
109409,65526.027
135836,9770.067
126782,48142.7
145776,38651.31
47236,16661.768
73667,17272.822
140394,32699.521
58486,22427.334
119569,2184.372
12946,15514.986
149496,27348.725
9762,18848.85
26089,20259.426
131154,41674.406
69438,69062.8
41220,18915.752
20643,23267.025
136017,158788.94
15408,14646.54
128420,38899.08
97181,39764.117
105682,13744.655
26325,12346.502
115682,4914.78
24320,28554.408
7670,72542.555
53903,121109.97
69672,7962.9766
88723,6843.463
13191,26641.816
48632,2463.8418
132468,8215.854
46264,21781.98
59971,14646.148
53182,11910.176
27995,25488.857
119344,7547.45
32396,20625.248
85081,24294.023
94650,9307.669
82897,1592.141
129352,40337.42
8326,25189.896
16195,72283.35
96473,5668.2124
16155,31964.463
23921,66350.43
125012,7675.267
52697,2693.7017
115562,146093.77
30440,58230.46
16244,270964.16
15889,71968.18
51467,207705.06
50948,169390.81
78369,10247.493
113721,25465.729
64286,292416.78
16646,13993.394
119138,17944.902
15745,14471.403
42768,12265.698
145120,17691.094
80908,16264.467
78125,110725.34
105760,86941.22
132291,5239.4263
14805,4890.023
77705,11552.988
1437,75099.54
100982,18920.643
49143,22694.219
130112,48190.977
97843,20170.066
80023,188101.53
100023,32783.816
10293,14987.777
139967,8127.127
30565,33343.293
115201,51329.17
71751,16668.04
78178,5929.167
122952,2561.115
32025,11401.159
114833,88780.05
99923,78378.79
36208,4624.5063
118700,19271.715
110077,23254.648
96276,12133.666
39011,13355.096
7133,49412.312
75081,5729.6494
20873,38056.395
125289,17772.322
83441,4410.483
126054,7601.1147
103219,6208.9854
16675,12108.035
144342,984.76447
146865,56601.52
138035,10294.767
91084,12275.989
72104,9915.931
111091,1964.8085
98366,57421.89
126816,38379.44
149525,189375.4
74603,34767.496
51248,20722.178
90174,42377.92
444,12421.255
31490,20642.45
9891,92770.49
49022,12027.042
117965,19046.084
67794,12725.788
63146,79567.625
12577,5887.2764
84203,140836.11
49983,83521.27
138546,11308.25
30951,33518.883
15954,16346.034
82922,30936.535
138798,18361.02
29786,1401.9187
141628,14052.976
104405,18449.39
60545,43805.215
61178,24650.27
63785,2956.41
97932,2104.9429
10246,97082.46
98732,92081.125
30634,69595.164
86006,24282.338
57915,16559.68
76079,155821.08
17112,56594.477
8464,50521.8
20307,45684.406
24922,49469.34
14245,5645.567
50514,72662.32
142733,6391.7134
107435,4235.947
58544,16876.83
130688,18426.662
15451,10718.834
73868,49194.027
111039,55872.387
31670,56325.312
94623,21598.611
19375,5151.697
18248,34975.625
57001,4526.369
78745,4837.8984
107208,16685.373
78336,74547.766
139316,2904.4033
84091,6262.046
96031,28051.654
70342,2466.2463
29436,33178.04
12515,46904.55
138558,82903.75
96838,6375.211
120360,37190.312
33708,121730.266
25670,231530.03
95332,5057.294
117964,21293.354
2802,7914.969
77305,15972.94
122465,7573.6035
135579,38397.055
27785,27310.967
84737,17387.12
86781,49605.695
58991,33098.523
119689,46074.227
53394,62368.895
81842,75400.61
14954,17615.785
29773,37014.547
46910,15442.772
144316,17207.465
97456,132648.67
96457,86234.09
80849,84485.32
101625,31406.875
43549,11111.97
8468,15919.556
132012,62206.055
17530,13687.39
55177,15652.812
49094,3587.4448
143750,48658.195
84905,8090.54
130342,36043.68
29590,11014.407
54988,20120.98
24675,39442.934
22478,32842.617
110781,15128.224
43513,11641.783
95226,77099.99
23749,6245.669
124123,78841.086
35545,10261.832
32152,21870.773
104966,56403.668
10610,78663.53
78252,70970.61
91579,1803.0413
97055,85021.33
49394,74199.945
63016,3726.9553
41362,10165.197
34373,3622.795
34740,15851.782
117617,25277.941
136572,9895.467
19106,2657.7166
119123,136289.2
41033,19331.162
117928,110712.28
30364,19644.58
72578,30410.92
47126,37773.64
53651,1972.6384
130503,131224.86
137716,20736.213
137820,62774.414
104092,14244.182
75276,6638.697
134555,60577.992
82936,11430.927
10851,62164.805
107077,41266.32
138402,11588.885
32331,5465.981
69496,4488.4224
40501,54406.33
28152,38638.254
4813,2102.624
10549,53801.035
136547,14654.216
2862,7939.9204
138762,26052.01
46170,8761.749
113083,71742.836
89070,101056.84
13416,74986.47
126637,26061.15
42309,6865.383
142043,5365.1245
41237,102395.8
77013,8787.8545
23627,18397.23
25158,9338.85
81602,24942.049
629,104962.18
46031,29840.318
28302,110538.41
32711,13019.321
106529,41975.11
35672,9044.833
46038,66412.766
12006,43342.863
143922,38291.926
116565,4316.801
141797,44043.074
59644,119903.34
129295,28525.482
15114,156891.34
43778,87981.58
91757,57809.914
116330,68218.914
118290,11722.653
29960,2941.5151
84153,8584.478
31360,30189.58
112554,25362.28
70572,8432.447
34035,2670.8792
27554,126637.58
83111,5404.7734
14627,5823.155
19529,7772.756
110572,46400.383
133094,11563.455
21315,24435.18
144663,10245.585
131199,4022.5183
125707,45114.156
89883,18403.617
140138,10859.381
110535,121856.85
118291,3343.4429
107639,30956.125
135304,24487.012
143019,17545.525
25200,14877.136
40016,161468.83
98945,34598.508
135942,27238.844
98829,5647.579
142692,47977.57
109652,15232.967
115338,6201.387
36752,30128.932
123869,55313.547
4477,31732.76
8775,8574.049
40297,6207.607
59420,33913.81
88142,25654.465
54829,30995.934
96372,13656.032
115166,4263.726
60647,37847.184
17022,7166.3994
35295,8143.606
86230,44850.125
139118,7168.2393
127755,75456.12
63957,9538.951
65349,11579.422
12638,315361.66
144074,21181.438
130444,25350.914
49755,245000.78
6918,50056.258
41331,47018.97
137048,29170.744
60304,17536.053
146702,42739.41
47335,90556.125
28637,6012.8154
17739,44781.24
4157,9607.91
126442,18350.527
89928,86088.76
74606,326165.3
5871,51654.24
110884,1575.4604
6426,19567.14
1302,26278.99
11640,4319.5957
129511,13806.448
45914,5956.0757
29506,124053.16
27816,60793.01
19959,109219.234
70328,14927.016
52247,1382.8925
84467,10265.311
61879,66049.59
67981,54956.67
134171,61154.562
75376,18995.996
64219,99815.695
2148,95354.63
52371,54592.168
14938,60796.113
54482,26518.316
107962,7816.477
95607,11774.408
920,25292.068
133701,8222.451
139633,100393.305
69421,3648.6372
54762,2721.9526
124006,11931.934
73045,22956.002
118932,16214.302
94936,3007.2524
38740,117151.02
123482,7343.592
71386,98509.5
43038,37839.434
108888,21806.955
100950,38693.484
1636,2886.4182
6874,5892.5073
78921,36055.71
122511,13202.748
53330,38116.01
135735,16629.787
97661,141082.92
6262,155026.02
13335,2025.8358
32159,63273.023
110342,86811.83
83623,16662.229
79201,4259.145
40157,45833.75
74810,23780.266
18573,7892.0186
68556,31152.723
63517,9353.131
25459,20659.877
26600,21485.598
25286,39170.68
48466,8397.29
34128,9756.184
107412,65543.49
43386,174793.67
101524,15413.012
91555,1710.9249
4927,7228.2656
34307,84459.46
141585,41037.13
13938,6816.928
82970,24052.525
119190,7052.4146
33616,17285.625
12133,10293.628
101214,10139.773
83749,147262.36
134501,25500.682
128496,4745.5186
63302,13796.994
19474,108768.65
132500,4397.7407
25833,75573.69
111516,9050.645
126511,41547.316
94114,1127.4967
144981,106509.664
143641,12940.466
64880,133457.38
18706,9027.532
137911,1623.9556
137300,18192.635
631,26615.031
51469,17223.14
132223,10313.728
60702,172564.72
17411,26995.363
37735,55682.145
12389,14691.076
119598,42789.45
63902,115705.56
17791,13006.692
36154,323734.25
91370,4077.863
48763,139910.83
87650,50365.06
18125,22052.164
148721,36217.28
119319,7588.3545
67880,4794.1704
135125,54457.527
127705,14168.448
80520,8784.656
148064,7080.27
13987,3554.014
66741,49180.234
19636,13738.833
144747,19493.955
128393,60576.203
115076,122446.38
90284,35476.184
78126,6033.964
61624,54734.33
52687,29467.607
130495,18371.824
110329,11189.367
145750,3893.1714
125138,48954.887
109868,44946.89
41419,28325.707
134032,102461.13
111855,77879.4
15640,35300.4
137230,22986.879
75588,3998.0596
37948,70256.02
86331,56881.207
20244,76516.97
30717,35542.95
129300,5640.747
65746,5537.5967
16852,54001.883
42666,82644.79
7963,6640.2354
97,16484.062
104424,11652.276
95943,21159.27
86267,68099.3
37514,6146.705
144744,5710.058
4288,58908.406
27276,15209.776
73284,46800.254
20297,49233.945
94501,14085.001
99660,2181.307
85828,57910.65
69439,6141.72
69495,59524.51
136993,40074.41
3576,11795.457
88158,26217.797
99853,7704.1045
106823,7665.622
54300,10741.214
122795,126897.55
67033,10742.047
28987,244066.55
149614,16470.814
51703,41375.992
75697,25735.588
121280,2802.772
65049,90752.38
28079,37568.617
82633,11272.733
42443,92191.24
63675,30887.92
144741,8049.953
131580,146820.72
131198,8478.332
15261,25700.295
108381,71122.305
103983,38252.785
137890,27545.355
50826,21964.432
105897,56931.902
143491,887.59125
78809,3286.361
11926,11864.855
12390,6019.8247
64712,24095.055
64456,214978.95
132443,39647.06
59795,13184.806
73357,61194.098
46466,33344.8
44132,4821.425
3650,27324.066
101871,37464.094
9052,2789.0068
149778,5863.23
123809,23597.69
58292,22326.371
37986,14743.34
124589,33956.08
13751,16293.525
13594,58982.68
37671,20319.643
47625,5789.6064
111809,33060.33
125656,8785.961
93317,11821.749
107030,12456.042
94587,97367.875
87052,16888.045
40912,19729.191
6809,24846.65
124052,21181.668
4286,2867.2607
114377,11581.445
68612,97028.9
33077,20429.096
57831,26242.225
6611,23739.518
133035,24513.473
148607,95146.875
144469,13150.456
37543,7125.1387
8084,10141.413
162,46126.28
86952,8299.435
118530,24678.023
112004,9907.023
22198,16001.752
56579,52632.31
93786,155688.06
6478,11120.548
100412,110671.164
107675,92170.16
140799,70806.53
51523,6096.105
44586,64864.516
1283,115281.266
33628,24207.824
91090,144072.38
80111,27473.088
116505,50456.523
26138,114038.24
144881,57191.723
77480,17984.326
123602,68505.05
91032,5815.204
92539,24164.197
21012,81717.3
93539,1339.8081
36841,17728.674
102839,26604.926
45863,65293.38
13444,76050.63
72798,88531.57
124989,10775.656
108810,22705.766
96508,28314.271
30407,5557.093
58405,23849.393
27389,98076.445
131964,13654.693
123463,51131.688
26283,12927.981
39108,46694.44
90264,16611.7
26342,9918.573
93953,28784.03
112893,8927.291
11889,10240.292
55595,5935.505
15285,7388.84
115667,28957.617
126609,4911.9956
131520,33389.56
36836,99883.89
36804,7451.5503
140337,2863.2925
59779,486365.94
30636,20736.068
4088,32564.111
47754,72897.266
111358,10720.568
14735,25963.475
66470,65910.42
81745,47936.184
53286,7761.2754
97244,19606.934
119917,7582.734
67531,35998.77
51126,58111.453
88467,4999.8296
91113,37995.08
111723,26719.264
139460,7980.4014
52804,2577.2356
78201,5149.0
72980,27354.156
117949,11400.846
27382,10243.484
129058,58343.19
70254,11366.357
62925,173341.73
114527,7947.2544
114900,35212.562
54540,11991.032
100916,6575.044
62916,34001.715
87509,71309.54
88486,9364.668
67340,7416.6255
82430,144752.89
107386,36368.344
75279,30039.871
37695,11658.374
103796,53413.31
31979,21697.957
53014,13927.561
39335,75105.31
85906,84469.98
92485,8974.822
124579,7810.721
87661,47948.234
129222,73465.46
88110,14061.5
68366,9775.554
13387,15725.104
93239,135826.17
36244,11140.651
38516,9471.526
107150,5307.285
15046,17741.205
101274,51315.61
8642,34870.74
61223,28235.963
102178,27669.54
50542,23509.887
117101,8568.599
148096,9702.77
76267,68133.18
35070,11319.545
93737,9244.444
134353,40998.16
99542,46822.35
87794,3883.7612
23620,68773.68
107829,24535.607
85396,7323.366
21053,3793.2705
14478,67477.57
26750,163793.48
134266,21253.744
67689,13451.84
79234,8893.521
95777,55813.71
91410,13326.857
61416,6942.8228
30348,48051.934
130190,55110.14
43312,7778.7754
29769,64740.266
112787,4812.8438
2834,19097.33
91590,25528.469
83617,83827.44
21144,114305.71
137393,9248.182
89884,13597.966
47269,1900.3497
115240,4195.0674
145311,25667.262
1792,30538.201
63771,3672.2566
20917,78365.54
70551,169013.62
90475,29595.76
83435,4939.0513
136929,3287.2913
39247,16952.31
103159,91558.2
671,5954.0557
106111,7983.842
123898,23189.104
78349,26819.797
3233,318250.4
73704,11945.657
147635,32146.045
48370,12703.0205
96513,134219.69
66532,57689.035
65654,8112.3115
52845,3775.8257
30085,1886.2101
28040,157918.97
67263,16653.037
132464,36763.19
54216,47608.664
93076,32295.312
129729,37015.504
145181,76846.85
45282,11843.621
68875,9787.21
60161,127558.69
105956,81220.02
60864,99494.89
60745,7357.722
106074,15345.379
97356,61432.84
142448,18412.0
139305,136650.97
38157,159929.58
20978,3012.3015
75837,7189.0835
7756,65498.703
141403,10248.765
949,9128.815
74779,20711.107
106613,2195.676
140062,6973.3745
14035,4735.077
43418,5417.3237
131774,44560.906
142436,5125.2783
15854,1392.6897
11052,89541.97
128869,2377.757
35287,49341.805
89691,14222.283
7492,140306.38
56008,21178.814
120055,8291.267
35422,15848.74
1685,21259.143
78789,17759.52
56445,12226.28
46603,134561.67
89261,140160.62
147801,6373.5303
139052,19623.879
109326,15836.35
140921,3141.854
79345,2656.0352
77952,8288.188
51510,7954.7744
25884,180398.97
111391,8711.599
72184,1860.1644
31043,2057.4292
75128,77224.586
79395,118544.52
68723,23822.414
86417,134940.95
65795,54824.867
142878,2402.195
107113,21117.178
71340,110335.9
100297,6846.9795
45917,139077.08
139451,13323.555
109266,40206.426
53323,6133.25
28240,45358.63
96650,10211.936
95492,5955.03
126441,4480.945
129950,20574.912
85493,29570.9
60564,76635.68
75177,79566.305
8812,119375.41
119013,4327.9043
1510,7327.95
41558,5410.8535
24555,65975.22
42364,98808.98
43957,8395.613
40003,25551.514
5023,17572.547
108420,73814.805
84055,104428.914
40571,34267.51
32603,18805.377
64075,5920.082
136235,7688.4067
91692,20180.566
88517,22802.0
77747,51955.23
75064,88908.83
81122,189500.2
2540,4998.937
92903,7518.722
7784,4915.0425
103034,23512.426
103287,149794.55
146607,13104.855
137742,101628.06
47173,3694.5627
75214,13350.844
43176,20048.527
139815,16366.922
36939,101458.586
3116,3617.0115
149920,34140.945
143214,42823.957
109605,38533.547
45584,15711.039
88314,6282.1235
36232,21803.78
57103,44158.273
8494,12924.392
17881,16325.681
66617,53701.0
68248,525991.3
3722,4673.3896
50496,31519.143
77090,22459.412
39414,13319.793
147536,30270.639
138406,62968.957
56806,11216.931
25805,9865.627
128092,78308.734
134388,60506.973
27296,116114.16
54271,52315.387
120931,4082.413
81214,197981.1
127076,83391.84
29294,9474.637
14545,114018.91
84319,5005.382
85263,63944.465
39817,14008.126
31913,47864.855
117847,31201.691
116360,20737.318
14683,11991.4
64985,16851.857
59731,17105.537
67159,6606.446
138818,36228.58
85502,5967.757
28323,30352.154
70823,8473.859
132457,19977.062
38514,125424.34
29412,2304.5786
2223,33571.613
128878,97504.33
68296,34082.855
66804,92809.664
90339,21779.959
36405,90094.8
119944,74399.56
89192,44482.36
43095,88914.51
9074,19062.6
44367,89772.805
38385,17273.912
82106,19118.193
83564,9212.058
122637,5963.6714
63024,12246.069
40813,138606.36
24732,127154.305
27192,22550.979
82707,6451.6367
12786,5596.1714
97031,10690.306
74429,56420.082
32889,6460.3164
33679,6560.7583
47364,2645.0715
41007,16069.218
110352,10651.049
46013,12063.438
21454,26780.88
2582,14205.416
79784,14113.563
40265,3894.6548
134095,6120.7075
80458,29118.033
146393,40310.754
146776,51185.445
115597,13122.5625
28399,3318.609
43432,30100.836
15656,5367.922
103327,17309.822
49219,49141.246
68473,46870.863
59759,7087.687
7566,3465.9204
63127,124556.336
37535,5461.132
138021,101597.93
53639,38684.74
109430,23612.547
53092,80376.9
99791,29511.115
81411,3403.3276
47160,91191.125
37119,9479.973
130903,34994.715
125258,17170.79
70433,101783.57
100511,8337.425
87324,9157.463
137481,51552.76
76998,115409.3
82229,86548.26
100547,13805.823
13307,10798.403
50254,25438.312
143763,11301.433
141964,88397.305
118189,20444.154
67053,44226.926
29251,92607.89
71352,19705.135
123343,109538.9
109350,19266.389
70229,37563.176
94047,5570.587
29938,33163.812
91037,17936.217
124667,32104.826
78334,18335.732
18894,57152.37
63352,6441.1187
80536,10672.112
1001,29744.336
136647,47163.55
42652,3898.842
123519,21082.996
107197,5561.5054
60859,2222.8337
48923,6552.1606
6587,7299.5596
31517,65017.617
144526,73245.664
35946,5981.31
58964,2145.7852
63472,6544.9155
39773,6555.7305
31473,5103.698
124505,48168.43
119260,12599.217
52952,130441.76
101124,7751.3096
75726,21646.31
103313,28267.22
122056,41292.246
47966,34449.86
66974,50126.188
71629,12939.571
803,3538.8684
143187,7841.858
7936,10493.957
141269,4656.995
50104,28784.82
112134,42823.695
111977,2489.1282
67625,47176.72
56470,21180.18
18314,55999.516
137200,48389.742
61057,67517.68
33829,43903.42
102919,9892.962
34301,2242.2083
140320,1480.9464
133581,14028.658
28855,103443.5
147372,17547.506
9814,5700.042
44104,3609.8076
131894,1605.6302
81767,30020.89
126114,25667.428
50738,46374.984
147730,83877.86
61029,151639.78
76788,35451.965
103649,87677.16
83279,75446.61
91915,35529.824
76442,18857.057
57690,17878.244
94712,35524.277
143084,5036.8594
82825,35419.348
69104,75062.81
63311,89638.234
134198,17101.38
120984,25409.684
7130,10362.992
72825,101849.55
62947,4467.8125
50216,2073.582
101458,55260.87
107936,134871.42
28177,32108.254
39853,23762.969
94488,5597.8184
86349,13785.613
54975,17976.45
138255,29707.281
55436,23352.465
79902,12733.963
116861,7808.474
84429,9264.051
45309,77715.07
51468,12716.295
144324,120507.84
143452,43314.99
20054,227814.06
102734,29379.654
11154,19168.668
2648,10717.068
81839,53205.848
143419,14663.003
62399,115621.06
98958,11797.242
34211,7152.5977
134307,2456.7708
7025,98799.79
80695,14620.675
28645,33946.004
97314,12819.705
2556,131555.03
2911,93224.87
117570,31124.977
93074,1512.1781
108042,6305.5215
50897,7550.559
82877,53026.906
4976,50069.26
16308,38729.566
26817,13441.01
38870,6468.565
64238,12401.411
119544,8719.386
44017,14184.652
16585,1228.126
103309,4945.647
11493,102675.76
109614,11675.418
128983,20244.092
7814,35932.902
40958,20777.947
79415,26900.564
145868,51315.03
95228,7445.189
121341,40084.043
86360,10088.045
48208,35645.17
44911,61914.37
12557,19877.596
24049,4070.7998
8900,5586.897
89904,102199.52
7751,10217.176
127061,35419.035
143311,15701.102
122037,23578.543
108612,6802.755
106876,25674.361
86647,34909.348
67086,9917.213
145276,7382.127
84368,42123.914
6072,27721.178
108412,11390.053
113517,124247.55
138696,65663.27
94223,6402.6367
130198,8586.996
133959,25116.92
16548,66975.555
129225,1436.0564
99814,8649.686
18013,46308.086
50195,11818.839
16353,89561.36
120974,15877.691
79500,5873.9937
63482,8159.3555
21671,60849.37
51298,1901.4755
13747,26958.78
51462,12430.684
62694,30592.062
104312,40187.902
128744,16770.574
122129,23570.656
103925,5038.11
146983,135969.66
76160,21510.404
33073,48436.22
139210,50322.664
59783,18896.562
97373,25441.473
93085,10820.69
3420,4223.3027
98526,20548.354
53882,19750.139
110877,17218.96
68496,79899.55
39352,8003.369
144951,5147.9106
79834,3532.8596
110925,84226.28
118132,12026.845
114674,93511.75
93795,59703.125
111141,6995.475
57872,52478.184
8757,74052.43
144820,29360.994
13460,11298.128
78303,19907.986
12300,43282.402
69684,20353.834
118553,48430.19
40286,11740.558
91714,15728.828
59472,7494.175
7505,4882.922
99980,51072.55
54280,117492.72
31602,59453.992
9119,46526.113
100735,12113.852
83180,24879.543
43497,58521.926
76381,2834.263
111925,6671.796
56631,29613.223
81980,7495.5645
10284,122512.41
11719,149027.83
131376,12150.659
49215,107345.164
130551,34292.863
52672,29926.207
1621,11787.355
80133,141087.38
146887,27527.328
75578,28439.373
14915,41401.926
140412,1004.27325
102990,28216.172
125059,32451.775
17991,4418.265
31368,111943.15
74883,89928.016
67648,6521.115
34991,8648.843
134922,62025.773
122255,3641.2852
57542,225392.11
123892,1956.1349
40701,17394.674
11751,7300.335
104639,77179.05
119545,69797.67
95274,175531.22
90567,44714.473
113358,27928.986
45901,10212.502
140079,21956.701
1809,9433.684
93521,13832.429
98982,13357.681
90308,28856.562
124404,5416.49
77021,15548.623
73796,53159.68
29479,2554.8215
117150,7569.255
90821,12036.855
9793,20448.027
13758,10372.145
92986,8559.844
966,851.53894
107062,18441.523
57078,88358.94
92966,82329.4
17332,19743.414
120226,7101.578
36579,107385.93
149895,5243.2183
70828,63895.766
4975,100740.336
17309,18723.55
42314,21473.03
134963,33418.55
131622,29213.654
9497,20206.664
144370,27934.72
28556,16912.557
133205,60466.79
91157,103295.72
25709,11446.861
75772,42022.17
36227,7511.2886
54818,18599.197
149151,3387.4573
120219,54301.582
125484,25059.463
30590,14624.789
120599,42257.223
12469,3974.8604
90289,26107.297
90864,51821.156
121630,48088.59
2371,18490.145
104800,31995.316
92370,4295.7246
104782,6473.906
68147,9594.225
146514,5702.153
83940,5287.9062
64377,6066.708
140297,179220.77
124991,13286.143
137578,33570.258
111427,15716.71
112600,38236.99
94314,5603.321
102322,21755.324
79115,35166.12
149495,89129.54
22728,3122.6897
62047,14365.991
918,23936.113
32477,83197.15
28147,4908.54
144031,2889.4663
79211,94990.11
80792,28532.82
121866,16761.855
62424,8276.418
102120,161927.81
99021,9369.763
111761,8886.051
108493,22190.604
80689,8529.436
80337,170737.12
92390,28586.521
3639,35325.33
78162,76824.234
104673,11868.167
73822,6009.576
108101,13164.578
126735,228725.6
34518,105265.68
100778,82695.43
120070,32335.623
71525,10665.585
106956,5192.909
100594,873.0024
66207,11708.825
99711,28362.545
80228,5806.3345
104225,2686.743
13519,16519.709
10936,110529.266
44247,36119.383
29324,6925.596
108479,32520.67
121764,5355.9995
135762,71273.96
10696,55302.566
34811,44445.965
133290,7734.176
130416,49439.7
131900,134969.7
67572,7772.662
14291,5367.0127
22979,75355.3
123621,24661.455
101171,64378.36
38781,9803.967
65150,184775.36
66774,19091.209
27247,2930.108
76580,4035.9268
138141,16392.375
89384,9015.393
48084,9834.364
79325,14129.046
118245,17698.223
6568,4381.109
109791,9896.456
37734,276660.75
98440,1306.3679
10967,61156.754
122610,1637.9203
95213,7791.359
40496,95122.39
149640,81246.96
89433,6922.786
133481,36428.293
762,72202.65
57942,52825.793
93801,104321.15
40747,38023.95
85459,3365.3843
72065,7477.291
106990,27342.754
37393,20430.287
8882,53067.332
48374,50923.875
12941,3030.6338
67084,7153.6597
26680,108752.766
58278,58280.703
124320,54404.17
61058,22682.893
26953,40184.465
23558,19002.07
86746,25258.617
68851,15762.573
99194,80308.34
26215,35698.24
26015,27350.33
100898,46545.74
128087,48363.453
12386,23579.045
115780,39926.363
14277,20370.95
146190,5335.5884
133181,46222.375
7686,14403.836
74170,7637.701
84262,7349.9307
10098,5574.4023
26269,6499.817
69065,11834.718
126133,71323.875
146193,112064.336
109425,105337.664
124136,80319.26
61311,66559.76
110430,6996.261
142544,28567.695
125955,69290.79
6439,11033.922
138715,44536.1
36398,74680.92
70,3730.7969
44790,14064.465
35169,8724.248
35547,54151.945
17319,67787.125
57354,6106.722
41041,22383.389
91268,6449.8325
128517,4705.8887
35904,3663.1448
15398,16751.213
96950,8378.183
129678,11888.965
48641,21235.48
38541,1240.3236
78882,90670.79
34375,75371.86
50128,22355.078
103489,51651.363
28699,184486.78
80808,5451.54
46335,105744.94
112311,11628.102
105991,28978.074
2304,17137.4
103256,52890.3
86968,40067.973
4869,33662.86
81155,80439.85
109159,12463.596
142557,38749.992
111144,4379.722
22530,13240.921
142920,48715.605
70735,6935.4727
84963,4303.314
112835,24697.068
100493,61118.44
2699,127619.266
39260,20181.24
63078,113495.94
18321,7173.956
57727,7822.4077
102060,93478.125
115966,23322.658
92955,124276.54
95445,5193.309
22552,55356.04
81165,5983.4067
49287,90793.23
126683,17065.348
29133,117829.22
102749,101437.22
80192,155276.56
70822,44942.836
85338,6806.561
9145,174544.4
7341,13074.053
107380,156621.9
101852,24174.46
85683,23707.357
5408,4873.8936
38053,50669.19
70940,10790.708
12373,50842.836
356,5054.3945
85604,7385.148
55064,15015.053
18357,73901.19
37395,34128.582
12917,15868.853
112464,973.4799
123408,13105.4375
29345,271725.78
9293,10329.652
59214,65420.984
75935,6768.752
113951,3649.0469
22667,104471.36
78331,211877.55
114752,2459.146
101455,25579.428
17189,12852.987
50437,6861.273
35814,44219.36
23349,30275.342
64036,39598.203
79544,38851.06
66647,10072.0625
140143,14097.57
138769,99432.766
147470,2965.4355
104314,172580.06
148171,42840.473
114832,13872.643
124296,67165.62
12932,5723.2563
75088,11377.8955
83102,33265.99
131582,19116.62
75085,95271.484
45967,29675.852
104942,24000.01
119242,53185.16
25084,57167.445
22899,19666.7
116841,9169.573
131112,1686.887
104014,13812.445
21404,22638.936
53404,115145.5
28472,56830.63
77134,27330.615
29669,12945.532
81027,17710.121
145786,17087.498
25807,1195.761
51572,125249.086
71074,18463.066
63509,7537.756
122416,34367.52
197,3812.136
111007,28359.988
65101,13023.299
104016,24875.793
105551,138838.92
38658,172059.78
147893,53767.56
88695,6314.4995
43293,30862.803
55139,11835.201
108237,73930.65
138933,20501.459
5252,36329.027
84332,16366.974
140296,9075.198
130183,8952.019
136236,104246.96
80731,31077.125
83166,55044.27
10508,66971.5
88600,122818.45
62907,8519.35
142365,36119.63
98898,17952.094
4458,5541.052
115009,14718.748
72321,15114.548
143514,33712.625
132986,28075.072
12896,76971.2
101858,26513.111
105289,7186.6685
35627,46624.152
128114,38516.082
116084,31357.162
119134,8159.856
50543,17583.213
98608,24411.426
128974,10553.138
140003,133178.73
88491,29125.797
35589,6819.468
138972,108794.695
132852,5021.192
65784,14372.868
9343,24343.166
144643,5500.5923
70045,25615.877
30643,16190.117
143249,14991.881
52603,9727.001
79167,3309.8904
76714,26243.2
621,54519.207
78624,162706.11
26262,178213.6
6453,114720.63
148979,25266.486
145336,5350.6577
23947,29349.773
120193,16942.508
140523,20505.576
123001,24816.393
65191,12921.067
108291,2802.533
79763,37559.48
119904,15853.2295
40834,160589.42
47837,23866.291
104383,24642.625
6642,34676.88
85456,11439.293
2462,94485.36
129476,11037.533
147124,80979.95
52103,1759.1239
58332,7980.6997
19461,29462.148
91792,27473.068
135812,56517.883
84620,9627.312
80145,9127.041
118148,5839.8477
56768,63531.688
121484,8331.754
36993,34440.63
5414,153320.1
69071,11775.983
128145,7778.6025
132260,156362.47
119085,58598.22
43992,9316.27
100629,68034.41
99416,11652.282
141013,149362.14
125392,4092.8574
38682,3493.578
99812,7914.393
109154,25975.287
101233,18937.668
53511,18084.412
135011,19727.969
67553,27629.963
126450,35085.258
93881,20834.156
111345,12808.257
6773,9909.061
57853,25270.68
85182,35244.496
52653,26183.504
118485,51541.457
78944,48875.61
4041,35410.08
31079,27275.07
127104,56691.73
34800,12741.915
147133,33544.715
31888,10242.221
98080,12435.069
110181,6392.6797
97077,116992.445
68478,12454.553
107257,17742.104
58769,11742.83
31734,4072.5315
110554,29202.49
134939,6573.267
134921,12196.834
42066,4517.1865
25071,6965.1616
91400,65231.613
76529,2675.0493
50786,58625.75
13401,8673.881
65986,184607.53
32566,18429.922
59065,16926.922
49291,7886.456
36111,1080.0374
122401,19711.77
79206,3219.0627
50353,5916.7686
17476,4729.5967
63456,26328.15
113370,5185.025
93031,32047.574
42766,60533.97
98212,43689.707
80165,18749.5
76261,44749.598
68312,6397.787
10875,8241.8545
131413,45182.637
88745,55081.42
133688,25785.537
139541,14739.062
51262,2634.6204
26098,39382.34
8534,23855.256
93621,26696.533
46978,28924.225
4028,21773.346
22152,20191.83
47883,50215.305
129752,22449.244
148983,6631.7925
21739,27652.045
126781,53435.938
140791,51058.15
70281,7566.0483
119718,78707.695
114750,6935.9043
68964,31800.807
140889,7603.628
116288,13996.353
7745,59850.137
121339,75879.15
896,14535.097
81977,14652.684
98698,20947.457
63742,8462.784
65114,4966.428
15966,2151.2402
139920,935.051
52576,8725.01
71589,18014.752
103998,28804.664
115269,9247.214
97973,11185.443
24826,473.39777
134713,6178.082
47295,5894.944
99852,35875.42
102077,64547.047
43285,17292.6
147245,8087.9326
122000,8929.451
148356,4241.303
116778,35980.953
135473,2342.687
57461,36412.56
29831,13388.298
46299,6510.2974
140423,29937.453
35765,3777.3638
93174,4824.6055
124822,49656.445
121054,70869.28
54404,23628.49
23983,3263.1123
22055,11703.392
76831,125937.74
82479,119478.836
86148,10814.895
22413,38763.66
77494,31045.98
7311,105129.36
124707,15807.136
29870,101108.805
11165,14690.859
71936,6222.47
111439,116078.86
135647,129591.79
133093,2530.4224
6395,7052.4795
30808,19047.328
17078,65188.43
50904,81875.6
75796,29995.6
111500,41627.832
107920,5752.254
11474,107133.53
141668,15033.397
91271,2226.048
99554,14287.322
110135,5982.8066
101993,2590.4465
16596,4314.1987
37294,33003.05
84731,16940.674
78228,121340.42
103580,23169.639
35966,27619.428
29310,3009.2092
148661,16331.945
26328,10542.134
84553,93320.71
18508,1717.7505
78156,46132.934
3333,39592.63
89037,18822.922
119471,57981.938
11820,9996.109
67305,139696.39
97267,22754.695
139235,27810.693
58412,59273.8
148314,10300.853
68842,49998.098
141045,14479.7705
55150,18078.744
137283,16135.787
5458,154691.34
112234,40278.91
24549,120628.73
16288,64095.23
119289,32552.516
116006,10753.951
68536,8543.531
37169,10369.779
47217,6048.4575
91745,17921.938
58425,2957.3179
122054,43515.32
6162,2765.0469
69887,13762.19
37370,22695.932
1836,7834.4165
68109,29718.414
63736,29220.531
10965,56206.184
139443,241672.05
73931,16642.318
20217,33222.664
149818,91367.35
16167,2943.8726
92557,511335.0
29242,58823.066
129788,24278.244
14373,16606.31
77053,54372.887
104581,34262.47
45014,1926.0406
62159,97971.35
45605,4742.3057
62198,21982.203
122977,11215.764
63561,5836.018
8109,13105.049
144100,18754.434
35928,16856.771
134622,20999.164
21100,42379.934
111818,461219.22
66446,24320.205
114065,25351.13
131923,8440.018
132440,97360.586
17014,27688.246
79214,69437.97
61599,52704.785
9718,93164.484
53700,3319.1448
112904,1317.5242
78392,7648.9453
113522,7979.2065
35591,5044.135
78575,21953.25
47939,23192.469
67282,8062.0986
69687,13639.359
96602,124042.484
120883,151006.06
69283,37600.78
39861,66409.94
134296,37516.562
4620,44506.207
107058,12307.491
93727,3481.2158
14461,12310.702
19875,4425.583
72101,8392.692
82535,16827.586
138324,244878.81
126036,9550.304
49479,50908.71
34743,37346.203
141634,9532.904
106152,27379.207
5177,58806.668
143330,80660.33
70927,87782.69
79249,62166.246
83245,18287.727
72583,25519.154
51576,18865.338
118079,255106.73
15983,1700.0781
3437,18440.604
69043,43328.19
4683,59144.38
38542,44797.777
11551,10508.659
97787,42165.53
30733,9759.725
59556,81870.81
104006,4546.014
121434,36006.652
8543,4087.5107
115230,16205.092
48690,52971.043
9139,22653.81
106352,53587.46
97132,157997.81
10079,14337.042
22244,82318.95
54869,10243.472
25112,3349.4055
128633,11292.743
95615,10137.623
75152,97192.93
641,13619.024
103157,33073.246
50990,44561.95
93416,36962.32
149013,20879.258
74964,94639.77
131075,95496.29
85541,5368.5825
74824,6017.3755
117513,63106.727
107206,5402.6167
125851,234607.81
7388,43979.2
56777,12820.761
119042,3221.961
76897,79660.336
38703,53394.523
75094,39570.26
52133,11740.739
144995,71204.22
10324,6404.2793
13087,113637.984
100194,158824.25
1933,38223.945
56168,47221.59
120608,48184.68
123555,1427.84
148160,62673.953
19723,4727.8247
21814,23224.838
119410,75432.68
125635,16181.266
130477,28025.537
49184,113607.984
42074,29469.736
138012,-1795.9065
68652,9856.318
107690,11803.704
21910,53351.145
34157,27208.955
45322,24025.83
46257,12642.267
88297,81922.164
44118,48386.58
65669,112573.13
116878,3629.5452
3074,3026.942
72142,49228.875
114190,28282.633
49551,3086.719
29267,45961.74
22798,3275.8843
112971,14778.043
36453,41015.152
25820,18059.535
98854,27059.164
75571,30011.84
21210,9088.616
52010,134165.22
74120,1472.0276
72860,14339.393
75237,181375.66
95935,3770.5215
77220,4605.9673
13285,14672.51
105481,10667.086
119067,11379.119
69084,36396.367
148468,11560.82
125313,4556.1616
133881,3619.9097
103015,133897.75
126821,19177.738
1310,16217.405
115162,31454.605
124521,39901.414
35003,834.5539
8621,4169.1323
2430,6487.6006
70679,49811.06
95234,70490.445
1742,9681.882
137693,1427.5642
53086,37186.176
97491,8995.151
52575,57263.133
129819,63196.29
127271,23919.45
4332,28229.145
127693,26726.834
70890,20471.89
93534,26502.44
130651,10724.915
46440,18514.707
116575,22918.957
47752,47173.2
37716,94868.12
74639,116820.805
19564,92309.01
114353,2857.9282
132748,12626.316
75511,97665.55
72246,50548.42
117669,32632.146
30227,7357.6196
42469,68954.83
14771,21235.291
143574,47080.355
116665,48435.074
72017,8656.041
90094,17870.53
46778,4722.2607
90080,3091.2744
71707,9876.106
79331,71662.41
140486,6873.223
56753,13265.755
11566,76996.26
111250,26074.287
25447,8729.14
40652,37396.457
12479,116947.7
128302,141987.38
47051,14703.9375
101638,8266.588
116681,5766.169
119325,67164.28
110504,7763.6016
10578,17163.135
847,9648.249
8502,36898.65
138976,5304.38
108958,17759.836
132220,248861.62
128188,10912.768
91667,29863.088
38629,10550.443
13879,32869.973
60531,75879.09
99423,20920.51
60801,180269.47
56882,23927.482
96603,86126.086
110406,4293.8315
113494,10787.418
24367,7431.913
103414,2931.7043
52668,77787.69
43550,16996.736
15028,32106.912
3687,18954.914
139553,24589.232
125540,35742.664
20943,19738.037
141284,40227.992
29668,3006.8071
115464,54806.98
36474,29086.426
3133,16973.275
109539,58630.543
49953,15268.3955
148051,9140.065
140735,6863.2466
96483,108959.16
143106,38834.473
20330,2766.0906
84862,37092.695
50120,33531.188
1167,12264.003
32424,20104.15
50174,4987.975
89579,34729.95
111788,33845.04
105379,10463.271
108768,8171.119
1296,4173.2803
143877,20815.584
23394,4589.9854
97206,17818.906
58414,11346.598
21111,32871.266
132783,13463.215
43107,58266.074
115492,11799.599
38082,8588.908
85641,91054.88
45920,3016.9104
116146,8605.862
106372,11056.387
107921,44524.297
28068,25735.736
65427,15147.231
58740,5740.614
8469,3339.6707
62924,118639.03
129221,28649.32
142883,3614.3105
731,15670.69
5431,66086.15
36526,13607.556
119267,96592.91
52476,24761.68
73825,64141.66
7906,16636.94
71835,24029.523
102772,5379.9946
103547,6246.5566
135220,13163.189
108735,16204.906
63230,28538.266
132977,27920.57
67855,33746.453
6000,27737.318
10701,50410.957
30288,28106.06
46484,36741.97
29604,19585.658
83725,42135.438
145566,1284.4641
73286,65157.79
51610,12370.96
3123,5015.8867
53395,119119.38
98983,13424.859
103943,2369.3284
89013,23020.646
143059,210892.97
26274,11010.646
136109,13868.291
115654,55564.188
19793,9546.38
92361,6528.667
144327,13522.195
138584,145131.28
65313,4500.695
46956,16565.734
57186,32142.838
73124,91050.734
122878,34209.5
132711,25132.275
102558,41788.477
53554,2967.9768
131627,48277.53
60673,3199.5144
108825,35092.805
15191,42408.977
112574,120489.47
147491,162664.81
111535,73779.734
124069,8983.798
82455,7073.7812
1918,39050.19
70956,56679.668
116694,79595.375
116776,96242.52
15003,232559.53
27362,47660.28
93541,74438.46
22361,20715.17
15733,3142.2715
55432,253990.5
29244,7855.3823
21862,60911.574
39716,3074.1526
27937,3237.0378
63244,23944.041
1256,7313.623
113983,106648.3
4811,6584.9824
62915,22946.076
63943,28804.377
35930,61371.574
104660,11689.315
81936,2151.7832
25402,2557.976
67210,11198.139
105120,47464.71
26318,41561.734
3179,60844.887
47751,28147.643
117174,6236.016
123590,21330.75
69982,36618.824
145598,16668.104
24898,114527.84
60970,16529.121
67101,26422.482
65388,23302.445
27417,96186.52
86584,21914.016
17889,97322.68
113432,4073.029
146162,4378.984
101303,9538.498
41592,24529.383
71019,50932.0
53823,20142.316
71970,7761.437
113639,3423.2434
67405,12920.665
73062,27609.91
56399,113128.46
16786,52153.45
31442,3913.8718
88171,42528.27
114279,23544.223
5773,2998.1997
87084,51226.656
54512,5444.547
77166,3598.535
22001,31724.78
20207,52177.703
113458,9891.472
138386,3744.616
138126,7258.1494
100797,14440.681
20795,154871.1
136450,52441.24
90425,23867.436
145865,18601.967
88274,3925.2993
50847,23998.35
100914,10958.514
11094,16550.184
110680,56136.2
49408,6326.8066
13372,4610.717
149316,3599.324
124559,59075.754
146785,139835.6
62016,27353.96
96107,9740.457
107210,33042.11
113107,4110.6084
77847,14141.374
114386,2935.476
149516,5349.322
76627,43050.02
131234,3508.5923
149434,6025.4536
13794,75806.62
108622,14491.243
123475,11238.07
87003,35255.504
108651,10297.339
42496,6832.662
85475,17269.57
107175,70881.375
35531,143371.77
21364,24649.916
98655,38540.164
31102,32947.67
44388,57822.395
102277,25052.645
73065,76288.4
51340,1785.5365
112961,12914.056
20808,45472.516
61431,12453.896
32473,176051.97
8814,240854.4
62856,9546.697
27796,109203.76
109527,7166.9155
53242,19450.877
68625,35726.49
56360,64839.457
17537,3333.7288
82462,7083.7026
56436,5553.1465
7548,12936.792
99673,35002.688
110816,18534.615
69967,1922.0792
53212,7866.2046
44249,24021.076
7299,23264.352
47019,33352.77
38264,8943.567
80595,35816.113
36250,53906.066
52792,16018.17
110245,26758.875
113471,23998.88
137127,17678.514
76147,122242.33
96691,15791.313
123814,29123.066
116707,16420.84
84961,4952.021
17076,72157.48
13085,54254.67
132794,4233.4307
97768,38142.215
25412,10023.991
114548,23761.541
70452,53159.297
92089,10630.034
94572,23318.104
146065,3237.6575
33564,16975.713
55847,23069.432
21698,22514.855
84158,43943.543
106513,5775.2363
41274,210927.56
94483,416.94235
142383,48747.055
93620,38840.527
120916,44595.926
58840,17986.18
119836,8030.7656
71706,88839.32
138333,76058.1
86762,12527.052
86504,6057.372
73393,15999.512
136817,3681.9685
67827,7405.072
102822,154802.97
124016,12446.166
9552,40163.844
5507,4913.615
20892,24879.582
120569,9289.811
33697,50800.4
3129,47903.605
70076,367363.3
138298,24782.67
18797,6075.268
13533,55399.25
105456,13102.264
93841,4938.6562
70043,18698.322
62039,7772.838
41945,10759.17
60337,8341.073
21674,4154.8647
42004,2807.0283
30051,61510.2
98860,40375.31
38107,4785.7397
76556,6662.537
133656,9357.786
88346,50491.25
15578,12835.37
71653,9751.205
86184,6190.818
48803,75259.52
134334,5086.6406
72666,48501.71
86530,149233.38
67355,12215.901
77759,39311.92
77523,97228.164
60548,27696.25
86019,5677.0337
10994,16745.38
28502,5580.5957
93805,3005.2432
10038,29023.23
68476,22295.19
117806,68808.89
57433,13490.909
71563,124158.28
148213,33759.504
161,21057.322
46128,129135.01
144071,24878.986
76248,110988.39
63741,10670.917
113737,5327.0063
44775,50880.15
143742,7828.3574
8560,4721.194
78461,20627.086
21106,80286.78
136294,20246.594
121884,20278.166
47154,35291.023
91309,1693.8053
87681,2204.9307
41403,27847.158
124372,21800.803
141325,6473.0903
84902,7595.4673
131560,15460.53
75253,37614.027
71112,6008.0425
71058,73412.24
76814,21056.053
33373,8201.362
135639,86294.9
103565,47757.855
43198,61241.324
9431,10445.854
71803,8056.864
49310,9464.359
124496,22162.6
9689,4603.4175
136488,945.9677
3838,28794.049
92529,70373.38
13982,10800.89
65201,92395.06
30811,94755.19
79750,50684.727
129639,93777.49
54394,19865.898
88976,12328.443
20566,35617.67
100343,91544.98
52229,6617.2925
101963,95682.85
80922,12608.77
87750,26826.514
51956,13342.016
139047,3703.5864
144024,10391.412
56012,62272.527
136160,61324.805
110403,25016.719
119851,23100.045
32462,13912.91
92607,13459.533
18391,50483.273
13546,45789.684
101439,44419.918
59248,7223.5293
33636,40278.23
37051,55880.6
75959,11609.476
22772,14625.609
13395,107410.49
90246,3698.418
66102,55935.863
114879,15426.675
12722,3313.8323
99570,9801.195
106147,1685.1407
11288,28895.957
1172,8052.6807
25323,6956.76
54537,87529.086
95988,64306.504
131918,9743.141
23214,63134.33
119651,21348.299
30943,12949.503
64553,242342.97
117839,7280.371
76941,11354.58
79641,22049.205
133811,62062.016
862,49107.684
69511,25811.38
1751,1249.0172
34772,21059.574
104956,12165.79
49659,83958.35
66859,12311.497
6870,7203.939
142038,92728.805
115565,15146.784
98307,193694.19
49483,3885.0952
116157,26867.055
9551,7903.6777
141377,36251.766
12302,12510.56
107807,69978.85
105926,11799.991
55461,5691.7944
27789,6741.5684
93268,65797.27
80765,27026.318
83731,57872.164
145872,27093.834
85161,47395.92
134831,16766.082
19493,9410.768
23388,13566.375
59363,6545.2993
140886,10508.345
104702,1680.801
15327,2706.4595
66290,3070.4456
136850,5177.1953
1308,180036.62
109798,8956.544
59758,7839.863
21330,125715.78
66778,11209.028
17605,33785.46
136256,51168.98
104205,28273.744
68676,39933.676
14423,28064.182
7211,27508.064
38096,96120.63
111108,80811.29
85975,15392.276
22876,9634.865
100838,3722.391
65329,104175.805
96804,33902.926
131672,56491.95
96561,6809.6123
123153,5832.8384
113159,16272.054
58575,13630.925
128235,2194.5032
6746,23442.703
97389,4081.9556
53497,88519.195
108847,25057.701
89675,4966.812
143258,14897.105
28888,16751.191
103740,9780.3545
52999,10136.654
140318,7707.56
93163,26798.701
35479,29221.281
23964,19791.604
90666,11924.006
129821,18954.504
4821,51351.383
146213,7121.5557
37344,46302.516
69836,3923.6375
1942,2969.3542
6344,6577.4185
11815,9084.944
8041,55228.402
141121,19985.488
67737,8616.479
47138,38891.457
85222,13584.023
32834,7845.7275
148092,31253.959
28539,4838.037
124242,21479.81
135706,9554.452
54480,20730.16
79082,8417.729
112040,8826.078
22010,13535.1045
30315,11070.524
10033,9394.178
119161,85093.83
94218,3348.9045
73646,115317.38
146816,112922.5
84839,92237.22
130700,46210.69
54983,24622.088
2646,29915.031
57028,21154.387
106078,58790.64
91274,25654.19
138189,26814.127
140309,10247.107
119759,7728.006
135180,33982.48
16995,27302.49
104196,12581.263
105228,25555.63
90400,29694.143
52432,3203.6987
70501,1042.8724
3909,8390.53
76030,20112.107
121870,5560.1655
128281,17694.08
4663,42466.31
97309,13065.662
84688,8519.224
31751,5563.8594
7746,20333.244
85162,10200.741
12451,11648.939
94932,115904.266
50799,4195.5303
18621,9880.964
72304,11033.967
63929,59253.85
144807,70832.96
9166,689.0017
63838,41609.887
143703,40227.02
64313,14304.575
43139,179434.69
46099,27911.273
99521,10985.145
56144,28986.676
128775,1355.1787
60273,3534.4246
147554,7848.347
145834,24322.332
93721,12967.018
9464,38789.75
63671,124789.84
148846,2473.156
12700,26414.05
138321,16794.336
102576,2864.6284
43842,4628.6484
4235,30233.506
107898,23378.443
2726,6152.096
88593,94431.17
57876,69643.95
124149,143878.4
92572,31750.396
9883,58450.586
18911,34020.49
142145,8425.344
139175,36628.17
67576,11615.211
24711,18995.42
34164,2320.1274
125987,174258.95
69187,2048.8354
34004,66783.71
1629,160852.53
25076,3856.157
94077,51324.973
34721,7304.6685
83013,7279.8706
48577,20987.633
147820,1688.6704
119900,10553.099
40263,114886.14
98994,40131.17
102804,135982.31
78447,17183.277
147555,11112.32
2772,6109.55
55708,3277.968
5892,9691.925
63246,79205.27
91564,17455.697
102334,196451.83
143387,28964.201
89830,36148.32
145719,62717.043
79485,18590.07
62408,27554.033
125227,5705.048
105198,41728.38
100998,139870.77
21516,56254.227
74826,4973.6323
5622,13268.236
29573,17912.451
105802,7020.1973
18237,14001.667
30559,80229.305
109509,21137.432
147700,5739.105
74418,6259.6353
135722,24361.455
143255,5973.4824
64612,17509.42
8148,8678.7295
123680,30390.852
40576,4766.755
136146,123909.32
69924,123206.79
14743,9066.672
100834,6271.2217
71286,53163.945
103647,19295.352
24437,11377.8955
9681,21841.537
87856,6928.267
16235,6810.5728
131685,14931.557
137994,4581.66
103723,94231.29
124804,16289.302
102341,253338.5
56292,93701.94
129046,5444.422
115466,7172.0576
95559,50749.34
27408,55010.45
32908,40307.848
99653,9602.217
128678,50952.04
111479,26887.797
28872,8788.782
20535,11766.285
15289,30224.713
76203,6996.644
66398,22283.688
78803,15829.351
83151,20821.602
16580,19013.785
122160,17020.984
36040,30281.37
24545,15839.486
118243,52545.605
58524,39777.434
101020,258653.48
141253,16974.701
109829,84338.805
142649,30662.03
60330,259156.1
54208,17390.307
139436,2703.6284
129206,20567.842
126574,79948.38
19232,8536.057
111804,8677.773
131344,23335.834
145543,2630.4756
122775,15946.009
74664,6557.7495
118653,148475.16
1196,29087.352
19112,49305.25
21685,44894.41
109886,69242.945
141302,5917.628
98284,14427.335
92720,45253.137
9404,57003.152
113389,3023.9668
87437,7628.928
4420,47426.133
126556,13284.343
107859,4680.0557
46774,10030.212
24761,17224.158
90787,1097.2263
107005,103828.63
64316,17136.32
77888,45058.945
62440,72137.19
75370,13580.009
90959,17750.465
50318,34291.46
86294,17901.83
23058,77176.96
70144,5551.746
137805,12258.599
147233,22285.254
103916,7696.667
108097,42272.914
120841,19331.217
25418,64582.633
67554,4129.847
133835,143123.56
41496,1259.6023
35472,92737.88
141766,57159.15
133908,42158.348
33376,38667.336
83125,36871.57
138316,33029.95
3248,88358.79
130384,22223.143
92638,16323.834
9941,37362.715
108143,277694.06
79393,14145.014
47456,1924.53
88859,59932.965
70744,54263.03
136738,7605.3423
46480,24782.25
62466,45593.48
10323,28676.941
80446,5297.231
101559,20988.809
30042,1173.6908
24414,11210.804
61821,155667.83
10352,16375.162
128501,7723.396
109359,40504.46
139153,28831.111
56538,49679.66
131207,36768.832
91752,97320.27
36651,11948.205
123857,31199.197
81805,69048.375
117511,38121.62
79465,6370.8516
62997,5725.8105
106626,23508.3
91791,122940.6
17847,5878.167
15754,52796.406
139818,16220.631
31573,36555.844
45363,19117.607
10283,6423.931
86885,35771.227
17276,50013.74
97913,67853.51
55191,31453.307
108025,23136.758
81473,50705.773
112449,8654.532
144339,36290.227
123052,1212.5306
98107,12126.988
130003,6204.828
43799,195187.22
36260,3098.4229
17279,21282.504
119126,21358.172
109236,6568.1978
8738,6096.8257
114013,6098.386
91284,1848.6893
32549,19618.143
91132,4815.1445
18983,9445.459
4007,70353.79
3241,42557.996
125101,19768.092
59920,8527.126
49134,141906.81
18355,135293.95
10586,6149.2393
122081,996.2135
4588,21129.564
135955,47016.746
72211,9580.722
96139,23651.965
72074,64458.086
128640,5000.1045
33854,14086.409
25308,101941.51
54004,5340.09
145114,21964.297
23377,6288.02
98109,10403.522
76230,114915.7
132899,7453.057
35025,80128.43
89567,167930.3
141526,17017.482
74793,9212.579
115603,28151.158
62804,6802.5996
128127,8149.314
147821,7369.2017
60671,21566.463
13330,18430.533
124869,9184.535
106229,45410.746
22374,32627.666
49702,505152.25
31996,24371.277
126573,25657.354
5874,99493.94
72343,86109.57
139345,34516.883
47680,11359.437
38281,60983.387
34619,127835.33
60217,7546.061
120729,126953.55
86873,4294.1636
27894,164630.83
94203,16383.759
16102,1061.816
57985,36032.902
6805,4482.476
105549,46180.03
72137,4035.9268
99527,23802.098
25839,30183.04
146699,11043.998
98739,24764.822
93549,17538.096
23961,30516.037
15066,127251.78
40926,77196.69
17753,16649.559
37131,9289.664
36493,2850.7812
69959,47696.906
33299,7275.174
145475,2118.1428
15225,203889.16
60691,41420.55
15886,94149.23
49841,4267.95
67535,2675.6375
28964,25506.416
113110,7402.1973
26371,3510.205
91358,8036.2773
40243,4974.171
104609,35456.484
102113,9576.396
56475,31132.936
129584,264145.97
80785,35262.94
53040,3826.4248
53246,11828.812
30557,7090.5894
77147,13169.663
12852,8882.6875
134407,35263.227
16806,15597.559
74410,49693.266
38968,54192.668
93851,41415.484
5897,45876.883
125480,19534.395
79295,8540.078
5685,25069.877
41181,3737.0496
147036,2671.068
28115,8087.5713
105686,11882.079
62816,67798.445
112781,41316.71
105146,93468.14
77840,6419.155
83865,5870.212
30132,6496.222
26548,44050.543
113150,161646.31
72928,9771.803
144646,4199.415
119089,27859.402
47831,39778.883
64618,2658.4402
106855,21019.156
37773,12739.972
125398,8841.598
142626,14420.299
122624,39977.953
60867,13751.87
56401,5280.202
16815,99568.234
149045,51254.19
45787,84574.984
91075,3917.4463
21023,13422.925
106992,57382.27
20090,6471.298
105548,16307.195
40179,29171.5
71020,56213.406
42481,67593.09
138793,102728.38
24940,30981.29
72372,57835.355
119144,8940.956
49049,5443.3223
101122,44098.95
64569,2778.778
65193,2392.8293
17135,77370.41
33182,13631.094
114718,10594.109
13114,27169.81
35010,2188.5557
53293,17588.654
54501,136435.02
35782,5015.808
70513,1531.7765
65647,6520.94
121654,24632.273
17294,28315.307
56821,98638.2
4538,2803.2744
39344,3836.6658
30124,17315.223
44936,2900.568
54123,11223.56
67985,20437.264
131720,63259.098
125932,113363.84
79668,12602.578
70034,65021.43
44173,3536.5415
8953,11548.066
1550,6445.916
130015,34259.28
47850,191507.16
18337,62938.844
101434,22804.672
16574,69070.9
78822,23390.275
43424,15861.687
108974,39412.992
63473,45625.105
109046,12927.016
133281,8709.238
99616,7327.0327
87847,4824.073
7744,93587.78
47899,31369.457
1835,79117.695
63874,170580.64
98003,3506.834
146859,141595.23
21661,26522.432
74032,18343.89
77897,48969.79
63449,16918.545
83138,16743.885
129552,26455.504
131619,44690.535
120352,15655.218
12142,52487.805
143245,5262.2964
147279,57413.55
8946,37146.22
32928,4331.8906
98753,6611.8154
86709,6828.962
74583,57274.387
38375,9569.047
147362,8190.0
35011,30662.04
16591,4823.319
129337,10010.875
127397,94083.59
69292,34065.125
61953,60030.914
30793,7529.26
137098,120162.66
101788,10949.412
109520,5021.796
129711,3904.4917
66628,75059.85
123078,33987.527
32494,8454.115
8276,11935.185
115489,8909.391
100040,4336.8154
143323,25921.678
19012,67685.89
105695,46507.094
106961,31430.16
149276,4084.6526
66675,26873.871
105184,44853.83
4946,4964.7573
130106,3946.2522
57241,20987.236
81109,4916.7676
59500,12282.182
141769,14708.836
41469,12826.396
110938,10289.671
89568,74891.29
29038,67809.48
90134,6589.172
131892,97381.33
47276,16699.014
27458,19772.957
42063,11345.285
87945,6417.0464
56409,3440.5088
74078,13636.176
134966,108078.53
101960,14604.633
116533,32018.889
66790,6834.8667
79981,17187.139
6857,33533.004
10585,51212.344
50632,39479.45
62801,408827.28
31258,28187.918
21211,164762.7
142304,121356.49
5171,23041.49
84927,63172.508
17647,19291.836
149075,7362.317
119516,18895.219
64167,7642.1797
52115,45363.37
25393,4529.091
86990,136393.48
112213,16034.827
8182,18605.953
118584,55295.8
111262,11729.614
50461,69833.64
32926,35307.266
8899,116403.49
139932,1078.694
6443,8056.529
100087,24570.695
123989,4759.0474
54868,15030.765
143058,15387.809
51666,8189.0254
35404,12567.82
98420,30853.658
77814,80535.3
108666,18944.22
36034,33026.523
37228,25637.691
121340,14473.34
86872,7516.113
50376,133475.73
11585,11429.515
13595,88837.83
72657,18481.795
59332,10569.153
123103,2485.8757
110127,50172.285
54717,39538.234
44432,1260.7074
8516,6346.1084
23114,48094.266
131770,18121.191
110652,23276.414
11496,2796.1843
134651,8490.511
143839,4557.0415
5969,2778.8423
81003,137372.12
48883,28616.246
116168,6380.068
2168,2509.4182
70928,103294.99
70111,22382.92
74763,5117.6943
33807,83566.52
117562,11545.577
110914,6637.199
71297,96401.8
117190,6650.2534
25255,17578.04
50961,151234.8
45827,40950.1
140016,88128.914
125560,4772.248
126468,14202.324
115013,33105.52
131628,10692.0625
16640,20708.564
141550,94364.99
27696,79477.48
39959,140242.03
96661,6696.895
101140,91607.58
125500,3661.1292
57948,380057.66
96929,18277.695
111275,50355.637
103905,10887.128
110146,39805.324
89861,10855.823
10579,8046.2954
35273,46033.023
94781,81032.41
61283,51466.652
113439,12623.752
45985,154483.6
117630,3619.655
5629,15515.148
115036,26555.225
52659,28828.48
93109,7531.989
76891,1662.6871
145522,16633.059
135878,16208.074
108562,6278.7637
24885,15678.77
47941,8532.213
23152,9922.458
13393,44743.734
112683,50704.293
15305,80545.27
19880,39849.984
71801,16477.7
107429,15966.776
104908,17116.295
114133,19188.324
147387,20966.137
100851,8792.676
120575,14632.704
6135,49249.445
132218,74401.086
110175,8663.582
19074,27733.537
105825,28241.35
16422,4739.518
53388,63018.04
4284,21168.115
56465,35644.965
16768,5342.1953
72285,29408.488
131600,5187.147
16626,11799.639
40755,28058.97
41546,7910.5063
57601,18736.549
50787,151813.81
54217,49987.793
96533,798.0936
6239,68640.266
84764,58249.0
9722,55779.957
100480,3455.9875
95465,3541.058
59586,6379.762
35459,46530.48
38742,5950.89
112935,8099.532
63122,23187.496
146805,87010.195
63025,125996.125
41347,6861.1055
132701,20749.572
135289,95634.56
133838,29767.33
82697,3883.5525
103635,37869.09
18393,12809.959
63267,9682.07
118458,36283.086
77805,4629.7783
112177,52608.23
130196,28576.434
127001,18062.969
23970,76765.9
101271,266719.9
17251,21015.434
144717,8715.822
73511,43984.324
29072,25270.47
74160,4394.646
65319,146710.11
32543,8429.706
129155,4755.43
77377,5997.373
93781,103268.484
38626,37284.82
64339,30382.5
21018,34770.016
114005,16521.54
4467,27808.393
94687,46962.516
24669,29071.514
2035,12965.466
58519,12640.875
99312,48929.797
81636,41305.02
127472,19894.477
149042,71457.33
33889,37392.12
82845,15552.876
102911,33556.71
100458,85066.84
99097,7216.0654
144289,36449.395
102231,41224.35
141103,42003.492
19027,7705.4136
134699,25190.344
41069,76850.6
89250,19977.543
66472,180052.75
69727,21440.19
21904,38053.42
94097,18747.367
54627,5775.8105
62881,122492.836
65029,6217.9863
15079,8831.154
64741,11362.243
115585,15007.13
124191,92617.266
72692,79438.03
99771,15184.0205
94516,29886.023
116074,19038.42
70272,12069.502
82347,14555.459
108891,29192.805
120356,2173.5815
34333,24610.936
74146,19735.912
55366,2188.2522
59436,3461.1716
8789,5250.43
44890,18201.574
118706,36752.71
131071,83354.836
149581,197056.84
50338,116430.53
50303,8190.0664
82486,26376.797
79030,83365.65
119053,24620.416
120437,9394.481
121305,15975.973
11746,37316.15
43362,70637.8
132586,4105.8135
112646,18427.582
141508,35800.14
61665,42846.203
14389,31821.152
121045,58694.992
99044,33276.746
121060,12715.72
90041,179426.12
133179,21723.686
18126,65818.39
81568,3514.9138
28201,49856.09
73184,26603.895
24832,7462.921
149833,61912.0
91665,16722.082
49914,61924.227
114491,4281.8384
104059,19023.494
66300,4222.8047
132965,28657.111
65926,10195.785
25683,44890.56
106807,8781.061
22261,6337.9937
83045,9889.888
63580,23813.201
47999,9480.363
51403,16541.275
80124,19575.705
118093,3124.055
19658,26678.053
126141,11724.888
147693,6056.379
51192,60440.2
725,16113.401
142,13647.376
144930,6162.6733
91633,10605.138
72172,2380.4016
82931,37775.824
19458,53461.258
111211,10717.643
113676,5178.056
101048,10795.771
24331,41405.273
97508,5896.616
83575,208885.92
86305,15871.077
119216,87576.15
23804,3420.4353
141379,521.0174
90535,136100.38
130174,31192.639
33549,52561.133
105632,55185.438
40880,1739.684
70772,11113.055
2204,3403.8772
112651,9807.481
137403,64725.664
4021,59903.344
127300,25602.828
114431,10829.62
39756,3654.7979
38559,27574.494
43854,9485.961
30150,17709.5
69036,74335.88
95496,6682.119
140612,9124.326
79899,14145.122
89846,3272.3552
79997,29505.074
67701,18313.787
1743,1888.3701
47264,3526.1885
122492,45521.58
133371,518.6717
87618,29753.62
18817,3791.874
144827,8818.043
132960,60181.645
147193,72993.15
140325,25454.115
67586,23440.336
102487,9052.733
41489,26634.434
1532,16347.839
114859,45206.652
56622,37437.31
43057,171889.44
15952,60504.156
16798,33137.066
121938,9196.627
87263,10261.329
105071,155581.42
110537,67714.5
110687,30916.957
3698,2460.7263
122837,92006.24
89972,4548.0835
75545,233758.2
100701,9164.523
129894,4583.5146
10921,38854.793
129176,60264.953
67584,16139.014
67544,60844.332
109193,74057.17
141101,13999.342
82113,19205.205
41447,16477.717
95100,13678.643
136701,66826.164
1344,28618.652
66734,26980.979
84003,83627.24
94601,17689.54
10800,5308.046
120233,19049.441
42794,50305.746
145149,7374.8047
137804,9578.452
134838,2464.1868
146202,21800.295
123135,92651.12
138994,36195.996
7122,41444.715
102722,4259.5107
23262,17139.941
85330,129016.82
83169,9962.067
17639,48540.324
30983,124746.2
91600,107557.3
1694,36295.2
83710,248026.38
147234,25383.924
18891,5491.015
105837,10231.981
95119,2784.231
16764,74750.9
135831,30501.512
31859,10741.617
67111,30947.357
123818,95000.43
43764,14136.8955
7862,14203.97
135271,3977.1577
144606,28455.676
134953,3310.1628
119470,69564.266
99965,12250.535
144763,9401.908
149986,17712.842
22645,51039.617
99412,12726.144
73365,29391.549
5211,209275.88
73695,12416.531
6023,46370.113
126990,3236.8445
122679,6242.95
48635,42988.34
99974,16833.545
100787,9543.578
59130,7898.3823
112955,9751.226
102714,37304.137
148528,71076.42
93900,1272.9628
46942,5377.79
78048,29636.79
148858,57722.793
58987,107440.71
66517,5564.4883
24037,52182.14
63550,11254.65
88382,101052.24
33208,19602.795
108629,27576.092
113252,33828.367
116768,200655.03
133861,99305.22
114069,2638.0146
90741,38634.28
132780,71569.5
1349,68050.164
48569,67625.93
104396,47516.023
8331,33777.02
36817,3272.4087
72054,68099.555
29772,7866.3086
13005,29577.14
111656,12214.941
295,43745.887
107373,35674.445
14948,34286.566
106605,24761.389
92976,5447.109
121101,13668.418
83281,82256.79
122375,3020.0513
119819,24530.574
6108,20834.66
120347,2631.9937
16643,20767.338
91649,115139.484
130612,64988.324
12767,12710.622
96233,118249.34
2712,20090.316
127009,38690.88
112201,114921.68
22248,253792.05
23447,5035.4272
122716,4334.4106
44381,38690.926
51653,16389.877
127640,32142.236
94159,151772.84
96120,18557.78
16949,34675.4
103236,149662.89
14092,8557.611
109512,40749.09
39829,12723.907
74223,6915.7334
120540,21420.459
97252,15904.014
105662,15313.976
106769,12460.273
39348,15984.5
70293,17816.387
98088,13221.906
1616,60331.234
9803,78855.25
18130,61466.28
130282,104181.805
63602,33379.734
108318,54156.816
108698,6039.491
137483,12830.624
85104,4471.45
29348,13637.793
124366,80718.15
52868,97350.4
1521,4909.665
83285,35617.15
18175,212756.45
147284,19396.69
62579,7639.193
64270,11866.424
63350,54577.44
138753,121159.01
26214,11645.093
3474,184089.05
31154,104691.53
33878,86594.805
74327,25728.09
48924,53356.707
990,49958.977
80464,26512.805
79245,51186.285
127617,231274.36
14520,10534.359
2684,29334.084
87838,3323.6946
30214,75705.56
13694,4205.573
89474,6205.2554
37594,24938.85
133013,23705.69
129769,21478.586
40969,22387.758
52972,4639.0
15843,36404.145
116431,12327.096
102975,19274.83
8176,20194.287
1818,78275.66
131211,20705.01
86288,31798.9
11958,4652.933
58653,5014.3286
20937,30466.062
49349,26965.887
148591,19782.967
31942,21232.156
112291,4261.6167
58393,19801.793
79553,3462.1821
3473,7820.699
76403,26867.525
65899,13897.777
108317,3084.728
123114,66771.79
12995,12834.345
77512,13031.367
101146,155418.66
37245,4224.4375
124355,48705.133
4052,18433.08
32839,15393.167
69138,10152.621
85776,15222.87
38325,22691.389
48600,7557.904
30218,14065.694
65363,70099.86
45396,104676.26
30601,10361.849
39031,97354.16
121043,47182.543
42343,28982.223
93359,4008.51
42125,5004.9746
8761,20715.338
123198,16676.225
22680,52106.39
76216,39878.3
100134,47425.03
67936,7919.6865
42337,6230.2417
50589,9073.824
93313,6483.3335
138433,25098.893
1707,15388.575
22807,90904.24
3286,7035.8096
16957,53360.54
20144,5560.0386
10089,14568.534
87427,13295.157
136924,30816.002
95964,17553.717
142094,7300.9507
92452,4210.0737
144384,53823.63
104195,8503.673
116391,1956.017
9059,86827.2
64688,33618.625
122412,12747.945
26591,52013.305
32310,1808.638
60374,10434.839
127372,1569.4829
40521,19877.066
4777,9201.266
82417,46940.914
96680,12233.441
110639,5309.3193
132000,43342.598
91770,5985.5063
134352,3343.29
134873,58213.312
8644,113403.17
147581,6672.455
106603,5501.7837
92848,10402.261
26315,2837.7944
100571,5079.894
134426,53669.824
49847,60896.4
38799,19106.572
121768,93160.19
82310,20791.629
33053,27344.594
126661,9016.022
45784,6642.6826
144896,19880.93
141661,3411.5476
88161,141991.78
55771,9490.798
94669,16297.255
85691,131830.95
140206,6558.47
97336,154293.67
97243,19209.338
8911,51975.445
74723,1691.9827
31704,31709.43
65314,40430.74
133425,25932.828
118619,37210.42
51393,2558.8777
34943,42545.445
104302,42563.684
128594,25918.227
21882,11308.635
14428,58311.523
63696,19197.719
119681,37042.0
27381,14936.35
67431,34139.277
15392,25507.918
39698,59217.527
94229,8387.29
83283,67598.055
68900,10917.236
86135,4473.222
31548,181847.39
58842,26702.773
49556,69827.74
49148,51857.727
50834,9837.529
60883,34092.883
106211,5365.902
122419,834.828
13217,18948.682
52532,7008.311
107798,6292.0195
123098,61314.17
73296,5535.9116
17655,44045.32
87040,13989.4795
89267,6486.6035
116803,48168.71
22965,11839.795
116981,81969.23
76232,13950.052
132624,64133.18
127588,13895.945
76098,45793.332
47829,22207.87
86248,4177.393
46582,34154.445
11545,125601.0
10011,9691.399
117938,5888.8394
88045,8053.152
90106,18484.768
58213,24108.93
29067,11272.638
101982,63147.227
43101,8704.392
119298,10310.456
84984,24272.44
39688,110819.375
50290,210890.17
74802,7805.9688
129938,203946.27
119564,3331.111
26281,3172.9114
34112,315702.9
2494,2120.6926
95704,4794.2324
87288,5007.399
55593,21587.127
53838,4403.8047
17614,4302.132
121172,12179.807
75809,16490.006
126888,78262.375
66045,52955.016
44954,91593.18
27830,22138.342
57145,6334.041
78969,14092.249
71585,8939.901
100500,4942.3022
75095,159027.22
46540,243631.84
27838,3775.8958
116150,8718.49
134752,6139.351
76952,65559.34
119340,387926.9
103396,133306.27
118578,161411.89
32162,4775.3774
1413,47884.305
143878,30440.979
66864,177373.6
74891,49039.64
67707,8488.596
110673,93979.445
110807,130535.02
128460,5713.62
146806,4602.1626
23031,1044.8568
9715,21226.408
106753,32863.63
149080,51017.254
119318,55568.848
97988,106025.41
107354,57439.832
142013,6619.239
72293,32675.855
97164,34688.992
83923,31783.305
37318,22634.186
149425,68036.68
129999,3042.978
47793,56015.332
129632,23038.223
111843,66961.26
44563,86514.24
139434,4139.9614
36451,45038.426
45122,39123.58
40166,3581.3547
140564,106880.51
87504,19739.725
120987,77547.586
105885,17865.486
145110,20091.07
128291,12792.487
19898,7815.1455
96564,20752.643
71738,15225.304
67780,14392.665
46246,105862.58
119369,8203.118
14836,72929.43
88904,8646.443
32619,32754.012
24875,25013.041
104350,10345.271
136471,11316.089
59351,71728.94
120353,228166.94
92695,122355.734
118582,4736.798
90508,11548.549
73145,3902.268
92880,10559.125
67105,48698.258
6821,18642.877
62155,2997.813
54141,9727.763
89885,44050.152
79779,54366.53
104606,18128.326
95456,6966.629
18166,21016.018
66263,239222.75
87106,16022.063
92289,114203.84
97479,158261.1
43298,9128.701
3824,104796.055
78248,84585.93
20685,5318.6875
112052,139778.95
103322,4935.701
110160,127270.99
123877,25547.615
34907,47598.176
3195,6234.728
12444,18688.676
109299,3326.544
62559,18365.264
105709,20681.986
118239,26156.125
147532,3883.5913
125670,50340.586
29340,34990.867
32291,11835.567
6897,20319.69
111244,15947.777
29046,46170.87
89520,12891.546
105433,10471.384
139164,143380.08
74534,5520.1006
142995,17692.877
118341,3426.5254
42034,10543.66
55754,143403.06
119807,12337.297
77299,21638.418
51120,8566.76
12898,12416.647
20240,13115.776
36012,144213.52
80710,9866.923
51945,11988.078
81955,27080.24
124383,5639.8203
140444,41303.84
51464,3320.9062
55524,33453.68
24810,7495.5664
56802,19282.854
117182,56808.13
48436,69497.664
122930,10843.516
85036,361063.9
49251,47524.312
54629,19302.129
22955,94373.36
110800,4480.6055
132115,52930.277
118011,2384.205
41445,1738.8763
139156,10912.353
43434,102987.25
111282,48737.75
91320,3044.6433
120813,14813.211
127073,34601.086
133024,71835.47
1963,119743.26
148526,44165.285
87108,5918.626
67773,17807.447
57043,10016.959
142455,6109.6167
100866,26887.633
122873,56994.617
66985,3154.117
108473,74552.45
82804,10282.058
149274,3723.2415
40190,8549.988
145425,48243.176
29291,60503.85
1493,98459.55
88420,40273.582
25507,37197.18
88884,5821.468
37663,39336.39
127437,50545.832
98467,39679.754
85016,3975.7466
44793,32877.094
48935,180560.97
78910,50533.613
85592,57073.56
30829,57108.38
99964,10453.691
115969,85739.4
18492,67092.914
148993,61872.008
118716,5032.8433
56222,16842.809
28279,43246.77
132555,23880.258
42179,40535.793
7216,5910.7437
64462,3634.9993
63202,85461.92
98579,14187.529
39974,3896.7012
111662,6766.952
120966,5858.945
137363,2004.8661
85064,82442.91
122809,37436.86
18539,12051.02
54304,93907.164
127546,14988.063
3171,11323.062
110278,14349.873
19212,32004.436
61477,127947.69
52001,29424.422
112329,75101.15
45913,19043.568
92164,4127.002
37958,5993.0537
90931,10864.3125
62496,74117.47
71364,19079.725
49323,60709.4
106600,75400.61
4880,58670.008
120654,13401.076
16438,8407.617
133849,15762.472
10035,17879.252
72420,13575.869
47756,42115.29
67042,7100.912
20185,41124.047
121744,174494.94
40237,139301.58
97598,37083.88
96982,10953.576
74038,94505.37
75862,7685.847
83850,42428.617
2456,22909.264
66842,93143.23
118519,71342.86
68777,21614.03
29949,37707.277
149752,16012.79
75325,5541.913
145030,39793.465
101309,8963.111
31700,32451.775
82197,76703.18
120767,177732.02
89689,105568.86
11770,5816.3726
120529,16628.709
87615,7946.848
67753,16038.072
8542,14935.903
39869,35053.473
95991,122102.77
39266,29037.047
100095,7663.8623
120189,101609.56
77306,5560.8345
95117,8171.12
140330,4804.119
24595,15539.285
105737,2456.964
9759,26870.936
18796,5783.0854
63538,95601.91
47797,11206.401
108546,40877.49
111959,2522.9895
75691,81036.56
129115,18579.826
114085,47671.55
146627,160323.6
19764,19822.477
40122,6456.991
65507,45583.203
93473,6907.238
141035,85009.805
1515,20506.328
54024,84275.38
60353,24495.947
101891,95983.62
106495,151973.89
31936,6966.592
99482,13329.882
21288,13757.606
138360,10285.558
59756,22259.387
118137,5544.0654
142640,8572.352
127434,10723.835
94407,30702.355
43340,64042.914
33997,32738.334
103687,5982.0107
108504,5904.8726
