ID,price
143332,62598.13
28423,152279.23
28103,80034.25
106424,1827.345
131956,8630.79
104168,5164.6006
84710,67178.24
47148,33105.496
109086,14395.85
38564,31167.592
149899,43995.574
142786,62708.547
112470,17158.828
116755,37473.137
77001,13645.092
65836,4161.833
140731,7594.703
64633,40826.945
25632,7234.2397
61151,14984.131
110265,5560.2764
124734,12776.846
139328,54385.793
17408,24350.453
113078,136026.05
27431,33969.97
86160,32055.662
90240,2975.063
125746,6898.6865
67233,24917.88
12727,2169.9912
27297,113625.7
100107,39914.652
78057,15876.251
120699,3493.9348
103773,16397.861
83526,5686.0596
117882,25552.186
95656,184490.55
115883,176870.33
26964,110420.04
100993,23261.717
78237,38663.88
25657,4350.4766
47813,13287.785
22145,16723.178
90629,110036.19
84591,43328.75
124399,13920.033
28464,9920.35
128984,29001.021
124945,22269.61
112601,72185.53
26603,1209.6052
86261,134640.0
109053,24443.695
80297,13071.771
8340,2862.5032
22349,9621.972
122786,43791.66
144859,4293.502
66345,24757.54
2404,6264.653
42737,14402.918
65365,817.62726
44842,7462.3833
75876,37291.117
138784,4553.3716
107468,26570.002
52770,10353.012
94727,20162.219
83223,26739.88
31989,88566.195
76357,2325.852
38048,14809.256
9150,18258.541
115436,11612.3955
136105,30099.666
85939,38841.46
68193,3880.774
80527,291701.12
21790,12546.853
82148,20086.844
20485,108524.41
37293,19442.373
46932,72376.62
90941,24321.145
57365,33964.26
22635,17106.158
73830,73979.7
41479,12693.091
60507,1474.9855
137274,6691.938
58305,53134.324
101931,2732.833
43195,87076.65
116633,51068.547
46402,9810.249
63165,8158.217
12219,25002.564
15562,104514.375
33702,41992.902
3982,49693.703
55637,68183.09
122731,34895.83
51374,7308.5654
8199,8285.172
137197,4648.833
106088,16910.967
135145,33494.297
145045,1413.8823
87997,5853.5596
44903,48918.45
108112,10071.797
25933,14189.825
146773,9215.178
55470,32918.336
50249,4549.7046
37988,79075.0
53408,11917.605
141587,15568.281
23763,5222.2417
90583,12784.981
19691,4153.9263
25354,50027.15
62963,13762.666
68954,7558.0625
97372,40577.332
56003,123669.01
83515,25433.182
35304,19084.723
63270,78408.67
1218,67687.555
54427,30347.059
94965,2229.101
16127,54896.973
11747,49176.754
64979,32227.094
63750,53372.266
112386,120467.21
135958,7273.9834
146866,14329.652
81139,1364.9954
40148,130551.34
135737,74467.375
10916,188434.06
141077,6416.3696
110386,14388.922
24837,104530.1
19398,31358.395
8577,16863.729
39185,33447.75
129153,15261.837
7858,154436.4
30121,24405.53
60169,28751.975
119343,7908.3335
139982,39579.152
27181,7068.087
46729,26145.596
133220,13793.185
71246,27452.48
62621,8379.565
142617,29249.04
65520,14158.946
91638,69513.39
90216,80932.9
114492,3662.062
115092,4937.9473
148524,52635.18
42403,2200.018
89670,9749.094
97981,4443.9795
137222,5686.071
90975,11692.126
129567,30268.018
106711,21914.621
131989,17576.777
128743,8214.362
28891,5507.222
34485,5797.755
94538,32016.941
13977,3103.5479
84937,93001.62
46935,7000.322
55980,7065.1226
48242,10669.687
134363,49494.582
40171,7470.422
27922,33921.75
23901,61816.28
44060,16354.558
105829,31896.229
88882,9751.72
17796,27348.89
54391,17838.377
69208,10653.9795
122589,154949.45
137571,14484.58
99875,79757.96
4808,7410.5454
34148,12018.96
104043,29867.096
53610,32798.637
11982,8371.366
82591,42199.344
55809,113794.31
132867,35832.617
21270,11985.3955
12666,24972.646
107852,49967.957
12438,9464.692
59712,11676.079
83009,5557.2637
29889,66963.81
39491,-633.03436
22054,6496.873
139139,39012.945
142974,89712.45
141853,10013.136
124850,23708.18
88968,108872.8
57929,24485.629
131564,7049.9136
18025,56296.758
98108,17148.756
81113,72099.555
33858,7226.0894
78981,124758.45
143825,4135.1914
141046,43337.156
96871,4190.9224
87440,51770.504
6117,12602.337
16956,7613.6133
111755,8892.811
95914,34153.547
58664,4258.7656
145503,268.1793
1473,7919.6587
95776,67178.24
143996,30616.582
107759,8738.999
135471,18202.84
136653,39886.758
128809,9319.5
89664,27411.258
96852,105031.18
72202,41155.14
37918,41730.465
21105,12678.045
34722,9735.539
141237,19268.393
1857,31688.387
149609,24763.406
130465,174135.4
7687,7909.0176
30639,15122.582
71,7082.527
127003,58341.73
100489,23222.654
44517,28815.383
5601,7515.3364
146158,6687.8745
144614,11349.232
8189,27348.68
117894,19791.38
58328,16482.389
10292,7532.569
130807,41856.152
75343,45108.438
76004,36552.39
26894,6496.487
124381,24122.15
103662,21525.688
113306,14012.564
47483,3897.2437
75676,190099.2
28043,11973.194
149755,12863.44
68409,2879.7957
61575,74619.21
78183,19668.33
145108,49056.22
147020,28430.596
123232,24319.092
33442,2954.7168
144239,50557.074
76639,24030.812
18233,55868.734
52889,47164.355
96159,4156.4893
108513,4484.5034
116818,25413.094
94947,7464.299
81734,3172.386
99068,27727.623
45432,4135.6753
77718,5745.1157
36103,19116.873
80463,20649.303
147209,184378.64
21209,14610.321
63003,32519.25
83071,29025.316
129548,27644.912
99854,4820.637
62727,14601.984
67350,145320.67
130895,8537.2705
112438,14273.397
84622,117163.92
117288,37927.383
45889,118143.23
94041,12588.651
111258,13137.776
86067,17541.482
140763,15030.486
42756,8505.958
115378,16138.441
55788,5476.2397
122287,13546.613
115139,7335.448
30320,29482.828
142404,23597.01
33540,18071.3
11912,18942.809
144987,12660.376
66991,12787.78
96793,27533.766
91503,6329.5996
58291,70325.34
133381,38467.99
111966,34261.848
16925,54854.527
43726,103167.47
22231,53096.723
20903,7006.5654
17031,11655.173
35021,9354.001
71481,24309.227
28462,187550.66
133862,37752.613
42865,10765.946
74492,89533.12
20110,204080.88
67902,43406.6
53328,220020.39
7035,75312.055
114788,85212.34
8704,200996.98
125607,43472.4
66147,83895.94
47875,6919.2363
9240,71137.555
50598,10583.55
76769,9672.633
60789,61460.664
91669,8000.0483
110108,6709.7764
36865,26714.562
120637,57966.195
130574,55679.64
748,18141.406
95683,26339.475
20137,9592.188
38453,2169.929
87313,5291.061
5841,13937.197
32360,78138.984
69794,24216.623
48449,14343.246
98145,53118.527
28011,56680.41
122677,14321.436
25904,17359.057
29643,63941.117
13532,29697.652
78896,117647.5
33685,41034.137
107424,32642.703
51093,36080.207
128724,56489.617
8288,45388.83
37271,12659.283
146173,11197.489
14386,126724.586
114794,19331.533
120060,11885.162
107842,125338.33
115329,21333.13
101754,26927.812
88851,14732.391
67334,2651.8105
94558,11614.0205
92150,39120.465
91327,242976.73
118728,2546.8528
105319,17465.174
83735,18633.861
1831,47718.375
81382,103913.04
117489,5833.339
130222,120209.625
40587,4501.5693
84122,45445.418
57744,57698.355
132245,25775.041
35520,67358.234
140284,29974.947
122421,6615.441
126878,32639.283
35370,45078.92
45981,16869.291
132670,10150.137
110486,51434.223
96368,34053.1
29955,18586.146
33834,8781.359
36366,3093.0737
143568,130758.41
149245,50883.67
75274,2076.8423
119280,58068.008
142479,10296.816
115529,17557.896
112703,23000.043
70649,82456.336
70567,9516.575
43017,22489.568
24430,9246.476
28990,5110.438
11736,11784.574
7162,4335.661
45178,22009.842
95480,12662.117
92046,16957.486
19753,14207.296
6926,36223.715
27660,15311.769
118770,5325.542
16077,48512.957
975,5010.8267
110509,51516.945
60969,57058.406
60515,21132.154
69198,66587.375
69769,22844.771
80767,6547.7134
57071,183921.2
54853,24995.729
146026,134757.84
37668,135499.47
17285,52298.97
18078,26252.734
85965,44646.688
79682,2930.8142
70109,12005.816
36479,18624.908
107832,10448.19
42630,85400.46
7163,8056.438
10695,2754.9941
46648,37009.25
48133,8777.712
118761,7802.7246
116370,23379.537
50401,9515.078
128174,7832.5366
62519,176188.48
28557,1074.477
49345,6448.409
41056,3080.2546
99602,47269.043
55885,13460.175
75582,72074.4
115243,49861.496
82017,63701.95
70516,4779.533
41674,32147.66
80927,38971.95
96939,4799.2026
77405,48549.438
91012,12892.604
51972,146936.58
793,15980.575
34404,9729.583
128953,3915.8865
11048,8438.622
91886,12934.974
123421,43116.78
89137,39655.75
107890,20041.545
70028,96712.086
86381,17482.354
100167,7437.6523
142078,165538.7
76368,60312.258
76933,4138.548
123096,21602.947
22101,16950.934
51122,93036.68
122640,64077.254
110910,58129.3
48815,28620.326
51932,2287.2253
135321,90810.29
46117,44865.11
60188,44648.094
97767,14955.263
32595,16675.932
68490,20531.951
23224,5079.202
11883,22531.14
81677,41896.625
39697,16740.105
7775,155109.22
80636,24795.873
53581,12300.112
60368,118080.72
27179,7620.965
12539,4758.6904
27322,54155.34
3049,9428.594
128381,10881.418
44550,10342.479
137907,17053.525
45128,6546.113
28767,56051.3
34656,21298.088
138020,66063.52
90399,13797.777
135150,5061.4224
60478,10962.637
129377,176572.31
109054,32578.441
7045,28031.797
1591,50496.93
42541,127264.06
127655,5787.2466
2413,36206.1
104852,36431.312
38618,66209.37
4557,29976.076
125861,2556.3481
78770,64320.227
65692,108058.29
107804,187284.23
143693,63616.535
40783,2891.0105
50851,12906.078
45995,8949.055
106906,130086.84
9714,45853.19
3567,1481.6455
42503,66281.21
10003,25992.027
143321,3377.7065
795,33297.11
63505,2537.4548
78436,6896.1343
126425,17726.027
27139,8906.194
146203,5590.6616
95987,2602.2217
4570,2388.7573
85928,5332.9673
37627,28693.604
62687,29955.234
29413,11356.24
31106,26817.428
13570,1241.366
128018,5635.2783
123255,21621.447
134515,17850.598
102365,68848.64
79857,5369.9204
149445,93776.34
92665,3209.4897
73456,1434.1627
60908,106443.89
97448,22243.209
8289,3001.8586
110659,25412.738
145033,7427.772
16575,83423.16
135575,22479.564
58877,17948.227
56332,4880.8994
141588,38830.81
115359,37154.258
140549,49520.086
65447,88015.24
119030,46835.605
11586,149033.61
16373,25163.012
58394,82841.52
43157,16734.373
79761,32221.62
118108,19087.098
135127,55715.348
13883,60877.465
86643,7635.1064
148873,26411.043
62969,21768.162
17822,24071.44
48143,80014.58
58481,62674.812
56913,62093.723
60202,66661.73
131514,29484.143
37357,7859.7544
69566,4301.5566
95575,4656.3706
90739,3206.6077
74446,3348.3916
54007,10267.531
92761,4586.746
102676,25326.15
145556,56061.855
10425,15055.562
122937,17466.523
96560,28763.123
8813,11207.475
39118,36936.49
26075,87599.49
29311,103265.86
3402,23685.818
67748,28989.605
122986,5126.577
24841,40196.45
64909,17497.326
31208,40332.53
149892,35052.91
71504,18272.35
111824,97649.46
88925,15924.65
9020,16669.055
131411,15094.711
55631,48107.22
17426,8951.925
129854,194371.22
118528,8824.795
90635,121844.336
57911,16398.318
33029,20411.336
26890,16426.656
63378,10671.892
92814,2210.9265
110832,5091.5425
59224,79345.945
105422,129126.47
7015,62951.44
97511,26395.674
96965,20229.434
70219,16377.708
81619,65475.51
109675,9558.397
140316,50686.043
79709,6521.515
88547,21026.588
55333,16569.182
100952,30213.479
147145,16232.467
77186,54365.0
72318,13389.693
97681,8475.323
22700,26349.932
33818,12734.872
111115,87282.27
9187,205579.73
112637,51489.246
21020,14793.525
83221,23368.697
19242,55710.742
73702,45288.402
101430,7302.792
121408,60096.32
84212,29360.541
119132,27482.19
46892,157625.55
131200,5565.3735
52029,12963.006
100210,5590.0967
106082,9315.43
55501,57503.46
40554,17886.938
21756,7236.011
148268,9410.788
113771,4474.0063
100858,52062.965
3768,15214.057
59118,3845.8176
81694,25681.479
140873,25004.178
138797,5930.606
93486,7619.621
97276,66167.7
47348,56529.637
29149,19306.787
16418,7127.221
53,3458.398
91111,66309.33
46908,7093.0645
66141,948.14026
144121,5017.2544
92711,22414.533
117794,44907.44
62547,40094.934
138463,107383.516
81768,4108.6445
68210,6594.8955
66513,40240.566
94423,68415.38
5074,22250.951
57497,28690.354
66286,6263.7085
127792,147702.83
108351,4697.4175
5141,9128.396
62952,9304.364
18815,23443.459
146153,2033.3987
119792,7798.588
78940,4347.782
145367,10860.294
25319,59057.66
131374,11168.206
90386,22127.012
77798,8275.372
140756,13923.623
86953,102275.8
30988,72048.18
97287,3886.1572
53150,156097.56
130007,4198.1865
29376,8391.416
93380,10743.884
111083,8226.7705
79683,37410.867
22599,13489.816
12696,119884.13
142508,23405.773
10176,10075.085
146156,170260.31
120066,35935.656
29337,51164.68
50947,26219.314
52282,14716.794
10331,8632.304
56814,98942.195
134930,23404.045
98175,28953.707
75946,7727.9463
93207,12308.509
103511,70430.234
140064,18200.611
70665,91931.71
78211,92068.5
92308,1835.7982
46269,6885.17
91298,1478.5336
27430,13095.703
98144,549.9926
75601,59611.85
70143,5734.281
147413,21660.648
144153,10768.844
65568,56237.234
13813,401905.28
134007,16650.26
130111,11789.434
13220,16243.658
71795,5836.172
113088,97941.89
65307,4295.0605
46576,2407.7104
108570,6366.9243
140170,26384.184
99696,17465.244
134180,5776.8457
76870,13209.642
30233,23187.434
70333,18213.178
48229,40425.27
80997,47575.28
68219,5773.727
63711,61730.08
131051,3439.7595
124066,14572.155
103922,9374.344
24819,55691.258
43811,6141.526
85014,60753.24
18076,5364.01
127469,54989.984
56036,10000.066
55963,9408.771
5037,12957.233
33692,447.51813
43894,39750.484
25997,3581.6587
118752,31081.035
58334,15074.317
39450,27377.021
108011,975.23425
116152,5303.794
26091,10384.043
78212,13264.009
61209,41719.51
94272,15399.866
145961,61060.117
84606,19508.357
26853,27124.104
79738,32019.11
21093,7085.8887
133842,139554.61
56570,46729.266
10642,142165.17
115184,5633.809
19767,15515.503
40572,189746.06
14304,16026.909
10510,75504.27
1899,91476.94
81816,2517.9458
38476,58064.26
50020,5942.935
85303,55911.99
40281,42732.59
43738,8225.494
52332,37105.34
64902,7085.8994
114242,60583.855
25786,8380.623
11757,8675.633
55764,69967.37
106983,125849.2
112647,161377.53
30755,8549.391
53115,5648.5723
136629,12975.949
128538,13618.299
20605,16001.968
56288,88753.38
40526,126110.195
81940,2114.0393
41620,288936.66
47929,67383.7
80918,68597.12
139080,28890.0
49269,22195.166
123517,41861.258
33995,22242.123
36340,4234.2686
41828,9859.422
106785,9116.924
74266,173631.34
41216,35329.03
105680,10512.604
141407,21115.264
56154,4829.829
5294,38786.29
134203,33155.793
77796,23977.594
72396,51489.246
36209,6523.1826
97600,50340.58
35284,71418.336
68333,2134.4097
30614,17458.922
115022,57774.098
63662,67084.12
91196,1645.5618
110542,90775.62
99755,91540.79
120106,27067.975
114434,26954.232
68012,69915.58
29409,18883.793
33382,39308.473
15154,11261.102
70650,66896.664
41366,3087.5479
19246,18012.822
73323,11826.304
147619,7378.5366
24370,67394.41
61481,2584.3657
16240,45423.26
104868,3275.5461
96829,6738.87
64327,6291.7334
46936,15891.514
132116,19555.154
114811,6723.232
89992,7926.4526
50521,6885.0684
149576,18484.936
50832,18100.064
79877,48601.258
84298,16274.942
59245,42014.016
131354,6694.22
131678,7365.5205
120961,53545.816
37609,30627.031
20631,182139.58
21928,32475.488
140167,7434.5796
90324,188526.95
22105,3920.025
41,25425.322
109477,75184.66
41810,23208.256
108993,47084.81
16112,134187.17
11988,8016.7217
16653,4739.398
122704,65413.58
95791,18969.28
20355,10645.198
141343,1307.3186
8978,173267.05
6662,11489.563
107601,18091.568
109279,7503.0474
62307,13258.503
101241,54985.906
109882,22413.87
116170,8708.197
44583,61060.523
28168,6348.002
19441,112060.73
15399,216603.23
37992,91767.484
122688,2843.8489
711,57088.75
144355,17202.318
125632,104319.46
96828,18729.146
108122,38085.895
74934,10413.584
78472,94985.63
8348,5207.971
73911,21922.602
96185,35087.727
107521,87409.21
11237,24859.805
73054,32424.209
110663,65957.06
125321,56228.2
3656,4745.673
120478,9796.403
34227,49383.098
41189,45299.43
25290,67779.766
38013,1569.3018
79084,23404.295
105511,66249.8
9917,15774.334
62605,81100.33
92232,5791.9736
108187,5717.166
135477,83549.29
35238,24809.102
90255,7137.889
16362,28820.318
107783,9608.933
51045,5235.688
82561,30144.36
116700,70370.17
125981,63132.79
101238,21700.492
46373,43368.46
48127,53591.61
127554,3729.4841
63788,43103.613
1233,23547.31
129672,130574.27
88603,87003.81
17947,6238.4443
36647,195655.1
11280,71282.555
98811,69845.45
89825,19312.887
18775,60741.336
53166,70337.664
436,65606.9
45357,155780.58
20973,30248.688
68824,5645.5547
126197,68499.51
143947,11429.646
3184,13977.161
175,8817.778
4193,76310.06
74411,48460.594
32305,29931.613
98826,7994.4434
55195,25418.105
142994,44514.9
43112,90.785736
81255,2863.6213
33939,55864.3
61479,11442.832
98645,44049.79
132784,4361.377
19646,49147.53
67460,38536.26
74216,54322.1
54799,1366.9631
25661,29200.291
63909,5961.984
46813,58516.54
17501,5759.116
137220,7046.993
136095,68095.93
85489,38649.0
94867,55551.137
5375,15036.916
4171,4487.4526
48497,4220.267
101139,85511.15
49010,56231.02
146125,17184.688
117939,30462.688
143550,17285.238
124572,1917.6754
59928,10105.583
49497,53627.195
46883,93762.76
14632,32651.908
148748,66618.51
147754,38640.29
41903,37019.074
23833,46714.613
116417,7784.436
78081,106404.74
28824,92216.57
117764,27317.686
83839,7302.9062
86384,18235.543
94881,103538.8
45534,19407.084
56988,20740.705
44,6687.9727
86763,76480.27
62757,3387.7395
70883,25838.34
13501,10350.25
123032,10122.208
146194,1871.5975
57857,37601.117
131643,60530.44
28762,9291.006
115232,3887.4287
11313,32952.434
117778,14000.657
77981,1229.4265
121710,53941.83
129590,46142.1
71533,46275.1
78104,3915.114
81790,42424.723
54372,54670.496
34178,1398.8289
93006,60879.38
11546,90902.7
118526,18292.418
26090,4777.639
46286,5051.4536
18562,18793.188
53998,5695.56
79593,14268.678
101819,11022.623
53098,97808.63
67863,36518.195
142528,22362.066
78184,232388.7
98776,51639.84
75854,10454.442
16436,19632.514
73251,48452.438
145117,27847.34
98047,36245.715
37751,70369.055
123940,16476.611
8862,178297.23
48949,37410.785
93081,38298.477
100848,24518.465
95167,7126.875
109827,19043.615
67063,4535.7124
20950,9009.408
140189,75622.1
108588,84837.14
28897,7649.236
68151,15586.772
109888,33312.113
55095,47932.92
71101,179201.27
73634,67058.22
130119,1812.9855
111748,5541.0728
71379,4170.791
115114,78397.766
123948,136075.08
120034,24289.121
116111,14920.437
33469,36338.293
28723,29963.55
22433,65564.89
82444,60533.92
74469,75859.42
74838,35793.367
25539,65425.676
82997,10590.007
137242,35570.957
48167,9372.217
78242,27787.65
116071,15017.794
29524,141458.58
42585,6014.5034
38290,3163.0889
83342,30033.426
24416,75877.01
131856,96344.7
13733,15466.24
25943,69756.88
29873,3335.4258
47100,17442.803
18676,8339.95
108785,3272.4973
126651,61296.16
21954,7883.606
122657,5398.6685
71505,150543.52
103630,10607.773
97213,8151.912
123505,66468.13
11935,30672.084
113706,10162.648
11185,10740.161
110152,18367.627
38033,42513.086
129223,6618.751
105993,35413.297
114854,21669.766
89733,1281.9144
22220,49156.832
15102,13460.775
119500,19415.164
88977,19357.428
20640,11688.644
136297,7068.0903
40207,46028.906
85026,19278.75
149566,8244.408
142540,6879.5723
145775,81020.89
24381,40415.06
107123,2429.3857
98801,10285.199
144959,36114.53
141361,3508.8738
53148,47845.14
55918,28986.639
38248,187882.11
30910,14016.452
76562,113670.664
7489,25774.709
143433,14615.194
36095,3981.3213
129884,155249.11
91941,17147.13
149246,23483.39
10670,19426.582
72550,3625.5457
14722,21084.81
38661,13981.715
144230,23958.145
10106,5791.9736
99100,8375.523
6022,65546.68
88240,17691.92
128137,76594.02
51627,46473.598
41298,3610.942
102305,41408.504
73879,9242.319
91675,21365.057
63828,130349.3
67738,11882.861
9017,1411.8862
13803,44983.223
54020,12784.387
97701,13003.497
510,98183.72
90883,81201.39
64066,49366.85
28730,44475.715
80529,28450.1
144596,5809.716
83706,2863.6897
53867,94948.88
30782,10919.789
8190,12873.361
113888,75805.914
111636,23794.498
113409,11316.349
118900,9616.549
140572,17378.633
131934,6373.844
24643,11551.466
11707,4887.3843
57743,8695.404
49663,21081.145
55612,5544.9053
80285,22125.363
77094,31326.6
127895,9369.798
38045,7975.946
36693,9683.845
67014,6416.806
78372,7122.16
125204,15988.498
17428,9153.983
111288,14834.912
41199,48027.754
138491,2934.54
105525,13500.515
89011,32705.777
133127,35581.59
29520,8751.801
76887,16305.444
53260,20973.086
1389,69699.984
1487,12522.026
8648,13837.015
140755,10165.194
69294,51199.254
3277,2411.6934
146884,47809.434
141863,4981.4165
25413,117407.87
64235,15590.961
123640,37621.727
54036,63733.336
77262,32469.176
37963,12791.62
60601,13766.179
40413,11239.272
114917,129573.57
55340,27479.91
43252,13893.968
136354,181800.4
66031,34378.68
136311,26061.178
104371,19596.553
9246,40387.5
138642,140338.48
55491,7153.42
123544,13082.669
64471,46785.547
67672,74651.19
113480,5355.3135
10068,16557.637
109290,9654.067
120173,16058.967
14424,94803.93
86661,1941.5236
2987,20092.574
124132,2116.6685
101022,22018.69
45231,63632.23
43215,93664.37
30556,72695.45
98417,16559.623
22069,45364.516
1882,5073.1914
88592,25788.162
77002,20058.627
130996,17673.207
126614,31936.217
59632,12816.283
69110,3926.374
35142,64189.043
61651,17818.172
79692,96249.13
105643,18019.574
5333,109830.24
31672,69294.71
47272,29784.12
35987,7264.542
140522,97974.75
9855,109822.5
105503,1882.7075
37214,70810.414
7089,35880.402
140366,68607.6
58329,462089.0
149094,117068.7
53771,39040.56
85736,12626.86
38506,158134.4
61956,5689.869
5944,33968.535
107969,40356.027
42491,521133.44
53527,70849.15
92751,40614.625
26929,6981.9697
98174,48914.344
20980,3019.1548
5528,14349.625
3445,79113.72
17129,9715.15
77565,45020.227
97457,86362.48
67847,28415.443
38730,4720.698
146759,26661.594
55742,20715.152
3570,8837.273
21669,18492.777
78661,9236.221
48809,1704.0481
119975,6065.4927
83029,7650.2773
41731,5368.8223
24043,54613.207
65338,64820.387
49715,10276.514
22295,147745.97
109139,3845.6453
106025,40134.61
119119,20059.62
109715,1223.1636
113807,47735.566
39936,7652.5396
75613,28155.87
4788,31632.283
43352,6055.889
116711,7583.16
10961,24542.533
21835,22667.977
9406,6144.7305
120053,11563.936
119912,107118.63
62922,8376.841
133491,3778.8086
105739,9598.18
55645,21497.004
116300,4364.518
54228,31468.094
17265,1630.909
62515,15935.165
114307,75653.06
110362,16625.15
68224,41765.93
39611,9589.165
30222,4190.5234
137360,112475.3
147339,20339.025
26922,1665.9712
105122,55682.87
33643,23729.709
98677,24176.01
14360,5871.384
96024,28510.7
113428,4251.7803
41248,10176.074
71123,50751.832
54022,2069.468
69072,840.4943
63228,69650.586
149248,116366.26
89238,32437.766
149543,36561.773
130728,14147.659
118502,16532.947
23560,17607.13
138831,101272.29
118492,3411.0486
95026,3882.0242
149240,21850.338
44311,9390.179
97497,10388.54
95629,94913.086
42699,162870.62
17672,1818.4923
38695,12765.727
138647,37188.727
66139,21535.283
126334,12487.51
82058,9365.192
74986,6297.462
149235,10418.844
2924,6568.157
17792,60803.965
142581,24769.395
94190,11918.841
44182,26483.393
135163,40290.652
102392,31769.041
87358,5863.852
11221,4398.8613
133469,10802.049
3319,6842.6333
73261,8098.5254
28570,173605.56
94315,10632.374
92888,44700.633
123920,3414.4275
133123,61394.535
35835,100083.97
10517,22245.729
54396,20480.89
71365,41206.863
33455,6493.7925
58615,19513.893
132679,6184.498
91386,5233.318
100648,22252.05
94539,30781.055
94376,47173.97
117750,12944.384
34605,15821.315
69225,6642.4707
73560,16327.659
17257,5941.144
80468,8281.787
1156,40281.293
48221,26845.09
132769,566.49426
144283,5927.655
9196,12663.648
17326,14778.344
104560,174356.06
1935,25016.27
67781,35548.777
83339,34699.176
107409,21170.55
143274,9976.099
96731,8697.69
20376,110283.06
30731,4685.2744
59041,8653.801
115802,15453.1455
72789,73511.38
43305,54046.035
59258,12638.431
9767,123601.94
68269,19529.441
20815,33952.22
64932,111439.01
144477,44328.633
68084,17385.947
75285,136869.14
99368,7356.8965
141681,74408.09
72150,5526.86
108773,32797.94
121127,21636.693
111800,58622.81
71703,3798.5996
72250,26477.727
120997,12203.059
70481,15703.78
20497,69654.43
709,37677.023
145963,10735.784
60720,71088.2
34255,97400.99
105046,99946.74
61040,7925.4795
112501,43649.535
2135,17245.223
65102,53909.27
36494,2492.0254
23310,125816.77
122146,50386.703
88133,23046.088
68259,5983.9844
71954,22144.588
79821,120686.6
121133,5488.019
19769,3666.7466
41774,38732.066
48038,13686.558
105667,14537.945
59612,28211.85
90351,73518.35
93348,1927.1166
106864,4360.0605
52228,1252.8499
56065,56402.043
44816,15186.065
13439,21749.52
79604,24819.234
113022,34856.387
8967,716.2334
48715,18059.63
82200,32494.479
28110,4576.9663
84900,56064.902
65947,4949.05
97294,57632.785
9312,25354.697
89280,15553.936
76300,19107.281
8127,10548.887
101840,35237.57
45343,81311.67
97616,2890.9854
140626,90683.93
112590,37621.207
54177,9414.933
17287,3337.7039
47336,3494.6863
95586,19080.059
106749,2026.3802
92498,70916.89
75147,6741.3345
127022,20625.605
56241,38469.773
80163,18223.352
97961,10023.667
125637,58128.797
7715,131803.61
126908,15478.008
132069,99205.23
120749,19353.857
68136,30413.81
1084,7458.9756
15565,69768.55
149085,25533.49
87035,280532.66
48014,18843.994
53028,50050.26
135571,3574.481
9091,11702.183
9033,47391.184
64369,48244.152
27233,6130.1064
36616,18750.516
32441,7054.4707
5962,41938.98
88423,-703.6236
147072,172383.16
118319,7588.646
110024,15846.726
95263,22696.344
99061,39333.45
25907,7719.621
22249,78566.83
68946,5453.482
142061,66069.93
48769,51294.75
97409,12622.401
148394,17924.025
79905,5867.9434
13094,41742.184
44046,42140.05
40833,169821.61
12476,6898.494
127585,9746.694
50242,5041.7266
9703,39110.45
28118,10822.714
93112,17516.303
14444,119532.664
21915,1746.4272
53319,6748.1084
46884,4673.768
5226,54763.58
140789,10353.159
108107,27338.096
143784,28749.633
27947,34219.47
146531,80435.164
108902,31085.73
47207,66505.14
121015,16227.417
86845,83884.1
124124,22602.283
75215,9129.209
103314,10609.718
72481,22350.586
85675,10305.121
119623,16242.91
8179,99697.41
24457,9131.107
100258,4688.199
6623,7343.711
43788,85243.76
9802,18561.383
99877,75594.65
33893,18903.559
120709,117819.66
142524,5455.4004
144259,198469.83
34695,9739.993
41172,19431.97
22460,35492.29
116561,55695.33
31568,104460.34
90538,15815.955
76969,11012.566
86591,5705.2764
99002,28156.205
149188,19219.953
89285,9279.683
89007,6058.402
24818,19138.834
129676,43594.484
20755,24627.684
71980,157542.72
137100,74160.2
23269,12799.599
45390,16731.74
35538,11524.947
147541,16848.684
25541,16960.799
84059,20592.773
50916,5778.8413
111424,82285.2
136659,93915.38
69977,5688.3726
16755,35106.617
33822,86446.92
89592,30122.805
142262,31273.73
145661,1581.3898
98825,89851.3
55004,1219.1633
95592,4394.8354
85083,13499.681
22346,45776.098
35264,2732.6995
99505,14241.395
18669,1277.3976
6553,37040.742
95703,10442.434
26800,6773.6196
81799,22197.133
52679,12837.761
91530,19922.719
60403,85350.55
110500,5849.9
14720,11650.2
19831,5301.7134
119423,35022.387
127794,8046.969
142302,27850.232
105858,10599.005
85539,12578.748
133194,8381.394
149074,8649.5205
48725,6127.553
31762,6983.015
125140,5338.419
141451,4365.7188
5935,12474.556
77662,61044.777
63229,30170.426
2761,18814.871
139878,6738.891
132396,114130.57
115877,12818.794
76424,29292.367
102053,97602.37
109147,21884.863
8255,38337.535
99403,49338.375
78182,31208.002
62740,26735.5
135099,1812.4557
34548,28200.154
85528,33668.26
85350,9640.573
50073,12946.583
124607,66016.27
15696,35675.938
10589,42325.47
113184,10262.571
2088,457574.56
141044,7766.3555
101995,101763.68
55229,3338.6646
40140,84265.516
24486,78766.68
2474,16230.014
131471,23187.537
136307,7510.413
58284,10824.387
110082,1641.7986
122078,4910.699
56405,73013.59
108962,4919.981
119632,6522.897
99218,30243.643
79138,48710.496
12074,11794.158
117169,3794.5325
16157,23534.28
21236,12448.064
16987,20075.402
83360,17851.283
132981,5233.2104
62774,14522.071
35337,9246.332
55215,50550.887
136444,18745.172
19790,97686.58
104653,127045.234
134502,5378.1123
51284,48464.336
19343,61949.19
59678,18496.186
64726,47680.645
94422,15934.941
75181,12643.441
17641,24120.38
26560,21545.65
146862,79850.66
92580,1349.5623
12588,17000.373
51999,22776.2
61413,79414.19
46598,10714.164
84424,59624.008
6013,9396.972
95528,43585.586
121996,3335.0269
36239,71526.914
38758,6824.526
41626,36413.703
79050,18139.803
32026,21748.352
72144,26956.412
126042,14015.238
105395,10612.087
36984,16092.36
93037,51253.11
38591,17725.963
47885,20942.566
1654,30468.705
128414,95930.32
125454,79949.88
84708,61963.62
92256,19817.342
95136,4103.7017
80447,6629.167
26246,110826.516
13506,25516.367
69892,16095.907
18256,25864.97
38282,7116.4814
111458,2559.9941
135309,23290.078
116927,20387.512
8713,137110.14
46793,17692.049
123911,40491.89
132832,31216.139
93322,1102.76
149238,41954.875
81631,6837.7075
31987,91360.63
129947,109588.29
47777,952.05585
82137,44291.58
57578,7523.8726
39628,3412.4644
124663,25203.541
22967,929.8649
71084,29891.898
112786,33214.32
75517,3263.1333
145578,88986.18
133538,193705.78
102419,11433.738
43431,6234.405
35603,13768.682
50886,87837.85
75259,10618.299
40089,7941.554
40515,43686.742
76819,6947.3413
117782,8192.316
8988,27890.15
77427,10484.966
51032,4018.1426
2763,41208.938
122778,14871.624
21138,29518.936
125207,85415.234
64361,20343.805
76711,35580.727
111316,9395.977
20333,1933.1035
131243,11316.264
38687,11672.14
38188,28154.016
49062,10562.574
1182,7852.8374
133042,12189.347
119565,14845.635
100162,61396.27
10188,7824.4434
103651,7391.206
102573,55716.84
39461,6619.2563
73443,10774.393
43065,12061.717
93655,53300.492
47156,18666.057
4804,22102.535
24505,821.7768
15072,6473.433
17413,2092.3862
95363,43564.7
26383,22485.473
2055,50812.547
12327,43529.64
41107,22255.752
144957,12830.011
48353,22712.625
134262,35677.066
82111,1008.00195
56278,1500.5134
122626,28870.742
69338,31392.71
39882,17876.57
67676,4624.632
54673,147408.28
93613,49935.137
98968,12652.3125
66008,7819.7134
28983,27613.775
101134,29736.775
70132,23884.768
118634,2389.049
108100,23221.092
77185,21952.844
42608,52686.426
134451,15309.706
105052,25320.576
149114,27830.682
61438,3289.7087
59417,8605.532
29079,75897.03
41256,7816.9966
14181,2918.4224
9253,4174.514
10453,53118.703
95719,24742.951
106940,8903.052
30934,136118.73
2853,45388.89
30431,74819.28
132834,6862.835
31678,40602.324
91645,41144.496
83653,59577.99
138592,36617.316
76316,48317.94
45184,7730.2686
80459,10843.429
59581,13271.944
119290,54351.496
50420,3931.98
145554,8580.821
101658,20616.451
75438,3980.663
124213,17188.166
48907,43894.875
91623,27198.268
92779,96848.77
43619,35604.336
114795,80932.734
28707,41500.375
128712,7112.6597
114631,3322.6897
19998,8058.822
45766,9794.563
98439,9774.642
122066,13686.751
88630,76066.85
124088,37637.812
9858,205295.42
82206,11644.301
86228,12994.983
102166,6722.038
85184,129084.09
5570,11229.732
96203,11952.004
139810,2905.5923
32343,2537.2375
105953,25925.246
108005,5817.448
43232,67314.625
11290,12839.691
70636,73085.94
133200,8182.3267
145757,41282.906
97727,46261.36
101222,38406.176
112547,5164.412
74830,13579.867
10141,66691.14
35274,98542.57
126488,21751.191
123696,33393.8
116744,-222.08377
134195,6914.089
64376,8180.4077
111836,18912.293
68857,7850.7783
33652,2855.5457
5645,5777.766
100883,36381.918
60445,91376.45
62375,9756.982
97927,13023.743
146475,21530.404
46832,16138.453
49758,58456.535
52340,7432.454
35737,22263.814
77739,4534.9814
51594,6572.069
123392,21881.85
142425,13005.256
146188,9961.295
147394,108660.18
55386,53112.38
101876,91680.6
115664,3221.977
9954,12282.826
36488,14427.332
147626,9309.76
139717,11031.684
147783,86167.71
107032,45768.203
142809,37912.84
5821,58342.848
6968,26503.238
145340,11135.283
51931,1625.9879
32359,59870.54
99838,29524.928
120218,140743.39
25210,30979.287
55711,13874.185
87142,13136.915
46319,21039.918
121386,242845.83
59331,20383.434
88725,11138.419
113641,104103.21
98748,35174.79
46328,7669.699
145385,16411.062
81829,7649.7803
41074,119966.55
67193,123472.945
123900,3226.1758
111912,5806.533
78433,15794.723
52442,101821.22
23008,10355.532
47381,13035.908
52836,23546.113
82687,12428.792
77504,44420.223
108824,9649.197
59505,3212.806
126939,20314.844
107372,45218.832
8711,93234.67
61912,8537.854
53611,35524.066
7689,35256.617
8019,61197.23
66498,2395.0056
46761,100803.84
36413,13272.943
81228,11986.705
71853,9637.164
17151,29482.83
48320,82018.805
54456,27012.67
50008,3575.0903
83878,11315.749
136,3794.7266
101310,45350.016
24749,49261.195
71608,21495.408
131394,4164.7036
64927,16677.55
74649,10463.211
58863,5991.2314
119679,14298.547
137478,47445.957
69080,8440.8
117164,117799.3
5777,22185.58
24622,8129.5186
6279,5662.984
58916,15798.874
39272,20343.6
142767,21001.17
105711,3162.458
20482,53274.008
22574,116413.27
21256,15012.006
66064,9831.937
61389,39705.79
80117,73312.28
140067,15139.662
125135,64146.773
8040,70385.805
118917,3559.794
117087,22547.312
70515,9567.989
115435,71968.15
8934,20219.934
132066,13083.987
14589,13885.68
45408,47343.906
47171,12895.797
8054,16453.172
20511,2655.2146
51483,21546.094
63184,21098.33
34570,4252.258
9774,28625.816
111503,8024.8555
74786,16185.866
149680,51804.1
67093,24469.625
8154,32286.633
59729,18633.084
139564,2344.2551
116961,48445.246
84489,5457.384
32128,23894.082
41414,24697.104
43580,12659.5625
149433,15739.419
148921,39817.363
41088,11299.197
131921,135738.16
6217,7341.4014
45305,10483.076
73462,15025.047
69846,54908.863
67066,132138.2
126983,3596.0552
96095,45630.094
58118,20377.926
16631,37402.57
99794,19047.078
16628,15426.39
2425,8910.651
116013,28721.465
1416,36017.59
55464,14402.317
138191,111269.06
807,10819.45
131121,38779.19
80232,4699.762
97085,8621.045
12096,866.02216
83266,56329.082
101942,10940.031
64146,19301.889
117451,2716.7708
104696,31887.865
91793,7698.3125
12951,44075.9
87131,4174.5083
26077,9971.56
38689,54929.84
137077,17486.752
80718,9825.542
67401,6462.296
5736,261229.97
59155,45995.08
91867,4781.3154
111720,16756.924
22598,105621.016
32379,2297.491
65120,40155.906
5412,20353.65
110059,59150.453
146566,5289.464
5910,27332.309
35188,96324.02
37434,1901.6915
30159,64338.066
66718,10180.49
33847,19535.922
80226,11765.353
21982,19353.895
74712,34657.32
133571,50908.613
14352,53937.76
8211,78020.92
63972,12677.395
112740,180237.4
100790,5595.472
49703,53011.47
127186,115632.87
140124,68018.2
15980,12424.221
6177,39666.992
62902,32868.22
36044,27267.459
103078,34351.13
79663,213802.2
88739,49246.223
27067,141849.0
17414,5489.5684
141483,1107.1533
131709,5403.7036
95013,77603.25
38267,31124.092
128524,16823.85
70931,2943.4512
61512,36838.0
7173,18656.799
18771,7150.132
94120,160123.0
139186,84903.3
81365,45306.688
137970,7797.578
49192,17791.096
11184,7961.3506
69173,31807.656
146578,17049.023
8533,11256.81
16600,66168.96
104054,96464.086
59158,58252.06
141007,51789.363
86042,71755.46
44774,17808.938
131509,3779.4773
141529,82657.22
28026,63194.23
96734,41079.723
120484,49139.508
103086,12410.734
64276,26036.785
134904,37142.656
6130,16013.439
28231,47328.164
11643,33915.207
53416,1626.4016
6775,55358.305
74744,15320.712
8240,29386.4
90295,49399.77
140055,11645.62
32841,6496.9146
44430,15085.163
42778,69651.164
106263,11066.321
35240,15973.231
39748,22089.906
11700,57203.86
74774,48823.7
131932,29928.316
69473,3136.721
4049,10283.727
106367,16828.816
51646,1105.4442
131304,5809.0605
124001,60866.797
113842,31693.156
14891,76361.13
38025,8821.527
54668,50373.176
116731,22721.951
76568,14232.612
117013,116833.96
57439,6516.1484
108689,914.66125
58187,44748.387
6307,84047.414
19711,45419.684
93027,14422.862
19093,54638.043
70331,150440.8
90874,61788.56
146789,50351.008
98337,12826.716
53287,4323.276
10385,7909.063
76111,22996.39
130420,42517.227
20657,44634.758
25985,84767.92
55854,51756.316
142500,70384.14
54275,3419.5964
57408,14835.386
55033,9511.604
134786,21902.52
15728,11124.338
58562,42793.78
103320,147399.64
44979,3457.8062
2985,34819.227
149173,13221.47
99017,34816.17
147959,6786.4023
147066,11729.269
123484,84310.63
59686,113710.445
73614,3847.1208
135847,43120.05
6220,31154.473
36099,16674.008
52217,109505.68
8147,19791.38
36854,17427.5
77794,61307.625
73580,16028.026
143744,8666.225
84043,8060.302
22024,54258.355
12461,140705.31
41503,21105.01
112100,8251.573
102285,89308.195
51099,37753.51
145107,29383.605
132722,2572.168
114220,8366.972
2625,35335.71
44451,11753.881
63647,32941.855
106392,13026.33
25713,38965.734
113183,2457.1157
146487,11855.332
81663,72465.44
1784,45788.492
53702,2178.1643
103449,85672.82
137771,41134.06
128598,27155.041
18681,40766.82
101505,23409.121
88157,7681.092
9131,9863.894
70064,31611.217
116829,31488.326
40616,43490.953
101343,31220.826
30143,10289.32
138378,18401.451
29480,14279.739
8417,239385.52
93450,20957.338
142529,9409.25
96727,92110.56
140490,21809.443
36431,4380.3135
122357,4718.0293
102090,54666.523
37216,147602.12
147932,15321.792
48057,34397.58
42996,3231.5034
71735,79956.87
105922,24083.496
123719,-213.12646
122602,9848.611
31215,29723.965
11765,37431.684
50671,26576.635
63215,2170.543
74888,39387.645
13212,32463.268
45991,16511.287
101234,253730.86
39658,8953.634
32983,35315.113
137464,168890.27
120088,107017.82
56721,20086.924
1008,102934.805
7004,76473.125
16210,123502.47
35461,2259.4014
105491,4799.269
45832,6288.3447
137688,3267.7886
94149,10837.737
111360,7099.303
97569,51757.277
136891,3482.9517
113008,5319.3936
138709,56573.008
124710,101492.42
78260,1582.8258
99082,68901.12
122984,42278.816
147913,77005.93
147987,10446.582
35093,43963.066
67135,4128.2754
109457,115956.53
95217,5043.359
5564,12493.724
100296,24199.756
110142,33430.113
81719,29756.893
73073,8910.602
11315,36711.094
7453,102692.3
23149,47087.8
105335,2458.632
142886,22432.83
61313,30804.96
79670,40246.008
96801,44533.85
46713,2220.505
66314,35850.895
46169,63007.203
15413,52581.992
18656,52669.973
69168,8955.251
118173,1720.1776
18294,57896.715
84373,24840.193
76845,69220.61
112416,3888.5085
141576,16275.7705
119518,19221.287
96199,134285.56
110459,21580.355
34926,64634.902
34952,3506.4312
142002,222752.05
34338,348605.78
91813,4584.7617
79984,3004.5225
39163,19772.61
123956,10472.535
83988,56063.13
23118,23364.64
25282,95857.945
106315,12709.145
128529,50736.67
71922,12011.502
62771,26378.457
19941,137350.17
77575,5362.297
98503,164937.55
88093,6017.8237
114626,32459.21
47539,52627.562
53834,14773.362
147490,32225.049
19817,28175.457
127598,59342.582
113590,135325.23
71739,2567.5046
77634,3660.2815
127138,24732.88
12015,6601.2993
36611,11069.7
86966,51104.61
7042,20108.21
46475,52451.445
57725,16881.219
121746,49842.863
1180,45677.824
139783,5220.6924
77400,5311.599
32546,12727.748
103706,102264.66
115791,6188.5464
17210,34568.344
78847,15872.924
10885,17103.404
21458,52832.15
137377,19490.416
123425,12963.533
34491,8453.2705
47787,18538.7
35012,9406.421
146934,1584.0938
28234,14176.603
43784,54646.812
13175,37348.566
93817,17561.467
39656,14191.251
21016,29123.912
128849,70208.3
58447,10316.663
121720,25132.361
18161,1698.678
94996,72817.266
102824,84027.64
118019,56170.867
96501,68850.516
51158,7888.2373
28419,32506.637
124314,1763.0037
140336,7076.364
117056,153715.62
109586,102435.555
124810,26754.72
34917,27880.646
30756,14396.767
62084,125149.82
60475,21363.346
82393,49921.652
18149,27539.38
11718,38432.92
129851,25541.002
8045,7630.288
137346,55933.45
94911,30860.705
46907,43642.703
132118,196486.69
113223,9822.281
134430,49605.902
98187,18182.459
5077,37706.97
45423,54443.586
135187,13218.992
81480,6363.043
102695,15735.765
78907,30817.404
60031,24630.088
34874,5205.022
120211,12218.284
121385,12954.94
57207,27364.537
14992,18038.139
18869,46358.254
146540,14798.627
53975,110205.23
132519,82523.22
6650,39401.0
81428,27123.494
75118,52449.773
113388,92766.555
78136,897.63367
39808,47740.69
139184,55623.527
143217,24891.965
57570,9465.6875
89294,282148.94
79419,91283.65
89008,87919.984
99117,7928.478
18164,4993.6167
143091,37573.816
10019,24867.617
132534,126928.68
21530,204930.6
62196,11283.778
33537,14774.654
117388,10993.279
15313,20584.717
37078,2723.7021
113293,7613.1494
4298,197002.98
51384,9964.221
142503,5431.712
69551,15663.471
72412,26954.84
141941,30067.215
54525,8475.029
109742,100264.086
18598,47841.246
28391,101320.2
88658,95666.39
147752,7104.0786
65011,3974.7236
149118,5772.438
24373,32916.477
140812,71196.0
123384,6447.825
76864,3587.4443
129346,14963.929
9579,22037.355
104007,4645.6553
126793,124399.69
135890,4663.852
139567,3837.4746
22479,45975.395
115239,174002.69
37302,29450.24
91293,3909.0967
91660,51695.35
80965,602603.75
22953,74666.55
76246,205908.53
47548,22373.654
116440,7178.202
37545,15757.07
92109,103256.4
85460,23138.133
43415,10242.85
119264,61405.355
5824,11189.385
48748,31166.734
17861,6521.515
70909,118258.5
148760,22943.363
136498,7116.1646
106598,57366.176
7237,56326.676
111880,6739.9033
29308,9314.08
60956,46503.406
78591,53333.76
44379,4284.505
37818,2494.4993
126321,71679.02
65625,15552.359
46455,10211.656
119922,67012.586
122145,7940.8345
61487,1517.8285
13569,12598.0205
74858,42831.156
77704,1989.4167
32670,50304.773
58745,4522.175
59424,1493.2488
146835,13932.039
30771,36353.38
147943,3328.0713
68699,4675.8984
141181,39566.03
60115,40750.555
70586,6747.219
108010,18364.127
31073,99830.33
30484,20091.686
121618,2457.1157
131101,4767.556
88005,100156.22
81817,18158.549
143196,15637.157
96181,8942.288
39537,11629.914
70220,113306.98
70271,28183.963
87800,20772.488
110176,5275.357
119790,89971.06
121903,23891.99
69327,112413.32
4544,2313.1987
112139,5389.379
38217,51225.266
98930,158592.25
17450,52020.355
98985,22403.09
142838,18269.893
116945,39797.7
72400,40003.992
103371,22155.875
44103,31447.951
111903,24890.793
42562,31754.965
21557,5541.1465
3032,94624.29
132859,15672.298
84406,15958.979
17703,73111.75
29196,106057.77
30952,2334.136
44770,7315.451
110292,19391.697
70888,8227.501
39493,6708.4795
115938,5836.172
112608,51040.645
108905,11616.3125
94984,27606.117
108560,44366.277
38529,6738.7393
6736,7559.9062
2367,26161.53
88377,124007.37
85122,33329.15
116805,17315.275
57146,32480.084
105089,96151.97
110881,7544.486
93323,44490.96
44541,18214.504
11543,45660.754
6859,51082.246
91570,196322.55
15752,49790.145
79585,31252.604
19145,39815.684
18762,25009.326
129687,63806.434
42511,18029.133
77146,12330.897
139234,170067.4
45564,11076.622
101791,84245.73
59367,53930.035
95464,96642.41
63438,69203.95
23028,150836.94
98343,53358.184
107827,7374.0547
27467,15772.815
19609,18922.758
13198,43865.957
93883,107102.734
50369,13197.614
132645,14784.491
142657,23696.945
68593,27373.445
139973,53990.652
85989,20437.176
7799,22360.754
111612,43942.254
93150,18002.307
107897,11211.549
22603,2289.7456
127142,167112.48
70138,4539.6816
30995,25444.062
134714,4245.6445
135854,50168.188
101478,116984.94
33559,104239.11
4979,112727.04
31641,15805.165
13356,12060.011
134193,49344.18
28525,7063.029
130640,4814.12
89694,36777.594
39522,8814.092
103846,12891.308
48831,8128.301
707,6125.7676
24056,30527.9
134268,5139.198
34469,21788.27
105899,48283.496
134261,4239.7656
124668,21154.432
130417,17206.85
119992,4881.0786
81673,27070.412
36426,25193.354
105398,4421.408
3608,58960.63
75675,20589.629
65353,14069.45
98905,80606.27
87932,12929.586
40380,89885.15
59078,8123.5186
43084,55242.74
90820,26903.469
104739,173629.61
142517,3373.9456
88002,26847.05
116631,5781.335
31259,157941.61
74641,75930.79
148429,12743.053
66682,21879.264
72193,189810.02
123514,55959.74
47102,5499.291
137640,114183.81
23475,7633.74
139598,47602.383
132062,123106.53
96937,40871.29
147263,13659.146
6818,9405.813
78975,50816.082
127924,7734.691
33300,9259.811
23413,5249.136
31186,8072.9546
15504,6644.065
87987,9049.507
138252,56609.215
133256,2362.1667
114193,31699.258
142619,8022.479
31233,59775.156
13872,20491.982
95418,37391.074
42158,20797.617
141051,169260.58
116272,66188.53
45785,87932.43
98984,5541.4165
146467,106250.87
42350,178655.25
13478,91748.17
117500,10227.902
1269,32923.535
147694,32997.9
109860,3572.5903
86877,12374.183
129452,19036.705
39052,11641.248
89559,35896.703
36316,2594.9165
84514,11244.049
120563,28448.746
70900,32558.334
127183,85823.42
34941,8178.9756
133874,21312.14
13859,44139.49
3855,8147.2236
147095,21467.736
145849,66817.21
117144,17790.596
83376,11095.435
125303,50547.74
36230,8751.343
51978,34481.16
57885,26410.926
125616,41837.23
3818,35597.875
126631,18471.77
143818,113060.92
27738,9036.126
109418,173595.47
25806,40632.03
44829,33984.156
114209,3507.4922
12218,30987.023
138422,20642.617
148886,53840.6
119531,78012.914
101637,11492.812
116257,82587.97
14316,7624.1353
91087,40329.957
40085,3772.448
105349,114946.79
67874,9669.569
136828,106378.68
95135,9867.189
25754,40987.45
104733,7147.127
130703,25030.602
24798,16983.11
33871,57047.73
137836,1413.8823
64658,10205.153
107812,6855.3477
20891,82596.73
98298,13401.175
123654,29277.785
88032,15495.447
40986,6608.036
2016,3547.6948
32723,92465.39
39208,7837.606
100901,107123.4
91696,4288.5
50527,38041.39
126575,7376.497
61861,83447.266
91242,24462.81
110084,50687.395
19255,345624.03
136050,86591.46
11308,99580.56
16846,7342.8555
137276,10608.359
89834,10324.673
147592,51872.367
26324,22568.889
18252,9673.661
37727,8207.57
57824,6399.227
99835,113906.805
103331,17112.592
51813,20483.73
46682,11550.053
46261,1278.9922
127185,10998.794
129360,20521.04
50074,11900.352
97656,24195.45
65786,10547.614
94439,147823.0
51938,1749.8208
18564,16591.604
119547,42161.867
60360,5913.1006
63856,123087.15
149811,6259.7363
47924,29821.38
8745,14451.791
60847,36323.95
98410,11544.943
96588,27868.186
26174,10825.186
72222,103864.85
146015,148725.36
144644,15491.032
2982,12590.526
123089,30164.838
126554,3988.926
57968,13470.091
72843,40529.617
120241,17190.344
26747,12612.987
113204,22632.775
27498,22530.348
42688,69423.805
104484,48671.35
110246,9337.863
50446,1127.5648
29470,5710.683
66067,10487.311
73440,2724.2747
109185,30637.96
3894,178073.19
148931,40022.19
55886,39227.99
33645,24197.64
13844,8703.836
135373,6183.233
75083,4954.448
34081,69135.25
56931,819.1643
106292,74507.72
62938,8431.556
104832,185093.7
102545,11369.247
25160,9080.164
60629,89819.05
127802,7195.1577
89475,30950.129
57205,8220.187
20271,196794.58
101885,13112.09
117019,7569.927
122835,60147.312
133415,144073.48
7758,27176.703
36643,7173.337
146224,7434.7495
81870,9329.606
67977,14355.569
129009,113211.41
72831,4247.732
108568,23118.662
126315,113666.72
141078,19240.45
53638,28743.89
132577,14773.135
74230,146997.3
11361,59583.094
142110,11444.459
84361,19742.213
64501,5763.369
101711,81305.2
19782,1020.3317
44538,9568.022
34539,19709.129
106506,3262.3147
87307,13629.17
127231,491.26584
111349,11712.777
143705,46060.293
55978,34764.85
117558,5137.0586
105362,321460.16
32336,11495.727
47621,16572.309
120401,18833.637
71088,14726.836
42607,22635.604
50024,134000.47
7307,19166.791
2479,19588.809
68565,28941.12
33246,11278.776
147436,90321.195
142659,7997.8906
126170,37235.164
17004,9910.245
53934,26810.262
67020,17864.553
9062,9993.26
80035,34161.098
120978,98951.09
98025,10508.474
149935,64854.484
32072,104655.19
129217,28167.44
74878,11865.19
78079,35123.934
127483,172063.84
21123,54737.242
102265,11308.4795
28227,27850.479
115447,48555.465
6317,6147.1533
7823,19355.297
134357,20313.307
11792,157196.05
49198,9145.599
71975,11683.536
111904,87820.79
57623,3436.9075
45183,12957.371
105357,29202.115
4896,175654.83
67393,6967.7705
120824,6454.396
116292,14522.093
114540,24311.252
95863,7291.4175
75301,2702.0068
141106,17089.342
22381,24784.418
130739,8770.848
14221,53688.25
141212,44846.27
107947,2964.6643
5055,25302.31
108271,15071.624
33693,29187.42
36448,9500.118
24948,15383.851
135984,34296.75
129156,32111.893
33445,45279.707
93696,55523.87
102892,17976.154
53650,11241.384
3228,64077.332
146395,19165.283
103742,15691.35
111087,7265.024
119861,4053.0881
54965,21845.57
75791,1493.1517
102492,92935.63
65283,44972.523
129741,21932.992
90316,8199.177
114955,5761.831
89612,8136.679
84033,14291.735
87053,16004.671
30531,107957.23
43673,30423.15
136703,77504.96
43769,6808.783
103104,8472.81
9095,52536.223
2765,143287.89
37748,157414.4
72082,19763.697
44629,8902.104
40247,34135.895
142976,42945.645
113820,41203.52
12120,25478.756
112226,11216.522
62378,7864.759
100410,10297.903
149585,49555.355
96923,175958.66
117278,28225.115
85114,29898.863
58108,764.2998
40910,11391.33
85622,28589.922
102033,50472.055
144432,9632.011
36332,121184.94
99447,32665.35
39798,6453.5884
115275,6388.212
142673,42396.965
87621,27395.633
136902,15620.454
41659,7974.1504
56091,5693.3506
99354,86786.75
42260,35288.832
61919,19939.814
14323,60607.008
59304,30839.97
12464,11076.2705
25928,345.95703
112557,48894.83
137680,20002.584
75264,41940.035
111394,85906.88
146264,9402.797
108131,8320.312
21205,6480.452
49737,19242.188
85392,9668.199
35181,175012.06
16106,3014.671
16310,4300.417
68250,11622.287
94768,37723.9
72571,46732.543
2321,30963.059
96512,106002.336
66659,13574.178
103764,35257.816
44877,54757.594
2472,81517.58
149809,61809.77
80095,19521.016
79370,287178.44
66033,48429.09
96738,5016.5
68369,23185.986
45217,4110.073
84664,12878.961
139209,38435.848
64722,13406.789
79824,10154.276
106585,17905.96
30803,13185.066
107328,8803.539
15292,22145.486
132607,8601.116
63543,103086.65
80472,26443.898
14202,28723.277
1187,26152.266
124641,8858.874
14004,27787.602
125682,48214.69
110691,7262.146
38794,5480.36
21134,57590.082
114903,37275.35
59378,11089.402
120134,10057.688
88366,394362.38
10165,24426.803
139788,52573.56
42139,1333.2335
140354,5686.9966
96153,143398.95
3672,29517.37
125402,10974.374
23345,21757.434
31028,117841.5
49461,3970.9917
18873,51652.375
95481,10657.358
84453,8882.348
35455,21977.475
144842,3261.3188
103092,29145.367
47490,22086.393
53759,14273.629
21285,49314.184
34569,2795.1118
130751,20881.885
75722,6131.933
6945,24074.0
47036,41053.2
54101,63551.82
66786,12530.668
88411,84223.805
23712,48300.754
145641,69601.22
106013,30652.342
26809,7466.203
125241,17575.334
21187,4852.3545
131172,70101.56
16851,133445.66
90575,35879.223
94507,8399.585
33271,6572.1147
68179,23489.906
47697,9299.922
72531,178618.1
89769,6348.953
43881,91773.85
144963,8862.073
126731,4143.6187
84679,18606.926
121202,18280.953
101660,24144.244
145829,1111.2766
120190,26100.3
14295,19219.715
2381,89064.0
26173,56500.6
27599,15211.175
114393,42044.473
106447,4117.06
89397,40254.043
65626,5890.8213
69628,8449.594
123636,46364.67
90569,11413.762
114809,11688.15
128297,16275.823
42070,19014.258
54757,4200.4937
131110,983.8082
99206,31120.91
36380,10812.045
139873,28248.541
10566,22896.965
75592,18906.615
99163,15126.077
1676,23516.61
106056,56617.582
21050,47219.496
93649,14398.483
42601,10258.714
109622,19184.014
63084,32698.686
67238,18670.297
140981,29258.686
121584,141804.12
82988,1461.7926
117366,65069.504
31625,10333.473
67508,3456.4524
47698,22268.867
40606,17603.355
8298,34382.453
90979,5409.2217
109243,3688.9297
55678,6277.5654
136682,39485.836
27876,3646.1445
16530,7489.7354
130189,15077.465
83181,12779.103
91885,22535.652
135129,1565.5524
52261,350801.34
74949,4063.9976
137009,26281.785
97647,58864.223
23303,78112.83
32195,17634.838
19944,48983.746
41044,63947.58
132536,8717.403
44948,8560.3955
43652,7589.2725
124241,61446.793
31880,36396.137
89893,7613.173
1866,108607.68
89898,49287.492
26029,50255.57
51256,37606.066
78635,5454.6875
146907,460286.6
88985,97033.49
139427,182653.52
85645,13617.827
88742,29324.664
119958,15655.933
22847,62452.984
132324,29334.68
27587,15275.805
95427,37710.535
21077,106867.21
66630,11923.269
129523,15643.738
106953,10265.148
14071,2504.1843
140096,12961.57
68726,53126.04
73086,66970.94
105297,77406.01
64994,6145.509
106611,26842.012
129878,335.58524
66034,16580.615
33948,8146.367
52463,5277.7812
45336,4407.78
149149,12542.172
45078,50171.555
106301,28846.057
130200,33142.4
4445,5520.396
20203,5885.5317
139531,13753.71
27090,24413.408
105039,33920.375
95002,53598.074
127316,16154.717
65703,20332.02
122495,70914.28
44635,96772.04
128892,3016.345
108390,26318.373
50200,78032.75
116671,10226.495
86223,8243.034
114816,9304.364
85731,9192.632
101362,14024.061
60842,49263.24
38667,40583.14
134001,123012.47
79291,42601.15
78693,14580.809
21410,16957.617
60183,9726.751
61346,11773.427
72494,44395.277
121849,4790.4844
18787,36947.19
76489,4980.082
113920,9297.224
99959,45375.027
39409,4116.2534
20310,25721.87
134478,11912.997
35641,132444.8
49417,44285.99
148917,6761.2114
50635,49975.207
77859,43601.836
140685,43693.305
40194,16408.566
145801,3323.6956
3516,19603.209
109949,14367.929
145548,22083.607
52700,30832.775
88404,2956.7312
75062,6271.6245
109968,4516.2617
139117,17529.984
97089,129831.23
10604,2697.7417
89578,21006.057
141383,12405.113
19126,17234.713
47092,31559.092
7012,126178.414
83014,57264.8
84910,5874.052
125595,12463.168
126928,10198.613
126942,5378.947
76685,34530.023
10687,18376.734
64195,18551.56
7213,3527.6301
143331,11128.755
72203,30348.299
54651,48597.81
95241,3527.2722
58180,127024.375
109814,7318.388
118950,177999.16
25658,13691.051
10616,1192.9956
26915,61531.543
127799,42287.91
63434,7958.1274
67934,25172.625
99529,11592.849
117435,14174.135
113893,28038.691
137359,84818.17
26346,16569.709
54604,11495.988
105087,4796.8887
138475,20895.447
34762,5639.4375
48171,53674.27
7986,85019.4
69821,54867.723
94852,24224.154
22841,89419.734
65293,12789.417
24221,22132.611
25700,58081.39
101543,3074.571
62107,8612.221
56772,18232.71
34958,74439.04
113328,5717.6074
10474,9477.513
5471,21995.867
7457,124913.18
52449,4497.085
90269,86344.12
6748,20748.549
48636,11992.068
11828,1521.369
143041,22884.395
57372,141333.89
140242,20886.844
1760,5486.0513
111751,11708.861
70843,28221.742
42894,6688.1255
135442,35630.895
84107,7999.9536
49628,13459.088
120897,84397.16
125838,47453.67
76975,7739.762
45953,28295.416
12088,9100.571
77951,23114.19
53529,34280.242
79846,1600.3241
131675,16753.67
66824,10653.161
70063,33578.68
138064,11668.218
31378,30581.79
27910,21942.094
34673,8285.305
72300,20511.336
83412,2418.186
98822,156185.88
69508,14639.802
47927,8252.033
90660,20087.088
55700,4466.87
71412,34610.0
45082,23726.113
85191,21368.006
109021,12456.092
110076,35623.504
122938,67332.11
38229,25062.816
55243,52280.734
17275,22452.705
144241,83236.82
110590,2123.996
69537,25692.879
91715,66048.07
91322,11274.187
74908,78958.37
6311,45877.547
144390,101462.19
8304,50419.777
36822,12597.82
53221,57908.23
58403,77924.25
93477,24185.553
142776,5527.4556
67019,56398.867
16138,6899.268
34687,46009.016
128436,6434.5273
23939,9479.517
52640,67369.086
59996,6221.8438
108615,20336.168
17433,5321.306
47119,20824.027
141776,95152.2
27568,30663.965
132749,93783.945
90588,15074.232
149372,26609.807
121428,6042.911
21826,7340.209
66523,6932.356
6113,29090.057
21125,15172.207
63287,6089.8906
82969,33783.004
31273,114446.37
85007,5616.3467
145767,17578.965
93012,36720.586
21136,36589.934
97225,8427.31
104412,28011.055
26534,14298.471
15856,6887.5835
65383,20886.088
86926,62847.324
64755,7635.4
19078,20853.477
19734,7144.741
47472,105666.336
71491,13959.629
19815,2512.2327
27932,8850.263
62277,22671.152
121697,11067.395
98820,5691.432
142065,7310.754
8238,4192.207
25045,78388.95
74068,61830.973
94939,38421.562
16962,11484.494
2383,99391.19
13648,107805.6
19866,22346.428
17706,4830.502
112830,26209.64
32363,18827.182
20871,9558.68
34650,66458.09
80158,20103.768
9897,173587.81
99350,18766.42
80495,7634.5176
78683,63213.6
78295,25828.96
48408,120804.82
12100,1150.5156
39437,51336.754
73926,8880.699
52745,19712.03
76481,213433.89
53060,129113.84
100407,35891.066
38686,19393.338
63623,4350.0425
112694,53581.312
75605,78552.1
134242,8008.9326
10769,26324.674
83561,1488.9535
115319,9623.167
15023,30202.908
82379,180574.95
72179,55863.766
135877,16984.48
128780,16332.467
114378,66972.45
77116,2848.1587
558,12427.536
83153,22302.14
54493,11323.379
113300,7839.9053
19653,20349.365
35237,13148.559
128723,8989.35
136948,3532.3276
34163,4760.673
145597,14557.679
13708,48378.055
148235,67522.13
53512,95009.164
47260,46664.344
45698,6971.9526
128930,1540.0688
122270,10751.904
39964,24565.14
90499,108278.484
109926,90309.086
128329,43992.73
52364,42052.207
104011,38705.117
101596,84779.72
118368,13439.775
121177,8242.672
66367,12228.936
63371,4846.3853
136045,1946.1122
79004,25590.314
20667,6330.9883
20351,15269.283
3263,30291.469
54180,241694.4
10540,17844.342
82783,4138.548
41313,12684.313
128442,10269.7295
44152,10690.535
124380,182676.83
132872,30870.572
65574,47819.727
82203,56650.113
48932,10786.015
24766,6823.6875
71443,30603.21
102741,8440.709
45581,25664.592
53746,12274.608
39651,2988.3342
47206,42310.24
49409,31114.885
136851,11627.51
54848,46751.49
41108,41696.625
12624,13770.992
87561,53779.023
134206,40507.94
75710,11025.036
119476,18572.2
101321,62817.793
72938,49609.348
75080,37056.15
80327,39682.664
83965,587.14044
92874,93270.13
18153,11114.265
133640,11865.825
12650,1467.3417
52170,7783.6016
79954,76603.17
132564,92196.9
75004,53428.207
52665,12737.105
48134,18521.205
58195,56913.074
114692,9273.728
46085,7264.1943
67232,123668.125
32435,40736.12
87764,40818.285
32444,9433.603
25337,59440.98
38411,93130.8
5705,8795.855
56499,61593.418
96813,10498.416
53493,13689.296
59698,46316.73
63893,7349.296
74432,49227.652
79885,14396.076
15226,308523.12
104309,6386.1436
128832,16716.473
7271,8019.0454
36731,67510.63
136778,3579.3176
141375,57284.637
19108,80443.69
2986,4713.5137
29725,10609.718
57689,30945.18
16997,4388.36
109318,35373.164
108215,4971.6123
76542,43498.72
101355,67245.09
26237,41972.363
76549,16799.04
133388,111368.586
38489,1314.4318
108970,14222.691
28561,45306.656
83101,4386.24
48405,181.99202
122635,13156.245
61660,37210.51
132693,1826.6326
26286,5039.9756
70142,99904.45
113238,15452.611
101528,17759.031
44561,10594.312
23173,96070.56
7711,20993.44
65056,85051.41
36714,19042.627
74164,17986.674
22672,125106.805
57576,10087.303
44205,43226.867
126747,14886.945
144409,30323.756
56528,22416.092
88558,21827.342
145770,113763.484
81270,11160.267
112998,4203.041
142471,32986.46
46621,7680.355
94536,88713.164
111164,11485.894
118273,7707.3213
52961,37359.043
30797,170095.66
66441,29290.734
14521,6758.993
91455,31736.96
141678,23745.906
72335,12563.77
106045,68884.234
1661,10119.801
80987,24357.55
46921,14185.089
120875,61522.805
10410,29091.994
133718,36410.13
144878,11691.914
31078,23227.105
60777,181673.52
64272,16659.643
51189,29919.814
59009,32358.863
112446,32225.705
5146,72835.59
82719,9561.003
62166,15597.761
42563,5388.115
16071,3598.8118
59980,35243.06
1136,2473.562
27039,6954.201
22155,24949.367
126372,101934.44
127766,8544.159
148745,13314.331
130480,4857.338
79441,11071.031
6313,8875.147
128150,14169.962
137442,20674.135
39129,8700.491
22804,7803.487
59610,4861.457
23786,55785.69
26410,21876.332
33103,21545.316
102658,8365.041
27281,7379.943
68441,12153.31
109109,5591.129
10226,24637.527
133559,39579.402
30509,56551.992
82905,4447.776
140772,3935.1042
53025,70214.02
147614,30785.023
97937,30131.834
40658,18100.154
10978,9453.411
76574,63292.266
102974,19869.746
136497,28574.072
122654,48538.93
27690,43444.766
82593,30417.205
95425,9232.362
80280,101745.82
56173,10795.469
134857,26593.215
67028,7434.683
15104,1897.7532
5027,152609.44
114061,17304.877
149132,82080.16
116617,152349.11
79448,145468.84
86446,16372.182
15939,2049.6963
143034,71119.48
35004,10178.026
140244,6829.9385
9133,114308.09
2863,22280.654
94975,9575.229
132514,8784.798
109543,9603.947
20800,43835.656
4132,53449.113
39896,7144.358
53941,7827.7563
94425,22375.918
58809,16791.023
78596,79773.52
108057,58762.914
108984,7022.136
74904,14609.431
4065,4877.5854
68078,37398.676
69073,14117.109
131961,30143.414
121662,12239.431
103186,9771.195
106332,3043.343
107965,14157.946
131016,34296.434
74281,30472.615
39485,86197.02
65966,59766.336
108664,91199.51
76046,6573.687
73389,61055.812
76534,20447.215
33521,5038.4873
144405,14991.271
148070,243591.2
12160,34807.707
128883,20553.705
90452,37732.812
28261,10852.617
94464,10350.618
2944,9046.276
16784,117314.75
48818,32491.266
134565,4917.852
103364,15547.866
57403,34091.395
100338,101034.836
44330,14745.704
93236,105553.625
111440,96488.84
148956,19157.672
128881,18227.121
25646,18428.842
15715,18063.38
146172,66261.8
30795,18762.268
12911,12714.276
99979,19081.512
52724,100911.14
83892,7063.5537
26418,4269.4146
130037,109339.43
80131,31497.584
45946,8639.199
6137,75694.25
28511,33919.31
106633,8604.667
52200,32082.348
113433,127605.94
40477,39511.14
16162,27878.26
94763,10425.58
100090,13075.783
42026,53283.703
106492,21312.586
115716,3606.3684
34528,9369.793
16753,11378.452
29250,18054.37
5616,61570.07
72084,6090.915
108046,9830.275
115225,7693.6733
76979,21223.059
119375,10027.967
40894,4453.1045
113393,4378.534
4169,96335.12
33987,15817.121
2417,8575.13
148464,386049.97
95635,16689.268
72951,248605.78
106299,4513.9424
96256,31783.525
110651,65208.03
94785,8016.7217
18142,24751.361
85913,12934.08
83882,48942.734
71559,42412.99
128197,31551.715
81499,73723.85
128219,32503.822
132318,40765.977
27184,12600.797
85729,150348.67
41277,26835.365
72403,21179.742
149633,24906.457
41989,2575.5486
20894,1880.4343
45226,409727.38
116115,13225.249
142946,9133.411
127537,107505.08
73051,23798.805
138023,108574.375
30746,13626.211
71650,6216.826
119452,29601.357
28946,243217.4
146062,68832.93
10262,1117.1025
18746,33955.633
38827,55207.41
44726,65448.594
6387,599.9206
14097,92308.27
85358,19112.086
52481,134220.86
31243,9824.662
29700,11283.928
148437,100047.03
106128,131743.06
23980,9721.147
35289,25065.941
68069,5320.4106
36924,25879.795
28791,49834.09
128287,12095.265
142732,180488.55
98641,43389.637
60994,9577.057
17164,2038.7405
9907,87791.34
140087,39684.582
44128,7154.025
87246,2496.3647
48371,3604.2026
105116,12256.232
29478,7738.1333
63416,24561.246
147590,44536.93
92926,18970.18
66212,3770.4395
34675,90523.43
65981,40290.684
19551,4363.1797
75709,12039.858
47982,68029.09
70965,41899.098
135549,17116.041
75734,17403.596
26337,18609.738
92149,18495.738
129959,71365.086
59823,89597.47
101116,32017.104
51765,11118.599
110963,63593.285
111988,3978.9368
88675,12562.125
146157,9331.127
77668,7637.9795
17766,15504.355
39206,15454.533
119840,6770.532
6713,44999.5
143828,29876.953
59476,54377.547
100443,8069.614
134027,866.02216
144922,9551.94
92683,32579.814
118036,37230.156
147421,8273.358
122126,24606.203
91226,9320.016
82042,59208.785
58214,34550.426
31071,3064.3115
87592,43715.613
119582,255557.42
131013,10871.56
17372,35901.145
58224,22975.127
69827,18850.564
122315,25386.96
54199,105126.64
115105,17531.31
108818,9481.254
98441,14432.894
82536,58468.844
68017,2531.6338
140398,42701.438
6324,58949.957
127786,14047.634
133030,60160.082
145923,8990.495
84656,42105.395
54567,36688.69
101318,15041.562
68749,102893.875
39542,13266.553
20406,23798.793
84189,12456.505
42114,12084.322
133358,10696.92
102181,22115.18
51515,8675.865
90972,21330.188
113960,173390.47
37456,54484.812
140183,93787.1
29050,77468.86
108173,157052.73
81476,54622.395
20001,25278.053
65291,2565.8945
17157,84102.2
80413,12604.381
119575,84953.39
89107,57778.57
45603,75844.92
117654,152762.31
86488,20898.195
20986,10965.811
126925,16253.996
93643,27026.227
105340,78309.4
143962,20005.031
135122,10162.513
105501,46230.97
15374,211115.17
77329,25954.008
71790,10893.378
35905,31788.623
10940,20468.379
69067,15280.925
26326,7297.538
101710,138632.88
130877,6640.4497
33412,11946.118
138483,22657.967
10957,2944.902
45350,107943.195
85335,60531.062
99197,46032.613
96302,50637.297
30189,13704.32
15830,9138.381
95242,1460.3588
44449,13226.59
75224,16001.411
99429,4857.6934
94245,6171.5894
22237,9667.882
14,28234.777
45846,84534.18
1808,9946.895
70174,134822.64
96980,3459.867
84897,45598.86
109681,18337.389
24238,6079.5605
21583,34760.67
27745,22297.96
27468,7542.136
113598,-376.0854
72422,127593.87
39597,15720.804
21599,38998.043
51762,27506.275
28466,14907.64
19192,13060.676
134420,13333.931
63349,25733.861
99361,46008.984
6057,9474.404
14161,12368.168
68353,14999.275
67267,11623.409
30475,47268.4
67079,4190.5234
41117,6224.6255
121639,180310.34
6656,222072.39
142063,7373.452
112486,128843.69
25993,21472.734
20827,10836.522
4436,45796.086
138782,18859.973
90888,13171.34
120442,7880.67
85333,67385.14
145355,103249.414
79706,73964.695
13782,8797.57
70135,8436.298
53173,36776.246
126798,8967.112
98067,120271.586
13086,2965.9346
135440,134059.73
43603,34633.94
80430,73262.02
132657,100798.0
58940,19207.223
17034,3929.7354
77208,64075.85
93250,13204.482
22395,43729.656
60130,8018.6753
130892,10566.001
108647,1006.6566
95658,83974.21
31516,28901.68
109514,41495.62
93269,58132.715
92108,21368.424
95775,9561.497
93182,164457.58
129589,9873.855
11235,31940.748
130001,73779.484
83115,7828.9243
95309,99602.91
33343,45556.438
15907,67686.945
140090,83505.92
95570,27002.96
80847,134331.34
109137,6076.977
87673,73035.234
14833,30518.623
69102,37046.47
103551,44995.082
70478,7962.0967
52436,3589.2148
18072,121906.336
36631,94748.734
54802,8516.243
3498,15126.775
107229,3312.8672
146960,39384.926
106762,4216.8184
133578,47579.16
49705,114012.08
94514,11540.713
80582,7518.6597
123368,26781.854
29383,101159.07
145952,736.4967
91703,27902.105
110010,30629.816
147512,4382.387
97667,73204.41
116457,23988.494
144505,91397.5
138528,4508.9634
16337,76944.47
74901,19669.727
118054,56382.95
43448,7569.241
4412,12047.321
10623,-727.3309
56031,228772.78
112186,5704.198
101480,7114.6274
39130,14541.06
6513,64887.637
62651,50109.395
61246,28835.66
147300,17792.625
16044,5021.918
130323,59815.082
83382,8291.871
139708,10102.083
122200,44240.46
26002,27072.408
41427,23949.28
123085,8930.61
54477,5904.517
124567,58350.832
145401,7135.033
15249,721.9272
30859,13530.95
132567,30167.664
71535,4887.833
84455,28052.879
88397,31292.805
123456,35985.324
48433,13359.083
57400,32761.809
134559,31108.895
141663,7590.865
62214,86796.83
70808,5454.474
63274,68065.95
85646,51187.793
141573,53481.72
123802,51597.145
74975,27631.535
13388,35972.113
32368,47060.887
81715,72551.81
589,11562.2295
61854,16095.318
128855,325749.22
136381,97099.17
47827,100613.516
74748,19104.475
66520,12417.579
78302,5991.629
43534,21637.244
135921,9633.056
109685,191371.64
43749,37537.84
40410,17365.451
102661,10046.764
93510,76700.21
43945,32353.375
32067,44866.965
28025,42656.18
122305,88317.01
107878,14973.294
99983,25131.943
1820,16952.516
92119,22967.396
4617,43935.68
116790,14276.461
19988,14129.841
42786,9010.827
83928,53967.086
131233,60536.406
27954,94375.97
92902,20170.164
2728,51107.594
114915,5171.5376
3654,9302.88
28431,6151.861
94497,19175.846
14243,146627.52
48441,21947.396
11270,8292.869
6834,21551.129
49172,21404.35
72430,94833.57
81372,77180.695
130511,26520.152
39016,95757.24
128405,81389.35
41735,52126.504
53897,286816.2
128213,50038.137
119618,26263.5
83676,4495.8794
108748,15298.368
108923,59527.242
27097,85158.6
148872,6236.071
16966,140405.08
107155,2982.6262
107784,107406.67
107650,15902.614
22895,328132.7
45344,19998.57
149787,2810.9016
80551,24953.254
96487,3994.7498
128688,32855.484
97680,-352.02884
21171,30478.42
51204,23888.709
61240,42994.82
10749,170080.28
105798,106005.31
26578,8796.469
61274,24005.361
40804,9870.245
135857,91628.305
59444,17704.64
53660,36682.6
26170,10332.552
64439,4638.701
114592,6973.3105
56867,2296.8125
140700,7980.14
136527,264176.66
68051,57954.074
93498,9166.434
89164,29419.654
113922,51471.832
148134,136678.84
13755,24213.53
63325,5327.139
2783,44098.09
94791,21244.773
113993,3111.8403
2400,11712.777
4593,22267.521
76081,117826.88
98138,119994.09
141915,61209.84
17916,46796.89
136916,28807.645
62833,4206.1924
1725,17810.238
109620,42598.258
128031,7695.327
82557,114913.97
139334,227591.23
122859,63809.797
45317,16905.076
26373,21787.898
47227,12713.901
100282,31427.596
74092,7816.4688
137339,27061.2
108068,84265.88
142601,13177.504
9640,14164.281
40447,32727.568
11482,8734.667
73616,64088.344
86250,19208.66
14129,46786.504
4004,100203.125
92612,5357.914
67195,10208.852
43573,28216.373
145500,5970.625
22595,27593.404
24743,3245.7434
25090,18288.527
101454,36549.137
24582,152161.39
58043,101529.53
46844,71364.64
68653,96163.63
117486,17301.389
78217,33304.777
46191,65871.0
87566,236664.72
75687,7343.4585
111727,94517.89
90605,31352.191
79074,14246.211
41848,21334.754
33349,30628.682
146975,7739.4517
33581,14751.874
23321,3710.5715
9218,39178.777
132459,3642.7598
91862,35676.918
92532,9418.696
54701,7108.653
104270,673.65186
134500,34110.164
149488,6405.463
102780,12582.024
127345,21698.014
3752,14157.526
69549,8269.446
19730,6742.9404
38457,7935.1294
82492,8483.583
56547,8686.5625
51335,14747.211
6800,20677.184
69031,47142.168
100774,38142.4
17704,21200.043
83639,2074.6138
149691,14066.301
53467,8356.566
118732,47094.1
96952,18718.684
122007,107471.81
2379,13684.576
887,11307.28
76269,87646.53
57380,1125.1255
131257,32578.104
83400,4415.3823
65401,5381.4346
2550,8451.152
92763,21378.348
97350,406747.7
85790,29130.82
70936,43363.336
47997,9768.178
65509,7940.975
141625,101029.42
94989,15018.863
54602,8880.339
96008,18851.143
93630,5788.407
9168,125691.1
81160,11211.439
70086,57412.72
126858,34011.57
58905,28340.783
31299,37778.66
78498,71195.45
118477,71069.52
41333,22958.396
89104,4761.5063
2734,29215.7
74070,15817.07
125358,187933.34
2969,6891.2783
25896,3932.3862
52005,45013.008
46736,3990.7368
4122,21545.475
116412,16349.031
44007,48585.996
75718,17465.746
68838,5457.0923
113576,47301.258
33531,45445.418
7088,6405.9097
8039,7970.3657
104397,15276.574
123945,33530.438
76916,13143.981
12630,39105.62
58811,10844.325
6777,20338.965
10405,12071.49
140596,9730.75
113823,23993.48
85816,20956.63
65483,22496.125
21206,8402.487
59474,6657.263
69693,13678.881
28565,52004.26
125268,15542.556
125359,16887.826
14022,12677.182
23148,7997.381
35513,70807.43
77145,19011.605
128534,78640.914
130423,39560.742
40284,9629.45
86340,103235.92
60863,31328.086
89657,424634.47
52732,5030.1714
88871,3299.6921
5005,11954.998
1795,42239.395
140169,40363.48
109589,69813.836
62348,3416.414
146826,13139.686
22175,14385.865
117098,32162.707
123175,5364.906
13942,23841.701
78535,11367.451
56199,101176.73
147369,35453.324
74573,42063.41
120223,37799.24
144992,11354.073
122029,75568.09
106628,9024.8545
71565,10197.891
111646,5357.5674
138730,13489.631
85705,2799.7595
141701,27248.385
42948,17614.033
57549,22198.164
7235,111638.984
106752,6896.1084
16654,24809.078
57248,3687.126
136153,15755.393
106214,15521.539
77243,37369.04
31948,25229.752
101606,26754.229
142152,36707.773
34929,2150.9807
12198,17824.193
30931,8704.294
123183,71663.29
57777,39511.94
130697,19429.24
90732,163563.7
648,182181.1
110217,63846.094
52711,6038.5405
10738,85396.9
15474,7115.6978
145477,32068.9
33644,65934.83
14038,12513.666
41144,108197.555
24536,12292.578
16809,44918.582
112750,47077.35
98686,86128.63
60635,80066.016
64617,9447.86
62488,23287.055
104705,11847.966
141492,29165.074
28461,28154.033
30828,8965.046
110046,8773.541
119390,21862.55
2018,108416.13
48007,71453.055
18007,76106.09
112593,39671.895
7795,25492.936
27533,100033.914
37311,13926.95
8418,15506.732
51014,29512.375
52180,104213.55
129481,113506.78
92330,1379.1855
35261,135821.58
68165,5836.172
127639,55885.598
131042,67430.96
3366,4148.206
81658,29498.572
88554,2452.4363
124246,29002.578
63878,70665.19
24362,19823.176
70128,175733.23
98480,7387.416
106559,12403.684
71756,85676.57
24789,1751.1393
118130,3690.618
99081,28817.002
136516,166948.45
11357,2468.7944
55565,5289.8965
111396,54711.402
37404,2313.1987
125456,4672.3027
120892,10354.872
116869,5816.593
129757,39473.48
125435,87997.66
103304,14552.084
51601,7842.662
144262,10425.999
12928,18633.084
149273,173798.42
144539,2302.121
60978,21029.139
27348,6571.3403
147678,29061.674
33611,32723.678
56928,7158.462
81780,81975.65
47096,9815.214
16856,29403.781
71339,3018.1575
7785,100437.09
33306,12281.31
124676,3004.206
59401,95951.46
100748,15970.946
122379,3591.046
9172,22068.256
60998,10587.63
20706,38732.668
40494,19031.363
46053,2943.8486
121942,46616.566
67483,10931.45
86086,72271.8
41075,24754.146
39484,8948.6875
59550,7848.2837
48661,12800.917
102588,17537.7
41857,35882.12
58622,2861.8105
127661,40671.664
89575,47985.695
124346,31402.428
31006,4433.176
15223,31018.432
11180,7716.4683
86601,27449.51
92265,146179.58
45490,14274.512
117602,100652.14
76008,24324.41
15863,4513.468
25140,3056.2415
89058,211028.62
71540,115191.91
147549,92023.49
44478,5244.2686
32356,14969.748
14008,47180.58
130567,7909.7026
120835,67659.85
21120,4404.407
88307,22401.062
101944,141500.94
6851,14442.371
130706,3396.2983
130518,25608.865
43816,9630.325
125588,10371.765
81243,17012.525
27410,20863.803
69856,5640.17
57389,-652.3893
63693,9631.006
54682,131835.4
14611,7639.6196
120658,55200.586
7442,5897.9976
73780,4337.204
85374,3183.57
51770,6416.6904
28496,9779.376
44519,2844.7942
27849,37735.676
23922,9163.024
149109,176466.4
56229,10510.945
48044,26967.953
4097,8149.0415
41206,8414.065
72996,136607.69
132015,84692.41
119131,5802.713
4239,96230.73
122195,20886.844
117066,33555.824
131888,48565.23
59199,74642.7
98824,62250.676
82173,284994.62
145690,23122.12
124342,87656.21
147892,34759.133
5265,62727.266
773,88041.94
85402,49023.855
76093,6728.301
4341,18772.184
95855,12440.595
2538,47026.94
85344,5994.791
13067,19476.865
80087,14225.184
2583,127557.43
67423,25219.885
69387,13409.911
117108,192805.19
134217,8429.316
112404,102727.875
12835,5064.156
57212,41678.27
127969,47188.246
85018,13960.412
26557,34695.73
98814,15457.802
54791,12179.352
149574,8475.937
143611,80707.74
73388,74796.5
141843,13761.061
84992,4184.0786
110042,85790.836
50579,29584.541
27366,107542.04
149715,10567.576
53928,80479.34
105787,10677.754
50712,57734.97
104698,82261.016
71000,27133.654
118387,32439.79
98468,99337.59
76476,6486.14
6820,106355.5
137609,11656.229
64187,27903.66
38636,44430.918
57676,31075.354
107370,15450.957
39175,40570.09
129458,106986.305
97822,4654.877
69318,2239.9983
713,51914.67
51304,6484.857
121922,41726.18
97894,8487.957
73451,78123.336
30199,217858.75
140038,19029.31
22594,102559.23
140304,58395.63
92707,25569.488
141844,2724.4927
13457,48198.777
129893,55479.97
24630,63914.215
23069,21578.596
46405,224734.83
4723,10760.278
44844,15414.551
149322,67832.66
28629,172131.6
11157,38257.51
53056,822.23834
66394,39618.73
8837,4644.452
15908,145091.9
41202,28531.852
141063,40040.492
89871,40490.17
45401,14320.68
96629,3931.5635
61070,35741.08
76842,94990.62
124440,6287.955
99932,30508.273
1165,9377.939
67580,50348.934
71204,48993.47
127444,3572.8384
17970,3223.3413
41834,31042.559
30091,8210.693
44508,315483.12
111819,2238.5505
42603,6281.7534
72714,22465.23
145734,36854.367
103132,32243.156
56881,14460.058
75776,97877.375
120339,115461.35
24417,11743.018
39663,7807.0015
62994,13728.859
11841,13984.473
24403,17691.662
26287,2724.0454
135880,8144.7124
87260,8734.86
146732,28595.15
22294,78135.12
120493,25287.938
15618,9724.657
130479,3492.1975
75672,3978.0454
26732,5005.2017
113435,16807.105
114161,5634.3677
23909,14552.654
104681,24064.273
999,12744.592
7616,4158.058
19890,70335.0
78537,91843.766
117687,25131.271
80946,218778.34
72089,15537.97
59744,49359.75
126538,15277.913
85636,7546.102
55377,21090.148
63067,90798.07
81398,29864.562
55241,2805.6577
37707,67574.055
97976,19018.127
57815,33076.504
450,18528.979
68520,9075.521
52108,5478.556
125934,16821.186
62332,46354.984
90413,18319.832
48740,7689.032
104272,8891.251
87691,31985.246
35827,45445.418
114650,8269.006
39006,9908.607
115744,46387.895
96205,10875.898
70552,136585.17
67219,12754.4
133442,61977.426
98142,84379.42
125808,14569.227
139162,10573.101
146398,14594.188
84078,73605.97
56636,20298.936
69322,14421.552
43690,13043.572
13332,65167.188
11659,1339.7953
84247,16504.383
106925,52293.895
130554,47596.926
75336,21646.457
64279,14971.149
22036,70075.78
11632,97617.23
24910,7039.7046
109374,78436.13
58031,53099.973
68314,239795.05
100242,28159.104
79823,48962.598
7694,30677.143
18102,15046.381
84768,22661.654
93811,28320.76
62327,23630.686
68095,154810.56
86347,8955.325
28551,43132.316
56816,52358.793
47188,62080.02
55638,5045.035
50737,70875.63
40999,87033.484
73637,11502.741
139142,49584.387
25062,51748.86
66761,49060.77
56167,59183.746
92643,47802.41
60344,87115.05
123670,7337.544
127626,6283.167
116373,16572.758
58496,14554.128
31453,125848.516
23444,42214.234
115483,5336.602
51148,58112.977
63280,303.83224
113673,57406.617
126293,27340.973
135454,44778.33
128217,50733.08
53877,16243.437
35192,22594.783
78941,38833.195
130265,48495.72
117612,60607.008
104456,10873.958
103441,87739.76
82315,9551.392
7640,6675.3853
37724,4481.9717
42472,48661.15
140051,58652.004
50747,46064.42
58372,18480.395
142896,13928.224
20060,36812.562
102961,3007.5469
97848,34091.395
9695,53355.957
64766,127868.69
64996,4417.963
10386,47665.797
77124,18308.719
134080,18237.707
50209,9630.401
149440,19947.902
135996,9453.954
92767,14801.299
41016,265277.78
142874,5850.2695
44567,17260.154
123369,6622.029
107523,63785.188
119597,76995.37
136984,7647.165
32763,20154.746
103393,25176.68
44801,100064.66
100548,11925.404
38594,3536.4656
96859,11885.296
37523,193104.36
52982,35640.18
139101,81660.84
86774,47737.137
122734,37832.24
36469,74903.04
23646,53130.62
89444,27375.719
121415,43820.45
59592,62080.67
138653,73512.484
9042,38775.33
140900,35888.754
98038,34635.41
109642,138572.33
129407,43900.504
123641,103451.05
144159,35468.895
111654,11275.978
100323,7346.882
24142,7414.4243
122551,91034.984
6762,22647.797
88263,2072.0054
127641,87996.63
42047,48144.46
30368,76907.92
50653,136333.53
61746,20067.32
138364,37964.492
49428,4494.365
116591,15576.403
114370,74062.47
103522,22561.275
135554,22780.84
5779,49884.934
121213,4260.198
134596,15737.316
118816,12220.75
23536,27508.379
19471,79908.445
89802,4227.9897
42302,8496.326
56132,149275.44
83802,63981.88
94295,81188.78
71109,78721.23
73351,31831.123
4765,5849.9
40405,90756.805
4376,38301.57
121122,39467.234
4019,15648.839
9594,25701.875
88283,29550.152
16942,12230.384
2675,18025.635
85390,90335.875
87497,28837.672
51929,72310.65
137461,10587.545
6103,1649.7192
72896,1700.8893
7538,134601.8
69676,3749.254
84445,271312.8
54083,30515.146
138104,12392.721
50716,10281.328
14130,5874.928
75503,34724.32
87926,19298.104
104395,69152.25
43742,7342.634
68004,54943.28
70545,19454.61
34716,126430.805
88892,25073.898
31429,47711.816
53835,18136.938
51595,61805.246
119268,26612.355
113978,24147.035
134138,12796.462
8822,31472.918
92873,6064.3936
3604,15145.027
43251,77122.7
146000,6790.5005
136923,15583.647
40053,12212.9
88785,17408.072
11848,6997.1343
65601,155908.81
80809,3331.9001
82160,20022.15
146165,10303.467
110626,23903.264
41258,11577.326
115776,104268.234
127475,5217.633
80745,73442.91
21005,53423.844
149115,17830.25
129288,44847.984
112569,102000.055
26819,7704.591
18283,7434.6143
93066,4721.5127
112324,49446.61
148516,8444.595
3949,15946.735
123741,116831.3
10835,9588.47
61409,10266.938
102304,33810.402
102506,219450.23
123684,46427.523
137443,3737.9495
6797,3724.5076
60544,121980.14
132681,7919.232
99043,28671.244
65393,73675.73
12615,3619.6885
147186,213338.84
103424,49009.258
45019,3875.1765
111802,1375.3785
143991,89622.66
53864,10551.946
136242,173693.16
128935,39563.01
129388,121377.59
79978,9476.9375
3401,97593.945
132619,23221.43
139104,7715.549
100937,90512.03
93882,43270.875
126547,9373.276
51652,6199.39
110198,64229.047
113948,165108.47
62829,109981.43
82679,7364.2905
101962,334771.75
26780,6245.226
22027,83778.734
74734,24417.982
116710,7107.709
25628,7442.3936
70968,12068.737
87791,48438.207
61098,52751.37
73153,57463.21
139611,19565.748
15409,6316.5376
18260,1720.1776
95024,14737.177
145526,9143.461
61458,12054.976
24519,19500.62
103071,29657.908
6128,142116.73
49548,9313.294
42349,198851.38
92865,22453.11
122387,24049.639
106615,28518.13
82162,21704.494
116851,9207.785
135400,9473.404
148040,3727.8667
59875,5179.186
90328,1895.6334
105273,232855.17
119588,15250.716
38268,117020.76
73010,6907.162
117052,20595.81
3274,19305.027
113901,48792.418
98953,25957.129
112870,18149.922
99823,4048.8374
76741,23214.68
2844,103831.195
71620,18961.793
34137,12137.426
145103,8125.6816
66073,8368.481
48721,9679.035
143063,9206.702
91369,32122.78
34999,22886.584
41673,13809.68
1480,8355.627
141321,14849.953
46745,1680.6282
50571,10223.035
72026,7495.2607
113847,4366.1357
115229,16781.373
146930,4660.739
148284,24949.025
13940,17557.43
52585,64849.1
78633,147675.14
132685,8111.906
102786,12530.839
149689,5340.7427
64410,849.72577
71919,32626.242
31685,37679.598
50839,75953.65
25912,12865.412
28327,14185.344
38168,48701.84
23029,11377.118
133889,7149.125
54136,19240.82
20436,5457.095
121382,213415.2
13379,40734.715
145047,3588.7979
52776,75934.02
119935,7073.0244
75797,7155.8726
3088,30034.568
72405,75601.7
98314,140734.92
41169,22104.943
27052,159620.25
142708,33491.44
36931,22758.174
65284,2081.8198
67472,12792.142
68363,68195.336
5208,10013.577
83775,20373.28
64937,3725.0923
97578,31657.75
75541,62271.33
80437,5094.128
49700,78486.94
125481,110410.91
84830,31226.2
64781,7712.872
81580,25607.033
79088,68395.49
147540,50293.023
43329,57028.516
68020,77077.17
118766,109964.516
141436,61234.49
59645,125779.47
146078,2009.897
17225,85023.55
55206,2231.813
131245,16741.908
83291,3186.801
51301,12603.236
107381,24917.291
90450,6654.011
69950,23095.773
98755,8363.66
39971,14002.201
46332,7038.972
148418,6358.5483
104241,31079.287
53542,44378.453
104734,18511.754
146334,86275.37
52586,20106.254
77120,28845.87
7637,1142.7465
8325,33098.8
125260,4639.1226
54375,52232.234
92115,46611.297
31890,130823.97
29018,5864.3267
40624,53434.438
63344,14712.017
81124,17407.088
8330,10384.231
112322,89667.93
12931,1338.9341
58042,54419.047
147620,17437.754
665,17474.385
125896,33446.113
29147,39942.035
61518,37504.98
107663,39869.31
63269,3122.4922
100121,9962.241
71678,42883.754
128923,10530.979
139537,14283.018
112624,27343.072
76366,56563.816
83347,10084.478
141334,29539.254
77420,21216.28
3314,33947.844
99555,13605.241
81197,73459.91
70026,13951.448
62434,186100.2
120918,14940.945
105997,4839.541
47916,5366.9736
137107,15872.903
74813,20494.3
36713,6328.7554
23324,5506.688
4682,6148.049
119660,20938.482
76762,14714.331
120003,17694.209
31040,9190.224
135173,28500.709
123746,17476.434
55872,32125.031
14336,5135.0547
67803,23779.625
146074,97130.35
26413,14246.908
5472,114604.234
78666,7947.911
22898,4303.052
88919,74562.6
79222,40177.06
67464,42222.715
53649,19282.178
74407,31345.496
86881,25242.016
90116,29068.746
144815,42858.574
93369,41608.184
116162,79362.53
58819,36486.777
61780,8549.391
66363,23894.986
115800,29309.553
102880,125767.79
138827,119219.17
130322,53010.57
122536,6276.367
89092,12018.1
54378,9621.972
93252,61706.445
97136,15658.213
73751,36574.02
59448,8390.877
137509,51427.59
13142,6217.806
51797,53736.758
125837,15858.259
96279,3824.2751
140204,5219.1646
34759,3200.0298
85477,65756.89
87600,121040.19
112355,55144.29
120108,23832.75
39886,97179.9
24506,12243.302
92704,42631.01
91485,17912.818
86054,4250.2124
120518,2126.1711
19666,132883.78
29594,18187.246
142004,27855.926
40349,56525.684
100923,35915.684
70866,1651.0099
32387,13568.794
19736,95942.36
92692,9412.382
97115,108907.84
90879,13124.959
102594,11927.41
66268,1493.053
42445,75754.69
39336,33427.145
80598,13632.269
51419,238.41716
111698,56182.832
19046,11492.04
149077,2545.4717
15346,4165.58
132829,2434.2473
55110,3272.4973
14506,120458.85
43753,2271.4773
16009,1934.1335
103408,14544.377
105345,70707.68
95702,10854.644
63951,31274.846
109533,23699.867
93352,52627.203
141823,13730.556
18121,259451.75
12450,8961.576
65845,28197.197
127291,-397.67255
29239,22050.162
129715,3820.5125
85911,7139.7085
55924,9288.188
18937,16407.303
759,60544.11
18756,734.37683
4167,31564.943
2651,14782.44
3191,39021.777
12589,39566.707
93698,37237.926
75194,21173.697
7119,7226.159
22130,29082.027
43103,21587.922
8482,18415.014
53602,47854.82
91682,73956.86
84254,72050.78
100619,16831.994
125584,14610.746
65830,18989.64
90144,13905.843
114524,44910.285
23816,7276.3286
131495,16605.592
144531,112182.35
114621,28365.037
43510,18609.121
69147,1306.0103
19054,51897.586
63952,10587.63
26358,30268.248
24803,4709.2593
93002,86913.16
85124,18442.928
30142,58065.312
32021,43097.727
29201,20438.35
100261,92020.23
102799,10580.378
144397,24278.26
66255,135575.4
18297,18988.018
9676,71246.68
1939,5561.567
9207,16986.412
69004,4366.2163
50016,52074.63
44407,7054.2666
11310,7072.65
84000,22690.803
23453,26593.957
111948,145900.67
6792,196499.61
140949,3296.6384
93307,88716.14
5022,12948.459
141671,84279.07
117667,145699.34
4784,28449.836
16007,26858.912
54699,21424.31
121551,4892.6323
124755,260328.3
7778,147381.33
99548,7197.852
33003,35793.38
59684,1500.9004
103353,22881.021
115803,90722.71
144991,34845.234
2575,9296.073
3628,2146.3037
55252,37475.81
37831,15377.298
75804,4532.7017
95745,14568.753
75872,16424.17
111938,8791.329
136352,35582.117
98214,62989.277
115996,5199.592
92579,14617.955
41709,6961.8765
115061,5202.765
121600,147789.86
22834,20589.125
111368,12667.07
20023,13775.448
148867,9255.114
21770,47952.77
4251,97431.54
75867,53400.914
25169,118843.88
104781,23026.9
91091,5615.3945
83031,170728.81
13667,16779.766
70383,9218.435
64568,51141.45
88524,1650.7281
56819,4664.7827
71561,9594.018
134512,114254.62
79306,133759.72
139529,22594.875
94869,3289.0557
42671,7791.8647
94421,18188.72
120565,20197.607
89622,47510.457
87196,57158.234
124918,7771.25
53523,14256.878
34751,27185.072
143669,58444.816
85653,33211.44
16835,12790.151
16318,43530.562
143589,4474.1216
103920,21819.344
128248,28066.785
89637,5531.0293
44655,1341.118
5885,151244.14
130359,81846.164
30858,173596.45
58121,7731.015
20508,41293.73
48551,42667.977
66549,3947.4836
134313,23005.752
941,6465.797
132804,2674.382
62317,169458.1
55887,14477.758
16967,52234.35
120817,28388.768
48984,33386.86
17060,3585.0518
98662,26706.193
136584,15595.694
107801,10683.786
140192,18094.7
34860,49470.047
124023,18743.135
84392,34105.395
84103,12671.642
55648,14336.97
74355,100170.66
54824,26390.613
10294,8262.8
70204,7015.8784
145436,49035.793
149444,7790.062
79772,8549.391
30239,2865.212
120512,7670.283
81271,31254.479
34288,31340.357
76391,3182.7268
113106,162772.52
31285,4217.31
85377,37098.336
55853,185325.44
49625,15936.411
87050,2752.6877
45907,80264.41
12483,28425.46
54063,16312.316
25068,61029.723
143105,12772.188
100344,6076.462
113430,26989.936
34208,49411.18
2152,10076.739
40356,3506.896
87222,48129.68
134959,5010.943
81830,6068.445
53063,104487.75
78700,15682.501
88960,57290.668
51660,9568.869
149907,76796.35
57377,22600.54
71896,92497.67
136554,7703.6436
57838,14877.155
22812,46640.03
60897,22034.844
56382,5500.4463
99678,70186.62
5389,5508.507
92946,19844.045
71137,3804.2476
106422,35272.867
19087,15750.054
63236,14068.078
107256,70660.2
133653,50030.42
141629,9560.162
19638,37946.523
3289,52134.914
138755,95962.13
53531,3782.628
50417,24516.219
5882,10447.647
25449,27623.672
45065,76494.99
95479,81100.33
52223,13012.727
53668,4174.3203
18228,22433.98
91443,39750.58
97219,56007.938
40488,22336.748
7444,53560.4
30686,3349.177
21909,230615.73
28922,14956.977
17549,14130.59
14684,20583.463
41812,25688.26
58753,6666.328
26042,17891.863
129716,9586.085
96433,12580.633
59449,90800.695
10092,41327.125
29003,108657.664
77832,78382.586
75514,3532.3594
50108,12875.201
82715,26571.97
28988,6017.312
108358,16748.072
128715,126367.4
102505,12072.711
53207,13262.69
116508,7934.5347
77312,2334.136
73989,7050.526
28356,5826.18
59128,9195.637
142005,6754.0537
14230,13205.763
7960,24158.248
120983,2284.116
29670,1689.6091
131762,212612.56
14646,116734.52
136458,9122.028
84244,11750.99
138101,6001.101
124263,9754.245
138028,14761.83
145069,107268.73
14980,4340.775
52342,5777.9385
57613,77701.06
54698,25802.863
21152,8380.933
34314,6910.22
107805,42795.766
148700,235207.94
148587,3307.258
25118,8800.174
134257,6303.29
141267,8710.27
61913,56687.78
138862,13670.49
108528,139386.28
85572,89405.3
22116,3664.6582
74013,242470.9
44967,13749.058
130735,12717.325
104611,16049.781
93191,15476.525
2522,39184.426
144196,26601.33
13239,26601.848
7189,97322.97
61319,177584.66
127273,15824.554
54506,24331.607
110519,17187.51
16180,12406.186
64137,24747.336
70634,22658.654
46897,9540.532
18310,17031.035
68454,68079.2
99693,27994.932
54259,42161.16
43947,9395.17
45759,10383.512
59347,43541.207
113271,6690.835
85094,31930.592
35494,15422.925
67487,57845.414
98631,47270.29
44480,12086.848
56828,182554.06
63329,11616.75
95322,15795.698
3188,62648.23
77851,2825.074
137060,6854.753
72440,15690.053
21056,32463.066
38918,4755.1587
65491,11657.886
133818,46500.82
43332,31239.35
84074,18728.16
88505,28221.365
32011,17072.783
148550,79974.914
95511,12491.908
41796,24902.453
94078,6071.59
90367,54003.746
61187,49255.504
50315,75305.53
149945,41897.594
92768,53906.32
112504,87594.75
139496,9649.835
143107,107175.56
16513,34737.64
140848,6073.337
102761,13918.5
134154,3137.5613
69650,128861.69
71960,99265.89
2428,19684.523
131279,10345.943
122995,7509.3125
57627,9693.166
139900,20789.127
43621,28382.11
87539,38152.848
120061,7373.859
46922,9133.827
76615,17279.658
146749,1312.6417
143969,6264.383
13168,10818.031
21447,26813.531
42300,24583.19
133707,53055.824
132703,18717.713
40191,26079.998
125324,9991.949
85408,31473.295
54563,70923.89
75176,53419.004
92430,43671.637
85154,20531.52
76773,8661.213
63068,9750.585
107167,12789.618
127816,98634.125
100082,69627.93
135642,50291.137
90382,1411.2496
18878,100622.04
38199,37802.824
111817,75269.15
16757,22322.396
41736,49129.035
30798,7785.6685
23238,41239.07
137924,30161.104
82987,191.35728
1264,17934.844
24999,16595.613
143192,134622.95
126214,4849.5405
25434,59512.996
92925,45629.285
72132,32677.508
131020,2719.1445
78835,43151.566
19835,60796.312
44243,22535.29
2669,125719.23
54843,19100.803
89369,19588.775
93126,22289.895
27516,27004.732
69702,8512.358
98991,40300.99
6228,103136.88
78161,4187.0396
27519,38143.477
29694,23010.633
35505,26318.623
87208,6946.9727
139122,7352.476
26225,14879.392
111018,189643.9
57281,192216.23
148271,32203.715
71715,26322.33
64918,6383.689
130834,4461.9814
46403,32359.395
2878,146642.12
46142,9152.31
6939,6773.2036
58517,8476.113
30258,7822.1816
66326,80882.79
85108,13195.362
121417,3140.3154
22604,36133.09
46223,17540.85
73962,20302.812
10186,19384.863
88617,30500.133
127053,118808.77
26187,90220.89
66768,21681.094
59355,40524.992
111716,4486.1665
50678,84851.164
81970,163144.27
11309,220499.69
113496,12419.527
14339,162749.31
24041,14306.952
117421,150293.8
37254,10744.492
83475,32453.248
148720,5854.7007
61064,10724.739
118833,7514.5405
115408,16039.796
138766,13080.487
2077,166951.56
87171,45078.727
52606,12357.036
143940,19540.707
5065,10086.951
102339,85783.87
148585,27691.963
84754,10542.565
97609,15819.643
6384,83961.51
48854,80740.27
25642,6084.514
101212,15756.194
94948,7200.352
54937,16740.668
34395,4456.547
15479,54727.613
176,13770.57
60746,6976.554
8410,18708.44
98963,93009.22
23128,25200.99
141718,15180.678
127280,4588.4097
84734,3564.3022
4277,39627.02
22064,73115.93
34696,29020.21
11977,80706.31
12855,18383.48
60359,4760.378
27870,152395.05
34385,43299.85
102007,14812.06
113366,98839.24
16850,78252.79
67703,14751.566
137802,28990.102
13972,16203.834
40660,7028.749
25092,28170.28
119616,61606.805
148119,8328.773
112605,16296.089
13636,1395.9658
144942,24059.328
8727,36899.055
6903,4983.1553
35161,27638.29
120119,50650.008
26094,7223.524
53547,43057.082
74208,27188.615
45861,42373.293
136989,2882.2273
7977,19346.436
125876,17367.492
29066,11771.691
75841,41206.863
115643,184159.56
53206,14044.417
126993,42737.4
74991,96403.51
96360,80070.62
27637,29307.299
66285,8800.215
139279,218020.42
19780,21498.678
113896,57396.168
80427,4226.3906
101288,143140.36
140631,17473.012
112791,6708.0835
94923,22880.857
3098,45537.633
148943,5912.3345
46050,15914.114
93759,42193.277
46880,1070.4578
34460,67352.555
89228,18411.664
63670,26740.465
75361,3787.0703
47153,3084.4639
137595,12549.705
82604,12371.529
93635,9274.532
107757,35423.188
69514,7545.6465
13072,5176.64
16392,6294.334
121157,20086.0
65900,52726.254
82927,6316.237
51954,7419.251
23112,55149.406
137610,45281.543
125194,22263.414
81928,6519.808
48198,5253.5464
20918,21153.62
10662,6426.877
100756,17966.836
31001,10814.653
143565,24622.61
110195,30630.486
101831,8846.946
116334,63916.31
133569,43342.46
76742,5984.3174
98744,34548.66
121384,147616.92
117467,3715.0989
106920,25840.783
98066,30541.648
121076,28778.396
137611,16912.838
89219,42386.7
81968,9815.179
130979,17200.75
5088,4092.2568
146087,101034.836
15414,9827.9375
147630,7941.5005
66223,35643.41
139028,68794.8
98987,22612.578
43824,1543.7937
103271,56498.9
136022,50205.15
94134,12814.704
73627,124792.21
119090,16663.309
64896,29479.396
116475,168598.58
126923,12148.98
90678,2932.1099
138027,11178.017
45987,4810.221
87710,29680.2
17505,40410.07
89925,22741.602
105277,50523.98
78738,42504.08
33039,5415.7314
40319,11719.578
140936,34378.086
42204,8243.034
39990,889.00903
112941,24517.492
102637,97773.76
105930,6964.563
105594,16712.58
90097,25959.77
131258,8809.061
97263,3266.4648
120078,21940.244
33303,30124.672
114496,5418.322
55619,19164.729
105900,2882.1035
98977,14219.91
50192,24960.086
145150,52103.96
134360,73978.83
71824,55994.223
93381,8346.367
117374,3771.7795
40213,108494.11
45818,30882.574
75533,38880.63
110823,242128.67
137263,15246.423
32842,987.76355
99609,16428.25
128404,36347.52
146851,80957.9
106227,6350.9478
27677,58932.625
141864,57061.99
84545,4697.5767
53103,32951.098
6798,9239.714
66995,36136.105
55434,10385.267
143609,27402.766
10630,7079.488
142401,60163.223
116849,10500.711
114470,58560.86
56490,22095.893
9700,18710.889
121711,5024.8047
145822,9157.053
39983,12919.889
61737,47499.434
117819,6326.5728
82606,24388.533
132933,17707.809
118822,8680.263
25497,9834.123
82962,3694.123
123397,74212.23
20558,89694.46
110754,140040.14
19879,4382.6997
107043,28036.729
11461,24389.52
81538,43426.707
112160,78950.56
60774,23371.553
1832,115581.02
66167,4721.5127
141041,30791.605
109737,81426.35
92041,7823.8115
72441,90521.07
628,76769.06
93711,7195.923
67904,68383.17
72897,40298.434
145258,65865.07
125855,31674.678
103302,14919.37
27241,29021.314
53080,6921.869
124896,7829.9023
138030,88279.125
50343,17331.078
132020,69758.41
47948,7694.39
858,18486.695
145360,151568.08
5957,14427.582
39712,20656.797
147261,27642.941
50913,4942.526
87230,10541.018
136707,10223.969
112874,18248.113
62841,106490.805
110475,23058.498
66258,32388.645
35859,14973.36
24233,12106.159
66704,8956.985
143222,11691.543
39331,30121.68
1130,9013.138
74452,10823.898
140347,84856.625
5770,29233.29
134590,145342.4
62891,13725.486
77428,23116.525
94567,4799.491
16382,42161.25
59027,12865.812
99459,43269.07
51239,35294.367
108345,9693.397
40964,32915.082
17863,61047.62
53135,329892.38
112376,15871.163
5971,56122.047
13035,25273.941
51759,19615.39
58918,2723.1306
62705,62363.582
133424,5539.479
26453,110476.51
40735,19940.947
93340,150786.92
33309,97477.96
8232,106510.42
88343,76903.805
111546,19550.99
122172,39195.02
74722,25211.662
138851,7760.261
64697,10305.257
131339,52567.64
1015,7575.1714
6186,50941.445
65712,26318.545
27888,14659.581
53894,13782.342
2212,27085.85
56989,93830.445
145555,36434.727
60145,3905.1675
131717,83982.83
123105,88978.65
31864,44011.242
49987,32754.402
30608,18402.875
91653,15453.259
6125,21930.64
60189,12100.787
73493,5699.6284
123079,14353.147
76921,26130.139
12387,6234.2417
7400,9835.149
123129,6335.1157
130130,4262.1484
58536,7756.2485
102587,4431.9185
73378,116149.18
25809,67672.79
24269,62526.293
107592,40162.84
116986,391806.28
122265,56994.758
145065,39686.027
27115,77603.25
81269,10990.77
29745,28340.193
7375,56978.688
84854,15399.562
26424,27983.05
1961,6341.3525
81597,8482.708
52154,32379.074
5497,32353.543
49964,63617.11
7876,9792.912
32354,114244.29
63162,29788.848
16512,21615.469
145618,16803.553
50674,50231.14
18563,89522.84
36014,10745.647
85708,10913.981
127078,25707.154
13363,38914.246
112086,93556.32
96451,80317.19
55628,3594.3313
77123,191382.97
76536,20268.746
96278,16079.398
117927,16118.283
13772,10839.581
228,24884.215
130570,4936.734
144629,14036.659
132286,26391.184
136123,51750.04
61422,4606.1665
116079,39832.633
21155,36791.67
37018,6034.5996
35642,17133.367
30853,170120.66
25281,70448.266
29077,26566.523
129006,13515.003
145785,19976.996
38877,6681.02
82600,2816.8892
59946,21629.594
132821,25540.457
92210,38870.395
68156,4774.711
59443,117438.195
148006,9213.936
40625,96444.67
83222,23293.557
99776,25212.576
117226,4469.749
108262,62839.273
84343,6918.8413
84511,4347.593
55085,5821.738
65918,4190.6143
144199,2610.541
138125,17643.734
119749,7417.7065
120979,31412.826
17027,9621.972
31563,115658.95
142882,13263.297
126886,17456.205
34679,55521.977
40266,6592.728
38447,190472.0
146508,4638.059
63119,21230.844
26634,3460.6616
81825,10775.658
104285,44400.363
2332,51551.426
54447,60853.992
100881,64174.902
25606,16592.334
8138,6666.432
54841,25453.408
26008,2480.7725
146711,26359.818
43400,14022.688
54011,69301.984
133655,84110.625
99221,203761.55
108925,32240.346
147348,2752.6145
108497,17436.916
76890,33752.02
97582,83240.74
73767,39413.402
1815,15130.699
7623,96072.3
136618,43691.688
43891,177062.8
63301,13915.433
12350,34125.156
74501,7796.937
88427,4924.0483
114019,29179.861
13567,18356.762
3257,97034.19
36486,115709.234
107620,12957.765
82721,7938.495
109087,44468.016
129041,24419.549
41426,41677.047
50267,48578.88
64478,2643.736
6794,11776.276
141520,15256.633
84959,7641.322
122402,8042.21
55415,13359.421
35615,14283.99
95627,556.1792
65720,14843.719
85671,13666.361
132974,118405.99
110921,23084.994
145473,23714.115
17012,10926.019
4837,19328.045
57488,5186.2197
72036,4552.035
104356,117540.11
9286,19072.885
66756,39522.4
34006,63565.016
12566,36789.156
65462,17951.79
50749,11237.858
84345,3466.562
25156,10707.754
53466,13893.704
78213,22563.986
15402,13745.633
147616,27117.67
79251,5221.426
103257,9340.954
71734,32596.34
91014,17341.082
64922,4267.57
13691,31538.924
94542,14055.043
111597,7719.1973
78262,68471.305
12020,4958.3525
43250,225620.66
57431,84011.69
132241,311282.1
27352,8981.497
24292,27373.959
84109,6347.5547
123598,101531.5
140369,46355.293
44035,23351.654
13873,114570.42
4496,73829.445
149943,30995.248
24510,59179.527
38952,11134.6875
47947,42726.137
120638,24295.727
39249,80836.4
114530,64664.25
15281,28678.283
129977,5025.995
69890,115176.055
44657,17196.555
41463,5457.095
53302,3331.8286
67670,80284.91
2274,94316.13
125287,11037.625
115872,11978.575
132044,26341.387
143073,13434.214
63520,17257.422
42574,10819.746
35341,19148.746
60280,16496.105
84739,28756.412
83583,2861.3584
131690,8540.661
114525,51232.074
3563,91097.61
53331,3072.295
58944,8086.231
104553,105133.5
144062,19700.557
76298,45344.215
52929,98155.04
135155,8237.587
125659,30746.19
87801,6207.8477
48834,66917.57
72950,28486.916
33764,21499.21
12397,6748.046
36067,61870.195
148795,8916.635
65419,97764.66
46227,1929.3969
62441,20336.012
16838,5745.1157
75623,5979.9873
82802,38802.766
30271,46284.766
8615,19837.6
77130,5076.233
5372,5843.944
96329,37661.996
23517,23052.266
41377,33630.875
121553,9509.068
93839,33647.426
117293,75366.71
64134,34553.312
140776,1790.1016
16906,1786.5452
43430,51781.164
33633,38730.85
149359,22267.984
42057,49026.438
118449,43875.83
142133,16224.879
35664,36208.234
82360,13246.615
36746,69017.18
78583,10731.004
93461,59463.934
116384,15103.643
95318,34343.04
85145,9673.1
82714,9629.644
116923,37491.81
133518,8316.925
68311,13560.342
81845,8605.1455
144042,9305.592
94726,7347.376
127459,55605.426
116357,64553.0
141144,30122.504
51533,21273.125
68093,50672.164
16527,7190.77
70958,102715.52
114118,9036.414
19657,10649.809
141242,3065.5735
33578,48348.938
108189,21316.305
103232,32800.242
115952,13997.682
111722,2099.0315
81838,34832.45
108943,20663.523
40607,60542.426
105779,60727.613
19205,9646.333
145535,1624.9658
65561,23383.896
44117,81257.14
109857,7065.141
52887,6231.2334
57810,9857.959
72999,32748.953
95906,38591.22
137427,3085.2354
58222,62726.023
114937,88786.97
36001,65226.336
84841,36241.133
125954,83839.58
16342,5484.863
70270,15247.428
143016,2888.524
123559,2854.384
75046,12196.296
72158,103540.22
36371,81450.23
40706,5007.399
93559,6269.552
63055,22151.486
75845,22720.146
26429,31635.314
145519,80977.195
10459,4654.69
124696,16697.29
91952,14656.978
148082,187892.17
83357,31094.44
55225,11165.471
5429,11232.2705
64039,22967.115
90330,8928.779
101162,32690.865
103330,82894.1
56623,84493.75
73439,66500.53
80254,2114.0247
39717,25994.4
122498,22570.188
123917,12309.205
136792,27084.256
23934,179223.88
31413,13069.37
135820,15704.633
147012,24143.148
10152,13396.23
113918,4728.6313
117414,27028.695
118856,20936.678
3798,14989.807
135865,8420.34
52656,34313.293
106184,148283.33
115879,5777.0044
140872,54417.65
772,34075.12
33443,18387.238
134048,16148.491
96355,57446.55
84057,11673.13
84182,4232.093
136274,12148.277
88585,31706.275
100839,2161.253
134531,5725.276
14368,6623.4624
82099,31323.29
185,2977.6792
149030,153565.11
129630,56574.836
64322,13226.567
95513,12060.412
18513,30117.814
26354,42673.484
47901,7691.9424
16922,1397.6754
28876,24135.908
2884,20618.732
25843,226773.61
52618,177166.47
36161,78547.74
28015,49101.457
144088,10494.916
79928,20206.762
134117,3344.4888
7030,4721.5127
5201,7497.3755
144949,47830.234
100752,19566.674
124373,6429.5435
138044,8228.501
62368,15066.221
38182,60216.63
63480,23693.184
101185,20165.535
44837,121216.84
38975,8682.023
61918,7173.8833
72824,206943.73
28028,40756.145
61292,25087.717
71055,165899.73
100833,15984.597
107403,22827.771
37899,43874.676
8166,25162.244
135380,157525.48
51828,175253.39
88056,18902.184
144364,30722.445
43019,3456.703
65259,3868.489
78316,3306.7825
56624,6581.5835
97577,26275.438
91176,6048.2183
123565,24221.229
77156,1694.9521
28054,17794.191
55584,42541.074
135008,52363.95
25759,81773.82
50112,1959.1649
16933,27307.227
126777,14013.729
21929,10945.158
119111,2229.8042
49182,21419.127
59,19725.201
110029,4081.0962
92169,18334.28
146042,27599.512
127886,15102.81
79579,5323.3115
84949,1416.0859
61317,13058.564
116156,44187.04
143325,103660.13
50555,17427.455
21635,25979.242
112860,10256.991
79890,51272.63
77725,45446.42
69050,126270.945
128928,18270.283
77946,12593.61
144928,74039.875
15606,3887.4287
4505,4581.438
108658,6887.041
38659,17304.295
139093,14290.751
95583,55789.97
76165,104053.766
31553,10845.597
60952,93234.57
23996,94914.2
69320,32622.686
108352,130097.74
33188,6500.8584
3110,16394.02
141085,20385.771
20010,36020.215
11171,12776.528
144690,9563.734
105783,6862.363
100631,17826.79
129033,111155.45
105207,4760.378
34353,4039.157
19858,10222.475
73373,77682.78
101722,30050.896
4553,36714.12
124529,18561.496
105004,106172.32
118734,7957.935
81791,45810.098
4746,6541.2324
120748,152435.02
83703,72429.445
43745,3503.936
42431,37269.836
57500,599.58
141957,40664.62
8181,4769.5195
12634,180435.61
89151,54071.234
95600,79016.805
21797,16648.936
16262,6076.898
105581,62848.523
85840,21074.979
118776,42027.414
31267,25848.639
124357,92592.46
74507,31096.564
505,30107.426
137337,30454.72
14898,11103.127
117165,69985.086
125885,11414.389
147625,65589.0
2074,64796.77
41023,5361.6426
117138,22329.84
136382,63055.8
9252,4331.553
115398,44719.258
106412,8053.5835
40086,1912.6948
43048,7844.3066
124813,49182.64
79212,3553.9768
91429,9688.081
59360,56475.21
80088,14786.965
28267,9022.329
123252,587.14044
132672,21907.205
104896,16161.728
3823,8415.087
139012,13243.53
129420,56344.758
41173,22485.828
99722,61256.645
90468,26977.791
98456,13110.589
6494,155168.16
117117,22871.955
76143,114936.08
81764,30170.963
95839,5717.763
141496,19549.08
27036,44472.15
108676,51943.375
103658,9844.488
72198,30970.309
45410,38617.81
442,52701.457
117698,72410.266
32010,15038.145
44708,9467.2295
36553,15140.28
40506,33815.754
69378,15008.78
38504,94111.42
57422,3143.31
8208,14740.4795
87919,11722.802
26136,3652.0166
78902,9124.996
134796,16112.108
103301,61504.61
47147,1343.4302
44988,14395.939
49090,36495.254
54332,18669.242
97686,32113.383
54377,11577.083
33391,3174.2148
134375,8948.201
146852,67317.91
141871,6938.6665
31266,77655.09
59728,5374.4443
111193,7218.1265
73016,28101.69
79589,12109.919
144590,5811.193
39094,106733.46
14160,5302.9756
4415,18164.484
119969,4412.8403
9691,18549.51
73864,4022.65
143335,9469.029
71843,29274.559
66048,16187.896
41859,11068.905
62222,24557.19
143931,47897.805
142003,54413.336
92912,78400.086
10125,49311.1
109417,3992.1743
54244,9840.799
88390,33415.625
39466,4291.0522
51664,35470.434
75227,62858.863
35656,74784.02
98432,250084.44
2177,114562.54
104795,13815.521
23657,2995.0808
121284,47934.637
126811,28834.744
93873,81011.234
64645,25535.717
127584,28855.4
11804,54921.426
5231,84307.83
32342,10291.029
9327,2362.4133
126491,16650.604
105246,65696.76
84360,3691.1023
29292,164235.42
85327,20583.934
146003,50101.266
14205,20897.445
15224,20053.709
8973,24167.248
40252,74210.03
20878,66553.914
14310,5041.6143
58841,9499.206
90992,40103.94
72188,9106.44
24682,81614.266
95552,31877.633
59415,8007.5415
146733,15247.559
113349,6527.561
69156,13043.999
10841,13062.015
80613,47706.902
124270,20760.291
72333,31644.615
148980,155994.78
133151,8612.907
34922,61998.85
121745,10151.735
149556,120978.29
117093,14190.851
42128,117063.63
71242,3717.712
40137,10731.622
137375,20502.803
74954,28568.05
94922,25189.553
42484,1700.8082
145525,17020.803
74647,8683.688
119662,16041.951
56028,9037.671
39583,8475.006
108950,11195.807
35246,84658.805
100634,65958.43
46752,65545.62
47695,18677.564
62957,35454.754
125493,297230.62
47256,9817.725
78701,29482.283
19223,12940.043
118252,12098.811
51925,89357.44
108149,21875.256
48752,31132.957
5530,84467.125
132866,10214.74
35329,136330.23
114334,31610.963
89949,57696.086
21676,30810.414
116510,11320.348
100630,14707.85
104587,2697.3484
110338,50220.66
54849,17486.672
147746,32643.424
92806,13184.009
24316,64169.945
143269,30746.162
111690,9734.57
141262,182154.69
19456,38056.113
137499,19836.75
67972,29322.49
68402,6883.7505
62680,16259.038
137570,50599.082
27365,4030.6223
137036,100914.39
7288,25911.55
42979,5890.6504
93046,16136.91
102287,7647.5376
140425,26069.861
97218,3961.591
37683,27069.193
74806,23590.52
29947,33028.87
9198,219927.42
78448,16896.39
28116,33995.7
51780,6028.0166
110039,5596.0684
85506,26681.783
9533,4343.3945
65177,6911.5225
116825,111022.16
106235,26844.19
81127,13351.837
6362,4887.833
125422,76700.484
59200,21763.15
64675,35060.695
13225,11360.585
121800,8645.916
114712,18522.092
130406,98566.09
119430,3997.463
135018,7798.1895
95624,12116.73
33588,13484.586
81935,49155.207
74658,28888.334
8735,6519.808
113894,90942.32
55152,-258.19333
16348,8482.656
14183,12666.562
49986,95715.516
6734,61572.453
6966,8310.847
129755,160001.06
138440,20003.998
80380,27268.514
145703,285271.2
37764,116050.01
87281,7669.258
96843,43668.48
37157,7201.1733
86843,75105.77
3283,41089.016
36549,17938.121
5972,3780.9363
20030,20864.465
96875,217437.19
9448,24457.207
121145,9355.144
96643,2169.006
85106,105519.586
40458,45039.242
2045,26186.607
89127,30984.389
34490,13064.266
38931,8560.89
71647,8917.712
67021,23825.264
16333,49566.31
16346,36599.36
127677,27451.578
109870,96561.09
35178,127392.375
109898,15814.191
113353,22394.988
108596,45589.184
20147,7257.8745
126139,3488.31
112483,78157.555
13899,13045.358
145095,6975.986
149278,93234.7
8962,123978.98
126432,43165.746
148556,13604.976
95466,3767.2573
20496,31824.648
39374,10001.992
136608,22168.781
32492,1175.7026
145046,20192.531
136769,19241.393
38463,7659.2344
88944,10261.295
92172,32894.94
92043,11742.533
15651,42211.86
58482,42693.133
46858,11108.984
136752,5244.2837
21795,20594.443
10311,7315.676
45300,7206.16
144489,1857.0157
113811,52521.62
139672,4117.9604
147075,7480.8555
106047,64014.49
75138,44397.445
16452,15887.515
89667,2100.4163
47785,230754.61
3424,29451.633
12670,8338.045
96946,5797.755
129416,33560.52
16742,8506.119
127059,13095.466
136465,10714.435
121529,28998.922
13729,39132.77
52977,8197.242
92240,165681.23
86964,24008.959
124299,5806.079
70910,55300.055
36850,94060.56
107120,7915.8125
23452,7548.933
66274,90882.75
48364,20069.584
93003,1525.2593
4818,3316.0552
109558,3182.7268
145903,100700.62
115656,21613.9
135483,13322.599
137613,70497.414
2966,13374.823
132449,3622.9294
28581,15519.574
5732,99825.96
140920,7512.921
122114,234707.83
98364,22997.213
24754,6373.657
94459,5332.634
3296,28179.182
48916,14606.773
19099,74179.69
41101,21565.664
148100,12437.097
119389,11747.469
116792,14428.759
364,72711.74
52510,18784.82
116813,17194.178
102963,102368.54
143011,7407.5767
52726,11251.265
146895,91488.055
98839,16155.579
18848,48503.477
116297,15365.322
21440,21906.443
38328,10020.423
61648,27457.494
57035,6559.176
115690,12685.283
128463,41255.18
105152,2377.6484
77850,40522.684
36515,37283.293
59723,6682.811
16939,17804.715
79515,121490.85
113798,72886.71
29429,17605.611
41215,74893.266
125827,83690.94
3056,7019.8364
146409,3134.2463
34283,115128.05
112892,47536.47
66638,8425.312
119456,87441.055
16721,22618.172
149658,54141.668
51898,237176.19
111203,114613.52
143153,16295.295
35915,9775.353
78885,25382.262
27105,7546.3633
58726,49243.883
13623,93846.87
43023,10062.007
1022,50547.18
18993,21067.898
66960,133209.95
15531,82623.984
4374,71601.125
144790,71039.77
21863,38634.562
72998,5577.9243
137785,3042.2832
142341,47168.023
51389,7276.3286
71912,20747.875
99683,17945.514
43097,14002.546
8068,33006.223
54028,187697.73
19201,15255.13
140128,6228.149
6770,3185.3914
26150,4138.1836
34520,43653.133
87289,10783.726
21387,2810.001
67835,39003.895
11121,23736.62
54160,110314.18
129608,56853.848
117552,27618.754
93840,12038.261
31409,27391.828
98433,38437.93
108769,15478.66
127322,4501.437
73953,41865.81
146354,18675.57
110941,67956.9
143608,17353.004
66940,16701.145
113503,5717.763
6653,6390.0605
83544,8509.707
119678,72163.6
52916,21353.217
88841,33277.637
124225,17906.314
112409,70774.01
33872,55860.176
4001,6607.016
78758,8531.975
99485,6307.7046
126762,61101.145
101370,41647.3
126332,142084.7
110103,4846.776
106131,3846.5918
80343,54007.836
136272,123062.914
77724,6970.0664
67674,43187.066
130104,19767.135
53344,116634.51
101107,14114.2
55566,32203.715
78927,83147.695
132481,13993.586
141632,23995.848
142693,100863.13
141458,10285.887
49361,111106.63
89863,24103.408
148226,36665.637
89367,30353.178
131410,2219.287
97493,2712.1914
7010,111741.65
80553,24176.176
92601,15729.816
64089,58786.836
65912,8171.8623
20227,58774.65
15899,322.62637
68383,9235.678
131293,44191.08
78648,11771.6875
114187,55759.76
17391,48287.066
135323,8100.0405
40335,22571.951
146764,27766.42
130141,6836.505
5958,173026.39
22313,6122.2397
104574,8198.358
69288,4285.4478
38286,107743.65
87347,26088.193
93213,2746.408
62133,119024.734
141540,20616.367
74746,5135.45
95010,49160.516
118250,44412.293
115810,27660.092
70355,10391.867
68227,3053.447
122451,34419.68
17455,15782.229
144857,12960.77
9217,58692.484
30346,14124.386
51674,5909.5605
11381,32109.93
47547,3318.4736
16645,23791.219
95859,2534.55
99982,4387.4043
61538,69945.375
26822,10462.719
76995,34963.67
125417,13219.114
41183,6476.4697
97134,5821.791
76351,3140.243
147648,92408.89
87954,101683.04
126885,30300.97
126823,5790.5513
135200,3266.8855
93517,34436.926
127369,1802.6805
126154,6740.2666
83661,45723.312
44632,34863.562
41089,83263.53
43494,69431.69
121989,19113.686
43474,70123.414
100124,15101.046
128978,4496.058
103111,31509.377
113341,56577.66
126025,20278.81
64691,21114.588
60534,24064.791
49247,18419.047
81591,5593.6304
52065,3009.3108
80048,31071.271
92250,3694.1572
34723,54782.87
111400,3472.3867
15556,85926.84
62331,17925.322
121552,53076.61
94882,37704.18
28993,210755.45
102560,33648.355
83906,43689.98
29073,7514.0894
1830,6291.334
27306,9459.912
57475,6960.9233
67430,13957.506
6339,10936.088
959,304.8861
31582,21901.312
132662,9601.44
110043,6565.9844
135377,7225.553
82161,34436.51
131611,7412.2017
20149,29525.314
137195,10547.674
31654,46210.074
139613,6101.932
21322,21868.037
38859,19735.818
111785,32067.602
117171,9580.227
41391,27334.555
136167,70875.63
113786,57003.79
99172,20048.57
29545,180633.45
97050,57215.164
47802,30820.861
77370,65321.785
81288,42164.473
106357,70297.13
145959,8216.082
8444,3904.088
95052,11486.491
64883,142322.33
88451,16527.244
55392,8452.557
116644,108022.94
54350,23843.55
6743,12175.677
35110,5902.693
86856,4721.193
76302,31456.688
54509,56045.59
11793,28835.941
143758,15877.402
5855,4502.388
49876,21628.234
51319,55433.805
50615,29115.97
127874,31013.018
63393,28948.031
23192,138777.12
80317,17244.111
48594,6914.7954
38690,110675.71
22234,42934.227
42084,10357.599
54721,24840.104
121734,232367.95
58876,4266.313
14487,26259.902
33024,18580.812
83030,1838.0033
56857,4567.0454
21716,42012.3
56601,8388.349
116549,9217.912
37772,20790.307
13257,29921.252
35270,20880.893
97150,14293.567
121356,5391.5425
8059,11641.573
45307,10489.162
123812,21327.436
132524,14077.859
75490,126199.375
31578,19275.8
57835,16405.092
69406,7494.5337
59465,28089.025
110747,82494.625
125106,15484.212
124844,17447.883
118827,16671.127
106210,15186.879
41416,58398.598
17688,74961.56
56032,36037.617
144965,2499.041
43866,48755.31
66612,101621.766
82127,200947.39
82437,17402.455
58484,20367.46
55952,15744.209
58761,8612.907
12565,68419.33
48280,3371.8892
86554,10840.621
110247,78382.31
104716,8055.7197
71578,13950.897
125356,45409.254
36911,115859.05
8540,83197.02
41011,58479.85
107305,9644.886
74026,12201.968
136758,207143.34
61572,2022.9236
28080,7128.1323
32487,105026.35
51346,21693.707
46318,24206.293
45424,210793.11
104711,8697.215
140219,9058.6
33624,40728.715
126571,7352.6206
84410,6930.6055
120558,1501.7332
90984,28340.754
146061,32400.357
43184,39203.87
16787,42043.027
106648,94003.57
54282,190333.16
115217,13361.034
123943,10264.171
96842,2999.673
10849,27242.818
76032,45410.37
70453,38474.555
53822,7053.0713
40251,1463.494
40769,4408.582
83814,53361.957
94893,8215.782
83131,6334.733
88442,12356.125
1592,32713.582
147911,49235.79
94167,185491.11
106143,13341.642
19193,47660.22
27576,66470.18
28145,35594.99
139952,100676.875
93259,3110.899
79484,12266.8125
77804,74643.91
88615,66397.52
73289,5978.575
125269,119178.05
1826,91414.81
49379,7802.535
146922,4280.7573
14821,8127.6143
100433,19184.625
77398,1493.8802
66633,22816.598
88997,52089.223
4748,23245.2
56952,1070.1304
55227,61545.766
71176,5180.3525
97631,12424.871
135436,1815.1504
94740,13780.348
58255,77589.305
27086,15270.316
67377,428214.28
123381,17226.285
146989,41530.203
27466,19048.725
144503,67970.15
142195,29608.576
87145,73993.83
145029,21641.928
119370,49849.625
147788,32980.027
34207,6861.0273
180,57124.625
26961,5364.394
125089,3444.5725
24496,100338.6
34948,5058.367
90202,32952.8
64324,10131.938
144832,10522.576
63458,818.93695
98611,97086.25
2940,10683.409
133166,21711.496
41076,12767.133
79371,76450.06
49508,41850.617
35389,25397.508
123697,40683.523
33416,4006.5613
42167,17505.998
74009,11618.396
115828,31989.06
39288,7152.877
81743,12324.001
140129,17184.533
141631,10269.631
110783,6108.5938
113718,52431.02
89483,11644.271
124112,1695.0679
69491,23703.02
21806,7962.2134
114030,35353.03
136097,37931.156
26935,23386.21
111015,6301.9688
96600,7573.8696
95147,121788.12
40718,53439.227
91024,7977.181
140449,7498.819
10268,28809.65
146913,97848.36
77190,993.2555
42840,97374.15
105708,30228.22
55800,12168.524
27315,5390.002
147315,31497.24
133550,3123.7993
137382,31165.672
125687,13151.954
58430,76502.39
98683,70191.34
126836,15153.892
133729,12839.691
135583,23345.5
22611,64149.99
107929,69177.52
20377,6846.9478
111346,6074.8994
59938,11651.921
79713,4893.232
37731,43007.07
96017,19361.078
141286,15850.567
12071,19455.814
86626,197.41045
70643,61718.492
67715,16968.422
10686,24018.223
61239,99381.58
144488,9821.23
70307,35192.297
148631,2742.6375
137947,56313.156
60315,16810.732
125304,9875.898
45583,3267.4214
111792,60477.953
91051,38164.17
80148,4919.0566
134865,10277.553
22136,77075.305
146463,13568.37
65503,49444.633
133422,53571.4
47858,1318.5093
72329,8396.535
64141,5208.5728
106772,26113.225
24681,72079.72
120387,5958.3374
105704,57126.535
133689,5244.278
131649,57672.234
105032,76559.234
102249,17024.28
120289,50113.934
82261,49061.94
92599,83812.78
65255,55543.766
114624,35214.348
115245,123116.805
85236,27931.81
90637,15878.23
93172,8288.586
103239,6778.9927
71823,56002.168
95653,36190.617
34481,3570.2954
19416,6682.437
116035,11797.23
90893,20851.059
138120,21149.246
44049,39904.086
61465,3370.7495
74868,45348.66
38601,3755.906
52444,424016.56
109233,111302.66
37990,23463.213
5632,9216.885
93875,6259.5444
127370,50797.34
90832,11893.504
27606,806.80237
16635,69939.0
127772,4729.4424
81380,6177.908
47631,23168.277
36973,8155.1504
86306,30618.727
96810,89725.25
129886,14817.146
20814,3679.638
19910,53467.234
129057,4300.417
148551,66420.234
98427,20958.85
11174,56862.355
142451,7674.4653
41880,112746.1
133723,7149.0137
155,52248.3
24950,2963.637
25514,52583.164
114536,308315.66
10382,100187.086
107052,74205.1
111643,58278.83
84823,4258.7656
146834,96634.61
136537,60672.723
4153,4412.2173
149079,36130.043
46676,32666.967
74962,7106.0737
32586,52925.184
66833,1754.9471
8941,36160.15
12103,28903.873
31114,17401.04
73096,269018.22
6332,82404.58
27363,12050.57
79008,37594.96
52736,14798.23
84407,19594.803
83183,21193.21
98615,85460.23
47830,219172.6
146765,7444.534
85971,157945.97
7061,58092.8
95919,65713.22
50623,22295.291
121147,43913.168
144388,6081.4326
114330,52452.395
20504,7132.305
19373,31039.162
94194,2750.5603
122425,17600.088
83090,46890.418
114239,61545.766
24571,19879.627
54503,31663.033
47442,35891.195
126077,14155.569
62791,16319.772
23519,52064.69
22023,107609.98
108882,42054.027
114295,28669.65
20176,5397.2617
11800,20430.736
106160,132888.45
137838,9672.391
10124,23061.354
83614,42413.234
65105,79081.38
122920,4021.485
109438,8776.171
4560,96948.086
9854,10832.587
40876,43000.336
101437,6752.1724
82057,23079.719
127529,9725.104
17409,186112.62
63097,16755.082
60147,79871.47
55761,5577.761
89279,2759.908
11255,14990.566
56886,33132.727
138351,141420.31
133274,101209.05
116571,5768.6636
53227,30077.834
117261,154171.66
35102,30714.826
59053,1729.8397
11194,4860.6113
35659,26288.281
52741,1897.7532
55871,14790.85
114230,9056.077
75165,17834.389
112371,69670.69
6678,11906.178
88165,3619.6885
126978,77312.22
147853,6794.8364
2926,12402.861
80277,18009.992
71660,77993.484
49035,18249.5
131338,28570.834
109084,18630.936
148180,33946.777
48969,179481.97
24805,16638.74
130170,5402.6934
88455,108567.0
72274,230189.3
31744,36295.406
143232,43509.754
108083,38333.387
112846,45138.79
62379,61783.625
19538,72774.2
69328,27867.857
52254,25810.969
32339,48798.777
144476,64112.39
125489,188433.16
127254,15595.957
87269,67478.055
29287,39598.098
52907,10623.42
26731,8076.546
59665,43189.08
105479,21185.139
146980,4300.417
111478,2033.1313
52179,42135.09
17039,25261.264
124447,23441.094
122744,29109.752
47237,55286.08
9898,146813.4
74378,40314.867
51332,220645.05
34638,8039.5757
32774,8895.388
43522,14717.994
99098,15693.793
47586,123908.87
15978,81100.33
147974,25101.37
45955,27779.723
66874,3917.648
28005,1908.2765
49386,11863.84
63823,3127.5635
94349,7373.705
15166,24162.596
9401,3181.7134
62854,14710.25
29012,8222.478
21845,105105.52
117628,80861.04
120960,17500.82
84951,150252.45
125823,18751.45
33253,62055.26
87267,76416.41
130108,7278.4263
15444,1347.6069
92239,5603.1123
137817,9025.392
35215,24905.1
69868,10135.424
54126,26575.129
103415,10852.049
109581,6840.1895
149836,27768.928
140416,12028.882
70441,73920.2
81887,14844.684
82264,21035.783
5748,32089.71
91788,6673.898
125534,31707.623
61345,86922.055
112138,75623.56
62383,28514.37
121894,5902.389
140066,48383.23
9935,7696.023
6668,55126.227
56349,5445.326
87484,125522.336
25517,201579.83
121176,49868.09
34008,29159.863
60500,114002.05
83215,24737.316
113350,32823.008
86764,31483.605
133985,94580.86
145841,6405.528
124059,26212.205
34270,57412.43
59926,10532.15
128249,9541.488
149087,60832.71
34616,19309.502
147222,6657.3037
35843,5101.7603
131746,7777.833
3830,898.69525
4644,56634.613
139430,38446.742
26050,25764.076
10597,8408.21
96269,9216.999
29654,61345.066
1364,41702.773
44216,3803.8584
86611,5441.945
149601,21123.049
23376,8704.718
104503,36688.953
83654,23002.256
99882,20007.914
54664,12549.2705
30638,5210.6455
54542,114288.625
96358,1624.9658
27399,20260.238
41078,77641.734
98835,46216.312
89958,21331.047
143411,12413.057
139960,28163.754
84552,29328.158
3341,18627.13
67241,16885.908
34457,3772.241
143976,24591.025
1106,62831.664
6276,63422.25
76943,27686.814
35824,6431.228
70897,80415.305
85461,5403.2285
54093,43274.066
39204,238890.62
144616,59735.734
32710,60035.395
130116,46801.6
65773,40490.484
85632,123073.984
84581,11935.267
38190,108569.16
118337,9308.151
84070,8366.636
108430,56064.566
36547,6175.571
74459,4485.571
93073,6490.662
108409,59360.75
54171,65315.484
124438,4944.2583
30020,4493.6187
134772,2034.6201
64829,1724.0516
138722,58022.785
23365,4713.8896
37897,66733.25
148861,48834.258
116265,27770.775
4875,120452.375
52176,43836.945
146828,26804.594
64174,3478.5032
27415,3227.3657
115566,6535.3345
51084,54358.445
45853,19470.754
46814,10187.258
102665,22290.525
130476,1655.1273
27088,16563.404
126102,9948.741
70998,93310.805
51315,119982.85
5451,11082.545
127494,3807.8892
58685,23358.924
109631,57893.562
47710,60225.926
140679,83894.71
130947,32479.305
111311,4718.624
27182,10333.544
48354,29099.412
67168,14552.752
93086,139964.1
15405,1500.0804
60074,33807.69
71039,20629.67
95189,20478.68
117608,7106.789
69047,5641.313
117145,15227.132
134825,58219.617
65344,12395.3545
100133,8621.515
142956,4964.361
140657,3048.0593
93007,23739.695
89619,70338.96
21462,56317.953
58764,7978.2153
7276,25261.03
116304,31533.16
38073,60942.637
93626,81672.78
82280,82937.02
117069,36190.316
125782,8072.9546
64417,9855.83
122228,10838.813
137991,55695.33
104935,8049.791
109207,1963.4847
37009,8626.896
3848,84737.28
109985,3735.3154
89406,11422.584
94434,66388.95
117003,42534.777
121851,29345.04
578,7586.257
48910,120870.64
9894,16536.24
6435,19671.043
137925,4750.28
97157,13874.269
44764,27273.918
83355,59251.34
27773,215041.06
25254,35014.035
4305,9841.53
56093,19608.514
131407,44431.402
84884,6583.081
36434,18499.172
20021,59350.793
119636,2885.6243
94051,46040.906
126043,9841.533
26661,31633.71
138381,2853.2085
76822,29407.424
143028,29983.527
51348,56178.016
114226,4982.0015
120566,100991.42
79093,1252.5822
66767,107005.62
109228,7217.411
24101,46322.68
4955,16296.039
25048,26148.354
103484,28571.691
37436,119844.02
56380,11054.674
124846,70557.95
71856,65470.43
8071,25416.596
107853,6589.7617
130460,7563.728
78599,2744.247
7319,7671.7393
81339,6098.3555
74588,52524.133
10689,62965.887
98357,5335.4756
36395,46997.1
52963,68927.27
31861,10465.85
144391,12060.412
107196,45103.742
37191,7187.402
16644,23963.18
2372,14146.025
97271,25050.09
58954,30315.037
92790,25990.457
124854,111855.4
51251,32132.55
6823,43678.81
61558,30921.883
125300,136394.17
105363,65095.11
620,84809.91
82798,14133.725
30395,5401.7173
35851,16519.41
102028,8472.001
34919,37187.016
104766,1696.261
120735,9956.046
84964,17624.594
131305,25421.459
117441,2720.8708
105480,15990.546
35990,11387.383
81862,108976.78
55493,27316.35
108838,3361.6982
63290,4264.415
18243,2937.2124
64015,35620.87
83017,53383.586
72864,5023.1187
129771,3192.6475
145063,72214.31
50627,39560.742
36645,30667.936
105237,11674.218
49851,18733.268
118815,458.20578
124715,12877.927
98923,8400.867
8858,160252.69
107782,9672.869
45030,118877.48
92344,3568.0322
142355,16902.414
119607,4388.36
12423,79286.21
52267,3893.8174
8361,7607.5903
1016,10763.916
37364,44254.676
142233,71340.55
65579,28228.482
3582,44685.52
2839,1893.7361
117913,41422.426
74117,23115.363
55744,90787.58
19124,7883.2446
57059,11264.062
92294,35721.797
47050,30303.676
109204,41525.66
139917,20428.867
78658,30801.428
6711,3881.6536
19040,25037.705
141036,31440.527
83597,20163.48
16693,56535.06
17777,736.4967
101943,4555.8794
14288,8692.406
78094,16754.545
76930,30060.941
123464,15662.154
36821,235416.86
113085,29802.596
50654,19351.682
107654,26754.77
22845,6658.0703
37268,13500.988
58122,86396.49
58316,21337.98
82063,1164.8593
857,9980.388
48823,7630.6143
24794,28602.861
49999,7448.262
112492,28782.83
71197,10190.891
19731,9600.472
38456,15777.185
95834,9015.051
104310,37746.668
46184,19592.318
72988,93204.75
78032,40514.16
106786,12490.966
122715,3665.8003
142373,20729.309
78418,8189.654
126649,1920.2673
53499,7295.9106
54053,75571.49
23397,4262.1484
148777,201700.55
71827,43459.3
97895,21799.523
106432,88533.8
54520,2321.1943
8130,77418.27
136706,184716.64
58814,89794.55
87359,21176.898
105376,36213.145
112219,5405.1606
136169,10977.916
30398,127392.63
74985,9667.143
21208,65856.16
56319,779.2214
110850,104370.125
70981,28236.293
42252,123842.664
13172,7908.326
91710,85688.86
101500,12986.6
100529,82742.4
58719,8280.781
36326,25389.45
34411,69422.44
110665,52232.89
81370,6226.1646
3549,8379.424
2637,32514.16
53681,10865.536
143293,16036.8
71294,59891.89
130548,30689.6
141027,124656.62
63318,3736.7292
107321,23653.096
3347,83709.85
143042,11087.606
65412,14287.176
141229,142075.47
27215,4721.5127
147472,1644.4814
50436,1013.63934
117207,23048.896
29728,51965.82
137950,17082.0
123516,33544.91
14862,25208.832
145567,52870.21
123661,15030.14
63498,3029.0923
50952,4810.584
114000,5816.045
32749,76265.45
106542,435082.72
5489,4261.756
57774,82891.09
94238,39928.22
35073,10696.482
18132,4037.6992
118710,21314.744
14391,12218.992
18514,40754.887
48948,25635.219
75540,58373.426
58369,92207.27
18098,6252.3315
88500,2416.2866
53521,10329.192
143587,9004.059
16597,46276.023
59433,164520.23
115093,54418.484
93422,3183.9983
50754,101401.91
133131,58294.11
14651,81354.6
121035,57360.81
26425,13806.184
64326,72715.766
137096,145630.73
127176,45300.574
16256,3304.8765
51749,59591.914
35498,5315.1562
95277,45466.28
115101,53710.96
16248,42440.555
60277,50979.668
47980,25413.318
8643,26877.012
141706,19802.902
108141,150688.2
146072,54123.895
30097,74105.586
16001,18373.047
8426,42346.62
80436,118103.414
54560,14648.691
112800,36940.93
137418,8575.13
120315,48104.562
106389,13691.215
51546,7988.007
21400,6073.9297
58709,52350.42
58128,5806.844
103339,1600.2081
12838,77357.055
108263,17767.586
121112,65120.855
141109,9020.752
880,8268.471
123156,7959.833
113177,9862.246
34250,127927.09
42954,93499.68
58520,6873.26
143227,289088.56
121708,4342.881
83107,26693.15
145085,5352.5703
120615,11930.641
145291,4498.167
148457,20134.777
36484,71688.9
130235,12226.532
25516,12359.712
122208,51228.715
38462,64981.227
9620,55561.06
64987,23016.094
146701,10543.394
24984,28457.371
52139,4403.2104
78150,21482.254
111496,30229.33
4268,19339.605
108230,32234.59
13922,40730.71
142046,68069.84
62667,78703.555
115721,2750.9497
133495,24597.223
7325,35186.953
9982,17313.654
123139,22867.57
62544,2303.4348
109969,27273.447
53185,95455.68
107907,30034.568
95084,95087.03
96839,119602.99
61300,3905.8667
53625,1813.187
2690,3699.2534
120008,15997.201
124971,91054.74
106900,19247.93
105874,80758.47
119728,37394.133
148190,70346.195
67339,7792.7974
58010,36543.754
72053,10924.892
40643,29061.873
40648,11338.06
20129,1800.4637
131286,8363.048
97959,86978.38
123740,47337.367
38047,13361.064
22393,5698.142
86534,15902.614
96916,24405.53
58175,91815.125
75616,15428.44
110786,15622.414
135611,10840.57
47646,84947.16
108029,12749.771
22212,10890.842
109772,21146.164
4026,16221.692
38345,2941.8113
88738,21630.967
49451,150256.11
122663,24988.076
64069,89359.79
10395,16359.531
8703,8685.759
80602,8545.349
53787,17366.861
67016,4109.8228
9789,7622.476
147709,4784.444
112389,27422.553
78474,57455.445
76643,15030.052
20664,127682.54
15192,322986.56
95974,75743.98
142111,56758.57
93920,33713.6
14437,6466.9307
126473,9434.343
136409,48774.285
1405,13349.978
57327,42835.117
103131,14433.19
98210,8971.341
132869,13184.6045
9067,9930.113
90921,49767.605
67128,76295.74
72308,7753.2866
434,10973.754
145442,110221.46
143797,51035.28
23276,22746.31
101252,7162.2354
121699,7416.654
135467,10554.086
133893,65849.52
17330,15485.125
74946,20863.59
10206,22038.703
119675,74996.97
66453,51265.184
133046,79299.12
8985,33518.27
101684,3079.2651
120753,10543.802
17724,5774.8184
127569,21410.059
88152,84936.69
86997,32516.734
123863,181334.1
109039,22647.95
9364,99096.01
127040,4271.327
74679,10158.609
33820,52650.938
139435,26967.77
16005,105061.55
30761,42493.855
83724,25566.242
37862,17901.941
123674,9599.923
67146,317722.9
17230,41681.76
88521,118554.625
71682,10389.892
108365,83146.66
66910,10267.758
27426,44139.574
101416,7541.715
44271,52893.49
25016,53198.17
15617,10030.472
50190,37664.92
88037,6497.17
30008,68364.44
113926,59129.23
133346,11303.016
142096,10694.201
20332,52275.56
136536,2374.609
88278,38736.434
49845,28543.037
131429,10736.163
110295,53363.887
63288,26306.932
60683,15464.942
44802,22059.28
43875,6938.784
10330,11442.508
119163,3505.8416
72192,14299.784
122119,69405.37
79128,23581.467
60278,8614.491
85308,28154.033
144628,11043.43
18463,14270.6045
77310,17871.066
94157,80542.27
41985,17987.5
56256,9902.502
81533,26131.646
86636,18665.787
89990,4102.3013
58571,1479.1237
128237,3108.0642
141849,72050.51
59392,24999.645
18595,147494.0
122506,23290.836
45632,-335.2111
85659,3962.0059
51164,14746.556
95264,8257.021
81394,5496.566
90561,53253.297
79411,14930.841
144359,10542.408
100981,56106.45
68242,118570.22
89494,15745.094
28858,26937.605
42048,6557.3267
119677,43477.76
48476,69289.05
75449,101841.664
139742,37607.637
111616,15217.636
87524,56038.773
125172,16197.143
86176,105202.77
62359,160638.53
52321,5132.7275
14759,9338.611
1254,39602.34
95641,4640.958
2296,65037.824
59396,150952.48
116718,37829.32
30455,13389.984
58922,33420.156
124552,12438.805
84458,5034.3286
128575,141555.2
135408,82843.99
120162,7972.974
65815,47378.22
113512,54655.957
9413,57436.35
36635,38169.387
124030,38417.664
70750,6751.4487
17634,16111.778
18596,18755.408
100014,9551.392
34432,3414.759
80002,15872.498
89656,12479.745
148984,3224.2412
29302,10261.106
67776,21548.389
105312,3844.2598
37298,15200.331
98019,71344.93
133068,234706.22
34203,8400.18
77986,22656.03
118376,15250.323
112529,9013.812
60461,8684.837
54555,78582.39
70288,45736.586
78218,52758.312
58426,48491.547
142909,24160.11
140422,28202.953
52768,67935.13
109020,43281.81
653,15576.403
69788,25431.701
138369,20361.238
50447,21581.934
20258,6206.115
19111,51572.508
84125,29766.111
30749,3816.3105
39439,8042.12
47880,9882.938
116033,25886.404
136168,70023.26
29194,10361.53
145972,48072.215
73874,76870.96
6549,29014.213
1574,71891.016
144310,32685.426
52997,173985.9
112057,34063.902
148899,14352.298
90362,8136.929
24097,117260.484
51800,4928.7153
16494,28335.826
132486,8216.861
63718,15242.742
24436,78203.586
88727,20170.701
45973,457.28012
102861,6220.0747
86105,90321.195
74580,10776.022
107258,4895.308
45567,128506.8
73912,8271.154
9776,43273.082
13833,28060.7
8937,75102.984
42187,1398.4668
76463,7050.7754
108830,12355.041
79414,3614.4941
139167,5250.7886
84544,22324.916
142413,16763.79
70905,5688.0645
25289,32179.008
135227,28285.398
839,65320.082
108449,4110.713
75507,3279.9294
37589,29954.742
131963,27084.912
26570,15569.806
20177,17840.27
111024,1481.6455
16149,24279.193
28444,7041.205
77163,95747.92
77541,103537.27
124186,64837.457
43858,34377.31
73567,20835.021
67623,3107.848
127140,17175.225
130461,24958.664
68452,40287.99
116840,16802.738
17142,10214.828
6569,336.65057
105323,12776.846
78144,9453.381
37086,27282.232
51461,26200.893
7874,5659.056
146673,33923.844
133751,3684.0588
80377,6794.8364
99146,37586.453
59095,29911.262
74690,33185.055
90471,75037.26
46138,7614.4834
92093,9589.038
109821,5811.9663
109182,35716.883
124233,14259.496
69231,61675.434
138437,9581.759
24449,52793.87
142245,85736.84
141592,18366.592
42581,10905.928
46764,15477.42
59361,47693.11
142497,35587.3
109319,62548.605
52604,2455.1997
22942,6432.604
119848,16793.162
123316,4201.9546
130471,1883.7324
90729,45486.957
64426,47187.41
65087,35377.45
26433,2106.5054
10200,15067.732
41100,5811.8076
4893,17926.758
131381,11109.304
141746,39618.117
55454,21165.64
36627,41472.836
111337,76885.96
131184,291722.66
20394,148547.44
105084,44602.516
43671,32655.262
56961,8916.599
27820,9104.025
67509,9814.363
37100,28013.008
113761,4761.023
121231,97675.31
131428,40374.355
127083,2504.6438
61517,9147.376
73691,12342.895
121139,5688.488
118624,27084.457
24299,39908.83
113897,82764.33
65765,12874.036
68655,6863.774
126857,7868.827
106454,28548.56
30220,39522.79
126314,34286.547
4702,13923.355
98112,9663.593
90990,7745.621
68319,25621.762
68212,1414.7218
83063,16731.74
46244,5849.9
62637,76770.33
129922,8563.465
42490,21893.244
87914,29387.486
54719,1772.8219
50958,18996.96
94940,96166.37
147968,4318.8726
25792,10442.361
1679,5432.1025
31030,24470.342
32333,40541.34
40055,90467.88
79368,50526.547
71767,221474.83
9574,49649.016
90881,16593.254
148279,5878.2876
133378,34553.508
90668,2209.124
24250,28867.725
92141,23904.467
75358,97729.97
6375,10091.767
51300,22498.744
100576,10655.701
78960,10961.213
57350,147103.62
40567,30575.66
88140,5062.389
122590,9313.614
140107,10657.782
148782,5888.8364
15014,130409.24
101506,8104.715
82691,7961.2373
97421,8782.173
102326,13497.172
568,44412.457
47659,23569.838
83752,54680.62
51132,18555.994
15554,69741.76
47581,17909.752
77797,13055.45
112349,51452.72
82433,96011.25
84703,10596.137
119248,13774.689
59614,3621.319
100791,42849.54
123450,27635.646
52788,45180.207
34710,337616.8
95774,25783.186
146515,17458.797
146142,44865.11
53304,12831.057
35029,50149.0
18473,135094.48
68286,57867.23
54309,50336.96
74192,40048.547
111806,15585.93
93836,3815.0889
60196,33154.094
23504,3688.6448
37416,22802.807
60405,12333.366
56282,11895.12
34993,50382.906
79602,35935.855
108507,16115.017
10907,18766.656
10889,2987.4775
16064,78735.17
10522,7546.3633
148558,26837.0
35610,30605.498
6652,31572.955
19997,11619.255
45037,335520.12
11391,28771.615
77170,5284.5386
57417,4411.8384
97845,197926.47
79005,20651.844
55503,79601.67
109855,4438.437
63194,13354.627
66458,12187.06
60006,46689.348
1041,169070.11
76196,19756.21
45755,79826.53
57786,5323.3115
77019,1483.8906
15231,13926.873
107813,22486.379
88640,23325.672
99435,18882.969
53773,119684.6
67052,7284.9854
21783,1542.5247
42171,77699.75
117103,1831.5006
73088,49057.56
127917,33216.355
89776,48431.613
72965,27497.914
32293,12856.109
30286,162174.81
140543,69924.24
29892,44169.61
41523,47940.48
109016,331494.53
144589,1716.2294
16708,10848.722
149672,24205.707
32748,45878.258
51784,21980.578
46570,4925.4243
4685,2844.7942
116137,79842.92
135411,90958.41
45484,55194.66
124324,19869.826
51030,2712.5583
50793,19792.76
140740,3646.1445
139055,34105.965
50345,22120.627
83334,22821.818
30698,13997.682
40800,7276.3286
12959,40031.69
103290,11733.106
147445,7865.201
7508,59439.758
65884,22955.28
138144,11405.746
83442,16001.284
140929,7402.762
8271,5408.3286
54015,2624.214
52190,7273.338
142555,76282.266
46749,69201.04
118846,39116.02
34059,56503.65
54289,10818.58
53708,163038.95
149928,3031.1099
39339,32830.26
69409,1226.7678
102913,58644.04
60241,1289.0637
12699,24609.707
80044,124277.17
1171,20226.979
109393,27998.832
117527,30570.234
119929,8142.6904
30210,54806.688
4162,55440.6
98429,21606.717
125315,3123.9636
98119,2847.764
34658,21532.436
35453,3799.2546
127787,13314.426
76807,20304.479
13787,3890.6074
37978,96166.37
45957,29693.75
26501,23063.838
79736,10593.915
125173,79910.73
92914,15226.847
23423,13314.271
784,1300.4885
74346,4696.751
56487,30200.73
90357,24515.682
51444,40276.02
67299,140997.0
144048,14462.818
60845,14269.413
109454,33076.473
91374,2978.309
105337,107995.484
58959,6984.1313
116592,9017.645
140555,90711.93
86787,39659.99
38696,37678.605
8188,9979.984
13443,126821.53
27617,28892.352
103657,23696.945
41168,9766.533
22245,106073.58
97028,25935.25
99041,57410.8
133291,13271.115
87875,9215.074
59733,12477.856
6914,33569.207
126648,7265.9507
51498,102672.52
41371,33736.094
121693,8051.305
76068,114520.2
113054,12735.2
33604,23387.574
68834,11396.519
122140,30709.834
72734,29900.678
93561,2947.4785
29368,93828.19
103407,10207.177
26582,3260.2786
69279,4223.689
29295,15900.806
23219,3300.746
41343,158227.62
76222,21147.73
100277,18603.37
43160,23683.518
28740,27887.549
125939,43308.945
71303,137994.72
125409,6327.9907
71259,34464.38
127540,81758.03
27998,43033.496
137533,5942.936
63990,612.4795
13479,5388.5874
104179,28242.537
107091,14465.393
70332,12753.916
136966,7226.889
99550,34193.03
2495,64633.055
72003,46150.773
47277,3307.258
92486,20359.71
147528,15823.567
8450,11596.623
98511,33344.785
69055,25308.248
1641,5999.4956
127257,7596.5083
107618,3261.4858
120035,17116.535
112451,42570.285
143184,2679.8992
4334,22680.44
39058,12102.265
86797,82241.34
105577,4428.75
18721,13037.801
90594,41632.38
54994,30334.844
132827,26210.188
8767,784.97974
78616,5244.9043
147363,60807.574
113956,8079.792
138861,38431.906
114867,15245.437
19629,58568.695
133940,4200.9053
143899,8788.841
37194,44220.383
145318,229.64421
84274,31217.447
6776,62135.84
71248,1701.8086
60004,2588.8613
56953,2712.1914
113280,65682.82
127510,10076.212
48052,15793.469
13419,28202.203
82499,11630.393
69619,50614.984
141756,3596.6106
132219,10420.775
108678,68708.98
9694,85304.85
123723,35595.902
17596,35969.51
124343,95819.24
30599,1699.1271
120681,8768.311
24183,36189.645
94358,35347.363
12494,20525.29
134118,31190.232
1567,26277.57
109672,5551.031
101862,36418.285
13574,3913.6382
92494,34688.34
28933,9814.771
16268,63377.895
89677,17913.133
124910,19632.117
145391,95345.46
6850,45893.633
129463,78354.2
37443,44924.727
144749,15252.844
14257,16100.025
126031,7938.5073
107465,39260.99
69567,21861.877
26736,35160.64
63296,3923.0527
117639,93715.97
67482,23213.053
88067,24728.166
40078,3451.9275
95039,331469.8
12354,38706.797
148182,3779.9678
42806,36335.594
68072,21685.082
93734,16007.372
134433,23000.041
16743,8728.871
32714,6269.3994
20907,45690.703
48806,3563.9265
60709,4537.1455
14668,193865.53
37193,6260.7114
32882,7604.5073
114344,18234.436
114516,193024.45
30306,33063.684
24814,21632.32
19704,7407.8877
1465,81697.02
141832,30067.053
144787,15433.222
55244,70000.72
65367,14576.215
74654,10649.305
94288,8426.86
120181,13878.6045
133172,28618.854
106545,170737.0
37985,33608.527
47706,11920.161
42438,1467.3417
60033,35089.52
83152,27485.705
129944,19935.436
25420,57229.54
11337,212979.88
40103,66293.47
137384,15917.144
79965,22214.42
56581,220949.56
67649,8597.41
129207,63647.516
136986,24032.766
33438,14691.156
138481,12573.45
138138,13503.886
1822,38051.047
99201,27773.393
66723,32823.45
110361,4725.329
87393,2848.1587
61455,4108.4956
125436,97035.88
15629,7555.3223
144090,13070.311
102199,5357.615
110928,66830.47
145844,3897.3267
85527,3077.332
11215,45000.457
52377,31694.232
88926,27944.666
60166,80209.1
4433,5985.8496
65299,15765.016
20790,19223.809
47324,4223.3125
108885,3780.2964
140442,9784.064
3629,41407.625
141126,6483.2563
53927,8237.274
124279,43215.01
31992,22819.996
30762,18121.816
17050,24808.904
85510,24885.37
94455,11179.911
129564,16008.876
131232,2310.5298
91955,232818.4
85421,2120.5723
3527,4399.6353
1369,5901.1797
29895,146718.12
11195,6299.614
40328,4496.072
83349,57958.43
3193,6583.6616
46809,25361.113
19296,37902.367
38820,62871.277
126046,3752.1963
55168,79457.53
9161,34360.945
77630,76394.46
6416,14205.668
48130,89309.266
11234,47436.684
115568,19513.893
105641,14124.29
108104,68086.93
84890,21188.12
52213,1544.7607
48698,37396.746
101352,11124.415
134035,139656.11
21487,71124.53
127594,13024.078
89936,75447.31
20284,4354.0957
35048,16464.414
36594,5895.2354
36990,7698.432
83586,5941.482
141868,10729.388
15019,72794.0
13808,4954.448
45103,107504.875
43123,1264.65
102349,11624.044
13381,16742.453
733,46628.152
69992,32901.36
124463,35980.652
61806,14017.856
148682,27310.889
86766,31522.242
19318,46254.105
108685,143879.55
71652,12990.249
135803,22628.709
96854,10881.427
77544,8642.765
4743,36374.11
33452,29998.25
45521,14663.198
89344,64386.195
13104,21442.61
102864,14795.395
10926,18229.67
125394,932.30066
121883,10101.313
126427,25836.463
111085,7964.4683
112986,11722.664
4091,73592.48
2096,50584.207
69139,25365.924
32237,49040.434
7764,9502.45
51173,2965.9346
79315,115119.33
28084,67572.42
149335,5889.364
70101,34595.625
86373,30844.957
24424,22060.992
69017,34240.016
51501,45719.312
87821,5523.5693
68461,29189.963
61634,2109.125
138357,21725.102
50866,22968.809
120764,49235.95
118772,101443.76
39036,7532.439
66934,11626.057
43221,10975.947
14117,104405.586
129787,49699.473
51206,14338.843
121571,26815.623
130968,101935.76
17867,76205.11
11249,3929.0732
19896,71046.91
137809,20080.447
51850,41506.656
116538,79191.83
103286,87181.945
21811,4382.6265
140712,1486.8318
131775,9949.322
48658,87274.945
80085,12072.566
22762,4081.5872
98383,26068.818
72379,19022.02
47938,129025.09
127333,16582.752
1087,125630.95
47164,40486.32
22317,3221.977
103978,4894.3774
45912,66408.26
77172,15871.163
47141,9740.118
137906,46291.668
19588,4011.0427
87778,57041.707
93870,3593.4915
103013,10943.958
144786,34916.895
62275,3185.729
31843,24203.691
24834,18311.28
82039,71997.96
19306,2555.6877
141342,6772.0137
45530,55132.152
33626,61847.438
69997,49663.92
31993,36551.785
4104,2788.212
54296,9771.263
61445,15501.723
111306,109712.836
61264,11163.118
120113,17329.803
36726,22239.855
3393,11177.738
17143,167633.25
100299,2628.012
69135,45401.484
99340,8825.85
76992,124363.18
89328,36730.957
49515,5918.9873
33729,59726.656
13127,5026.9424
37565,40893.047
79024,16356.121
16705,17308.547
49669,14754.873
119895,43052.58
79988,58640.56
113069,2197.9756
30711,20955.762
43008,77649.805
123071,31446.781
83341,31933.94
80717,8531.29
147728,40253.914
147202,43037.73
131630,5293.995
102206,10954.982
56686,18108.725
22037,13635.589
14158,57638.156
66812,30161.463
59824,1124.0183
63483,4816.5303
62560,17053.896
141595,56455.97
21589,15026.3125
96822,30645.062
85409,10920.292
39805,148844.12
22148,3952.4456
148919,11000.149
82595,5002.559
80889,6647.938
146413,53375.66
83081,153217.34
71374,35371.484
79725,9822.838
99158,3046.0093
75073,50007.69
76764,92554.086
68720,54307.68
24731,38467.883
44405,1213.6732
71459,13946.659
93993,1619.191
128581,35667.742
83840,6233.461
78403,34406.305
88312,18562.078
133351,7450.4346
113190,19750.402
134733,161453.1
148241,2052.6653
73027,9263.24
135392,77362.055
12938,3088.2805
97348,54348.26
147636,1447.5333
103238,238934.78
113167,35923.64
75898,60537.582
7064,5222.696
23383,200486.45
97625,26528.932
64346,52858.68
53836,5106.9263
111005,60197.44
46944,6471.749
73526,70536.78
53033,40309.72
38927,11629.604
51774,80035.836
35266,15332.505
3684,13622.811
82350,43633.656
90895,59966.016
69429,6248.177
127318,59872.836
34246,5810.214
137514,56755.742
112549,123026.73
24503,17961.375
136746,29520.582
66309,331351.53
82888,11683.144
3662,32139.0
70310,9419.01
120172,934.76556
81913,45406.84
74601,34989.11
139356,18326.549
129799,16207.146
78087,29525.4
48830,43954.586
61701,17548.643
937,4766.458
46968,1036.1118
133852,2308.8665
75673,5079.613
56825,22148.959
5276,86186.08
78413,38435.297
99062,7492.8604
101682,1998.5856
65755,99996.39
44828,18451.34
74704,62448.977
16020,53035.02
98970,40852.594
149578,10997.418
142848,71928.96
118398,15388.517
14431,149415.7
129850,28883.951
59655,58086.234
112472,4103.309
127757,125753.96
69309,11885.652
144166,16147.643
64606,24060.94
114930,3607.0347
54989,3276.5671
5752,57698.188
142372,3719.8865
42871,19433.766
71143,37335.105
15073,9252.349
22253,17101.316
104453,1407.4138
40901,6714.546
18451,20040.168
43361,48512.473
54232,6586.7817
18708,4854.145
24498,24915.16
33114,210050.17
28497,13212.174
123465,54230.625
143112,33066.645
34823,17363.729
126032,52136.508
136101,19938.91
9635,9633.1045
147320,5535.3354
20473,95680.58
111976,2576.0188
116701,1342.9816
114308,5879.033
42625,2711.984
86981,6304.0347
71651,8941.008
56002,150426.1
83508,3298.8477
24160,201775.48
47345,159980.42
20675,12757.259
148208,59302.207
117259,96990.83
11445,18436.133
118731,8618.433
108703,4597.331
18981,61697.8
75624,72899.43
20097,88665.24
106258,49998.035
71659,47827.55
23935,43088.207
36336,224295.1
123113,13062.015
142521,38576.914
115941,2218.7893
15817,4428.841
108118,50024.99
39575,45999.613
149592,33647.668
47280,20593.064
107108,38965.234
5199,57441.63
100957,44747.06
39480,28734.432
65264,34903.367
134285,970.4653
48500,5204.1494
25088,5870.272
137011,41277.332
139922,73251.12
130215,13719.854
18353,4316.263
37811,7712.6094
51896,39525.574
140844,37158.375
100955,28409.049
89760,1835.0537
125639,18669.242
143640,8293.232
115316,54783.59
78923,266240.62
71121,1618.6672
74940,29827.902
84678,4340.097
113148,568.0844
8943,73549.46
85291,21641.137
132947,86921.27
43391,18610.496
30930,116525.37
115388,50243.355
137002,8796.23
13154,28454.707
76990,50520.0
132726,9423.509
128307,1920.767
62300,31026.924
128265,53883.46
80719,40879.703
69775,35605.93
127166,22379.178
128374,5041.3667
56131,7510.5044
122232,8808.849
137270,25766.072
95590,5833.492
23543,89123.33
148953,6363.9165
76362,11212.964
135518,20118.963
110753,26146.633
14798,5543.5503
53147,22346.943
42526,135821.58
140576,98616.34
107549,207840.77
52634,4086.2893
63361,56211.652
11364,82826.45
66356,5016.6655
7161,10032.731
107482,26952.562
125830,6105.767
30849,11548.454
59011,38868.793
52843,7558.05
64166,2612.8867
102904,31072.186
88557,32674.121
78100,38047.074
65796,1297.9568
117920,14233.843
133255,12704.716
71564,84828.234
40500,6665.978
45687,23082.57
122428,17714.725
119444,2541.5103
124360,35814.008
72473,29807.86
25025,9568.472
82498,44115.79
72539,21761.566
54442,8902.394
146482,1193.4294
40146,5905.3286
50708,75450.47
37759,74955.18
68717,4399.9985
112797,7703.7925
39141,11925.835
135012,2741.231
4363,52222.754
131406,13015.955
143951,34801.094
77380,35100.227
22335,71985.32
101000,12072.398
128819,17552.127
146767,14114.04
318,30122.56
82295,21609.34
103285,75429.836
116578,19099.309
141367,67087.05
38736,42165.785
1936,6422.7837
99305,65452.258
104755,66884.4
31522,22910.87
133112,5478.506
94363,6264.3906
31012,53254.777
145749,62231.77
8721,1489.0828
139958,2687.5503
116183,44728.902
96882,9732.83
80891,5336.918
80037,28817.002
49584,27501.611
135305,38291.973
44026,28072.916
131972,31877.777
94737,7817.6553
56677,283786.47
148463,15317.655
86730,13330.273
110553,16474.426
62601,15666.953
62075,6021.4956
93824,11617.348
61739,58148.363
48048,61967.64
104174,8894.036
113833,138251.69
71444,24402.018
13227,12029.661
52814,46992.78
10950,23166.908
114721,61851.81
82590,119576.33
116627,4662.2476
51002,14724.878
42341,35041.203
22688,9530.858
92058,84588.664
117481,78273.82
71977,7037.7466
22277,807.96674
113475,4008.1025
142769,5028.302
67213,71277.42
54995,4294.4556
142293,12549.531
142136,44815.4
13970,40308.863
77809,21972.88
85268,10577.094
5792,13075.558
126756,159976.75
119822,19177.656
58272,2434.2156
25583,27656.902
109627,49395.945
25868,6350.474
73961,373.11734
67992,5301.5776
26865,36761.04
123504,897.63367
111161,10374.907
42675,36746.73
65081,51880.348
1548,13115.1
103046,61748.934
60662,14052.755
145119,16194.04
91282,27519.113
103470,8904.378
105809,3624.769
143718,40610.113
61471,76826.21
30697,47840.004
85153,69506.68
145975,4220.262
46656,40350.594
50753,8059.912
5449,13987.169
124872,65110.992
21268,66085.62
92802,20168.076
147777,48321.902
49763,6867.3945
68494,7943.57
33230,10370.651
136214,37407.188
134447,71530.57
30738,3678.8196
96553,6014.8247
87426,23779.896
115733,179731.56
55935,42809.953
24811,14637.022
124015,17750.42
119367,57878.34
70598,36342.973
3531,15888.363
126131,4020.637
6738,6170.4897
130546,1778.6515
23860,20888.709
82118,40644.754
20079,87059.27
108378,19525.672
117240,42895.26
24333,11113.481
38612,11126.857
109017,8564.524
104604,37419.773
87871,72286.2
27752,6794.8364
124261,37395.39
124638,29936.895
22422,18645.756
106260,42451.81
79844,3288.2217
56034,27286.102
146365,491873.7
17059,2466.3247
29091,48279.58
88044,2945.069
68991,3964.6848
34731,24413.16
61495,18776.572
91991,45972.395
81276,6458.6665
34149,47279.2
99033,34439.258
88102,219862.42
114564,20245.12
65359,8561.176
133954,281911.4
61705,58739.39
1495,99516.555
57049,38876.848
28935,30397.244
65548,7369.9844
125589,3678.8445
147338,4514.9062
107966,8471.353
76360,4277.738
92268,7099.303
148048,64522.273
84929,21261.22
24244,19854.863
9226,41033.33
121815,4122.7334
137027,62439.5
148474,14087.111
145736,17187.951
58818,1169.5813
13255,15441.689
140754,2431.78
71079,18827.771
103520,9457.712
48288,6524.0547
14122,10302.955
96639,10534.604
84958,112861.64
12026,16957.678
117342,19063.898
31318,24623.328
73924,64467.348
133202,42503.074
125314,41693.516
10513,90756.805
50822,4269.421
41149,2865.212
4913,44865.266
69570,28014.402
137642,7547.6
112341,18468.893
45552,96310.94
23454,92763.125
58309,44476.46
56666,129577.0
11297,4203.4688
27490,2643.4766
104834,24776.078
69781,100019.18
9346,17987.436
64692,55881.938
66191,5761.831
91971,22987.547
17181,21489.63
41178,62079.344
29814,31202.096
63502,5089.8096
88154,6669.315
41633,8863.798
139517,37290.61
71375,10202.773
149103,15161.266
67706,28984.104
54625,17075.61
118987,33891.133
52144,56490.137
51401,49606.656
145746,11738.344
60736,23188.902
90456,16520.656
103077,5977.119
66281,7857.7207
15427,28944.46
4941,46298.266
61308,26021.146
82984,12933.691
52278,12826.984
35134,104035.48
132493,42875.79
14599,11756.528
71190,30570.477
111647,72990.305
69097,22931.1
56182,12788.807
136938,7484.691
3297,1196.942
76159,23601.691
140579,8966.637
54546,22941.768
112551,55878.574
39126,13993.376
123090,2885.5889
70189,17091.729
65831,56945.98
70280,8944.547
69937,29318.594
142103,53125.832
67145,59909.75
109673,192193.27
139942,35534.934
486,14034.706
73341,175152.53
52152,6674.5435
101323,8812.032
86613,10793.7
37120,4678.278
65019,43073.383
40436,52670.145
125292,3688.6448
71537,5553.1504
68241,24383.312
141363,41775.766
126760,7758.107
15946,9951.228
40327,5045.848
91357,807.514
148186,27231.094
143155,9889.991
130778,11436.788
118809,20471.75
15561,126690.55
4050,24695.836
99917,24137.184
11469,40217.137
93386,18255.99
139326,60625.54
33321,8549.937
79457,53125.832
41301,189617.64
87762,9516.198
124554,82579.76
130401,121616.57
119384,143594.2
36869,73304.03
35706,67728.91
98893,3095.4756
38070,7739.1255
2245,130434.67
126910,137951.12
128917,10186.205
147830,7595.7275
136104,21413.447
4776,82243.9
27967,2212.7805
77043,3142.0244
16269,54584.477
32486,4460.9717
38767,14719.864
121558,8371.722
105595,14448.912
57220,770.8295
113917,13350.808
100363,17131.672
146209,40224.223
6457,33158.2
8596,22174.621
62790,19498.348
125946,8588.72
50782,8240.808
115689,12230.987
109174,1020.7753
80154,21537.521
69690,14304.319
41235,30652.621
140248,15449.741
140958,8211.765
96384,29989.648
55947,34083.805
149505,92644.195
31780,10903.379
4516,19778.152
75268,15726.022
116488,134246.9
113684,28776.861
39982,75155.086
90415,45569.258
21614,6538.305
70483,44244.727
85555,5663.088
50682,10050.4
136362,8397.916
21045,52667.695
95519,265993.3
146151,97024.586
1504,74390.086
66622,76156.195
120922,52661.75
89045,17193.346
99638,18839.098
25553,14302.71
88101,15299.358
59182,4632.446
109460,16400.852
39041,8026.7314
49294,18457.576
89302,43292.816
78746,76850.46
144235,43523.91
5144,5200.267
6817,46728.32
102633,78677.125
49003,19209.22
77596,13671.864
120005,24159.572
70776,6217.096
140569,179738.16
121690,55225.55
26209,91716.16
38185,6323.394
106707,7466.3853
85657,8190.1763
48873,12928.464
82049,33697.113
40892,10114.727
84578,10489.162
2809,8094.7085
121211,1471.2821
112789,14421.552
131631,9218.435
126071,60108.527
125978,10269.789
9125,5898.7104
35795,94588.75
144960,11896.731
80338,11708.096
59652,25055.668
50551,11776.335
95076,13306.913
39819,12202.268
29695,87890.09
108593,32981.562
133971,19708.176
51658,16746.02
15343,7725.2847
118843,48832.957
12357,2146.3455
117194,52170.707
65186,3398.9788
93959,7502.637
108451,3323.992
23937,7290.751
126845,78202.25
79605,7699.365
79011,13692.055
128363,93679.3
29740,68765.39
69704,71833.67
32925,7912.903
24577,2015.642
27562,19378.06
122111,827.0122
37101,4307.0093
5832,14995.499
102162,149468.61
19804,66691.96
99335,28095.383
31768,4768.443
13494,7521.3364
134687,81058.22
41590,64814.01
90258,7387.9697
125081,19232.955
82043,20562.46
56917,4420.5703
110299,18010.346
46421,3059.5837
37094,24915.975
3934,41001.06
68029,7123.395
52236,104939.38
64914,6980.5127
88722,5481.9
4206,10880.024
38407,74188.016
88381,10737.642
53503,5811.6685
131530,29157.629
118980,102851.87
126968,9957.136
61363,13742.049
14877,185499.81
142891,58927.68
11196,62770.547
76446,101061.99
104009,366703.1
58700,340379.88
58101,7262.5967
104089,4452.8823
13445,25189.678
7740,6766.6333
24850,22905.129
42721,6026.3813
106004,33972.016
126177,6480.441
94968,4229.3594
9134,12743.93
128658,9291.685
2179,16816.494
39587,50013.34
76909,507.71045
114115,4102.3013
17493,112562.39
68635,35126.01
125990,6842.671
114206,35586.99
30865,6885.8403
137842,18577.965
107385,51261.477
66566,19170.771
16295,26607.164
63774,44702.07
61411,55167.277
128748,92227.64
49066,141135.48
53269,6143.512
115478,90523.336
22952,27282.828
117670,10524.334
33990,91751.41
55586,4705.4014
78808,36482.938
139838,13758.45
86484,12198.137
67302,59063.715
75408,19864.355
6414,14304.698
48230,14558.777
130678,31141.969
143460,36682.42
112375,8918.628
125703,5667.2563
79136,135203.48
113201,11117.297
142988,37771.9
60748,48553.777
45809,15231.507
60530,3484.0747
71583,21611.36
111207,14296.625
88463,69197.67
108414,86821.07
109066,191942.42
41322,26167.96
75234,84400.55
114944,92983.48
42317,11998.301
3526,57207.727
13584,23675.26
64111,6174.264
122515,5445.354
119886,35447.97
26593,65694.664
127582,14400.171
146400,1786.5452
130718,5977.4917
112596,67929.08
59124,6278.356
10440,42173.254
125070,70548.15
91518,17592.523
10248,180722.84
38860,21304.482
9228,71778.445
26966,27076.873
125351,80722.336
72738,8212.593
143137,42104.527
32249,2655.7048
143728,36719.426
104192,1558.3552
34025,78955.625
128695,2364.9714
128110,5722.651
37674,105338.266
104277,5123.5166
139183,51353.72
13016,9894.456
136467,4058.7708
20933,59524.773
117076,8812.966
29501,8844.147
45881,206323.53
128801,11984.92
43712,86814.9
107946,3524.1538
9192,103118.836
59112,54606.133
148323,32855.8
88863,97617.24
28252,12342.013
8874,16590.824
18030,6836.245
64810,30549.021
10087,5007.5493
145613,28736.506
86858,21295.736
82196,419700.78
96646,171654.77
31495,10751.984
57695,21115.264
133668,5089.2666
325,68964.875
3925,22228.764
73113,24121.682
83693,27705.35
54670,23501.32
18950,23783.826
94612,10824.387
146682,207385.86
145679,114170.3
95578,40411.637
105995,11874.943
128372,49991.05
137675,34161.797
31015,96647.26
54214,4805.807
113334,50715.062
92288,184254.17
55960,15872.532
125088,22210.61
95690,86917.9
91588,125860.73
135190,74592.734
97595,10619.651
145488,44853.89
87262,5365.7505
50256,67436.625
87965,20921.703
79580,13953.84
126594,11129.143
46820,28687.947
111898,18131.562
31634,157148.12
126950,28893.697
57728,6250.1787
133969,56825.82
5660,26888.037
107458,30658.096
62770,10800.541
21151,15012.681
82370,81191.17
51267,5941.642
44901,12931.3
57189,68138.72
117691,10684.812
73857,6346.5117
18936,39077.64
125893,2828.6567
48472,16947.244
38004,18603.865
62721,24616.422
89083,10905.058
124792,43936.953
47360,68676.49
29081,53870.27
35053,8467.84
122886,285550.7
102024,137538.9
11686,141187.84
117306,14080.349
61170,27341.303
95390,11756.528
82184,81023.74
24605,12520.524
54831,35381.754
56264,57172.445
21394,253360.55
104616,25507.654
140212,2181.2048
80066,13916.183
106509,52443.316
62920,38972.555
96823,4684.6636
12230,2509.6333
13447,16633.48
104662,4124.991
78945,67654.76
17114,18514.29
80820,164856.0
71298,22890.521
59847,71827.82
4714,35313.395
97795,22097.361
29258,7946.218
30579,37147.156
32552,4397.3813
140311,2243.4587
112392,34134.79
98265,-217.38234
101618,37957.938
20770,36857.184
41398,100978.055
36834,6867.5884
69817,23559.521
8083,81141.49
1710,4776.8994
47824,48089.633
120683,38207.008
45020,2813.0269
124442,9812.184
110836,2232.2163
100118,2058.8235
120901,4216.635
22626,3629.7986
31352,26186.607
10506,12841.868
22947,22511.068
50809,35741.78
72964,15014.101
6047,145923.22
144226,17693.6
9120,14398.208
122095,31150.773
11425,6252.811
81804,27969.537
102182,33074.367
69928,36311.113
48352,79091.13
132638,11140.449
23582,202890.6
70443,3172.6802
103073,15207.531
39248,619142.56
56905,3060.633
115016,30891.408
114273,-147.16663
57477,235716.4
30146,8230.212
110560,66914.84
23055,354960.84
86428,6324.1216
57998,1330.6327
111187,9326.317
103183,5048.9917
95654,28312.23
9599,12106.237
48486,16464.06
75466,8629.199
105698,46222.953
81889,55907.844
60917,132937.33
43876,1864.9515
128339,33856.652
17715,10371.364
54336,4319.702
36843,5303.292
20879,10116.92
145304,8081.4297
137402,8280.589
87848,38758.16
58023,12770.638
66737,23656.086
32053,11707.731
85578,12821.967
79174,11233.943
28678,6527.065
99599,6930.7266
41001,66783.61
59797,4285.002
42285,86076.164
117228,40031.5
115330,32451.625
61269,5944.5127
58613,51178.527
32988,3725.2883
28139,44748.48
77744,22049.695
21494,3444.5232
34364,42496.1
6591,9105.832
80135,32289.848
98837,52851.82
102507,9260.681
115424,45530.254
96554,27859.748
145697,87758.65
35911,51400.27
83996,5835.5347
117503,215797.84
33982,23743.467
79092,62760.36
144251,5506.7573
93260,6210.545
35303,28757.566
82509,24579.697
58995,89833.914
72287,19478.17
18272,8656.041
26521,48519.39
102698,6254.08
7647,67207.28
124199,4768.7373
49727,14790.324
85561,18352.574
99030,26887.475
129278,26164.418
3456,75297.984
64843,1556.9675
22704,14996.202
60539,11821.897
17137,26509.02
38535,9998.439
15998,4351.77
96043,11551.466
104329,15678.198
88810,13945.614
75006,747.6948
119771,9792.693
92037,13742.011
81716,14909.024
120523,203661.27
59680,101126.88
23814,3111.993
65247,33539.65
74835,10591.0625
127762,58804.355
41392,81698.93
44213,12701.877
19785,7414.819
37477,104681.74
126215,26408.432
75145,28254.082
55,16052.742
23263,76234.18
137971,10281.953
71026,17402.166
31690,11373.425
144840,10343.863
64650,44176.426
84892,83831.47
41583,11265.733
1231,1048.5769
112784,1926.9298
143133,163316.25
26527,6281.0366
123950,12171.728
141624,55143.555
117902,56255.695
90396,5105.9346
105007,423148.5
84202,50315.594
41068,5323.583
65066,8920.324
47917,27738.596
69515,102728.43
68252,38577.3
135882,3602.7673
97554,19973.076
143459,32504.941
93743,50806.965
95086,45153.07
7534,85104.25
77907,1615.1803
99207,66385.18
70242,9495.28
110373,6795.6406
128585,30969.48
21182,63947.58
130781,224162.42
83317,16717.025
138920,23452.41
55814,18991.727
14553,1362.3094
141898,9787.493
140111,90917.48
92842,81473.08
57047,42161.867
40429,2455.2427
55179,10731.893
55983,27991.852
20267,40922.168
83430,92984.87
28017,195303.05
123353,66939.29
58365,54590.17
82500,36211.785
122362,13345.589
65045,15356.831
64540,16634.21
108742,27296.309
105354,124428.25
128169,16749.982
12440,52092.457
60803,13575.694
71522,31033.383
129903,28050.795
128344,7662.1045
49468,8690.449
68738,166815.0
121275,27884.066
118680,18288.635
6224,13320.779
112700,7813.5386
136212,8244.285
107613,23009.377
15140,49219.066
100674,27492.049
35612,3863.0916
130934,42752.965
141546,228781.47
11167,2903.7766
71515,5347.0986
85286,4199.703
78880,59089.965
96515,50642.08
74827,609.93207
20380,2906.1382
7808,91997.18
22022,12401.606
2126,47205.69
126272,16731.389
99865,28819.846
13878,4090.8584
132312,13136.512
87118,27834.473
48272,23171.988
115263,2778.9587
8076,28164.85
77874,25280.2
25874,6489.0195
135592,3699.2534
124403,190240.55
149490,6936.061
101973,62600.094
77473,61275.07
128766,42155.656
114840,23158.438
95788,2265.8171
73465,7659.007
104814,7160.0176
51171,5232.2886
94915,10986.538
138706,82404.58
112540,47909.46
22843,6931.4067
112671,111926.445
124969,93504.39
121107,42447.035
10438,16214.993
75104,71849.97
51386,47569.3
93660,105378.55
81926,74272.23
124665,66418.24
64320,12377.363
18093,9124.311
31605,41785.69
143116,5010.943
1244,92782.47
72846,7667.5566
59880,3389.0986
51690,56329.566
116900,80646.35
141680,58039.457
70337,54634.938
95865,198491.97
34107,23608.545
84529,1695.991
80494,193998.31
11865,26589.688
35130,7385.054
117761,62773.79
53733,8715.228
91163,9265.381
87152,28122.021
23618,207373.06
104248,10479.239
116051,28809.7
101232,105481.31
89644,25385.758
81744,24739.03
56090,32384.225
57833,94859.234
20875,19924.717
148815,52591.594
87438,43557.934
67075,156493.39
15189,29832.707
43189,4490.954
36496,9191.324
135426,168323.69
66277,41448.95
50030,20747.191
149962,16291.233
87457,9564.004
110268,10302.17
149259,9612.559
60111,40754.652
46977,100341.89
30503,36961.94
146357,337.58
113621,11528.576
143958,8774.581
17913,10627.164
71081,91663.484
36130,95748.266
86378,5775.8354
48235,50074.195
101785,81478.57
32994,2410.663
41912,22207.504
20758,3582.1035
46641,1329.9637
97512,5283.14
75142,4192.358
6089,29002.656
2915,27833.043
112360,11627.625
65103,105.039276
11936,8355.546
59872,94048.38
68204,33693.61
91407,37951.773
80896,48793.406
58269,59795.723
47142,166576.28
139385,2609.3726
127247,27016.486
143075,27140.566
66645,7456.403
135237,25142.209
108815,8163.968
146974,10345.782
102367,31498.482
76778,8300.771
141762,105003.836
111947,8886.185
121893,92471.88
46982,29953.562
103610,18888.924
66410,23462.53
34744,7863.353
73342,106182.805
109402,1615.1803
57516,10196.539
679,22317.04
58360,42575.51
132755,43260.895
88795,16074.125
139593,21807.293
141556,3764.713
116283,5180.3525
10834,7790.062
56429,9756.681
113472,8055.4385
90064,15836.052
134023,25711.8
127334,9186.952
25953,131641.73
121394,18403.773
133354,5167.289
108001,35882.86
4158,8979.566
57114,37604.785
6240,48391.582
16292,25320.75
144319,47319.973
17661,58874.863
80633,6836.393
78855,7276.3286
100704,42961.555
71905,20147.871
72971,64883.332
37658,9098.669
76531,50387.34
736,55237.5
44471,50805.125
12953,56419.855
5476,99975.1
147244,1147.79
13496,49292.086
23072,50188.297
86203,63504.27
92342,33164.35
140557,154718.34
20331,14382.548
142283,18181.902
140761,18396.95
124534,80481.15
123238,18549.635
103501,20923.08
18906,3509.3909
143525,46093.887
29804,51566.703
114183,73775.61
77715,34525.555
98639,28853.49
93134,43888.89
45747,44496.93
73442,18697.92
114076,9669.539
47784,70722.914
132576,1501.8575
82228,53394.414
139447,20200.986
72063,29890.045
19584,17972.504
93576,34600.477
50813,6937.348
82906,93306.984
49039,6727.636
21309,12627.467
145892,13027.579
30155,12293.932
131614,2967.8967
146011,7099.303
96995,14054.781
35960,44813.66
87355,7186.8345
87469,47384.633
149821,7210.9277
33324,23409.111
110365,45889.645
133339,22303.99
99470,35995.375
64517,12913.8545
29282,36200.297
140350,3039.5076
78138,20163.455
58450,100248.5
60162,14070.937
26154,5538.382
81989,8657.627
3589,11059.648
24518,10645.856
12293,24126.209
130179,81303.7
77592,5558.37
141676,921.97797
35800,13413.669
141459,2114.1045
8173,9075.648
43326,1682.0618
120279,31316.564
120319,8174.681
14315,39572.5
8292,63516.855
106908,18326.549
137837,20165.242
123350,45694.44
72346,4393.732
12654,8209.008
92691,14215.745
147215,13511.756
20300,11501.565
86862,8748.666
42339,17372.818
44445,1075.4714
47419,13509.753
136968,2706.7544
76828,83422.71
43599,9224.795
69871,5297.327
75312,10207.727
29841,11157.271
131127,34577.047
94775,9275.784
1281,35936.598
126052,148505.61
63289,10175.145
119277,15552.9
98001,31856.44
47506,15082.834
68102,5061.7593
149165,12431.849
124803,13554.199
58780,21321.879
62772,5890.5396
53644,3279.2322
86460,28214.11
141420,120381.336
61326,56462.562
148191,12782.039
22006,2687.6477
103085,41993.01
15911,25369.125
43364,20045.36
34527,28871.07
147748,58511.86
18914,68866.63
70019,6708.4507
56375,16477.99
40634,2941.0679
60203,11176.311
56179,65948.02
82940,3179.4055
25828,4350.785
89693,11039.449
133556,110170.61
100368,44208.043
17096,14073.15
111657,6336.784
29098,105285.46
82990,87653.42
40991,19246.523
50578,39445.062
51654,28241.139
31077,111196.76
82742,11174.624
129827,23699.0
145422,11114.648
32912,43493.066
81655,6831.5493
33070,19595.537
16559,-83.95982
70224,34671.492
80222,26309.008
49258,6854.798
38685,37025.1
44261,1312.7645
95424,12973.147
145933,8838.025
49567,1804.0925
9864,18692.678
42301,3513.1667
145938,8247.513
27767,112620.22
114111,11499.62
56387,178975.39
128116,17707.428
120801,9993.125
24294,43729.656
146353,23552.92
49601,50974.285
50882,12324.512
130911,8769.616
95045,55000.94
129379,6912.954
22156,42998.953
9962,201365.81
79975,33930.34
102276,28429.775
110058,13708.669
30962,2015.5984
30044,1905.3519
52049,53164.004
128453,20131.7
93797,22943.395
45272,2122.4048
13424,22743.416
102677,23523.258
101364,64452.426
34611,17998.209
118016,4041.197
34173,952.6619
139770,33916.664
65470,5568.088
101861,6739.368
55525,4132.3257
123326,22037.432
23282,14596.553
135679,89802.836
3535,129343.42
71234,5200.5884
63636,5854.9707
133195,45374.812
4233,38967.38
111212,17481.291
107858,3834.9656
59321,112963.19
42483,36385.695
126521,96166.37
132580,8979.789
146227,10812.541
62117,7691.9424
78913,29045.074
99156,18092.537
107598,1891.1927
82059,61273.973
40156,3893.8174
48360,22666.021
118667,39449.227
30098,7342.0166
98492,33300.664
24985,88307.88
94548,20003.594
149231,102341.66
110221,26486.42
42190,44991.59
135607,38557.613
51826,48798.285
49135,2642.2854
132641,154982.69
88988,43792.004
139530,110377.02
127060,37599.957
10486,54447.426
78886,24881.97
7806,114591.195
36875,38539.082
59026,10000.119
136396,166913.36
94208,20945.156
74165,89198.336
136903,96486.91
122955,56740.664
133245,14066.997
115908,10371.027
90771,6617.7065
34761,3915.114
51460,17062.312
103181,5934.179
132254,40519.27
122131,40127.04
69464,10197.684
107763,79483.87
43807,5119.7515
132368,52121.867
86423,19924.986
106467,15834.488
70297,484907.03
21538,4200.767
95180,21680.438
144899,31842.398
146550,61249.17
4020,21584.846
68604,99511.62
36769,70841.875
46633,16035.831
46416,33982.72
22934,11397.205
15871,22201.799
140417,6867.2173
64849,115242.38
105861,30649.498
70807,10503.432
122442,11851.973
52404,4760.77
7787,25983.37
132795,15121.967
125904,3467.8057
139486,46775.94
145876,10124.916
64558,8631.424
40226,48964.246
126239,97749.234
133223,7225.471
92246,1831.9542
107863,82202.28
82724,20098.617
3377,16367.759
42052,22168.55
144927,73705.234
83909,45507.887
33536,8419.519
77050,8066.1787
84099,133210.14
72200,4781.3154
85963,4233.116
95760,3262.7793
106040,16101.164
83801,11452.442
45935,11313.157
91727,38737.7
124118,59385.555
43553,12332.147
40415,4670.6245
74217,18270.3
148199,8933.291
54150,7216.8823
113733,20498.041
60654,121639.49
10724,9628.705
34477,16516.252
47582,5195.128
142859,10608.553
58052,67125.77
44528,234.02052
78157,141923.98
113251,44648.094
73915,6287.385
93152,7816.721
129860,22119.846
99614,4846.1094
12690,7916.0894
15470,1827.3475
62027,10676.408
88386,130730.17
120675,31718.41
38694,16688.016
146726,14011.882
133847,21956.604
77900,4631.2573
115209,40644.72
28013,17795.092
19850,21763.445
114380,10272.108
34202,9928.565
78222,45700.207
45448,3336.5718
105287,29249.338
28605,15055.562
24050,24009.578
7801,79847.17
48838,62611.38
108282,22941.887
21114,12176.091
98278,7994.7227
19264,60314.37
121485,22693.287
28428,5084.4897
85624,39755.984
126750,27577.807
142827,122616.34
139668,17631.906
30940,3825.6743
78827,24959.92
31994,6666.603
52082,27520.46
108487,185452.19
77118,3959.3352
1185,68740.29
101664,25891.807
124746,85973.086
133066,7355.6743
45044,10562.899
116843,3195.5151
23884,5285.8936
126550,27883.66
119920,19881.424
61396,225224.02
82626,10502.738
28312,35580.727
149050,16165.052
107275,54722.16
47067,4671.6987
29416,54430.23
137923,12386.525
126338,30238.918
112263,189569.14
16107,278106.1
82607,18664.664
102011,69437.82
103381,70792.87
34383,15567.2
119923,149859.38
31941,8190.2344
54677,29007.373
31617,95607.39
70327,36306.844
114638,10583.978
8477,4164.73
132914,16144.353
89859,9210.305
146328,11682.067
26305,10944.765
21417,7131.446
17830,100943.0
79891,45460.96
30429,47531.027
54606,7989.1616
7660,18673.441
147653,83777.55
37916,2969.0527
58434,35632.48
100315,26177.182
32174,60917.004
80189,4165.0913
123069,7452.4634
99637,27727.623
65443,41481.8
16770,14065.213
136280,44740.46
79849,71561.35
54816,7559.5127
60167,26965.78
117959,154607.9
111688,53267.87
127200,15351.316
106852,7888.619
78937,24471.291
107286,45486.957
19455,7695.9526
50616,25465.705
50025,3482.9517
54835,5814.166
2604,3887.5735
104959,34912.305
100293,10694.076
50069,9444.365
45765,22574.705
33464,17115.998
5010,11423.522
85869,7354.059
25560,39148.473
79972,179441.48
106209,43778.617
27084,33644.113
144423,26477.72
66681,5811.0474
130247,111421.01
145577,4274.696
36051,16514.219
7786,4033.5898
109812,36867.48
146320,73431.79
145356,4432.0796
105638,22222.145
104145,12343.178
115677,4774.8877
7820,2865.212
85817,7233.239
13995,273721.25
115004,48256.566
52790,14404.638
111493,8395.873
85822,22550.463
28425,91163.31
56102,47208.39
35703,53497.656
126262,23784.682
84955,8647.063
33608,57605.11
59785,93205.555
130228,82943.32
71838,62847.52
73764,3684.448
5772,109184.16
74616,23721.299
39274,30607.13
130912,4251.532
32960,27937.26
22291,14792.8955
135810,137524.36
28200,12721.502
41405,11828.843
73009,7386.339
129230,8497.636
139943,26362.799
49944,16418.703
90048,417.92725
79599,9383.923
10987,4818.58
105300,86499.68
132123,16374.092
31870,30766.66
148871,5391.265
18201,16891.682
76132,52844.465
6563,7802.9497
123615,27388.709
149206,41543.527
121000,154072.36
23904,3917.9949
92002,17768.998
140601,54333.21
3704,31763.621
101671,79167.86
50239,29058.955
31025,47671.51
3750,30847.215
12258,2145.584
47408,4084.05
15275,99065.32
30266,4118.7007
15702,12624.996
110061,10848.054
58549,18012.537
104848,41644.855
1051,80913.94
149497,23356.875
117673,25835.756
17957,54408.996
15570,10052.624
91913,25640.85
125280,21618.633
110937,25986.25
56733,24340.322
142072,7093.516
128358,3290.9731
48110,21355.457
40177,12781.732
12024,26877.219
79873,15322.918
35565,4073.7065
79755,6074.946
59126,98671.53
79038,221485.94
105196,135402.92
54895,20041.564
91446,8214.899
146948,79059.66
100667,100851.51
69003,50878.875
116081,8110.0527
57988,15739.086
147629,1611.6234
92031,10690.792
32817,3261.3188
2586,18550.14
142698,12881.808
149959,116350.85
59228,140170.06
32879,6591.082
91803,14614.35
39299,4862.9443
112949,17388.195
47437,1209.9475
136742,47647.848
17395,6655.6978
103171,5454.633
24171,62928.92
65800,72667.984
132406,59962.613
114710,5927.813
110261,10551.089
71634,13293.483
55376,3154.2566
146757,292683.97
117055,26802.777
36287,67861.664
118905,1919.844
126916,15307.068
16735,22035.852
19121,131828.16
129617,11617.66
126041,39620.71
24169,100710.6
5196,28394.053
43146,161936.6
74924,5043.106
43829,47616.812
28750,16836.145
2401,4855.91
129324,27891.906
70796,4342.9746
114263,2111.9563
14540,6981.76
106604,163219.22
147921,10278.572
20557,2583.1958
65142,20435.729
117619,32488.373
124443,17460.938
20039,105465.62
85988,19075.004
119092,108440.516
27152,36322.5
31618,6145.4136
71387,18919.535
85087,97870.75
61860,44466.605
115337,3884.308
77508,5536.8545
100512,12409.198
38098,8849.847
43313,26907.66
146549,9675.073
79398,51253.074
105047,5698.0938
87676,10150.336
144635,70211.79
49658,6535.239
29307,220699.95
59022,14697.73
60760,26343.574
104590,16671.492
97329,1046.7178
129616,50659.484
134440,3822.9517
97446,35685.71
15572,22792.453
2579,13692.441
117721,61583.113
4988,85666.055
38708,22715.809
147904,5126.6016
79752,191550.0
146170,8204.113
18035,91302.05
143256,3065.2014
128740,36139.836
987,54574.395
95564,9758.287
102497,64752.17
119883,163222.64
133305,12060.412
124045,4087.9272
36682,6012.0757
103081,246886.92
124401,81455.125
149851,6004.202
122120,7189.6567
60896,142692.5
110821,145536.92
31277,19706.59
68750,193415.97
108290,48252.996
125942,26808.04
13548,3347.577
16674,80653.74
122729,44451.953
32213,60057.387
149361,17724.28
92649,21845.738
70228,4116.574
2438,11880.09
131970,29154.043
47556,69381.414
143359,20476.693
101899,11983.959
127449,60840.07
91286,8016.6816
43893,60792.773
34436,58166.08
120426,3825.6743
71684,8511.079
112939,23262.982
57594,28156.459
35629,5939.4883
137292,5639.378
121931,99931.03
67410,11200.391
127020,3917.9949
122781,4662.408
14894,33277.637
69983,23174.852
36519,12172.269
112543,3079.9546
39908,9517.828
127608,25002.67
124693,185533.47
116922,24884.57
77348,64653.434
140834,34905.055
77707,9559.455
52072,24970.908
144825,109340.63
127367,11979.824
142943,13922.762
130714,55310.45
91299,5167.8657
141480,558.43835
7483,104350.82
51596,57385.176
117280,47344.41
132327,15606.254
71413,19742.94
136914,18985.86
90558,87398.36
69826,25221.66
8344,2647.5034
115758,11568.504
90496,4269.029
12801,3433.2148
105882,9398.657
115625,106711.86
133773,97691.09
118527,9870.139
29639,2855.5457
114618,20428.014
111398,6207.2476
83269,47814.42
144286,63739.99
104518,13638.288
3037,75472.61
135627,66232.88
45263,9450.625
111453,25363.031
82585,43271.508
145343,14231.501
93424,151889.12
86355,26605.842
45287,15288.147
76268,9910.165
18566,4976.393
64773,18056.375
98155,292317.88
16536,22244.05
36462,2118.2678
28088,6378.36
138611,19059.168
95468,51535.484
10340,105204.64
39305,17091.746
61966,149569.03
50853,14147.93
50876,29936.658
109428,217057.62
29917,10672.206
36591,11927.293
104726,8934.726
52522,5730.6646
119768,25775.008
48735,26476.02
129885,11331.545
112964,58247.52
29658,63842.906
81741,8413.165
144492,35676.97
97505,20374.826
56484,22484.488
142822,19609.85
39077,36831.613
61423,10737.407
46557,24831.309
128977,127110.69
31745,2761.9517
25626,120147.22
90056,28985.75
78550,7442.085
104630,171348.56
50575,32663.637
26436,112308.734
134369,6575.4224
59019,17708.975
141352,11772.03
44769,5117.1094
95058,41687.14
61980,375882.56
1160,81191.05
79081,11538.774
17993,67026.07
21751,114083.15
45411,19000.854
39297,41819.816
91029,81841.72
75626,78805.1
82418,42123.656
36557,33684.426
127441,199680.12
51834,41387.645
74905,51691.387
14112,29280.434
126851,63138.793
116810,43247.207
5206,8828.665
82069,15881.028
4903,14916.395
35630,85453.234
66465,44648.094
100628,24683.912
14417,21684.94
132061,30176.752
119977,8810.17
51769,266916.38
99772,27360.66
5676,1070.4578
81429,18677.207
76023,3929.3152
135956,78052.68
30383,52090.367
102778,47176.355
24746,39119.09
76190,59473.453
57654,5291.061
81751,19874.46
13040,2719.294
83044,10915.249
55787,23490.83
57860,32348.43
13090,35086.508
18080,6169.2476
144720,167909.39
127156,8768.788
93304,9848.627
61434,14210.643
98888,3424.7192
125388,9840.447
45834,25233.686
116073,61416.445
147604,30940.764
15755,10120.941
138196,14326.075
80373,1626.371
59376,6756.01
5717,115890.52
90734,138077.7
89541,64211.46
28845,453173.56
113700,6335.518
75024,1425.8912
64090,10261.942
22744,88564.4
6951,5514.1353
11393,5488.424
133092,47038.52
14070,3707.0125
94285,146177.3
64800,20362.072
63747,2679.577
96754,29523.406
52443,66754.87
83326,27833.707
32736,4366.739
38491,9081.975
122527,2585.6443
19446,131057.54
114821,18997.762
123843,12909.489
89227,86461.484
116536,5674.844
81063,54763.105
104074,24779.588
15655,43259.793
12079,32172.137
13516,32499.627
54936,6358.5117
110581,4759.0933
131718,46949.797
111625,14778.591
99774,4333.294
145447,53779.16
116047,53908.48
135033,34756.094
56639,15694.272
67573,19170.852
96930,36368.867
14377,40867.316
102082,109018.75
62814,3853.5447
45879,26611.994
3345,1231.6865
65999,98041.7
135768,106871.78
125923,18535.898
25362,8033.623
127427,1884.3767
149378,53928.566
22484,73100.36
129178,34002.984
75019,9998.604
144798,8402.913
2700,34190.41
25486,10302.008
125169,22103.695
59276,65193.453
32006,34703.07
120953,19372.963
117622,66199.99
111913,6367.393
72869,1811.2076
100334,17526.146
46554,18025.22
270,23980.658
60762,6924.8047
56608,9608.045
125549,31600.803
59064,25413.094
92442,50126.402
24654,2219.7644
16312,11369.886
144396,41674.15
75233,149880.03
22792,44889.26
64005,96965.93
69001,46613.508
1652,5391.5425
16561,58715.984
132707,7346.882
115295,46435.16
114648,4832.835
3434,32226.365
114047,10036.337
8488,18071.396
17459,55776.535
38159,8270.775
49460,7818.4277
59845,19346.607
127856,16735.396
48613,15327.068
120691,21183.633
83912,13321.532
9809,107947.984
32762,35217.934
20783,27602.326
41340,147273.84
122897,9726.292
3606,70037.414
10424,135827.27
75558,9029.586
142516,753.1441
61733,74709.77
34519,9816.777
54385,2325.2295
97802,86259.84
70258,13228.788
126339,42732.52
49614,17165.566
88601,24430.629
87038,20146.953
48047,40737.39
73839,13057.261
4987,16846.854
115981,52061.938
85137,9475.274
39763,74253.836
94231,6922.318
112467,80193.28
54556,26443.871
123060,18901.303
6170,4250.4976
114449,30929.398
58124,3783.31
105653,26643.076
94559,9635.754
125679,46780.55
17834,47650.117
43849,7954.607
135557,7265.4062
95845,40623.652
26699,23288.963
6066,11019.655
31193,135442.38
145890,103446.01
142039,44559.586
102596,3966.6335
42130,35649.74
107262,1720.1776
2128,37961.93
27949,140319.11
2725,78317.836
114044,42850.574
50797,61797.656
44429,11079.756
18700,25041.502
6789,13362.891
137815,9617.729
68197,31953.936
93139,90774.44
148133,73367.055
93447,26815.875
100983,59697.586
90685,10746.059
140659,41546.516
29440,32222.059
105205,6293.67
76067,16306.205
146411,1853.33
116448,22179.305
112914,75041.85
61614,10909.25
76780,19164.729
110063,55658.152
4043,65696.76
76477,32668.62
32610,8132.8174
117491,6468.436
104177,756.5425
50302,32465.857
72116,67460.03
67120,59291.105
102652,21006.291
142483,6184.402
143247,116617.586
105679,13486.608
46754,108373.41
121020,20889.9
91508,4009.2988
91639,3460.0781
63644,20255.22
62202,47040.477
27372,53704.21
13341,16115.126
65421,82992.555
126322,15386.084
78193,29578.83
26412,30021.621
70610,8670.734
130795,20848.527
81934,29219.68
64721,15783.833
106910,3750.7954
109225,9852.405
111740,89456.32
1806,10519.718
16893,57478.54
51067,43922.59
149774,49009.938
20996,20367.969
41020,7268.32
41537,58997.95
68734,91211.02
118396,14688.221
129574,7523.7583
115525,44585.53
132292,7614.1543
17016,59927.938
1875,193937.02
57870,7774.6763
135298,21360.137
122161,13353.746
60971,40210.7
135577,48083.387
79017,37379.31
93629,19001.61
117237,12742.6875
137170,37654.395
66735,186467.23
39528,4777.411
61043,13088.979
95926,15784.29
65638,34905.21
104548,34681.04
113925,70837.45
63401,130631.71
82088,54071.8
141771,18297.5
95153,385245.62
134539,10491.398
89484,83075.44
110321,307.53836
40000,8278.712
120254,8697.69
30450,32701.89
103736,10802.7
14450,13073.085
33198,185821.55
133844,12847.898
18748,86798.66
72161,28749.605
90540,20980.107
40531,21956.125
10561,136151.47
94710,14962.992
61462,29358.99
145289,24046.773
18019,37943.8
10167,35660.215
93598,4046.4077
18332,4051.5562
82752,26245.984
146399,3968.417
43521,81535.13
27881,100348.67
90611,28343.012
18577,8006.291
11486,13418.333
145974,164711.27
4024,1255.4949
121737,6137.3896
111607,2364.2952
129920,2883.6936
30953,67804.914
52518,91105.36
33402,20779.865
81733,24921.242
117248,132558.33
85786,47101.24
131265,100754.04
29102,119209.53
119952,4461.528
136501,71173.914
26701,92616.2
132191,86623.32
83198,71654.14
84163,41866.32
85082,20220.78
135469,102478.445
68463,17358.475
49295,28206.238
99248,20049.207
70803,21774.594
50201,1300.9457
85689,12886.569
46425,32851.824
128454,24756.27
136667,26942.5
70663,21237.625
50022,25849.4
78271,11884.185
21886,14815.051
45540,41809.477
76980,2209.6465
139433,37242.527
136881,3837.843
124724,105110.04
35242,44202.18
30496,74469.45
95521,105096.44
43838,11050.103
770,23039.691
108134,8561.666
95375,1668.3643
3230,56084.914
86699,5529.073
36029,6846.831
55486,35021.637
132803,1700.8893
24638,113259.125
4694,5389.0815
15222,128068.766
84733,6377.1704
117933,73888.71
71271,10960.252
112412,8464.544
61237,15902.614
33371,89957.92
90492,105423.03
81939,55404.164
46470,117231.09
43150,25743.31
110070,2383.9617
97630,15127.11
39290,13504.04
111008,68172.86
102999,4831.199
135685,14059.139
94373,36796.18
47575,49112.473
123966,10926.125
113950,60436.87
42539,4968.134
129318,82665.47
71066,97783.836
46737,17099.176
32957,96488.86
93874,25015.863
85262,12538.758
84907,40419.68
22293,14814.245
149031,14676.21
142274,1595.153
73936,55029.895
147551,12135.717
52036,84810.0
104527,169870.9
29320,45705.145
140045,50098.062
40594,24451.8
147850,5850.567
80939,6816.244
149228,102893.555
88543,123753.78
50459,29038.355
90478,22076.465
27997,10670.449
70037,11737.711
586,11321.283
63422,99205.23
121944,39806.586
61082,52949.207
82041,71386.98
88512,48591.453
120112,33382.11
144145,93203.06
91996,11861.364
89486,16668.854
24769,22394.066
37852,15617.596
61646,19554.22
102294,10867.873
76757,23837.322
19478,10399.741
76645,2252.8066
115460,7787.0723
55402,71507.22
120046,10659.117
34154,15665.398
27952,736.41077
88042,1212.1279
69546,6776.4316
47488,26047.5
87474,51967.69
73470,37322.324
129213,4362.4414
57039,66137.77
21652,24018.258
133301,27721.99
62471,32140.045
85398,5476.916
110653,15267.027
66406,57895.11
114182,3779.4773
32633,42754.594
119287,17202.318
121525,59800.734
41687,10293.519
103907,216905.33
69184,5290.786
14345,92654.95
52899,124585.16
104806,23469.984
80673,38269.87
38087,1771.5629
114483,-192.57658
129803,18423.908
58424,180348.73
144231,15673.103
18460,6986.225
62352,140411.39
91922,31491.822
63803,139647.47
106705,21430.846
133032,3245.4744
111682,9978.65
110487,14812.07
43592,2100.3083
37793,19881.143
107195,31640.094
88806,44031.285
35962,47588.29
70410,15137.773
98986,6154.369
119753,34463.016
143087,58018.082
128220,6797.31
96636,39967.64
127975,45501.44
88787,30570.201
55239,76810.625
145003,30748.924
57190,5993.077
48514,22141.477
148421,100500.08
57395,31903.021
32109,13059.7
135082,45528.812
103468,38824.96
73375,53767.105
47707,40874.53
60658,862.4349
47432,5885.6035
37779,17942.592
117068,3646.8638
99336,34989.996
47617,4800.4204
14958,6830.937
55820,7011.9263
4952,11759.078
113478,85718.8
127558,7392.9434
7846,37197.707
49013,138156.56
21195,46787.594
73923,24729.182
102293,18184.55
54957,12928.503
47395,1444.8805
27246,132144.83
48771,5738.444
146902,44735.0
37473,28412.316
3346,34735.152
36879,3934.0867
74342,61050.035
141539,45052.418
60953,40408.32
140186,8476.219
108710,20615.623
59802,110673.55
25110,31152.992
78837,9797.347
6752,6609.36
30129,25022.47
23212,28512.36
86364,105758.945
26197,72178.664
110607,23970.512
30571,60612.75
91628,39195.26
119669,80295.914
104634,71065.43
136950,5500.565
50405,5717.763
90604,58023.82
23268,19136.19
90947,63556.613
96194,3382.7578
20968,12812.17
114352,5842.653
101395,24169.793
13768,21363.598
78572,1243.7374
123281,28444.244
133815,3486.161
17769,4619.169
14011,23648.031
112852,42484.22
76915,6722.3896
53510,4338.6772
147390,14321.436
482,24795.785
1373,-181.3558
60378,11104.762
22659,72689.414
24303,17254.895
65618,22772.215
106606,16705.611
25500,14571.636
32377,4553.9287
124627,27189.652
2418,76216.8
49837,5207.666
53695,3145.6875
108913,53126.95
93258,12441.516
33532,108194.32
83244,5227.4956
6516,5713.663
36214,105396.86
31383,22782.705
131820,122916.64
72071,5303.777
123886,45802.695
102343,26847.326
93135,43488.164
107070,42347.094
65637,46850.156
40454,3400.7366
125648,11244.085
103406,1871.7572
63790,47145.652
42544,30450.344
6682,9739.993
43791,23173.701
85062,135566.89
41562,96406.9
109112,23212.207
107577,9493.945
16719,5105.4155
68274,5599.336
60617,57609.043
33911,7439.8643
115234,6053.8564
28688,3903.593
45036,16697.29
35115,79679.586
108795,17425.139
43847,9984.826
130844,34798.773
103509,144581.92
131864,22706.012
138221,97725.35
142259,1620.8826
681,12797.557
144954,5545.493
30329,30842.768
7033,10897.875
2131,1829.3105
63542,2456.5366
93918,26798.057
5608,2821.3489
105646,4113.0464
57007,15894.84
136230,2365.7188
67162,7381.9355
44431,31727.133
53334,15100.406
118832,18038.393
146404,38668.492
49867,49378.164
19481,24675.367
113817,51330.254
7659,54672.29
47849,274030.97
113714,5115.5444
85570,34308.78
6829,47031.8
142815,21089.498
148583,14021.083
109369,19956.494
73986,26086.604
45986,13710.637
70930,68569.234
144640,21467.502
82314,176349.66
132371,8267.749
82893,3079.363
8632,93774.77
118727,241865.2
81509,4921.517
57779,30253.545
11441,106306.43
24469,9959.087
124008,140385.3
66402,33886.72
106793,50595.34
91416,12056.2705
130722,51677.67
44899,10189.134
110932,11631.805
22995,122187.66
139714,14572.87
16918,57430.082
33868,37475.89
65594,56385.98
46659,11232.683
62821,37477.906
133566,7858.9805
66180,87186.12
77821,32363.99
34521,34634.14
96503,61769.234
109893,28143.713
84271,44439.73
96701,2831.8542
105472,67005.35
26610,12857.598
11854,14934.29
119240,72573.94
111557,6873.4624
41956,60137.242
114409,4855.9414
101755,33512.254
60964,14209.087
65451,5177.2485
30591,37636.414
96018,149935.14
147214,9269.834
63381,8459.653
143072,3492.1975
128301,12406.452
1645,144220.75
57940,48307.258
60019,23992.867
62825,100488.49
147685,34871.508
128192,74504.47
39099,58415.24
142165,17005.695
44653,34998.016
56892,4685.2363
29286,5771.352
138553,1897.7532
66354,38010.863
66299,32440.428
131562,165986.06
69965,17080.762
78383,153264.56
90642,19249.377
106038,12753.916
37970,3772.241
33556,20439.334
53617,10235.042
107209,10780.749
149540,25109.71
54898,2843.0195
142181,85714.35
71642,7003.982
127678,8212.37
25184,10498.416
30694,3886.5156
91802,92983.1
121044,11535.064
21765,57886.285
65527,63076.246
50381,23940.705
34273,232066.56
58616,51740.89
19137,8284.386
99889,42014.793
1352,26939.057
94812,171620.16
28218,25300.998
52347,18976.545
41685,18920.951
97550,32269.287
1953,91803.79
121578,3738.2368
130701,12036.612
73746,54905.82
73783,138233.86
65567,13766.722
128043,20465.21
3950,12060.412
117640,89738.016
63278,54781.137
129294,92169.85
39814,33844.26
43696,53632.047
20650,4427.633
29246,6294.956
12533,42337.863
122904,12180.469
6676,55481.562
23575,11254.13
69407,12513.626
101172,40880.96
112769,13094.083
18497,4275.4062
142641,7047.846
57038,8333.245
133058,5284.454
22200,65651.53
127508,9524.533
73668,50008.31
128527,6373.1562
106294,29648.469
96254,6201.7686
18345,9111.536
20472,25975.783
9251,28557.938
30326,37499.79
141386,22576.527
9209,17307.555
85711,90348.11
73716,34904.953
65855,18471.3
24084,11236.052
30167,11644.756
22223,79739.11
68206,33201.29
44360,2090.2593
146356,136447.45
63529,17918.938
48423,43814.99
99952,6092.876
84500,8214.415
11264,27202.521
732,55080.938
16681,48485.594
42146,29330.338
46915,23257.375
90650,102799.78
62087,5010.943
39919,22662.648
31889,8172.0103
110075,15031.993
44159,2446.955
147675,8774.581
127983,19206.69
136954,61660.17
87576,19408.996
833,13110.314
148166,1321.1981
95324,2883.6587
10785,48094.21
80801,160022.28
143972,1704.5897
16788,12504.655
56972,59410.586
91461,7823.644
83374,1249.4587
136540,8764.569
144938,42202.52
130600,14178.013
15633,12049.651
21859,82615.21
106226,2775.354
22121,26347.09
117633,33863.35
6083,152862.81
65119,3034.7896
89135,2888.524
106409,105813.93
39057,5797.755
39084,16141.864
43668,10786.888
6873,5248.226
113484,85498.516
71005,9966.475
51504,35332.16
55001,13855.935
90369,17958.562
148319,35704.27
2573,9965.876
66992,9941.444
28129,23311.312
127687,14983.967
61225,10996.254
54795,196777.14
101201,33586.625
4650,61713.574
64390,17062.855
120902,23651.902
85533,54655.477
126646,2781.403
38129,135367.75
17052,233117.94
13959,45078.207
50960,27976.83
60314,217398.25
121359,22881.557
106144,16595.354
15036,32341.223
100810,96396.805
105417,52350.273
29770,42205.508
48394,3438.6414
22720,3075.001
129660,3650.2017
128907,11563.716
104631,13853.465
54382,51914.082
114290,11319.694
12185,40915.83
21257,234611.53
105772,7904.597
120114,96972.79
32279,13610.839
131055,54872.395
88950,2451.6755
40877,441513.5
116767,54979.785
74602,63349.656
2225,38345.344
75011,11627.587
77205,4354.274
1589,14214.269
66347,16011.173
3637,38699.734
58744,36565.02
53082,30079.197
79089,7709.9663
58234,12054.349
64253,185837.92
40592,41021.316
109864,41161.992
104761,25722.992
130814,12134.087
66527,23447.615
27045,140909.22
78406,49635.938
67698,100183.68
49540,32041.375
121053,22967.115
66038,34896.297
1803,33267.555
119493,21299.973
31981,6963.513
42595,93289.79
127387,191899.97
60580,31082.318
56080,106732.53
9467,80825.36
116019,24892.205
124583,15720.778
62695,1632.1724
85754,157494.73
45693,22194.377
24252,12845.943
141914,26420.428
4977,67556.1
16951,14568.145
106525,94376.234
95139,48408.03
24326,30826.287
117067,14561.542
110507,42942.71
44149,73893.94
43747,20370.623
137289,19556.479
134441,9651.029
103670,25682.736
105284,48894.26
80300,22715.307
100863,11413.304
2448,97724.6
22825,8007.195
146361,36302.863
106982,63621.67
128544,48441.164
147179,31314.396
145212,30960.107
91476,88405.17
136333,5511.906
47530,20673.146
93879,30226.084
71956,12097.041
37572,23173.701
71414,4398.4526
39520,59669.85
73163,60826.67
45578,10066.929
48655,19518.416
95697,24614.412
33258,27379.215
51245,14509.829
105935,31250.498
131412,181785.84
65216,10511.5625
104648,8331.103
141854,13803.428
119147,37184.625
122700,15819.643
40362,6193.612
106206,66665.23
145231,11485.041
119160,7577.1934
30282,32612.355
98926,187140.14
71987,47244.953
11826,20969.95
104854,7614.7036
100734,12678.573
98733,99492.68
127932,90656.234
76801,8534.487
40374,53862.54
110015,17193.098
107679,41540.785
25969,21087.523
85280,8212.902
68521,9900.042
38232,31814.336
99189,137123.1
103466,21041.502
132023,20833.977
142970,2605.7332
64585,43608.508
23614,11783.376
124269,14122.401
83210,10374.722
39860,175086.89
95352,28864.535
147327,48982.633
111382,90321.195
91986,1328.2991
40495,18738.64
134116,13781.274
11018,747.12555
60848,2480.652
55007,6747.2544
125128,53242.5
33665,80178.49
54273,35182.88
78368,32617.33
135604,58424.258
119573,19029.055
105765,18924.824
43412,35045.86
123922,26737.318
47607,21834.613
100612,13194.761
99559,64420.28
76638,84705.73
123131,199548.1
3673,7110.8594
146734,3979.3657
21445,140728.17
142168,7796.5684
147377,7709.2827
68010,5533.4106
27133,12423.991
3832,104211.195
9471,167699.16
100846,5255.996
21092,88263.05
14963,37917.418
27573,2289.2437
82482,69809.35
52201,4035.1392
108971,25885.799
49322,115534.83
114985,43417.76
129397,30472.076
78036,5171.501
67438,17886.531
20927,9050.3545
105022,4149.4893
71315,1123.4755
113294,4088.8364
91542,20898.508
149242,11391.7
30975,18238.992
44319,53283.55
132498,5878.5054
124156,40681.184
138042,14273.813
9147,102735.46
146548,157530.81
57507,8967.247
42333,5826.5957
25733,11736.752
148389,30239.688
45857,12670.397
71445,17988.785
92545,108243.86
125997,22224.508
16862,8438.047
112141,14557.92
52137,30359.223
103234,86351.08
98845,11309.011
13083,22439.896
18584,61832.88
15004,9603.711
5397,97929.766
137391,53231.406
62756,6460.4463
6542,6422.8813
96806,14957.513
126037,13268.574
51553,8523.73
148696,9922.103
81371,53427.15
45993,80853.75
17767,110914.12
84323,88956.305
139171,30910.395
56464,5827.469
125229,72594.47
111156,9546.337
95870,31221.88
116715,4363.1055
35719,105404.04
10225,96490.75
26397,18600.227
43327,19976.975
43968,125960.59
52670,3483.616
49815,43441.57
86100,33601.254
11509,2607.6228
103549,30725.09
13944,16601.523
102398,160913.61
144210,2977.5784
44293,20901.479
31939,6344.6323
148961,2627.4004
51288,26732.504
133739,12714.723
61186,22287.58
6577,19312.436
99339,24622.236
72126,9105.979
19722,4243.067
17141,30243.39
55163,13526.168
4359,13338.396
73047,29003.059
130199,179594.47
5267,37847.816
10025,185838.78
110546,15336.78
100519,6947.651
111176,19505.096
131519,17974.393
56247,5228.0376
74757,12718.759
107335,84050.7
130,24137.244
93254,47523.527
99723,2677.9082
40128,59541.72
100158,39060.836
148161,52558.684
117702,1952.3611
115419,5836.172
9878,6498.0957
123676,4194.9424
28667,8712.469
81435,2439.0369
134044,22792.297
106766,12756.944
99632,40782.15
118791,48530.01
20669,34620.75
80491,3111.6892
38454,8129.5986
96557,30768.47
130345,4371.0815
48096,214520.38
65487,7923.044
128479,43125.156
21418,65471.914
46199,25669.393
66152,86575.945
90403,21099.219
60458,55299.035
104683,16465.383
26930,3880.135
105341,81468.375
80061,34144.44
97633,72013.1
86432,4522.7734
13656,8714.995
98350,13330.676
120516,12598.894
141741,7557.2725
61074,17248.846
125633,7829.9023
101070,22357.857
68687,9014.61
140190,6434.579
36751,35767.74
76394,10054.103
103024,40586.246
8301,25819.316
59840,18158.238
52008,5817.506
19592,11809.58
115997,168341.38
25746,14465.015
123154,12599.09
57894,6042.378
98015,41979.395
69032,149392.75
56083,18069.273
146107,9429.522
133834,70523.19
46141,19472.36
108305,69887.13
48684,22901.951
6625,27665.492
74343,-198.3779
70638,4872.8457
118145,140496.83
68405,104906.65
147883,23755.889
127880,12317.543
87882,16325.775
18287,7920.7666
46508,155771.75
118828,131869.11
71405,105596.08
42590,16451.03
52104,1394.018
123328,161403.92
55710,13656.545
99916,2128.7947
79811,48574.746
113649,13069.37
8692,9734.55
83717,6073.54
13552,31249.291
4636,90038.54
90978,70905.92
23023,89257.01
102278,10417.872
60051,50540.426
145689,16729.908
130450,18548.844
92347,17419.414
97539,13373.626
81083,8184.803
38505,19427.086
45896,1368.5825
143961,5723.8916
149538,88496.89
13949,119554.89
3753,40249.47
120920,134842.69
123738,12145.932
104370,21705.162
90598,49410.305
28061,64006.203
136434,1371.5264
51054,43578.77
135430,16876.604
85300,5979.9873
116324,2055.4792
69709,4230.737
108324,10422.7
113081,2770.5474
147083,51500.1
45890,34594.035
25523,159627.33
15564,56495.816
86631,109982.61
111777,32395.143
105564,19354.678
78249,43783.445
60667,3732.7153
61158,4259.8394
36711,11968.668
29450,35014.902
25462,8999.584
49227,71471.65
79322,9252.346
22924,48333.812
63998,8974.41
56984,1879.9388
147496,24907.697
112267,10253.338
26347,13068.637
133389,22749.338
147575,5440.586
46401,1746.4272
65748,13797.297
97583,281771.34
66338,26189.154
29775,4297.3535
76631,23777.484
94482,20001.291
136730,21575.883
9486,64157.883
110765,52957.465
83615,54513.215
42550,213176.42
93765,26129.703
98887,18110.307
99710,88071.23
11349,31790.271
78812,20044.838
103326,21664.973
137103,6061.3433
96816,8036.947
145601,58126.69
7225,40556.1
60877,13264.094
118230,95504.74
55307,54591.457
84001,151851.72
7726,15824.603
130422,24608.156
137482,6138.9917
111888,111227.984
133474,126253.84
149865,14968.203
101604,63845.254
115003,36115.535
126383,3890.4548
122638,64013.94
91874,28856.498
57208,49989.605
76495,56316.848
50366,42351.36
85314,5346.479
115700,73184.984
112869,6124.5444
19745,46900.285
30078,1442.2576
97468,74043.055
58952,25444.062
21188,14153.692
20196,27737.656
63847,3451.1099
114359,7788.951
87843,79379.76
60755,8428.701
95994,178699.92
56674,15822.423
61019,136792.78
33089,24578.057
7794,19499.2
121278,1683.4264
77906,61461.688
86704,7728.979
5638,22635.604
60309,34798.902
21900,39832.29
58917,3579.1797
88470,19299.75
19389,158808.17
87649,15395.031
105150,113296.19
146233,50922.535
74419,43086.863
53198,39432.64
6366,10373.393
9719,59998.297
59156,11563.646
141127,7094.89
36521,1348.5691
7863,17930.172
80722,11565.6455
75940,11172.287
107680,2829.376
2722,24827.877
137432,6471.475
114428,23466.611
32386,19983.844
7467,1562.4714
72432,18603.553
18975,10471.303
121438,725.34106
105634,6761.79
92935,141219.75
8397,62431.113
23574,5225.7217
136838,5911.826
9449,2031.7275
110419,2329.3855
37322,30535.18
55251,44273.074
25445,148062.47
66847,36015.14
104570,8703.271
56022,19283.648
77031,6386.439
64789,42466.387
23077,69821.586
100231,6325.4614
32364,63673.58
117966,14098.519
108800,31831.98
9587,82763.91
95823,17803.34
957,5091.3003
146706,62540.08
132828,31512.91
81378,63545.59
90944,45502.074
82070,1755.2361
136139,87848.13
12595,14710.826
40173,9784.305
145953,90330.33
139510,4501.7134
99469,71702.86
45982,71414.375
76171,17469.205
136351,3855.6914
73666,167244.02
21091,26691.39
36459,16628.266
105729,9841.254
15260,30138.031
54219,2588.5723
102591,130401.5
127670,12813.617
18070,12836.292
145048,8498.33
106771,10735.669
145996,79762.336
121184,128171.87
5704,85048.73
51066,43077.754
17479,13856.619
81671,75845.414
36166,238.40102
29799,81585.62
132231,55399.426
55162,50000.855
129526,29291.377
138482,106388.484
122321,4394.8354
43983,4545.6772
50207,10430.839
123152,13259.269
87282,9205.192
45318,25438.771
55080,47095.742
56965,22632.652
40307,11746.696
96424,5577.519
99028,8574.317
30059,46458.05
126275,38515.008
11541,2066.6316
103634,51565.89
141006,67668.72
118106,57682.246
111704,73764.34
53176,82404.58
107053,97360.12
51182,5076.8057
98621,6579.455
123755,69799.61
65429,96047.8
8108,3559.7014
73266,26545.418
134761,22519.717
140852,63210.69
15482,73375.24
69758,9580.033
121917,6234.6753
79392,3426.282
142329,9362.081
26484,18380.94
31826,120670.234
19333,29935.049
50559,4939.636
90782,9674.145
131778,37186.863
38424,82532.56
20958,122971.164
133994,35972.426
130204,59221.266
116215,29595.803
7233,5018.399
65366,8534.133
41029,34517.695
78592,32474.873
28956,64098.94
149693,22481.375
125437,94801.445
43143,2787.4373
33971,87526.98
130393,14889.665
119985,14062.747
57457,58764.547
107037,92052.31
82859,4411.177
70669,78892.45
103621,37381.7
9264,142732.95
71600,3240.427
68562,55742.26
19062,22585.441
104542,2178.047
134553,54392.734
27154,7585.9067
64160,34690.203
29218,343555.4
105910,9360.517
70736,6413.043
137900,3268.605
70623,5455.5615
117287,74998.195
36597,5870.6836
5289,43927.312
17891,95252.07
26882,3164.3264
9477,1840.9348
89381,8628.472
15332,4193.758
11902,53640.49
94477,22165.965
33790,29283.332
82939,69771.766
116789,12890.64
11136,9685.902
11896,16252.101
68322,86131.305
56786,54403.887
21189,2901.7202
59850,14867.599
101247,143928.48
144095,4522.7817
37571,9354.83
13836,22259.691
40656,132072.73
18002,3662.203
127675,27304.727
33118,10109.354
85985,37631.96
127568,15700.98
57204,25861.867
102128,3566.8823
118540,45102.7
99729,10562.178
60237,3005.9558
67466,135541.38
26937,45052.25
72774,4539.424
56424,10906.772
131165,43748.85
100802,13705.285
52473,37559.336
36338,28466.607
79063,87184.92
148281,24512.014
31869,1606.0879
136650,9774.24
141688,24763.98
3601,68051.086
45341,9242.364
86854,32297.172
41059,196125.28
34830,155718.31
83392,11224.711
15744,40120.945
141461,30409.88
149014,10770.517
134300,38891.56
110770,21024.97
66971,18447.393
133520,17488.326
97535,13550.037
40568,38421.543
134611,37306.87
30381,42049.332
94875,7650.2705
15533,15106.963
91328,4073.114
11877,2238.652
118253,87853.51
129003,15342.831
106579,4056.1858
12573,3118.773
110601,24487.666
147230,34211.008
138116,1375.8276
111622,40523.4
16554,14829.933
70612,2592.2131
91839,11032.896
11152,193660.42
148334,9493.945
13391,12919.889
102401,11887.976
53190,14321.402
9392,25157.861
128765,86139.164
126729,30524.035
142320,15523.403
110057,42491.348
56903,1195.4414
139419,10333.735
111012,9541.282
18837,50158.773
117205,7048.3784
1514,31111.875
84655,1470.0641
35167,330607.72
118590,4404.4434
12270,9204.089
139511,13959.254
29647,16362.607
115075,5884.3955
101849,14000.568
142467,11878.871
101515,12104.568
83700,62931.01
123780,64734.332
76565,4980.0747
113024,71643.65
67819,26004.896
67878,26091.322
3496,17228.904
116660,4230.952
92449,2679.96
134841,41854.344
117723,5719.93
133144,62682.625
116030,17625.799
96644,28212.842
10726,36594.72
39328,43604.332
96409,7726.21
109945,22060.297
133027,59127.918
121128,10113.769
143907,38861.336
135476,7846.4727
38945,243155.45
31276,31453.223
19445,11922.694
13535,29059.68
76946,79625.98
53107,26396.256
24400,8184.545
137746,6745.556
146825,72229.195
2905,6892.3696
87814,6674.673
143901,7661.792
100640,5979.9873
59316,35371.605
94595,4702.967
16187,25092.906
25995,10804.003
69964,67436.81
126286,10339.254
76839,3019.1653
120903,78983.88
80094,7538.7954
11708,45309.395
34232,14484.181
93848,4319.266
148868,10204.417
16391,28542.014
94658,19514.31
84396,6743.4546
57548,209140.75
128737,174963.28
77538,3299.0767
123546,97758.305
68434,19694.082
66312,17179.709
42222,9518.563
16496,70395.35
5236,72568.03
28617,2898.6736
17630,1318.5093
34711,11299.67
912,23979.0
146838,13075.641
69557,35214.03
50326,2157.5662
68594,27650.354
75706,4624.435
146662,59676.746
73589,11900.347
97066,75105.77
90679,41618.184
29064,12431.879
18620,11665.987
115618,16484.863
25280,34953.61
118042,30022.719
94225,17125.643
375,1954.3147
44887,5756.6006
92365,8039.69
86919,17902.932
62972,18287.201
72252,5777.5874
114820,4461.974
63474,73116.266
54468,8261.794
130006,21327.846
143522,30723.635
54291,5828.103
86887,69306.04
36069,56880.645
45758,174540.97
93060,15452.678
12170,70531.89
138739,39394.535
90020,14430.0
66547,19881.424
104859,10453.091
72176,26427.422
122418,27221.436
67067,37337.098
126705,10017.124
111917,11681.095
75249,9219.05
12516,47170.52
111499,24532.078
1613,11483.787
11709,7977.004
62109,77419.69
50218,77908.234
49611,9390.739
123402,16633.63
120865,9336.057
18777,24578.111
63626,20824.408
115666,59297.707
87115,9333.318
92324,2975.1074
67836,47748.348
145472,45169.305
82601,54082.582
120294,63120.176
69416,22151.305
63569,33222.05
83113,11517.842
136745,10312.373
126311,1694.9543
33285,3128.145
143770,65920.86
53766,64438.125
82556,4089.9412
127533,53395.934
57044,6255.665
66908,69828.91
68746,14965.811
115281,59530.91
100691,106995.03
18193,39938.26
143479,48137.05
61656,8927.161
8164,81218.88
127339,12881.895
89566,38062.348
12167,36628.027
28071,1035.6315
146820,16842.93
126591,28736.402
88228,4158.058
72233,13176.977
47663,5799.2866
118740,54730.04
3332,49883.176
127421,7907.6978
119166,8939.108
42622,15928.68
141530,242726.23
149522,78097.266
117370,28928.445
136044,5764.0015
92421,8454.128
52765,9414.128
46995,26925.996
63193,8512.203
91313,56379.848
48458,19401.99
60370,36226.855
133681,16409.105
133338,23401.566
123495,5037.5396
145388,77875.6
82828,98901.93
86890,4612.926
54061,82693.64
55537,46017.586
68105,1898.8169
105134,7670.42
52822,82582.56
142349,9473.27
135962,5499.4175
26898,16166.923
129301,54489.652
10476,27159.988
134309,123878.21
141953,4420.5356
111343,106028.6
99492,5680.284
61800,112066.89
47481,6033.034
2317,7639.338
56638,3641.7886
111583,4446.0986
75794,9253.817
29359,13521.706
148655,23044.137
92922,9481.14
139283,31199.502
112679,6456.1304
40678,23067.074
46203,14412.17
135256,97837.15
16832,17175.328
133315,53999.46
117796,33996.96
1966,57411.9
132140,58257.57
139978,32290.865
36666,7726.5034
130302,24269.627
119087,57887.69
28049,12099.407
41249,55108.613
27113,85535.25
58552,156987.16
32753,22536.623
99539,9173.344
70672,30387.918
110699,32126.912
66590,198588.7
112648,42012.47
141064,136730.6
149291,5828.433
99123,7504.62
7486,43763.848
34557,25790.82
26279,103673.2
148440,18087.59
47912,97654.02
131618,9574.175
7394,8464.221
38523,6363.205
76384,31175.164
99634,13610.515
97324,7009.5845
106631,28685.148
110825,137414.38
67316,4549.5396
91875,5831.9326
119983,425625.53
127515,199924.92
1340,10408.679
143280,103326.39
135616,17599.277
86752,2312.197
70215,2835.3296
87655,22839.715
123211,14158.716
41866,10129.766
67280,11597.326
47121,8053.395
96584,90431.8
31067,93063.586
109176,12172.134
90733,4357.656
453,117392.09
70630,31954.652
111240,18686.557
79152,10379.821
58123,42414.934
129943,14913.687
57545,15292.962
63695,22609.098
79966,6720.835
20568,7072.7153
72032,46391.1
717,30167.664
129152,6618.6406
34787,43880.223
89046,7610.448
99369,54775.004
72632,30177.787
82622,16522.951
95082,9314.249
38692,42343.445
101532,48628.67
1793,51525.047
72845,25928.809
32241,66743.61
111993,18542.773
133634,33139.477
68098,94126.14
35532,47267.516
96634,9267.688
118697,1025.8152
98405,8637.246
140945,28185.006
80566,39942.71
88086,3050.7822
30311,80884.04
143635,4293.764
123931,43808.277
64049,607.68665
137137,8128.8633
96353,34227.156
75733,31035.16
119672,28646.49
90926,4554.36
9526,27147.168
64917,1227.9008
37255,12984.833
41188,14262.644
92027,21995.61
135712,6689.5386
94598,24741.785
84400,247552.88
131740,16435.86
105758,11829.877
4069,5558.6357
51297,8242.511
135966,21657.164
105602,183505.17
39702,43999.25
110256,26364.404
141673,22151.506
7002,19312.553
107992,77799.766
16666,27717.416
37841,5122.6797
33147,41502.566
92345,75766.8
130777,62757.53
122320,26898.73
74124,11611.691
3442,6281.5854
132921,42179.953
118813,6693.5107
60835,1623.2833
40491,3835.2837
79043,2770.3218
73174,9500.118
83160,66669.69
60714,4597.915
92611,55128.79
40230,25744.566
49975,20716.01
50084,10352.154
88431,37190.285
92085,66075.43
2792,8784.798
88435,78116.16
66466,111127.71
53460,13560.849
144281,27190.602
129244,101706.73
92292,45319.723
125769,53809.38
107795,26638.086
57639,29011.492
22415,9477.6875
128511,22541.451
121500,768.35956
83259,25961.088
2032,146798.48
115121,17753.467
83501,29601.113
120402,5289.8965
91537,6275.9946
66530,45561.617
112070,32975.914
55372,13785.587
113346,131666.81
65662,24751.572
121396,11027.976
17948,79389.555
114519,14290.668
47812,13596.922
100239,13088.552
144698,4173.036
112829,95462.23
23457,127840.49
34330,155066.2
148635,31268.41
15295,28716.104
55694,5480.9307
111997,4488.7236
148806,58478.81
46730,115711.67
94083,4906.3594
27085,19315.238
10528,3670.719
52754,56186.773
57887,66899.98
84430,17652.854
37973,34517.008
42835,16911.951
117358,3649.4868
53664,165305.11
80860,25756.643
137183,82703.4
126069,6854.814
97161,19736.637
21121,18795.922
123094,76702.41
80990,24620.752
119227,107505.45
64488,165380.4
64975,25429.027
147908,108789.12
135595,44223.355
110359,11012.745
76273,18516.584
45839,104818.2
73189,79936.16
91778,46555.68
94341,4043.4934
115942,3738.8076
112793,125193.8
10034,54976.15
124780,6942.0645
26880,2433.5276
16971,834.1387
18411,7460.0933
149807,5798.1304
33294,3304.3704
132490,2959.7952
101068,51094.504
57194,81383.34
30979,4001.9424
62846,32818.043
57424,40312.92
94031,27278.414
10363,38624.258
96255,43470.227
120885,6885.1885
116802,22001.625
125558,13404.483
79628,9278.418
136569,19288.469
94354,5326.2114
33100,16480.291
130411,207703.25
57311,41276.703
85813,12457.58
62251,61334.07
142010,54983.44
14135,89818.93
29583,85115.64
36157,25026.902
29606,25245.564
77271,12674.14
13717,12675.849
36335,14573.639
145421,18255.457
111999,23565.943
76341,134902.44
123193,23327.424
96106,4399.6353
52273,12745.717
115517,6028.7134
149345,6122.757
81594,8745.169
120326,18070.457
104414,17582.508
130032,22862.854
129158,3373.9119
137790,286.2627
39005,43206.953
138128,10913.998
69,13927.149
81082,50204.25
28811,50107.246
139465,11094.483
138520,8281.746
89911,42252.297
2434,30876.09
58640,23847.264
67110,35614.48
62226,101863.06
2255,19171.738
68691,17008.568
10295,7602.394
23999,5668.704
21802,71193.55
116241,6488.9966
1272,1720.1776
50923,47789.863
112067,183889.97
135645,6902.0093
131196,39100.176
42855,5959.968
61511,261.1458
106125,33327.918
137357,36040.63
147887,28473.17
119208,47793.457
81277,8881.124
66637,6839.944
72369,12982.91
52338,17065.195
35478,31334.322
70519,68485.52
25225,116111.01
130627,10530.379
81552,94913.086
100112,27768.912
68951,5486.6963
122209,113828.98
85568,10231.559
46312,32095.207
38947,46512.49
111353,80886.125
21435,29547.018
35867,14697.975
65953,16728.354
110722,4442.3506
96326,95033.695
147739,9503.74
137248,6262.8213
49244,20878.988
19102,301727.03
75923,7000.322
94403,18930.0
100034,1898.7747
76385,85771.0
94758,13436.007
58772,4034.9988
9557,27745.914
103781,45810.098
75888,5764.6577
107230,25208.379
57981,42838.05
85961,85438.32
146949,20941.643
64533,3799.0398
114898,91594.62
26949,22403.75
4675,27224.605
47137,16407.824
113916,4885.4033
84176,25193.693
87453,17098.766
17968,108213.5
124851,121877.62
70548,55349.61
98614,9538.797
86154,45359.01
130018,9545.638
37333,138362.66
66858,4097.839
85397,15297.066
362,34519.438
52393,8034.543
77566,25579.664
117501,171690.94
62042,11838.772
64677,4033.132
33845,42950.656
107593,13880.726
144676,23030.037
129358,48095.535
70933,4513.704
137531,7162.639
43504,37998.85
97653,10179.778
104358,32004.025
128718,14364.619
51560,85702.63
133309,35713.637
66287,12347.576
130524,4246.6914
112645,21870.646
122393,16790.639
35696,11299.6045
30377,38954.28
78002,14206.141
134576,14319.054
25605,16382.219
42014,7244.676
3011,95308.375
16689,20939.643
47103,14418.566
57754,66314.37
113858,163819.53
132985,17993.97
119941,87322.16
49260,19613.854
12707,100757.42
13081,5527.905
121735,24244.377
43241,72123.18
132879,65919.414
61054,34813.613
10631,8202.533
115527,112632.836
136530,39623.387
47307,12744.938
134277,79332.16
19747,104502.53
22936,5492.2266
28477,66889.59
65033,8978.8125
53949,20600.547
9016,35605.387
139609,91576.93
4809,18043.85
47605,13061.134
9856,4410.733
135478,11522.544
108722,177734.44
91833,5273.9585
55487,68454.36
20533,59941.004
66155,2127.2092
5173,77001.805
112421,113069.74
143925,45486.523
136211,836.04254
34775,1569.3018
64822,36006.824
137901,15653.958
2095,23680.068
141038,8693.892
139863,39104.07
8693,4421.2236
10236,13226.229
106670,114264.695
53994,28137.785
23497,14287.512
11205,28274.445
95120,120505.62
75328,33638.31
38724,37420.0
6536,16681.457
125102,11424.313
21510,6184.5806
113597,60547.355
58579,16221.692
18668,25587.836
85445,108968.586
17073,4165.265
115068,24885.49
97690,4583.687
86474,9332.468
13894,2306.1387
138474,88463.05
125479,40478.203
32124,12345.553
75465,3469.9375
30689,105588.484
126185,47574.324
147210,25370.514
131893,6624.633
53803,229012.45
105970,19138.094
56964,458278.0
143807,46271.297
141616,48493.88
107391,42278.61
78956,178757.88
132112,1862.0479
21558,3770.4395
22885,8717.403
35385,9026.903
142674,63036.96
7544,11270.246
145207,79767.86
51939,29175.377
54519,12701.932
131386,12607.88
132732,37008.547
129471,43068.484
94833,65197.125
148237,71663.945
91970,32421.59
127067,8639.78
92512,12672.348
143493,11792.115
116956,2277.9204
25422,1209.5
79767,18014.408
62207,47831.887
49418,13356.103
91840,21213.242
37928,177126.06
36480,13094.341
63908,17074.932
65543,10820.916
86440,11144.133
30350,7968.389
62982,24647.703
44089,53067.824
128360,11815.693
46350,39590.92
92909,4365.265
75526,67015.7
66526,32223.238
54303,16047.026
143749,109977.984
68775,33288.45
63308,283876.66
53141,16705.791
8132,11931.377
44524,46304.2
86413,34967.273
116978,6845.233
94783,8532.829
142837,31762.19
112656,15252.92
119559,5083.051
99318,16706.316
84501,22715.502
12161,3305.487
42025,15766.314
27173,47516.496
143788,25118.27
143944,100141.086
44428,11618.776
81401,226829.73
76227,8559.4
110429,3625.4282
93040,47134.117
101453,3028.4248
137647,32916.832
66860,54159.35
49820,103289.32
36782,25699.129
48937,144442.08
6636,25369.064
121095,6469.9824
85146,13400.279
70055,38198.203
68502,55035.184
75667,182051.39
148444,1544.3671
45807,6854.417
125042,25909.04
142717,48881.727
37313,9256.091
12643,52591.92
9010,8443.961
43473,36188.082
108517,6207.145
20645,15415.634
96824,15360.508
69164,21334.428
95133,28462.137
110958,18169.377
72131,67950.45
15894,23021.922
98586,9384.124
43338,35915.49
18511,155926.98
103299,14931.72
126250,12483.226
127942,22759.105
34541,44321.74
8475,12111.783
43168,7373.452
104618,69853.836
76499,77655.09
34060,24906.932
30010,11834.838
21372,28269.148
93316,32011.947
58868,31309.791
43679,10015.071
60341,45579.32
100222,62928.566
11396,38959.688
132243,7108.71
89010,30835.52
113800,21439.94
32414,8812.064
117141,14209.592
45880,62582.67
87760,12513.823
79611,3992.796
69333,41648.992
95130,94777.08
48729,3321.4053
83038,2245.581
34400,29304.66
117200,3654.684
25732,18614.402
25077,92415.734
96725,6873.589
125846,5111.33
47772,10460.774
86957,23772.238
53307,14937.937
98372,17344.059
127079,10949.353
129262,24995.406
118494,144982.06
78119,38331.062
69956,13278.295
54331,100713.81
32405,10430.519
74314,17552.648
108914,17642.709
80000,42083.445
149997,45165.15
58173,30361.785
10136,11699.963
47694,24989.4
25841,52215.59
89748,51782.855
81561,165412.17
9666,52617.1
146460,8454.12
104555,16371.35
134942,107173.695
31638,16030.245
122439,3752.576
77895,21286.95
75668,28238.12
121819,8203.949
124837,42649.58
97752,11751.555
27128,5939.0737
42375,13866.297
95433,80044.11
61078,126681.055
109894,47102.97
4366,47434.266
72613,6598.4395
75375,4737.77
7028,113784.45
78286,9002.556
53194,28615.209
49560,25742.68
29006,21085.635
52633,167079.52
71988,12170.113
120547,22454.395
12039,12177.852
98117,10849.612
43661,12990.817
19899,73609.08
17643,15696.522
91553,1708.016
110397,85051.25
112,3943.9229
67096,21899.852
67750,11058.017
64986,5273.1343
809,29654.281
129691,45368.92
2795,52195.96
85856,22720.855
54257,9905.566
98578,63222.953
76367,25172.566
145660,64634.36
93657,10470.494
64576,8849.594
128742,9177.801
142281,81401.8
62459,52912.105
74997,19604.885
53658,4789.603
11522,92763.27
60025,15360.539
33179,5921.9756
118510,43717.35
30641,127074.05
50354,15000.777
126011,3833.587
23801,4657.377
60258,3068.9966
77024,1820.3898
88702,9963.013
70626,37743.12
15280,56594.93
18071,48345.547
99797,16682.418
58199,79550.55
98402,15509.06
125026,6098.3555
66480,13557.658
10887,65782.67
134480,2757.8005
73612,9011.507
146259,23353.693
127413,52749.652
131589,3678.8196
57909,2995.162
16817,8947.089
3057,5306.616
60943,25665.492
16444,38950.35
3118,8731.895
49554,4850.068
32378,48049.95
64571,42451.81
27833,56857.06
134833,13955.048
2162,4825.7505
38360,1772.5939
65202,14962.362
45930,41568.977
138489,29261.184
72429,4284.8745
119273,85055.266
76799,17205.18
136677,29652.684
47778,3356.3098
53179,48363.227
10760,53275.83
147357,163729.03
55428,125892.87
9563,8315.16
131603,24991.432
58040,8532.829
47015,13926.22
76119,3919.1658
38393,29948.424
99677,12067.985
134335,3448.1116
93563,2468.59
131414,17626.36
32081,9549.637
119468,4000.4556
34982,98072.375
43909,119591.945
68128,3456.703
103611,10717.545
113563,628.15265
24975,11067.395
142800,3323.2969
71758,2757.4775
140482,11440.684
93667,21801.959
85243,26142.22
66495,12682.925
94565,8022.102
120933,10300.43
121644,161862.52
49731,4003.838
10184,37224.004
103807,62701.4
7921,10253.937
111403,21543.543
143109,51118.52
148507,2888.0693
135223,25808.182
69176,986.33124
12391,31542.361
143210,76509.27
96459,8326.2
113335,12439.79
39242,109011.52
76156,511758.84
140856,7460.4585
18320,2527.7524
64869,61402.793
69869,48071.457
139121,12460.09
116547,13689.296
67731,46654.992
90808,26475.68
131238,112280.07
12881,32532.678
62627,9694.056
358,25302.31
46112,19827.041
120163,3308.6018
78206,36722.79
108696,81134.5
145664,51212.926
15288,17887.736
25620,16471.57
48767,12183.221
4289,23481.512
56708,30556.85
8233,159628.69
51075,12118.588
1605,8749.765
123228,859.4166
76538,3919.3777
80240,120719.88
97374,32547.246
33338,73975.47
16357,15917.427
34343,29730.004
5317,24157.193
94419,21238.012
145170,30620.35
130095,34279.273
58540,51656.6
125471,49288.945
34354,77187.516
5455,132610.48
124586,9640.926
44425,91390.88
82865,23789.752
67389,8341.347
106581,206606.11
73104,32003.078
145279,64761.152
136263,13546.567
126592,284951.22
136580,88777.89
127919,20192.791
28246,4402.5254
119863,10147.85
129622,18940.816
9546,40183.953
134642,13037.214
32730,9931.782
31667,23086.268
118279,2031.7275
13382,2722.5625
98102,18893.238
126529,9611.507
48142,7515.8237
23358,45767.633
47286,14955.796
136094,34856.64
138561,139890.36
36606,17321.896
129904,32794.684
112629,44440.88
64371,15909.445
132328,7557.338
42499,23772.727
108370,3672.1472
116464,32528.729
114138,2571.3503
133631,36438.45
121804,5323.3115
3091,28211.04
84447,1882.9252
54195,56362.258
15228,11010.915
38311,1990.9052
101669,76693.37
144261,51132.6
59453,49307.902
93673,36929.07
46711,2135.208
109808,5031.529
18841,2965.9346
58400,98189.58
144356,15307.43
18710,24009.56
128502,45444.324
19726,80119.3
66336,4380.3135
13620,163403.64
139678,3775.8923
27078,6339.143
120136,5698.4517
74739,61304.7
124954,11681.628
24747,4076.0273
63971,9083.846
64040,14215.578
67436,21505.762
136733,6061.2837
76285,96606.39
64956,7377.4614
61811,75586.61
121460,16979.232
120216,8215.905
129188,10558.062
84337,39644.355
1317,133888.81
25093,148678.7
120316,39803.535
92028,10584.037
2213,6930.0493
15094,6921.5093
136398,2205.7144
142232,39016.582
97736,33407.793
90509,8852.402
69371,25516.066
132483,15441.62
54780,10171.301
88938,11992.231
128075,5486.3574
2686,27197.932
31807,68939.33
109769,65643.65
65718,10101.687
97481,23843.004
82979,40934.02
4492,8877.943
32460,8582.355
53202,83900.47
147254,11651.736
16914,15313.884
111549,84760.45
147437,8384.507
53775,18907.307
41616,76012.44
11488,8459.826
43532,95922.945
105233,28945.195
110088,11274.309
109559,168164.53
127843,12315.035
6272,9938.099
78776,27792.693
131008,10434.848
104931,114810.164
85601,16145.635
98193,59895.63
68135,15970.912
37730,77781.91
57133,40175.89
81183,14334.731
13586,1703.8611
131169,8846.893
44176,2892.7314
48927,61907.293
76279,25951.744
59676,58755.0
145394,98021.79
53862,112407.6
98395,17325.734
101299,166058.27
22084,29032.652
70509,62960.418
86219,15258.304
96158,47858.027
74185,9718.325
55594,37738.04
117405,6496.594
117984,49618.062
44556,8073.4233
116454,99820.43
5381,3637.0254
66939,72522.836
105130,102352.65
83789,5966.49
18664,35452.758
80267,32578.416
106894,8319.1045
54758,10304.735
104077,22337.533
26352,7515.36
134938,62260.47
41175,20999.283
81954,20249.75
94462,52726.668
148893,24813.178
124188,6053.166
138461,113180.41
3828,6860.4863
7354,14905.978
106133,6952.463
3198,21698.51
119638,9111.035
127045,8997.932
72404,3746.7976
46560,8900.535
52006,61760.082
382,24065.674
70815,65235.36
102640,15475.993
2132,56766.418
135698,54126.06
117353,12436.433
125879,10840.752
147735,7513.5464
63479,9710.279
106829,27051.803
52796,32661.428
62118,7828.469
105388,421624.8
142336,8646.35
82265,51151.81
104723,13652.109
14222,4242.2437
93944,76883.664
79488,12270.793
30339,10512.436
126970,28046.33
37109,128806.47
69261,23000.477
147461,42950.3
106075,39222.812
52857,48822.93
34910,14021.006
45073,17004.37
81787,106731.72
41757,17010.258
75991,148488.84
25435,16088.175
84625,124019.09
100875,4253.59
51707,58949.914
26188,22041.848
46126,56428.516
102767,14234.927
66159,29492.27
124415,18264.492
61698,3546.363
27420,11687.485
31752,62711.996
85186,6681.9087
103787,52694.938
87973,79683.97
8960,56704.07
94716,108322.086
53284,36175.535
59132,24813.465
24842,108166.57
53714,32101.744
15577,7125.4863
5722,3648.887
127620,80847.88
24872,17322.146
53789,66973.13
54881,38093.812
136393,42855.086
143810,16761.533
130021,152510.14
22490,6793.3486
125516,7723.059
109612,7993.363
27671,16331.989
113155,6031.9116
143295,7089.578
30062,27520.787
72516,31644.969
53354,8648.495
44950,18464.498
61032,18420.525
129800,143726.4
63706,10201.838
54166,5592.2837
16796,18464.854
98972,29080.21
9948,19590.793
101644,1074.2373
44714,108192.445
46070,63805.133
106646,479798.62
124153,1441.5513
21279,51589.707
77999,2482.7698
47533,21529.66
30617,83028.22
149598,23473.822
132319,4467.039
140287,124755.09
47144,11928.246
142570,4693.3394
148259,115199.57
49825,16365.279
6143,16242.13
45032,14132.709
5998,72200.14
114407,1408.6936
34562,28928.332
26432,10396.626
9080,28810.557
18106,71090.61
145789,14544.076
87228,34850.0
51244,32179.5
127482,1810.672
111560,9134.243
112381,44974.145
65866,6204.367
18012,19096.986
47839,2439.2769
84560,10200.542
28536,60632.77
72449,69285.445
22494,13609.037
76186,137528.42
7922,17943.79
12078,219885.62
33503,22090.314
76051,56704.984
139259,15122.739
42437,17401.365
2187,209591.84
69470,32924.9
3742,5255.7217
146306,7799.934
145192,11151.247
96369,43332.516
71704,2928.0151
55830,68062.77
31756,83167.516
28958,17045.443
39550,14557.679
102623,32463.908
82681,8695.05
141186,19784.357
141498,6157.5356
136337,24169.172
24517,93306.984
145774,12220.524
96592,7958.4043
26512,44181.023
58736,10198.372
77948,4417.2017
110145,2903.7766
145987,20949.053
45380,34238.93
77536,5531.978
775,35749.09
89555,37371.887
31353,6320.429
12963,19562.174
70300,41318.594
10242,29376.617
44013,6407.7197
3880,44324.957
4612,13478.933
131482,6794.8364
86329,67390.38
6091,42626.63
113846,132013.66
136995,30836.623
42638,83539.35
81131,70933.28
122112,168039.8
27127,23159.246
126278,194699.36
100180,28059.72
131629,1580.3864
118256,39612.742
93687,41829.062
100565,25761.42
24369,56758.766
89827,18757.65
101086,123351.836
11652,10918.877
139891,10753.883
23766,50807.125
68560,21706.805
59279,22892.357
11213,20352.7
129764,7340.209
16477,3629.7986
130702,27710.238
138524,6820.254
75161,34583.46
130628,15693.554
61312,9086.938
120354,98861.28
104823,28473.037
130536,84011.5
142129,60367.637
143882,115516.08
19732,12095.09
44289,31352.262
108694,59374.1
108294,4141.2466
59292,14084.995
71418,12680.608
85823,17310.008
52930,8395.296
40250,65243.414
52978,14384.44
119421,14709.573
10845,5527.905
66086,23849.783
29891,8373.407
88083,23467.898
43885,13212.0205
89829,49078.59
77727,43591.492
1834,5459.743
54437,3620.5083
140847,3328.0454
136291,20441.855
55720,4119.4976
51577,1511.1997
95898,9535.022
149200,17330.592
125148,42710.453
87176,23414.18
5992,84502.77
41843,4889.581
70918,30679.518
97300,25040.89
10099,5398.728
60559,4590.75
39196,59004.273
69202,61507.98
122588,8991.459
92929,24753.219
43601,29030.84
36115,50633.22
44699,28296.762
109626,3744.2012
101952,51934.504
53015,78717.79
44082,61799.17
122417,14687.247
79923,15557.98
53893,23887.621
21620,45043.914
73640,65752.016
67185,13041.013
128671,40438.824
70597,38501.68
108862,69279.12
54021,5058.863
60389,50893.96
112546,5457.9844
145278,85688.43
89248,190679.92
91567,37358.883
25992,14114.766
5413,43509.188
71372,32856.973
111092,182395.92
8910,19446.385
85665,35683.312
137492,10373.219
99700,9922.121
92981,79930.73
59968,6763.0244
117834,87544.22
38509,4503.015
60103,11225.051
7905,20637.95
92297,16889.924
134808,13020.126
83402,21365.701
24267,3638.6318
149141,2748.122
30552,4778.6445
4315,38330.543
17659,4451.568
86077,68252.945
110370,34543.92
55308,57126.46
8117,18998.037
94664,30940.875
34839,19422.62
132426,12370.451
85404,39485.535
74506,111112.6
83012,17642.926
59893,6141.3276
41086,68048.51
126481,28266.395
88649,55480.766
79624,15958.555
148490,36545.375
74372,4279.7036
105647,74616.89
5052,36493.777
137835,7117.1
95880,71766.266
124070,21275.883
90965,7135.194
25676,29974.867
33922,2314.4158
108932,30313.5
48756,6072.67
54715,70639.66
69538,9189.733
120068,40951.652
145449,61822.77
123953,41121.7
109321,52163.254
11667,174688.53
74101,60573.33
16878,28699.781
10729,9764.269
15363,66930.36
72035,36463.22
54912,17157.152
98037,42196.64
108455,3984.9558
79103,24684.855
124824,21325.49
37935,9652.103
86682,32908.08
131881,79062.18
128101,6696.2935
53377,40276.98
128669,4470.4194
62184,30657.969
76498,5254.764
128204,10528.942
113719,3143.9631
91182,2822.039
48255,60636.62
19260,85173.664
101316,9685.491
34643,79556.79
53792,8044.631
134144,7015.744
103395,92470.18
127357,1428.34
128692,34070.26
84305,26670.602
29845,79423.14
131301,52492.49
124940,4662.699
86094,261893.31
72622,23990.125
49063,29334.68
32867,9647.485
104990,37012.72
62520,61290.664
50709,74662.21
35694,30256.412
64648,45450.445
148949,26724.256
86171,13979.736
40384,11196.389
90372,20316.451
39301,3272.4973
78795,32253.443
20418,57845.383
138744,8337.94
10063,63980.863
20711,73089.76
66098,15135.044
28450,5776.516
130263,13870.439
15393,7757.2734
97852,7094.5913
65377,60193.28
11241,31243.459
68622,6277.253
100822,4479.935
86336,6308.5264
144853,18405.412
73472,76442.86
92739,65380.086
36002,128821.92
24015,20029.05
135643,88905.234
110036,6770.9053
82693,6686.249
27107,15055.562
141255,7327.2183
226,20514.242
133178,15113.078
57317,33590.906
45059,26309.879
76644,45489.992
139226,154302.4
31726,13491.991
70363,63009.586
8144,8904.045
34824,83648.07
118564,5470.8374
80067,51221.797
17696,28944.46
132840,8241.705
125886,37279.816
8490,48743.625
18418,194759.78
126676,48099.637
54023,19683.738
148841,28398.13
108239,18664.219
139193,10881.427
44739,9667.143
42924,54253.098
132076,5387.361
64527,5577.103
102159,26555.236
105017,17348.115
106114,20441.156
28367,73189.23
103881,88815.35
71080,106330.08
17712,7017.235
20489,3007.5469
62974,3101.861
92987,87147.99
133607,4658.611
71680,28964.602
131572,50643.152
82022,49011.86
91137,36614.24
48724,9642.915
58416,16424.406
124963,88313.336
97591,6666.432
43137,5818.9507
11786,16720.977
94679,16823.045
122678,24559.67
9906,82147.14
33648,181696.42
131559,30556.625
86909,6440.847
136983,31551.332
138924,1798.7263
125307,14992.664
64663,16681.512
115581,52350.164
92087,7555.183
14090,32091.953
82224,3283.8503
38883,20057.2
77122,13649.399
16052,9357.976
50926,99140.164
51213,25773.56
49748,4586.4565
38,57659.434
118168,36767.695
145907,116217.3
20246,9977.725
66968,26345.605
93587,28085.967
46575,23126.355
114614,25547.936
76703,93318.22
8446,4464.715
22268,21202.154
111142,10169.499
142531,4345.5254
48464,5093.7812
53745,5964.401
92099,86087.58
59578,5233.116
110474,9730.683
11049,7506.81
2118,24331.79
35269,2110.047
12364,188084.03
53929,13008.3
105753,9268.929
3158,13429.13
147957,2521.0796
63946,16752.043
16416,114298.12
126801,19201.318
86298,55422.81
119993,11804.461
116008,5905.057
50693,4116.574
149260,23613.271
125814,123912.03
52301,8751.087
80947,54663.26
120763,30537.309
53843,84845.84
122383,34459.316
23415,6764.621
144152,40684.836
36188,40348.45
33127,27678.625
136183,238981.83
135591,61212.562
138589,62171.547
93362,29141.254
127760,25679.277
141056,23757.78
30433,163717.22
13032,108427.78
4545,15029.332
39209,5457.095
88287,28127.56
60451,2654.992
14762,26596.135
13788,81150.055
53077,101321.4
11651,16303.246
54073,6817.6113
107500,17766.613
26861,9995.272
88746,76821.19
104532,21915.396
92499,5581.3994
18249,2678.5479
16668,36410.11
70719,7197.473
59752,56566.06
93044,10478.701
67273,131304.78
41257,8389.737
143548,10732.828
148497,12520.004
92544,13250.79
47196,28980.633
38765,44185.973
146477,1930.6907
50881,5667.3276
136711,6381.974
66852,77455.35
137643,13950.974
127756,44368.47
120825,9914.063
37207,20887.146
43870,61069.95
113679,84553.48
46271,26540.418
22410,1613.7036
82488,29569.98
72602,9293.96
12697,116134.28
17720,71893.8
56257,3488.3694
56121,61522.562
6840,48090.473
100776,4839.541
3240,31596.307
47890,11760.977
131367,11865.9
49355,48083.742
112923,6916.577
51062,59679.465
126984,11755.797
144940,4874.1465
57370,13605.226
59337,2948.0034
27822,287067.28
105606,37526.562
11476,4285.002
6929,4693.813
53101,17133.887
90494,84283.28
145481,25553.197
51414,50561.953
54363,3706.5232
57394,46658.44
47900,61723.797
135919,50567.945
75863,18186.314
144043,143512.17
125248,64958.45
87302,1004.5003
13774,10624.082
127744,7473.218
123325,5759.241
93799,12316.194
98399,8242.168
123208,88851.67
44536,47314.9
72670,9585.672
40790,36546.406
80129,11120.277
97001,61699.195
127286,25275.1
128520,8670.757
99957,5204.88
61891,11162.573
141054,3347.2954
14475,50855.73
95417,12388.11
70476,39394.844
69839,135321.27
93393,12580.858
7767,129919.414
112124,11266.934
127225,7005.955
24929,76346.92
138113,20823.852
27884,35227.3
34578,128059.69
64642,554734.9
80624,32202.895
139148,82836.56
101015,4084.5215
128604,148774.62
34260,8784.216
64756,38556.355
66729,18630.025
66643,6108.949
82532,53184.22
99415,97519.86
87169,2504.1843
110186,49327.0
92090,8343.645
86353,13696.646
79543,17884.766
97964,3504.8699
23159,13864.178
127506,42876.836
39314,4250.0796
17063,33597.133
118713,6742.579
131015,79623.89
50064,24304.904
110442,5062.3867
26259,27423.344
99595,150516.02
85485,39813.105
73204,102793.56
52688,5848.9033
134557,66307.56
3905,5672.9697
30971,10569.036
57210,43163.383
24768,15014.484
89076,38068.45
64430,46822.473
32344,14486.98
90898,106381.93
37423,19923.86
24483,35178.254
123532,33915.777
108114,8713.57
95279,43559.29
97714,51821.652
139984,5487.108
104328,7201.831
36620,6606.5454
2894,2249.184
42876,48466.582
147251,8955.084
132847,14236.848
15233,11280.445
120481,48286.31
9084,50652.46
120536,6485.3823
54576,11668.619
144972,1085.1066
47807,38153.75
125848,24277.139
47229,261707.62
45756,62827.555
1433,7294.995
148632,30953.572
93308,102883.33
53688,7385.156
13659,14159.934
67321,22810.094
75157,32665.35
48291,7085.0234
64826,14318.866
23410,15829.756
86196,41835.203
107132,26264.318
51442,5527.028
26657,44830.77
109235,4701.683
19781,56489.684
72486,17359.256
132048,6243.479
90489,5606.495
58380,69563.875
221,134940.1
117060,15181.979
82060,45277.06
33047,13648.29
86792,14134.939
16421,24580.861
92673,24014.96
112753,19448.377
107626,11071.679
133100,7961.8203
6520,25383.203
21333,16448.426
44444,145735.58
141295,224260.06
38001,9110.626
129406,43717.21
146130,1169.5813
6832,7354.9854
60363,10123.946
147135,15204.087
127102,7006.174
130978,113257.97
55116,177034.61
124771,14793.161
59859,20506.988
14281,257138.53
61577,1225.9126
1673,8961.38
30471,3113.647
64848,46206.633
59123,10034.308
27312,16144.353
41490,76585.62
7729,145070.97
31052,79493.68
50724,28474.492
96248,17973.25
57143,5023.1187
60765,123431.72
107378,100559.45
80991,5364.5366
29187,76482.75
146124,32197.152
66608,13795.802
129926,20960.967
52400,5959.581
115301,9676.025
83096,48414.234
73094,17522.285
136130,16382.219
22282,24579.506
29684,275622.4
32096,68020.86
96332,14819.373
25750,22850.244
154,1019.8189
61087,73022.36
130148,22203.207
17637,5112.0264
91578,8367.694
68254,15078.466
81648,34452.008
135310,13706.211
115910,7902.8066
128537,7527.9893
5759,48983.47
32568,23714.94
36182,221005.05
67085,7544.655
6955,1625.3059
29080,2923.7517
107594,79158.31
148707,21058.668
114672,64072.195
142587,12450.218
94639,80631.336
7476,103433.37
77483,17418.752
17434,35552.74
72678,3684.728
21623,30434.062
140599,23676.58
64982,26938.002
5568,23281.547
59262,33602.426
4754,19060.363
73655,2799.7148
142220,2965.5398
25390,10356.926
116944,51671.46
93822,45212.434
139887,14568.303
79247,45442.66
146555,18206.236
111626,39562.11
1258,29004.912
22578,3961.591
96045,10707.534
139111,128903.02
110069,31190.816
82000,7155.971
51511,39112.816
33813,2062.921
29631,45354.965
66912,10312.419
30192,4437.703
124271,35733.582
142919,720.51086
125167,14767.54
48304,39355.11
125515,131471.83
104759,40817.777
67833,132861.78
140995,60628.664
117571,19627.71
103091,6762.3154
140047,10762.08
31985,56925.043
133764,45405.74
137246,20038.027
84735,7959.6484
102842,39700.94
2548,25255.3
10582,56621.26
73949,69188.14
57841,5195.264
55790,43820.773
26446,45282.16
126284,45792.91
34063,69392.01
39673,12283.867
116362,200278.16
27286,8576.709
105106,37895.996
18292,2890.1768
66117,27981.52
121928,12209.272
87386,2742.941
3993,70019.125
123324,33171.695
17775,83841.984
106253,10659.997
19444,1413.1617
91354,28325.256
146543,38900.477
67040,44147.727
131130,1020.7753
72477,5561.567
109921,38435.13
19350,58152.13
80489,158494.72
147297,75352.19
42389,21993.55
129266,9564.881
25267,54189.38
3737,187132.14
20343,15580.403
134496,43372.035
118371,4318.737
26778,10938.052
15344,3050.169
127062,30367.79
102417,1481.6455
79346,2972.6963
70585,20789.02
120171,9393.116
15832,48668.523
62138,17490.924
113728,56605.516
93221,51261.28
99733,12094.826
62431,28621.19
143708,2431.78
46336,2973.7283
75538,18388.285
111750,9549.981
81691,112376.35
130464,2547.8203
81423,111870.81
80606,98654.81
79231,24310.99
116022,22661.043
78685,17573.334
105556,173435.2
77829,36740.953
85023,8755.543
124801,55343.24
45210,3838.6716
130870,14168.317
119561,20104.879
21936,1284.912
115497,9979.951
48402,20414.537
77216,40570.754
27633,12431.795
108586,2185.9458
119402,21149.486
26745,32600.639
63158,10512.631
145791,23606.125
142981,189298.58
83479,18385.229
135584,2401.7607
18028,18704.357
92286,482029.44
5927,8948.501
148651,11738.635
71118,4899.4277
119828,94908.49
20661,18843.549
12962,6065.5317
35027,3345.162
70891,56960.047
77106,2141.1194
6686,37995.773
54029,10458.026
54863,10909.562
99571,28919.672
122919,10063.732
98472,129111.8
133426,23699.193
58567,14721.862
134685,12929.2
16296,11125.535
30017,15076.532
134667,28443.564
17745,93947.69
44318,4673.2544
26456,6697.773
56066,39478.59
33334,10478.716
143566,6973.4683
65321,42216.555
135926,85680.086
45352,29570.322
48959,16806.592
79307,17648.002
119726,96143.68
77674,5292.3
40485,7847.2095
94762,30269.234
27392,39983.867
68001,8341.871
106764,128123.586
38801,71092.45
65642,133041.88
47736,56038.41
1990,35483.242
11578,13134.673
22365,12258.904
133402,96039.945
55202,68831.18
80542,13911.641
48016,10925.933
18008,1801.0012
10494,95930.32
78263,44500.266
141292,9630.401
104744,6009.346
63548,88999.67
117672,30331.088
108692,81379.97
29040,33777.28
117744,15913.782
39546,30579.29
71442,7163.008
31551,3088.308
136549,5031.167
2564,26068.56
90191,22794.727
118037,157993.27
139652,4114.562
68470,83378.71
29840,20008.35
137361,10068.127
34904,32484.201
125642,58958.7
70403,8064.0347
62142,20529.273
138050,3527.9902
33985,12774.4
88656,5529.15
28042,7615.3887
103409,35779.113
78721,47985.62
12210,55987.715
22620,6107.052
93100,54416.125
56392,6999.122
133211,48175.586
41185,3901.1365
4060,14623.323
29408,9954.465
26459,70896.87
28487,108101.83
105076,4476.3325
3103,19118.7
58172,5226.572
76771,64374.887
12321,11626.633
132489,2152.2615
101246,37707.918
110382,41212.85
42049,16334.074
142224,9756.982
86812,7850.4487
146727,960.0928
144682,19562.129
42393,26565.592
55245,85520.77
49189,14898.844
26530,8971.057
65175,14204.434
149919,64391.53
32760,7312.32
41462,6741.5103
3140,48203.523
61429,19338.184
132598,1562.4714
36091,21917.094
108662,7583.1196
99063,129594.75
89662,64369.16
55495,53339.246
135182,74761.625
128210,67564.44
142211,7906.97
1800,44151.957
117833,26737.094
73996,10235.236
97044,4932.286
1286,72838.98
78426,13664.371
41518,4018.7712
49438,3027.2366
71125,8124.101
46158,6155.504
138223,18312.502
42446,9825.968
128039,10226.383
41862,29936.5
144175,10295.566
142000,14023.969
136048,6716.573
27614,24004.951
53891,30244.096
21654,5206.9497
81116,6480.265
24915,36940.39
99725,962.55096
132806,12236.998
107614,21961.387
73867,75816.01
42,8898.086
91951,1205.6151
113529,6510.7173
8492,559481.44
132537,20196.35
122363,45663.074
110349,81035.516
16759,11722.379
40720,7237.9907
13183,24524.084
24064,6363.1455
70082,17988.977
6564,3429.8606
46364,42625.19
58915,14305.265
139781,217145.56
109598,85499.45
99225,25927.543
35880,36745.12
31686,44257.95
146446,48866.582
15845,1740.4406
122597,7190.995
108422,48687.184
63234,13552.946
45932,41968.85
116258,30114.766
136840,16610.426
56812,7893.5825
5122,11967.459
141988,15087.529
69022,12861.123
52784,3912.0044
65340,143820.44
107709,17536.75
78914,126367.4
35796,7221.117
8986,55939.36
23862,62862.547
68943,18272.93
116291,34743.066
21411,75222.95
55747,25236.111
114196,101742.0
5506,58675.438
139991,1777.8297
83642,2526.467
44191,17000.387
57628,2535.8552
93505,75190.71
42538,7507.5493
40697,9323.865
89570,1371.0793
131143,23410.09
81397,29405.59
119307,17205.564
92221,37726.066
30612,114776.6
60176,115409.06
44791,3310.7896
117462,33248.53
67038,111215.06
59356,8436.205
87363,33261.438
36814,7010.142
130258,80188.805
20528,10508.689
138663,21578.568
89237,8762.245
52720,17837.744
41491,3627.428
71366,13367.424
47166,14299.437
24958,21956.627
84970,10533.505
85707,64772.13
21566,25118.334
92480,159254.1
86269,40103.156
34843,4336.612
41373,31919.033
129758,394404.28
109123,18852.201
131162,27632.244
125762,13851.344
99267,56472.25
47730,23817.562
132269,54115.77
12343,4158.8013
66,8071.3677
80504,127321.414
103789,22350.586
105661,6754.9746
117680,26585.396
17187,10998.665
25548,5351.961
135251,11312.689
140854,50427.605
40966,28046.799
51934,18973.07
39370,11812.961
122455,118580.22
9801,11269.698
15688,77711.17
69158,78899.79
149572,5614.6616
146192,7851.4766
66572,27868.8
66425,9714.017
41911,17989.178
63465,9366.442
92901,14334.011
71664,9177.225
135071,29346.193
100171,13257.334
32117,11704.5625
127152,127462.82
91391,30657.775
144041,20375.248
40409,12779.068
31223,3442.1143
146650,52418.453
134124,8046.43
59142,10100.674
47599,61087.043
131783,17737.037
91004,7345.136
5574,11798.728
113636,8882.581
121493,4873.153
69912,116227.54
34851,9417.36
138156,57204.703
23101,10886.75
114327,19904.666
147253,2807.2651
66550,5073.2515
77469,86375.625
47825,40299.973
83885,19325.465
5273,62936.164
110757,57498.062
103934,48207.773
48274,6532.5576
16694,5667.5024
73363,23828.377
65679,2726.5354
133504,140596.14
29747,36537.09
50593,57980.63
41295,40589.4
4111,163404.7
51766,12168.883
75373,152601.67
4310,11776.514
133496,62931.01
39951,15171.073
74609,10336.961
83972,106892.984
104058,154503.78
18212,1355.841
136215,30816.91
82008,65282.824
14669,8069.627
81258,1245.8949
42912,14103.424
87101,68049.19
46171,47478.45
94580,6161.6714
64968,69770.77
48596,49912.652
124711,61657.785
141896,45314.91
130741,239128.14
89117,10429.216
38766,17895.059
84357,10037.754
89547,124854.695
146582,4395.164
128091,21261.1
143397,7658.892
94449,12807.339
69630,6662.9043
3206,11530.573
117696,38017.652
88622,104694.82
68774,1207.3445
51423,6453.7627
96751,1500.9412
126999,105700.42
74854,8418.285
119275,31692.066
92453,19628.129
43862,6153.8076
117387,5403.4424
111895,5608.062
86542,7653.102
37025,43452.08
124498,25015.266
22432,3110.899
113229,3200.8074
98407,72011.89
65297,17987.857
123236,6612.8994
22559,16031.129
16291,41070.508
109281,65037.37
98457,6046.8545
31240,4775.099
145180,2196.8633
83576,8590.229
74187,14462.879
57447,80978.42
19929,4061.895
56498,5935.4
44619,50397.414
126307,112837.88
59761,23092.002
114609,11266.17
46919,25295.275
85650,12090.21
22507,23656.426
66942,32401.84
107011,12701.524
115505,8067.6895
119334,76812.875
144713,34169.195
110811,2914.0996
44005,92698.875
117133,60024.69
104790,10376.065
14710,18282.398
22002,31862.088
75271,1046.9215
95918,23760.965
148233,9882.939
68167,7071.2637
126744,168511.75
149976,7283.0054
37180,43311.477
64687,910.3069
5124,27062.97
63721,26261.133
115785,61506.77
86128,3016.345
79480,20728.809
17811,3081.5005
5363,73375.28
4578,45387.086
16587,6682.1274
146544,45869.926
24961,4775.977
85998,7543.492
22506,22245.752
54318,7312.8315
32148,100367.36
977,14228.301
138158,17947.502
42136,19145.363
30524,1256.2024
106317,53349.836
81812,13520.376
88149,97478.73
99538,70923.89
166,101034.836
82749,117339.92
13380,9012.803
54364,3770.4395
97228,166464.67
131809,29617.02
72358,6253.456
77791,9683.918
63597,18593.555
84868,34699.01
96778,11230.627
66057,10345.022
25794,94291.96
10821,10872.13
141128,14141.084
127600,66150.43
61794,30584.318
53029,34460.445
19973,7524.485
104864,51451.176
113395,109536.484
69878,108391.98
13173,14420.164
29177,30066.629
69753,3335.4258
73252,73708.805
41652,109877.77
106300,5786.586
113793,3979.386
138747,96797.06
52863,14419.148
1749,8003.848
48951,18089.2
58851,42688.48
62267,62797.98
130114,28311.453
122854,40518.387
94608,80321.89
106671,14166.482
117337,5027.9277
84095,36613.703
95691,6092.1733
108341,68152.18
60338,8382.933
146292,13000.08
99375,63536.574
10646,46509.676
79338,140974.88
126179,6018.714
80314,93973.195
54266,9602.655
112418,2461.619
124549,103545.65
144471,14278.063
48957,52582.58
130852,58625.797
120406,37033.68
51456,12081.74
109257,40441.7
24286,67764.76
115180,202531.78
41097,72277.87
74963,35126.32
56987,13230.004
123695,45400.32
56130,7137.103
59714,88779.54
93894,5294.283
141544,10824.365
138462,25966.059
62225,15489.922
104887,75712.414
34739,30754.4
140512,34726.484
96786,13339.256
144710,13326.892
57950,11797.859
96884,126469.555
115007,17007.957
135022,179437.3
83638,18782.736
1429,6952.441
124612,11072.174
36011,43021.004
124294,101754.375
39891,10688.076
137430,8863.17
135605,8580.954
119405,41673.64
128899,23989.748
74233,20084.266
14167,25363.51
103927,43721.273
89550,72839.07
90333,4847.9863
52851,4331.553
93045,143229.78
43704,12548.29
59477,13250.776
23158,71326.64
21354,52612.58
127902,13581.55
124966,7863.6416
71985,10625.191
39459,112684.24
54657,46759.36
57228,43910.527
68217,15199.419
67412,29560.186
50476,42922.074
59390,6062.5303
76936,3196.7603
104398,43557.805
111498,8582.275
75805,27710.238
11025,10603.1045
22092,19882.084
95127,35175.234
115088,131466.42
104638,7993.161
63995,20102.176
120067,59365.81
119025,4138.548
11072,22320.207
72894,2099.555
112072,5829.5576
11273,44089.61
103591,129947.266
28938,5050.9155
56055,115147.12
16136,8797.874
72364,50386.902
52353,13040.917
126312,41072.16
33653,176498.23
95884,77348.44
116699,59384.08
93538,8929.572
126461,34232.9
70361,10232.128
96992,94388.79
60287,38891.293
90817,10842.118
15710,10688.864
62366,1683.2639
44329,2807.008
81876,8465.173
28299,14527.012
55490,32558.037
2694,44676.88
62845,248251.84
9109,13219.469
12141,4993.278
7372,5582.0913
10556,209734.12
55274,17980.256
129929,25411.73
64972,9275.784
80714,95902.79
95276,2410.197
19497,62276.816
93515,184065.48
31204,24571.984
134762,1627.3295
98072,9646.874
40443,7450.793
145840,54163.87
38722,49081.02
11117,28857.084
108311,145123.77
55255,58881.04
68799,50262.855
21162,104227.03
334,8314.009
145405,90598.96
37522,81767.42
48591,22679.922
97549,31572.035
120362,19330.562
52405,40702.773
10487,35397.145
129653,3919.1035
45095,55220.816
131467,14399.161
118996,19309.527
89931,148009.31
54946,20925.043
50987,172204.77
42612,94679.99
15664,79603.27
1362,5365.57
137336,27848.97
106656,50809.234
70057,51052.32
7792,102929.24
114423,22547.352
138112,53467.758
15887,14936.587
24677,6731.295
100169,10576.429
99145,10718.332
138423,14510.279
74518,19542.717
93697,15750.685
2444,3480.4666
1610,110798.75
35815,12914.722
108008,22060.277
131011,13451.602
132907,41121.49
32527,12336.705
130432,26730.383
10690,19007.012
78274,48488.137
15421,94001.336
55970,13995.083
143123,106179.74
140310,17976.732
108128,13056.275
47870,99004.234
109183,106300.805
38645,25101.33
12091,20812.086
58373,69902.4
80231,29875.668
51751,148025.42
133879,28982.738
6107,15338.61
19187,16754.438
24230,26524.477
111419,108708.45
27187,3557.955
138877,7911.552
74184,9514.834
33110,34096.95
39624,9667.143
78397,18734.86
20025,3449.2036
18881,15838.822
78209,17475.96
77506,24343.979
65195,21370.578
144593,70923.484
100515,123095.15
50927,78487.37
65327,9808.235
143142,11897.62
143099,18694.674
2629,13010.916
114663,9804.011
99451,17948.762
19894,6767.61
33876,79460.02
45537,10469.123
35482,68845.88
115023,14013.65
3898,5796.4316
94523,4167.605
65113,6989.9316
95386,112831.86
36361,28819.846
143817,28982.324
18571,14352.706
75245,109684.39
50272,23120.904
61161,7560.1465
21728,49538.086
6533,46705.855
102283,55172.61
84588,5581.364
128690,5630.4463
96469,5561.257
10684,9447.509
72581,10118.884
97825,129181.984
94450,6641.024
22226,51997.926
132398,15194.991
48511,8139.9014
56899,109109.086
10663,229449.88
110366,67717.2
86003,19312.553
97269,67454.14
138375,34705.34
74876,237250.69
63113,10447.75
30622,34766.43
49072,124925.21
43465,6830.546
101978,26456.062
81546,51896.81
133754,65139.973
108688,39694.426
9278,11687.531
90193,4161.753
52807,29419.932
132990,58837.098
100652,91050.62
124336,7397.685
11149,64837.832
114830,57353.402
44281,4587.55
138560,16918.027
4211,111432.625
92183,8515.083
13138,33820.277
133336,1117.9456
29058,7827.793
84932,10015.494
51928,42895.266
7497,75114.05
31063,44818.938
3621,10532.689
148734,6276.5566
120432,8168.1836
97808,22408.953
4461,37693.344
17188,7835.303
115714,9995.272
84472,126071.7
27210,65226.527
29675,13743.868
127324,119836.914
116860,49739.297
118887,113968.055
79147,420806.44
132817,14629.755
128525,2392.7053
112125,17847.13
20367,7845.4326
43839,6243.7295
140531,29550.236
102936,8759.876
144269,38046.25
97928,33114.883
101620,17617.285
4624,21198.291
59169,108078.875
34212,41522.586
110605,11570.274
144119,206000.83
77606,930.00696
101448,33426.06
56865,6853.3486
15030,9392.328
80294,65122.95
22643,113657.89
89005,10482.253
56030,21012.203
96465,17857.816
59364,4922.5005
131306,25532.666
132375,2919.2273
16164,24436.223
97898,23654.412
97259,23504.941
133234,18661.324
123348,20662.053
93460,90059.484
79162,30002.16
88123,19550.895
41772,18179.555
80713,14186.967
97010,4809.6797
26751,2950.6025
125575,12214.326
88499,32879.85
31564,8302.04
28479,47078.656
103084,235340.34
110529,17409.283
29293,33480.668
42545,8207.953
58810,9570.076
107877,10872.904
13486,185792.89
39296,9676.931
77229,90953.625
85005,7236.4526
146573,49616.594
13240,6600.978
123066,8295.555
58312,56609.58
50562,31060.295
20098,26133.395
137004,9105.979
39840,17022.611
13078,6390.7715
13021,30009.104
42516,14070.949
94793,36128.8
54571,73775.84
111883,27881.666
61009,61584.703
94992,33251.3
124680,281430.25
564,51345.527
129098,27587.346
137536,127510.055
123622,235040.14
132145,3158.611
96130,4918.9404
74701,14532.316
106119,4842.849
67749,4535.7686
145807,7290.245
65286,28722.055
76698,23980.705
116688,47311.5
114195,67648.2
105227,16898.33
126437,7921.297
19400,9357.395
86777,8872.501
11766,19280.11
56437,8146.2773
143329,44328.203
68548,18128.24
75890,4000.5317
47639,32037.012
105418,20311.125
148384,25650.72
149782,7269.3057
77779,12961.754
86356,30936.367
109996,40906.707
48990,1908.3712
69332,37345.89
39743,67711.87
32972,2917.306
134051,22481.576
76796,30248.865
80080,7616.657
129061,4808.897
95334,9165.099
126789,8325.74
44291,27399.145
65288,12650.15
3929,28909.201
127005,14787.084
146183,7880.555
1348,55421.047
45428,57472.88
76746,9218.112
78366,60486.766
113878,28622.094
121375,75527.15
15480,87539.875
48410,12445.037
78983,32499.258
142450,8538.83
105154,-1290.8367
16146,25730.184
51101,148755.92
44300,121039.61
116244,8140.0977
109823,5047.074
115619,24926.182
33857,29912.541
77736,72926.51
41681,4366.7837
128789,7556.98
105439,41837.285
61946,162274.38
108792,3678.8196
132456,58441.324
146833,9070.306
32408,27969.168
105722,1837.4037
21185,18181.29
134444,34513.844
20981,66294.74
130999,46600.72
17924,49390.395
9336,24610.678
111523,13849.607
149767,34680.15
6902,88109.88
26849,16932.154
39657,21040.416
130248,101996.01
58188,40822.668
47874,7074.7915
52980,28485.057
81071,49450.547
102256,51714.16
112559,3869.2139
27705,40713.074
49769,16338.031
20339,20884.9
26167,169080.64
137297,5102.3096
89118,17566.88
109552,6417.574
68169,7765.6064
94298,38843.957
147168,47197.168
98268,103454.375
81259,4400.3145
37791,22363.79
105919,117803.76
137960,11069.936
129272,41262.83
73311,99005.01
130717,6013.6064
112378,105485.88
94243,27050.09
41841,43257.73
32761,51768.805
97453,106897.86
144576,79090.89
71338,106588.375
124119,2125.2717
67032,7621.201
94081,20637.246
142093,26899.998
102376,5171.501
129395,63229.06
75109,3039.746
89230,41229.266
85299,9952.795
149698,30151.982
56306,39616.13
37546,18887.918
127471,29907.465
26836,80053.87
91216,65968.71
43156,108048.13
142468,25770.248
17544,49133.31
112782,5131.7314
50265,99916.875
70541,50485.49
14414,11561.27
91873,171533.25
145735,39205.418
105508,64348.363
134592,7959.5415
49713,1849.5776
2282,14387.938
55845,12959.303
89178,86696.0
76579,19262.2
9657,38639.78
47615,21041.05
63941,17465.354
60923,4850.9126
51130,24003.396
137690,38000.66
66710,35483.977
102785,1044.5519
111878,9049.21
34549,238466.66
29494,11946.555
66017,23952.725
54860,11947.78
1431,139970.8
140044,89270.06
81720,12263.46
119188,16802.963
119859,125730.51
19625,3640.1606
32099,4217.745
121155,7122.0596
77248,57490.133
48779,51594.953
142533,2122.4568
56367,84207.37
118814,20932.805
56426,9662.006
63743,9037.315
19435,29303.346
131177,74597.88
39433,57469.824
139360,167861.52
145782,139883.4
33019,73250.266
17635,13935.781
28947,10697.538
37566,26166.174
50378,164730.33
123832,51725.01
16919,60628.918
143801,67187.98
138614,16348.085
63618,29017.336
5350,20637.95
128341,76036.945
21965,6755.7354
102045,45694.84
12587,65706.125
113195,42328.305
2823,27923.621
105905,18550.803
49786,39553.844
63389,85197.89
31719,9097.922
30713,68664.555
91044,59042.99
114992,115863.01
149897,20010.43
89371,16315.843
32002,17683.473
112295,13513.027
137660,31506.432
125564,72746.67
147306,23923.615
25276,16150.908
115858,5144.229
56997,92032.86
113207,30565.969
2705,54191.633
96041,19430.195
81158,93519.14
17072,27265.412
91977,1212.165
126807,8030.5586
87869,21946.537
74061,8099.283
90925,8946.622
148744,189320.81
141714,17354.521
11893,30816.861
43993,13398.319
99535,7923.176
28534,5992.8926
51050,3157.337
104108,1029.5947
123360,22291.621
130943,23684.428
74608,7267.5884
19195,2928.5195
97459,10209.803
122560,15710.0
28991,70687.28
67834,38823.22
126331,23381.555
20382,3272.4973
23489,52989.05
71102,8803.899
117422,65300.305
139043,13319.01
122382,127189.67
47208,2894.6267
27093,28172.617
101767,13920.33
17357,18590.62
121315,15115.524
79673,2258.088
142323,17814.252
1140,4300.027
63858,113459.664
144649,174331.19
13370,77163.586
77708,196115.67
69853,21964.959
108456,53486.375
46133,8599.875
114342,17022.244
121898,19753.375
21550,58394.05
34426,7495.237
147991,28486.602
119330,7517.019
11518,40992.965
1112,11900.102
35358,28685.14
120576,100325.15
133164,5914.9814
25702,2850.6685
6804,53010.664
61689,12451.086
62752,9350.011
144726,3148.3958
147004,12581.652
12109,5732.38
103229,79616.19
31776,88012.53
77165,40068.184
29541,12125.035
15722,17333.957
21320,112216.914
100980,11443.775
87902,12374.195
23043,34219.656
138102,11244.725
133091,106227.516
144451,4169.5854
79621,137081.53
11961,15778.33
90556,41954.06
19429,15978.308
49183,17440.379
139635,8050.0176
101634,66245.57
27904,5027.4023
54787,70938.266
76187,497541.38
42667,12979.142
6750,2473.562
42812,4477.981
102383,37043.88
146850,7158.852
74557,38463.652
3901,9680.445
64812,59802.86
145496,69753.24
116886,5794.959
17559,2523.5505
25857,71631.72
140916,9897.834
61229,4535.7686
112664,13944.4375
115924,68176.67
31682,9785.248
20590,102448.516
77795,28382.734
118799,20902.775
6205,10117.228
52015,47146.613
146128,8129.5015
78186,48317.914
108322,93948.35
28693,82121.04
46665,73055.805
59366,7282.3467
139697,127496.625
131136,23528.371
115285,319379.25
60100,33555.55
132434,20622.1
76325,13252.301
129446,73969.28
84548,229418.19
147013,11209.142
117820,44994.895
133928,7004.7407
32383,27015.996
19794,6011.015
89030,24706.953
19103,392.82208
89232,6015.871
145967,7406.43
42422,91125.5
55399,12245.133
38759,129765.61
10265,23387.32
74684,10973.881
66128,8151.494
30905,116702.516
56317,5860.5674
28686,23670.197
8512,39794.19
102003,34517.695
57977,144893.23
18397,7733.8936
138848,5228.0376
110874,86991.51
109051,45983.594
88837,13318.264
129994,41495.17
21857,24740.045
515,10598.888
79796,28118.062
72592,81338.234
53064,31527.732
57716,31852.332
142375,105441.18
29016,4400.3145
14331,18660.484
80876,7054.511
25855,66977.77
126671,2041.3206
98902,76970.45
134332,2399.4043
56094,52353.668
92965,24736.51
20393,22968.863
80156,82028.32
143508,81425.875
11730,4112.232
74675,34471.62
53647,38069.152
43217,347921.16
125763,35529.94
32591,33427.652
141937,83777.54
46975,28789.27
59769,11722.804
17093,9265.912
5025,64176.184
46061,84599.47
138624,7553.867
9655,7550.367
22157,16034.225
4713,5630.5635
89818,852.0727
15721,8301.149
96213,34265.23
72644,97250.555
147069,4382.1255
65490,9125.341
34892,18234.889
74245,103552.48
64386,27059.365
111530,4104.524
10095,33528.105
23280,404413.28
125503,20554.22
48316,6397.9595
72651,9343.998
106950,10084.92
129930,3015.0583
9804,15713.095
13095,166709.72
109796,32496.08
104402,106551.83
13684,8947.669
19668,6598.169
52266,16656.277
3254,63470.87
9463,3028.4841
58468,41589.39
121426,24238.885
10505,10592.602
84083,13958.472
16018,15502.551
56630,38535.477
12234,11252.063
81257,125962.34
118743,1105.4442
45368,71331.266
119829,4500.437
92693,77644.23
63241,7744.04
9852,7959.6714
138424,47894.668
1464,1437.4153
1549,75018.09
107536,6124.3384
120937,6666.603
49180,9766.926
112759,8496.252
119282,6902.2544
77632,8342.034
65550,100461.78
115384,3851.174
8283,13190.514
48662,11959.043
36735,34453.36
131924,5820.83
88052,28857.03
133777,54969.465
46715,86700.6
58276,62102.16
78747,144953.19
71245,11086.522
25275,7272.8184
35674,4526.8696
113104,14506.001
71108,51893.637
136847,102651.734
81843,106751.55
58247,5485.9023
37448,142300.67
58014,99876.28
132892,76279.06
75518,20694.807
45923,8123.519
42664,71795.52
110408,60278.555
85088,10305.257
36234,134700.78
122220,1210.7847
71056,47639.98
67538,34817.17
21818,2094.1885
105005,16343.406
24824,138392.5
61037,7211.855
142242,6433.928
52257,50874.16
105886,2843.3296
57849,21716.494
84632,25455.742
14907,87695.82
94602,192091.84
24089,45046.26
143524,61076.105
40186,6396.025
31093,27339.064
47213,37218.543
25467,11469.093
38359,154731.78
61969,14647.603
29411,5600.583
1731,10262.004
79130,36457.83
113273,4694.124
67709,5340.012
33855,39808.023
139135,16619.9
122830,6788.5815
82508,32626.225
49819,117186.12
57094,15588.778
90109,1489.1919
90655,70369.04
85073,171938.47
42552,5051.442
39110,138048.95
77093,7874.6353
61049,27914.828
106972,49425.832
93338,41673.832
48800,96290.35
89558,12292.518
23682,3709.752
117225,24631.004
149679,6725.3223
99608,3217.0168
124548,5137.07
105915,3292.7542
99107,26611.557
10636,3553.7375
137490,110363.24
117595,168479.88
52348,2405.823
32666,142311.5
95336,28997.576
140478,12106.051
63087,14839.646
128970,32522.441
103644,10149.812
14413,23805.014
45164,7528.136
83193,1879.9388
41431,79547.555
132163,44591.2
95406,10857.249
55053,44571.906
20385,31396.232
36702,5061.7593
135527,9304.364
134305,42382.12
93674,88563.97
86388,8454.12
121798,64402.77
6114,20249.668
92133,98449.02
24797,96189.71
12576,22234.713
105978,1791.6257
123770,83477.78
97477,121815.32
136181,43428.895
14453,27690.188
60686,5785.18
112185,16999.91
25977,23146.414
85084,35229.785
114968,173401.42
85574,5568.655
11511,14192.174
9821,94808.086
116750,82585.35
37071,3747.8982
47373,6450.3735
51952,91930.4
64512,665.8984
94952,14246.908
14344,45327.812
95853,10352.984
59562,15173.5205
7396,25766.758
40578,10778.771
87740,8054.2104
12606,19627.078
37622,36462.94
11066,3419.7566
27795,32332.75
56800,2594.885
50019,10125.679
29182,50316.066
144344,18085.963
81760,27019.182
34105,45006.86
88717,26449.33
149062,263699.34
27188,43768.11
34067,11936.359
4449,137178.53
83805,55701.418
46509,37199.75
96776,2965.9346
25802,15568.364
102381,2954.5037
139501,110781.42
145973,2494.4993
84793,10225.623
12825,9323.075
102087,37675.35
112523,6163.457
76358,25831.67
78842,25207.379
123017,165198.89
65931,6829.4214
84896,17329.305
19492,16759.506
129541,13904.531
82881,9551.392
94227,90417.234
18754,23209.543
18289,34968.43
134924,8763.625
36659,128178.125
73395,159910.78
21957,15214.379
140507,90299.21
149771,2903.7766
139739,15564.788
3857,31815.781
80303,5854.9707
60329,11236.972
149264,175563.58
64099,9761.068
3342,-482.89862
111983,18000.705
36348,6642.5083
26801,7003.347
63793,42298.5
124109,1733.9984
95432,13231.952
223,9484.369
65431,28799.996
68778,3329.7676
56830,25927.543
47466,14641.3545
89685,43605.703
121487,52877.152
17562,41653.125
2817,5066.194
28514,2336.3472
13869,9350.462
117035,12776.079
125047,5811.0474
61191,53278.44
18467,8779.864
135708,5836.172
46726,2865.212
2589,61398.855
42853,142226.77
139287,63125.59
133643,35595.89
57917,14168.576
107689,3251.0276
54530,6387.3296
81616,43167.55
80516,19587.414
38718,129457.51
116021,140949.64
143480,11603.525
31231,6107.9883
142714,67211.125
59432,36961.94
112183,83796.984
90904,54151.293
136522,6333.466
73241,47153.566
28687,12747.376
24051,3308.7156
80120,24046.693
16683,20066.746
12305,32970.66
93156,51420.477
115779,57497.387
127543,41019.445
109922,16062.389
146338,17903.596
80173,32694.018
146433,3398.8992
63157,3482.7124
98995,9339.856
72061,26925.107
134928,104082.28
43752,65895.016
103832,7060.219
63934,34169.723
108384,19990.51
89704,15268.782
63190,32326.576
2022,12394.458
87789,3563.91
87379,7148.3276
21723,11864.479
25359,13796.622
144664,15222.104
33793,20875.428
50028,1408.6936
23639,152331.17
65287,88518.63
126704,8665.083
116908,31488.467
110640,20961.092
29597,11776.276
99425,73498.695
113473,67715.61
148626,36777.94
94028,5121.7617
112364,12872.963
93053,37745.46
63277,54233.246
123524,85913.32
48017,64854.484
18859,33266.37
802,190779.92
138511,10509.496
140705,12666.562
77685,20965.094
98818,93061.984
97754,114194.53
23838,11463.817
125844,49173.566
123797,6403.552
131680,7578.156
99928,46518.832
132664,39456.72
93914,6378.3076
77183,21893.662
22060,15332.541
42968,14553.612
15964,5192.0522
16652,100890.43
80807,66351.92
55170,4092.1587
79284,13069.37
145561,97442.06
36943,5034.3286
8251,35717.883
36407,3271.6094
99304,19312.72
50710,41617.633
123109,5723.956
81352,13253.006
32764,29395.082
65379,8237.007
12831,23421.725
81386,9234.038
44170,9300.274
74662,8374.725
47773,14590.264
100452,32028.135
87136,23691.738
72731,11608.293
93745,23987.926
144542,50882.445
87636,58484.9
128674,20249.672
62069,5841.0796
6327,30549.021
144693,8370.166
55875,10053.36
90507,6053.784
112817,8561.667
77192,3836.3467
36634,37217.023
146517,319556.25
14788,11674.775
146143,11813.739
9385,8501.098
128011,79810.336
146667,77811.16
94754,79458.26
138688,20881.92
90595,44966.293
113952,51325.105
92197,5063.8716
75000,6113.273
47201,80848.68
101215,21070.648
87117,109971.16
39978,36431.08
121520,10156.924
75784,47593.414
74436,40259.55
116023,36226.312
128234,28543.266
61527,38490.1
93989,39975.76
80775,61060.414
64980,67527.85
105024,108173.18
23613,29027.314
124664,3266.0288
1851,26064.3
65816,9048.484
94829,7841.2974
139458,24389.693
102123,961.644
120766,15635.766
131053,47141.094
79839,129336.67
121969,3714.243
55505,99170.77
16813,3704.559
126846,45046.383
103333,43014.22
64586,126703.35
122156,32991.5
50792,5457.095
67788,63532.184
112663,14831.705
22345,10004.667
87904,8926.615
6723,8110.642
111594,31798.734
146527,8549.078
98589,10535.682
2807,244275.2
63172,141464.17
138655,11251.115
135889,23645.229
62906,5996.5474
53794,27669.102
56877,25459.594
700,88076.11
14482,4444.102
64162,66928.02
101797,2189.7812
91547,2721.8066
74933,15014.418
140982,2372.2473
73586,7782.134
41028,108369.7
114688,10828.104
98551,42392.477
105012,25968.693
12885,25805.832
54903,24797.525
132925,64408.582
69505,38965.785
145281,1376.6309
79741,20913.885
101499,4605.3994
86477,30794.627
47108,11501.365
47401,200026.88
89181,57129.84
84597,56134.277
133779,117804.945
18804,94163.484
63306,61990.926
37490,396116.22
122752,82167.86
116269,98945.63
117458,3390.011
102748,38089.59
50759,33933.477
85164,9949.78
42334,29122.912
43581,53565.152
76080,6864.8706
91066,106671.625
54186,67702.33
135818,75268.664
55036,105745.2
88705,3865.729
33721,28169.871
32919,40002.605
43082,60044.258
3515,52377.777
124903,11849.278
29107,50468.06
114769,5063.747
55418,107711.67
141901,6501.86
53417,37746.668
70653,16046.259
42408,16826.555
86409,224406.39
68666,30014.613
124053,62317.355
27432,16552.867
12969,36056.72
69475,2048.1465
29662,111035.74
98255,42486.88
75997,5670.121
76944,12489.337
80840,8625.234
134520,24256.049
145112,4426.5303
82733,148547.81
90653,23021.717
74765,62559.348
90381,1457.9973
109988,33683.15
8667,1793.1296
105784,36062.05
31147,5717.8516
105107,42451.81
67829,56257.86
78384,41653.04
140456,40949.047
4426,15423.808
120531,30513.363
58107,35118.863
140819,12576.722
144686,107569.82
135148,4222.822
43354,31580.137
134368,61929.66
44413,9766.573
142553,7402.1226
27511,6454.849
50795,76410.27
30460,53935.562
3265,45855.258
129521,33404.89
117549,8322.341
73083,2251.0908
75265,31714.352
87697,12146.196
74258,8282.103
10990,7863.0903
86814,10134.478
117301,11301.911
34256,9456.241
92755,6407.3057
23584,9204.532
23698,289245.6
110600,44145.984
124539,6138.16
125132,13259.821
38487,9279.663
145708,59360.75
122424,11671.721
112318,4509.2715
10771,3302.7866
41221,20596.611
34213,133821.16
63727,15414.825
26475,76628.09
15339,1976.745
46003,20704.36
140065,28002.756
51327,13868.355
110664,31996.186
80988,42625.19
63083,3126.1855
125189,401786.66
98424,50578.973
57321,83344.77
57042,23787.998
11626,1245.7526
4669,25435.21
17510,7321.0
36393,10304.502
43404,3356.3098
16223,6324.2515
12542,21280.555
31965,7942.9365
27321,15329.8
99512,181547.88
33658,55594.883
128683,22543.877
72024,49038.996
47960,11744.882
100777,7740.7417
53364,28761.855
115430,187892.45
99519,28792.867
99015,2733.289
141911,78199.72
38993,15917.981
80512,4495.163
118129,72071.11
71601,20521.062
78056,14553.304
82286,12009.918
94579,6751.349
40602,27988.176
79104,12024.183
137428,9136.551
111914,27112.96
33733,11598.276
136705,390.94174
81376,13329.152
143538,12102.265
96790,10495.678
90061,16930.125
81018,19662.578
117390,34788.168
84889,39895.664
14108,6682.761
85241,15990.134
97811,16924.467
146575,129092.31
63476,6627.467
4554,35753.16
21523,12850.534
95765,14162.029
143966,8811.218
8037,26447.77
44946,8731.742
75020,8984.743
2776,75889.98
39877,11556.137
26844,19489.568
42823,6120.1777
28842,3933.0896
144702,11609.073
145353,556817.8
135189,59575.02
103152,20919.432
142825,113480.1
103156,18637.557
20231,13673.497
143447,5387.765
51229,3928.318
71434,4948.4473
98494,92169.82
115729,2987.3535
83008,44740.566
59701,29955.39
90307,6165.6665
18554,1683.8439
62475,15086.367
79360,17008.994
147197,61425.984
67184,3224.478
16401,11702.149
132427,20782.441
126834,208496.42
76229,46493.094
7728,25949.504
90493,60213.355
58553,86894.99
39590,12172.17
146126,57048.902
58687,8296.101
24569,11135.178
88520,100707.32
100051,17945.514
55813,123741.24
13721,93916.64
22042,15480.9795
64681,17538.395
73001,41653.86
110723,69985.336
1674,71942.51
49161,5131.497
12330,52252.184
5439,11042.088
112345,77284.58
71562,205092.1
46776,23127.662
74630,139001.61
96690,9870.578
98659,141452.52
114025,207971.83
117683,12882.438
130577,14224.045
26616,19313.521
131957,87033.17
136072,53311.35
139166,1706.3707
69978,27750.314
27219,38424.9
38083,2918.4282
11915,16715.918
51580,96502.625
1874,14900.666
81203,21558.188
23033,10792.435
30790,5298.039
127722,19671.67
48726,138600.78
84268,70440.61
10532,5923.1597
87680,136769.67
98532,1831.5006
139053,2886.3042
30082,6732.171
65880,41224.64
74897,83522.25
84491,1394.2367
136134,6729.8916
41734,64089.83
101806,4808.2754
63966,6458.064
5799,8024.8555
124433,4823.1313
39711,129338.914
132403,7552.265
9580,89396.85
22581,15892.843
19742,83891.164
144109,44795.586
61612,8058.822
98692,38181.977
9629,117161.84
148902,19199.615
43475,38793.508
93132,45977.156
112994,7809.304
115197,46672.055
11805,4784.9785
547,48640.887
597,25525.635
59116,13815.874
121361,13640.884
98649,7219.486
75089,12772.547
100093,17215.379
16968,3080.009
118866,2035.0094
8089,6352.456
63525,17835.07
45903,18240.469
45181,17710.758
96548,53622.02
62879,25903.137
1295,30637.96
117340,194750.77
46028,6817.902
137106,16366.326
83185,11669.985
130880,76910.92
2671,269054.28
67374,19623.754
90783,73816.7
94979,1538.0912
48563,217115.61
8831,10461.085
130802,67379.53
106765,73470.14
138812,7607.905
100,18412.139
15764,13210.557
68280,19342.145
134237,29831.893
135329,36956.523
4647,15682.695
4047,11088.478
134610,32673.664
44535,14870.674
29240,23645.072
114324,1909.8116
110682,30376.34
120421,5911.1606
139124,9144.376
106438,72719.625
95750,18431.553
50683,3612.314
46228,3298.57
131241,93320.97
47518,12244.954
6849,8621.47
113322,4555.9526
17579,80753.95
118421,9182.317
50769,8682.545
15984,40606.35
111084,5549.0327
44058,65347.758
114605,83407.48
104429,73737.89
67590,20839.303
74390,12163.376
1144,12307.013
3079,21034.77
141017,8964.717
144602,22474.643
48498,11111.442
33478,17779.633
82769,4285.2437
115613,73302.305
40145,12583.351
136568,30124.45
47545,42346.375
20975,47874.53
88082,55019.777
43636,9518.625
96798,3685.973
90586,29071.719
79170,29929.145
83172,3629.7986
38853,13078.943
50854,16036.62
22641,7740.0195
97062,5789.393
139271,11190.954
90200,15907.718
66810,57950.348
133713,22995.896
122736,15083.284
32240,129960.88
58437,4771.5923
47795,7873.4917
37504,113160.57
41959,7307.868
61693,59479.445
30533,29232.115
20262,306235.12
7482,3364.129
99286,21881.553
42372,67048.56
26118,29416.559
132857,46316.504
54361,57006.5
102210,3198.7185
89506,40829.348
97863,82371.35
4592,58171.62
42838,1456.8475
67941,5941.005
133543,9801.39
99091,95424.76
63143,49248.38
119684,75891.91
131017,22509.89
56614,20014.67
128010,5124.8564
17185,2844.9714
102097,45004.504
86894,27759.406
144032,2843.0195
13945,12964.632
71614,2443.9236
40043,6245.1807
68747,4161.7866
62671,56309.56
5345,16739.613
1949,23350.404
113655,57236.906
3854,6794.8364
79963,31755.268
73262,5775.464
59749,3360.3423
139554,5440.0645
119670,11252.79
116144,12149.746
4664,51786.47
94433,33657.902
96342,12113.76
92734,34115.01
31212,5660.569
59429,1874.2363
49596,105537.53
112119,17997.256
100835,105267.266
103202,31752.621
142250,17176.275
54322,12209.736
51436,7995.533
20107,55402.87
21847,20785.783
143648,8723.119
102730,13377.5
37461,16303.68
1141,4762.336
101094,31769.61
48001,8527.322
48543,30897.066
27291,1078.2782
44037,19231.123
130925,41633.89
39165,102140.64
31829,8750.22
144867,6290.173
131118,77360.76
142074,35145.63
40611,85395.67
6360,9562.19
107862,46050.402
54161,5095.956
132079,65665.17
69942,8281.905
72012,43741.254
127864,52485.074
84012,78709.65
25307,16801.824
39232,10718.191
141108,12639.428
54002,43084.64
72677,13143.326
105128,63220.934
40444,62567.82
125683,25608.299
69592,34792.703
97670,201605.14
142284,9150.371
20775,2876.8958
106842,10020.343
32688,19163.188
68741,106727.25
44823,14015.249
68096,93356.914
12028,39086.727
71543,69284.16
142819,207925.23
76168,20225.113
65074,10245.8545
26519,8922.012
85125,119331.82
36005,6072.0786
144125,7827.862
130493,23405.15
95360,113724.92
34934,62890.24
87563,24149.654
110634,1800.803
10037,66190.09
46876,15217.1045
109904,9361.848
58951,21681.568
33165,55549.19
139097,21450.07
106166,49053.207
47516,49832.086
134809,36685.156
128390,1757.1364
102578,52146.945
142171,12329.556
47968,38601.684
101941,12464.246
42210,39527.52
3674,12766.38
1323,15181.746
10900,106838.93
50798,29370.566
115032,125065.875
34365,901.1202
137280,13132.969
27136,1743.2909
21327,16065.103
39382,14815.731
35957,52752.707
51038,9392.471
93325,8723.07
143575,1605.3835
87310,42660.77
86169,17622.889
74004,10482.237
30016,9306.885
69914,9922.529
19208,17155.227
29722,5587.274
38037,3933.4043
112842,38165.84
128785,3522.059
104121,10089.153
28372,21942.094
93014,20101.432
32932,55472.297
67061,19408.385
81334,97340.234
12511,43971.957
49279,10598.73
71027,3083.491
26480,28039.086
21361,17227.398
3580,9816.807
120789,10078.888
125817,12974.715
73210,10732.417
44055,98126.24
144395,4791.543
143236,12831.668
143864,106797.52
102631,5867.5444
8824,4138.548
115097,158131.25
120109,24227.006
77078,25276.375
118451,158620.8
93584,20331.107
46891,81879.53
149783,90005.375
56559,1253.0972
146720,7107.691
110843,4521.894
97568,21100.172
13453,6120.0986
16204,3379.7979
136765,8288.098
60042,104671.54
44158,15624.695
81769,26049.379
1193,2244.8955
131817,46617.582
76632,7632.1816
41006,113686.34
148792,10739.286
35146,43256.34
120517,71997.29
68698,74075.44
12806,12409.598
8371,6495.4937
96442,3355.351
133984,44991.96
139393,91815.54
108130,25453.744
9939,49494.59
70092,19735.178
22043,20424.611
139311,13588.287
58392,85930.65
21832,10272.897
106121,389415.0
54796,25333.059
85070,12539.899
31753,12904.505
146768,42914.926
16634,25600.863
7946,46746.33
12854,12854.489
76951,61045.016
68477,5911.267
116216,92819.63
69249,22303.014
97317,21273.84
58580,28883.094
19440,20021.232
36754,9867.005
26066,16236.014
69228,12131.567
103300,29124.92
18257,11872.462
36837,3184.4167
109301,49645.914
11795,121702.125
119214,32119.154
13897,38290.22
131886,68218.836
84795,5112.5684
132699,69220.61
142162,131796.31
72170,18840.725
121296,990.6271
70746,9232.722
40073,80773.98
81034,40961.805
61444,38819.375
121225,35581.59
115769,10835.247
62058,17595.543
36640,20969.28
6076,32795.324
101150,4828.956
13823,21084.934
89726,4510.139
149988,53708.85
62603,11624.136
134482,58330.34
88930,39226.832
99986,11582.271
68563,11565.6455
10577,88967.125
77845,17497.314
145737,20073.074
136976,44551.406
126243,116792.16
42549,50059.84
935,3750.761
315,133986.02
115437,11628.866
16111,6960.4043
109724,59358.734
13361,11145.096
75329,1142.417
9592,52203.71
63753,4523.284
102141,57429.117
21490,16498.01
120475,58082.61
131840,10682.76
31348,4956.3784
58672,10143.491
89034,67522.96
21150,4818.063
101879,52210.707
52942,27842.662
85352,78221.9
79119,28526.348
64294,55675.84
62436,119237.11
3038,899.761
93472,61285.06
126088,6233.5073
123467,16966.58
35247,202242.62
55861,34439.34
119973,51562.918
72551,53321.742
134151,15823.558
149263,7254.0093
32252,32355.105
10110,3879.0076
23769,155271.55
110179,52405.504
106757,25664.357
60262,23341.254
44909,184829.36
34706,11926.378
111815,4773.7305
41646,7657.703
106575,17310.951
52812,9175.611
56397,56667.406
138272,17031.867
43865,84361.59
122931,71486.26
88349,19051.457
82009,31199.783
99540,22435.568
31920,68838.2
24702,22912.707
141719,32799.99
138673,8219.633
34863,7847.603
33168,82262.88
70341,10990.223
90261,8018.0425
24507,5956.814
49788,10000.623
17214,61048.043
32059,69509.336
53153,54612.73
37911,116546.984
131298,997.3308
54966,46153.348
92425,24913.209
134625,16697.836
144814,14353.064
64479,19107.998
40278,57741.305
140792,5787.442
41306,5112.122
19741,53007.19
15576,1517.2509
11057,49868.426
113260,16517.734
63879,5365.57
51474,9680.8
128285,26329.027
92732,79075.375
90500,25810.129
100717,897.63367
115676,59447.867
142344,86835.6
115880,59659.06
16152,51315.793
50758,9668.505
8715,6967.1406
36657,110746.55
527,39022.97
98501,16973.648
86080,7412.4937
47250,13550.204
88413,20148.268
143284,5013.786
9462,54836.008
27985,19096.223
6510,78422.336
30623,39372.98
47655,95787.21
102536,3256.9966
13568,28467.541
492,30660.207
149192,5679.0767
72716,123068.234
124745,53227.15
5323,41404.832
82109,26125.133
84399,22803.244
36665,26161.727
6703,64586.17
109210,71658.016
62691,36712.9
14810,66669.305
4413,117923.12
109872,39687.387
90032,14597.772
136402,7303.025
34954,5517.208
88244,48845.895
126150,55495.55
20162,6169.2476
149169,19712.611
34964,42815.203
14712,23550.34
128840,9420.251
66148,17016.244
146786,23636.533
136248,36820.895
145158,17084.223
108155,23991.664
144882,29518.623
77086,10765.864
88824,50146.81
46309,114024.086
128515,2411.6934
19155,2897.4307
43367,12132.326
40236,17690.193
55600,6621.778
63919,119157.93
49432,693.3632
143096,12940.636
12730,37709.54
6643,8794.294
118100,59002.492
103534,22550.795
132734,14005.226
105220,170379.69
139812,37642.723
113777,23114.19
77392,76455.61
80150,12457.678
148239,8105.3896
125941,111176.87
109532,35092.64
92190,35697.707
6766,39005.38
83550,81607.586
61456,25576.43
4174,12879.437
31058,74489.734
50535,36491.152
127959,8793.506
31335,27847.293
84856,22494.686
62367,71562.555
49370,18258.43
148654,34493.793
116354,74715.23
97892,18529.588
137118,25212.613
33305,313434.53
94868,8641.264
63703,5734.4824
73434,6515.732
10461,6274.9043
44265,59461.32
91722,25047.932
34738,334301.9
99978,76868.74
120455,24282.016
94543,68051.69
23827,41397.47
64590,82778.21
62018,40562.54
17525,7457.8066
48975,7031.3013
135598,20311.473
148933,7373.0938
104531,86682.0
91652,102725.8
138247,21214.156
22930,9697.726
48326,80769.51
58632,10694.178
105264,13747.426
131792,30007.145
1214,16029.167
24253,2939.4028
24894,3465.8464
23593,18908.246
100247,10404.642
70739,17752.723
67642,208715.42
14892,26216.086
41320,8066.352
72038,146897.6
68068,36200.777
21734,12775.485
99101,11477.158
71732,6633.7485
69345,99764.43
86614,45184.395
89068,133259.06
106512,20087.146
132110,21932.691
7175,-993.1096
142215,11760.862
16771,750.2976
112373,11453.535
76371,72984.55
2435,7310.7266
132848,9592.308
144387,11643.591
10866,13929.372
100968,65936.74
33817,13684.891
2994,10294.59
75260,3688.9297
127625,17169.041
95835,15344.459
68479,22606.51
119041,3045.9868
126525,19576.291
28167,18366.502
18456,37466.98
147771,8738.685
141886,89796.33
84327,12706.011
15358,25503.771
111255,114005.87
24291,53011.96
28998,21746.99
73386,34548.344
23892,11141.669
90310,17537.748
126273,9535.013
122665,2840.406
126252,8947.829
130604,33801.69
106474,154045.97
115227,28686.514
66245,19410.506
42528,35098.277
39761,801.8333
49637,1624.9658
75426,27323.227
92281,42689.254
94581,67962.586
144600,8212.353
80305,67340.75
73433,7200.2744
104444,7943.7534
15202,85696.47
68821,15377.415
379,166959.34
142603,12570.857
3313,6219.8423
126769,5776.7275
136063,24935.217
44164,5637.7017
62713,18120.434
85310,14203.794
40960,54828.89
113272,3333.8757
114892,20003.604
27129,53373.78
23481,27835.596
19603,38640.29
78866,2320.6416
34801,25033.656
6814,39695.215
8904,12832.735
10093,78081.74
72698,30468.25
49708,34600.0
118283,149900.86
137593,148674.48
54491,27615.379
29882,14242.703
59889,26472.238
89867,64618.67
51160,109438.42
13062,165505.23
48892,12028.864
67873,3473.5535
95064,90143.7
34776,7710.1914
39199,27925.447
139470,6004.697
102819,21321.465
53844,16251.757
68393,194268.48
114754,11401.852
25143,28441.176
62125,7244.126
72254,6838.239
58990,8534.133
121083,41955.402
46385,134083.78
6045,21608.184
9362,59696.926
77569,23765.059
28338,1759.6313
48644,18080.943
140476,92984.43
131950,58789.637
74344,20338.781
21225,6208.899
86924,7235.582
64671,8059.9873
6842,38210.93
82996,58254.94
117937,5303.292
141970,5875.8574
70235,65441.797
133073,13785.955
99896,28659.225
10824,23524.25
131937,14684.594
64727,33976.02
65788,11613.269
95907,5066.9185
33043,11859.251
51739,23870.79
38528,146793.86
135555,49195.527
51270,25584.488
138106,18088.938
134776,9899.941
124005,111654.01
8112,32849.78
126903,82429.64
36257,4674.2915
5510,57914.11
32861,8764.016
95289,92470.59
27119,3654.684
29676,9088.658
146115,135413.83
102577,9094.072
88501,4144.001
53243,5289.8965
23825,14153.915
138161,81117.74
3403,5588.484
15037,57119.56
149393,17199.838
5300,36452.18
125937,8054.8384
36715,41279.99
135160,7157.7114
36759,6320.429
23251,21945.377
147500,24501.684
7470,13615.631
36379,116487.52
143317,17907.725
93554,6216.9253
79817,70975.7
39345,48309.94
58756,7876.5034
116174,256664.36
66678,8127.277
121820,41976.023
124377,16751.455
136721,52319.484
62998,-147.16663
6291,26060.377
31206,6313.3623
183,35316.953
86961,109881.305
80241,25427.373
122550,21668.803
105660,18605.232
104717,40364.43
38023,230884.64
92791,17082.973
78370,117500.484
145156,3898.0488
24585,33604.875
127848,51559.89
119235,5499.2617
48378,1557.5859
58933,33183.758
9480,102830.21
56193,58014.816
122006,11162.061
110662,153350.56
7181,76880.055
109792,149144.69
36654,10893.378
126931,100304.62
65593,90029.87
116950,7543.681
126707,57223.707
67480,15726.051
24461,35094.797
73985,68409.07
109810,130514.805
126368,1768.0123
109676,44526.3
111233,9452.888
12208,26446.271
28334,17642.172
30127,29986.732
107728,32792.7
435,531739.8
56157,111353.84
15738,5424.784
88559,54305.562
120342,10092.844
88087,4969.2505
4603,23831.354
139569,199938.08
41827,6001.9497
89756,8909.886
51310,49377.008
48597,32824.24
103305,7010.612
3334,27394.174
22074,39129.066
2733,10932.429
99396,10788.268
99987,38591.43
132910,42477.24
82110,24016.678
141725,46700.57
23699,8943.548
149208,16367.671
94862,51049.812
124309,6310.0464
102925,38417.152
139094,1462.4233
53347,18843.938
57816,28923.688
66170,111689.22
57366,30902.3
59911,53421.258
113764,1920.4758
55291,103188.836
3611,73213.875
137708,3101.6592
116336,9141.065
31848,14811.006
110467,18636.018
38780,46655.17
71475,4493.049
52760,20480.016
34068,21412.47
137520,127338.34
39994,81744.9
10680,66630.59
124553,22238.807
71173,28538.95
67229,19935.594
100664,8157.199
71989,27929.0
71179,91193.0
47661,19366.35
130660,9439.22
58116,21613.316
29944,65836.53
139954,2688.8406
90673,31296.66
76005,20478.629
2058,27614.521
48051,26548.02
108850,8719.8545
68784,42241.17
53005,3284.9265
17853,56862.535
6699,5953.688
62574,24535.941
89502,24501.957
144346,38885.086
102228,19435.986
105019,8222.8
86648,12661.767
109800,15512.442
114387,34999.215
21952,36183.785
88465,46089.22
21998,29237.3
65592,22758.174
87666,3725.4443
56422,10943.604
28923,12119.661
130051,7253.2876
132939,15784.29
25926,13306.883
64490,89742.33
38688,29075.264
62944,8052.9863
65110,19446.385
42963,1840.9348
79223,24837.594
24531,43959.312
46029,56707.977
56415,16626.447
22005,6653.2993
137240,8739.672
89635,22309.076
131752,24629.994
54269,12913.061
52721,44419.39
4380,80784.27
70835,15458.414
25643,46790.7
13449,12242.621
40704,7200.013
149562,1840.9348
139247,152214.55
87996,52444.21
374,48173.855
13924,2977.695
28948,11071.031
75803,41495.344
28160,72040.4
37363,4200.9053
119043,99008.51
24912,4498.167
88883,6093.8506
149494,5459.865
118296,27642.012
96142,80581.76
19462,27992.082
143206,11758.644
137290,14074.154
18615,55689.46
72406,40553.035
29487,9660.334
50501,57363.953
72763,27915.344
87879,9607.226
118506,74648.99
48150,52416.223
138911,2422.4204
65531,33747.74
118991,2721.0095
8193,38141.285
82431,8558.266
63469,30309.807
28124,18273.863
50158,7187.8643
47094,106436.41
57252,27852.357
28893,8445.955
80234,39021.605
106977,2380.627
15557,14191.166
109693,7493.02
25468,155876.36
62479,31124.344
109722,6163.36
68809,14170.947
128357,24730.025
36293,18607.326
55016,5918.1797
81781,7931.367
70164,6977.385
16672,23646.182
11449,9248.383
112419,63788.33
67270,56799.184
135739,8685.306
145587,58505.69
78515,80123.89
145827,131292.84
127961,7584.0737
109032,200223.39
97614,5289.8965
33392,28358.203
122234,37886.996
54876,50989.953
50392,9766.573
21873,8695.449
26040,26753.383
102043,2219.101
62341,104930.79
128260,53082.21
37373,95439.18
121368,18564.324
123049,84136.18
5116,4398.296
53992,21749.2
91556,15439.109
95265,4242.2437
55014,11602.226
109911,4088.1777
28804,12437.259
140437,2513.558
102973,51410.97
41998,26508.65
36093,11221.923
89661,32106.53
96521,7473.555
147438,17087.879
73757,11067.432
119000,5014.569
117906,40352.0
142666,42852.39
62362,26986.078
22853,12275.506
116395,5068.5767
12594,8191.61
94468,93851.88
122519,44855.035
110312,66246.914
10641,158927.2
53036,74090.695
60142,8662.893
71920,7190.995
78308,61244.508
36465,31304.07
50188,39886.016
107585,13383.28
70745,32982.88
101069,9848.236
18724,33780.746
19004,23919.494
29366,20032.213
145406,10540.702
20812,20540.527
111080,110380.17
120526,33254.617
52368,12838.65
42202,65867.086
61684,72405.56
9851,201408.47
92228,19277.604
40393,29119.94
4749,171025.23
143781,16729.777
86436,60223.67
104692,6026.512
118293,4448.2305
136374,8757.408
77676,41189.94
70459,10379.558
24302,69442.06
111206,49594.582
131439,19826.523
66580,68716.84
54476,135270.64
120214,13338.788
49714,6946.561
57882,61013.44
25222,5661.0425
99564,6927.8237
84259,14096.196
2775,17342.283
87757,16358.947
118053,32761.363
129052,9556.315
59630,150704.48
143405,8810.041
118140,42926.387
115697,13048.005
135146,35920.527
48712,4006.8557
137356,11102.633
88842,10044.057
56845,20860.387
65422,70848.664
55263,3416.9639
33154,27849.947
113949,14367.828
129667,10661.264
66625,7538.6924
116540,169358.02
31129,33272.926
71947,35108.477
126830,57443.02
77084,8837.273
89430,26187.441
134657,14700.021
44892,23427.646
57675,6178.5874
3218,9127.597
109578,25861.209
126351,19095.334
128909,2316.031
61561,57667.45
5750,6256.6924
67830,8054.0674
55142,27528.625
77257,82332.55
136385,1859.4971
56446,9738.828
142234,15641.537
23666,90507.55
103898,9999.592
46420,181277.44
34253,82610.92
101823,10090.987
34095,44243.85
49040,35507.633
145919,46275.668
141613,121182.445
84478,4285.9004
75994,32758.738
16189,33475.184
122940,107567.0
45902,13481.958
115833,56083.652
37923,125377.69
50975,6690.566
107806,10009.401
64543,41971.82
127836,42239.473
147894,4160.261
76413,6494.5264
82128,47298.46
49424,2038.2872
96395,18881.229
86969,132733.03
77449,7591.4946
92269,51140.688
28575,53093.785
91958,53232.203
114445,36988.96
145464,79976.734
105780,45762.34
37327,145590.45
23380,25359.848
133884,7953.8296
58725,5167.2744
119201,54773.02
132429,78747.04
142306,25122.705
16639,4125.679
93373,70415.914
45433,29700.797
74306,68864.99
43202,63027.336
144358,14361.797
52817,19335.828
90521,21647.66
8044,3136.779
95718,16548.566
118196,29056.291
45960,16371.35
38946,7074.9414
138257,2537.0703
58808,5466.1655
56210,77295.11
112048,69165.86
87860,33133.89
67073,24075.443
36760,15333.733
72384,14459.872
17026,46237.055
74412,54813.812
22522,43070.605
61436,19127.295
129972,82289.92
114397,29063.889
42991,4736.1094
69038,14016.633
38934,12645.106
40418,8553.089
136004,83010.29
65300,82682.81
136319,8287.625
115086,22307.04
133892,166050.61
82740,5801.7886
116566,13760.2295
125119,11136.3955
59809,226950.66
62188,11748.197
60659,87834.95
128009,15710.0
38289,41555.867
4139,33144.793
74310,31834.738
75012,7637.4736
78682,4386.404
85155,12195.388
136069,78013.86
2217,6632.938
116005,3266.0288
124672,11783.974
84898,9982.16
11839,10799.815
75045,11016.813
133357,72793.49
42181,111264.09
17954,26170.84
76189,38307.184
18220,10735.084
44614,55185.0
103490,37785.39
123021,3736.5823
34470,40336.16
92559,14705.15
10880,111042.04
75065,17708.059
7043,20409.656
105724,71559.76
5902,13702.767
149340,10171.658
36346,65063.52
75611,6901.5957
88331,18743.744
85628,26580.568
126091,49582.21
44298,48759.004
9324,88324.1
123164,4637.4497
17490,12531.965
35229,3835.2837
139168,24952.69
87193,17946.342
100997,4934.6313
48510,9065.323
92296,19893.258
19976,7978.3076
79808,71640.234
20668,100797.84
57374,47406.363
119461,7144.57
106086,13502.408
139862,6521.694
139317,100162.69
84387,27416.662
66664,85355.266
128513,47016.734
137441,11079.211
75071,114233.43
149371,12870.478
58007,4347.619
118223,55944.715
12340,240421.02
142253,39189.08
137415,9533.633
47962,16916.076
898,21536.244
149187,3380.6824
31237,9335.345
33752,4458.267
112398,43721.69
110834,36897.95
16983,62251.66
2611,19568.477
92869,20473.29
124187,515198.28
37022,11505.241
16936,13326.155
504,43623.133
96654,16156.311
13580,21030.764
71358,9138.866
445,28007.053
23302,83904.53
110027,82491.16
126696,42367.57
117321,10966.435
117168,8800.22
121451,393330.84
147588,57587.094
70974,98764.125
83925,10874.083
148512,7993.4805
15210,27488.01
8035,30874.135
146295,26854.234
29458,4606.4175
14293,61155.27
120515,2338.7588
135061,16293.853
74943,7832.117
59725,43354.13
60643,40516.938
54938,78140.2
2432,134598.08
147049,17636.715
84849,9043.216
125445,19769.469
17295,2671.8047
101225,37758.7
44468,12557.084
32064,96888.39
100812,37582.21
90141,7462.081
20139,3800.4556
1401,95141.44
88860,41668.547
119541,6631.442
92217,9960.152
78613,125424.24
116796,10947.808
65797,10057.744
1976,37100.324
52398,7390.2456
20157,65572.45
78642,86849.78
33012,115437.6
90527,17790.229
86561,20139.064
84801,9386.801
115045,47871.098
114991,63098.875
129220,56386.812
20830,69251.17
149420,18138.744
87235,13036.836
110064,52758.17
42614,10522.806
69131,91433.32
88762,12472.5
65809,18228.951
30498,55101.305
83999,8222.8
112060,27406.771
128828,115989.76
148701,23464.482
65407,6542.0264
71427,91840.016
137545,43814.652
1371,9626.815
92374,94393.73
73910,182899.33
69918,20609.178
112344,105748.73
50607,58892.406
116015,32484.773
6702,19793.49
3054,13734.659
17134,20159.553
125952,14266.27
20833,10774.967
103604,6310.807
101198,16574.32
137414,42578.55
78265,6500.066
33413,2170.997
126897,20860.523
18605,5270.3477
29504,64273.168
18982,2058.3215
44778,16231.172
70805,9532.044
79032,2957.3174
15599,55149.934
134916,48249.613
33744,7965.6772
97471,34575.73
127984,14501.411
128926,58785.402
99125,1590.4641
140748,135941.5
63379,16976.738
101451,6786.4023
14551,10537.037
47450,97530.445
11485,79913.125
55321,63374.64
81531,9926.8955
63300,205308.77
71852,18947.744
23044,113550.625
89375,8205.867
50301,13104.164
34858,135293.97
71461,66182.82
119488,4671.891
139712,7197.131
143049,21835.664
1860,73724.97
123757,25388.014
87603,13459.471
38099,11248.991
71436,145968.67
131586,29238.818
85331,54001.03
19016,39927.84
145502,37965.88
76608,33359.31
59147,2817.9202
70112,53721.383
52341,19280.219
36421,12922.813
14511,16798.225
123061,24869.48
116996,99019.74
93485,153515.42
118893,22577.879
64703,66920.72
103367,37828.215
147441,20159.537
83494,121903.086
108799,2556.4226
144208,6571.5713
10815,8155.731
127542,91083.31
125239,41134.566
71212,5018.0796
47011,5095.2773
98861,7926.425
42534,13588.458
36741,86477.51
67705,37433.867
111009,41106.688
107503,24436.088
19990,88477.734
90100,38350.94
7865,16625.96
114486,191415.38
76843,4780.2207
132629,117283.59
147460,7784.2427
98133,7270.498
121021,24888.63
19938,41053.215
110586,14998.775
17011,30620.652
48660,30444.547
92257,13280.445
23515,6556.705
26439,15032.448
14811,7064.0786
75531,6375.206
57046,3461.5557
107562,32959.504
119281,6123.11
100418,70884.62
116772,4182.411
32140,136107.22
45214,40290.242
49402,60487.582
54165,14070.949
141891,13931.569
36867,20853.957
92340,70868.26
48911,79925.125
19175,18580.117
144381,6562.429
9829,25361.111
30519,5638.1294
50996,7058.617
35355,-2314.0789
50045,10214.473
117036,3768.1018
39295,30061.584
13122,50665.918
41197,71305.414
26207,24346.902
125690,23373.688
89823,18480.938
115892,39180.777
59595,4781.3154
124168,72173.016
50702,67651.13
92504,28020.432
10372,32716.531
59702,11103.554
49630,41113.805
138421,6210.637
130494,5001.3623
87024,22009.072
96516,143588.03
30064,18129.97
53270,14268.849
143659,23954.56
59059,65767.49
13038,12906.042
33504,6747.6216
82018,30105.22
20591,4146.8086
46498,23596.846
86830,70980.22
93725,9442.889
73862,70249.53
86180,105715.48
2420,6496.184
136482,23831.668
108461,7682.343
2956,6324.1904
18883,28698.172
102023,4199.0405
4789,46965.48
107402,44610.09
20002,22601.459
106875,21876.041
132616,151469.84
8773,117704.68
88026,26780.725
62162,3445.956
6270,13260.12
30518,13425.046
95754,4667.2
100091,21015.912
70193,18413.896
38410,8402.959
75378,5391.5425
107646,7427.2905
22631,89626.08
94417,1895.6334
143965,13825.582
93889,35295.387
86489,7794.095
144986,15543.724
6561,30087.541
113724,24746.924
61091,1862.5652
54518,14168.772
103496,3484.7786
126702,8967.8125
90924,49059.53
11834,2726.5588
40314,62089.754
29877,43277.418
116926,154259.4
12762,19185.459
40979,19918.54
73860,2306.8179
36747,17916.34
127,89947.69
4520,90752.9
82056,122665.586
108571,3258.6445
13368,109689.016
78067,1305.0707
140922,9570.538
23404,5491.349
78264,10318.78
2546,9771.413
41061,56375.492
123151,34952.71
141256,32739.865
49403,109660.37
135691,14115.111
106775,13250.051
31385,12716.692
70646,84709.79
77533,7110.7827
120174,23777.436
60473,4182.92
60384,8968.574
90272,8045.241
121695,15233.865
30615,24930.688
121790,33594.527
92799,2994.8367
113642,106104.43
106664,17334.607
71391,40402.766
63980,19504.342
111317,84229.195
50457,14597.509
40360,23039.383
79240,61492.824
79697,195941.64
144679,73692.34
42059,196797.81
27764,70832.57
58570,13739.137
16137,441364.84
85962,38879.836
47656,38075.957
12873,248125.73
117733,3130.5735
15574,22900.479
55176,36951.395
144966,45336.227
64638,7282.2383
106264,171520.9
52046,66452.52
45495,3370.657
128950,140523.73
98573,86749.39
14554,99485.97
39270,60675.117
73237,17759.943
99713,67970.15
75013,5209.4966
108354,310460.84
122659,30864.188
60809,3952.5532
114272,60175.99
127989,724.0272
149806,5117.09
27801,51711.633
10353,8474.592
76175,109343.88
48688,14655.044
97888,135603.36
22257,51366.098
128458,50585.066
143671,38824.58
17901,14271.45
89920,39320.016
36082,6304.0347
57737,5718.7646
47066,6535.2915
62599,29550.637
34959,106077.41
29002,7498.819
70624,6641.688
37983,2569.5781
40369,42722.434
53256,2502.215
96460,9015.225
80578,35107.42
72099,4075.0679
124795,34881.375
100792,5533.1885
109129,16402.262
11529,10119.572
82789,27629.953
90019,84017.64
135552,20684.031
21007,65506.79
135746,30778.47
148563,74923.266
137747,31506.668
35398,18017.674
326,17105.9
58045,85625.055
18743,12812.937
44394,3390.0967
124395,7159.973
104399,1179.4772
146382,43011.26
65658,908.87836
127681,13519.355
86860,20359.504
148697,10655.671
137020,13773.768
68978,18205.904
40920,109630.62
43782,4883.9253
135728,20078.953
110863,5157.7095
17175,83423.58
97726,41629.56
81025,28572.402
74829,27459.172
63621,115296.89
16566,16683.436
102122,60001.195
41730,21379.96
52419,32521.58
62421,69230.625
41472,70902.055
78998,16595.148
28836,16832.996
146428,123026.73
8609,58315.082
107107,5992.866
102076,33672.332
8187,14505.701
23548,15854.773
83530,61557.25
45116,7851.414
96885,21045.426
58294,11776.528
148261,17338.936
35916,124614.09
77994,5802.827
65622,25745.594
78163,14609.742
11992,20744.096
109965,30124.469
147396,326145.25
51314,8475.029
235,88433.22
12284,106679.25
79679,15782.569
86623,9885.462
121404,84523.51
53096,59029.117
99778,3445.891
77550,318.43814
54327,8330.905
132480,69720.57
12562,46984.56
139744,73281.336
140747,10352.909
36828,507603.3
7570,84724.73
120934,10623.191
141735,35090.3
32008,28976.213
107507,35798.547
133505,3518.56
3808,23545.871
91487,22565.98
120938,31826.172
23897,93125.17
45560,150992.75
106272,16564.018
5985,3435.3726
133175,2099.645
144839,2203.7937
21097,5745.1157
12856,27983.578
102068,21233.898
32206,3578.4731
105917,3915.114
64915,66782.91
15934,3614.157
62838,153071.4
87158,10731.354
132897,5360.075
33736,88757.34
46060,22796.725
105416,11601.882
45848,69436.86
67222,44678.26
41553,8209.803
24913,25173.176
13226,9042.702
15813,164175.98
73232,3322.5784
53945,11944.9375
117653,7030.7397
89357,38735.31
136258,27495.643
136188,38486.258
8334,10174.467
65528,168474.84
97640,49492.54
137112,8066.649
14863,37386.375
139556,7828.0283
135265,10677.919
27566,22259.537
89158,11864.09
16118,38977.355
45327,81351.3
137803,22467.268
94663,16650.068
65876,40684.3
92634,21906.906
46679,15812.529
126536,25325.797
115315,80784.21
5986,9589.038
95414,27865.686
86761,30237.121
121070,4680.902
8909,40370.03
55664,17910.219
60772,13431.775
31311,46393.547
96985,8072.0996
71024,156971.58
98332,106221.96
4511,47287.047
86934,96006.07
101173,13930.09
86465,15948.793
40246,139910.73
141833,23003.047
29497,11680.306
54471,19288.855
149391,32272.229
142166,7266.517
144029,8010.8125
139723,41013.465
88245,20716.273
149081,49240.3
137104,49018.47
127771,24287.01
129335,7062.093
110620,78055.11
78870,75613.5
45954,44322.32
68937,20516.121
87711,23116.092
45883,30824.258
58157,188645.45
111611,7409.705
21434,3304.7979
229,21484.49
3916,122574.414
106928,8827.003
121295,18102.668
112947,3563.38
127213,6843.529
59925,12276.085
89950,111361.7
141155,19865.602
44427,24334.797
145201,39082.367
72467,15087.933
6353,17897.6
9952,46885.125
113038,75838.234
113544,12493.34
5234,31473.373
54176,90350.125
105964,5297.048
126192,13244.29
144454,34008.902
27620,15751.833
146039,16628.574
74976,5196.213
90967,32955.1
58899,7946.7334
48329,8411.71
93651,11555.61
100300,3063.504
112539,14876.858
125414,51981.492
34977,2328.7832
35468,28962.932
62452,19604.691
144979,17747.426
134025,167422.83
74917,59014.7
135210,49223.94
61723,5124.2197
40975,7159.355
110009,28996.018
53728,43688.227
88330,11174.277
145325,22424.656
127586,164517.67
80909,20172.936
117239,55647.66
35526,49308.086
145064,69967.09
110194,7789.9453
125657,3249.4531
147118,33663.77
140376,19423.025
134785,35545.508
94378,1162.5682
29514,9484.086
33897,60514.906
42133,7450.255
461,9928.385
27924,151118.23
4968,24279.193
128286,144287.66
68582,40667.582
73463,128841.72
74569,183542.77
19630,18445.547
19602,33589.062
135020,10679.597
106748,4331.4346
141476,75843.33
19061,269072.34
105969,5704.2637
37596,90115.87
87154,20397.78
88753,33749.69
95452,5183.9424
81490,8583.989
89833,15735.463
110818,83770.734
140540,141989.14
98176,35171.58
90065,58873.188
75746,67732.16
27227,77812.875
9628,10142.82
100157,23467.982
62485,7409.668
38608,27676.621
29794,16171.483
100468,112125.42
83271,62097.117
93866,2811.564
113011,29051.428
18757,2949.0764
6104,13517.394
14473,9783.772
73593,7387.3213
79693,12623.9
36857,17125.861
133744,72596.445
71648,37684.258
64017,18790.79
3555,27235.967
3239,8987.152
45109,53760.61
76838,26994.012
75055,42699.4
23847,81048.69
106868,3629.7986
144211,30542.918
80866,76125.87
71420,21054.771
28843,16591.777
72007,93026.77
116852,2909.2434
84859,15230.201
64230,45743.01
121953,69813.53
105849,6500.6226
135414,20759.521
94040,194398.28
73367,6635.4746
72909,455265.56
75167,14709.001
39097,84899.87
132723,7748.3057
24464,35065.375
104743,3251.2156
75866,67369.164
54982,38860.043
86537,26642.3
57937,7763.2334
101085,11167.46
12090,49673.418
58013,31372.559
21509,5398.4863
72338,36683.66
75597,18029.238
81921,31816.273
55905,113661.4
22642,9563.027
29202,24211.346
106323,11547.55
5808,119804.91
79151,153423.88
20957,9042.362
54397,8367.047
93948,12778.511
42388,42720.25
121986,64193.27
144811,27261.94
76038,6998.14
29503,63276.39
105290,24725.918
67115,40698.95
59582,7481.577
23294,40124.426
86312,10812.52
80394,50791.625
80310,28350.125
122857,14095.31
85567,230809.83
4751,13154.471
96684,16274.499
45816,462.31067
23846,10556.4
57580,14564.339
95849,1047.8997
29486,42973.363
120131,2258.4893
128576,6386.624
74769,16691.36
104539,41339.758
19028,11930.377
35873,12399.325
106271,4045.3774
21988,56553.336
91699,107421.29
38428,3762.7644
79040,48175.31
42413,22995.816
16502,61388.17
103619,110313.21
87736,32105.293
79401,11007.247
124092,34493.508
21724,56265.414
27860,11034.576
118332,6965.8823
8178,7363.8623
135407,10602.494
139420,141679.75
120498,255996.81
59346,2748.729
33079,41.05592
99122,148348.5
85457,129140.836
107978,39376.496
20404,29248.877
12756,4505.246
102192,7901.7334
115446,9048.826
122009,82575.88
127414,68604.02
65885,20526.91
100064,50547.92
16002,57227.984
103446,6168.1807
63365,46820.332
41634,31002.365
7887,68847.15
60053,9030.802
4828,30727.996
29908,5291.061
33767,46889.48
23652,23666.023
122106,8980.76
104313,24903.805
110260,34673.387
27980,12517.411
66137,94530.625
72607,25562.666
59150,27159.158
21080,2398.216
27394,41173.92
136300,7155.8726
145381,67852.164
54253,8830.202
129924,92106.96
26803,3997.463
57836,5532.4053
74979,67214.71
53047,25759.188
4278,11206.295
131158,70109.945
101433,3277.4463
28838,15026.008
129090,18681.402
85496,8525.671
37,41139.266
103001,10587.791
136889,1509.6012
24946,71560.59
21938,6761.134
25837,21111.205
122050,41228.01
75369,5741.848
29554,3461.1772
18196,8773.846
120822,12515.398
40147,8363.66
120970,15092.218
30038,64358.965
1587,39719.004
147238,14739.347
84077,72430.01
55298,13537.005
65891,8121.6323
36504,43503.047
61201,23739.701
93946,6733.2573
130965,19686.064
18829,41947.508
19001,62080.938
26910,32151.967
21450,5046.6807
35794,19853.982
77830,17122.244
66174,8716.457
16116,10894.723
40054,23173.701
18617,68572.83
115155,2891.7942
44809,4939.246
56427,6854.814
58612,93810.07
92469,129343.42
56183,8579.278
43659,16353.976
8314,6923.642
108441,14209.087
14118,5311.759
68043,429992.84
92152,40512.066
8260,757.78485
124184,108874.35
103087,12692.267
49595,87774.68
842,97308.34
45811,6493.5684
134021,64523.25
115906,260621.16
132647,1269.1589
25341,11415.553
105243,19444.627
123870,147130.28
49522,22081.555
38488,26357.896
37472,50412.473
130298,86845.01
75694,12396.488
127535,30202.455
1422,20269.781
15381,32750.148
98052,18167.52
72251,8280.781
27613,5216.676
67968,100765.32
33573,25552.633
145870,60689.97
124096,3888.5085
78152,76072.97
79221,18291.996
106599,26723.094
16270,11633.989
1277,125450.7
133229,2965.9346
280,48625.473
43024,11043.691
98940,29942.03
106592,48383.848
36174,25479.346
112130,28741.586
137030,21106.113
74470,9267.67
10890,34775.6
56335,10619.462
118879,40532.46
97383,22307.102
70422,21464.832
20416,3827.0645
15569,17286.977
53085,25073.871
40618,15987.259
146052,14462.95
5798,53386.367
147936,23611.012
88854,7488.7783
103150,8528.637
37588,37111.098
18897,10044.42
25810,56680.01
13093,5589.6704
64583,52192.754
75421,18639.406
74929,21127.852
57468,75148.16
64639,11550.238
51720,8769.97
69969,58790.43
48681,261602.86
141184,204221.4
12908,90941.125
72566,85104.25
111807,41956.375
44078,6860.873
68932,10948.329
75352,66254.33
33877,7072.693
76532,45435.69
143161,183588.39
42197,130551.875
64343,41575.445
143193,88521.13
63012,5887.225
19483,35154.445
106587,1830.1545
77496,33453.832
55798,8210.969
139078,14232.538
140882,19039.174
146598,1786.8809
119352,117813.87
101820,11879.404
114973,3088.2805
57401,13427.018
47986,6210.199
128990,42515.457
43609,101298.43
29723,95111.79
37530,32770.723
5836,28994.072
67295,206094.0
42012,5963.285
15682,12285.692
67008,8590.441
11039,5554.5464
75700,11884.185
74063,20178.08
63107,244874.23
47878,18730.686
36986,44015.84
49649,41039.07
18313,17604.482
105451,91810.08
71319,14518.713
65494,22573.803
114990,62207.26
2313,76075.305
50282,5448.2188
91948,34859.66
31631,4066.8467
133683,32506.807
31394,25854.19
16977,25970.447
144904,44890.785
22029,26934.645
92940,36187.78
138062,20264.73
62966,1746.5819
93047,6888.321
84038,13576.657
81318,19043.459
5580,43184.312
143338,11080.902
40627,33109.97
65280,27787.4
6398,58038.97
71630,6048.824
124170,26539.438
58781,39086.047
52270,18191.94
112792,59131.055
56776,3175.5205
22582,69940.27
142462,11882.894
20936,20361.238
55091,8614.491
20449,26414.72
30033,7850.4424
94347,2399.6643
129957,10380.161
119125,14554.634
71667,9424.678
24448,1553.2054
15950,3664.423
30680,22778.842
75060,16781.592
125302,40441.473
5264,2306.1387
97794,36569.82
52990,113818.66
32113,13054.808
79615,43468.027
134947,7524.8564
12274,5386.5073
99356,63633.81
106746,78746.67
41217,57567.906
78315,33483.84
30768,4276.676
14736,127427.16
1620,5825.6885
32171,94527.5
79501,6738.352
20401,17860.328
18065,5616.097
31070,37283.28
146557,49418.45
106904,14154.9375
121074,252241.8
82240,150120.61
95593,164653.95
119141,4793.2095
26182,2605.0981
78925,1880.0143
128657,43491.883
119865,11317.195
85661,17328.77
81426,5533.1885
149764,14101.773
132388,27031.738
76902,7013.3237
63367,3610.9333
50244,25587.713
70492,12342.851
48381,37234.617
85717,34958.484
1179,87456.79
144808,15092.201
89478,16374.342
55578,3325.173
123955,129524.33
98374,23904.23
80514,90594.97
140452,23885.393
117176,45227.844
30486,24062.463
66941,36997.684
102462,7356.8965
108489,59728.156
59372,3097.655
136219,89869.266
32332,4578.718
29274,39720.977
104100,15636.729
28818,14178.54
75223,1972.8883
118046,96603.38
134312,35398.59
121378,12650.769
37601,27334.342
103263,22779.299
10591,262082.92
120879,65606.055
43129,36754.117
41679,7734.35
765,3441.5852
136994,4781.3154
60973,128018.086
47713,137095.66
148847,4109.0493
124160,170060.11
8006,16721.879
59395,25549.701
51937,9838.566
52500,2234.484
139071,12339.977
63933,95035.99
101783,16819.709
130629,82710.48
139830,2832.0088
148383,47577.727
3692,9536.199
69185,25680.193
120236,66052.445
49621,54664.87
103410,73507.79
69866,16954.809
142642,49125.223
97482,49883.867
84130,385557.2
97160,90826.25
117532,16158.368
6852,10548.167
86030,26146.383
88582,20182.39
42618,68435.516
124245,57737.863
123731,8226.7705
70283,178801.9
113675,48665.117
61867,37995.45
137702,38805.59
107392,7351.5205
27012,8073.3105
10481,35885.766
55041,3086.2817
43428,20630.512
73418,10712.012
141039,8713.316
121682,19720.85
54507,41330.254
18331,7731.084
17262,116020.19
68264,3028.4841
45141,69596.96
35209,9057.934
64861,4588.7817
32480,52163.04
20969,6877.342
145142,12401.049
70017,11340.914
132198,8292.374
111266,37428.39
41713,3735.84
116103,5156.597
110344,27284.014
415,38567.23
20211,37421.96
20044,25572.752
20024,7300.804
36187,6603.7637
70702,49824.03
8574,37328.54
40854,147440.0
20322,10763.537
63132,100891.46
95214,95922.945
46356,25276.76
146988,18457.875
25790,11929.042
99402,15806.881
48240,4442.5356
52854,2540.683
131659,25254.02
105078,94703.25
41151,10552.397
109286,119991.484
85684,30123.5
59485,73430.83
87830,15972.375
17370,9739.639
24012,71107.66
25586,1097.251
147572,27193.92
800,75116.7
143,8883.932
29143,173772.44
112037,15421.351
76836,9218.645
135934,2522.906
110769,15184.775
29157,780.90857
13273,74642.7
65597,207966.56
74794,15627.778
108319,3282.4216
124811,11253.635
44682,240512.03
95044,57722.1
104779,5037.377
122574,6254.9414
115509,6710.3867
21624,17161.62
48836,1678.9813
14726,91687.195
139587,57677.59
18750,21917.328
83702,18247.09
44863,14918.536
8523,25270.54
144941,3339.3948
135658,9570.147
7620,2897.5618
87061,100829.97
15347,78383.44
112187,8374.531
91002,52414.555
123529,146579.95
56495,233887.69
133534,20627.57
15760,21560.97
98250,40538.555
145189,9947.833
31047,21857.043
96419,58258.586
129076,20096.402
52206,5965.2354
128946,33382.887
107224,165075.39
233,90131.74
127379,12843.119
44581,42718.652
4055,155776.36
23828,160982.1
96878,49869.844
38321,6910.6055
104876,17043.5
17935,71687.93
1625,1564.076
147864,1840.6125
56453,43895.37
121536,10172.81
143800,26212.115
51366,48951.93
107937,131320.39
23850,36043.67
124374,9806.845
55546,4837.106
32040,4416.7656
82545,46590.348
18136,3290.5566
143906,38792.258
143275,11257.028
11993,6612.1323
2970,38395.09
21274,8826.094
129315,22539.441
28027,12828.509
37005,7868.1006
82731,50878.875
143885,67124.43
135161,22545.1
65580,14166.877
127869,59093.19
40275,14110.767
126394,86939.086
68798,188750.98
14206,103154.516
147937,14215.189
89710,33220.273
38955,10846.734
111533,9138.866
99732,45896.96
59098,22956.916
51170,25335.596
139591,65773.98
139813,22549.457
36101,1946.1122
71106,25265.28
25776,105264.74
1314,23373.688
15507,176721.31
78090,33411.844
49979,16260.582
97607,26459.227
3613,69889.52
97167,8322.341
55616,42758.324
10479,26068.104
36800,72034.766
49863,5698.8833
94129,122110.32
68172,45833.19
60472,5272.0303
3584,2608.7134
35135,7234.61
66462,2490.3376
130894,14731.03
124508,31276.234
130818,13694.802
19701,52074.297
68681,56377.15
95829,175054.95
53110,26469.355
94977,147036.39
21629,3646.1445
70973,124876.78
38846,68590.375
89955,6720.5728
26660,30167.566
98950,7754.3447
137086,7121.2646
21997,66965.57
40615,3912.9543
117406,41572.867
83207,95062.55
145125,15109.965
4822,16883.926
81345,88624.016
85579,4876.9375
79298,10749.941
108519,32301.201
134568,77081.11
52678,60538.477
39,50357.875
141837,31800.373
96422,3099.1816
110227,54266.254
78947,30598.982
28325,20216.111
124741,5064.244
75440,6425.081
94568,49338.883
127407,17192.379
141885,49276.336
37649,70292.8
85183,46009.016
12739,32414.238
65532,54827.684
31749,80537.32
55998,77989.79
17679,10002.427
70600,104499.516
26682,11603.333
133463,80877.42
51927,22578.652
77641,118964.695
73130,25832.287
38912,25083.049
48082,11020.5205
33909,9861.642
3761,44354.676
46906,2991.345
75625,66385.18
147034,40401.043
131432,52791.793
7082,11322.455
20151,12286.055
6883,28924.732
21170,26656.414
101542,24862.273
75832,94470.75
39502,2785.9312
136175,23537.58
6967,96022.055
65901,70680.73
17067,33028.84
77843,39423.805
44292,70491.68
142352,8077.222
74627,54519.88
24847,9156.992
103357,4859.156
118378,116362.78
88775,12718.833
119887,57546.832
82098,15549.919
113734,103603.62
67677,25429.63
45413,7557.9014
26926,128849.87
94435,45453.12
49252,11339.54
48914,157235.52
3499,35773.715
107902,126343.13
13046,24873.93
116542,39926.656
48495,78101.85
132884,36301.727
94506,430949.53
105518,76234.125
91115,6478.636
119852,1771.1716
76490,4161.833
75498,3306.6438
19783,4127.6597
1805,18043.123
31238,48049.66
64530,25088.693
131877,10944.315
105236,51156.94
32436,60248.7
121664,30988.762
135106,128951.67
88967,8519.334
121333,27072.738
21893,1741.8661
128105,17963.156
91872,14463.994
62956,4530.9985
46578,7679.991
74001,39408.5
144177,52145.11
95106,228594.89
43840,14359.543
98289,39732.81
113825,23168.086
59119,35235.3
50411,16980.363
124768,3885.3713
56313,12306.911
94863,13488.707
139412,32432.664
41632,23226.11
101305,13806.732
36832,31911.232
27727,66809.914
132702,7721.9814
76730,10132.601
60425,37574.29
78035,5862.5444
100328,32353.727
13589,5934.6265
149799,115520.89
62268,50168.188
73742,16454.264
131928,1096.4233
64199,58004.5
75199,70441.11
78942,35176.332
107240,65766.336
5287,6414.2393
27667,19647.271
136561,74330.336
56195,19918.96
137668,77171.83
104451,106845.02
97745,18285.373
126960,7481.126
91995,38964.453
104400,3119.4602
61922,1065.3463
8171,108864.5
89112,9166.391
59334,40294.902
43531,8977.728
102275,11078.616
103717,5368.2676
100131,116023.34
23440,31239.846
94814,7452.9854
109687,7162.3784
144982,30236.584
44304,8374.333
115673,24955.842
117579,16731.338
53168,14511.66
72009,13546.765
55625,3961.591
75934,2557.4438
23778,163741.52
60092,15985.909
120212,26705.395
80597,75289.09
37283,200994.3
115829,14564.025
84718,6294.718
93645,107307.586
148274,7562.8994
88479,12109.112
85857,19684.04
96215,13325.616
109400,144659.89
136632,45561.504
16385,139333.47
95534,27369.562
20955,42672.34
112147,39456.992
124034,42524.023
98115,9987.861
86640,131636.67
112196,6115.121
117115,14759.38
72457,5282.72
145612,15313.876
6021,20075.91
46476,21257.656
6905,102567.734
71731,38871.24
40524,272676.25
17789,4669.2524
48322,227468.94
90165,57048.426
75054,3110.899
80392,75474.96
139800,18516.414
135564,36646.957
66701,24516.367
132438,15009.762
143164,55506.215
20573,21992.178
143149,55115.215
84482,14488.131
113108,83623.94
20033,1440.7927
12618,11636.828
24045,9624.374
52333,19874.46
743,6485.1963
146247,8851.76
74809,23041.574
231,7712.2827
20375,9220.473
61812,43840.86
123860,2285.2014
38414,34375.312
9347,40779.363
14563,46583.117
85399,16300.387
4773,21246.719
71153,27070.361
91110,7873.172
35411,96672.26
128152,50001.984
92360,20695.92
15418,27331.375
85966,17926.715
31635,27604.457
1600,6712.6914
53860,2693.7825
13842,41738.88
128595,47940.883
15824,17475.35
116763,3301.1094
33698,72940.3
64899,16683.14
74612,19260.643
28475,3277.778
43351,12707.974
65333,86841.414
117252,25162.402
141216,29729.936
126605,31571.969
60932,53215.156
53257,45866.32
81043,2910.954
122789,52860.02
65428,90891.36
56958,49167.19
21964,20436.316
70385,9491.739
114331,5885.444
134265,9605.149
47149,134792.42
23450,10486.19
470,17338.94
116164,35807.723
78347,838.5747
67370,69476.06
106057,37722.76
21983,39401.684
13885,98094.1
68164,16287.851
38080,37974.81
102270,13032.794
122488,11619.415
100367,4258.7656
46822,24911.855
110926,25346.246
46517,47347.723
49653,14129.028
43822,27080.38
145284,35630.895
119622,6699.7163
145686,88992.38
72395,20281.15
89706,75535.55
18454,24129.04
27590,6911.8047
116383,15389.448
38434,16404.387
101804,15357.631
143775,165693.05
115206,13055.042
60269,1948.4896
71998,39901.027
48357,43729.926
56702,5005.194
54067,57939.42
128332,68912.8
96773,75255.83
60154,22073.482
39398,2187.039
108811,34587.773
43588,2079.0442
55839,26545.016
144802,7295.454
42616,13911.309
97853,36813.645
116673,27804.436
27817,25965.703
129802,437864.1
147454,2883.6936
87065,60350.06
112801,8182.3555
45033,12548.095
69985,28570.184
55342,8576.466
95440,23600.648
120023,1457.674
52926,11478.339
4966,159631.19
43330,6256.2744
73813,15449.543
73898,58449.387
128006,19273.281
2983,4122.923
78431,3338.6646
17669,11716.81
28674,224115.42
33488,35113.176
12097,13993.859
74926,23694.254
123991,2345.5942
81739,25480.307
98890,52488.535
137045,66220.625
29115,9085.066
115451,105011.71
92018,10791.442
20142,10006.28
140904,24189.068
143299,38507.066
25708,1840.6082
95361,18663.096
23915,13498.594
119382,129877.22
4594,5472.685
94005,19936.17
91364,1504.7637
108858,29384.148
148368,2809.7468
6372,13399.774
50776,10288.927
80679,8898.304
149015,43603.297
52541,21132.602
117053,10881.427
8042,109875.51
140757,12811.361
58931,126392.766
120821,4440.0156
60669,8538.68
24931,4231.5464
100894,12323.078
49574,2552.559
23993,18422.197
126182,112842.21
23743,1861.1917
18167,32139.252
3583,30348.018
33270,130830.055
109954,65027.18
60588,10937.431
124723,54029.355
101465,7844.6553
138132,6715.7617
100075,2843.708
130731,96899.89
143647,8612.199
11731,26121.71
103153,10611.232
146892,16334.074
9501,110497.05
104888,21479.629
55209,28632.418
26857,77535.71
122607,55062.848
74280,20378.953
132075,1970.428
4280,8911.154
130497,52811.977
22875,88766.81
18111,64118.066
128803,11600.416
47321,108537.01
131480,137972.02
115556,111602.48
107810,5222.2417
8249,6590.1255
19530,1975.201
117459,4415.5596
137832,57114.996
4138,55098.664
141468,19518.941
128874,73629.87
140054,3456.0735
124138,36866.49
48286,-310.1674
115481,108166.57
14240,25193.662
123709,3091.138
67467,21857.977
131444,22450.703
101827,21238.89
1850,11786.136
62472,69878.32
75,46247.43
135198,6702.5083
10344,10682.587
113943,6803.425
79702,3410.476
64516,50896.227
59537,18857.227
34604,36902.375
47474,4212.9863
33881,12273.8955
113778,6622.538
1780,144363.67
81726,29558.438
76050,83085.42
125067,4633.26
76642,21201.96
101780,28239.52
112512,49872.617
87459,170724.75
113671,27044.16
100600,56795.91
111034,34637.88
40381,56716.63
10364,123543.97
121846,6295.095
45482,165638.44
98540,12811.994
1204,4277.6904
117522,8818.451
98742,7790.2085
34534,89302.5
71753,22407.262
67528,60351.4
81942,26935.168
118431,34254.32
72227,329606.0
145857,7091.9033
20785,9535.317
13734,6675.5566
6370,7836.2656
44398,155594.08
134765,100821.555
86863,36326.453
36299,4925.0703
93196,11515.309
142081,27515.725
91681,65052.453
69170,16049.213
13133,12922.147
44380,5200.962
144362,66138.27
20172,95044.93
30084,42350.863
137148,52014.875
97096,14877.042
149933,26055.637
104162,7321.7
126458,75002.86
136046,3906.9556
95949,87964.836
80319,13382.412
90934,5568.014
58518,21192.59
130459,12662.527
80998,10692.12
77681,69089.99
61755,8337.494
101895,9301.463
60044,27469.572
123285,10676.551
9626,81247.89
47296,5157.1133
82632,3581.674
62859,12796.27
37346,34493.617
111936,146531.39
51894,18970.232
119441,69911.305
83605,39384.105
22134,3109.3699
50026,12003.437
67856,6245.2456
11789,7132.251
142057,5459.369
91673,30951.068
97657,4787.5366
35500,6310.249
16236,23448.43
41927,4680.818
14525,9845.0625
4115,38352.203
8207,9594.885
1984,115614.055
114443,13924.795
42943,27867.822
120357,117242.93
147425,21815.453
34872,41140.477
77694,11350.857
133325,10368.879
54086,28575.3
37670,14772.651
74250,75483.47
66745,21266.85
49585,4940.177
11537,5968.1885
47398,30194.885
40391,18081.604
96817,9442.889
47418,117407.09
6126,76796.61
24650,13534.1
60980,12813.332
4528,6510.9517
41853,10030.559
84551,3288.4634
131505,13425.453
5633,63744.39
55015,6066.629
103161,8853.404
110031,7220.7095
102055,35349.82
128439,26825.793
82234,15773.382
264,2965.9346
16476,3584.3499
56026,6062.5303
34115,7817.6553
86798,44432.547
61725,3984.484
143713,9399.716
93804,53134.78
56244,9594.389
5370,4925.673
129586,28143.713
41515,6819.934
69149,153321.77
105477,9652.103
71808,2332.1448
115368,19707.277
88468,74340.32
34027,2466.9307
113151,5398.052
148613,52483.316
55702,23194.812
105895,23397.623
9638,2085.5994
75889,13642.558
9015,38895.492
9517,43484.133
135526,38423.117
53804,748.5311
100593,2783.7837
124705,41819.816
137044,9031.308
73505,14827.934
80455,20428.117
47268,2758.0215
2159,79389.53
35786,19226.125
128717,27194.672
102091,9749.827
90930,3183.7512
48547,41593.14
135965,30810.324
100035,21453.172
11438,10687.942
118127,93203.06
74761,36487.625
93266,14462.16
96073,25742.23
26802,47355.34
90340,9047.994
73772,12686.612
126304,39599.473
5258,176409.03
16510,9088.465
98450,29985.598
25065,37114.758
95862,4760.378
20035,23141.898
73283,25605.059
29035,5412.891
87369,78552.1
147662,29345.793
57554,7269.8657
131352,46404.516
652,6906.4033
13117,388386.16
42957,21575.004
148246,9699.457
136148,2888.869
149404,131820.3
135649,30549.217
117798,28476.148
1562,57055.95
14639,37191.99
14699,2933.3962
15161,202788.33
15125,18013.914
54026,62070.066
70370,28144.238
102450,63581.938
129108,125475.85
3216,57071.055
99848,96429.375
74157,9543.292
96030,46828.67
29521,16672.928
145399,2934.54
41319,113714.52
81583,11467.245
16485,3365.8916
14603,78248.35
30672,27184.178
31524,14444.444
474,32378.41
25724,11614.254
69913,97952.414
574,3881.8196
43345,86106.65
84584,17069.37
61781,148875.28
145134,6248.3613
123815,53584.797
142158,54164.55
126335,18551.457
12632,6247.276
4155,16654.74
51567,9501.849
103315,63771.703
103739,42754.83
58239,2290.6282
18356,90257.62
22073,80607.18
11967,83806.45
72115,19602.502
6969,1594.521
121169,7735.936
85365,24305.25
44659,5177.767
56781,16146.596
73866,21549.795
75810,2517.6226
104699,26807.871
9426,27930.287
60924,6076.636
73726,17218.516
6064,156700.25
76690,12115.766
139000,156950.02
48523,37452.41
58093,44199.9
106476,29663.68
84693,8651.112
110905,1809.8408
131857,68284.75
965,178977.77
9746,8864.613
132369,9084.005
101311,13655.071
86321,68904.945
34898,38969.906
103868,98334.516
88719,6258.0166
21606,21775.248
37107,49139.67
24541,1160.8984
8307,4830.88
4042,197098.48
72459,23238.176
148304,59531.953
142654,10313.153
74209,108038.016
8901,60724.695
29538,44404.855
43278,84823.61
96318,8534.58
8940,112067.734
66037,51647.645
89437,53116.625
30780,7857.001
125498,98820.77
20005,20673.377
24597,40215.875
34416,77368.24
6157,4047.985
12281,866.02216
22341,40402.754
147462,118022.31
94384,6015.576
43770,13438.316
132594,7803.755
122377,35037.547
142033,23167.598
96565,38968.207
76782,5727.4062
112952,1602.5667
48366,20369.863
38060,16662.16
116928,41090.613
106,18049.66
7077,7583.9893
28341,7143.6597
55475,35900.203
122317,7997.5312
90680,28582.924
42636,96166.37
57798,4916.641
95134,196279.88
1581,20467.908
133401,14310.25
17207,6500.6226
32491,15823.567
145238,168089.16
38378,37444.816
35983,21200.438
69668,1821.5789
93181,15549.164
104804,16379.526
83936,5694.2153
67372,17886.492
77909,88591.36
13185,31585.27
102856,6369.01
43449,122784.95
106411,6402.0615
41875,64818.83
85713,6404.4443
117756,3646.1445
50722,53117.535
94688,8701.403
137819,48695.793
23468,53292.934
88473,33487.47
13383,69991.36
25476,17790.564
23098,4733.325
42461,1924.0757
105552,101541.51
77200,13801.239
113744,17540.492
23104,28800.072
128128,678.314
17333,27762.998
147221,15843.564
83095,178807.3
16651,20019.525
112069,7440.735
47762,38830.934
52178,42986.523
124687,2163.0737
122092,17307.86
73222,33019.023
48431,52182.81
44970,92831.67
44115,48735.56
24232,6553.9956
101597,23005.504
140513,36064.414
147096,22729.031
22194,28615.564
92114,1842.9495
105163,60149.28
70059,11653.181
52810,4984.167
48774,71291.586
69895,9170.549
76895,11243.42
62096,51322.145
13730,60127.566
61984,1520.3982
64033,15964.4795
50929,136612.16
45097,17922.953
129826,16502.814
54411,5041.078
147842,38206.47
48704,13640.957
1948,12020.772
22419,4657.377
96197,37886.008
5118,7256.6035
62843,21190.549
131716,18678.943
134658,3114.3164
48680,8594.268
102112,3068.3538
81079,58241.297
39577,6814.8086
12407,2859.3416
63388,71879.27
9224,11430.01
78516,20804.916
44041,1525.4138
82993,9583.89
148175,9009.697
85575,2838.3972
109891,9338.563
26651,14816.715
12729,5221.8296
49373,37124.016
32271,48900.16
70921,114804.586
112788,14957.021
47515,22300.379
145751,6737.2847
128041,43342.977
107102,18815.76
16079,40075.617
53414,19040.453
39757,7072.4546
4852,37013.598
61668,12888.505
119870,5188.15
38668,70526.055
138697,33366.24
59391,41883.74
35552,11000.652
146016,41825.664
6106,22253.914
34344,2560.6707
140106,70701.625
15626,49022.09
84869,368577.1
92495,20773.832
131128,4354.6943
143849,111287.38
96594,85349.96
137632,93631.31
128103,29153.328
10450,6237.2676
31592,58200.977
131337,6956.606
102439,3364.905
137238,51880.496
20161,50826.39
51241,11432.616
78715,116972.15
20556,42003.617
108373,17662.09
60270,7145.2563
59362,16067.336
116941,53532.26
137562,5982.889
107242,101126.88
38332,1870.6195
110721,14289.88
34742,2692.428
90070,50042.19
123197,7581.5366
132531,6920.666
127827,196.49435
44223,22650.91
12223,3180.014
1282,8047.0938
134211,5262.4194
44851,20539.617
44839,60607.008
72483,85602.664
17569,29999.25
96421,16428.938
142929,22311.729
78748,79343.67
74982,121889.54
115257,92960.96
74831,1036.5358
93581,24645.924
52502,54227.613
147537,31562.488
143440,4162.2676
14674,33541.41
53422,131771.39
131991,84126.47
16756,13700.119
143702,6237.5586
62602,16276.485
10758,16135.506
68289,25482.186
108977,239090.4
15739,120551.086
68088,2402.998
85025,13279.6045
133519,11688.673
119543,26235.645
50169,32753.156
25406,18647.006
15241,74931.64
14111,178683.36
100711,23605.98
88984,65009.63
136981,14971.205
148125,16051.687
98207,48442.89
119417,8592.433
71168,23677.291
61609,78612.2
49027,12457.31
141665,17091.746
54899,10432.658
8915,43041.426
23736,28919.893
117997,78773.03
49823,17723.56
13947,12193.496
57272,17278.488
7231,49006.375
88619,2533.3425
32266,8769.97
14080,2681.4788
37210,47392.246
123838,9336.138
92262,79334.336
62028,3629.7986
52265,34705.383
142435,64307.055
26674,12591.448
102709,8737.626
78699,7789.9453
73906,18210.363
33002,69442.945
63592,44355.79
54458,9321.222
87304,4224.2397
52755,7251.202
131173,22147.951
113991,30783.629
48109,11129.276
64855,35898.87
85,36496.8
64249,16739.18
148101,33766.023
60345,2411.372
2277,3369.219
46866,3453.332
10416,13754.663
53813,87238.734
51837,10501.706
48931,114956.94
4745,203248.03
34214,84416.61
3747,12080.351
60793,3656.389
50719,5844.8257
139540,21140.664
101258,25196.021
83509,1241.366
122905,623623.9
140771,47517.02
123502,21308.309
19401,20789.484
104972,7534.317
9021,7920.738
86602,6585.4595
2232,18622.6
102656,68902.82
137018,19974.2
63632,5134.5566
10790,83321.08
101466,26579.625
52352,36395.63
136295,75620.82
54858,31571.896
123365,9838.765
94294,33366.117
59577,46199.1
10139,26783.648
129869,92817.766
149432,69004.56
67408,15613.371
103329,73092.3
137653,20884.86
81356,15946.145
118199,41068.72
4101,3956.9565
107927,16344.458
144955,43336.76
2268,3025.5798
127164,12374.719
52102,13824.316
77309,10385.61
28822,9955.5205
57989,5062.5117
149743,46020.15
65896,22943.096
92870,153651.61
76265,46837.44
32388,1062.0977
142021,93413.49
19265,23461.293
98844,13773.092
143628,101761.36
114318,2217.5466
26059,2573.3525
100956,6538.2646
45404,6190.624
75975,23761.193
79477,38244.414
78287,126505.54
89015,134656.14
71550,12007.948
74968,55282.74
84314,5874.969
26877,4244.423
42700,1578.0801
11934,33088.547
142892,57367.71
134450,5891.855
39354,122949.08
113965,7946.7334
116664,84470.07
118364,95464.85
18426,47867.363
55670,6408.3584
29621,3772.241
3599,63192.902
99624,29888.262
91945,18210.512
6527,5659.0054
61515,62997.664
35323,90673.74
28727,28614.615
99679,3347.6604
52445,12235.3125
135228,1580.7372
89197,10000.451
124093,9212.378
42209,3136.5295
92685,16888.307
148451,22939.537
81342,6783.8765
1681,5040.7954
104812,77114.68
12427,6953.013
129536,21655.262
7757,17185.326
129065,34675.812
134060,98184.71
140367,46419.2
52033,9516.575
15735,45784.53
62256,125500.7
21529,8390.504
87927,10118.938
93475,9614.762
70091,12175.381
123159,40933.01
64448,3644.7283
17692,3726.8171
134737,46787.47
18223,47004.12
38132,17846.965
136718,49287.875
93091,29614.33
133622,53902.914
91483,25782.564
88715,6829.4976
130152,5941.642
62296,26292.705
105560,11790.173
110744,27736.611
95698,13666.467
3154,18949.959
98463,21948.637
116607,14394.23
11347,20943.146
29248,4258.848
5621,7719.9043
17573,35666.344
19848,89731.67
84358,2054.6973
42627,7630.3037
43300,68906.78
22691,19050.117
20268,60621.336
93844,46785.965
11610,7678.4243
47371,100930.2
83538,5380.686
71468,30022.904
145647,20307.047
148187,17700.893
122933,19150.533
121433,41423.273
127015,4021.5247
115886,2901.808
148003,22503.877
143531,24002.674
93021,37217.86
149570,5994.15
35893,27408.484
32022,10187.364
15384,22341.387
15873,60299.12
47832,47489.543
27450,9021.143
34654,48852.72
36270,15805.855
110163,108772.31
99872,4204.1323
101018,15682.805
108823,7817.8506
107470,23383.576
140994,5916.6304
9350,25481.725
48908,35338.52
34110,14865.002
87156,37255.586
57391,4759.966
148030,65107.47
76802,11158.829
4935,11263.956
30543,49290.82
15490,18338.49
135318,23698.742
56309,110258.375
20386,53546.824
78821,27308.014
109549,36756.176
131290,23654.412
88844,8146.444
88298,20822.037
30179,18792.877
11419,17827.475
40423,81506.164
13103,10316.226
37483,13789.69
119926,72823.2
63048,105037.24
74311,47831.61
36249,26831.725
44759,4083.6704
69437,12861.525
63182,15405.154
109383,52369.844
121932,9996.537
2357,50622.64
114883,15925.9375
145682,55592.117
31452,7486.9863
133570,5199.2773
4219,45220.547
121534,38633.68
27710,8187.1772
87039,41682.312
22844,22744.223
18765,12605.591
75395,20230.223
66293,16005.959
4894,148048.61
76296,16386.29
21325,72719.586
7575,91684.125
86576,10894.287
56381,14557.679
12549,11293.99
58583,102819.36
1103,34808.445
61795,14381.304
144871,56659.36
104051,21218.885
40127,144825.45
32316,19470.951
147599,25526.328
57896,339033.47
73564,126193.055
12910,66965.77
66343,45310.594
95062,2500.1982
74894,63746.344
55987,18842.123
114874,121141.81
121098,17008.84
22913,24487.0
74874,36487.19
106183,85381.3
113094,25591.13
126256,4887.4785
11188,10952.953
105689,81714.78
78606,52889.023
128418,102409.82
20697,46698.348
97296,11872.993
103609,72104.44
89786,10401.262
107950,145060.53
144258,1640.7057
83659,74724.67
138072,28861.65
95693,103869.99
89342,91027.03
5519,5467.927
1913,35627.332
85429,24502.137
42874,10409.509
51488,32295.482
70510,9927.492
39406,5361.6953
61710,4945.8867
96523,47104.66
21890,19775.209
89442,1701.7961
113742,107425.73
51011,14560.521
138258,16554.348
33245,20604.91
39770,5520.6934
91324,14864.522
62231,49159.957
64024,5999.732
102476,67637.125
22199,7382.4375
13619,246949.39
63404,96764.99
53612,216971.27
83774,8740.881
69667,37655.68
60439,40427.56
87476,2494.4993
37433,2883.6587
140984,7075.9917
134513,42161.58
143220,5488.019
72944,4085.1187
134640,33968.535
103089,85581.555
5868,66554.68
12991,9786.794
11080,80708.39
76339,13270.005
25916,1296.4607
143044,41279.15
147340,8917.964
49509,176338.47
57775,15696.416
84385,35675.56
136276,15653.018
125231,67484.734
94782,10800.89
117521,44601.42
29249,90068.35
101030,59089.836
41614,7747.0786
66349,20696.648
17280,39222.85
32659,15177.01
78250,36339.26
84538,7809.4644
104562,11800.296
134185,6099.7256
148895,11550.863
23335,19180.312
63614,89303.055
47717,12107.979
73125,110129.44
44169,14155.686
77767,125975.94
64121,6081.7744
25768,28603.223
91515,56564.652
92740,50177.99
125123,138811.66
108728,6468.213
49475,12195.069
133782,111318.41
108207,7195.999
19154,14317.45
105174,17456.0
21159,8351.465
9926,7667.2793
3919,125930.9
6633,11263.956
94463,11861.364
128764,94112.11
41439,4856.0
5758,23136.646
107139,25071.807
59512,4005.6675
130507,4174.5825
95822,54509.07
43635,3103.9111
107835,17929.434
105756,11697.989
64519,111958.18
58476,51498.73
140797,58804.105
18091,3481.2388
138678,7533.2837
13228,31499.791
73957,45018.797
75450,26672.582
35658,155920.62
22884,85496.65
74240,5371.064
60366,54271.434
113588,31196.078
112223,57842.273
111981,21564.545
113501,29855.947
20769,6722.6616
1129,23788.139
77478,79736.57
144740,315043.3
83348,10342.559
97153,141782.34
145050,9662.406
76114,32183.81
5151,42272.21
82064,18056.375
89614,76313.25
69653,19196.533
126715,38216.094
43660,51604.63
34302,6185.426
66897,86238.78
107028,6349.8105
56951,15348.707
79973,25840.783
12268,43701.28
67605,76058.875
89161,63721.71
48404,8399.238
62325,3288.0564
114045,14241.65
98669,10832.587
93244,167859.08
22865,6741.5103
136934,146788.0
99562,13701.082
111554,25028.424
31735,36711.48
102663,11156.625
11810,7912.5317
115060,20928.682
106282,2706.163
32375,23497.01
42913,30200.004
16704,10781.452
79614,8022.6064
64735,61316.277
140264,14570.772
64405,39849.242
119627,29432.379
78905,-2574.2542
71373,13537.913
102812,4781.3154
42518,12121.649
12531,16735.83
35792,57324.605
3462,22905.326
102952,8103.76
1782,24344.902
145352,4657.423
136345,15786.149
115964,51283.984
62941,12544.21
139264,3897.2517
16638,8664.657
62203,74224.43
116975,8474.592
49127,294433.22
64967,29123.912
128229,209015.2
88940,19278.68
27784,36144.387
108367,6110.596
105082,102893.875
85093,81462.82
117909,3922.7275
38568,53569.94
2960,140618.64
6175,13615.097
140222,12996.825
38818,31514.754
26665,69555.14
110411,38857.926
86802,14338.989
118486,5083.5806
133958,367974.8
90480,60674.9
95958,13434.707
48782,4826.416
111854,6164.987
71329,33940.68
112890,15350.183
40407,28813.908
117450,26105.201
65677,5551.7515
62101,42824.793
92847,41665.113
113174,3457.2542
88586,18898.725
39632,10826.756
128648,33630.875
131366,16725.957
33933,6692.825
142309,3165.947
89987,99523.28
83916,3121.987
7110,3002.8088
21551,123692.51
144234,16355.058
77547,3443.412
73138,1244.4309
31064,32680.2
60743,29442.477
119149,17409.148
144499,34632.523
122521,10393.386
115320,4460.8813
78970,15501.658
10233,11504.889
60843,2726.5588
113531,40358.426
121180,67636.63
132405,52681.793
9171,20954.787
43606,161731.98
53682,7891.447
121844,12115.433
113343,20587.541
142100,14670.689
40431,32976.336
121951,1278.7875
42275,3241.3284
84223,1301.2944
109671,20006.459
125186,3447.6863
113627,13782.351
22514,122019.44
74161,4112.582
55661,73728.914
102129,14356.658
73731,3400.8513
90304,3133.601
10231,29168.535
112126,65551.734
144692,17314.064
134758,68337.42
111808,7870.449
21821,20905.977
58139,4124.107
84616,12592.646
131599,7485.382
89242,52335.516
49800,13824.884
29138,7374.86
137780,12699.076
2143,4286.5674
123988,6661.9194
45046,126067.92
79662,7541.5195
8354,7116.4736
80348,176735.56
51281,2807.2256
90582,77833.95
143023,24458.346
60197,23156.19
95973,4876.863
19305,46349.156
68547,27024.621
36134,21259.893
33229,15656.392
41638,5120.777
44652,121565.68
38154,44082.36
85686,31038.086
95284,10607.386
27375,58784.082
121531,11929.031
38763,13388.222
25211,21998.848
149586,201456.11
61251,42319.047
91733,16347.368
93104,83281.68
35402,339.29312
139188,12564.133
35699,19691.777
2278,48887.914
135686,10522.708
8974,13582.593
130154,52977.508
15369,293807.38
80481,5524.1714
104056,12374.183
20190,61640.58
85329,13929.593
121059,8211.387
59778,4296.678
91582,9992.104
65978,74323.73
27918,34287.195
113782,8627.372
100969,2901.6086
3305,706.0737
64977,234727.67
53272,5869.6313
56831,117288.94
101600,90426.46
35819,13459.007
7567,11624.202
2099,29010.713
129340,13906.102
131282,94612.74
20708,20122.775
61291,12200.755
24110,54789.22
137678,119480.18
138850,12692.93
44215,49347.25
113405,12412.418
130355,8150.6025
69098,7298.87
34590,21235.746
493,10634.498
22113,7629.8003
46693,55544.74
92397,204487.14
78631,35419.223
126152,98640.8
102312,5394.3945
57818,50414.234
64425,234740.45
59631,44117.33
93513,50782.527
117457,1286.3369
95380,11618.56
78520,7181.662
29151,11119.772
111590,17480.725
73821,1864.5973
32497,24007.295
2389,3306.7825
114538,5147.693
77617,3413.721
4641,37700.355
145559,17123.916
129546,11311.583
52260,49686.17
38970,190899.17
102764,65117.605
85080,10472.342
27358,9857.234
86041,7060.725
96764,23758.748
139439,68418.77
52225,14820.304
10685,47256.516
36794,9509.757
22347,9618.557
1683,4140.429
29801,21933.967
47969,149510.8
18253,19833.684
37408,51328.723
72975,5760.702
14905,90724.17
68100,74424.45
65092,140361.97
101097,13303.243
127623,5164.8906
64751,78603.12
51710,182888.47
117063,1237.404
30255,79044.61
140396,1245.5574
77138,10735.669
99224,6164.3887
108121,170984.83
115967,60653.645
80550,24935.23
21199,5341.44
43063,105757.28
76397,39248.09
50339,21593.488
66605,34442.26
89738,8135.1724
57021,78059.94
54522,4568.0933
122310,27853.62
124190,6763.421
74892,378469.56
144648,14483.37
31923,24361.54
19907,61819.855
81689,5205.872
111979,138954.7
65020,6415.644
32335,15381.865
135333,7032.168
128619,31497.809
67658,79361.01
124476,12913.487
92924,53921.18
55070,36673.316
137203,4428.0474
9051,26783.146
84881,13888.475
18800,5511.4995
50725,132810.8
64096,5868.919
132409,51903.723
136122,8405.69
67556,73427.47
2741,22255.752
76869,6275.0513
110446,93539.516
67148,48267.24
132234,28481.506
93867,32307.66
99192,18314.648
125004,27064.4
9961,26994.822
59301,17738.38
14997,13638.528
132849,27455.621
93110,71975.72
49086,2223.273
70788,35567.14
15118,14742.707
61259,-85.231346
22904,48519.91
25177,189298.58
62865,23293.557
100062,53907.1
42155,27900.072
59922,36492.105
29998,141075.73
105559,2872.5393
4613,16289.439
88217,5096.405
48747,8478.46
44072,144679.9
5084,53884.723
73914,7309.594
84940,5169.869
36859,6964.878
98746,17467.176
121881,15164.702
1552,51568.625
19507,127617.21
47199,76694.59
45607,19748.902
26288,72751.51
7493,3120.194
96767,274512.94
14369,5086.2114
10668,2565.1309
68863,9535.388
61653,105757.42
47344,17967.645
65240,96579.29
83217,25048.463
113012,174982.06
79643,6914.089
52704,7952.5176
112397,6603.875
141179,109044.21
85993,7311.4355
20848,42376.992
19614,142478.03
89165,63831.926
64733,27038.422
97251,22727.268
84356,15575.021
9650,93940.42
35614,2295.6465
143632,85649.33
77074,1924.9884
68189,13448.595
77588,24983.348
124135,20598.934
104105,50810.367
43976,27171.875
144424,4162.5405
26829,8510.338
103248,33102.324
17301,86484.4
88352,17013.842
74100,7416.11
67176,12930.893
2316,7108.8867
21594,70494.984
133119,71533.16
123858,22080.707
30550,33269.406
118420,91277.75
100279,83179.87
98279,3203.2485
137502,4965.919
36278,34925.723
72183,29631.418
103362,70311.016
124609,2347.312
125160,4305.7017
91062,6207.2476
124144,95513.08
135521,2776.9717
127642,17195.48
46673,21562.473
132742,66733.15
121048,16531.436
3101,174774.75
53621,12207.675
146315,10263.375
9605,6719.161
92890,3099.5327
107295,79322.16
67806,886.7394
135827,22039.814
28164,104360.7
108007,45902.3
31819,17773.959
75819,52567.64
12530,8866.547
52160,28320.816
57573,50768.07
135196,3352.6873
69402,15354.676
6070,26198.984
97105,15569.933
123287,57434.457
111736,84521.07
9923,26370.64
17759,79634.484
3954,64854.484
138938,6072.258
6381,9043.064
136832,23471.277
77967,8728.385
148053,58834.188
61375,26039.021
61770,37919.883
47560,54774.773
122247,19458.723
33625,11383.597
55822,3413.8132
141967,61499.438
15910,6762.1123
31943,90501.13
54872,16645.354
70263,64305.895
111631,8642.069
28223,41031.05
7320,4790.579
147475,10692.499
7454,121046.92
122167,10264.041
59211,19331.533
120177,16939.766
60501,18556.613
52913,1710.493
133636,11035.428
89643,3789.196
84090,22275.275
95614,22823.816
91604,6115.996
28405,9004.059
54241,67842.31
16842,45527.387
60358,5571.447
80001,8191.852
50544,3467.4648
39240,18400.162
16710,120142.29
98426,60392.227
92478,62981.668
52345,72308.65
115038,16278.28
18042,44075.254
44606,629.07983
86808,58400.156
76688,55881.605
7598,2952.6763
134271,21227.088
17755,40378.242
81031,6978.5513
17812,37510.953
74718,13644.751
63223,2048.1194
35159,3293.188
47254,97162.33
66202,28058.955
99427,24301.3
134157,38449.3
113065,75104.88
132868,45153.965
64312,26371.242
55293,12549.545
89173,32585.963
57435,39527.91
129483,32457.346
83799,20913.557
34680,25895.979
56611,66417.62
41133,40452.266
142917,7857.418
39932,32000.99
22178,114807.54
90085,69837.35
63337,21335.023
37701,3666.389
8956,15675.58
48524,80204.555
144935,13789.753
61754,25311.703
73290,11541.596
16369,11247.858
68240,3906.8745
49482,10772.967
124584,2306.1387
45852,24027.578
32184,7359.9165
2085,3322.154
71240,62245.297
24446,11311.456
15921,2906.1382
63339,21420.434
68885,1013.52057
13556,8440.999
109720,41201.816
95981,1758.688
64607,96588.58
64686,6008.8594
139516,142970.73
144475,24493.656
117598,33800.113
137182,56591.586
26763,3696.6045
133081,41232.477
115145,13796.735
138559,46604.098
62692,3312.6243
147914,4869.3433
53410,32396.912
47261,71354.69
113142,5730.114
4534,19480.488
87961,8736.017
40734,27284.21
123485,48484.88
24283,15645.263
58196,43664.805
100192,25166.938
7685,78820.58
8737,28215.422
122036,33253.13
27558,53497.355
14098,302214.16
101958,16668.584
65681,6833.4175
60670,18650.44
105561,54089.44
54405,704.3152
143523,2175.74
36168,8268.207
119783,6954.201
118679,21881.266
135763,47908.48
135868,32151.518
130415,85271.38
81080,4357.6606
7450,37483.953
98637,53127.594
109775,54133.152
49044,10260.649
84865,60956.52
14729,7540.7754
31614,76714.62
78556,66636.3
134161,11961.6455
70588,13035.77
17657,31345.422
137682,15912.161
50937,5332.2075
5321,27649.557
16729,7370.1865
35853,2105.9653
138737,50729.74
62617,8727.06
51817,7254.0093
82101,5791.7183
48400,4141.75
53588,3950.344
114485,186279.8
68800,95047.164
138003,33513.645
29704,31347.781
76242,9981.797
24688,7960.7324
88918,29839.414
36333,40864.645
96787,12912.946
70460,19530.299
16275,8451.363
139716,17256.26
145922,39885.637
138676,40452.742
20317,91493.7
29393,104410.58
10765,169506.02
76920,18705.541
92916,3779.4773
104032,2275.729
100808,1458.5602
102825,1421.0657
143569,38637.953
115141,20535.36
71488,189237.23
17169,80357.85
9354,16507.795
121120,5912.266
87966,10835.247
56746,9218.685
24775,45305.56
55526,4793.417
126492,122950.26
114360,3386.4604
25785,2132.216
103464,5706.672
16760,43967.848
98455,25476.797
131728,7109.1133
97763,14282.314
28914,13166.684
35184,6592.363
124915,15976.22
128060,22921.557
113540,21070.541
117251,40525.5
97071,88482.84
43646,33844.46
83156,12542.144
148028,5167.398
58011,81361.58
86993,8478.983
24022,1181.8168
121138,29576.713
110231,148350.95
47012,512926.0
63014,9759.606
71330,6384.959
54076,3515.5217
62302,44856.406
90759,6052.776
136172,12310.706
79139,210585.08
71938,223586.38
138319,20453.469
122876,1641.7584
89531,5444.2207
50383,25835.838
120616,4129.952
47976,26898.814
137468,9896.847
95646,23174.656
136751,104085.12
16633,69665.99
117550,2890.0698
29732,21916.2
67434,20143.54
53536,3312.9248
47130,2363.297
7813,46523.02
114040,18238.398
37126,4970.701
92511,51742.504
63240,12855.126
51059,7608.705
97023,5355.0347
41128,9159.585
118372,24191.477
4062,14045.357
15678,3961.2136
133471,54876.668
63121,19190.018
34473,293858.88
86649,36487.707
28768,5037.5396
63147,29432.217
36084,26950.082
107044,29636.967
78946,177856.88
135036,5036.694
124158,21686.115
45278,4803.4844
116193,18762.021
43841,27635.783
38002,113003.84
18067,42014.164
66145,4647.342
130000,13146.012
22489,21002.658
38118,17408.383
148131,7904.666
5976,309053.0
45956,93017.79
50219,2708.0515
75521,156726.95
51985,4891.213
54354,27282.232
97639,21021.023
24009,150799.42
72635,5698.8315
993,26693.09
10945,20270.094
132444,10410.255
138544,6952.0254
146049,80041.52
145321,13755.385
20292,27775.1
78386,9671.257
5905,21282.592
138194,20930.014
86570,8032.4385
131570,166979.42
115572,15297.345
82615,214653.78
34921,2764.8545
79191,12638.495
119751,1854.7083
87173,4632.5835
72031,48608.785
96537,9866.079
40480,7010.045
86904,8436.893
78379,6651.6104
45130,26118.902
138889,8000.325
112615,137013.17
42858,10390.842
68627,85166.48
115878,18393.945
119213,12968.329
79459,7771.021
111680,19098.967
124009,35509.65
132724,7946.601
31872,9987.499
53859,65678.82
79552,4445.9663
37534,5398.56
16442,2992.441
14346,95446.125
64836,16047.332
115628,4630.169
15435,197313.38
3713,178555.53
58526,36032.195
132017,15533.4
69000,3747.9333
122245,140142.2
135172,6547.5693
24066,81463.96
86185,7512.805
58207,5407.5723
90985,39896.22
113543,50477.406
145880,13347.871
19643,8269.761
101405,7895.608
117514,14018.078
121291,4124.639
104116,28255.227
123432,153598.47
126902,8546.89
11358,37889.918
72900,16229.255
63494,11478.619
65376,1990.9052
5060,61279.375
39926,278455.1
103114,11411.746
59188,6679.667
27190,9643.083
111019,1682.963
83350,37515.156
83237,2489.2231
86191,13082.0
147108,15650.549
147706,38420.418
142113,13965.948
10183,15781.475
47664,4171.734
110575,3000.5425
139404,91725.93
102282,17426.47
135789,29828.592
109924,59337.42
76900,9484.457
56403,81100.33
17539,22266.781
119012,13022.448
10655,26914.5
24778,40897.96
64811,32942.57
16525,71638.14
122989,30690.271
67044,5788.407
10503,68736.46
39956,2810.7417
83877,42067.48
80498,18702.73
113402,72264.47
97697,9261.276
125646,3178.555
139941,6391.903
80062,40489.914
141357,41897.594
67864,4343.5137
63917,23777.875
65372,6716.214
113669,22070.295
77028,399.62756
97504,5609.669
107419,21041.037
129673,2897.473
86493,42517.91
26186,18727.455
32577,31595.059
40961,8810.762
26697,3323.0205
145295,45911.145
68630,106949.555
33751,22874.48
121209,3920.7375
149330,5852.075
92774,36534.48
111321,28506.992
143624,19163.13
39236,32113.223
76183,5019.944
76967,83928.14
142982,6680.6865
126907,10020.522
87746,36886.61
88789,10195.434
85178,8236.608
134062,83938.55
94912,30767.781
79827,7457.478
118503,161061.52
133524,46585.17
18677,44527.074
99724,21201.037
136189,27017.055
22322,43722.016
5193,32716.365
83340,13692.939
129073,171314.36
72563,43278.42
85133,16701.438
217,16076.461
16455,91991.805
115427,6426.5117
95952,21122.986
37858,43545.4
146641,26737.613
95848,7327.5024
92883,7132.7173
70329,7140.807
28764,74215.58
68246,142804.19
141258,23443.459
37653,3277.191
113170,45702.926
2759,15200.331
75277,9053.477
37182,8367.113
48814,9238.304
33795,11793.565
113904,92096.23
77058,13352.248
27527,4948.1157
76070,5743.056
90213,20050.232
105612,120395.914
82745,11829.041
33957,5591.7837
9102,15075.685
7402,16781.592
18667,76440.336
142157,21016.545
63544,5385.4316
137435,8589.097
123793,5960.2183
144678,17733.46
93033,27416.793
121801,5180.2563
127698,78163.24
20150,19646.432
57770,6746.4604
126047,11243.229
147295,195424.33
60047,23297.371
126469,45466.074
88243,30162.213
41386,2898.779
82617,209772.38
136559,55597.387
101751,23564.078
147028,4646.804
128610,4532.7017
26568,32177.92
57807,58468.984
131806,5251.0728
130253,4816.5303
54901,7748.2627
108875,168049.64
12007,47454.625
119463,68703.75
47064,2594.9165
16961,13395.241
110603,74466.05
136083,12513.825
100915,120526.57
16588,64050.04
132422,5021.918
57474,9268.799
20013,41529.72
66061,9264.246
119101,13112.416
18327,18896.365
45613,101644.64
121925,15901.384
24272,42920.285
45927,35432.883
84238,28146.193
10607,33184.094
27803,13133.206
91126,3387.0984
101088,14319.334
61995,32593.125
10654,25231.96
77824,65498.902
13651,15800.592
27827,48802.543
19084,27613.68
43598,20904.236
97047,-1174.8202
137125,8914.405
134578,111665.234
122824,46434.547
71804,33650.8
29213,8491.922
915,17274.42
17121,45040.2
66135,8298.57
111645,5330.2754
16017,27573.145
60453,4060.3184
26617,21125.248
145224,111013.164
24870,8554.86
101350,40201.17
16360,10177.48
49936,96376.664
9600,7238.856
51598,16067.336
3870,191337.84
44853,2105.9653
97910,21983.01
18737,70193.43
48442,6285.2876
132813,41917.434
11625,160794.95
26642,75920.0
86246,96882.52
125921,12777.263
30997,37566.973
13009,3775.8923
19299,27494.334
22557,88505.76
114730,15245.223
115986,88474.48
8022,28225.115
47635,17105.705
55621,44733.26
18699,21403.895
38224,23445.92
62350,40160.72
30333,18315.516
62014,46907.7
32880,2203.9895
115914,28695.115
91378,5340.9873
99287,16078.1045
5117,47438.3
18501,3948.837
72817,210914.17
106188,17286.002
134298,16310.301
10240,2669.983
81112,26085.084
72536,69379.22
95091,56472.062
122874,36434.547
131737,21767.324
47658,6035.5327
90329,45528.633
40827,1646.6885
147951,76218.734
144156,74316.52
129450,5670.738
100538,69996.664
3157,1369.2091
103812,8301.149
25405,7114.646
14498,24869.738
118652,106530.16
37531,9128.737
87487,134119.19
121168,83953.65
121245,1597.1348
140999,8910.197
12220,14127.665
99129,40753.188
98629,18369.873
89014,39648.26
119061,12045.274
120791,12386.091
146166,28983.13
91061,55273.38
19744,3922.7275
96299,221727.3
147456,39492.156
15853,57747.016
25650,11300.269
114677,43781.0
93818,4483.5205
7966,36147.434
63454,787.0797
104522,12774.216
13274,36999.93
79215,4002.375
83646,83670.27
30725,68594.22
72655,214020.84
72167,15508.787
78526,3596.0935
141604,8519.42
30126,10081.314
85441,155556.75
113258,3338.5083
13950,19092.148
39585,13777.523
115930,31459.63
52878,11617.748
25652,128710.77
32909,57645.938
14719,629.07983
47271,8728.024
147169,55995.32
26907,556008.2
12409,57274.527
2717,9888.249
88199,7533.499
104119,14752.887
56724,66077.43
15522,26940.666
71167,25930.48
75585,11180.173
17949,2199.7974
88210,13611.346
68789,3620.1592
140586,89973.57
121481,6926.214
30101,51990.44
40686,20748.768
69344,55326.934
112756,6888.58
42599,36669.934
15216,32449.555
76732,28668.71
74352,19438.94
139876,17971.713
81420,30310.002
62140,128073.06
114247,147593.34
62303,961.72284
62288,25230.67
149411,20798.613
129245,15739.939
55542,4075.6028
4215,34279.67
122990,51463.133
148539,14976.733
70674,31085.969
18517,2259.035
57232,38352.3
116207,144216.14
135226,34197.84
107000,30838.715
106168,33673.582
60584,28244.006
80534,1460.2954
479,175049.88
138834,7457.8584
144019,68299.86
11853,10617.658
61061,87672.28
132336,39061.586
67909,7970.3657
86702,34059.02
43960,75990.9
125936,85651.875
114188,343575.28
36025,183662.9
110643,29410.574
57177,193333.88
66227,11175.863
52014,1973.7161
28577,48971.43
49242,4186.6807
101052,87820.414
7209,33755.883
68298,77429.72
47410,1517.8059
125724,81112.766
80587,19312.553
140385,38458.617
67879,3157.889
127999,11867.553
9750,9995.338
86972,137219.75
134979,35380.953
8939,4602.907
25366,82636.414
49557,7983.7344
89208,7241.6797
23659,5254.419
31560,164004.12
121348,85143.125
92195,15817.465
44039,29906.453
140971,4420.796
125874,42478.35
94632,53372.195
17633,4363.916
66602,5553.248
42180,31408.354
85253,52872.984
66250,25905.28
89134,37201.586
19975,5800.052
129036,8577.0
123629,23927.254
47600,45205.746
65446,98799.234
67395,16038.281
56545,41272.59
40773,1117.1025
52662,3928.5396
149753,33251.707
38320,62049.875
31375,11627.362
52129,31877.633
65230,46930.64
147174,5675.439
9586,21190.11
105320,14122.401
124527,10506.387
115902,16209.101
51897,36615.875
144773,5267.423
127046,178049.77
12920,8424.9375
14440,26098.273
27877,9545.199
81311,81269.28
146091,5903.855
60134,12456.804
48759,16670.426
55132,1411.46
145168,24679.184
74408,7865.5977
55810,64271.848
88412,29756.344
116937,42816.812
15093,164989.02
55793,38608.527
144180,40397.2
14153,16537.791
55514,4544.4834
129317,25551.94
14914,3179.1724
46369,75919.9
82917,13425.956
144837,93300.26
37677,49879.438
44773,12304.654
42743,14558.805
114823,6254.804
114395,6868.682
49620,22422.158
84999,23649.59
84168,7761.3833
144151,73486.97
79546,18463.008
65231,11365.083
140386,474556.4
52320,105521.15
133935,5764.0728
145409,64695.727
94541,43082.11
141161,8031.146
96322,23815.936
136681,94288.84
18475,8477.605
147594,19742.482
129022,7374.2114
10358,47082.387
10773,14582.698
114024,18588.963
97907,99650.27
147414,28113.344
9098,45810.098
21905,3731.9395
75924,359.20114
49091,60825.684
27848,2523.1978
116310,41797.348
87597,18915.533
22014,850.99066
106723,5474.0557
91442,273169.84
46955,174922.53
138758,8586.406
8303,9782.82
26587,11516.144
132808,30511.277
49132,81195.71
83132,7558.7974
36308,94902.97
128521,7452.9854
48015,45868.098
41507,15515.604
45470,4460.031
2012,13752.195
24024,131630.52
124661,5614.737
90259,62652.727
55996,3979.3696
92904,2144.7925
65521,1679.7753
105800,3407.825
38469,46498.85
13698,124249.71
33141,42598.715
37884,460342.0
111464,100807.016
51142,5274.705
33534,29638.584
50485,13008.3
98681,67539.27
15693,13794.401
139599,1248.5728
134664,20295.746
99958,73910.086
49803,10084.778
90215,14904.01
101120,6989.09
136796,10270.412
139794,34290.223
65263,68773.586
89892,2740.4685
138202,46882.5
1619,10664.774
51052,60836.38
38835,168016.6
59384,94529.28
51948,10569.947
78241,6762.668
80949,16336.876
29145,90806.91
136077,2029.7753
38211,25183.834
11226,19989.785
91081,20687.809
44513,64594.957
47470,6990.9907
26927,217920.52
35712,6067.555
142839,11829.108
96403,2628.2434
131497,11362.579
101575,10755.342
58727,3302.1084
129030,2576.7854
44612,56597.418
82421,21383.623
34042,41171.18
6875,27230.809
117222,136425.22
89289,27597.838
54325,18981.182
49910,5654.515
96551,25495.594
138413,64109.23
11312,7788.6865
78066,23132.895
97926,6693.5107
146235,72114.82
59439,13393.283
120786,116727.26
87401,53513.902
24033,149426.81
144308,2173.7915
45162,43623.625
14188,3836.5654
114643,11465.712
57358,15023.994
116138,30589.842
94361,107662.72
4971,112523.59
117232,11751.866
97860,8337.416
23245,19203.467
68419,8466.761
82954,15390.869
100722,38998.0
145969,168756.7
74582,25595.75
146342,4058.7776
137711,8606.532
119062,39587.2
9484,7889.592
120418,29684.268
18516,2772.9307
113584,135904.08
77782,29187.758
42564,4222.822
137510,96656.414
75787,9082.75
13297,12563.726
49926,113785.016
82308,50789.305
52520,1648.4531
147933,21119.947
33601,10947.419
113602,65884.18
134479,18847.232
34785,34771.664
47794,124107.12
66220,4334.778
143577,238204.12
16492,103714.58
18069,131811.44
101053,19320.443
86753,41811.74
141096,27303.586
109162,8735.893
144557,49992.26
47774,4981.341
60407,20195.62
23684,9183.145
62449,25633.473
5203,288552.75
144851,69405.85
112034,53504.633
67476,1671.3491
17349,61511.074
974,1737.6337
120266,32011.33
113257,16715.918
21026,107527.9
44867,46158.875
3251,10583.033
27749,9712.107
96510,3701.8914
131513,133696.72
9949,57428.25
8845,69555.79
60417,102489.92
62693,81354.41
4465,40053.35
135390,11053.31
133243,23676.2
132807,127495.51
53057,61802.582
92406,74847.25
113944,12276.011
10469,36832.754
65296,84073.75
24981,6314.3965
42958,65383.742
30088,16410.396
123520,13735.894
54812,13420.631
105430,68482.58
39751,5986.5405
93761,44392.664
71324,21782.533
14797,20733.121
146882,9789.248
57763,144615.84
33688,18251.197
12395,1401.6819
47259,7091.0264
7452,46621.977
138695,57237.074
54612,17314.633
33304,6146.0786
141323,28637.316
39824,15443.851
64601,76729.95
59454,10561.1045
139321,23104.135
28643,81895.26
109132,19903.72
5590,18002.738
28173,35524.367
17600,8506.988
90785,19298.465
91753,28505.5
14772,47993.57
10931,25130.164
138285,9951.9795
91431,16933.566
3670,6594.8345
27824,29809.686
94722,39632.99
42362,27705.049
134406,33294.3
92855,14838.5
144684,8030.6694
104474,8319.948
49058,35843.297
71560,95584.0
123145,12186.797
127405,69151.99
39642,24731.627
42674,59360.4
91920,27046.496
74477,17179.625
113301,5557.0166
109424,4577.4155
36988,31488.87
96678,5602.5576
92610,30328.197
115062,9086.867
45679,31841.988
98422,50138.297
19925,10117.842
80031,45615.02
91914,7515.146
143765,15650.4
118201,8157.7407
116708,19415.723
101880,8816.734
31501,17557.053
25668,11945.175
18719,55452.07
77171,206525.3
104067,51951.727
9844,17244.744
23079,5861.206
11951,33512.426
90952,14406.708
6402,8391.949
95893,98778.63
126013,76116.03
136377,51736.13
101769,86980.5
108386,11279.3545
76461,40710.043
61314,9447.668
86832,37646.96
57805,17663.104
5390,30645.47
92639,13030.797
132382,5760.677
111951,14154.136
56626,12048.6875
8495,22407.275
58475,20985.008
99099,15816.111
120645,18094.7
72208,17340.389
17809,5731.9395
57826,4261.756
115305,48117.145
133020,13825.906
29475,20943.324
128842,143198.72
24919,16572.623
112770,2437.9749
60071,3571.3906
45393,149843.36
14902,6685.072
18802,22076.988
23015,37487.918
44639,99686.27
109521,6416.855
69803,1059.1672
131446,63434.848
58061,6227.98
141124,41706.145
62927,53330.46
68429,57167.2
21536,26712.498
97839,40305.195
44150,51122.59
111952,34601.03
32938,9509.692
137149,107987.414
144318,5528.3926
24280,81790.35
101881,17364.6
17054,53361.16
89088,38147.785
17667,19169.922
134187,137135.56
134929,52433.727
104247,9885.48
72062,79016.47
134570,283623.0
28259,32770.12
112767,16049.234
81142,65311.625
2329,7911.895
101452,21489.053
136103,40916.246
39187,18410.072
120405,6452.8247
29441,8223.749
64292,5622.8555
35412,14895.67
64619,8437.948
80128,47109.92
97525,64281.727
122244,66032.76
72901,9123.66
35492,42228.12
115593,8644.686
87942,493.24548
98259,74072.164
36248,47383.324
96915,26143.912
133810,72970.32
2412,23207.736
70321,39725.926
40235,55944.45
105029,6603.5244
30406,9402.798
45271,63957.496
90021,18053.496
69927,114375.234
94153,49193.395
73485,25269.299
31866,40163.31
132376,2684.0972
22375,109367.7
12915,6490.545
86707,3793.8564
60043,12897.933
133837,15782.674
68034,24847.662
25693,154493.7
75300,36536.09
144748,20455.3
58202,79057.34
97202,4662.378
4054,23205.67
88963,2623.648
88674,17397.736
7128,148291.97
38315,84262.27
45801,45190.004
122523,35751.742
16108,40878.074
119182,49047.152
113959,48610.95
120296,242791.38
47819,58979.992
5040,65086.215
46093,128209.18
85058,22216.996
107041,24407.861
39902,80967.74
66129,57707.457
31867,19762.68
96163,11159.294
107735,16147.276
124817,68449.66
117253,22764.975
38372,48893.023
92712,80446.93
61619,11098.949
53403,20277.434
14348,103776.4
44529,27131.928
77836,43970.754
14305,13513.055
125524,256995.47
44885,5033.1133
112279,16770.344
25191,3865.207
52708,18387.896
96957,29433.31
56228,62909.395
43486,51890.656
129091,1309.3428
48271,54626.215
110631,40116.203
100319,15178.358
144140,55665.445
106854,19103.408
26007,110544.16
97841,5446.612
41975,568657.75
42249,11561.961
36428,101205.81
8510,3726.4275
123363,16203.209
17327,8441.809
114319,119602.38
146028,30589.662
29235,12488.091
240,6130.1064
15227,9229.961
145843,70600.445
125451,12944.458
142609,15055.562
19082,45026.062
74048,6304.8154
52580,39264.094
29197,61015.6
14407,55248.29
47647,4003.9258
82587,9758.708
115144,103162.21
72051,41463.086
67435,5885.818
58386,66377.64
52284,7131.529
96743,12843.565
127266,39595.65
110140,17402.447
36602,31456.688
10398,53847.438
117919,10147.992
12815,5463.542
120020,13009.071
137540,100415.27
60259,2611.5876
56223,61812.223
53197,4762.924
116581,16878.414
103640,16628.725
106809,25381.93
17711,27039.354
112310,63645.184
124815,35735.84
36175,20149.54
108398,20233.87
6689,1398.0001
45503,2539.1948
146184,69409.71
15729,18382.047
107513,17131.922
77649,5240.7285
23471,80122.5
78376,13205.924
85536,10529.075
133118,13786.729
84240,20035.688
103366,3107.146
42391,16727.592
34632,16800.234
128875,164892.69
114365,78656.45
85309,67713.05
75834,3929.2756
80223,1814.7236
37230,2954.7168
146883,47267.01
24212,62951.766
36152,4481.1875
13834,231443.67
20156,8464.173
33828,63748.625
744,25123.5
102338,86332.15
109657,18414.746
17945,43915.758
81148,64657.082
114653,18322.896
79556,10333.975
11634,60270.22
122651,8820.092
34351,158982.83
23143,25071.807
39177,25338.975
133942,114349.26
78901,7779.6895
58005,45337.344
64097,7628.0986
39219,29693.725
36685,3670.7297
113101,6248.929
70304,12913.309
50950,26171.906
67488,54569.785
125722,3742.6167
117697,40901.824
38832,44873.7
14351,146519.67
136303,53688.723
37877,52785.363
64277,19527.184
97889,6286.2363
29602,23226.936
41361,104216.5
75359,31104.412
45572,18139.057
13767,13420.502
25482,6414.1963
38554,1320.0482
20474,2488.8606
128362,36686.406
125948,4954.448
122707,6762.6323
8509,87586.29
53335,86391.2
142611,77066.22
88291,27673.459
80522,24978.299
2835,12228.491
26175,50067.766
118381,12685.697
86637,11628.269
115374,28082.473
61496,3860.4463
140551,19719.69
8385,13273.593
6920,9272.385
45491,29130.545
37175,87789.85
105775,17899.34
49566,82208.0
128324,51624.44
28255,4639.868
37400,39692.21
138270,4302.9043
122906,135514.9
117038,2719.5928
44088,4246.7896
27056,25967.87
19292,3528.1943
148950,68412.69
23654,57460.58
95553,30737.879
53358,16746.629
92727,13058.421
133819,31613.672
31621,71069.52
105982,9685.896
45656,15299.093
31257,17083.299
43054,18921.596
126301,45809.28
125175,15118.831
20771,17642.701
49208,9709.458
120265,10916.027
32569,18520.934
40183,115309.164
5898,5567.79
49581,12077.809
119073,50360.51
11106,64326.344
125037,16994.979
99073,11194.414
92705,27803.752
99618,27152.654
101098,8193.155
84380,3307.7905
97519,25880.934
95889,79644.4
125029,40992.758
130438,26986.936
120508,118254.305
147107,75585.484
9328,3835.1348
59405,31216.684
75950,35990.516
22327,45798.07
41978,18185.37
142247,36438.363
127778,63691.324
21844,14321.436
69882,5071.6377
98747,32110.338
56326,24668.45
125069,7499.0913
72433,16610.426
14608,4644.2065
107191,870.1836
73402,67399.13
100249,13165.997
65448,2157.5618
135149,22171.703
17567,21040.25
34906,117031.64
29263,17033.047
85112,69482.73
56124,71067.266
109692,2261.184
65212,3707.2275
39972,64424.63
83301,29613.506
30095,17247.623
7186,9702.17
46245,9519.542
86111,45439.99
83423,50116.89
10996,45565.383
11658,15150.8
143388,11883.58
39863,36711.76
108308,4806.9097
51880,8228.325
42093,11793.413
107353,15166.538
142728,10010.739
110933,1897.7532
132565,114432.35
48455,21910.16
34206,11514.026
68752,18931.87
33463,8102.456
42546,58345.977
114177,82342.62
139004,144192.5
24866,225.45953
123490,9085.066
116766,113875.24
40476,44739.953
100006,26831.3
66898,59859.594
149069,16319.732
2674,27909.777
149004,5645.1104
112940,113290.586
111683,6140.09
23926,1985.3497
9221,4182.8643
69359,96448.77
117597,106212.484
82558,22717.72
95422,14621.586
59767,40898.434
80555,72673.9
11842,6473.584
118178,9156.052
92948,21966.121
38090,55519.836
21459,112866.16
10047,22071.936
68209,36015.777
111940,16794.982
16969,85835.086
145034,2715.3132
130065,9600.018
121414,28113.303
109102,55235.996
22498,20099.07
40541,7010.9307
97678,26990.371
96509,5386.3657
58694,9353.72
31014,628.9331
96811,174777.39
124087,50814.184
124182,20370.52
119585,24578.117
121557,75096.336
48757,104836.195
129431,58093.65
124907,16719.332
78784,6476.1772
144147,18030.986
139513,38850.5
36805,26933.635
50116,12621.335
117771,9924.784
73722,22264.363
54380,95757.24
85847,137769.88
37239,237574.27
43162,9154.215
21888,21408.992
11521,8177.2505
102425,29124.771
12981,15546.242
74328,18063.16
118952,7968.2026
47620,85837.65
2632,16540.887
92117,23441.498
52523,28927.15
86880,20388.322
43213,46347.605
39602,75821.41
4917,6859.326
104749,3655.1619
141740,8027.8145
113318,14401.242
131149,3952.867
93986,158278.1
117646,99028.69
99648,40905.785
5473,16454.518
97629,4103.212
148007,37991.918
134692,10752.912
122538,35075.6
113164,7251.832
97015,7259.0527
50633,56475.21
110978,37381.594
108178,25090.742
114796,60576.15
133061,23607.543
9791,19144.72
47385,2942.3892
47266,44718.574
58507,9357.395
112246,75599.64
121687,2053.0166
18938,50010.035
20898,8150.1997
52608,3330.912
35066,1349.5327
93263,3942.354
136946,9425.037
70529,14700.76
7738,234150.62
126559,5309.727
74254,16638.445
36112,13768.952
124970,47164.355
91900,26739.008
120733,39843.445
145957,51148.715
82220,6318.2812
69779,9085.274
3661,11623.311
61430,96504.81
138362,55926.848
34719,18677.229
106564,55730.188
48849,51124.9
52219,28348.295
117393,146600.42
133506,67103.41
75133,5265.713
12867,13929.358
112401,56080.375
37848,20147.133
121452,5979.9873
62539,13652.343
73507,18750.645
140261,30597.51
6052,41328.543
136462,8762.245
115599,39150.977
15931,11070.854
82942,5010.943
41021,77458.33
112447,39257.562
69132,9667.143
35206,51250.645
141141,7039.366
99668,7172.185
20803,39951.336
148925,4803.243
52696,81686.66
39728,57684.04
16186,8578.455
106051,19926.379
76244,11060.199
126366,5133.3027
17192,4432.833
41428,8582.355
73922,1308.5664
34072,22131.566
126973,1397.9414
33568,8180.9873
92661,35815.285
52121,59417.137
38093,32407.771
114104,7677.836
101724,9168.481
97783,15817.047
14957,3961.591
84576,84858.38
145025,2843.2078
88163,9873.5625
79791,34478.625
65595,868.7279
74194,27779.318
103141,122146.59
9040,8706.036
35502,9682.941
111097,57415.92
108737,3370.657
2234,15844.026
118299,215358.14
44932,15915.212
14586,68252.47
118128,39833.566
94283,18274.684
111709,4274.361
93664,83383.34
41115,22946.348
132093,127974.055
96400,8475.029
50540,68704.22
66594,30295.879
52381,6010.132
57498,44914.754
133025,31185.387
12243,13091.943
44230,19809.648
108053,167580.9
82461,58077.344
108522,26210.312
6610,8307.171
129665,45023.188
4323,8891.579
46702,16508.055
39615,54146.527
136871,155159.86
34103,9272.829
85922,25788.791
136576,46074.844
5587,10676.161
95460,21893.898
40528,14341.671
20846,41021.36
30029,10208.715
26360,8173.43
15534,8805.052
23945,13057.878
125673,4230.921
19267,53421.797
26099,24599.373
126783,5742.028
91077,36357.234
37445,86623.3
10492,48226.785
24404,16525.398
89912,57295.07
136271,5648.5596
84915,33437.566
99184,89314.914
121381,1824.4447
13630,44287.33
134633,9470.636
86549,4051.5562
21141,59236.043
9950,15102.152
54088,6304.0347
59051,51225.746
60441,23834.912
110094,97535.695
143427,17856.785
42092,6610.8696
1365,8550.94
38939,23470.576
1753,10975.732
19058,75548.266
24399,32440.385
17516,60636.434
130683,5297.6875
113525,8696.019
130404,26472.541
7872,20132.639
109691,9500.177
148036,66212.53
39169,3294.2844
57051,40071.004
70149,17252.133
147654,917.7643
132911,184133.5
108801,1837.4037
17728,89155.89
95660,28856.793
23243,65484.68
116509,26719.518
19664,6109.8467
129683,30276.088
127144,75565.62
79802,10804.862
67046,101126.88
125928,142603.44
134842,24766.025
79769,18905.006
49766,13946.875
136225,35905.625
127660,123033.8
20034,41124.797
72510,71111.45
80864,2271.4873
113644,17334.855
113906,26688.49
94605,12095.725
43279,19300.43
48572,181994.1
31909,16833.328
30596,30814.23
34313,6740.8975
146491,8145.124
61735,18036.693
75573,11735.739
98632,17347.0
45085,48669.75
126827,59520.863
65290,3964.2017
118298,34846.742
83363,15484.9795
100314,1721.9319
111328,9431.036
11211,8162.415
25404,5273.179
49477,4307.8013
113929,11792.377
13252,10872.539
2166,104446.19
65361,25927.8
109840,48272.84
133493,16921.182
69701,48048.24
115069,42008.387
56876,50239.29
136452,96432.78
805,102688.875
62535,25766.857
147014,4778.1343
65670,47753.83
81607,20073.074
68704,11789.905
58458,55841.016
244,59588.562
85667,28380.908
32228,57630.74
32200,18952.88
84463,56121.836
117140,176242.0
75847,29658.352
28662,6200.143
40257,3184.388
133621,16463.545
48971,5745.1157
141570,91659.8
127743,5205.199
112266,26964.52
28528,5550.4834
39767,7292.573
83648,21653.336
22214,17832.982
148836,11365.433
110270,22486.875
123998,21363.38
70899,9790.213
121660,19574.488
84257,58254.285
71672,30667.586
1304,30611.33
72351,110851.984
139899,11793.263
146253,21587.182
71878,143947.34
26962,2502.301
60222,27573.928
34160,26999.24
8662,51266.24
67958,12283.989
141552,81471.195
36236,8629.14
85602,23575.88
102130,12809.514
45170,15352.231
32840,68190.016
108328,62095.156
74729,1864.9515
45989,95713.67
43758,65314.207
78411,75723.66
68464,14633.126
51570,28924.797
118358,49083.094
136596,5847.5596
47394,11038.842
91209,18545.605
48297,46076.367
55283,28047.773
147488,5040.1187
42790,85648.71
48034,27356.96
3615,45059.375
130823,121472.04
42273,234599.94
123530,24393.234
137409,7388.9243
75042,5541.4165
42555,15200.879
70642,15491.489
85995,37908.926
140702,40705.45
41116,39626.977
7449,67693.48
103426,-941.51764
141730,8887.795
135301,18659.336
126641,26894.465
44442,16007.102
13851,5340.3486
85876,5923.443
47815,6295.525
47078,1091.139
107264,11817.73
72220,16346.956
125785,6264.4087
126061,6999.7393
42928,188437.86
69502,9757.726
69248,5688.8066
5586,12004.734
25298,56535.023
35319,18291.346
37253,17695.373
46291,41737.066
22542,8631.801
45220,1729.8397
39246,44379.6
2411,84041.34
12353,1123.2733
118356,10122.625
12563,7379.945
86429,33517.06
144687,1409.7113
97899,22845.008
120549,5858.0083
140720,9765.293
56494,190040.7
36076,4514.9062
134552,5838.604
3597,5395.8584
44990,17874.146
53896,93207.484
67712,1259.3782
136293,63171.332
103941,17137.861
72854,29764.951
115627,62333.63
115033,9865.655
99190,1800.803
53781,16568.357
107723,6134.444
51278,60844.24
70201,15750.473
93092,9567.948
53811,50178.723
20124,63397.133
56694,97097.87
30747,5211.931
34504,61776.145
144543,26950.342
75893,37142.695
109636,6947.3413
148225,39613.9
41195,8862.881
128714,17699.926
68348,11093.743
98421,89072.72
26454,53782.285
34452,13190.265
96900,2722.5535
30704,16391.146
114871,3758.1697
141802,23902.107
103010,13231.922
758,17662.393
77265,57998.727
102416,40225.523
80523,122706.805
43537,12558.426
125979,6624.3667
90137,28721.426
106375,10340.246
12194,7497.3755
41520,47678.082
49167,52585.723
119968,37877.887
528,18371.31
131194,63986.97
81548,18616.041
44048,15584.1455
143808,18915.574
93275,75994.33
126212,47846.87
117112,8178.8623
113709,31522.115
124533,176077.16
87766,104516.0
148185,78906.28
116040,50949.15
68341,46902.598
149091,95819.66
69691,10544.337
44008,14781.642
89429,3549.4375
149951,16654.713
92158,46739.84
2975,12435.29
55396,51578.89
90376,19564.252
78869,48437.887
123241,16804.426
140299,2769.8538
115863,21339.252
60523,23242.283
110943,81742.6
102244,4532.524
142812,94852.52
110494,30866.396
111415,36816.535
72881,97839.19
132299,30769.424
133457,18654.785
36687,13160.623
38873,45693.062
80328,8022.8965
100132,73981.96
124306,48686.53
40601,15268.311
7312,3543.8188
68380,10324.544
66164,53932.48
86480,68131.21
66172,3459.523
44467,18271.785
139495,121438.04
141120,6203.7817
53301,13854.151
13403,6656.6714
17386,37430.418
16679,13052.237
109024,7363.035
3253,29503.523
71238,42891.777
98612,5683.517
997,38833.195
1680,39225.12
50333,64197.18
15766,18063.709
77291,30231.875
99,20833.377
147608,11265.967
105845,77976.766
61406,149505.45
88495,19207.123
132793,9855.318
77491,12526.329
133130,6484.664
59348,32153.33
147580,29891.662
54554,3289.757
62311,33051.668
47633,8064.937
50751,14463.133
96598,6952.354
122903,123637.9
98294,37970.414
95722,37175.152
129624,32048.604
68067,38095.72
144448,8285.053
36801,43670.402
316,187478.55
125060,6509.3438
93614,36801.562
103504,96599.47
30191,33308.38
2286,33902.227
61241,4208.617
107026,43478.938
83496,22498.715
116250,6928.3555
55158,21734.217
51047,5323.3765
75120,20674.004
126669,3590.9082
117234,24986.771
62242,2422.0554
29929,120486.35
108492,43716.285
31781,21088.627
141205,96817.9
12500,45049.508
104945,35214.508
32921,7480.639
59197,24308.482
20888,44146.96
83540,21134.475
117734,7284.5747
27706,35128.75
98013,66645.17
62171,9275.077
43624,49616.715
56116,100685.86
36955,23601.13
17761,90080.8
144759,104078.74
75853,193892.8
5690,17911.234
80496,25692.879
116346,10379.064
35881,6055.1284
41002,112454.836
143276,23080.61
107917,56919.223
128398,6667.9116
116823,3669.229
128721,17644.94
64649,1993.0516
120659,215694.84
93792,29679.744
102721,55620.324
26998,19706.938
12055,44569.055
107670,34826.863
145848,8550.136
88664,64642.707
45697,20831.537
134323,70847.44
20754,10540.08
40341,3589.052
87077,8591.387
110730,5202.8887
110995,174530.89
27781,14101.162
134643,22756.73
138949,12428.792
32875,88992.71
144249,5992.4214
144010,11371.994
108129,105237.85
43656,16312.238
83171,47099.15
118976,6273.8184
137758,8355.117
73690,2588.405
51663,129669.77
148896,9006.303
137618,53839.01
31506,26359.2
71229,11615.922
123134,16412.604
118248,115350.555
81886,94890.15
110700,12948.769
88208,105202.44
102250,46823.81
69746,24962.717
120819,189914.36
140331,13083.004
125824,23488.39
89966,89766.02
54147,154156.19
115175,46787.47
88605,65871.31
80826,8688.319
128168,1151.72
29991,56775.25
25220,94085.664
131365,15607.942
59483,3082.5046
49903,21495.686
86012,50675.867
48686,12579.542
74754,3810.102
17194,22328.33
114298,187464.4
78199,82831.21
128036,38930.473
15366,22225.428
109750,2544.1836
129742,5402.9854
136173,91289.65
134920,115526.63
43390,101345.55
66746,59168.18
103473,21754.354
44787,24438.77
90998,35260.03
68920,106645.08
109136,65634.95
9836,470.58145
81761,52886.31
4217,23558.377
22891,13615.66
1752,9869.712
131114,6661.0205
143177,32207.914
133106,13602.136
110399,16159.703
60598,151123.53
26683,7116.541
142807,6805.549
60440,2034.8748
144311,29639.871
57451,8349.588
29459,23942.066
141768,50023.727
87341,1404.0159
97270,73298.38
103628,1514.4218
60476,463.54907
127442,9523.468
92095,14171.695
114514,93652.836
19547,11230.217
94044,59548.734
91754,5968.1885
147796,43766.04
42298,28572.385
22593,22954.494
52373,28716.525
51619,67584.96
146218,56812.45
97684,18344.682
146993,19169.02
146570,-4125.701
39684,162797.77
35822,99058.99
137454,15608.33
43055,215917.61
59793,34945.77
60730,10600.024
74930,99849.055
37591,70068.51
57513,41969.48
87554,85104.91
80370,35435.43
54879,4021.5686
106795,58453.117
54939,9206.233
97541,28483.004
44069,80744.61
68751,83469.805
3772,21935.361
26479,21433.438
28622,43105.215
57301,102844.67
61262,82594.71
99856,17040.557
33823,8737.55
58299,7353.079
147878,49755.52
114577,66580.72
92086,6211.833
133694,27611.303
31372,52894.953
83833,41569.582
17440,26181.309
10708,41120.863
117448,11396.369
111220,18781.59
135169,8312.101
119451,75875.516
61943,12721.45
114077,6112.606
36689,84371.96
98361,3139.6775
142763,21213.832
110565,46806.77
107815,53067.4
77645,76536.56
126679,64727.7
143139,11246.363
141247,9466.165
112737,17029.604
11239,46473.492
52544,8835.965
7837,5575.3687
33695,14617.309
34568,128294.984
139828,26318.623
32404,10886.501
74766,843.0875
47113,31804.85
27806,7809.8003
69286,34083.67
6858,2458.2034
19631,8627.469
44218,3655.4558
91292,26671.139
142758,500.73895
27828,9071.632
92980,39442.57
20673,51420.656
9787,16668.615
138057,30872.043
5582,49012.566
64135,76196.02
93423,65247.22
56171,8411.946
59673,32058.62
64243,46331.297
146736,13728.859
58910,68546.49
35817,24403.297
34449,7617.4443
97247,9643.793
90484,22966.748
68984,13834.956
112064,17392.941
82398,4839.318
88598,6016.82
130031,25194.672
86694,21027.07
25383,15353.249
58184,46358.254
81451,90516.305
38910,7981.7856
56185,2374.1543
107913,13561.637
43608,11144.69
40024,28169.852
131592,11592.384
2238,102900.22
99790,71337.54
64360,2890.0427
99360,9063.941
91858,29160.275
61324,7740.8975
71215,40769.824
119009,16728.469
47302,18168.322
142120,82170.516
109679,47608.535
99744,120592.78
137003,19589.562
12148,44708.895
135495,82085.4
53907,9366.004
110062,1363.4198
27504,7557.856
98409,7244.9556
49617,8456.591
11706,24356.148
3892,46743.207
94164,5357.231
43394,67790.59
18976,6397.17
49278,5809.637
89259,3244.1619
49351,8725.227
110602,3476.918
105541,2779.3325
90033,20716.01
131311,5538.2666
110125,79357.38
116523,17670.81
69382,28836.053
55182,85973.18
43804,27165.6
144458,5075.2637
149518,95476.625
93975,17626.715
37386,3140.1504
37411,163124.02
95296,17879.33
121056,24463.46
138209,15307.282
21580,8262.58
74623,11700.004
136699,11992.4375
8751,108660.28
111103,50738.37
89973,51402.43
120876,34121.562
71141,6782.716
101031,57423.395
83838,21291.645
136470,6260.5337
4325,15265.981
52272,29478.135
84509,2392.7405
55806,100437.9
59303,5245.8735
88924,206725.08
81993,112351.7
35933,87659.49
56305,5259.966
100408,15828.747
142083,17207.432
8165,5386.4287
88907,27802.34
115637,172356.84
96685,100328.46
71467,18523.879
11639,21870.646
100474,9301.726
96901,20399.049
126387,56190.91
27075,19630.57
34113,89927.164
95345,88625.42
138051,18621.99
66078,17170.45
135117,87785.695
76447,6092.8857
60034,39853.02
133006,75731.21
41737,113036.44
91906,2908.3528
129109,24991.482
82378,29649.357
97094,31715.078
21791,12790.199
111122,18830.604
144932,5203.7666
131658,2698.3867
83670,20961.291
91009,55176.223
34155,32475.645
51195,10906.634
59664,29732.4
6975,11383.99
61069,339.5735
59493,7050.025
131134,8029.2896
9752,7767.462
11671,77550.734
143494,20669.186
56224,102062.6
129442,22354.684
47743,43909.973
117701,41558.367
21608,26917.588
115764,406192.38
126100,13135.916
88915,2697.8481
65628,45832.91
116834,48914.61
5609,6987.29
39158,12737.014
137438,16217.033
76503,23340.484
82525,33632.99
67518,28363.992
91723,4226.384
100974,2430.2808
61697,3629.7986
82683,4741.95
109334,36003.293
123271,6456.21
111689,2688.9844
56177,26447.74
21013,16416.303
101401,23001.068
133350,2209.6465
51041,20622.668
47771,6005.1626
145026,201758.31
138136,53782.65
2199,5362.9517
73023,20617.4
45313,118478.0
51481,16679.02
20370,19853.611
13281,29883.205
103405,9751.719
67126,51776.723
52689,39823.176
80123,5539.4863
133158,15756.851
94920,16450.41
35127,3642.7598
40861,933.12915
47069,3553.265
116500,4380.14
126871,5806.295
94924,26461.998
144578,8467.45
131609,29159.988
61594,29760.285
139522,10643.647
62181,2252.1633
27718,30912.744
132004,11090.37
71699,18172.736
135327,13707.238
80920,46005.51
111137,24638.684
126697,5611.6445
71530,12566.607
110849,11533.666
68579,1244.4691
20884,3636.8684
93774,10349.205
85098,173951.7
84085,6880.0015
143421,42471.5
125800,6883.0913
72461,25277.65
116676,10132.785
35931,30522.943
135391,71980.414
73993,23411.385
106609,135821.58
58880,3869.2139
47531,50351.56
21745,13262.591
51094,6220.632
35572,55695.76
108202,96247.25
101103,18975.451
15973,2512.7634
133488,14254.485
130540,71316.26
91065,42846.555
89977,25433.695
21552,10147.617
92184,13855.922
25145,17576.164
17,26837.15
51728,24049.855
87492,8736.468
8244,90182.07
64936,122521.055
17689,27853.62
67166,27608.732
20437,21579.057
44162,26444.719
104608,2577.1316
70359,12987.638
149901,150451.6
19286,5584.823
33046,24793.354
109871,23440.521
17080,22232.787
54175,20091.686
26765,31385.025
119645,62906.926
3142,24061.777
72890,43851.523
76014,9230.795
62932,4490.1626
115335,80099.26
105587,83219.65
106348,102212.1
111062,9240.261
38365,60080.664
26120,7185.75
28258,22547.52
77609,8768.834
48504,3350.3333
147704,31444.256
125024,26542.934
46101,13991.544
41958,70799.42
30110,30077.75
104927,2778.9587
3984,4863.8325
103099,91914.17
35592,8085.184
29219,11010.227
110016,8561.999
111641,7969.803
34274,7635.165
144051,9730.114
112815,4110.9346
45464,21021.88
56531,5818.826
130989,20451.697
140933,75624.66
143841,45000.11
7653,176417.83
103281,3909.446
91140,33949.5
17552,33795.16
94060,20317.682
47387,31381.428
24645,377306.7
47211,8281.272
11132,30354.133
102757,28146.775
128632,122489.414
11833,70395.56
93430,49918.98
5624,1762.717
90949,40333.72
54009,13022.713
72163,7747.503
25489,64877.21
132238,8136.679
28802,26935.846
53788,86977.16
140266,3646.075
148798,4327.6753
22068,122333.94
106860,3736.7292
75782,13158.07
15605,24042.238
131757,46914.227
32567,17413.676
3025,313622.94
48539,-548.52185
124166,16779.809
113988,3132.2927
128993,17304.877
103570,52832.844
87432,184319.16
68531,138349.66
79720,19406.912
56557,10763.937
52756,27499.438
147198,46440.07
134071,8730.869
74196,131937.98
90942,6306.7935
27277,43214.703
130171,10030.0625
141975,19261.477
74060,8003.848
20202,68546.35
100639,18785.305
41308,8942.921
107781,6140.09
51940,54338.926
20529,2491.8472
692,35190.742
82375,33850.363
47511,8978.343
62391,299502.94
139009,11613.7705
47460,6642.2803
100039,24096.041
77835,52020.883
138312,9232.382
56818,30290.037
109993,74574.61
16048,191162.3
99382,16840.377
40828,90010.43
80511,117920.92
142387,35087.777
104064,41989.55
113780,6029.515
43500,46117.73
116043,40532.703
123125,27162.19
100611,15656.85
43812,30456.787
46882,28036.621
79942,180986.36
41940,6696.5938
67862,118304.26
116970,41015.254
10224,88240.1
120147,9726.668
145858,98484.2
158,11420.974
32260,144773.89
56761,9521.015
127784,10676.84
36215,37749.57
120756,96686.41
66695,1800.8624
143556,6371.3203
49051,7504.404
129443,18916.197
16099,10312.594
105438,71883.16
122429,64793.594
103247,8489.712
108654,7158.387
126868,1600.2081
24327,71167.41
100302,33762.746
38030,26015.258
146251,33569.85
143889,36101.035
83977,46220.23
139655,22258.156
72268,10290.15
63049,14616.655
136932,12390.823
90257,32059.348
126808,65789.12
83696,12281.113
83671,11883.648
27913,123710.375
22107,9336.424
56803,71553.94
57588,23882.057
36220,68409.49
115817,10677.108
143984,12125.051
29527,26812.031
130634,74291.88
149664,12172.36
127725,3490.571
118403,3584.4094
70251,18662.402
53266,32130.252
145649,50739.25
56920,28214.088
16417,81504.305
110830,12250.571
101268,3953.357
14968,17884.422
127094,118696.93
97379,9142.854
28144,1807.4824
149311,12250.571
40896,54584.254
99431,9376.991
143738,21274.924
33715,27539.38
48302,8989.175
90438,1891.6454
89671,11019.196
122557,40537.004
139570,189340.3
40810,3597.307
55234,31165.822
140388,40384.355
123895,12965.025
68832,96034.71
86457,1044.0793
104565,6390.615
103462,7201.3203
139546,24859.24
106456,560849.56
8689,9106.899
16110,29902.293
9455,11454.706
112270,56059.12
149048,16260.06
58335,21561.273
60874,19728.998
143404,89795.1
46326,70727.22
27453,219342.4
136724,16747.012
27202,23523.268
90534,193888.19
5272,4595.3423
99333,106332.76
125972,7091.5933
46606,8009.906
38123,1865.1045
147113,3566.7144
134471,30437.482
20948,106192.836
111825,23021.717
131664,20548.703
33918,12954.168
75766,47306.066
19101,16595.807
77768,5478.0625
83753,6696.3613
127707,52613.426
88857,24480.541
86481,61413.37
99654,1538.6708
139255,32749.135
95021,1806.4529
40241,11810.849
115477,83012.57
5427,4560.4375
116871,62609.46
29386,22862.928
93740,1318.5093
7404,15184.975
52446,193053.39
55585,24337.223
22855,21383.16
84151,15403.513
52749,24965.578
101908,12174.931
38874,47962.066
124571,44942.395
97210,96548.14
46496,5429.0986
22678,76465.19
79915,5507.7437
72352,9855.2705
2064,319611.94
53132,8655.72
59952,259.30252
146623,2079.632
38341,6782.705
60712,24702.393
29417,2962.9631
93457,46425.137
89961,93466.516
88069,11110.759
138048,96425.78
81486,13000.082
124113,6865.5054
132928,15767.908
144603,8093.8584
42869,16997.617
43610,3212.1235
35535,3498.015
102669,109428.1
88203,114310.81
62592,8413.382
26887,14534.042
3685,3473.5347
61784,76640.516
88183,46107.453
65842,13339.169
95927,62388.2
123804,13011.147
146603,38275.086
136830,19399.137
86986,20526.086
50497,15667.291
3904,12293.643
109284,6163.344
130167,32317.445
124308,7644.186
34932,32777.84
3811,1642.904
51057,73044.26
111545,52876.523
10766,12269.855
82641,4348.9644
50130,23664.625
114325,17313.508
59451,5280.9785
115480,104032.61
26303,32132.588
33296,33211.94
93933,28547.342
15944,286422.5
86002,83544.07
87925,1649.7192
53419,3446.231
4071,10300.487
11383,68030.81
101254,114580.88
130180,37899.74
130239,11110.72
138710,5625.0474
29984,1304.2142
21948,157294.08
115555,3627.164
21854,40186.52
31657,44519.387
137724,24891.2
112586,19249.354
68570,2883.6936
119967,61881.848
47906,9739.993
128051,34621.56
61740,50480.164
95383,29287.994
141786,53242.61
120853,10669.959
80178,43216.58
146350,140286.45
128480,49719.383
7462,8873.524
118675,6151.3486
62797,44387.734
107352,7323.127
79073,18981.377
93234,41607.85
7316,8694.637
126019,26551.162
94045,42142.035
34988,94778.64
98299,41535.63
130456,6594.8955
55568,23945.46
58149,338484.56
110579,48750.223
14978,8970.375
94395,8700.529
139865,50590.492
13123,183651.47
52938,3956.0752
130236,34159.766
20327,45073.527
67997,7644.5967
40771,39331.246
43179,79428.086
54252,126203.805
136334,105542.92
90649,4675.7505
149544,8585.156
63414,7198.9893
68221,80479.37
147434,29249.818
32311,20587.383
113172,47478.93
138525,13634.521
23941,28765.293
78744,12582.024
34592,53990.42
38136,41482.56
121777,60318.82
22612,50138.668
108498,103023.08
54918,77726.61
46862,16222.117
32247,7037.8057
72362,133813.6
31221,15254.975
113620,71361.32
14105,2797.1433
89041,124863.195
72302,5947.898
136729,9426.756
116025,46089.867
63268,195210.48
121794,17029.861
110689,20648.37
54874,20300.36
111215,10178.793
114152,110284.64
86051,50392.16
122667,21678.115
64464,124006.3
113040,9239.523
28880,10500.989
83316,32403.904
35742,169923.11
52826,94601.914
118911,21908.98
115610,16990.238
143666,15453.4
131763,7491.688
84232,81378.805
85524,161704.19
58230,27149.951
6002,14667.814
140043,8364.097
8000,96328.93
136918,10101.044
53072,347820.72
96352,6641.3228
3558,26354.95
45645,89351.375
128322,113777.31
36583,98550.83
41683,80479.086
141086,12104.624
89681,30969.424
40631,7510.1006
48361,112005.984
132860,4552.2563
136739,18630.61
43917,1209.9475
35343,37121.76
68471,5409.2217
66443,27907.064
110646,18159.473
87026,4220.262
62618,8965.007
21262,53012.19
123712,2480.3425
3911,25215.84
125152,51169.715
21474,7945.342
116416,80943.95
20390,308115.06
2048,77432.766
25745,91914.71
32084,37901.05
41821,20346.701
136753,53491.574
97935,60311.215
59587,41727.992
1122,62886.598
51960,93773.88
39411,5091.8877
23334,159315.14
111746,77824.48
146408,6400.112
128131,4003.1262
35133,26198.9
80815,5997.682
32657,32133.373
10932,42171.617
81078,55524.82
108277,10997.682
4410,94657.39
32755,27826.74
73143,25474.174
128388,37117.13
118665,44186.465
15407,20963.773
91775,62563.48
123056,10527.368
50604,30039.762
82238,44536.566
108946,84256.96
52243,107495.01
116752,102401.9
73122,7129.1562
75240,9183.145
50783,12414.816
62787,68993.73
47936,11381.38
132208,11345.233
16947,76699.88
108661,24940.918
82146,32177.92
41484,55799.707
73013,12925.176
68071,11408.601
148349,20745.254
122369,2407.5474
28166,16779.273
29906,6809.0186
44591,109224.77
28035,10812.541
135267,25132.945
111559,4431.203
128805,7641.8135
88159,113039.375
96161,43342.254
124845,73368.555
122397,9485.292
49677,7392.6235
1166,14054.474
55994,31334.348
129226,21791.15
99411,13136.219
109966,29961.688
71378,76612.95
104135,100603.016
37274,14477.173
131777,3918.4863
14622,3142.4817
100462,10080.666
68318,32845.305
140944,46948.277
85606,117654.25
76092,49572.848
22285,24048.121
149460,3204.8137
118961,12470.426
15826,34785.816
67383,11766.915
33775,3801.0857
73776,168192.44
105364,208329.22
47665,148458.61
96050,27715.01
72475,2788.3623
74091,36949.05
30347,28187.92
138975,4936.5005
10499,20207.646
33689,40580.797
26336,50836.47
54281,22091.488
77403,5064.41
48139,3953.3342
141362,8571.041
105839,39635.645
44316,43838.75
65138,152152.77
21899,16301.22
97679,18642.422
1775,4161.9917
14282,19174.3
11178,2109.552
45449,37189.48
67810,71833.73
3619,4307.653
14564,7666.7134
67259,28404.38
331,1217.0096
89190,33870.23
134894,26254.477
86354,5060.688
6495,14270.971
5035,27056.127
148724,4731.654
109079,9041.549
67746,73148.734
32296,8645.108
21230,39162.984
114169,57845.81
108048,29144.625
115364,84987.64
149674,67048.016
131524,3449.9902
113434,15144.309
95869,27560.75
121509,251771.47
115918,13837.32
127131,21807.521
90393,7628.523
80043,33402.85
57185,2104.6604
84745,96501.414
134273,1821.8832
145441,39849.188
32511,16659.44
15730,16882.957
99552,1477.3069
97297,10388.069
14701,16578.398
48824,18873.662
23068,45876.73
24524,6064.842
39881,3552.057
67239,17050.695
62708,59120.54
24422,6505.896
134295,89514.516
37092,48825.605
44029,30173.781
136165,21897.082
80652,13299.086
27917,11668.247
64509,25206.297
26839,101638.04
13534,15987.394
35841,88994.89
145501,21474.9
56340,4189.195
129982,14994.98
80429,48923.504
59621,24939.59
75568,3640.1606
148712,7146.089
9026,4743.9717
33496,8916.359
101476,9790.606
76293,4586.4565
47134,50782.707
71401,16675.418
38431,41301.547
94165,22476.107
123378,13352.186
48195,32487.291
122411,11909.38
65917,22709.86
106344,41920.594
24855,2865.212
34217,7328.505
29651,121532.805
128942,62338.016
147656,3158.2507
67633,5680.365
32713,21575.06
86518,20377.943
104237,39357.906
19298,18726.268
63384,33610.43
127513,11087.493
103121,186279.25
97442,19485.018
31597,4664.281
9022,18963.04
19488,45911.55
31175,5699.674
81938,157542.31
58194,12025.481
106429,13723.1045
20543,11328.05
99420,58716.03
40937,45901.43
77939,28119.203
128898,7255.478
141822,7926.874
14343,39390.465
77109,46466.94
107895,18290.115
31426,18277.28
59531,8124.697
74484,92540.555
148533,29854.785
25519,84.577126
67940,132884.45
112452,9209.287
1111,13281.54
437,5796.98
59255,14994.991
100897,2438.6094
91881,9038.37
91656,9174.933
81773,23961.715
13292,5448.2188
116278,82614.22
65857,10723.273
9273,10460.317
146802,4160.1934
28623,12211.304
103718,49644.445
67899,3028.4841
113407,8800.979
138129,47749.01
65634,84001.9
107820,52484.66
83672,38107.92
143081,29640.91
80097,4933.778
131911,13221.47
39854,32707.37
17015,39843.15
125779,7623.102
25464,13083.623
148686,55245.0
127962,37140.105
30388,8683.234
65501,16614.988
107590,74874.555
92892,13607.4795
21627,2953.1023
107684,46627.07
48283,15135.904
34215,7281.9688
48829,1460.3837
1837,60181.04
76479,31901.707
102984,9804.456
94241,14866.984
10567,95788.93
135181,33093.86
5170,12458.37
83414,3284.9265
72484,56473.758
111025,10037.968
34009,75431.13
71909,65741.88
21677,13750.867
121524,2306.1309
117720,11666.517
102810,16686.684
136353,20801.385
64398,19234.69
676,897.63367
346,5805.6626
55254,16818.93
86162,16982.793
96339,15345.313
107649,148024.53
80506,10371.422
98317,5513.975
96827,1871.9387
90714,35314.484
108870,2953.1414
2642,18981.182
38363,314603.38
17995,3886.1572
98672,26402.566
71396,76497.18
82024,39976.992
74337,3917.9949
95028,3798.5996
10488,31268.41
39867,9566.135
128044,3582.0427
90706,95096.86
48610,38919.113
137189,25557.693
29342,19170.482
61950,53969.242
36423,53027.523
46985,39861.594
43265,60576.727
78358,10188.665
122475,55967.42
43995,137220.22
145241,33234.86
10178,38998.734
91330,89441.75
37428,10535.275
114018,6730.491
46290,5461.5215
121716,27408.371
110098,95623.44
128542,9792.251
28680,18442.838
23771,68304.51
9070,2793.2732
54421,1065.7386
137388,21085.576
140769,20415.336
110421,260477.16
613,266367.84
37675,15155.104
72249,5381.4346
37527,86407.96
92062,63664.152
77014,11919.999
6550,12885.302
49457,5499.675
43214,10215.743
55863,38833.555
137505,11519.206
62023,1799.4829
17336,72235.055
147045,6654.4893
82994,44179.254
54484,4119.9434
42062,12151.424
113215,40962.617
88209,39695.215
81518,45825.65
122556,18878.986
27320,76992.45
94509,16280.084
142900,53149.523
17687,91559.15
24648,121725.53
41464,18526.756
91523,13268.007
57065,11007.299
54037,8717.69
35568,867.8478
67683,6835.9355
54270,18939.324
132151,29979.135
38334,100895.23
85529,6397.9595
47331,34280.9
97858,31153.709
89021,169815.06
83129,20726.277
124836,14183.924
104141,7848.712
64000,7725.4756
73669,42247.016
15208,9314.714
117082,34907.91
111069,18331.219
67931,22533.28
147765,30183.291
85755,79324.39
107692,73796.92
145059,3305.9822
120823,6254.5107
8729,118370.53
43315,88853.63
110148,83954.3
140950,84041.34
114717,2909.1729
7275,23742.957
24209,48295.566
131059,30668.88
10573,15158.486
50342,33551.707
15877,84471.586
149078,17923.232
97573,68118.625
77057,38232.773
145014,53807.332
126922,24868.209
94305,5254.0156
139246,30424.15
95517,44209.566
3507,50951.94
42305,27849.129
118195,42991.91
86900,12099.818
12809,6800.811
42540,17447.314
74696,134425.25
27865,12514.141
78817,25264.752
25343,3479.1028
94300,6554.597
41370,30318.715
56346,164477.66
124470,590.0664
142715,6064.855
26645,7261.373
129768,4110.073
96441,24688.207
145599,9152.348
141715,164759.45
46790,12910.494
130750,33224.547
100542,73535.22
95176,30007.973
56435,25844.49
123597,17844.285
73256,12255.298
149624,32687.117
104528,13183.306
28328,1051.2662
103276,47633.258
99341,32793.332
26835,17858.545
109852,9197.792
137293,23647.057
8811,9567.948
49627,16330.489
55482,115677.48
11596,10426.163
125461,108914.86
110731,11894.816
132984,32529.715
149111,31133.703
2273,9052.786
14918,6218.242
138948,63692.125
100931,43154.734
92795,50354.84
56295,57475.17
35657,38964.277
58832,73724.12
132411,94149.87
15205,153229.55
119007,21163.83
145861,54851.38
20403,11754.353
3339,86340.27
27243,34199.918
128856,11846.367
42240,88834.9
44382,32691.404
491,9283.032
62722,18505.416
53634,24971.3
23985,71121.23
500,130971.71
113071,114590.24
68225,171214.83
83574,115671.88
101420,35862.04
94916,10063.139
33565,9761.215
122166,20204.262
63978,49169.926
108848,18751.63
124229,5120.2773
82885,30437.83
55950,8813.448
13943,14811.997
51799,71640.29
30688,7585.6104
146079,31170.39
85349,36799.27
141415,47469.668
142663,11636.947
120844,44597.66
47179,5644.328
44977,10151.289
74028,17240.195
45507,16967.13
18613,52382.363
18402,161869.88
44438,7218.803
141248,82312.65
68849,126958.87
21758,28258.143
68459,8206.076
129614,60772.23
24979,9326.1455
50548,202266.12
70186,43704.277
142605,16155.678
137253,14630.328
23808,22345.52
12782,12704.983
147015,15430.127
128664,7566.837
3266,31511.062
141071,11905.253
74595,53855.79
103989,4770.6074
143733,14578.697
16082,3418.551
89488,6803.268
114357,73845.266
133159,10052.624
72799,18378.639
123876,122807.84
119496,34160.902
74237,12266.77
121729,28179.998
66679,23242.959
11271,14150.89
115712,84141.28
127805,5645.3506
94949,17281.88
128400,95149.83
111860,5758.479
14329,8263.047
3405,13255.376
60858,81931.484
133165,50729.3
19479,14678.615
122706,152082.12
106011,127979.28
99185,29067.7
127024,28866.258
20916,79811.58
128423,16463.492
28752,61399.773
127706,15153.179
104967,161964.16
20993,60527.28
80141,33958.254
37789,42422.918
144781,23272.492
79819,7573.005
125374,15777.798
89283,4098.1685
109984,45654.836
48960,30957.307
25097,18664.281
123984,53029.125
86831,95042.17
28457,51758.1
54577,6449.361
99824,186038.22
32221,84115.59
144597,37483.734
77969,22508.816
65245,17672.91
6865,37778.094
32037,3873.3694
83206,39133.74
132317,8706.494
31157,908.87836
72549,252034.17
116662,14035.469
126686,6939.84
128656,21805.898
15502,49783.332
36195,65722.25
124071,16039.439
28314,11867.786
129847,7120.427
5735,12620.621
80773,20999.166
91306,27558.482
144334,28113.572
32956,27187.469
63163,9503.9
140322,25603.105
51117,12961.57
74363,47237.324
23019,3775.0808
31708,100993.79
133802,3059.0715
67230,30784.729
70924,64808.902
138531,44880.293
123192,25029.43
95756,14572.872
4297,182063.7
88177,58220.836
118306,16854.045
92861,1775.2753
79548,38449.91
147200,11236.233
111561,64755.39
41363,7053.874
5093,5335.2803
49353,200715.56
5133,51152.363
16732,69930.05
93124,7822.767
89292,23437.895
98766,41499.977
55111,20388.602
135418,63219.688
46068,145139.33
56286,114638.836
99773,37731.19
26302,6720.5728
65600,7409.705
142102,3645.543
88250,8174.393
74276,29663.072
97080,4103.7017
33941,47714.562
148435,34442.797
130118,11920.054
1811,2310.1062
45465,6682.701
65933,31302.13
30720,9798.517
10810,10545.617
98218,16074.1
76978,11891.546
115182,30130.906
94707,9951.66
112912,15358.138
70154,21480.38
73017,216100.61
65695,117400.29
71766,7433.5527
20852,29428.574
22360,109337.3
134504,10545.4
39159,25848.234
123073,13324.042
112027,3481.1206
73913,6439.626
30234,2989.7617
125528,62670.617
38651,25159.387
142393,52017.992
91329,66283.11
95125,13128.735
17918,28003.414
126398,9690.124
7841,6102.618
105880,13548.852
15259,28146.436
22011,4811.124
21036,30013.54
59625,39142.555
99237,12691.676
39413,63639.617
17817,195860.73
13677,5884.782
42423,5136.3345
111941,31168.201
65098,9316.03
136776,11349.896
62867,21851.77
147129,1885.324
23386,68172.86
98670,10162.579
71582,23378.48
66958,22313.01
34229,40640.11
22372,25947.258
80015,29897.309
44931,7599.6045
144865,13236.094
122951,24123.9
39451,27537.455
40245,68430.5
144509,10469.536
64421,99782.08
6621,53724.66
36412,53216.836
87336,7888.969
111329,314455.2
31964,36927.41
26164,14947.836
88955,5231.555
110199,10542.423
31722,152570.81
117212,12995.036
12622,27650.635
50931,25758.285
22619,44849.79
45918,55046.44
18956,8036.927
96439,16434.68
39930,50071.4
147011,47861.79
101518,12982.043
69894,18304.822
36385,13901.305
93943,18044.99
79373,24233.553
14532,59944.918
13052,1726.531
20628,42120.43
11295,226947.06
127401,84430.17
88756,4065.5466
96225,79828.58
64231,15331.778
108151,8395.744
32400,30932.299
54925,66436.09
18805,37579.402
109762,41808.51
90599,57544.71
146312,9549.503
2947,2417.2202
83184,29436.244
48056,32443.318
43828,50303.312
96892,63587.89
139206,6547.5693
93387,47761.8
118668,33749.96
139215,3158.7224
25460,42940.938
31650,113548.37
133207,35878.418
133859,8335.036
95832,290295.0
10622,16772.656
92323,9137.043
56454,63572.45
6029,2051.3472
106987,42709.742
135351,7799.882
17654,11139.026
22827,33345.203
29578,75508.52
125350,46305.996
16953,201113.39
145233,104983.42
14306,13964.985
72954,37008.64
38540,60211.27
108634,5551.031
66598,116414.13
47245,22366.121
127049,2951.2007
8411,18765.45
39946,28625.816
108325,10036.68
35755,26499.3
60181,18111.94
23478,15878.009
112716,63462.957
70817,17112.78
102160,13178.231
95730,29573.178
55590,138747.67
19141,45035.453
107632,6821.5923
115373,53237.81
120951,4781.696
56855,14243.309
104053,42268.504
143830,52893.984
23651,34040.53
90467,3877.2139
129739,10715.541
26981,81549.04
67473,5915.143
81036,87292.94
83674,49264.32
27524,27381.223
145187,19400.246
124619,108480.62
15008,22488.543
46816,35324.55
130578,7094.595
21198,77655.09
114893,53775.137
104679,17113.668
115740,20947.672
6010,37213.645
40957,64897.918
110686,30243.139
10362,53828.78
3416,9531.587
124719,16766.055
133186,4848.5923
131297,20273.912
45303,8287.097
24713,93935.91
19956,35645.17
91584,20872.87
45563,9386.969
97451,11827.063
51049,13781.204
33526,38664.92
143475,25055.111
105115,7268.5625
59521,15562.451
91519,9766.642
146815,112135.79
114958,6082.1006
127115,9292.393
18379,7423.9873
23070,43477.23
39104,16943.08
47534,36876.94
26788,171447.9
59726,82385.45
146236,21480.363
66757,9587.676
49406,77377.77
8699,17457.19
23087,5302.4595
43441,13422.181
129067,6702.6787
4629,38210.93
146133,20070.385
131037,69077.5
3953,62532.523
42091,9427.779
26052,155805.48
136951,25776.504
97737,33361.656
12812,16631.934
77282,144314.34
62533,11823.52
56281,49658.188
34440,14636.895
6300,9670.953
107088,12859.213
15176,49158.99
136092,54064.53
19770,22228.582
99468,129933.85
115172,3547.476
93644,6392.949
149880,7047.137
137908,12036.612
116525,33543.234
75909,7313.8594
51309,136753.77
61976,13074.51
100244,50675.28
95850,3530.5205
120431,185653.81
4858,105609.26
128682,74210.44
18630,86677.12
2688,7174.8755
41811,3929.1643
6836,8824.982
48593,63145.55
33241,3164.366
131350,5584.118
33400,198301.72
50515,83686.95
131415,7430.371
58750,24286.65
110852,51090.297
61125,85883.96
42027,11746.334
144178,33543.22
95995,20901.31
129440,68531.94
15368,2555.2178
91463,7707.8594
111791,54223.223
58053,6001.672
40478,5574.0454
125462,13598.365
118967,68523.016
22243,1586.3081
16940,2588.3862
8786,30621.588
23843,3534.405
88176,39519.68
144338,1480.1444
84307,85790.836
55701,96265.336
24152,108903.125
88959,36106.402
88607,12460.968
119096,3684.414
25851,7458.5176
16619,12233.163
72120,6000.8013
11003,25649.879
133586,6118.644
11483,4400.3145
144998,54971.816
27621,26258.896
49572,38064.047
92059,27447.15
82213,2778.9587
96336,5418.22
121304,87490.31
111058,6529.866
66855,39088.02
107453,75686.766
39375,30574.092
130826,58108.855
53418,17842.523
102382,3247.8923
88354,11767.995
21632,5226.572
67373,31792.986
113555,53443.17
18716,39951.72
49151,56185.492
25165,9605.699
101256,19928.055
88614,3055.594
30094,1035.6315
14073,4249.162
82924,11889.565
6299,119620.78
58584,281203.9
110422,12596.608
82102,67255.875
74152,37415.008
107772,15580.057
145243,38485.3
108620,12276.196
111268,15220.714
83748,10881.353
59106,57070.816
97837,13164.356
33500,156711.27
147961,82579.31
15452,73275.12
119455,16981.56
82553,1185.9155
114096,7093.0396
73937,44114.098
74717,26105.031
67811,5828.3223
103561,6518.796
96626,139553.1
178,57694.438
35049,16524.928
47657,8112.966
25257,23342.36
31547,124764.83
96216,73924.76
14682,6082.7183
66430,24422.016
63356,33243.195
134465,30532.467
128340,51797.72
25550,14133.105
121766,22757.834
104308,14771.541
124885,67380.24
119108,59207.785
127616,5211.151
89079,24049.674
58183,19111.096
74879,8443.87
24119,33434.91
130300,5452.0205
618,6664.883
142734,3113.8962
19836,105574.67
2250,216633.88
100994,10336.961
137604,18739.562
84619,5977.119
52834,7502.565
139467,5603.8315
140053,12302.503
8412,31036.248
75894,77754.47
49673,7074.658
53592,25575.064
107248,26732.387
110930,3035.4224
136714,44306.457
41656,21366.088
87418,73001.125
141117,3030.0747
119658,37053.402
33552,4711.8154
99216,7419.7793
17378,85180.164
99886,5956.845
114572,2756.5254
17248,61227.01
40392,50616.492
139066,47593.996
18371,9375.201
89224,46995.195
126161,5094.015
115622,7323.1406
3043,21493.082
27337,43255.684
71072,112471.98
131930,28711.848
54680,6854.8
60520,250082.14
39079,6387.003
83907,13915.8955
120273,28129.21
13235,19750.62
129556,8730.633
83025,27539.27
42220,1810.4474
46640,133216.58
129081,43882.074
112910,8054.345
142934,63726.418
38445,28010.94
138946,6360.1567
52584,18568.916
72258,12592.258
5007,14169.142
47228,6100.854
138367,34947.984
84831,47034.78
135951,17602.994
112332,19314.715
90185,52743.17
66490,45761.95
143234,22503.764
71775,1764.9926
2305,25114.178
49687,25730.188
133109,45265.406
77695,3298.8477
7545,43366.215
31162,5310.0337
108034,64097.56
94199,15307.712
63149,23663.451
89692,33329.023
115946,9005.021
35431,15282.124
51798,13547.156
15706,3630.3877
107061,55108.258
129611,51583.414
100125,8223.459
92606,86473.44
136013,107666.09
22379,1534.5198
54084,34364.324
77868,5312.4355
4161,3615.0845
46198,25234.154
131673,4167.392
104138,39477.734
123297,17549.371
147569,8456.831
44680,169283.86
69506,88384.39
14573,158459.33
39347,62713.043
42430,21011.395
37020,7317.0894
64862,24326.893
37257,1972.2592
40123,3085.79
18593,10294.115
114137,44306.457
125263,22073.906
110462,1723.0814
22408,14845.542
31666,42129.895
65463,24445.057
86274,107509.414
74682,2934.54
126048,111785.305
99280,15432.297
13230,16072.954
98173,27707.31
79914,28811.799
84142,89088.13
110271,194152.52
28394,3512.9104
141310,5484.7124
147073,25748.596
80902,28418.03
50418,35763.434
107074,8079.1055
144793,44687.656
97349,27217.105
142420,101916.0
78159,60489.42
137972,10880.499
34598,40107.395
53392,16493.99
25617,18995.586
11741,114160.58
114706,2613.151
2791,105940.37
108579,23842.875
114374,67027.35
134238,6351.2695
29154,43260.73
44975,18216.234
55816,7943.7534
75206,7962.1665
51279,27997.13
81834,11301.741
52492,150184.89
63755,28301.004
81971,15622.955
102692,6497.497
11453,8871.221
21507,82208.0
125265,2761.694
146299,13238.918
27970,72860.11
76942,9889.922
133716,152588.97
60362,10482.718
118735,78890.52
125693,31536.146
21101,11596.217
101668,12515.398
85981,129812.52
55516,152115.31
54497,23798.91
115808,8083.558
56119,103265.1
143946,61588.58
147890,2892.7314
148612,3801.0857
97881,6137.016
67311,6665.921
99947,14922.116
76829,129905.54
109918,12640.498
53983,5364.927
71826,5845.0015
27488,9047.489
88320,86486.8
43274,253403.28
131389,5808.5356
14072,9904.476
118373,10726.76
119762,18917.217
69486,52263.055
64333,17553.8
49205,8705.207
16986,13376.769
135644,3992.3884
112621,32662.863
7415,84898.766
1170,34843.125
148816,81105.37
102110,39403.336
6290,819.47327
79439,57755.902
42151,49885.35
117152,17359.457
483,24776.115
123099,5469.2397
144232,62127.047
20354,51701.652
53718,91499.055
56573,8397.724
135517,68144.375
81540,51145.676
54479,52741.41
24144,2223.064
123810,10827.375
116814,5275.906
78859,4892.6553
7308,3580.947
9454,38862.297
62681,19349.025
63827,156003.03
137031,83894.445
58203,9426.756
37929,32377.041
94492,33953.492
14032,21885.309
9727,3140.9907
31250,130196.82
52495,17715.605
54196,10182.306
90416,60313.895
42731,49442.91
109495,3483.0708
142832,466.76086
120742,89773.914
76913,11875.053
132569,4153.698
79278,17960.637
131711,114519.805
16449,30993.445
143934,13544.912
65330,6018.714
32183,62961.895
107637,808.0489
114440,63819.02
70609,25448.125
142104,37380.816
34254,7150.504
92520,163650.03
131219,14866.094
107238,90145.5
122604,21536.082
27869,90180.445
125443,43705.035
143607,79945.17
101758,37068.45
55442,63887.71
64757,17389.535
81918,1847.7612
144782,71157.43
80605,9982.251
76551,2214.2036
68057,15676.763
72212,86059.24
98823,131811.08
96440,82104.33
132953,34582.848
12736,3231.62
131869,3337.7039
148345,23533.506
104095,1074.815
31534,123486.85
104809,29326.535
123962,59408.188
66496,44553.566
3337,86645.51
142580,192252.48
104773,66574.25
9645,4170.1465
7381,10481.267
37919,11042.772
7638,43196.348
12306,77506.58
38380,34656.156
57837,12002.74
72109,6824.3193
63631,64402.477
100550,9220.037
101971,18475.162
106319,11994.372
30528,112325.92
23756,17327.79
24692,39240.816
31946,91335.32
105675,15263.939
104186,37737.656
136329,54893.203
11467,111545.516
30219,12482.749
143598,32855.1
103451,8979.659
81880,13486.815
141153,15375.901
137674,13393.471
109298,12176.8545
62600,7442.828
109646,6357.625
14935,113153.52
26963,15631.103
4390,3385.819
91010,289588.47
114671,42292.05
132009,158743.4
145926,33939.586
89407,4292.495
36762,26293.49
87218,20516.773
14770,13782.912
144479,20516.305
95762,1315.1
20159,132636.6
149063,82208.0
30045,100983.055
94562,3188.768
44338,12583.771
49298,34982.656
121439,19638.725
41635,8504.759
30647,21585.715
17907,172491.45
132056,41068.01
18846,109542.88
35970,97671.5
137303,12457.298
125731,1897.5161
6514,5131.665
42164,70379.266
118613,38239.51
11318,40758.96
109382,33996.906
100772,1767.5267
122259,9465.614
13195,30234.232
39855,17785.795
58960,40632.793
95885,9052.786
14952,14347.4375
119345,9632.562
79090,14797.3125
146059,56131.586
113250,52260.81
65144,83018.55
67449,47636.26
82644,13968.073
136049,11099.477
99406,4362.208
46970,26332.072
100672,42844.688
147527,5745.2793
130233,17148.686
97445,5064.328
32380,89150.36
6470,120577.875
122344,22748.137
40849,12414.61
85354,3586.584
56079,50465.176
94504,76746.82
44548,12688.382
70721,10466.423
39002,69766.21
51156,10090.398
14338,6820.486
140303,52067.492
42257,21934.652
11329,291144.66
113534,27969.238
75290,31332.148
112832,14032.495
39508,303866.78
2872,165340.66
103485,11064.01
15657,18875.588
130885,75109.76
26123,55504.574
112610,47460.977
34516,8973.521
34331,46037.67
42196,58601.344
131179,17408.123
40129,27260.494
128485,51540.2
95248,153772.02
141466,29376.729
47197,50089.145
56327,118901.9
106403,6219.35
113066,3192.58
136767,8247.151
117748,21549.662
138472,57961.48
73277,18061.861
112133,5066.2046
17833,28247.346
148808,35657.895
7223,95314.71
90772,4423.6675
25175,6591.701
23151,44913.75
35462,90022.35
61940,5660.458
146903,5058.863
123981,28005.186
116697,19092.553
45882,27428.004
103751,41233.812
118310,137415.52
131569,13136.976
91086,5609.467
109963,117201.266
58140,40134.64
32630,207107.75
107,35142.484
38573,96445.88
143231,96095.97
129001,22185.58
122611,2883.6936
117727,206244.05
44356,12043.637
2948,2780.1433
147519,61846.28
108713,47151.465
34885,26129.371
29330,23276.758
70557,104961.766
111766,3659.6443
30806,109907.09
97006,17509.016
45854,53472.297
17521,15270.563
116266,27611.217
93988,91067.46
117379,65253.707
133981,6775.874
128355,37982.316
4421,20899.184
126426,23279.123
148540,19590.344
104936,39042.266
50784,138435.81
90628,24559.582
58174,21780.291
106913,13077.253
83580,50612.3
104269,71454.29
98486,21549.395
45783,10978.391
526,7834.181
80025,20343.324
113445,27097.918
140758,12578.207
23218,25466.986
38451,29713.648
138052,7759.6196
130760,36851.387
26406,36549.137
80099,4507.2827
8429,5560.6836
23700,14364.088
2101,36661.008
125235,1288.265
68847,15630.587
101934,56994.812
78936,23809.742
94626,6267.6733
102685,13372.7705
99782,5010.209
33140,18117.24
25174,934.7288
43889,89290.99
128279,35423.188
57407,104659.914
123642,19017.984
102787,39341.906
115736,77202.81
35609,10520.017
44521,7405.3003
32896,32243.361
94515,9931.879
58897,27523.068
98334,21339.252
104509,22975.12
149468,9106.345
98069,13058.568
60885,14402.891
28146,36842.387
134846,34973.09
48348,49517.48
128261,16852.875
148458,71103.73
85046,37326.63
55107,176834.83
38076,36922.1
130508,5708.789
11138,44563.78
117303,28885.984
128533,43634.203
98194,16336.876
98959,37982.316
129404,24779.729
68538,9292.917
139654,37111.15
133659,37848.44
101991,8912.55
4532,5946.169
121227,32532.338
111046,45594.58
9790,25093.227
4581,47676.145
92104,97854.5
88794,1790.1305
95597,1988.2119
100403,53953.008
127879,23709.768
85701,7637.3457
30646,9335.503
141882,9572.445
79490,43776.027
6199,44873.344
97517,86377.75
146390,10631.039
52486,25202.236
22298,24974.988
73052,105089.21
3826,26774.168
36180,15214.057
56414,39853.85
13140,44989.363
25073,27400.504
48340,12175.893
866,112665.45
116962,4666.622
90435,42172.082
105806,139557.86
120367,18652.018
17649,31772.75
149724,67754.19
13377,37945.504
111738,19050.451
26916,45357.523
109335,26276.5
91471,3150.632
102057,28597.43
18303,1075.6381
142231,9550.12
28576,19281.27
11862,40923.848
69896,160055.11
97747,6210.199
26988,19062.285
129880,11225.555
118440,32179.098
66905,39370.84
109935,98610.016
104427,1179.8477
138352,117992.7
92597,2738.3823
69604,35813.93
49157,30065.959
62587,5155.2144
102218,15328.917
75646,4168.813
12960,6508.845
131575,8129.0063
95515,257703.9
6560,14088.36
2322,2773.9993
117027,25610.266
110387,102971.51
132967,50696.332
77151,8705.565
141875,31902.557
611,78838.01
43113,3963.8496
73211,7513.0283
44713,52451.824
121575,17962.262
139490,122363.984
72648,86903.516
119525,30060.941
13454,20852.354
108727,7701.6963
48624,42850.34
30593,38792.258
98593,89430.13
101497,119229.31
95887,111441.87
123878,5376.602
113982,127162.83
82565,107306.23
78099,54538.582
40543,5457.095
42860,17184.182
44331,16589.871
105044,12259.801
108937,68399.92
109338,145604.84
132615,44227.113
41436,9258.0205
18836,40563.02
54402,47854.855
37249,43841.01
142680,34870.836
30060,33270.086
131402,101526.16
138278,4285.177
57261,11161.161
122230,17919.094
50121,18729.285
20283,3689.2231
36942,517.2803
140709,59633.254
15274,57557.305
115014,9279.16
59297,7571.3794
116045,8592.593
67463,263854.4
107096,28923.135
59544,53112.258
24658,36083.133
81598,2898.3533
31806,12467.392
45622,4692.1465
105529,5630.3706
84607,155844.19
125228,111823.9
88771,5446.683
129701,3321.1262
126570,10247.292
105742,59533.74
73872,100537.016
12215,65724.58
55052,60240.453
121704,22921.234
110678,46856.02
44747,18715.283
108204,30458.654
137862,26475.256
65004,23428.01
111071,30822.408
81750,22561.564
14964,26634.979
49329,29511.027
7619,11249.881
92212,57154.176
117433,64412.508
34014,49688.03
119899,52175.008
30597,129812.52
25973,16605.297
102065,17956.02
6979,126662.164
115449,6411.7783
63974,27459.416
38553,82628.43
72092,83370.586
66868,51880.953
86113,5194.4854
82623,9582.889
56262,100791.29
58563,61465.816
128770,28028.236
49792,3535.7844
23537,12173.233
42037,13368.578
30148,12961.021
33555,14151.7705
102651,9380.037
94629,52913.17
1081,7398.6094
44276,21801.416
80540,17437.234
100928,14371.587
66705,10731.395
13685,4004.3828
73814,9999.592
60622,140604.39
21626,76265.88
65826,33700.254
47328,6168.479
136774,5799.6465
123460,39472.5
136035,93708.47
30964,32636.377
26899,108152.516
89479,11447.797
88006,22801.79
58670,23261.36
139441,83014.555
13056,4641.1836
20109,107882.63
117566,12737.345
91161,101027.62
144073,131865.33
131814,68572.02
14297,1562.4714
65879,38758.16
100859,17761.865
48287,28870.846
124351,21393.86
141183,6601.615
54632,11847.609
103452,194867.39
114100,12176.993
105015,35379.582
49699,13269.03
122958,23522.346
101731,189750.39
129276,30267.266
84188,19202.195
89138,218985.83
118409,4096.7993
33016,21687.867
146620,96915.625
12817,63077.59
78414,33919.2
74340,60528.613
112942,17714.037
131326,130423.77
11224,38926.926
52326,4415.257
38319,16861.846
33984,5315.1562
17033,32346.793
129629,2223.202
107410,17101.031
17317,29852.504
79757,10079.634
108896,34347.773
65564,7771.996
141635,12177.415
149171,37625.797
136098,13392.841
54928,28214.86
133733,120912.91
10260,6649.6294
69342,54279.137
123163,6111.95
97426,34577.035
56491,25764.775
46771,88120.24
79347,107703.33
91380,17981.754
63011,11995.587
66283,14688.451
92879,34836.92
126926,38353.918
76410,12551.872
52886,35043.43
60925,19795.432
54119,19124.297
27514,12304.402
142600,42458.176
24112,33243.05
132535,38311.77
113653,80347.95
58297,59840.83
53800,6543.159
70686,15969.836
130030,119023.8
145039,12646.857
136292,4064.6082
7344,27290.58
101074,15346.246
98376,1889.6139
121462,3366.362
1029,94837.24
132650,50973.37
47741,65358.656
39303,46732.0
86607,60974.3
58887,3977.5242
33999,27147.219
94756,6840.247
10422,26804.271
60408,6373.7197
81358,38681.29
116519,2676.2556
107567,37498.57
72857,15802.108
84265,17859.078
66435,-432.59262
34367,33029.992
2175,5943.3364
68041,115393.62
46779,4985.3945
67679,24428.764
37686,8471.937
47312,3638.1838
114616,77239.18
24492,15669.665
125962,190676.0
118882,119970.56
59735,9182.05
106208,14132.4
95412,49961.914
14970,123372.87
43750,26301.697
4666,33565.74
88268,25145.932
46025,31979.246
40599,47103.03
101156,33458.016
138833,20028.256
57107,768.35956
80753,27562.836
99833,23585.611
143684,9554.826
75413,33747.996
64248,41898.707
23194,89562.5
111796,43099.746
88700,24768.242
125155,22950.572
27530,7170.4736
68255,44278.855
115387,16795.303
38831,5228.1333
68927,154136.47
70987,8238.129
67329,61860.508
46678,6287.877
146033,59928.527
105370,118869.055
76036,151038.64
10894,64113.85
148793,47300.508
113941,27438.965
36500,15028.997
18217,6129.369
30658,28121.744
27678,125761.61
50003,70639.12
54413,12868.116
2105,15241.323
100504,6944.0166
71158,7848.3584
29834,3423.846
74147,1787.3448
114054,32171.016
111299,4194.629
24121,10546.508
14705,3905.2854
11203,18197.672
19652,80415.8
134178,35889.695
131166,15857.856
94302,101050.33
40262,14700.129
9106,16652.223
54549,1419.1794
2421,35329.805
32060,83096.73
127782,13736.579
4700,9568.247
114772,72275.15
107621,112014.96
8090,35666.65
37657,13054.124
39463,3936.705
93433,33455.305
2665,99065.44
2660,10587.63
22922,102877.08
19285,38475.633
126852,4666.3574
61235,6599.393
132584,89920.92
15325,112782.19
42934,31176.88
44476,35648.906
46136,24705.586
116220,26205.615
41367,32034.94
32681,57133.48
21160,31583.527
45740,10221.118
105457,5668.832
143103,30771.494
117677,8133.476
81974,34675.42
100509,12067.132
15431,39588.85
57289,8525.428
3463,43412.598
79365,2443.059
58998,56350.074
74045,10135.176
92040,5204.88
117191,21668.992
46597,8316.151
15422,16451.348
140137,105543.65
127916,30765.12
26179,43466.832
23784,68439.98
78518,9682.875
23900,19667.51
126749,4157.611
128979,64527.84
69372,23049.97
65649,2944.0095
27476,16056.328
141178,24311.871
61905,3612.9192
141274,13111.278
45419,40727.37
115848,6102.185
39074,2384.6838
29051,97003.52
62448,11011.1455
5711,27016.072
111272,3197.4832
15532,81488.42
68056,9038.76
34327,17665.254
72907,54895.273
39556,4479.4795
83205,104462.49
81543,83676.414
90154,99620.31
59146,25776.504
96361,36964.582
30163,9996.438
94213,17067.611
45777,13420.837
122150,4342.6855
96608,128539.59
115871,10419.73
61629,10585.644
45362,50715.168
86673,193571.12
74417,8928.711
138068,14469.272
101428,157005.36
141887,33853.633
99643,8564.524
107931,2489.2231
63417,40157.668
14192,5661.939
65082,32807.938
28566,22219.094
72946,3964.0789
143873,81587.55
86140,2483.7612
40821,102114.78
62271,169918.86
70499,62506.137
123434,34281.793
130772,46175.36
131644,10039.128
42486,26391.342
48738,51441.613
50992,2588.652
78774,104268.234
39243,4536.0073
77159,13864.572
54102,4978.9717
13375,6021.0215
12077,8299.218
110334,6820.1396
129475,16836.145
132495,4503.369
28329,30148.088
41163,3179.4055
29132,24966.75
78935,18982.654
63102,19968.328
69811,58428.26
121853,24140.273
101832,104929.56
90203,122729.94
133813,172563.94
9029,12144.92
99133,4327.5854
44693,16063.274
4953,112087.13
124881,58365.082
49771,5678.194
12467,30806.27
64082,108280.11
67198,90554.87
109613,6055.0356
28517,14460.67
122022,21334.266
52122,5957.9277
79238,9630.401
34015,12328.456
48601,8023.896
109505,8329.318
53462,18723.291
28618,13714.103
136075,6408.2095
70463,73586.34
9730,55934.195
15732,5064.156
43760,29347.99
107510,16731.74
22340,6411.609
103440,36699.46
16281,2980.5605
86199,15717.369
122583,9743.1045
94452,23399.098
22486,53732.742
132142,106147.69
72500,19708.875
110287,7513.1504
136084,47995.785
33996,7108.6084
89872,12927.19
126700,73309.19
7441,69858.71
51859,34939.113
133511,11386.387
26544,14785.036
49042,73673.11
23379,11338.703
72504,20112.215
139033,3104.1658
46593,12774.285
116652,4155.188
79542,14839.646
17554,15149.262
57801,10810.969
105816,12996.571
119139,71395.05
23648,16943.578
75168,117254.58
58595,4827.4487
104090,22647.012
120790,23030.344
107398,26399.37
114110,12276.006
76816,22555.053
27622,97309.63
101922,18352.18
52674,84223.805
9450,97068.07
20789,58098.75
116624,65482.035
111937,29484.953
148772,61938.113
149450,882.4344
11069,30433.438
70747,57651.52
140134,119167.74
43010,15099.363
75201,8179.945
92473,60877.73
110372,48251.523
59736,9528.425
123539,4029.1
114281,9438.587
109218,14715.642
123525,72618.85
77144,8173.503
104084,17200.816
147303,6135.976
45840,173872.25
112565,77019.67
97918,9952.773
93101,125146.91
82181,9085.412
121158,13074.089
114217,62330.84
65133,114326.48
14538,2112.9937
53687,32219.94
80102,59727.15
97844,1212.1279
58024,102212.6
31403,28612.568
80194,11699.3125
52727,45765.723
46414,129628.0
131463,6648.9175
26492,82824.266
97608,9995.272
145111,28566.947
139190,85167.3
5099,5326.386
73046,4454.157
115293,176919.14
9344,10768.183
146731,17193.846
79065,21448.016
56661,73897.414
124652,5111.8013
71728,33654.73
95000,102797.09
38920,45943.566
101208,64968.05
100580,5457.9844
138004,34726.062
24564,20931.104
89843,18329.512
51447,20006.102
133930,18234.945
140197,6669.315
118854,6421.7456
21694,103316.89
26213,91864.7
140604,30221.86
103709,17758.48
10976,99388.984
48928,53609.336
71323,65432.598
4064,34575.625
96505,17464.588
63564,7302.769
69026,5217.7666
71687,15331.714
123322,46207.6
131285,34151.33
94872,4964.81
24170,17380.75
84668,25530.223
122529,3855.0918
88957,6835.9688
95067,78920.484
37669,26153.367
131829,6460.2437
40540,15357.121
65781,6244.355
62555,5873.9043
62872,29422.762
117203,144928.23
32115,22688.248
134008,4303.4893
92204,13989.223
30663,18670.883
106619,13405.949
44882,23714.94
99465,67953.75
12261,19767.33
82242,12951.884
93833,16586.857
15404,6552.837
58462,18417.967
102565,31050.848
2125,5582.7866
117951,699.04266
110218,8747.227
64816,20929.797
85640,54734.016
139140,29182.078
19337,6226.5034
52820,37831.25
25577,103939.04
43648,45904.402
42051,10631.0205
95505,119339.52
63848,39204.973
97487,7743.8535
98779,22687.969
99860,7455.3364
109731,14446.427
130113,77337.086
124883,43462.27
66477,53157.24
91272,1808.7177
29476,8551.375
322,23146.68
84019,77432.836
66544,10767.072
47441,15925.204
11701,51184.773
58597,1355.6986
57479,16935.117
128030,114565.91
48552,17219.562
82645,30753.982
27176,16927.836
78848,15688.107
28138,15867.9375
88091,3832.7603
36962,14518.034
71399,7121.119
93908,27564.406
64863,123764.11
139340,658.21936
14812,5361.5923
146969,16582.512
124720,13036.312
106831,29373.314
53579,6669.108
98014,18922.053
26049,4147.2607
111832,16797.578
7224,31478.1
51578,18417.797
75670,15498.713
22427,28280.57
60218,26602.928
129761,8410.581
42723,22591.604
29336,48947.26
127125,83479.73
118448,5974.7725
9775,34181.23
66456,39210.895
90384,5872.744
110223,11095.071
76149,9798.517
92111,12274.761
65089,6442.1904
94196,5916.9717
113367,15651.793
41488,31891.176
141666,34189.45
148455,5572.5347
35023,123677.37
127480,4216.8447
135815,62276.816
2930,159775.55
135541,79287.92
80951,146379.77
143739,23083.102
46221,133441.06
31254,22732.791
65915,10904.213
81899,150010.06
140619,41923.98
95307,162108.66
63719,53055.934
365,8753.592
21514,217961.67
56736,5141.252
89245,39565.582
130312,5482.178
128162,7341.6377
95584,9783.479
50127,14974.566
18020,18609.738
109684,41630.01
128492,6102.907
59766,152448.14
70278,4042.4941
40154,38483.984
27283,12662.215
43900,169355.78
1120,10918.73
38369,26596.363
108640,14047.259
55028,21069.059
16516,10385.8
22196,8722.251
94751,10934.425
73235,1912.5984
119078,2932.0256
78102,80684.414
122883,65811.99
134722,104804.484
109212,11509.068
86442,69070.44
44784,7374.1235
140121,3276.229
105909,12370.017
83491,11251.265
67515,28185.148
134909,20497.717
39251,21903.969
129722,13725.216
84641,21118.352
117690,59336.74
140302,48729.77
16981,5621.5884
7347,9839.172
106421,13191.623
14883,3997.7854
109663,8989.632
97836,10157.071
47671,12874.777
144502,32288.455
21178,212608.55
21935,67348.055
113625,77247.34
112849,9006.767
140683,37234.426
26559,48326.066
58679,21007.117
143201,25139.89
66126,50244.13
119501,153933.28
124285,18642.102
144636,4844.8184
19624,41760.316
89017,22111.344
58581,5665.079
9786,15535.794
18452,18304.516
39198,22524.049
72019,6272.855
130063,87217.88
113325,41704.902
67056,39620.836
52690,50686.516
61177,14890.085
110250,14426.8545
75226,35165.414
101912,52652.797
10721,9846.379
134311,202.13487
41703,252715.45
111687,4068.2085
38041,5364.856
90596,20113.531
90591,20246.598
121547,5085.8203
21140,386258.5
34084,12011.64
93832,12054.349
93560,34132.785
128859,42102.293
21280,14845.352
100687,14402.768
18745,10182.767
146556,76907.81
19489,40264.516
145771,15219.446
53357,7871.4443
107671,24988.963
140646,4926.1123
79481,6215.362
14690,6660.175
43081,88750.69
106493,3523.0903
34249,88081.164
40837,6383.019
116058,29405.48
113169,6433.7954
96211,16360.243
48000,3684.1956
108990,6455.974
28889,10565.675
66736,11873.863
17722,8091.2334
2007,16991.361
50056,24976.27
134835,40044.727
86672,6039.3877
106939,86328.47
20902,6103.6167
119329,55284.63
138509,10389.921
113015,144059.27
109201,43260.258
6388,3737.3691
73139,6459.2197
65192,26461.62
66743,105525.79
44800,22279.049
81309,56740.707
16040,1859.9342
114702,55913.188
609,8003.04
47919,47197.375
29159,70747.75
33461,36845.953
94430,28912.947
83677,6160.319
122207,24429.35
20237,35065.375
113113,12837.976
96122,12606.105
67426,17874.85
122848,43566.855
9674,124094.07
24321,10418.639
78223,17618.34
23949,6118.2188
45358,100348.67
113624,154597.0
20479,3424.1292
112795,113013.12
20701,63306.902
129899,41082.23
51618,43563.04
142437,29460.992
64782,10059.24
79959,15914.363
68632,15333.381
87147,12848.208
140714,4290.897
9643,3342.542
3121,4036.8188
75825,32291.072
8651,3383.8628
87670,34095.41
9731,21937.283
137825,19033.166
117449,1510.0236
73959,10696.149
37718,14620.645
427,31072.05
57330,61686.02
148370,97934.24
54803,42130.797
67114,313076.4
13167,87167.62
95142,7816.824
66436,19852.863
25498,81324.17
20305,13941.498
67397,15340.377
48227,24574.016
6556,13553.286
40651,10130.829
128069,2759.908
96452,14248.242
133977,21104.158
45436,14489.741
21103,537.56775
17036,68286.516
31339,13718.357
94426,7559.4927
66846,15205.623
59382,11923.959
77012,2610.704
36181,6984.7773
138168,149533.89
113337,1577.3102
72124,16152.092
107736,11407.329
133968,58455.01
136960,84150.45
105254,18039.613
128187,25480.662
64628,4025.2214
91572,29363.34
92756,2497.6338
139916,31990.379
89770,31907.438
29656,126926.56
10820,155110.61
20776,49998.504
27244,56658.316
18885,31767.252
100520,3105.5256
110990,9664.844
12864,6315.343
65607,14751.796
122834,4043.9165
140250,4258.7656
77644,37821.414
108303,18901.936
66785,15161.321
27839,12038.87
80723,13343.771
138660,49696.418
107227,4895.206
12371,29448.994
107547,12979.613
66088,59345.008
73827,29043.727
39621,82080.67
106830,16366.718
62849,18327.635
75346,13553.045
90560,10508.954
119246,50076.11
22839,29701.904
30774,18192.209
104187,284073.56
26253,132552.31
14619,139628.62
58288,63200.934
104561,100053.64
49203,18236.617
76511,99287.54
120765,357.47858
105599,107031.67
109848,27987.033
46226,27193.764
137756,85157.734
110776,4903.4194
120309,63368.742
1631,7729.019
147876,73244.43
113375,11909.38
67946,9285.487
7463,15959.917
116879,16177.8125
31183,41698.258
38916,53916.836
133492,10812.928
16923,9230.795
79131,16184.986
22370,171461.4
94323,9276.704
50845,8913.147
137939,38626.66
70256,5279.9033
140960,35215.117
125219,39968.83
113206,37810.32
98247,59729.445
106994,12552.202
109409,72544.664
135836,9304.585
126782,52632.684
145776,38908.77
47236,16432.836
73667,15046.922
140394,36553.793
58486,20275.213
119569,1693.8528
12946,14044.92
149496,27035.234
9762,18752.611
26089,20760.076
131154,45967.195
69438,68206.16
41220,21674.238
20643,23383.332
136017,168211.95
15408,14321.436
128420,41977.367
97181,42590.477
105682,13188.058
26325,13011.771
115682,5310.153
24320,30830.625
7670,73891.53
53903,117874.164
69672,8132.5654
88723,7064.4136
13191,27346.654
48632,2272.537
132468,7338.448
46264,21296.082
59971,13156.317
53182,10590.539
27995,24702.51
119344,8460.804
32396,21689.686
85081,24930.23
94650,8521.481
82897,1430.9666
129352,50097.844
8326,27192.756
16195,76014.81
96473,6145.509
16155,33769.37
23921,64086.41
125012,7456.077
52697,2513.558
115562,129391.266
30440,56421.78
16244,283735.8
15889,75755.92
51467,192301.14
50948,196182.98
78369,12075.775
113721,25308.871
64286,305056.16
16646,14698.173
119138,19631.203
15745,12516.899
42768,14464.798
145120,16317.843
80908,15811.569
78125,121655.695
105760,82072.2
132291,5889.687
14805,4909.5366
77705,10982.054
1437,57575.168
100982,20964.686
49143,27719.828
130112,51031.844
97843,19311.252
80023,188244.06
100023,33428.85
10293,15661.024
139967,9187.312
30565,36355.812
115201,51198.63
71751,17277.318
78178,5696.4326
122952,3601.0627
32025,10857.933
114833,76823.805
99923,83986.25
36208,4451.848
118700,19454.61
110077,24384.783
96276,12790.324
39011,13612.023
7133,50143.855
75081,5875.226
20873,43201.36
125289,18236.617
83441,6146.007
126054,7757.0674
103219,7907.471
16675,11059.648
144342,908.87836
146865,53288.473
138035,8464.157
91084,11658.546
72104,10903.583
111091,2573.2065
98366,56212.21
126816,39995.3
149525,186333.78
74603,34346.582
51248,19678.346
90174,40032.508
444,13425.562
31490,22364.836
9891,93718.48
49022,12030.169
117965,27345.361
67794,14331.454
63146,81013.38
12577,5773.867
84203,133120.83
49983,81975.234
138546,13150.9375
30951,38524.08
15954,16441.834
82922,29558.291
138798,16682.713
29786,627.84644
141628,13329.695
104405,18381.19
60545,44940.277
61178,23715.291
63785,2541.5264
97932,1767.1224
10246,96160.625
98732,86732.44
30634,65987.31
86006,23768.832
57915,16269.109
76079,158475.86
17112,58397.367
8464,51191.605
20307,46552.355
24922,48923.457
14245,5527.905
50514,67407.26
142733,6834.6655
107435,4121.0054
58544,19196.021
130688,15643.278
15451,12428.792
73868,51066.832
111039,48547.906
31670,57994.016
94623,21366.826
19375,6806.081
18248,37467.855
57001,4146.452
78745,5037.5396
107208,16260.294
78336,76372.86
139316,3537.6042
84091,5943.3364
96031,27957.525
70342,2425.0852
29436,32173.246
12515,48238.68
138558,88976.44
96838,7426.2505
120360,30859.492
33708,107308.92
25670,209022.3
95332,5984.4854
117964,17372.107
2802,7630.077
77305,15626.754
122465,9235.429
135579,62119.723
27785,26612.727
84737,17404.074
86781,51578.2
58991,32423.922
119689,50984.47
53394,65798.4
81842,75105.77
14954,18655.488
29773,36808.39
46910,17080.455
144316,16083.405
97456,130492.82
96457,74415.76
80849,83058.9
101625,29290.482
43549,10816.168
8468,17071.857
132012,62954.395
17530,15157.871
55177,14989.119
49094,2309.217
143750,50879.26
84905,8955.084
130342,40221.58
29590,10755.864
54988,20135.2
24675,38499.836
22478,32645.22
110781,14969.274
43513,12030.873
95226,75922.73
23749,5887.793
124123,84486.3
35545,11271.451
32152,22378.27
104966,59426.12
10610,82383.46
78252,75088.27
91579,1829.0726
97055,83597.81
49394,43997.914
63016,4653.5474
41362,10311.866
34373,2569.2427
34740,15155.616
117617,24405.246
136572,9667.143
19106,2132.216
119123,131276.48
41033,19843.314
117928,106494.62
30364,19317.707
72578,30370.629
47126,38283.3
53651,2295.365
130503,153374.81
137716,21827.582
137820,59340.812
104092,14149.995
75276,5032.866
134555,62972.32
82936,12764.395
10851,61120.914
107077,44979.29
138402,12326.707
32331,7884.885
69496,4743.218
40501,50489.867
28152,34252.656
4813,1897.7532
10549,59301.5
136547,15941.599
2862,7406.226
138762,24314.158
46170,11004.792
113083,82102.55
89070,110834.04
13416,70367.58
126637,24192.213
42309,6255.146
142043,5853.5596
41237,96560.555
77013,9420.649
23627,17402.863
25158,10195.049
81602,23588.102
629,102629.336
46031,31760.084
28302,109506.67
32711,12249.295
106529,43665.16
35672,9186.089
46038,68361.95
12006,50192.8
143922,40687.777
116565,4904.1943
141797,47568.89
59644,124216.86
129295,25558.06
15114,162306.6
43778,92446.59
91757,61209.355
116330,59774.297
118290,12434.85
29960,3089.9604
84153,8364.99
31360,30595.033
112554,26343.746
70572,8142.1416
34035,2153.306
27554,165515.27
83111,5121.776
14627,5890.1475
19529,8311.511
110572,54396.324
133094,10409.069
21315,23807.396
144663,11909.38
131199,3156.7576
125707,46672.055
89883,24228.406
140138,10572.459
110535,121089.54
118291,2965.9346
107639,34881.95
135304,26499.623
143019,18565.053
25200,16338.031
40016,179443.7
98945,37553.895
135942,31877.238
98829,5527.905
142692,47740.168
109652,16819.34
115338,6369.163
36752,29344.861
123869,57199.703
4477,31988.893
8775,6883.8945
40297,5931.2964
59420,30837.953
88142,27703.52
54829,30151.748
96372,14886.145
115166,4251.639
60647,37660.13
17022,7530.583
35295,8592.593
86230,42834.695
139118,7745.8584
127755,73941.56
63957,10389.31
65349,14993.397
12638,366921.75
144074,23751.469
130444,25813.113
49755,261472.53
6918,43709.117
41331,45769.52
137048,28126.533
60304,16439.818
146702,43498.957
47335,86759.72
28637,5837.8496
17739,47943.53
4157,9467.084
126442,17210.469
89928,83966.95
74606,330794.94
5871,59275.67
110884,1460.3588
6426,18006.363
1302,27522.492
11640,3509.459
129511,13572.173
45914,6182.6807
29506,115743.375
27816,61129.387
19959,99652.48
70328,13540.135
52247,1368.5825
84467,11068.067
61879,64125.125
67981,48916.234
134171,57488.324
75376,18877.115
64219,94702.48
2148,93989.34
52371,56208.188
14938,60424.42
54482,24829.984
107962,9254.417
95607,19506.246
920,27041.514
133701,9071.371
139633,97498.67
69421,3380.2698
54762,2724.2166
124006,10824.387
73045,22520.068
118932,15637.953
94936,3691.341
38740,116513.766
123482,7349.004
71386,109901.64
43038,36770.16
108888,23065.137
100950,30961.654
1636,2090.154
6874,5960.2183
78921,35397.855
122511,9475.868
53330,38894.516
135735,14208.252
97661,98233.78
6262,146014.72
13335,1928.6079
32159,76889.98
110342,89053.08
83623,17844.443
79201,4620.998
40157,54460.105
74810,24998.39
18573,8046.076
68556,31901.6
63517,9011.507
25459,20460.21
26600,22162.594
25286,17796.467
48466,10099.857
34128,11445.075
107412,69727.5
43386,165153.05
101524,14030.636
91555,2013.446
4927,8060.357
34307,89930.12
141585,38989.742
13938,7876.909
82970,23562.225
119190,7621.201
33616,18847.262
12133,10718.604
101214,8936.608
83749,157590.19
134501,24021.137
128496,10117.113
63302,13735.672
19474,99794.27
132500,3937.711
25833,82628.49
111516,8025.823
126511,35493.883
94114,818.93695
144981,105268.13
143641,11324.072
64880,127658.22
18706,9956.654
137911,1942.1017
137300,16926.463
631,29038.25
51469,19501.475
132223,9920.499
60702,179879.78
17411,27839.979
37735,60261.504
12389,14968.366
119598,38341.758
63902,106013.77
17791,13471.448
36154,300035.28
91370,4368.2417
48763,138722.67
87650,48982.312
18125,21559.357
148721,37409.03
119319,6950.3315
67880,4675.0435
135125,53079.0
127705,15198.603
80520,10291.413
148064,8092.6475
13987,2933.3962
66741,64055.137
19636,12821.204
144747,15931.771
128393,62406.56
115076,103033.55
90284,36245.715
78126,5691.4985
61624,58459.863
52687,29891.168
130495,20100.668
110329,10632.614
145750,3505.9026
125138,35295.324
109868,45716.41
41419,27552.25
134032,120797.61
111855,80097.09
15640,31565.771
137230,23312.436
75588,4073.6926
37948,96035.36
86331,57251.137
20244,79104.77
30717,37478.418
129300,6190.814
65746,4870.9395
16852,53037.54
42666,77717.15
7963,5971.1255
97,16270.117
104424,10986.095
95943,21276.463
86267,66966.875
37514,5979.9873
144744,4944.2217
4288,65706.51
27276,18080.303
73284,47147.42
20297,50374.195
94501,16951.799
99660,1815.455
85828,57280.016
69439,6037.33
69495,71785.43
136993,37624.91
3576,10675.114
88158,26886.195
99853,6971.194
106823,7721.128
54300,11135.604
122795,121958.51
67033,11098.137
28987,240654.6
149614,16357.147
51703,41573.383
75697,25440.834
121280,3493.4714
65049,87030.41
28079,37194.652
82633,11805.092
42443,96320.42
63675,26309.447
144741,8559.734
131580,133297.08
131198,9478.077
15261,25197.21
108381,86035.95
103983,36513.867
137890,30939.777
50826,21485.918
105897,59072.574
143491,1183.5029
78809,3673.6648
11926,6201.8345
12390,13499.423
64712,28309.602
64456,253423.45
132443,36537.09
59795,14216.667
73357,56002.723
46466,31715.008
44132,4270.8237
3650,28020.24
101871,35948.29
9052,3584.8154
149778,6553.2017
123809,21980.773
58292,19950.879
37986,12275.506
124589,33057.5
13751,17325.148
13594,54105.004
37671,18504.182
47625,5807.209
111809,35696.785
125656,8892.811
93317,9405.329
107030,13365.99
94587,88276.945
87052,16869.723
40912,20091.914
6809,27720.182
124052,23095.088
4286,2807.4663
114377,11616.796
68612,101886.04
33077,21213.242
57831,26320.94
6611,24017.852
133035,23180.613
148607,102395.07
144469,12913.385
37543,7754.0444
8084,10769.745
162,45547.438
86952,9008.086
118530,22871.268
112004,10339.172
22198,16082.283
56579,49742.445
93786,157744.08
6478,11595.256
100412,105047.07
107675,97131.99
140799,77109.39
51523,6448.169
44586,65623.484
1283,115487.984
33628,24958.998
91090,138627.48
80111,28212.229
116505,52786.645
26138,110309.766
144881,52627.344
77480,17937.424
123602,92539.79
91032,5475.5405
92539,24421.88
21012,83741.68
93539,1449.003
36841,18077.896
102839,28315.53
45863,71082.92
13444,75651.55
72798,84831.23
124989,8525.71
108810,21561.514
96508,30460.545
30407,5619.3867
58405,25105.406
27389,96342.63
131964,13020.126
123463,52829.82
26283,12422.096
39108,46018.793
90264,18266.896
26342,11919.966
93953,28323.338
112893,9233.86
11889,10070.145
55595,6141.3276
15285,6757.573
115667,29882.686
126609,3880.3623
131520,35301.707
36836,98032.08
36804,6236.6597
140337,2975.476
59779,536320.0
30636,25795.188
4088,33215.895
47754,65509.63
111358,11149.4795
14735,30614.852
66470,67946.55
81745,43758.02
53286,8499.379
97244,17789.78
119917,7843.4004
67531,41953.367
51126,60314.96
88467,5057.812
91113,36533.516
111723,29661.273
139460,8162.713
52804,1660.0753
78201,6240.302
72980,28635.512
117949,10904.213
27382,9632.011
129058,56790.227
70254,12475.491
62925,165699.14
114527,6664.504
114900,35589.625
54540,10434.848
100916,5796.573
62916,28903.414
87509,81640.375
88486,13463.289
67340,8669.069
82430,141448.94
107386,35972.215
75279,28911.377
37695,11288.931
103796,51801.832
31979,22605.604
53014,12624.996
39335,77211.06
85906,91081.91
92485,9379.927
124579,8247.062
87661,47351.97
129222,83624.59
88110,12443.868
68366,12096.996
13387,16858.27
93239,132898.77
36244,8631.281
38516,10070.462
107150,5177.1216
15046,15643.139
101274,49415.043
8642,35290.258
61223,29700.12
102178,30476.525
50542,22020.693
117101,9658.237
148096,8872.501
76267,65554.41
35070,10618.833
93737,9439.558
134353,20837.812
99542,44750.207
87794,3498.7314
23620,60954.656
107829,26094.094
85396,8188.0723
21053,3735.7488
14478,61723.28
26750,159375.38
134266,26157.684
67689,11679.605
79234,7726.4683
95777,57478.54
91410,12600.797
61416,7511.188
30348,44129.082
130190,55647.66
43312,6610.746
29769,69398.12
112787,5271.1665
2834,17528.504
91590,25116.904
83617,84689.2
21144,118780.766
137393,10129.054
89884,15942.539
47269,2036.6064
115240,3961.591
145311,25294.656
1792,29740.422
63771,3648.887
20917,77405.82
70551,147081.73
90475,29243.607
83435,5075.2637
136929,2593.3875
39247,15940.837
103159,87572.34
671,7136.229
106111,8595.705
123898,22700.16
78349,20308.846
3233,338194.16
73704,10023.702
147635,33365.94
48370,13374.612
96513,118651.78
66532,54216.38
65654,9187.404
52845,4011.0427
30085,1446.8599
28040,145585.36
67263,16013.826
132464,33789.168
54216,43394.695
93076,32917.297
129729,37941.816
145181,82364.91
45282,9822.308
68875,9497.008
60161,117170.96
105956,80450.234
60864,99701.11
60745,7487.686
106074,12416.3125
97356,67594.2
142448,19944.89
139305,125719.23
38157,156918.22
20978,3347.577
75837,9481.74
7756,67285.18
141403,10209.949
949,9600.698
74779,21327.693
106613,2203.7427
140062,8006.7715
14035,4953.8193
43418,4973.972
131774,40147.504
142436,5499.127
15854,1346.9835
11052,90857.055
128869,2856.3408
35287,50099.402
89691,15701.874
7492,151850.42
56008,21518.379
120055,8244.547
35422,15134.595
1685,19457.969
78789,16609.049
56445,12152.674
46603,133472.53
89261,138929.56
147801,6224.6255
139052,21561.44
109326,15101.677
140921,2581.3247
79345,2312.4895
77952,8923.51
51510,7581.4536
25884,187653.11
111391,8321.409
72184,1645.9031
31043,3727.0708
75128,77435.734
79395,119772.08
68723,24378.424
86417,130325.96
65795,49246.34
142878,2687.4392
107113,22780.037
71340,120844.625
100297,6259.2817
45917,128312.71
139451,14609.84
109266,45796.43
53323,4550.0664
28240,45306.535
96650,9267.213
95492,6223.3774
126441,4620.6035
129950,21198.016
85493,27933.81
60564,76652.17
75177,73428.03
8812,131516.48
119013,4331.0635
1510,6554.838
41558,2526.4114
24555,61008.344
42364,97632.836
43957,7635.895
40003,27942.715
5023,19809.395
108420,67766.18
84055,109343.62
40571,33790.66
32603,19373.645
64075,6141.3276
136235,6704.7886
91692,20333.934
88517,23518.06
77747,56350.6
75064,87710.38
81122,194781.92
2540,4187.537
92903,8109.8936
7784,3669.0913
103034,24963.12
103287,157949.95
146607,15076.545
137742,102734.31
47173,3670.8308
75214,13146.554
43176,19126.873
139815,16064.162
36939,101619.14
3116,3733.7573
149920,35563.996
143214,41346.777
109605,40554.59
45584,16598.27
88314,7288.893
36232,21589.014
57103,44396.562
8494,12183.749
17881,17915.357
66617,45909.773
68248,512201.25
3722,4718.226
50496,30118.076
77090,25343.568
39414,11392.762
147536,31268.41
138406,64094.312
56806,10414.3
25805,9989.87
128092,77925.414
134388,64083.24
27296,118212.4
54271,50002.7
120931,4434.049
81214,181655.97
127076,91111.836
29294,10183.7295
14545,117864.66
84319,4636.449
85263,64084.367
39817,15146.635
31913,42963.95
117847,32560.379
116360,24709.61
14683,11583.721
64985,17378.168
59731,15926.388
67159,5704.4976
138818,35946.477
85502,5861.82
28323,34066.473
70823,7815.424
132457,15793.159
38514,116617.4
29412,2345.11
2223,35269.24
128878,100250.234
68296,33221.258
66804,95706.26
90339,22051.049
36405,85854.82
119944,73499.26
89192,43910.168
43095,87030.39
9074,23134.557
44367,102389.01
38385,16341.565
82106,18352.678
83564,9491.053
122637,5963.569
63024,12671.853
40813,142771.53
24732,124181.2
27192,20671.139
82707,7009.7905
12786,4825.3926
97031,10609.612
74429,52985.297
32889,6522.497
33679,6117.5835
47364,2332.046
41007,16184.473
110352,9633.04
46013,11528.328
21454,26953.139
2582,14018.923
79784,14765.794
40265,3467.5479
134095,6793.8794
80458,31761.479
146393,44294.29
146776,50881.152
115597,12877.355
28399,3196.7603
43432,31618.875
15656,5224.4355
103327,21411.459
49219,53673.734
68473,47459.65
59759,8271.391
7566,3228.4368
63127,132393.25
37535,5078.7344
138021,95839.38
53639,39358.18
109430,25216.12
53092,79028.82
99791,28316.787
81411,3294.2844
47160,89659.67
37119,10618.836
130903,32390.088
125258,36106.957
70433,104017.22
100511,9611.049
87324,9917.163
137481,48808.168
76998,127822.06
82229,81391.63
100547,12673.77
13307,13003.79
50254,27567.113
143763,11497.09
141964,88612.266
118189,16695.629
67053,43651.105
29251,87784.43
71352,19175.385
123343,109180.516
109350,20978.014
70229,38146.105
94047,5553.6733
29938,33181.395
91037,17331.178
124667,32712.482
78334,25664.953
18894,61219.176
63352,5925.5527
80536,11034.56
1001,31050.309
136647,45536.15
42652,7708.5977
123519,17408.697
107197,6210.6323
60859,2235.1487
48923,6213.8696
6587,7187.859
31517,54626.535
144526,78523.46
35946,5524.827
58964,1949.0712
63472,6888.208
39773,6969.6665
31473,8103.4683
124505,50153.57
119260,11570.107
52952,126770.18
101124,8311.511
75726,22039.78
103313,23007.803
122056,38964.453
47966,34541.984
66974,48421.15
71629,14127.332
803,3357.4788
143187,6795.983
7936,10758.193
141269,4422.865
50104,24706.244
112134,43338.47
111977,2283.3496
67625,43192.277
56470,21242.834
18314,57621.707
137200,45225.88
61057,65927.96
33829,46046.97
102919,9934.008
34301,2155.3833
140320,1270.4702
133581,13918.381
28855,99799.95
147372,20145.277
9814,6775.5757
44104,3741.7532
131894,1677.7407
81767,36181.11
126114,27070.834
50738,44256.945
147730,85384.55
61029,124164.34
76788,34228.73
103649,88171.945
83279,65882.27
91915,32516.17
76442,20726.398
57690,24063.861
94712,34694.152
143084,4170.9014
82825,34778.777
69104,75219.72
63311,93037.41
134198,9585.947
120984,24148.531
7130,10084.154
72825,104487.23
62947,4833.3354
50216,2124.2224
101458,59777.82
107936,133929.95
28177,30943.762
39853,24529.988
94488,6082.6475
86349,15710.135
54975,16944.857
138255,31088.488
55436,20039.596
79902,11492.461
116861,8405.537
84429,9177.999
45309,76786.71
51468,15019.676
144324,119921.53
143452,40022.47
20054,243278.39
102734,29408.398
11154,19809.988
2648,10804.522
81839,51855.45
143419,13484.291
62399,120617.78
98958,10887.377
34211,7328.5625
134307,-376.81058
7025,92522.805
80695,14048.202
28645,33714.105
97314,11005.754
2556,126958.78
2911,93954.95
117570,31683.158
93074,1712.1237
108042,7326.6978
50897,9705.529
82877,60034.293
4976,52046.703
16308,38377.98
26817,14785.498
38870,6283.919
64238,11760.323
119544,8629.828
44017,15439.769
16585,2144.8025
103309,5084.8755
11493,101894.32
109614,10222.988
128983,20404.223
7814,33384.84
40958,22174.56
79415,23129.346
145868,51156.664
95228,6873.9395
121341,34566.05
86360,10292.284
48208,39138.85
44911,66015.836
12557,20029.15
24049,3869.9194
8900,5506.7544
89904,89586.93
7751,10714.83
127061,38823.33
143311,14469.336
122037,26446.002
108612,7038.787
106876,22810.3
86647,36490.79
67086,9770.31
145276,7771.851
84368,41370.406
6072,26267.678
108412,9708.431
113517,130823.97
138696,55027.89
94223,6116.6714
130198,8795.855
133959,29196.703
16548,57863.61
129225,1107.9597
99814,8954.469
18013,45542.305
50195,13329.462
16353,86164.484
120974,16401.604
79500,5637.024
63482,7842.3867
21671,55047.61
51298,931.0454
13747,23457.451
51462,12776.199
62694,31122.555
104312,39038.777
128744,15517.016
122129,23577.506
103925,4101.422
146983,130361.01
76160,22162.262
33073,44514.242
139210,57181.81
59783,18635.959
97373,25454.14
93085,10091.069
3420,4165.3164
98526,22363.443
53882,16933.854
110877,18038.139
68496,81460.055
39352,7337.8643
144951,5333.263
79834,2449.7583
110925,108724.0
118132,12553.786
114674,94489.68
93795,52925.46
111141,5179.685
57872,56220.44
8757,73402.39
144820,31425.719
13460,9886.743
78303,16468.562
12300,45430.63
69684,21261.479
118553,49532.582
40286,12922.379
91714,15995.071
59472,7443.733
7505,4132.6577
99980,54169.934
54280,125707.984
31602,63945.785
9119,43506.734
100735,15083.776
83180,22999.656
43497,61082.95
76381,2825.2349
111925,6477.4775
56631,27372.715
81980,7339.0796
10284,126338.09
11719,158361.97
131376,13358.984
49215,113199.09
130551,39875.17
52672,24070.797
1621,13032.817
80133,138025.11
146887,26954.527
75578,25354.932
14915,39005.926
140412,1186.426
102990,28919.758
125059,31841.07
17991,4220.962
31368,129525.88
74883,83998.67
67648,6215.1777
34991,10557.231
134922,58504.855
122255,3559.794
57542,224729.19
123892,1746.4812
40701,19871.129
11751,7997.9683
104639,74851.445
119545,67552.88
95274,190754.86
90567,35015.973
113358,26355.332
45901,11738.525
140079,20779.164
1809,14384.468
93521,12717.957
98982,13777.309
90308,29636.455
124404,5537.21
77021,13551.108
73796,50173.453
29479,1568.2351
117150,7790.062
90821,11045.272
9793,22405.51
13758,10504.416
92986,9142.012
966,809.94324
107062,14436.437
57078,85501.59
92966,93488.195
17332,19231.6
120226,6025.0537
36579,114650.375
149895,6062.5303
70828,62198.723
4975,101865.77
17309,19158.693
42314,20019.963
134963,28479.889
131622,25110.998
9497,22597.701
144370,25838.102
28556,17962.457
133205,59126.305
91157,91963.73
25709,11895.165
75772,40450.883
36227,7393.6606
54818,18316.287
149151,2751.7695
120219,64778.098
125484,22956.416
30590,14380.639
120599,41381.566
12469,3493.9348
90289,27113.006
90864,51332.688
121630,46037.062
2371,18705.531
104800,32940.832
92370,4272.692
104782,6722.1685
68147,8717.421
146514,5930.375
83940,5556.784
64377,5990.3447
140297,185198.16
124991,12810.614
137578,32893.812
111427,17972.928
112600,45715.727
94314,5300.019
102322,22954.934
79115,37069.973
149495,88120.78
22728,2795.7515
62047,9971.467
918,23953.035
32477,88538.91
28147,4634.3154
144031,2494.4993
79211,94559.23
80792,29494.473
121866,17183.691
62424,8271.948
102120,157140.23
99021,10032.036
111761,9100.747
108493,26102.479
80689,9415.347
80337,162966.39
92390,26544.941
3639,38708.457
78162,78478.305
104673,12841.311
73822,5914.0127
108101,13170.356
126735,217748.22
34518,101347.02
100778,82208.0
120070,35300.684
71525,10523.651
106956,4460.9233
100594,766.2368
66207,11116.759
99711,27575.2
80228,4859.1675
104225,3316.0366
13519,17667.19
10936,83618.94
44247,35872.867
29324,7027.43
108479,31316.732
121764,5150.023
135762,67693.48
10696,55871.22
34811,44793.08
133290,8061.6343
130416,50083.805
131900,128511.375
67572,8338.634
14291,4145.0083
22979,75988.16
123621,26765.74
101171,60292.426
38781,10024.335
65150,204202.05
66774,23173.701
27247,10842.1
76580,3641.7886
138141,16928.566
89384,7278.5176
48084,10381.068
79325,13511.065
118245,18464.758
6568,4079.3438
109791,10953.569
37734,289987.47
98440,1370.6107
10967,59381.01
122610,1884.9329
95213,8335.094
40496,104853.93
149640,90536.48
89433,7537.515
133481,37781.223
762,74526.96
57942,56253.19
93801,107333.84
40747,39973.805
85459,3640.1606
72065,7074.7915
106990,29692.143
37393,19273.281
8882,51671.47
48374,44721.152
12941,3646.1445
67084,6793.2856
26680,111164.11
58278,57943.918
124320,55228.324
61058,22815.197
26953,51121.93
23558,18712.004
86746,25692.635
68851,16021.935
99194,78225.83
26215,34847.742
26015,29278.166
100898,47763.832
128087,39766.824
12386,22881.94
115780,41152.8
14277,19837.6
146190,6602.3096
133181,46712.406
7686,14463.066
74170,8549.391
84262,6806.0186
10098,2788.171
26269,5747.427
69065,11764.409
126133,78799.516
146193,116857.2
109425,109954.21
124136,80296.016
61311,65788.17
110430,6912.16
142544,27896.162
125955,68646.92
6439,11256.927
138715,38311.77
36398,75201.12
70,3428.3496
44790,14504.403
35169,8312.701
35547,48425.81
17319,60290.004
57354,4799.1855
41041,25682.291
91268,6160.0493
128517,7606.915
35904,3099.4524
15398,16320.566
96950,7406.3003
129678,12089.821
48641,21458.389
38541,774.1778
78882,102492.99
34375,76579.74
50128,24585.693
103489,53234.44
28699,192677.03
80808,4414.3203
46335,115401.08
112311,11849.877
105991,31830.129
2304,17024.691
103256,54390.285
86968,32556.7
4869,33112.758
81155,74575.06
109159,12847.738
142557,33814.223
111144,5186.7847
22530,12305.804
142920,39737.18
70735,7174.639
84963,3635.1868
112835,24081.188
100493,59937.094
2699,131011.24
39260,21451.762
63078,107509.41
18321,7142.4746
57727,7577.0234
102060,96191.086
115966,22092.627
92955,125288.68
95445,5618.295
22552,57332.223
81165,6028.0166
49287,92305.83
126683,17752.682
29133,125143.21
102749,99996.35
80192,156247.1
70822,42050.027
85338,6903.624
9145,180718.72
7341,22481.512
107380,162248.4
101852,23493.066
85683,24534.137
5408,-426.042
38053,46804.668
70940,10624.0
12373,51493.777
356,5237.9126
85604,7372.6846
55064,13864.499
18357,80802.43
37395,34918.984
12917,18392.492
112464,1669.9213
123408,10146.106
29345,281939.9
9293,5064.55
59214,61594.918
75935,8103.1333
113951,4398.7285
22667,102261.945
78331,234821.48
114752,2365.7188
101455,23658.514
17189,12087.85
50437,7351.4644
35814,44639.715
23349,31405.453
64036,40248.133
79544,36285.715
66647,9174.395
140143,16513.348
138769,97880.445
147470,3103.244
104314,168629.08
148171,48351.582
114832,12204.113
124296,74116.09
12932,6998.8687
75088,11695.592
83102,34217.188
131582,15043.372
75085,75867.27
45967,28387.352
104942,22302.6
119242,56045.707
25084,61492.188
22899,20843.605
116841,8463.723
131112,1671.9174
104014,14182.58
21404,27652.152
53404,123552.09
28472,57736.72
77134,26142.89
29669,12158.684
81027,21834.379
145786,14442.947
25807,537.56775
51572,122398.2
71074,20263.367
63509,7167.7676
122416,34197.375
197,5016.4546
111007,26611.994
65101,13488.474
104016,25780.076
105551,142604.39
38658,155392.34
147893,55922.24
88695,8573.436
43293,28882.04
55139,11771.691
108237,81410.805
138933,19708.51
5252,35625.156
84332,17125.35
140296,9442.982
130183,8293.701
136236,102088.3
80731,38537.95
83166,72945.16
10508,69665.99
88600,122401.15
62907,9124.6
142365,33648.992
98898,17844.502
4458,6786.1274
115009,15120.738
72321,12112.581
143514,32833.637
132986,27378.229
12896,69906.44
101858,25863.861
105289,7979.064
35627,44750.457
128114,39991.973
116084,29670.648
119134,9023.767
50543,22527.268
98608,23569.65
128974,10534.335
140003,136743.28
88491,28738.389
35589,7723.1733
138972,96884.97
132852,5645.765
65784,19771.104
9343,25423.166
144643,5942.936
70045,27239.104
30643,16554.523
143249,14595.226
52603,8136.9014
79167,1584.48
76714,27561.234
621,54184.004
78624,152050.66
26262,109036.44
6453,112979.81
148979,25712.549
145336,5241.905
23947,29174.4
120193,15758.9375
140523,21372.021
123001,23957.225
65191,13656.289
108291,3222.2395
79763,32288.828
119904,15831.12
40834,149391.19
47837,22540.412
104383,19424.773
6642,34657.32
85456,10823.75
2462,118335.05
129476,10459.812
147124,78396.97
52103,1386.4366
58332,7310.754
19461,30902.148
91792,28800.902
135812,51178.29
84620,9938.27
80145,9938.771
118148,6387.194
56768,64913.977
121484,7689.4634
36993,30953.545
5414,144201.52
69071,11499.327
128145,5964.8267
132260,144442.08
119085,59982.324
43992,9634.313
100629,66772.2
99416,10593.981
141013,160530.03
125392,4363.063
38682,2859.6523
99812,8632.65
109154,19291.041
101233,18308.434
53511,15439.256
135011,16726.883
67553,27063.455
126450,37934.28
93881,18520.934
111345,10391.867
6773,9756.157
57853,23750.043
85182,38508.78
52653,27147.219
118485,53493.65
78944,46743.918
4041,35907.73
31079,28340.754
127104,53098.2
34800,14489.695
147133,34128.434
31888,13144.949
98080,10488.736
110181,5918.859
97077,114253.23
68478,11730.202
107257,16058.231
58769,11965.685
31734,3564.5479
110554,29961.484
134939,5973.839
134921,11364.108
42066,5146.2295
25071,6379.62
91400,60644.6
76529,2921.6433
50786,62048.184
13401,9305.283
65986,175393.25
32566,21202.738
59065,17041.682
49291,7475.001
36111,1744.3079
122401,18570.877
79206,2727.5134
50353,6234.405
17476,3389.6912
63456,25731.314
113370,6365.4243
93031,29979.186
42766,47657.363
98212,46090.523
80165,15443.899
76261,48659.582
68312,4930.609
10875,9294.368
131413,40254.605
88745,52536.992
133688,22616.986
139541,14470.163
51262,2683.8098
26098,42818.945
8534,21763.35
93621,26707.521
46978,24746.629
4028,13112.416
22152,18992.656
47883,54598.945
129752,22453.11
148983,6641.4087
21739,24594.547
126781,56393.605
140791,50386.402
70281,7963.9697
119718,65281.47
114750,7017.4365
68964,32320.85
140889,7510.2007
116288,17039.291
7745,62204.363
121339,76169.414
896,14773.609
81977,16209.722
98698,20531.156
63742,7467.711
65114,5487.529
15966,1587.5133
139920,1252.6187
52576,8152.51
71589,19371.883
103998,27983.723
115269,8502.379
97973,11026.508
24826,577.30273
134713,5603.9346
47295,5603.736
99852,39909.46
102077,64968.06
43285,15320.031
147245,8516.25
122000,6850.8833
148356,4057.9766
116778,37176.395
135473,2473.562
57461,33853.516
29831,12672.243
46299,7076.364
140423,31636.227
35765,1630.2155
93174,4854.1846
124822,47837.12
121054,70009.84
54404,26436.809
23983,2940.343
22055,9795.233
76831,132281.33
82479,119320.734
86148,11081.126
22413,40540.637
77494,31171.35
7311,101223.87
124707,14508.02
29870,102598.086
11165,15751.952
71936,5770.787
111439,121688.22
135647,131619.47
133093,2564.8904
6395,6330.7197
30808,22176.54
17078,69289.93
50904,81609.06
75796,30099.96
111500,40569.88
107920,6054.8438
11474,107703.94
141668,15215.946
91271,1502.7745
99554,16170.806
110135,6728.75
101993,2488.9492
16596,3392.3115
37294,34082.156
84731,16581.658
78228,123150.9
103580,22318.334
35966,29194.027
29310,2313.4265
148661,17586.36
26328,11176.336
84553,91820.18
18508,-72.54734
78156,49819.934
3333,37684.438
89037,18907.762
119471,57038.496
11820,9726.936
67305,98717.375
97267,20094.318
139235,31647.227
58412,59872.066
148314,11677.49
68842,47939.355
141045,17627.3
55150,21352.102
137283,15958.817
5458,160231.11
112234,39006.84
24549,111100.98
16288,65774.164
119289,32932.88
116006,12050.348
68536,7932.1733
37169,10870.613
47217,5618.467
91745,16127.234
58425,3634.6113
122054,41488.984
6162,2492.2231
69887,11342.611
37370,19617.256
1836,8845.966
68109,32475.258
63736,30073.172
10965,57900.656
139443,227778.28
73931,25604.164
20217,35461.42
149818,92877.82
16167,1254.4841
92557,509491.53
29242,60194.816
129788,25968.781
14373,16914.324
77053,49589.15
104581,34217.484
45014,2224.1677
62159,94695.33
45605,4301.98
62198,23090.514
122977,12069.959
63561,5778.406
8109,14573.581
144100,19691.86
35928,17765.545
134622,23629.635
21100,49122.414
111818,492299.62
66446,26089.758
114065,25285.88
131923,11412.457
132440,93848.27
17014,27537.9
79214,69171.555
61599,56649.96
9718,98579.234
53700,3670.7297
112904,1662.2819
78392,8156.816
113522,8837.273
35591,5344.882
78575,19515.273
47939,25604.936
67282,9308.205
69687,13793.617
96602,123621.484
120883,158205.61
69283,38216.242
39861,66198.13
134296,36063.754
4620,40297.43
107058,11283.482
93727,3023.8108
14461,11836.819
19875,4401.1357
72101,9886.331
82535,17039.443
138324,250740.25
126036,8182.3267
49479,49290.754
34743,38307.184
141634,10469.536
106152,26880.473
5177,56048.027
143330,81732.945
70927,82235.25
79249,62150.086
83245,18669.242
72583,25393.742
51576,18449.838
118079,264239.62
15983,2269.2852
3437,19597.521
69043,41844.99
4683,59323.996
38542,41287.426
11551,11137.935
97787,41923.98
30733,9739.639
59556,85611.68
104006,6930.203
121434,32774.477
8543,4020.6033
115230,20798.908
48690,54286.855
9139,21754.152
106352,41046.55
97132,170018.7
10079,14333.167
22244,75620.055
54869,10363.812
25112,3472.3867
128633,9604.811
95615,9400.099
75152,101037.55
641,-1207.4392
103157,32069.648
50990,46201.35
93416,37998.992
149013,19730.41
74964,95580.46
131075,101357.73
85541,4989.3315
74824,7133.5977
117513,65682.49
107206,4704.568
125851,201523.53
7388,43852.31
56777,14238.988
119042,3483.4902
76897,79245.37
38703,53785.008
75094,40011.402
52133,11891.422
144995,77655.09
10324,5559.429
13087,110376.64
100194,165522.08
1933,39143.402
56168,47952.156
120608,46204.547
123555,1490.8745
148160,51426.77
19723,4396.0747
21814,23893.422
119410,70436.54
125635,20766.695
130477,30756.902
49184,117028.734
42074,29838.248
138012,-1095.1111
68652,9784.064
107690,10888.217
21910,52529.836
34157,26515.15
45322,24248.803
46257,11950.671
88297,82780.04
44118,48902.184
65669,122166.81
116878,3459.867
3074,4030.0488
72142,53148.227
114190,29344.262
49551,2575.7126
29267,40825.81
22798,3272.4973
112971,15405.595
36453,39789.508
25820,18521.602
98854,26014.465
75571,30148.47
21210,8811.218
52010,125538.555
74120,1349.0146
72860,12239.761
75237,178502.92
95935,3337.7039
77220,4511.7026
13285,14328.94
105481,8662.893
119067,12153.792
69084,42913.19
148468,11534.312
125313,5180.5815
133881,3725.0923
103015,80260.22
126821,18553.256
1310,15466.799
115162,31755.639
124521,47222.184
35003,1268.7395
8621,4191.867
2430,6952.441
70679,55192.203
95234,73086.41
1742,9033.395
137693,1030.0623
53086,36359.64
97491,7893.9155
52575,50172.67
129819,65686.914
127271,24092.777
4332,29223.355
127693,26542.283
70890,18555.871
93534,25785.98
130651,12607.88
46440,18616.494
116575,23654.412
47752,47164.89
37716,90773.234
74639,122424.39
19564,95749.14
114353,2817.9023
132748,14577.596
75511,80781.91
72246,49230.363
117669,32475.412
30227,8096.157
42469,74923.266
14771,19682.797
143574,39985.668
116665,48926.582
72017,11689.451
90094,18787.553
46778,4351.5503
90080,3029.444
71707,10106.987
79331,67196.59
140486,7452.9854
56753,15516.477
11566,87441.31
111250,20716.01
25447,7903.2715
40652,37619.63
12479,112634.305
128302,138962.48
47051,15920.92
101638,8755.121
116681,17062.713
119325,71594.29
110504,7726.992
10578,21134.37
847,10062.017
8502,38396.44
138976,4690.766
108958,17696.398
132220,260673.61
128188,10185.613
91667,19795.035
38629,11146.875
13879,37671.58
60531,74549.39
99423,23435.031
60801,178899.22
56882,26119.885
96603,87290.82
110406,5289.8965
113494,10727.2705
24367,7547.6
103414,1553.2747
52668,78352.13
43550,12761.8955
15028,33976.69
3687,20333.998
139553,22395.217
125540,40911.625
20943,18413.896
141284,39569.824
29668,3260.883
115464,51109.07
36474,29185.201
3133,16953.633
109539,57834.137
49953,14164.675
148051,7546.3633
140735,6184.412
96483,93657.03
143106,36114.723
20330,2967.4497
84862,31358.836
50120,38197.523
1167,14398.609
32424,21205.727
50174,6718.546
89579,33996.863
111788,33164.156
105379,10254.709
108768,7789.0864
1296,2791.0754
143877,19560.814
23394,4204.1064
97206,18461.166
58414,11592.243
21111,32673.855
132783,14386.2295
43107,68986.45
115492,12657.877
38082,8440.867
85641,84750.25
45920,2875.6143
116146,8296.101
106372,9967.294
107921,44021.95
28068,24000.92
65427,14043.9795
58740,6241.178
8469,1229.4265
62924,126422.8
129221,27251.082
142883,4368.0376
731,15805.602
5431,71673.1
36526,14469.149
119267,103494.45
52476,25898.094
73825,67024.67
7906,16341.886
71835,23255.998
102772,5088.818
103547,5992.4214
135220,12372.198
108735,18416.21
63230,34118.383
132977,26114.137
67855,35065.375
6000,23882.77
10701,48256.777
30288,25852.387
46484,38025.582
29604,17176.62
83725,40313.95
145566,849.9918
73286,67555.63
51610,14142.527
3123,5016.5
53395,117282.15
98983,11619.491
103943,2343.408
89013,20936.979
143059,200879.75
26274,9937.607
136109,14023.154
115654,51849.668
19793,7047.5293
92361,10068.329
144327,10501.456
138584,154003.6
65313,4303.7427
46956,17329.084
57186,36189.84
73124,86943.03
122878,34072.22
132711,25101.336
102558,42477.555
53554,3110.899
131627,46158.1
60673,978.9975
108825,36304.25
15191,47796.457
112574,127927.41
147491,166008.78
111535,76571.375
124069,8584.945
82455,5772.088
1918,38676.688
70956,59349.3
116694,67050.76
116776,87914.14
15003,239810.38
27362,48513.426
93541,76122.734
22361,20080.611
15733,3258.2593
55432,264248.5
29244,8189.613
21862,58034.992
39716,3101.861
27937,3789.3823
63244,24532.041
1256,7016.2744
113983,116315.695
4811,6577.571
62915,25597.191
63943,26832.934
35930,57228.418
104660,11265.733
81936,2133.5093
25402,-493.67868
67210,23587.783
105120,45859.96
26318,42451.81
3179,66977.77
47751,31229.777
117174,6795.307
123590,20906.762
69982,37911.99
145598,16961.783
24898,98043.89
60970,15516.332
67101,29316.549
65388,25282.875
27417,95103.13
86584,20587.576
17889,96399.72
113432,4167.4287
146162,3997.538
101303,10149.463
41592,31168.006
71019,47765.574
53823,20030.777
71970,7827.8813
113639,1092.0306
67405,10346.931
73062,29601.2
56399,111299.34
16786,56332.48
31442,4165.1685
88171,36268.977
114279,26604.113
5773,3739.8064
87084,55284.63
54512,5305.0376
77166,3638.546
22001,30622.576
20207,51178.02
113458,6670.546
138386,3920.684
138126,6310.208
100797,12939.61
20795,160517.1
136450,54305.727
90425,26376.916
145865,17711.504
88274,4512.1226
50847,19466.66
100914,10743.798
11094,17907.223
110680,51479.35
49408,6513.6445
13372,3357.4788
149316,3240.5986
124559,57562.293
146785,136100.62
62016,26897.28
96107,9534.969
107210,32722.643
113107,3684.312
77847,16267.149
114386,3489.5508
149516,4651.272
76627,47064.844
131234,4025.4563
149434,7486.9863
13794,72484.03
108622,14276.958
123475,12293.641
87003,33438.996
108651,10500.344
42496,6555.7354
85475,17334.32
107175,73196.164
35531,141216.45
21364,22740.787
98655,36190.953
31102,31991.986
44388,59225.164
102277,44336.84
73065,73948.67
51340,1764.2792
112961,13148.306
20808,41697.11
61431,15957.628
32473,181604.8
8814,236934.88
62856,9414.933
27796,115634.17
109527,7679.08
53242,19506.39
68625,35977.242
56360,63119.305
17537,3523.9265
82462,9731.807
56436,5806.6196
7548,10339.294
99673,37733.363
110816,19140.2
69967,1990.1044
53212,9439.731
44249,29065.316
7299,23781.994
47019,33384.66
38264,9645.687
80595,26237.64
36250,53502.445
52792,15497.107
110245,26086.84
113471,17791.398
137127,19109.107
76147,124647.03
96691,12978.289
123814,26286.744
116707,15909.142
84961,5301.3564
17076,69513.8
13085,47638.82
132794,4609.043
97768,40014.44
25412,8845.722
114548,22237.992
70452,53888.766
92089,10474.158
94572,23900.088
146065,3205.9443
33564,16790.639
55847,21614.188
21698,22662.469
84158,48914.0
106513,5789.439
41274,209585.72
94483,923.9665
142383,41466.484
93620,45669.63
120916,41968.047
58840,18200.95
119836,8588.974
71706,91235.27
138333,77003.336
86762,11666.604
86504,5643.1797
73393,14338.989
136817,2609.3765
67827,7549.777
102822,151408.53
124016,13453.279
9552,40246.375
5507,4447.114
20892,23799.22
120569,9896.847
33697,54189.277
3129,51398.26
70076,404439.97
138298,23075.863
18797,6949.2646
13533,55457.203
105456,17964.066
93841,3792.2383
70043,17908.54
62039,7187.7085
41945,10611.043
60337,8592.504
21674,2413.0054
42004,2942.3892
30051,56489.28
98860,41105.438
38107,2966.1487
76556,5080.0537
133656,9335.828
88346,52317.508
15578,11005.428
71653,8529.306
86184,5893.036
48803,73207.03
134334,4931.9507
72666,45414.44
86530,143489.0
67355,10336.847
77759,39565.086
77523,101800.23
60548,25500.176
86019,5748.268
10994,12585.806
28502,5059.7754
93805,2572.5693
10038,31647.08
68476,23799.516
117806,66827.86
57433,14075.574
71563,128911.414
148213,27923.137
161,20757.348
46128,132767.97
144071,23822.057
76248,110071.65
63741,11553.454
113737,5205.199
44775,47330.152
143742,8805.454
8560,5095.5293
78461,18448.18
21106,78075.11
136294,19135.826
121884,18649.97
47154,33712.758
91309,1740.8782
87681,2305.3254
41403,24250.352
124372,22669.992
141325,5227.487
84902,8955.329
131560,15734.361
75253,40411.758
71112,3440.5117
71058,73711.945
76814,21576.686
33373,9083.431
135639,87598.82
103565,50358.453
43198,60551.074
9431,8621.47
71803,8285.236
49310,12308.171
124496,24420.598
9689,4985.3945
136488,420.27905
3838,25537.867
92529,73870.48
13982,12121.878
65201,93852.64
30811,99150.05
79750,48327.227
129639,86041.07
54394,22070.535
88976,11696.011
20566,42474.78
100343,93701.98
52229,7053.886
101963,102124.54
80922,13355.275
87750,26538.264
51956,14095.555
139047,3544.227
144024,10927.041
56012,65410.93
136160,66012.04
110403,25635.219
119851,24291.074
32462,14103.424
92607,12840.975
18391,51730.285
13546,43491.227
101439,42201.938
59248,8206.665
33636,43201.914
37051,72177.33
75959,12692.89
22772,17894.502
13395,110238.805
90246,3693.926
66102,56449.61
114879,13001.726
12722,3351.5095
99570,10879.907
106147,1637.2435
11288,26329.041
1172,8336.607
25323,6106.6685
54537,91489.9
95988,60533.7
131918,10821.833
23214,86464.555
119651,25889.764
30943,13049.774
64553,196308.28
117839,5768.467
76941,11601.617
79641,23272.723
133811,63077.336
862,61881.88
69511,26074.045
1751,1219.1633
34772,21423.064
104956,15919.725
49659,72463.6
66859,12239.414
6870,6897.5996
142038,95544.766
115565,15979.258
98307,193161.77
49483,3780.4915
116157,26645.428
9551,7844.7534
141377,19522.99
12302,9919.1875
107807,72727.13
105926,10341.487
55461,6483.032
27789,7421.1006
93268,69509.664
80765,26285.057
83731,53603.02
145872,28300.904
85161,53409.355
134831,26514.582
19493,8827.509
23388,14066.567
59363,5774.1294
140886,10558.694
104702,1709.5151
15327,3444.161
66290,11022.128
136850,6832.4834
1308,191263.73
109798,10742.102
59758,8111.7397
21330,125457.46
66778,11026.508
17605,36642.8
136256,49937.203
104205,27118.553
68676,36599.547
14423,29911.402
7211,29934.531
38096,95837.016
111108,75340.89
85975,16280.62
22876,10508.689
100838,3678.9858
65329,114322.33
96804,34680.137
131672,58396.797
96561,6729.8647
123153,7827.9194
113159,16383.042
58575,10570.929
128235,1691.6744
6746,31341.053
97389,4200.9053
53497,87340.77
108847,24749.912
89675,6066.145
143258,16472.86
28888,20194.324
103740,10121.633
52999,9158.151
140318,7534.317
93163,25923.25
35479,28969.59
23964,20988.303
90666,11656.252
129821,18385.229
4821,45919.746
146213,7280.9727
37344,46577.273
69836,2786.3552
1942,3169.879
6344,6979.0107
11815,9640.17
8041,62224.484
141121,15495.678
67737,6281.768
47138,40017.418
85222,12845.224
32834,7105.9214
148092,20288.207
28539,3041.2156
124242,17954.482
135706,8729.848
54480,22635.396
79082,8123.9517
112040,8981.262
22010,12990.668
30315,10678.345
10033,9765.498
119161,91387.06
94218,3020.5164
73646,131282.23
146816,121533.93
84839,92151.68
130700,46038.773
54983,26275.791
2646,35096.562
57028,21020.057
106078,51815.137
91274,26959.096
138189,24980.854
140309,12025.053
119759,6839.379
135180,33361.883
16995,29865.566
104196,10972.542
105228,24499.316
90400,27677.768
52432,3141.2373
70501,874.9719
3909,8197.464
76030,18249.508
121870,5266.02
128281,15364.011
4663,45837.86
97309,12480.822
84688,9122.4375
31751,6160.765
7746,18532.674
85162,5827.3394
12451,11112.458
94932,110826.516
50799,4480.2256
18621,10383.512
72304,10818.258
63929,58837.098
144807,66013.47
9166,522.8773
63838,42147.895
143703,47377.285
64313,18960.092
43139,164166.98
46099,25773.436
99521,11224.276
56144,28541.088
128775,1588.1332
60273,3363.1675
147554,8251.226
145834,26649.467
93721,12829.5
9464,40283.812
63671,137145.19
148846,1664.3905
12700,30871.406
138321,11134.005
102576,3410.919
43842,3429.082
4235,33701.895
107898,23191.684
2726,6436.684
88593,94171.625
57876,70617.32
124149,134326.73
92572,31443.717
9883,52758.73
18911,32478.428
142145,8832.743
139175,33621.797
67576,11104.634
24711,23785.61
34164,1949.5449
125987,169094.25
69187,1327.209
34004,68022.914
1629,180742.05
25076,3387.2625
94077,55613.613
34721,6486.13
83013,7390.2456
48577,23377.8
147820,1561.9102
119900,9795.479
40263,114095.22
98994,38799.97
102804,149343.73
78447,16634.7
147555,11290.253
2772,7484.7417
55708,3322.0894
5892,9390.924
63246,75246.414
91564,18937.695
102334,202640.78
143387,26289.219
89830,39555.11
145719,61631.684
79485,21086.027
62408,24438.912
125227,5766.4297
105198,41172.41
100998,108339.56
21516,55996.06
74826,4732.115
5622,11385.907
29573,15033.487
105802,6450.796
18237,14109.725
30559,82252.64
109509,17630.723
147700,5379.3467
74418,7798.2437
135722,25210.445
143255,5651.5522
64612,26323.7
8148,8785.97
123680,27615.8
40576,5002.051
136146,125243.16
69924,127356.52
14743,8179.944
100834,7079.672
71286,46005.74
103647,19590.111
24437,12940.909
9681,21806.033
87856,6577.1646
16235,5667.2036
131685,15536.593
137994,4985.914
103723,91283.65
124804,17950.715
102341,255266.42
56292,103204.11
129046,6129.5093
115466,5810.3286
95559,50696.18
27408,55121.14
32908,34842.285
99653,9708.63
128678,46717.727
111479,25791.377
28872,10216.9
20535,10747.07
15289,34642.855
76203,7475.9893
66398,23347.754
78803,14413.61
83151,19008.146
16580,21380.62
122160,17874.229
36040,32125.326
24545,14115.777
118243,53017.88
58524,35592.49
101020,248084.58
141253,17709.363
109829,87743.3
142649,31942.252
60330,244702.27
54208,15803.56
139436,2814.0918
129206,22593.492
126574,70365.65
19232,8202.56
111804,9076.477
131344,16359.468
145543,2964.7627
122775,15064.261
74664,6986.8276
118653,144189.92
1196,29568.748
19112,48092.348
21685,41678.664
109886,73263.4
141302,5835.312
98284,14599.101
92720,46750.97
9404,56767.203
113389,3136.5295
87437,6777.5615
4420,46009.016
126556,12197.745
107859,4816.06
46774,9502.978
24761,17973.557
90787,1259.3782
107005,92529.77
64316,17212.355
77888,44271.91
62440,86697.2
75370,13142.349
90959,18562.48
50318,35268.11
86294,17589.533
23058,83462.055
70144,5860.825
137805,14185.089
147233,21092.83
103916,6959.718
108097,45266.76
120841,18638.957
25418,62191.043
67554,3701.5063
133835,149624.9
41496,1995.9331
35472,86463.89
141766,55975.742
133908,47361.79
33376,38314.215
83125,37605.28
138316,30822.982
3248,75561.04
130384,24121.574
92638,15964.551
9941,37012.684
108143,242554.03
79393,12961.197
47456,2108.3296
88859,58132.074
70744,56033.39
136738,7042.027
46480,24036.256
62466,45616.98
10323,26847.287
80446,19925.393
101559,20968.52
30042,780.45667
24414,11966.31
61821,155552.78
10352,16087.107
128501,9937.635
109359,41300.992
139153,31640.719
56538,45700.27
131207,36469.07
91752,100089.05
36651,8729.387
123857,31610.852
81805,70676.01
117511,39475.348
79465,6450.809
62997,6210.6323
106626,25889.836
91791,123156.234
17847,6121.566
15754,51036.535
139818,15935.612
31573,41480.254
45363,18414.086
10283,7351.5894
86885,34870.395
17276,44247.33
97913,65466.582
55191,29232.828
108025,25832.92
81473,43057.57
112449,9453.954
144339,35625.715
123052,1135.9153
98107,13217.657
130003,5339.266
43799,175495.31
36260,5194.5723
17279,18280.758
119126,21748.947
109236,6237.678
8738,6680.7705
114013,6214.477
91284,2345.0479
32549,18196.488
91132,4636.5103
18983,7863.5156
4007,68656.81
3241,41655.78
125101,17981.96
59920,9353.325
49134,139140.53
18355,139707.48
10586,5769.9766
122081,897.63367
4588,20608.355
135955,48888.332
72211,8811.218
96139,26201.377
72074,60838.984
128640,5612.2017
33854,15721.337
25308,101695.23
54004,4728.6313
145114,23520.412
23377,5826.8413
98109,11871.347
76230,110520.66
132899,6259.2812
35025,80197.445
89567,175372.3
141526,16549.303
74793,9376.812
115603,29340.932
62804,6529.458
128127,7773.44
147821,7646.398
60671,23736.387
13330,18906.576
124869,9628.498
106229,46691.094
22374,35696.75
49702,464292.25
31996,22037.545
126573,24432.605
5874,102008.33
72343,93013.195
139345,33839.7
47680,11264.273
38281,60006.133
34619,90172.87
60217,9691.125
120729,98230.195
86873,3724.8127
27894,163651.02
94203,14974.616
16102,223.65996
57985,33695.742
6805,5002.9316
105549,40790.605
72137,3641.7886
99527,23885.314
25839,33484.832
146699,11146.669
98739,25464.738
93549,17866.623
23961,28075.56
15066,123910.08
40926,80951.94
17753,16228.742
37131,9010.156
36493,2494.4993
69959,27371.486
33299,7802.8545
145475,2097.7917
15225,211996.08
60691,43421.84
15886,95775.48
49841,4587.3584
67535,2513.558
28964,26583.09
113110,9169.983
26371,3073.8267
91358,7644.186
40243,6086.015
104609,34729.613
102113,8979.566
56475,30216.545
129584,223049.22
80785,36933.668
53040,3356.575
53246,10554.596
30557,6433.1553
77147,12420.777
12852,9401.938
134407,33918.184
16806,14713.482
74410,46527.066
38968,58805.9
93851,47247.473
5897,45337.29
125480,19405.494
79295,11387.248
5685,28943.426
41181,3085.1143
147036,-28.82468
28115,6728.481
105686,9933.23
62816,69796.78
112781,45387.145
105146,85831.36
77840,5616.6636
83865,5931.2964
30132,6550.9146
26548,45383.26
113150,153671.8
72928,9944.331
144646,4217.6343
119089,25787.256
47831,39232.117
64618,3125.1882
106855,19518.629
37773,12622.428
125398,9268.891
142626,14936.181
122624,40571.54
60867,13008.137
56401,4973.2847
16815,106342.016
149045,49011.223
45787,90321.195
91075,3459.2432
21023,19943.424
106992,56021.246
20090,6383.9707
105548,13160.548
40179,26200.389
71020,61296.16
42481,82058.65
138793,104182.82
24940,30818.635
72372,57802.715
119144,8766.803
49049,6017.1807
101122,44695.746
64569,3561.6277
65193,1644.3365
17135,71150.73
33182,15452.678
114718,8532.829
13114,26413.66
35010,1859.7963
53293,19838.562
54501,114465.32
35782,7023.7036
70513,1373.2992
65647,5027.6934
121654,19517.195
17294,28604.107
56821,99344.69
4538,3137.2295
39344,3487.412
30124,18978.354
44936,3190.0562
54123,10162.302
67985,15963.804
131720,58196.062
125932,113193.11
79668,11043.125
70034,65748.8
44173,3770.367
8953,11258.652
1550,6341.421
130015,30472.17
47850,198166.12
18337,62197.434
101434,20510.37
16574,67490.87
78822,25200.816
43424,17560.285
108974,42582.9
63473,47503.53
109046,12953.848
133281,7485.145
99616,7099.9785
87847,5254.8765
7744,92108.15
47899,33855.54
1835,84901.44
63874,161046.4
98003,4695.5127
146859,146696.1
21661,26843.172
74032,18635.398
77897,53134.26
63449,17270.062
83138,16868.701
129552,28374.69
131619,41848.918
120352,16927.21
12142,48684.23
143245,5159.3936
147279,46006.234
8946,37991.184
32928,4368.3647
98753,7834.782
86709,6040.082
74583,53199.27
38375,8767.082
147362,8485.317
35011,32180.557
16591,4254.5835
129337,8559.88
127397,92157.19
69292,34896.297
61953,56890.887
30793,7510.5713
137098,115708.016
101788,9616.848
109520,5836.541
129711,4238.2417
66628,74809.18
123078,34201.625
32494,8532.942
8276,13056.407
115489,10372.663
100040,3988.4526
143323,22930.318
19012,71229.3
105695,47968.75
106961,31186.219
149276,4219.45
66675,26449.252
105184,46955.574
4946,5034.3286
130106,3773.6545
57241,17837.395
81109,6007.877
59500,14701.258
141769,15637.62
41469,16039.903
110938,9388.2295
89568,75702.734
29038,63528.9
90134,4921.411
131892,107333.16
47276,15884.011
27458,17558.434
42063,9766.573
87945,7064.0786
56409,3157.4426
74078,15637.277
134966,111146.016
101960,14090.652
116533,31684.586
66790,5315.2705
79981,18621.307
6857,35053.434
10585,49018.637
50632,32643.424
62801,413722.72
31258,26893.76
21211,163212.56
142304,126316.805
5171,26417.324
84927,63503.008
17647,19093.79
149075,7690.993
119516,18137.076
64167,7346.03
52115,40407.164
25393,4380.3135
86990,128349.59
112213,15680.203
8182,19874.46
118584,54733.625
111262,12761.106
50461,68111.984
32926,32279.604
8899,113012.58
139932,1239.2008
6443,7264.7754
100087,29456.82
123989,5170.678
54868,16520.098
143058,18655.463
51666,6290.5273
35404,13816.933
98420,29753.436
77814,84304.98
108666,19234.97
36034,29081.342
37228,24201.572
121340,15041.364
86872,7495.2393
50376,128952.53
11585,11350.799
13595,87126.35
72657,22672.143
59332,10478.345
123103,2193.5613
110127,48551.82
54717,34621.445
44432,1110.3975
8516,6867.2505
23114,37828.566
131770,24047.39
110652,29734.207
11496,2594.4702
134651,7832.918
143839,5023.1187
5969,2826.2078
81003,137326.02
48883,26771.979
116168,5979.9873
2168,2062.3396
70928,104390.7
70111,23462.73
74763,5478.306
33807,87783.79
117562,11638.914
110914,7964.557
71297,91138.47
117190,7624.1934
25255,17064.875
50961,151775.7
45827,36478.95
140016,82844.39
125560,4704.8555
126468,14716.404
115013,32063.428
131628,9072.845
16640,21084.363
141550,88862.88
27696,83310.66
39959,132815.06
96661,4895.5757
101140,105515.12
125500,3427.091
57948,385267.0
96929,19373.932
111275,50374.902
103905,10544.919
110146,39431.33
89861,9642.205
10579,8548.533
35273,49567.844
94781,79321.17
61283,52772.824
113439,13122.126
45985,144046.03
117630,3522.423
5629,14446.382
115036,30034.629
52659,29501.816
93109,8093.5537
76891,1656.2538
145522,17578.41
135878,16320.644
108562,5849.9
24885,16699.389
47941,8958.423
23152,10124.738
13393,37293.11
112683,49186.824
15305,72696.68
19880,43833.2
71801,15755.072
107429,16543.348
104908,17196.797
114133,18498.605
147387,21602.766
100851,8666.377
120575,19591.967
6135,48624.72
132218,73054.43
110175,9069.253
19074,25961.088
105825,28267.324
16422,4340.8477
53388,55385.812
4284,20064.79
56465,32772.84
16768,5075.2637
72285,25626.23
131600,5754.9434
16626,10479.877
40755,31828.846
41546,7613.6133
57601,18202.248
50787,236900.75
54217,46878.71
96533,547.73944
6239,61917.74
84764,53818.816
9722,57174.9
100480,2980.4333
95465,3491.2004
59586,7100.9546
35459,44751.36
38742,6696.2183
112935,8865.946
63122,19612.629
146805,85535.24
63025,123887.3
41347,6802.5103
132701,21192.736
135289,96293.15
133838,23278.736
82697,2920.1943
103635,35686.855
18393,11141.669
63267,9870.578
118458,35240.098
77805,5965.134
112177,57833.746
130196,29402.328
127001,17966.113
23970,53307.125
101271,249649.92
17251,19135.828
144717,8934.727
73511,44945.316
29072,26285.018
74160,4639.4785
65319,166621.56
32543,7136.001
129155,5349.7407
77377,6299.462
93781,104431.05
38626,38113.914
64339,37603.582
21018,39294.848
114005,15987.661
4467,27746.316
94687,42925.04
24669,28885.457
2035,13137.321
58519,13503.934
99312,47982.38
81636,42034.35
127472,17997.8
149042,64247.254
33889,41130.734
82845,16766.19
102911,35480.027
100458,84975.625
99097,6778.7456
144289,39565.727
102231,32064.67
141103,42047.793
19027,7803.6396
134699,27418.072
41069,77761.47
89250,19017.969
66472,170431.33
69727,20192.3
21904,36741.24
94097,21618.242
54627,6152.7373
62881,97371.49
65029,6211.7773
15079,8548.163
64741,6821.6216
115585,15936.063
124191,98150.95
72692,63196.3
99771,13958.83
94516,29593.08
116074,19071.975
70272,11005.853
82347,13629.163
108891,25695.07
120356,1703.3849
34333,23455.629
74146,20830.799
55366,1626.6898
59436,3489.975
8789,5115.205
44890,21387.115
118706,36525.984
131071,73006.03
149581,183939.55
50338,109505.61
50303,11411.441
82486,28115.338
79030,66471.84
119053,25249.814
120437,9458.577
121305,15667.821
11746,35445.188
43362,67542.23
132586,3961.591
112646,16892.115
141508,40563.73
61665,43626.914
14389,32368.002
121045,65881.555
99044,34882.6
121060,10440.352
90041,190339.4
133179,22141.49
18126,61876.14
81568,2825.0667
28201,42340.88
73184,28512.123
24832,8007.163
149833,51479.6
91665,17489.176
49914,63696.5
114491,3929.3164
104059,19865.602
66300,4095.305
132965,31170.021
65926,10864.985
25683,48277.188
106807,7310.643
22261,7256.1235
83045,12041.921
63580,22073.512
47999,5897.2534
51403,15021.237
80124,18928.352
118093,3129.906
19658,25787.342
126141,10298.954
147693,6718.3516
51192,60878.582
725,16848.295
142,14753.624
144930,7144.6284
91633,14317.533
72172,2306.1387
82931,36028.055
19458,48234.55
111211,8801.48
113676,5051.1597
101048,9958.321
24331,53463.6
97508,5787.361
83575,187140.14
86305,15347.056
119216,87757.85
23804,3893.8174
141379,629.07983
90535,130799.22
130174,27371.441
33549,48175.742
105632,58108.6
40880,2130.3513
70772,9463.59
2204,3378.3447
112651,11013.949
137403,64578.613
4021,60180.562
127300,26108.586
114431,11278.531
39756,3868.135
38559,28242.578
43854,9149.56
30150,17123.787
69036,66783.14
95496,6748.828
140612,8367.534
79899,14660.571
89846,2161.7383
79997,31374.385
67701,18683.775
1743,1883.314
47264,3088.2805
122492,48270.555
133371,518.535
87618,29111.797
18817,3932.195
144827,14009.454
132960,58214.414
147193,71639.61
140325,28157.377
67586,27527.422
102487,10986.267
41489,26222.062
1532,16807.352
114859,47454.625
56622,39401.9
43057,156818.6
15952,56742.723
16798,32063.795
121938,8607.22
87263,8701.73
105071,154016.16
110537,66107.44
110687,25517.365
3698,2811.6218
122837,87095.99
89972,5002.0005
75545,224811.48
100701,8550.2705
129894,4918.9404
10921,35273.395
129176,65596.734
67584,15448.063
67544,60798.504
109193,66916.02
141101,16789.23
82113,18441.322
41447,13246.633
95100,14060.133
136701,74923.05
1344,29818.207
66734,27738.525
84003,86186.0
94601,18025.51
10800,5457.095
120233,19311.266
42794,48158.027
145149,7570.968
137804,9833.19
134838,2184.6213
146202,17102.309
123135,106033.41
138994,37073.227
7122,43291.31
102722,4395.642
23262,17293.14
85330,117013.22
83169,10184.077
17639,48142.273
30983,122131.125
91600,111856.18
1694,39877.758
83710,232763.0
147234,35043.777
18891,5640.9126
105837,13171.34
95119,2494.4993
16764,71082.33
135831,27616.818
31859,10517.623
67111,29293.648
123818,112644.93
43764,15016.454
7862,15150.087
135271,3725.4443
144606,28028.613
134953,3320.776
119470,76914.23
99965,10801.249
144763,10260.484
149986,18515.053
22645,56800.035
99412,12467.276
73365,32919.867
5211,252438.47
73695,12257.025
6023,44498.246
126990,771.0564
122679,5776.174
48635,43199.285
99974,14938.0
100787,10894.373
59130,9091.124
112955,9656.377
102714,31504.227
148528,72469.195
93900,1097.0543
46942,5847.8193
78048,31425.605
148858,61063.35
58987,100994.99
66517,5016.5
24037,53313.875
63550,12107.651
88382,100565.99
33208,21275.754
108629,24290.443
113252,35333.098
116768,198342.03
133861,103932.97
114069,1886.152
90741,40269.746
132780,69008.74
1349,64940.457
48569,69062.0
104396,42969.473
8331,34679.31
36817,3924.58
72054,70186.05
29772,8172.0117
13005,27463.19
111656,12417.383
295,45396.57
107373,33969.277
14948,40452.26
106605,24322.154
92976,5931.1665
121101,2523.6729
83281,83974.86
122375,2747.9734
119819,25717.602
6108,19416.754
120347,3295.2886
16643,21460.732
91649,117627.65
130612,63430.234
12767,11805.703
96233,120208.35
2712,21192.975
127009,39344.375
112201,128383.11
22248,264322.97
23447,4959.542
122716,4594.6133
44381,38649.895
51653,14784.471
127640,27601.188
94159,140949.64
96120,18933.705
16949,37880.586
103236,131149.73
14092,9326.563
109512,40768.586
39829,16006.671
74223,6345.325
120540,23383.223
97252,16727.867
105662,15844.026
106769,11730.0625
39348,15374.568
70293,17036.184
98088,14724.11
1616,56515.957
9803,73409.83
18130,67125.77
130282,88724.41
63602,34897.695
108318,57546.14
108698,6126.9478
137483,14565.916
85104,4418.0107
29348,13721.195
124366,69243.82
52868,98074.66
1521,4113.6577
83285,30547.91
18175,225011.7
147284,20718.21
62579,6015.657
64270,11828.688
63350,52889.125
138753,126421.43
26214,11404.358
3474,195868.36
31154,102158.26
33878,93161.38
74327,27431.988
48924,58805.9
990,46196.316
80464,25071.818
79245,48731.89
127617,287507.25
14520,12826.238
2684,29365.994
87838,3232.6174
30214,73847.64
13694,3828.344
89474,5865.3853
37594,23400.105
133013,23752.404
129769,26118.875
40969,23518.748
52972,5144.229
15843,35983.113
116431,11848.204
102975,17208.768
8176,19829.477
1818,76784.76
131211,19535.922
86288,32659.59
11958,5303.0874
58653,5252.632
20937,30906.006
49349,37184.91
148591,19255.309
31942,20102.809
112291,3789.4585
58393,21860.46
79553,4508.9634
3473,7414.4243
76403,20717.285
65899,14601.717
108317,2634.3125
123114,65271.574
12995,12904.588
77512,12065.651
101146,173727.75
37245,2693.7485
124355,50237.438
4052,16922.1
32839,12482.4
69138,11027.483
85776,11233.435
38325,19778.893
48600,7506.854
30218,13099.659
65363,56840.805
45396,105592.78
30601,12228.85
39031,115567.21
121043,45648.824
42343,26385.938
93359,3723.1748
42125,4774.8438
8761,20906.014
123198,17861.799
22680,50913.74
76216,37181.465
100134,43893.805
67936,7816.824
42337,6523.602
50589,8544.3545
93313,6871.647
138433,26371.562
1707,15283.525
22807,95438.49
3286,6140.023
16957,52576.062
20144,6138.16
10089,15237.733
87427,13038.256
136924,27474.605
95964,19008.209
142094,8155.5728
92452,4012.1895
144384,54450.668
104195,7816.824
116391,1381.4254
9059,78892.88
64688,33835.574
122412,12598.676
26591,48087.555
32310,1813.2318
60374,12343.519
127372,1627.3295
40521,22005.629
4777,9783.454
82417,41225.176
96680,13209.015
110639,5200.5884
132000,43666.81
91770,7087.704
134352,4300.71
134873,58549.066
8644,114982.266
147581,6651.868
106603,5527.563
92848,8289.72
26315,3555.018
100571,4339.206
134426,54234.145
49847,58214.117
38799,18151.707
121768,96810.36
82310,17427.79
33053,28843.877
126661,8455.423
45784,5915.7036
144896,18686.729
141661,3096.5042
88161,146476.1
55771,10714.614
94669,16618.738
85691,125487.984
140206,7366.6147
97336,167033.7
97243,18014.771
8911,50090.03
74723,1480.1401
31704,38712.727
65314,36664.156
133425,25975.582
118619,29313.264
51393,2185.9458
34943,52312.68
104302,47752.5
128594,16017.378
21882,10828.561
14428,58952.402
63696,19506.062
119681,38618.48
27381,14450.491
67431,42432.973
15392,24020.912
39698,51453.746
94229,7602.794
83283,69614.61
68900,11516.015
86135,3682.7256
31548,195855.88
58842,26781.545
49556,69131.125
49148,56958.527
50834,9120.513
60883,37971.125
106211,4450.221
122419,1193.4294
13217,14392.061
52532,7506.0293
107798,5241.509
123098,54233.605
73296,5786.402
17655,47377.39
87040,12097.064
89267,5723.6265
116803,46033.797
22965,12248.252
116981,86410.34
76232,13839.132
132624,62966.168
127588,14889.038
76098,44658.844
47829,22647.375
86248,3495.3801
46582,31419.258
11545,116256.22
10011,10546.953
117938,5767.7456
88045,5031.7783
90106,18347.984
58213,25842.652
29067,11256.403
101982,57114.996
43101,8015.947
119298,10560.026
84984,23783.418
39688,96085.35
50290,224774.52
74802,7556.6646
129938,208678.4
119564,3069.079
26281,3631.916
34112,299355.25
2494,1833.9271
95704,4623.4854
87288,4800.762
55593,18886.564
53838,4960.8965
17614,4019.039
121172,15094.057
75809,14429.802
126888,81555.56
66045,49717.92
44954,87953.93
27830,21877.451
57145,6622.348
78969,14020.635
71585,8759.538
100500,3920.6648
75095,155917.78
46540,242791.38
27838,3881.8196
116150,7822.1816
134752,7499.2407
76952,65637.12
119340,347220.62
103396,141603.78
118578,338971.56
32162,4098.4663
1413,45465.496
143878,26664.834
66864,189862.25
74891,52444.06
67707,8337.212
110673,92629.26
110807,137128.36
128460,5945.6157
146806,4420.0596
23031,1201.476
9715,24206.486
106753,30426.088
149080,61122.523
119318,55173.91
97988,93440.086
107354,57917.008
142013,6315.343
72293,33964.168
97164,35533.258
83923,27494.334
37318,18989.4
149425,71678.625
129999,3414.8533
47793,57019.797
129632,23666.457
111843,66266.09
44563,87062.36
139434,5439.6323
36451,50115.113
45122,37993.78
40166,4474.0674
140564,114030.43
87504,20595.28
120987,79078.26
105885,16608.605
145110,19852.03
128291,13611.519
19898,7331.3696
96564,17265.47
71738,15161.266
67780,15532.526
46246,109428.23
119369,8301.149
14836,72869.414
88904,8241.759
32619,32089.719
24875,24000.135
104350,10322.159
136471,10013.281
59351,78411.875
120353,231502.9
92695,138469.88
118582,3880.438
90508,9982.291
73145,4129.9087
92880,11467.35
67105,43519.137
6821,19033.096
62155,3131.6143
54141,8649.637
89885,36404.703
79779,50492.54
104606,19142.447
95456,8066.842
18166,19581.24
66263,236611.64
87106,20341.346
92289,120146.45
97479,141670.47
43298,8575.154
3824,99699.766
78248,86523.99
20685,5405.1606
112052,137121.48
103322,5449.8325
110160,124453.305
123877,26883.293
34907,45063.89
3195,5824.399
12444,18944.07
109299,3169.6418
62559,16219.87
105709,20948.236
118239,28224.865
147532,4447.776
125670,54207.824
29340,33978.57
32291,12117.479
6897,30079.494
111244,13761.243
29046,47379.668
89520,12366.651
105433,9498.81
139164,153000.97
74534,5805.14
142995,17295.824
118341,3553.265
42034,3922.033
55754,143532.36
119807,13422.982
77299,19679.342
51120,9128.89
12898,11915.197
20240,12190.798
36012,151268.94
80710,10662.619
51945,12115.649
81955,27097.697
124383,7919.981
140444,40597.363
51464,3209.4487
55524,40535.777
24810,9403.094
56802,18980.074
117182,59915.637
48436,67226.945
122930,11289.575
85036,365767.62
49251,48805.95
54629,12885.477
22955,115770.01
110800,4760.378
132115,53791.19
118011,2503.8623
41445,2074.1372
139156,4531.024
43434,104624.195
111282,47724.266
91320,3633.5645
120813,16056.204
127073,31515.775
133024,76488.375
1963,118708.66
148526,46544.21
87108,8737.373
67773,19641.074
57043,10230.086
142455,6030.9146
100866,28929.578
122873,58615.633
66985,2624.6448
108473,68027.72
82804,12088.417
149274,3959.3733
40190,10803.441
145425,46330.26
29291,62836.35
1493,92504.5
88420,42660.418
25507,37490.72
88884,4112.8936
37663,38618.97
127437,49185.516
98467,36573.664
85016,3939.2856
44793,17708.543
48935,172239.48
78910,50234.15
85592,58173.824
30829,57518.625
99964,14253.191
115969,74980.54
18492,73920.94
148993,61755.637
118716,10505.517
56222,15598.064
28279,41006.766
132555,24381.83
42179,39295.62
7216,6307.5576
64462,1649.2104
63202,81744.7
98579,14712.731
39974,4074.4854
111662,6958.207
120966,6831.1304
137363,1396.1239
85064,72225.55
122809,32847.1
18539,11399.867
54304,82104.41
127546,17160.879
3171,11909.601
110278,16746.453
19212,32150.977
61477,123936.48
52001,33961.965
112329,74024.01
45913,21129.484
92164,4381.25
37958,5266.193
90931,9193.571
62496,73464.08
71364,19335.072
49323,61194.746
106600,75105.77
4880,54465.566
120654,13975.185
16438,7904.993
133849,16383.694
10035,16100.789
72420,17036.16
47756,45014.58
67042,6083.6064
20185,38548.812
121744,152006.19
40237,158037.28
97598,33291.348
96982,11081.955
74038,103123.555
75862,6990.5645
83850,40058.297
2456,22024.01
66842,89320.766
118519,72387.93
68777,20260.266
29949,33508.074
149752,20218.176
75325,5628.317
145030,40011.09
101309,8375.706
31700,31841.07
82197,74577.27
120767,164530.22
89689,102103.16
11770,6517.804
120529,16928.928
87615,7999.273
67753,14931.572
8542,14962.362
39869,31437.844
95991,119694.92
39266,31007.916
100095,6991.29
120189,99077.85
77306,5335.081
95117,4368.677
140330,3973.0583
24595,15837.463
105737,2546.4937
9759,26651.178
18796,6130.974
63538,93667.81
47797,10276.514
108546,40027.566
111959,2378.6848
75691,79057.625
129115,19830.463
114085,47108.67
146627,153722.38
19764,20450.426
40122,6846.865
65507,46077.363
93473,6916.7227
141035,99250.21
1515,21779.63
54024,78257.03
60353,26728.074
101891,100792.62
106495,135492.9
31936,5532.23
99482,14049.813
21288,14016.169
138360,11589.438
59756,19690.402
118137,5614.472
142640,8533.565
127434,11042.564
94407,32244.541
43340,65430.035
33997,36236.043
103687,5457.9844
108504,8226.729
