ID,price
143332,67325.12
28423,131810.98
28103,68703.61
106424,2011.784
131956,8120.1816
104168,4649.5483
84710,70103.71
47148,33463.29
109086,15608.853
38564,30551.807
149899,46108.836
142786,64012.277
112470,18060.234
116755,42577.668
77001,14294.604
65836,3741.443
140731,7096.0454
64633,38730.023
25632,7139.5713
61151,16297.947
110265,6661.4287
124734,13239.188
139328,61088.887
17408,25980.809
113078,140538.1
27431,36887.902
86160,32127.623
90240,3585.1765
125746,8471.412
67233,23183.693
12727,2013.058
27297,109837.336
100107,30033.514
78057,18976.0
120699,3947.4084
103773,18597.602
83526,5848.731
117882,24575.666
95656,182143.39
115883,163106.83
26964,86584.055
100993,23857.9
78237,35623.17
25657,5194.1235
47813,12220.456
22145,18137.344
90629,105925.96
84591,44917.89
124399,13524.18
28464,8417.284
128984,34937.434
124945,21623.127
112601,69007.055
26603,1936.799
86261,128355.51
109053,29330.62
80297,12124.082
8340,4143.447
22349,9830.633
122786,39661.45
144859,3014.7456
66345,24192.742
2404,7218.998
42737,12742.033
65365,1068.8201
44842,5986.534
75876,38445.973
138784,3741.2488
107468,28005.973
52770,10753.101
94727,18992.889
83223,24920.783
31989,59681.25
76357,2481.3179
38048,15667.982
9150,17717.066
115436,7497.4883
136105,30417.588
85939,39076.86
68193,4088.3643
80527,329825.5
21790,14107.22
82148,17824.451
20485,104731.68
37293,18963.688
46932,78681.89
90941,18140.684
57365,36806.32
22635,17993.092
73830,74477.89
41479,13367.204
60507,1740.405
137274,6095.5396
58305,59024.727
101931,2032.1787
43195,82893.805
116633,42194.574
46402,8060.587
63165,8314.726
12219,23275.396
15562,110939.125
33702,39410.82
3982,52269.438
55637,77590.35
122731,35177.45
51374,5454.8667
8199,7522.6206
137197,5278.619
106088,15953.665
135145,35512.26
145045,1696.7668
87997,5251.0903
44903,44171.332
108112,11420.955
25933,13659.041
146773,5909.545
55470,31943.281
50249,4841.049
37988,64675.883
53408,12455.313
141587,16408.453
23763,5331.431
90583,15070.262
19691,5251.434
25354,57022.664
62963,20811.648
68954,7616.1064
97372,40827.16
56003,135014.6
83515,25794.111
35304,20733.861
63270,78841.195
1218,67728.8
54427,31030.512
94965,1980.7661
16127,53994.477
11747,48476.777
64979,28683.844
63750,51225.8
112386,131444.06
135958,7844.741
146866,14280.87
81139,1340.2795
40148,135773.03
135737,56299.37
10916,194064.2
141077,8323.286
110386,14175.511
24837,107176.31
19398,35786.164
8577,15433.085
39185,36903.207
129153,11948.893
7858,145792.62
30121,26203.205
60169,25980.916
119343,9567.057
139982,29509.533
27181,6564.432
46729,27240.574
133220,13382.834
71246,27424.098
62621,9111.929
142617,31661.15
65520,13550.467
91638,69438.21
90216,80530.914
114492,3986.382
115092,4775.8193
148524,57498.918
42403,4427.0327
89670,9603.543
97981,5621.398
137222,5845.1816
90975,17556.309
129567,32707.932
106711,22099.115
131989,17617.26
128743,10633.295
28891,4895.9214
34485,3946.177
94538,28548.32
13977,3219.537
84937,92863.73
46935,6583.148
55980,8410.351
48242,10952.58
134363,48744.22
40171,7729.529
27922,28001.557
23901,56491.777
44060,15879.264
105829,33467.086
88882,9985.722
17796,31256.242
54391,16438.58
69208,9571.793
122589,149810.88
137571,13986.122
99875,79251.55
4808,7374.862
34148,11638.386
104043,28186.531
53610,29374.373
11982,10525.328
82591,44087.67
55809,115982.125
132867,33560.01
21270,11177.242
12666,23007.438
107852,58880.645
12438,9758.513
59712,11953.317
83009,4998.0825
29889,66583.734
39491,-323.21463
22054,7171.827
139139,43770.64
142974,111594.48
141853,9977.537
124850,24280.309
88968,117428.95
57929,24144.383
131564,6626.932
18025,63101.895
98108,18367.945
81113,71444.77
33858,7355.4927
78981,138296.39
143825,3361.0815
141046,32345.404
96871,3950.3887
87440,49091.566
6117,11898.731
16956,7857.859
111755,8177.5312
95914,32502.568
58664,4787.2046
145503,1239.0347
1473,8972.43
95776,69453.125
143996,31868.4
107759,9814.661
135471,17121.598
136653,38969.316
128809,10538.535
89664,30987.51
96852,100843.62
72202,34998.367
37918,47360.65
21105,9973.062
34722,9461.916
141237,20260.773
1857,32341.451
149609,29196.787
130465,178476.92
7687,7577.8184
30639,31052.81
71,5733.22
127003,52602.258
100489,24053.812
44517,27519.582
5601,6260.119
146158,6920.4585
144614,10492.378
8189,28932.48
117894,18490.686
58328,13873.844
10292,8217.08
130807,44519.113
75343,41802.68
76004,34425.027
26894,5774.304
124381,24051.65
103662,18467.068
113306,13792.556
47483,3781.7463
75676,194763.44
28043,12361.571
149755,11938.037
68409,2752.7144
61575,73173.91
78183,18447.04
145108,51438.32
147020,28430.648
123232,24749.988
33442,3568.0881
144239,53556.617
76639,22686.066
18233,52553.723
52889,55775.74
96159,5081.697
108513,4276.428
116818,28279.082
94947,6820.765
81734,2263.6038
99068,26903.58
45432,3825.2625
77718,7038.5615
36103,18887.186
80463,20734.418
147209,189132.1
21209,17411.758
63003,32607.42
83071,27158.922
129548,26544.62
99854,5176.883
62727,15625.387
67350,127946.64
130895,7843.6343
112438,14805.627
84622,109926.88
117288,33859.05
45889,122332.04
94041,9366.158
111258,14470.963
86067,18134.514
140763,14743.169
42756,8291.387
115378,16399.025
55788,5640.7505
122287,13571.76
115139,7409.404
30320,27098.162
142404,21755.256
33540,18356.47
11912,21997.043
144987,11936.628
66991,12061.452
96793,24080.115
91503,6948.935
58291,69193.055
133381,34895.004
111966,34175.89
16925,53902.47
43726,94990.42
22231,52973.992
20903,5824.8867
17031,14260.759
35021,9768.18
71481,27316.066
28462,162167.94
133862,41511.027
42865,12092.581
74492,83513.69
20110,185871.25
67902,42245.31
53328,204338.62
7035,93717.58
114788,93418.484
8704,192251.67
125607,35265.086
66147,88110.45
47875,5951.2295
9240,82326.34
50598,9856.903
76769,10591.154
60789,60780.746
91669,13767.451
110108,5992.017
36865,26967.105
120637,66260.69
130574,50537.43
748,19953.273
95683,25369.275
20137,10407.493
38453,1855.0397
87313,7935.2603
5841,13097.633
32360,91186.82
69794,24120.943
48449,11983.401
98145,55728.64
28011,50895.56
122677,11633.634
25904,17689.178
29643,87107.92
13532,31360.12
78896,111100.03
33685,55837.207
107424,29271.51
51093,37901.15
128724,53728.84
8288,45901.098
37271,12493.9795
146173,11946.801
14386,130303.94
114794,21259.525
120060,11669.958
107842,135891.67
115329,20406.037
101754,27850.496
88851,15416.165
67334,3145.362
94558,13080.915
92150,40130.71
91327,235532.12
118728,1813.2513
105319,16249.0625
83735,21726.28
1831,49617.06
81382,97792.72
117489,5257.8267
130222,114291.92
40587,2918.8203
84122,49801.523
57744,59689.9
132245,28732.559
35520,62542.355
140284,29389.824
122421,7432.318
126878,31893.648
35370,43158.883
45981,19858.016
132670,9760.808
110486,48765.434
96368,34402.33
29955,17512.32
33834,7032.2627
36366,2716.0593
143568,108975.81
149245,44880.496
75274,2127.7236
119280,52637.332
142479,6036.6226
115529,17584.566
112703,20706.893
70649,95702.04
70567,11604.235
43017,18154.201
24430,8946.604
28990,5989.923
11736,12234.889
7162,3752.9758
45178,20318.797
95480,12800.445
92046,18533.31
19753,27546.45
6926,38585.21
27660,10224.6
118770,5441.9204
16077,45262.152
975,2891.5469
110509,50056.55
60969,56380.777
60515,18037.615
69198,70592.7
69769,26799.791
80767,2807.9321
57071,193327.4
54853,24073.145
146026,137507.75
37668,129653.11
17285,46460.63
18078,34996.12
85965,49653.73
79682,2589.8247
70109,12294.892
36479,16711.963
107832,10293.495
42630,81839.87
7163,7832.673
10695,3319.2856
46648,35000.156
48133,5382.42
118761,5570.5996
116370,19543.559
50401,9294.722
128174,8092.8545
62519,177512.77
28557,1463.4193
49345,6679.7905
41056,3422.339
99602,51266.11
55885,16383.312
75582,47266.758
115243,45769.434
82017,64107.28
70516,4866.9185
41674,29964.953
80927,36197.18
96939,5027.478
77405,48162.84
91012,13861.714
51972,145868.02
793,17018.52
34404,10098.762
128953,3283.833
11048,9290.743
91886,12240.216
123421,44378.336
89137,35201.164
107890,28488.867
70028,98402.375
86381,14781.439
100167,6808.251
142078,129608.19
76368,58276.285
76933,4631.839
123096,18846.3
22101,13501.451
51122,92069.0
122640,62296.8
110910,61094.125
48815,24004.748
51932,2020.2378
135321,87216.33
46117,47450.695
60188,46659.008
97767,14018.324
32595,14422.101
68490,19385.605
23224,3951.438
11883,21022.512
81677,45235.246
39697,14248.502
7775,163744.77
80636,23548.738
53581,11832.2705
60368,114033.52
27179,7704.992
12539,4255.769
27322,50597.047
3049,9757.412
128381,10998.357
44550,9528.3125
137907,16066.611
45128,5614.6104
28767,59969.094
34656,22229.518
138020,63091.816
90399,13693.28
135150,4701.0303
60478,7897.0317
129377,187567.0
109054,28709.39
7045,31864.512
1591,51988.86
42541,136042.4
127655,6048.2456
2413,33796.758
104852,35078.383
38618,63630.926
4557,29394.473
125861,3196.4946
78770,73691.27
65692,93423.88
107804,183953.98
143693,61140.68
40783,1839.497
50851,13248.013
45995,8291.823
106906,127960.766
9714,40383.75
3567,1747.3568
42503,62848.496
10003,25216.39
143321,3556.6953
795,29238.34
63505,2104.3567
78436,8024.315
126425,18217.523
27139,8253.02
146203,6156.523
95987,2825.761
4570,2428.8286
85928,5221.8486
37627,27973.758
62687,29765.443
29413,10782.847
31106,23143.693
13570,2059.7512
128018,5115.793
123255,18382.88
134515,21980.021
102365,70668.65
79857,5452.3604
149445,91566.95
92665,2692.3364
73456,1205.5635
60908,110641.69
97448,17366.018
8289,2400.2083
110659,25124.426
145033,9710.209
16575,83251.09
135575,14694.603
58877,17592.291
56332,6562.112
141588,51442.465
115359,36678.707
140549,42896.508
65447,92201.48
119030,37816.344
11586,163149.48
16373,28470.205
58394,86127.31
43157,16313.117
79761,32653.695
118108,19196.88
135127,51971.215
13883,85111.01
86643,6879.1045
148873,28868.639
62969,24016.46
17822,22128.984
48143,85155.03
58481,61471.08
56913,62873.75
60202,67114.016
131514,27573.645
37357,6939.281
69566,1672.2452
95575,4233.512
90739,3956.9663
74446,3479.409
54007,6943.71
92761,4796.2915
102676,22409.883
145556,54275.23
10425,13145.953
122937,16182.269
96560,25199.977
8813,11037.172
39118,36155.223
26075,83596.77
29311,95856.13
3402,25122.828
67748,24884.922
122986,5632.5376
24841,44869.086
64909,18255.871
31208,38191.918
149892,34136.926
71504,17210.236
111824,90023.69
88925,16503.406
9020,19150.607
131411,13620.433
55631,43082.09
17426,10228.491
129854,188957.94
118528,8379.183
90635,119997.72
57911,15945.545
33029,22037.857
26890,17757.477
63378,12966.364
92814,2325.0674
110832,6714.2764
59224,70024.04
105422,144123.83
7015,64208.13
97511,23353.164
96965,23894.959
70219,18610.955
81619,62107.336
109675,9959.015
140316,53438.258
79709,7547.25
88547,20388.732
55333,16653.059
100952,31270.197
147145,16423.584
77186,51470.76
72318,10956.668
97681,10504.279
22700,27159.781
33818,14246.73
111115,104205.914
9187,227938.06
112637,56231.58
21020,13476.18
83221,24075.621
19242,37032.844
73702,80847.24
101430,7615.839
121408,58069.586
84212,31129.3
119132,25822.805
46892,151546.22
131200,5387.894
52029,12235.513
100210,4414.846
106082,10287.593
55501,59909.586
40554,17998.871
21756,5420.447
148268,8944.739
113771,3612.852
100858,55126.453
3768,16836.53
59118,3868.3914
81694,25538.553
140873,30670.176
138797,5113.9634
93486,8623.635
97276,57509.656
47348,52361.91
29149,18835.055
16418,8031.5776
53,3261.8196
91111,65717.836
46908,6895.567
66141,1359.5682
144121,5468.795
92711,19039.855
117794,47315.824
62547,44151.895
138463,110897.555
81768,4214.2773
68210,6772.11
66513,38978.23
94423,70796.21
5074,21487.303
57497,27856.7
66286,5974.333
127792,139753.62
108351,3634.196
5141,9546.684
62952,9740.789
18815,24940.451
146153,1023.0267
119792,7756.0713
78940,4431.1885
145367,9615.869
25319,61216.71
131374,11409.8125
90386,24007.217
77798,8526.351
140756,15175.684
86953,97389.734
30988,70562.69
97287,4823.472
53150,176671.94
130007,4255.3735
29376,7845.7866
93380,11207.057
111083,7379.9263
79683,36380.445
22599,10313.471
12696,115361.29
142508,34728.82
10176,7668.7246
146156,203609.16
120066,32359.7
29337,54337.9
50947,26343.688
52282,15762.189
10331,3692.2166
56814,91167.43
134930,25475.93
98175,29368.193
75946,8021.4854
93207,13648.086
103511,49439.965
140064,17309.238
70665,85865.97
78211,106503.69
92308,2235.8196
46269,7013.3135
91298,1371.8054
27430,17337.703
98144,779.43726
75601,63744.234
70143,4688.53
147413,21449.473
144153,9549.046
65568,45187.18
13813,393635.0
134007,14808.338
130111,13258.687
13220,15453.237
71795,5890.0806
113088,102045.945
65307,3791.1206
46576,2073.7258
108570,6140.598
140170,24069.295
99696,15168.773
134180,6116.914
76870,14715.107
30233,21546.33
70333,17925.082
48229,43557.273
80997,46425.684
68219,6563.7783
63711,54703.195
131051,2913.3628
124066,13799.446
103922,9197.628
24819,62420.74
43811,6031.6206
85014,57996.418
18076,5456.4224
127469,60720.53
56036,10985.969
55963,9020.585
5037,15187.101
33692,903.4878
43894,44249.14
25997,2543.7214
118752,26167.236
58334,13264.246
39450,33434.473
108011,858.8211
116152,6285.07
26091,9422.82
78212,15151.392
61209,38855.977
94272,15387.681
145961,65761.53
84606,18192.83
26853,22383.795
79738,32291.271
21093,6914.1777
133842,125220.35
56570,45872.14
10642,138516.12
115184,6261.675
19767,16254.36
40572,184067.89
14304,17811.232
10510,71479.65
1899,94860.85
81816,2309.6016
38476,58070.008
50020,4327.5195
85303,47244.0
40281,39596.105
43738,8162.6396
52332,33147.074
64902,8525.407
114242,55241.69
25786,11038.81
11757,6916.0664
55764,73793.125
106983,134062.83
112647,152136.9
30755,9444.864
53115,5513.016
136629,14039.816
128538,12483.805
20605,16696.033
56288,81439.41
40526,108459.24
81940,2.0897713
41620,289352.38
47929,58056.496
80918,76594.85
139080,29624.625
49269,23808.979
123517,42243.2
33995,21013.896
36340,3728.9856
41828,9604.4375
106785,9496.285
74266,164190.72
41216,35528.082
105680,11204.486
141407,19466.766
56154,4538.303
5294,36584.617
134203,34735.62
77796,30550.186
72396,58386.33
36209,6489.352
97600,58892.81
35284,74436.71
68333,2860.1545
30614,16520.834
115022,62176.152
63662,61500.934
91196,1426.2428
110542,94833.39
99755,91836.32
120106,23819.893
114434,25708.09
68012,67609.19
29409,16471.402
33382,29545.17
15154,9818.732
70650,64505.77
41366,3611.5725
19246,16241.173
73323,14022.991
147619,7579.7344
24370,57231.715
61481,2805.199
16240,40721.152
104868,4155.5957
96829,7030.3193
64327,6183.0024
46936,15511.596
132116,17420.385
114811,6983.154
89992,6288.7695
50521,6786.642
149576,15455.799
50832,20957.295
79877,46219.17
84298,19481.191
59245,43459.91
131354,8546.961
131678,8030.454
120961,50883.637
37609,29290.316
20631,169196.4
21928,35907.44
140167,6332.7856
90324,172572.52
22105,3925.6934
41,25684.387
109477,77947.445
41810,20843.248
108993,45848.56
16112,143834.38
11988,5428.835
16653,4351.703
122704,64102.164
95791,18567.244
20355,10072.482
141343,633.1149
8978,168496.94
6662,11567.724
107601,19229.295
109279,6784.009
62307,13677.65
101241,60369.68
109882,24360.111
116170,8620.483
44583,62878.566
28168,6301.2905
19441,112133.59
15399,219580.34
37992,92260.555
122688,3024.641
711,54713.875
144355,17301.682
125632,99930.4
96828,21493.791
108122,40142.68
74934,11138.294
78472,103164.38
8348,5117.756
73911,20748.38
96185,38388.508
107521,82569.64
11237,23831.943
73054,35170.184
110663,63330.727
125321,55461.63
3656,4081.179
120478,8782.09
34227,48331.66
41189,40586.973
25290,85203.66
38013,611.195
79084,21556.02
105511,62582.684
9917,15549.184
62605,80058.69
92232,6122.8105
108187,6043.875
135477,81004.11
35238,21393.863
90255,10006.193
16362,27301.941
107783,10364.074
51045,5419.1084
82561,31016.945
116700,73017.51
125981,51939.44
101238,18522.049
46373,43267.24
48127,53720.78
127554,3563.609
63788,38497.656
1233,21578.188
129672,123533.984
88603,105091.805
17947,6529.1743
36647,195329.77
11280,83061.445
98811,68412.414
89825,18760.834
18775,65368.043
53166,62244.082
436,58427.836
45357,154370.47
20973,39438.082
68824,5888.0293
126197,69971.914
143947,10693.73
3184,14150.516
175,8917.712
4193,76232.19
74411,47707.32
32305,28711.28
98826,7968.971
55195,27699.27
142994,51301.586
43112,1841.6824
81255,2571.5808
33939,59285.965
61479,11947.043
98645,42453.6
132784,4769.2793
19646,54968.88
67460,58881.406
74216,58684.375
54799,1102.9769
25661,31500.941
63909,5438.267
46813,49342.113
17501,5684.7993
137220,6848.9272
136095,58683.15
85489,32530.76
94867,56178.695
5375,16050.459
4171,4755.3984
48497,4301.406
101139,83493.43
49010,56794.406
146125,19979.713
117939,33361.99
143550,38184.26
124572,1300.9281
59928,10927.372
49497,58952.797
46883,97040.7
14632,31104.262
148748,68301.14
147754,38950.27
41903,35618.5
23833,48931.64
116417,10144.143
78081,99023.15
28824,96676.68
117764,25417.863
83839,6926.791
86384,17524.537
94881,107056.86
45534,16213.397
56988,20284.518
44,8177.8984
86763,67916.086
62757,3115.3306
70883,22409.668
13501,9527.069
123032,10181.3125
146194,2548.868
57857,37095.375
131643,60458.52
28762,8895.53
115232,3509.1846
11313,33967.74
117778,17561.268
77981,3040.2566
121710,49578.895
129590,42196.715
71533,42384.113
78104,4070.9487
81790,45813.85
54372,47725.785
34178,1920.4684
93006,60391.438
11546,89773.97
118526,18955.953
26090,4918.568
46286,5202.2046
18562,18075.107
53998,5854.3613
79593,14956.796
101819,9075.952
53098,97307.37
67863,34550.426
142528,21469.496
78184,215490.7
98776,55288.867
75854,10458.904
16436,19799.453
73251,44916.676
145117,25863.785
98047,38997.168
37751,67648.17
123940,15272.643
8862,197597.39
48949,41622.32
93081,37610.42
100848,26400.793
95167,7665.832
109827,19299.51
67063,5483.2856
20950,1153.9524
140189,65833.0
108588,81856.09
28897,7687.098
68151,17706.71
109888,31842.473
55095,49261.76
71101,168312.83
73634,59844.996
130119,1601.7415
111748,6081.718
71379,4586.3667
115114,85755.13
123948,169837.11
120034,24781.02
116111,11490.363
33469,35871.832
28723,28863.605
22433,66134.0
82444,59442.23
74469,90067.78
74838,31881.094
25539,67762.8
82997,9016.638
137242,33143.555
48167,9739.156
78242,23983.818
116071,14860.628
29524,150620.28
42585,5745.4194
38290,3112.804
83342,29124.344
24416,83177.62
131856,101726.086
13733,16602.809
25943,69312.32
29873,3880.7107
47100,13283.719
18676,9268.118
108785,3761.1885
126651,57519.9
21954,8391.738
122657,5096.625
71505,152677.3
103630,10534.917
97213,9552.418
123505,60979.8
11935,29690.791
113706,9941.269
11185,9396.862
110152,23052.812
38033,44377.152
129223,5715.1313
105993,36199.42
114854,22558.084
89733,1110.3031
22220,47834.82
15102,12830.879
119500,16447.51
88977,21522.586
20640,11263.009
136297,8041.5015
40207,44415.01
85026,21178.896
149566,8680.473
142540,5314.853
145775,78555.375
24381,45342.797
107123,2275.2168
98801,11030.582
144959,36441.008
141361,3794.3115
53148,48944.504
55918,31888.072
38248,195458.31
30910,15458.308
76562,113271.46
7489,20807.885
143433,15042.351
36095,4258.2676
129884,140950.31
91941,17872.715
149246,23282.021
10670,16313.904
72550,3915.1008
14722,20089.363
38661,12874.503
144230,21341.951
10106,6161.692
99100,8023.43
6022,64814.98
88240,15747.129
128137,79696.94
51627,48879.117
41298,4374.521
102305,41608.297
73879,7787.5674
91675,23112.088
63828,146201.84
67738,14625.292
9017,1477.1099
13803,40567.86
54020,14314.503
97701,12592.651
510,90733.19
90883,84121.766
64066,54651.668
28730,42389.12
80529,28316.838
144596,6631.455
83706,2587.203
53867,105313.53
30782,11378.932
8190,14027.707
113888,77773.26
111636,24968.35
113409,10373.579
118900,8888.377
140572,18879.08
131934,6146.7188
24643,11398.153
11707,4407.725
57743,8683.74
49663,29104.594
55612,5368.536
80285,24108.129
77094,31827.463
127895,9383.379
38045,8187.882
36693,10913.563
67014,6356.837
78372,8102.6626
125204,17864.258
17428,8058.5977
111288,14831.837
41199,49268.973
138491,3178.0415
105525,14651.101
89011,34573.727
133127,38692.363
29520,11044.635
76887,16224.151
53260,19963.838
1389,64884.07
1487,13086.387
8648,13527.666
140755,9115.114
69294,52304.047
3277,1885.2704
146884,50484.383
141863,4596.394
25413,114854.87
64235,16407.578
123640,43861.367
54036,61429.832
77262,35906.36
37963,11826.498
60601,13760.456
40413,10116.578
114917,120573.164
55340,18848.285
43252,12794.799
136354,163807.52
66031,31523.244
136311,22956.357
104371,22457.86
9246,43737.844
138642,141779.45
55491,3569.3247
123544,12261.056
64471,44428.074
67672,77553.61
113480,6170.131
10068,15925.266
109290,11654.4375
120173,16211.113
14424,93187.99
86661,1627.3724
2987,17874.547
124132,1728.7163
101022,22079.158
45231,61669.145
43215,92181.12
30556,83155.21
98417,16096.386
22069,39668.145
1882,6530.148
88592,29424.02
77002,19688.777
130996,18752.662
126614,30690.83
59632,12885.059
69110,2995.489
35142,68696.57
61651,16670.137
79692,96876.55
105643,15849.417
5333,114833.12
31672,73209.82
47272,54392.273
35987,7808.484
140522,92761.51
9855,104093.59
105503,1630.7426
37214,74887.8
7089,35395.863
140366,68574.69
58329,431684.0
149094,142383.11
53771,36678.75
85736,14527.678
38506,161947.72
61956,5478.391
5944,33702.906
107969,37284.297
42491,490659.84
53527,82613.9
92751,49778.0
26929,6364.12
98174,49132.81
20980,838.0528
5528,14306.685
3445,78333.62
17129,8327.145
77565,50012.836
97457,88442.8
67847,28363.79
38730,4537.0938
146759,31591.443
55742,16971.283
3570,7809.5137
21669,16959.8
78661,9884.947
48809,2412.0442
119975,8244.779
83029,5590.3965
41731,5309.3447
24043,57833.625
65338,71020.85
49715,10425.324
22295,150497.11
109139,3772.5142
106025,41608.5
119119,26243.938
109715,1508.4298
113807,45969.594
39936,8886.465
75613,24899.1
4788,32236.707
43352,6891.536
116711,8696.871
10961,24638.373
21835,28596.879
9406,6195.6304
120053,10919.963
119912,106574.516
62922,8009.542
133491,4056.2852
105739,9184.995
55645,56283.707
116300,4465.585
54228,40450.258
17265,1545.838
62515,18467.682
114307,73237.32
110362,16704.422
68224,38724.48
39611,9538.924
30222,5055.172
137360,120979.625
147339,21605.416
26922,1536.8416
105122,55122.992
33643,22980.121
98677,27430.51
14360,6464.967
96024,29445.617
113428,4800.1074
41248,9597.284
71123,52304.793
54022,2165.6892
69072,1315.5862
63228,66385.82
149248,126060.29
89238,31442.014
149543,38942.258
130728,14383.749
118502,17993.604
23560,18336.139
138831,102585.09
118492,3663.3113
95026,3742.8997
149240,19030.48
44311,8905.985
97497,9595.797
95629,99692.76
42699,168944.78
17672,2043.616
38695,9759.381
138647,33476.57
66139,20356.156
126334,15113.957
82058,10514.452
74986,5358.0396
149235,10277.997
2924,4781.0947
17792,63505.332
142581,23617.549
94190,12007.719
44182,29921.613
135163,28366.422
102392,32615.654
87358,5768.757
11221,3639.0186
133469,11246.165
3319,5772.7637
73261,7355.0117
28570,179011.19
94315,10825.262
92888,44371.36
123920,4330.5537
133123,64736.973
35835,93203.08
10517,21650.355
54396,20049.672
71365,43448.984
33455,6447.276
58615,19204.275
132679,7304.074
91386,4418.6694
100648,23265.504
94539,34844.664
94376,48569.54
117750,12676.986
34605,18495.158
69225,5431.176
73560,15957.711
17257,6021.929
80468,8557.655
1156,39247.688
48221,26232.004
132769,1107.5138
144283,5626.8394
9196,14543.739
17326,12561.429
104560,173232.9
1935,23783.145
67781,34179.24
83339,34970.383
107409,24069.309
143274,10562.351
96731,9439.894
20376,125778.25
30731,3378.235
59041,8244.166
115802,16460.57
72789,50330.938
43305,49300.496
59258,14229.709
9767,129555.336
68269,19050.48
20815,30186.795
64932,119493.336
144477,47369.37
68084,17177.637
75285,134176.62
99368,7495.885
141681,60932.06
72150,4763.036
108773,28089.328
121127,22635.715
111800,56096.58
71703,3716.3037
72250,27450.322
120997,12701.858
70481,14152.825
20497,71858.58
709,39532.52
145963,10022.532
60720,64233.098
34255,100422.83
105046,104779.055
61040,7617.362
112501,38492.582
2135,17554.822
65102,56236.395
36494,2392.0583
23310,129882.305
122146,50144.992
88133,27674.992
68259,4322.0225
71954,27125.818
79821,131137.83
121133,5732.0977
19769,3683.7004
41774,39224.67
48038,5920.673
105667,14492.027
59612,30561.375
90351,74975.72
93348,2267.857
106864,5311.0312
52228,2077.3552
56065,56784.34
44816,12783.923
13439,28879.84
79604,23136.037
113022,34171.812
8967,1132.1548
48715,19671.207
82200,32462.033
28110,4819.3184
84900,59009.94
65947,4960.5786
97294,55739.426
9312,23125.652
89280,14612.031
76300,18065.125
8127,10534.011
101840,35023.285
45343,78972.4
97616,3509.4932
140626,87100.305
112590,38333.902
54177,10582.132
17287,3883.26
47336,2988.0334
95586,19305.203
106749,2110.5645
92498,63376.96
75147,6972.528
127022,21469.412
56241,42786.49
80163,20538.414
97961,9854.918
125637,63869.52
7715,133346.7
126908,16582.574
132069,98986.87
120749,18668.01
68136,28675.162
1084,7911.5547
15565,76309.516
149085,22359.66
87035,266031.28
48014,18798.94
53028,45918.207
135571,6468.034
9091,12243.051
9033,46878.184
64369,45084.082
27233,6252.3906
36616,19991.725
32441,6995.6533
5962,40817.3
88423,1625.9852
147072,163816.84
118319,7937.087
110024,15172.416
95263,21451.32
99061,40494.78
25907,7122.132
22249,78598.56
68946,6306.384
142061,70515.625
48769,52017.016
97409,12843.3545
148394,17935.654
79905,6838.4487
13094,41526.105
44046,43983.055
40833,205759.83
12476,6403.9014
127585,10624.183
50242,4842.8315
9703,37645.734
28118,12100.028
93112,19593.654
14444,125349.516
21915,1790.6829
53319,6973.422
46884,5904.3994
5226,53680.195
140789,10114.531
108107,30372.695
143784,29550.209
27947,30394.064
146531,81723.15
108902,30985.293
47207,71214.72
121015,17274.41
86845,88860.71
124124,24085.166
75215,9541.698
103314,11892.583
72481,21870.713
85675,8355.33
119623,17759.555
8179,105931.164
24457,9498.01
100258,4305.8037
6623,8033.3076
43788,97229.57
9802,18910.459
99877,79305.93
33893,20343.365
120709,122466.37
142524,6223.714
144259,198803.88
34695,9744.299
41172,19751.164
22460,38281.434
116561,60819.74
31568,104984.39
90538,15479.371
76969,13133.628
86591,6836.702
99002,30549.297
149188,17752.094
89285,8327.64
89007,5703.865
24818,18916.592
129676,47037.4
20755,22940.309
71980,145505.17
137100,84604.58
23269,11535.274
45390,14486.876
35538,12973.501
147541,23418.072
25541,18319.78
84059,20335.965
50916,4102.0747
111424,67706.45
136659,97003.79
69977,6390.56
16755,35953.773
33822,89783.89
89592,23255.215
142262,32102.61
145661,1826.0767
98825,91540.9
55004,1064.8912
95592,3916.5781
85083,14960.421
22346,41645.234
35264,3836.329
99505,14988.368
18669,1394.8141
6553,45628.984
95703,11920.723
26800,6276.607
81799,22863.588
52679,9327.054
91530,21368.906
60403,84160.28
110500,7183.3438
14720,13951.422
19831,5647.2383
119423,33336.277
127794,8790.475
142302,26318.387
105858,11370.317
85539,10761.082
133194,7873.8955
149074,9974.451
48725,6649.1943
31762,7069.966
125140,5149.2246
141451,4121.2886
5935,14388.638
77662,85620.914
63229,31636.354
2761,14469.836
139878,6755.612
132396,126789.13
115877,17120.8
76424,26760.395
102053,92330.79
109147,19636.303
8255,39263.742
99403,52621.367
78182,29596.176
62740,27043.73
135099,2118.2202
34548,29215.293
85528,33629.68
85350,2621.2852
50073,13031.918
124607,70853.97
15696,40651.395
10589,46109.54
113184,10872.449
2088,389694.94
141044,6388.466
101995,98289.18
55229,3752.8171
40140,84262.97
24486,73217.56
2474,14483.292
131471,29260.729
136307,7967.854
58284,10170.125
110082,2159.5376
122078,6500.9277
56405,67893.32
108962,4773.7046
119632,6984.9917
99218,32689.074
79138,50549.527
12074,11806.53
117169,4750.1514
16157,24425.154
21236,12336.808
16987,20081.957
83360,18553.479
132981,5239.2744
62774,14393.709
35337,9564.541
55215,45451.035
136444,14798.882
19790,98141.125
104653,122251.39
134502,4727.245
51284,47791.773
19343,54564.516
59678,27083.91
64726,39499.848
94422,16500.225
75181,11127.097
17641,25399.72
26560,21944.951
146862,78327.95
92580,1590.8907
12588,17593.268
51999,20915.848
61413,87931.17
46598,11466.597
84424,60175.27
6013,7404.718
95528,44664.984
121996,2847.0964
36239,65045.957
38758,4906.9883
41626,35816.438
79050,14156.326
32026,20726.766
72144,25793.469
126042,13037.902
105395,11956.04
36984,14870.52
93037,51043.793
38591,17073.256
47885,23684.307
1654,18683.71
128414,85606.04
125454,78761.39
84708,59102.56
92256,20725.969
95136,3947.8342
80447,7083.0186
26246,111264.26
13506,19131.424
69892,16257.033
18256,23864.861
38282,6758.5625
111458,1846.6025
135309,30202.324
116927,19778.062
8713,138812.05
46793,18085.13
123911,44095.723
132832,34723.656
93322,898.3531
149238,52007.055
81631,6528.6167
31987,89986.29
129947,113756.77
47777,837.4003
82137,43563.316
57578,5646.249
39628,3825.6323
124663,26479.857
22967,1949.8519
71084,32786.043
112786,31233.66
75517,2065.9248
145578,95490.516
133538,187463.9
102419,11331.595
43431,6125.63
35603,12124.273
50886,98137.4
75259,10476.563
40089,8939.81
40515,40955.676
76819,5710.4346
117782,6988.7275
8988,27977.627
77427,9595.306
51032,3963.7434
2763,40896.82
122778,16702.348
21138,26158.61
125207,89097.63
64361,25817.252
76711,37367.707
111316,9395.115
20333,-2289.8066
131243,11923.494
38687,7720.268
38188,26559.602
49062,10029.834
1182,8156.8857
133042,10354.493
119565,16356.724
100162,55660.65
10188,7493.7637
103651,6576.816
102573,64169.555
39461,7042.1587
73443,9291.714
43065,12010.424
93655,50512.56
47156,19345.959
4804,19289.213
24505,1239.5137
15072,5472.958
17413,2412.3435
95363,41952.453
26383,27171.43
2055,54630.41
12327,42511.883
41107,17755.924
144957,13006.81
48353,22835.854
134262,37552.496
82111,923.72766
56278,2071.4773
122626,26627.494
69338,35447.605
39882,15336.106
67676,4410.5444
54673,143565.72
93613,57797.2
98968,12572.348
66008,4217.5103
28983,27362.459
101134,26944.314
70132,26326.164
118634,2635.5107
108100,23121.668
77185,31546.035
42608,53325.082
134451,14121.429
105052,27643.076
149114,27940.686
61438,3425.8423
59417,10861.481
29079,78980.73
41256,12474.46
14181,4674.4272
9253,3868.5662
10453,54754.203
95719,23493.92
106940,9655.666
30934,119063.75
2853,39270.258
30431,77226.59
132834,6455.9067
31678,44549.855
91645,35288.88
83653,57536.918
138592,44060.617
76316,47176.625
45184,8027.7427
80459,9025.252
59581,13974.694
119290,45847.32
50420,6386.317
145554,10638.302
101658,17795.42
75438,5099.155
124213,17618.273
48907,46896.945
91623,29373.387
92779,110149.42
43619,39292.63
114795,69785.305
28707,43981.38
128712,5395.5728
114631,1914.3333
19998,8041.809
45766,10557.39
98439,10140.934
122066,11624.7295
88630,71297.07
124088,40010.395
9858,223729.31
82206,12535.813
86228,12341.451
102166,4855.741
85184,123296.23
5570,10737.826
96203,12807.218
139810,530.5838
32343,1554.2037
105953,25359.604
108005,6597.898
43232,69130.47
11290,11732.852
70636,88961.18
133200,7844.996
145757,46976.69
97727,47123.996
101222,36882.062
112547,5616.764
74830,13706.414
10141,66937.625
35274,100882.22
126488,20364.605
123696,34670.766
116744,-533.97296
134195,7539.1577
64376,8566.721
111836,19812.352
68857,8934.811
33652,2806.5857
5645,4131.053
100883,31437.67
60445,89515.35
62375,9388.834
97927,8603.647
146475,19640.676
46832,15030.761
49758,53856.055
52340,7304.474
35737,27300.678
77739,4840.8374
51594,6756.686
123392,22630.06
142425,13827.262
146188,11205.467
147394,106153.0
55386,58055.418
101876,95791.12
115664,3679.5854
9954,11663.196
36488,15017.439
147626,7577.295
139717,10748.902
147783,103390.13
107032,63641.17
142809,26304.336
5821,62989.97
6968,26321.906
145340,12265.884
51931,1997.1019
32359,59763.324
99838,27781.3
120218,151649.19
25210,32175.205
55711,13713.447
87142,12256.61
46319,26456.639
121386,236364.55
59331,19657.979
88725,12164.6875
113641,117116.75
98748,34597.086
46328,9827.584
145385,17724.396
81829,1439.6561
41074,122084.75
67193,125789.89
123900,2987.609
111912,5694.121
78433,14723.669
52442,75331.75
23008,11071.306
47381,14174.972
52836,23474.736
82687,13109.823
77504,42515.633
108824,9266.618
59505,3197.42
126939,17208.99
107372,43906.613
8711,96987.45
61912,7910.9565
53611,34985.94
7689,36460.32
8019,49241.496
66498,1459.605
46761,86839.83
36413,13434.564
81228,14096.922
71853,9566.817
17151,32112.963
48320,80046.52
54456,22392.814
50008,3956.7961
83878,11975.832
136,4196.928
101310,44911.215
24749,51069.188
71608,22039.762
131394,5197.502
64927,18245.691
74649,9752.593
58863,6334.0225
119679,12629.478
137478,46299.38
69080,8773.729
117164,132358.61
5777,23521.697
24622,8139.3643
6279,5894.816
58916,15403.2295
39272,19136.506
142767,16650.17
105711,4530.9756
20482,55302.76
22574,118694.91
21256,15270.984
66064,9162.964
61389,28366.715
80117,75669.48
140067,14131.192
125135,63379.38
8040,81342.086
118917,4246.13
117087,24874.988
70515,9131.884
115435,75495.375
8934,21686.588
132066,13411.742
14589,10271.655
45408,44104.637
47171,12967.577
8054,18376.047
20511,2600.8645
51483,20086.006
63184,22105.768
34570,4448.7983
9774,27865.566
111503,6695.3906
74786,16559.66
149680,52064.25
67093,19241.393
8154,28738.785
59729,18987.004
139564,2825.5212
116961,47383.88
84489,5377.219
32128,24837.973
41414,25566.93
43580,13546.733
149433,16129.422
148921,45293.414
41088,10525.859
131921,129391.53
6217,7302.073
45305,11741.2705
73462,12569.411
69846,52957.2
67066,137904.78
126983,4105.7603
96095,46846.594
58118,20635.59
16631,35464.637
99794,17021.742
16628,14019.809
2425,7927.3643
116013,42861.125
1416,35277.29
55464,12973.601
138191,96179.52
807,12017.402
131121,32312.818
80232,4912.2344
97085,8477.466
12096,1173.9357
83266,44389.67
101942,11962.273
64146,20044.299
117451,2682.3494
104696,30855.152
91793,8276.749
12951,47481.363
87131,5113.386
26077,11655.327
38689,57245.66
137077,17738.26
80718,10502.586
67401,5423.0996
5736,261670.02
59155,49811.695
91867,5382.571
111720,16870.555
22598,98319.195
32379,5779.317
65120,51242.816
5412,20654.396
110059,56399.29
146566,6007.8447
5910,14809.676
35188,98893.65
37434,856.5868
30159,71908.914
66718,10037.829
33847,20933.69
80226,11211.8
21982,12699.233
74712,32748.41
133571,50070.715
14352,52732.02
8211,76933.68
63972,13627.922
112740,209804.8
100790,5168.535
49703,43060.87
127186,122680.92
140124,85652.1
15980,10030.612
6177,34913.797
62902,33125.363
36044,25004.3
103078,34829.715
79663,212377.7
88739,44960.965
27067,168844.38
17414,6866.67
141483,1170.6023
131709,5186.6465
95013,80427.234
38267,43526.707
128524,15812.571
70931,3704.99
61512,32571.21
7173,19169.887
18771,8999.32
94120,161926.06
139186,74033.61
81365,47032.168
137970,9134.509
49192,17659.732
11184,10070.429
69173,26002.252
146578,17388.092
8533,12496.599
16600,52155.75
104054,94453.9
59158,61340.71
141007,51700.625
86042,78429.38
44774,16452.328
131509,4111.145
141529,81124.11
28026,56672.16
96734,44436.52
120484,43680.484
103086,12106.086
64276,25818.527
134904,35731.668
6130,19266.877
28231,45397.816
11643,33194.777
53416,1375.8623
6775,53682.074
74744,16019.577
8240,29317.006
90295,49993.16
140055,10131.537
32841,6060.524
44430,17198.643
42778,71172.266
106263,12570.682
35240,16104.915
39748,19358.527
11700,57909.742
74774,47711.973
131932,27871.457
69473,3291.9185
4049,11809.322
106367,16764.977
51646,1549.0851
131304,4841.556
124001,60451.43
113842,27786.828
14891,85687.23
38025,9228.878
54668,50738.055
116731,24724.037
76568,14487.058
117013,124463.77
57439,6148.328
108689,735.57587
58187,45075.273
6307,84858.23
19711,50951.203
93027,16604.44
19093,54702.63
70331,156745.81
90874,56431.387
146789,54964.195
98337,12959.904
53287,5368.5864
10385,12774.717
76111,25102.305
130420,42475.418
20657,41934.652
25985,85557.086
55854,53207.848
142500,73186.04
54275,2950.117
57408,15887.521
55033,11078.288
134786,26259.336
15728,9541.459
58562,44983.938
103320,139763.52
44979,3591.7415
2985,27566.248
149173,12473.65
99017,35819.68
147959,5858.516
147066,12448.417
123484,63169.15
59686,124826.125
73614,3629.1465
135847,42672.58
6220,31882.562
36099,19178.283
52217,111292.85
8147,18677.818
36854,18605.424
77794,60844.168
73580,15755.332
143744,10389.556
84043,7663.449
22024,47180.67
12461,113959.055
41503,24243.084
112100,7243.1904
102285,83471.164
51099,37555.56
145107,29658.066
132722,3909.0024
114220,7054.6157
2625,31892.469
44451,11433.689
63647,40044.027
106392,12684.02
25713,35904.184
113183,2444.7947
146487,7779.015
81663,66521.3
1784,43916.547
53702,1759.8416
103449,90188.49
137771,36741.047
128598,29044.852
18681,37598.77
101505,24005.26
88157,8263.956
9131,9022.7295
70064,32112.807
116829,29713.926
40616,44706.105
101343,28303.55
30143,7962.1846
138378,18274.596
29480,13730.809
8417,209037.72
93450,21956.834
142529,9974.085
96727,99922.266
140490,24483.953
36431,4326.6826
122357,5316.2065
102090,53081.48
37216,168069.33
147932,20526.361
48057,46563.332
42996,3487.069
71735,74169.12
105922,28502.371
123719,1558.206
122602,6879.3564
31215,33819.734
11765,30698.385
50671,23093.203
63215,2260.738
74888,46922.64
13212,32900.727
45991,16501.303
101234,246022.88
39658,9140.262
32983,29833.52
137464,167736.88
120088,95977.31
56721,22752.203
1008,107148.33
7004,85169.09
16210,139320.66
35461,3265.664
105491,5276.911
45832,7389.315
137688,2561.3743
94149,10900.599
111360,5975.745
97569,47870.35
136891,3219.4902
113008,6318.706
138709,47368.996
124710,101242.5
78260,1700.006
99082,84745.016
122984,42359.918
147913,80905.266
147987,10240.14
35093,40780.656
67135,4589.495
109457,114903.07
95217,5005.727
5564,13829.144
100296,24949.668
110142,40088.965
81719,29884.31
73073,7771.762
11315,39458.914
7453,100762.484
23149,48658.77
105335,2446.696
142886,20629.047
61313,25824.076
79670,35432.484
96801,38477.66
46713,2625.8108
66314,40072.242
46169,67769.266
15413,51713.9
18656,51120.344
69168,9774.956
118173,1883.7551
18294,59649.918
84373,24438.576
76845,74345.26
112416,3799.6326
141576,14659.597
119518,19176.674
96199,101377.17
110459,22181.842
34926,62288.598
34952,2613.3948
142002,204197.89
34338,349146.88
91813,4982.961
79984,2209.4138
39163,21025.31
123956,7208.297
83988,58997.41
23118,22806.06
25282,110878.85
106315,16383.219
128529,55944.836
71922,9946.938
62771,29287.094
19941,161791.3
77575,5359.3804
98503,170123.84
88093,4769.309
114626,37156.0
47539,69020.13
53834,11966.266
147490,30253.12
19817,26723.602
127598,63697.934
113590,131632.81
71739,2724.0786
77634,4424.191
127138,25944.756
12015,7662.584
36611,10857.725
86966,49193.598
7042,21942.807
46475,52712.1
57725,16265.411
121746,49736.73
1180,44921.305
139783,5469.8003
77400,3852.7056
32546,11922.567
103706,103962.97
115791,6558.0356
17210,35191.906
78847,15612.363
10885,15450.668
21458,56769.27
137377,21336.23
123425,11433.563
34491,8646.197
47787,18315.223
35012,8100.063
146934,1903.2913
28234,14578.759
43784,56476.047
13175,35240.242
93817,18640.803
39656,13164.022
21016,27923.012
128849,71946.33
58447,10911.591
121720,23766.074
18161,1173.5826
94996,64614.26
102824,85290.68
118019,53769.95
96501,64626.71
51158,8427.919
28419,32026.318
124314,2644.7078
140336,6581.143
117056,154541.8
109586,102798.18
124810,27545.662
34917,29900.27
30756,15718.93
62084,133936.39
60475,19920.01
82393,42135.363
18149,29171.943
11718,34654.54
129851,26630.719
8045,6246.538
137346,58986.7
94911,28781.908
46907,45034.62
132118,189944.67
113223,9074.405
134430,49034.418
98187,17322.023
5077,37698.605
45423,57357.445
135187,15696.016
81480,5958.4272
102695,18116.09
78907,27399.78
60031,25004.008
34874,6568.703
120211,10229.04
121385,14238.29
57207,25654.557
14992,17929.4
18869,44084.477
146540,14212.853
53975,109311.43
132519,81033.23
6650,42606.543
81428,31527.988
75118,52400.824
113388,93594.65
78136,1004.4074
39808,43866.78
139184,61086.965
143217,26262.697
57570,10484.854
89294,269319.34
79419,92048.14
89008,72983.695
99117,7223.8594
18164,5771.0938
143091,29831.873
10019,24401.684
132534,119325.266
21530,179110.16
62196,9880.814
33537,16434.145
117388,11802.442
15313,20834.014
37078,3480.7275
113293,7425.76
4298,192710.62
51384,10119.168
142503,6394.1113
69551,15783.861
72412,25282.318
141941,28757.615
54525,7144.8633
109742,97899.7
18598,47151.66
28391,90994.28
88658,121588.625
147752,7244.6245
65011,3768.8066
149118,7213.9116
24373,32791.945
140812,66098.89
123384,7719.718
76864,2942.9885
129346,11334.938
9579,21515.594
104007,5268.383
126793,127575.805
135890,4650.484
139567,4238.1455
22479,42058.004
115239,221374.77
37302,32350.668
91293,3816.4172
91660,45000.207
80965,555610.1
22953,76981.87
76246,191827.56
47548,22557.55
116440,6728.571
37545,14601.431
92109,95932.914
85460,15495.628
43415,10856.705
119264,65709.53
5824,12969.479
48748,32640.81
17861,6809.009
70909,139535.16
148760,29197.885
136498,8689.017
106598,55754.668
7237,53830.195
111880,6237.0337
29308,10430.266
60956,40285.68
78591,57859.938
44379,3549.4932
37818,2959.3025
126321,73210.72
65625,14548.663
46455,12520.755
119922,68417.2
122145,8092.2686
61487,1562.8116
13569,13329.59
74858,35589.793
77704,2051.3564
32670,60041.484
58745,4660.6255
59424,3923.111
146835,13851.124
30771,33733.82
147943,3334.279
68699,3817.0632
141181,40634.453
60115,43168.176
70586,7320.636
108010,17313.014
31073,120964.305
30484,19224.982
121618,2285.992
131101,5348.3345
88005,96646.86
81817,19856.387
143196,14124.484
96181,9092.578
39537,11656.702
70220,105943.86
70271,37318.688
87800,20944.748
110176,4245.284
119790,92154.734
121903,22603.092
69327,102619.02
4544,2327.7136
112139,5127.891
38217,48171.824
98930,145706.6
17450,50821.16
98985,28181.312
142838,22053.87
116945,39062.57
72400,37107.113
103371,22025.885
44103,30564.95
111903,27079.037
42562,28944.299
21557,4695.0796
3032,91751.41
132859,14610.46
84406,9746.099
17703,80919.69
29196,111083.65
30952,2477.9465
44770,7504.442
110292,19289.695
70888,9278.311
39493,6882.6274
115938,5710.8267
112608,38262.227
108905,12622.48
94984,27547.637
108560,43992.746
38529,6754.1064
6736,7233.0396
2367,25478.373
88377,137233.83
85122,31267.197
116805,17276.158
57146,33495.523
105089,94085.055
110881,8771.634
93323,47474.812
44541,17464.633
11543,42303.94
6859,51435.395
91570,200299.0
15752,48953.453
79585,34277.734
19145,38012.83
18762,23089.945
129687,66494.27
42511,16915.242
77146,10659.629
139234,152558.66
45564,9020.674
101791,86213.0
59367,49436.406
95464,90274.3
63438,78274.21
23028,162771.6
98343,55136.723
107827,7154.3027
27467,35606.457
19609,19205.723
13198,41827.785
93883,116422.06
50369,12128.354
132645,14428.142
142657,20060.303
68593,31044.482
139973,41654.023
85989,18483.045
7799,20445.002
111612,40895.188
93150,18638.328
107897,10027.082
22603,3249.0383
127142,183003.4
70138,5348.232
30995,25986.61
134714,3418.3184
135854,51638.633
101478,118751.42
33559,101365.79
4979,123313.99
31641,14535.796
13356,11692.279
134193,48293.62
28525,7843.2354
130640,4849.595
89694,43688.465
39522,8331.247
103846,10848.548
48831,7639.148
707,6399.9614
24056,35309.926
134268,4988.2627
34469,18215.94
105899,48278.523
134261,2446.2786
124668,19683.066
130417,23571.69
119992,2293.9993
81673,27127.047
36426,23287.336
105398,4712.367
3608,58642.438
75675,20621.45
65353,16705.797
98905,82437.96
87932,13420.894
40380,89194.86
59078,8756.203
43084,49322.625
90820,26985.691
104739,163813.61
142517,3543.987
88002,25235.457
116631,4326.6396
31259,149115.02
74641,73880.875
148429,15007.256
66682,16488.182
72193,165772.27
123514,55771.805
47102,4938.8193
137640,108506.875
23475,6529.015
139598,43367.344
132062,135494.8
96937,46333.49
147263,15692.312
6818,8737.298
78975,50698.17
127924,9537.455
33300,9132.479
23413,4102.5884
31186,9006.987
15504,6882.805
87987,8766.54
138252,60564.562
133256,2175.1758
114193,29966.96
142619,7859.75
31233,51582.402
13872,19606.477
95418,37981.4
42158,20882.512
141051,199691.89
116272,58921.48
45785,85242.445
98984,5269.1724
146467,105209.98
42350,167551.44
13478,88150.76
117500,10558.496
1269,32875.684
147694,31685.336
109860,2847.1304
86877,12898.945
129452,18792.0
39052,12293.363
89559,34421.812
36316,2691.1453
84514,10272.715
120563,28949.895
70900,34638.605
127183,89577.984
34941,5889.1636
133874,26673.467
13859,41376.277
3855,7660.421
147095,19651.572
145849,64363.36
117144,17803.268
83376,11618.1045
125303,46320.438
36230,7312.0513
51978,34518.785
57885,18968.826
125616,44163.35
3818,32067.787
126631,18575.09
143818,117107.17
27738,8927.295
109418,171961.17
25806,44175.8
44829,34841.273
114209,3908.9097
12218,31201.6
138422,18691.14
148886,50493.145
119531,100668.71
101637,13362.161
116257,77918.57
14316,7312.8726
91087,42520.45
40085,4142.8447
105349,144647.9
67874,9624.471
136828,103998.05
95135,6667.137
25754,38241.01
104733,6487.1333
130703,30584.018
24798,18329.654
33871,94647.84
137836,1448.5543
64658,9965.247
107812,5260.296
20891,74090.39
98298,14737.003
123654,29782.867
88032,17105.26
40986,6694.132
2016,2968.9087
32723,86705.46
39208,7523.9873
100901,130870.195
91696,4213.0195
50527,36349.562
126575,5756.9414
61861,78938.24
91242,23027.941
110084,52454.395
19255,393895.97
136050,96966.23
11308,96223.84
16846,8199.01
137276,10674.107
89834,10585.104
147592,48992.957
26324,19219.379
18252,10636.051
37727,8362.29
57824,6028.636
99835,103740.91
103331,17880.86
51813,18837.36
46682,13614.0
46261,601.929
127185,11511.638
129360,21185.713
50074,11002.38
97656,20286.197
65786,10937.448
94439,146948.66
51938,1250.8251
18564,18115.012
119547,42580.375
60360,6079.835
63856,119289.414
149811,6263.1523
47924,31311.47
8745,15070.619
60847,47697.2
98410,11279.866
96588,31036.988
26174,13819.227
72222,108700.84
146015,138455.12
144644,12155.246
2982,12537.243
123089,33233.81
126554,4017.298
57968,18024.582
72843,49616.117
120241,16145.811
26747,13714.6045
113204,21005.719
27498,26279.49
42688,71571.41
104484,45844.957
110246,8556.743
50446,703.35016
29470,4456.778
66067,11180.703
73440,2959.7146
109185,30797.764
3894,174043.48
148931,35772.867
55886,41325.406
33645,25567.31
13844,8193.423
135373,5844.4463
75083,5130.225
34081,86851.91
56931,-166.57393
106292,79848.29
62938,9564.67
104832,196017.17
102545,10013.645
25160,7868.404
60629,88723.34
127802,6883.307
89475,29016.42
57205,9180.42
20271,183704.81
101885,12133.442
117019,8302.147
122835,70187.734
133415,129694.586
7758,25380.152
36643,6730.5605
146224,6061.431
81870,9199.699
67977,12694.151
129009,102189.48
72831,7841.8975
108568,24051.885
126315,123378.7
141078,13257.519
53638,31331.762
132577,15397.611
74230,137282.17
11361,52999.07
142110,12050.76
84361,17875.555
64501,6253.1694
101711,78289.914
19782,1278.6317
44538,10583.1875
34539,21431.018
106506,1192.6396
87307,14513.885
127231,790.4743
111349,11811.805
143705,45700.17
55978,34664.04
117558,5825.4966
105362,309177.7
32336,11758.467
47621,16811.31
120401,20008.479
71088,13841.511
42607,23858.164
50024,146670.89
7307,17507.535
2479,19368.277
68565,27495.643
33246,11933.102
147436,86465.195
142659,7680.888
126170,40563.016
17004,10110.073
53934,26781.078
67020,18228.275
9062,8787.678
80035,45031.51
120978,102708.37
98025,10699.664
149935,61437.004
32072,89544.29
129217,27410.67
74878,10669.225
78079,27349.021
127483,170168.31
21123,58268.484
102265,11640.742
28227,25024.77
115447,47457.086
6317,5123.6484
7823,19642.88
134357,21557.398
11792,149905.83
49198,10036.123
71975,10927.964
111904,85624.875
57623,3681.328
45183,15571.04
105357,28723.604
4896,174903.53
67393,8263.198
120824,5480.0337
116292,11242.249
114540,34229.77
95863,6663.934
75301,2366.0408
141106,18402.799
22381,25028.508
130739,7373.673
14221,47209.8
141212,49767.38
107947,2843.4897
5055,23455.598
108271,16151.261
33693,25046.262
36448,9410.398
24948,17359.977
135984,40689.3
129156,31446.418
33445,42051.625
93696,64983.57
102892,17235.709
53650,12060.119
3228,64022.41
146395,18064.258
103742,13883.928
111087,7705.5205
119861,7875.4956
54965,25097.062
75791,1932.1714
102492,99019.49
65283,46272.887
129741,26604.557
90316,8846.105
114955,6274.86
89612,8913.39
84033,12328.471
87053,16694.8
30531,104583.4
43673,33446.004
136703,79696.05
43769,3473.6057
103104,8536.814
9095,48420.68
2765,128138.586
37748,148080.2
72082,20180.453
44629,9593.148
40247,38065.41
142976,44694.438
113820,39967.617
12120,23580.04
112226,13219.218
62378,8644.668
100410,10643.045
149585,48843.24
96923,170419.05
117278,28999.283
85114,33661.9
58108,1081.7875
40910,10528.44
85622,22436.965
102033,45405.23
144432,7417.765
36332,123896.484
99447,30018.432
39798,3326.3765
115275,6275.9727
142673,46539.28
87621,29646.41
136902,22749.752
41659,7072.255
56091,6174.647
99354,86501.68
42260,37335.492
61919,19850.393
14323,56995.953
59304,40560.113
12464,10496.648
25928,-252.38443
112557,54650.426
137680,22605.92
75264,42561.7
111394,89070.66
146264,9059.226
108131,276.47275
21205,6159.838
49737,21015.566
85392,9879.697
35181,169503.67
16106,2966.9458
16310,4925.4795
68250,9991.182
94768,41277.816
72571,43145.516
2321,27307.326
96512,105446.92
66659,11763.955
103764,31324.258
44877,56200.723
2472,85214.56
149809,64341.87
80095,23621.277
79370,247531.72
66033,44581.613
96738,5564.1187
68369,21651.822
45217,4535.2734
84664,9314.711
139209,38766.59
64722,9016.08
79824,10708.974
106585,17493.62
30803,16738.986
107328,10180.657
15292,21093.922
132607,7887.2065
63543,95502.18
80472,26876.176
14202,34157.086
1187,27053.518
124641,10745.295
14004,29148.55
125682,49183.32
110691,7684.9946
38794,4560.784
21134,56566.09
114903,31775.957
59378,13202.31
120134,11365.063
88366,399103.47
10165,23379.924
139788,48988.62
42139,1724.3618
140354,6183.346
96153,145425.61
3672,32627.66
125402,11364.273
23345,20224.39
31028,134092.97
49461,3284.626
18873,56749.14
95481,11634.934
84453,9037.804
35455,28125.06
144842,3239.9895
103092,41002.0
47490,23693.283
53759,15097.65
21285,51200.32
34569,2904.9202
130751,23712.645
75722,8307.251
6945,21398.287
47036,41124.418
54101,63878.05
66786,10801.597
88411,87737.01
23712,53738.457
145641,74933.87
106013,34557.4
26809,8147.181
125241,17723.97
21187,5409.543
131172,65311.074
16851,79211.164
90575,32331.783
94507,12884.037
33271,6517.53
68179,19237.807
47697,7473.612
72531,169352.75
89769,4810.1177
43881,91948.41
144963,10595.443
126731,2882.5276
84679,22370.52
121202,16462.885
101660,32778.367
145829,1401.221
120190,27107.398
14295,21887.89
2381,93736.13
26173,50101.723
27599,19978.232
114393,41999.27
106447,4055.4446
89397,39911.89
65626,7558.754
69628,8420.667
123636,43409.68
90569,12188.127
114809,13512.156
128297,17476.85
42070,19324.229
54757,4321.324
131110,2710.9946
99206,29844.865
36380,10826.253
139873,28776.143
10566,24330.773
75592,15057.319
99163,15029.82
1676,23151.703
106056,55630.254
21050,41225.875
93649,12472.025
42601,9631.043
109622,19375.365
63084,34128.67
67238,18256.664
140981,34877.645
121584,115726.93
82988,1664.5258
117366,65152.383
31625,11408.143
67508,2314.1626
47698,23770.305
40606,16633.951
8298,40183.953
90979,5871.789
109243,4163.527
55678,5531.107
136682,33245.61
27876,4265.17
16530,6829.3384
130189,18146.79
83181,15495.301
91885,24896.896
135129,944.29504
52261,256167.5
74949,3893.272
137009,25645.914
97647,60152.656
23303,71267.81
32195,18592.213
19944,50793.434
41044,63465.58
132536,8053.4517
44948,8642.052
43652,8051.0005
124241,66318.945
31880,29973.818
89893,12678.802
1866,100202.83
89898,47778.402
26029,47535.867
51256,39391.71
78635,5571.1157
146907,460408.16
88985,106852.25
139427,181786.03
85645,14591.544
88742,34662.76
119958,14090.685
22847,67340.08
132324,27954.744
27587,13825.655
95427,35840.54
21077,85384.78
66630,12793.449
129523,16698.14
106953,9942.46
14071,2222.961
140096,12586.291
68726,63890.785
73086,65101.594
105297,74877.91
64994,5380.9214
106611,26519.342
129878,-104.02305
66034,14330.875
33948,7615.619
52463,5391.5654
45336,3901.2551
149149,10603.808
45078,56073.79
106301,26236.707
130200,36363.766
4445,4961.607
20203,5740.102
139531,14597.87
27090,25684.447
105039,34346.62
95002,56536.156
127316,12612.743
65703,16715.244
122495,74116.89
44635,108244.34
128892,3282.7627
108390,16560.564
50200,74556.97
116671,11310.224
86223,9260.537
114816,10484.477
85731,10746.711
101362,12986.431
60842,58441.02
38667,47852.117
134001,123188.53
79291,46518.66
78693,13557.824
21410,16101.126
60183,10888.628
61346,11725.646
72494,44417.465
121849,2981.2524
18787,36133.418
76489,6361.4326
113920,9304.219
99959,44984.92
39409,3686.6433
20310,26122.607
134478,9587.573
35641,120169.49
49417,37978.13
148917,7322.4116
50635,47964.527
77859,49094.234
140685,48229.32
40194,14727.655
145801,3693.9565
3516,18994.93
109949,14068.442
145548,23505.979
52700,31044.908
88404,3305.2173
75062,6380.4263
109968,4828.6265
139117,19743.27
97089,121869.664
10604,2138.9758
89578,22905.602
141383,14415.013
19126,16763.557
47092,33658.74
7012,130022.16
83014,61774.562
84910,5917.0903
125595,12649.249
126928,10920.275
126942,4916.23
76685,32561.8
10687,17986.307
64195,18173.242
7213,4252.0947
143331,11419.533
72203,34317.137
54651,41582.117
95241,3502.579
58180,125985.055
109814,7284.2886
118950,164004.73
25658,12743.256
10616,996.13916
26915,54535.316
127799,42202.7
63434,8566.519
67934,21970.787
99529,11617.415
117435,15516.339
113893,30500.242
137359,84430.89
26346,16169.701
54604,11889.075
105087,5271.764
138475,23069.006
34762,4884.932
48171,53558.375
7986,86102.92
69821,50997.727
94852,27371.648
22841,86844.29
65293,11322.412
24221,22706.56
25700,60947.65
101543,2398.6748
62107,12254.571
56772,18929.322
34958,85160.16
113328,6497.873
10474,10632.68
5471,25753.053
7457,116771.84
52449,4199.3013
90269,83574.51
6748,20565.55
48636,12605.874
11828,1819.5245
143041,21054.574
57372,145340.98
140242,23159.67
1760,5365.0557
111751,12968.9795
70843,24542.416
42894,6917.901
135442,34013.6
84107,7064.0483
49628,12650.586
120897,80673.75
125838,49681.83
76975,7518.1235
45953,31767.527
12088,9469.151
77951,22126.44
53529,35512.867
79846,2176.4565
131675,19124.238
66824,12624.038
70063,29240.924
138064,11500.462
31378,36704.14
27910,22583.266
34673,9445.646
72300,10991.418
83412,3315.762
98822,157491.7
69508,14134.285
47927,8717.402
90660,20870.473
55700,3795.9753
71412,32191.447
45082,23608.133
85191,21431.463
109021,12627.301
110076,37077.32
122938,68129.17
38229,22691.33
55243,43624.02
17275,21926.44
144241,120110.93
110590,3363.883
69537,26666.996
91715,63613.062
91322,12153.282
74908,90248.23
6311,46511.344
144390,75890.38
8304,48430.527
36822,8921.499
53221,65340.527
58403,94074.86
93477,23754.826
142776,5992.361
67019,58485.582
16138,7841.7915
34687,51987.92
128436,6576.9404
23939,7759.6177
52640,66538.836
59996,6982.9814
108615,20340.742
17433,5881.114
47119,20827.066
141776,93632.29
27568,31931.736
132749,102392.97
90588,12380.37
149372,31154.975
121428,7148.1875
21826,7970.965
66523,6803.0444
6113,28677.225
21125,14477.116
63287,6630.1387
82969,31594.193
31273,98835.9
85007,4919.4556
145767,16284.392
93012,40500.8
21136,36269.85
97225,11785.772
104412,25958.068
26534,16789.582
15856,5955.608
65383,19389.594
86926,59139.965
64755,8168.3037
19078,25295.14
19734,6469.633
47472,112111.83
71491,15081.697
19815,3048.0195
27932,10806.959
62277,21681.66
121697,8371.168
98820,6019.552
142065,7744.7324
8238,3447.7615
25045,83198.41
74068,57147.047
94939,40705.242
16962,17321.006
2383,106534.22
13648,114748.62
19866,21709.316
17706,7588.657
112830,26091.055
32363,18650.549
20871,10521.279
34650,67965.91
80158,20483.28
9897,166958.55
99350,18013.312
80495,8075.5894
78683,67675.45
78295,22784.463
48408,118859.16
12100,1123.8876
39437,56449.53
73926,8626.813
52745,21834.12
76481,197209.8
53060,118676.305
100407,32327.914
38686,22446.475
63623,4381.5977
112694,57834.207
75605,71907.12
134242,10111.032
10769,24632.404
83561,1394.4476
115319,9781.018
15023,32428.754
82379,191401.6
72179,64786.773
135877,17131.488
128780,15742.918
114378,68130.95
77116,3330.2354
558,12062.568
83153,16304.657
54493,12445.393
113300,7891.5596
19653,25004.26
35237,11996.456
128723,10426.057
136948,3683.9966
34163,5797.6074
145597,15103.583
13708,50560.56
148235,64723.375
53512,92736.83
47260,41900.312
45698,7264.0864
128930,2125.891
122270,11789.637
39964,20245.521
90499,117009.93
109926,89012.26
128329,46745.297
52364,41565.09
104011,39275.04
101596,87168.47
118368,12971.163
121177,7665.5815
66367,9942.978
63371,13327.845
136045,1830.6871
79004,29329.564
20667,6072.877
20351,18894.328
3263,28484.488
54180,253707.28
10540,16297.598
82783,3669.2622
41313,11720.85
128442,10550.239
44152,10509.751
124380,177068.0
132872,31601.402
65574,47399.79
82203,55205.38
48932,8694.37
24766,9861.308
71443,30082.4
102741,8342.052
45581,25066.664
53746,13642.315
39651,2713.3425
47206,45694.617
49409,31606.87
136851,11480.808
54848,46867.977
41108,36755.254
12624,10918.303
87561,58127.02
134206,39335.15
75710,10715.866
119476,17384.807
101321,57518.258
72938,49279.496
75080,39198.05
80327,35389.273
83965,1268.3899
92874,105259.6
18153,13401.893
133640,10720.741
12650,1609.4801
52170,10291.148
79954,72577.99
132564,86100.19
75004,49140.83
52665,11290.844
48134,18375.365
58195,52065.875
114692,8719.347
46085,5099.6426
67232,124262.766
32435,37189.465
87764,8993.178
32444,11482.981
25337,65241.895
38411,92619.516
5705,10449.122
56499,56029.04
96813,11555.513
53493,12999.774
59698,44472.52
63893,8133.9443
74432,48560.688
79885,13533.055
15226,268292.9
104309,8382.019
128832,16130.663
7271,7358.0874
36731,72422.88
136778,3537.8638
141375,58663.31
19108,83805.484
2986,6349.727
29725,11568.385
57689,25804.45
16997,4179.031
109318,44723.156
108215,5587.603
76542,40885.2
101355,71430.27
26237,39216.16
76549,15388.09
133388,116236.445
38489,805.3018
108970,13742.17
28561,47196.734
83101,5308.468
48405,364.54712
122635,14074.76
61660,23307.305
132693,1815.581
26286,6362.3096
70142,104018.4
113238,20515.691
101528,18290.096
44561,10464.316
23173,99956.16
7711,23379.076
65056,88135.445
36714,31451.17
74164,18315.105
22672,121465.13
57576,9914.1455
44205,41769.21
126747,17414.904
144409,32613.178
56528,21047.156
88558,19076.06
145770,114889.14
81270,12927.528
112998,4272.728
142471,32819.684
46621,8878.151
94536,79424.78
111164,10035.829
118273,8973.481
52961,39039.152
30797,175049.62
66441,30543.416
14521,6216.848
91455,32116.932
141678,25591.701
72335,14231.385
106045,63301.14
1661,9162.43
80987,23889.902
46921,11692.549
120875,66362.23
10410,30482.096
133718,34643.316
144878,11883.201
31078,23290.902
60777,186830.4
64272,23247.996
51189,27042.883
59009,36114.996
112446,29134.79
5146,76683.016
82719,9900.789
62166,15787.396
42563,5747.045
16071,3092.4817
59980,36736.355
1136,2462.4304
27039,6683.089
22155,25664.379
126372,105438.35
127766,3868.644
148745,7212.17
130480,5861.5
79441,8940.625
6313,9095.655
128150,12835.587
137442,17086.926
39129,14055.754
22804,10552.158
59610,5300.841
23786,61744.195
26410,19984.34
33103,21436.617
102658,8662.447
27281,9122.996
68441,13145.061
109109,6633.0474
10226,24736.506
133559,38970.484
30509,56618.586
82905,4236.4297
140772,4140.5967
53025,64649.21
147614,32515.86
97937,31044.012
40658,17682.238
10978,9401.763
76574,63530.902
102974,20544.32
136497,31593.68
122654,51923.227
27690,49914.312
82593,30109.037
95425,9827.824
80280,97073.984
56173,12830.095
134857,27137.32
67028,7793.9443
15104,2175.947
5027,157895.28
114061,17578.174
149132,76136.39
116617,105641.43
79448,136006.75
86446,16356.687
15939,2195.9783
143034,70950.836
35004,13413.228
140244,6152.729
9133,106735.29
2863,19757.021
94975,11257.248
132514,8779.753
109543,9830.1
20800,46771.645
4132,56014.39
39896,7061.158
53941,6284.87
94425,21635.656
58809,15378.336
78596,77881.51
108057,70054.08
108984,7126.4062
74904,16378.09
4065,5177.6157
68078,23764.87
69073,17535.916
131961,30365.637
121662,6230.033
103186,8960.673
106332,2978.4944
107965,13559.977
131016,27582.662
74281,29574.803
39485,73298.5
65966,65086.75
108664,99317.98
76046,6759.893
73389,69022.65
76534,19241.088
33521,5764.9316
144405,14795.358
148070,250715.05
12160,36189.316
128883,21075.186
90452,35420.68
28261,11679.242
94464,10774.886
2944,7896.9634
16784,141260.39
48818,40500.156
134565,6769.192
103364,16517.65
57403,32090.2
100338,104619.86
44330,12853.173
93236,126148.38
111440,97441.01
148956,20043.164
128881,18361.809
25646,26932.979
15715,18608.549
146172,82300.12
30795,18298.791
12911,13653.815
99979,20301.291
52724,92431.71
83892,7082.275
26418,3363.7385
130037,116892.68
80131,32533.932
45946,8737.94
6137,75009.586
28511,34005.81
106633,6914.9785
52200,33582.098
113433,119081.19
40477,43246.098
16162,32952.35
94763,18345.697
100090,14227.731
42026,48880.96
106492,18870.617
115716,3246.3628
34528,8438.15
16753,11928.463
29250,14371.187
5616,65373.77
72084,5601.0527
108046,9505.046
115225,6679.6123
76979,26821.916
119375,8410.111
40894,4123.042
113393,4244.6675
4169,81343.484
33987,14819.088
2417,9383.022
148464,340146.66
95635,16178.089
72951,271130.88
106299,3447.1826
96256,31081.59
110651,65533.605
94785,5052.7065
18142,25659.402
85913,9450.68
83882,45176.934
71559,32964.277
128197,33613.188
81499,76979.414
128219,30670.945
132318,35367.13
27184,12071.58
85729,165173.23
41277,24048.482
72403,18379.428
149633,28108.625
41989,2748.1606
20894,2243.8076
45226,390170.4
116115,13052.633
142946,9677.484
127537,108082.87
73051,27017.31
138023,100208.18
30746,13263.58
71650,5721.391
119452,28879.512
28946,222569.25
146062,72462.36
10262,1595.7269
18746,36054.164
38827,52119.758
44726,65527.035
6387,960.23883
14097,100792.79
85358,18740.658
52481,140018.66
31243,9846.486
29700,8007.7607
148437,106493.51
106128,137012.42
23980,11006.948
35289,25210.613
68069,6297.9985
36924,28423.531
28791,46000.348
128287,10873.8955
142732,180041.03
98641,37760.402
60994,8445.519
17164,2113.5483
9907,79067.98
140087,39061.04
44128,5990.7534
87246,2416.0486
48371,3581.396
105116,11942.301
29478,7504.531
63416,21599.627
147590,44956.242
92926,19880.48
66212,4079.05
34675,89074.09
65981,31270.215
19551,3846.2363
75709,11717.561
47982,71448.33
70965,41038.504
135549,16259.576
75734,19748.537
26337,14795.309
92149,16819.475
129959,71917.86
59823,79702.27
101116,27485.662
51765,7668.7295
110963,63782.516
111988,4481.988
88675,13641.441
146157,10231.821
77668,8690.581
17766,23684.178
39206,15135.58
119840,6765.939
6713,40537.016
143828,24391.465
59476,57739.453
100443,8299.434
134027,1021.9348
144922,10133.757
92683,32141.068
118036,36624.13
147421,8703.564
122126,24665.701
91226,10596.58
82042,61980.023
58214,38357.055
31071,3092.1357
87592,39616.777
119582,252916.45
131013,11780.923
17372,40543.766
58224,21488.51
69827,18581.697
122315,25246.75
54199,106437.88
115105,12051.649
108818,8221.971
98441,15008.345
82536,64208.133
68017,1916.238
140398,46450.61
6324,46786.555
127786,14837.826
133030,55934.29
145923,8033.7847
84656,41398.418
54567,37871.59
101318,14389.0625
68749,96087.3
39542,13760.369
20406,19863.12
84189,13504.449
42114,9960.046
133358,10060.435
102181,20986.42
51515,8111.967
90972,22790.236
113960,164336.64
37456,59561.57
140183,91509.47
29050,82075.56
108173,158523.33
81476,63722.38
20001,23957.76
65291,3447.2976
17157,86520.12
80413,12834.057
119575,86617.67
89107,61946.11
45603,74840.53
117654,153391.78
86488,20217.963
20986,11842.188
126925,14830.717
93643,26585.422
105340,96396.08
143962,18211.775
135122,13036.688
105501,47468.77
15374,199494.95
77329,27326.354
71790,11177.38
35905,33122.46
10940,15648.372
69067,15605.701
26326,5099.973
101710,130754.01
130877,6775.3145
33412,13790.898
138483,22566.182
10957,2912.8445
45350,119349.24
85335,60054.062
99197,46964.97
96302,51423.96
30189,12610.795
15830,8727.674
95242,1094.4265
44449,13912.336
75224,15714.941
99429,2659.2925
94245,7275.204
22237,10680.56
14,28150.234
45846,88673.664
1808,9650.68
70174,142013.8
96980,3365.0923
84897,44240.562
109681,16879.32
24238,5500.475
21583,33233.46
27745,20601.35
27468,6884.727
113598,75.6485
72422,123893.54
39597,16612.994
21599,37337.69
51762,28466.363
28466,11871.998
19192,15628.713
134420,11835.134
63349,23551.914
99361,45390.824
6057,9935.939
14161,12170.33
68353,25181.053
67267,12527.236
30475,38439.395
67079,5165.93
41117,6576.254
121639,186349.92
6656,233363.02
142063,7338.9346
112486,140218.55
25993,13026.569
20827,9806.179
4436,50648.95
138782,13869.783
90888,10947.8
120442,5799.975
85333,72838.14
145355,133289.53
79706,71854.164
13782,10634.104
70135,9800.581
53173,40052.39
126798,8567.54
98067,108344.56
13086,3170.8774
135440,132017.11
43603,30306.994
80430,68419.36
132657,103070.586
58940,19914.73
17034,3615.7756
77208,72101.266
93250,12746.561
22395,37830.566
60130,8051.4478
130892,4584.6216
108647,1075.6678
95658,83092.586
31516,28310.25
109514,42915.273
93269,62440.258
92108,23526.477
95775,9131.051
93182,166830.28
129589,9944.369
11235,32444.219
130001,71160.836
83115,7054.0596
95309,100424.56
33343,47016.844
15907,58361.293
140090,87443.25
95570,25479.791
80847,101085.555
109137,5746.196
87673,70630.06
14833,32166.477
69102,33488.92
103551,34293.957
70478,8739.757
52436,3334.1655
18072,111227.7
36631,98392.17
54802,7387.289
3498,14786.276
107229,3022.797
146960,41928.41
106762,4366.428
133578,40695.035
49705,112052.62
94514,12657.261
80582,8505.21
123368,27123.496
29383,93283.84
145952,591.1601
91703,31440.223
110010,32901.387
147512,4380.1973
97667,69623.33
116457,25330.53
144505,87737.93
138528,2437.6812
16337,75938.59
74901,17697.406
118054,53624.453
43448,6583.3213
4412,10917.409
10623,388.82208
56031,197040.53
112186,4072.5454
101480,6587.047
39130,14875.596
6513,55087.582
62651,53079.598
61246,28489.33
147300,16719.842
16044,4224.0312
130323,56347.01
83382,12756.344
139708,5047.474
122200,43712.434
26002,30597.445
41427,25875.812
123085,5446.209
54477,6124.291
124567,58220.207
145401,7475.905
15249,735.9797
30859,13005.69
132567,35153.223
71535,5401.9253
84455,30140.072
88397,29716.303
123456,35515.305
48433,13226.042
57400,30076.764
134559,30837.637
141663,6656.045
62214,91010.37
70808,6580.8623
63274,68870.48
85646,50050.355
141573,58026.688
123802,45524.39
74975,27721.812
13388,36623.953
32368,48282.523
81715,83143.51
589,12435.17
61854,12983.527
128855,299472.72
136381,98963.516
47827,113432.4
74748,20440.672
66520,12767.426
78302,5907.0547
43534,23872.604
135921,9105.394
109685,219820.56
43749,41200.676
40410,15642.632
102661,11921.252
93510,77181.305
43945,32736.43
32067,66939.64
28025,40879.51
122305,94531.195
107878,14955.628
99983,25742.973
1820,17187.879
92119,24605.658
4617,46733.434
116790,15357.306
19988,12803.911
42786,8054.604
83928,55809.324
131233,65268.5
27954,92007.336
92902,18957.744
2728,52144.13
114915,5091.1846
3654,10111.536
28431,6602.992
94497,16455.898
14243,137963.03
48441,18274.184
11270,8439.385
6834,25741.232
49172,34066.055
72430,97948.77
81372,73487.53
130511,25345.504
39016,95315.76
128405,78675.89
41735,53258.43
53897,313104.72
128213,33574.746
119618,25266.12
83676,4006.5154
108748,14471.838
108923,53802.086
27097,91243.914
148872,6591.445
16966,135431.06
107155,3141.5837
107784,100759.15
107650,15427.785
22895,240227.67
45344,18374.234
149787,2056.9224
80551,22207.566
96487,3812.894
128688,36622.547
97680,409.08215
21171,31220.113
51204,21240.127
61240,47413.56
10749,165956.25
105798,110904.47
26578,8509.434
61274,23886.154
40804,9758.067
135857,97307.5
59444,18771.008
53660,40522.625
26170,10101.151
64439,4925.872
114592,5717.908
56867,1897.7131
140700,7623.7715
136527,276872.75
68051,56370.05
93498,8105.6875
89164,27639.03
113922,51013.53
148134,137800.33
13755,24051.51
63325,5833.445
2783,39625.473
94791,17181.549
113993,3466.7458
2400,11829.5625
4593,22145.621
76081,123333.086
98138,118129.805
141915,56889.316
17916,52199.09
136916,31188.102
62833,3855.3142
1725,18187.693
109620,38556.152
128031,8210.829
82557,119595.51
139334,246037.0
122859,70603.34
45317,17882.492
26373,19938.182
47227,13295.845
100282,32343.31
74092,9750.238
137339,28524.752
108068,84609.09
142601,15233.773
9640,14999.231
40447,34177.754
11482,10185.616
73616,70747.195
86250,20067.438
14129,48810.0
4004,87838.66
92612,5279.1167
67195,10743.762
43573,31381.727
145500,6088.3745
22595,20319.746
24743,3913.878
25090,16232.162
101454,39100.664
24582,146043.19
58043,82652.63
46844,78259.15
68653,102044.53
117486,15688.497
78217,32616.66
46191,64043.867
87566,280860.06
75687,7636.77
111727,104444.71
90605,35431.547
79074,14239.441
41848,19170.035
33349,35732.395
146975,10229.589
33581,12823.188
23321,1961.5961
9218,28536.42
132459,4130.676
91862,33218.023
92532,9493.097
54701,8124.471
104270,1096.0016
134500,32365.799
149488,6716.296
102780,13370.764
127345,24804.24
3752,14587.442
69549,8672.609
19730,6266.025
38457,9445.608
82492,7381.3906
56547,8011.346
51335,13387.638
6800,21495.502
69031,49064.82
100774,33874.48
17704,22033.01
83639,2602.5522
149691,15002.098
53467,7347.394
118732,43113.16
96952,17408.312
122007,113707.34
2379,14014.231
887,10331.757
76269,86471.92
57380,911.00885
131257,34465.54
83400,4791.619
65401,4571.458
2550,7295.911
92763,21315.713
97350,385903.4
85790,28485.934
70936,46652.555
47997,11305.337
65509,8610.908
141625,95278.55
94989,13603.04
54602,10149.232
96008,19271.809
93630,5770.7783
9168,121550.56
81160,12305.845
70086,56449.633
126858,32412.406
58905,23560.025
31299,35512.23
78498,76742.94
118477,75972.56
41333,16639.902
89104,5268.065
2734,25416.387
74070,13665.924
125358,161178.06
2969,6456.243
25896,3551.5437
52005,46130.715
46736,3530.7668
4122,17216.46
116412,16875.89
44007,39162.137
75718,16718.494
68838,5025.4043
113576,47518.637
33531,47170.72
7088,5988.9746
8039,7230.9653
104397,15235.057
123945,34197.047
76916,12058.2
12630,38572.66
58811,9224.172
6777,21293.64
10405,21302.104
140596,9543.507
113823,22797.893
85816,20328.684
65483,22843.412
21206,7760.6333
59474,5986.6943
69693,13656.386
28565,40863.22
125268,14478.89
125359,17408.594
14022,15456.968
23148,6945.732
35513,74805.68
77145,20865.438
128534,83288.33
130423,36815.234
40284,11930.337
86340,99170.54
60863,31033.717
89657,407967.25
52732,6742.3813
88871,2802.144
5005,12610.479
1795,39187.52
140169,42386.7
109589,66910.75
62348,3120.943
146826,13132.242
22175,14849.122
117098,37532.68
123175,5247.4263
13942,24713.09
78535,12420.521
56199,95084.47
147369,37782.34
74573,43922.934
120223,37495.99
144992,11805.086
122029,60404.91
106628,8440.11
71565,7274.8774
111646,5047.6143
138730,13255.553
85705,2860.9277
141701,22285.77
42948,20724.482
57549,24799.178
7235,112530.59
106752,6222.579
16654,25928.55
57248,2360.685
136153,16163.307
106214,19106.654
77243,39695.668
31948,31545.139
101606,27589.156
142152,32838.03
34929,1967.4199
12198,18042.555
30931,9537.874
123183,68515.39
57777,41962.42
130697,17131.303
90732,145891.36
648,176853.0
110217,65716.13
52711,5188.774
10738,88614.27
15474,6818.084
145477,34299.22
33644,65353.637
14038,12683.053
41144,111381.91
24536,12739.315
16809,42413.95
112750,45974.855
98686,81554.56
60635,80745.56
64617,9955.229
62488,24025.701
104705,12176.119
141492,29348.355
28461,24795.918
30828,7823.017
110046,9069.635
119390,22264.598
2018,104359.62
48007,65109.582
18007,80482.48
112593,37352.145
7795,24256.41
27533,105784.17
37311,10298.3125
8418,15981.482
51014,29063.498
52180,102148.37
129481,110493.95
92330,713.22064
35261,135808.11
68165,5803.847
127639,54029.3
131042,70013.875
3366,4635.971
81658,28392.096
88554,2650.7583
124246,33001.656
63878,72244.59
24362,16980.246
70128,176382.72
98480,7065.108
106559,10005.772
71756,92670.78
24789,1920.1719
118130,4989.386
99081,27401.023
136516,168640.38
11357,2381.6973
55565,3331.5933
111396,53962.156
37404,2065.1558
125456,4885.2095
120892,16791.709
116869,6060.474
129757,36597.645
125435,88661.51
103304,14891.124
51601,8451.704
144262,10257.638
12928,18971.781
149273,179872.8
144539,1376.7969
60978,21058.52
27348,7482.526
147678,31375.742
33611,33048.98
56928,6721.094
81780,82030.36
47096,10080.585
16856,23984.912
71339,3189.7114
7785,107450.125
33306,13377.875
124676,3265.6572
59401,87302.16
100748,15471.397
122379,3904.073
9172,20832.23
60998,9715.253
20706,40518.26
40494,19066.795
46053,2740.6443
121942,44658.01
67483,15685.432
86086,89636.83
41075,17665.402
39484,9852.867
59550,8311.497
48661,12442.717
102588,16294.581
41857,36674.88
58622,2304.2812
127661,43555.066
89575,58559.453
124346,37915.703
31006,-227.72028
15223,30535.482
11180,6686.565
86601,28497.69
92265,138744.73
45490,22315.693
117602,107393.97
76008,21468.533
15863,4188.7354
25140,3126.0266
89058,219071.97
71540,123876.94
147549,89451.445
44478,5461.382
32356,15694.631
14008,46025.35
130567,7343.0
120835,66132.93
21120,3866.3142
88307,21013.666
101944,135032.06
6851,15119.064
130706,3533.4622
130518,22249.873
43816,9023.485
125588,11366.291
81243,17802.605
27410,19915.355
69856,5337.8677
57389,-586.5837
63693,8934.242
54682,112327.72
14611,7477.7056
120658,51503.91
7442,5133.2104
73780,4112.1646
85374,3334.2988
51770,7059.3643
28496,10730.379
44519,3304.0647
27849,39048.32
23922,7878.6616
149109,160284.48
56229,10210.674
48044,29752.443
4097,8309.247
41206,9566.0625
72996,154538.6
132015,83491.14
119131,6051.7876
4239,64101.863
122195,23413.758
117066,33579.36
131888,49057.41
59199,66497.84
98824,72431.78
82173,288523.97
145690,23219.174
124342,75210.66
147892,35670.438
5265,61218.062
773,83772.66
85402,41711.676
76093,9022.792
4341,17938.309
95855,8856.141
2538,46648.957
85344,6587.81
13067,16665.244
80087,18722.283
2583,124333.65
67423,26476.924
69387,14827.966
117108,198739.84
134217,7649.027
112404,98361.96
12835,4202.908
57212,42809.72
127969,32329.566
85018,13748.118
26557,33100.96
98814,16999.525
54791,11678.125
149574,7888.665
143611,82253.4
73388,62078.004
141843,9710.411
84992,3578.2146
110042,85914.06
50579,29164.395
27366,106369.87
149715,12067.578
53928,78647.61
105787,7939.3086
50712,58416.723
104698,89877.11
71000,25052.117
118387,31731.393
98468,97948.8
76476,7327.985
6820,102320.98
137609,14877.105
64187,27763.416
38636,43596.188
57676,31235.05
107370,16929.47
39175,49692.188
129458,109114.336
97822,4479.533
69318,1553.2245
713,48747.95
51304,5968.807
121922,38382.832
97894,9174.813
73451,71912.4
30199,212713.12
140038,14545.88
22594,103137.15
140304,64461.477
92707,23774.584
141844,3088.705
13457,48741.34
129893,64164.777
24630,72213.76
23069,21481.672
46405,205134.31
4723,11160.085
44844,15566.233
149322,76811.95
28629,155604.06
11157,35284.105
53056,660.715
66394,41254.3
8837,3184.4236
15908,138163.2
41202,27963.475
141063,43552.445
89871,43539.91
45401,13635.205
96629,4788.2944
61070,34167.145
76842,87558.766
124440,6253.1836
99932,35312.062
1165,6793.547
67580,60896.09
71204,47724.996
127444,3620.914
17970,3299.6016
41834,24139.375
30091,8519.552
44508,237821.1
111819,2532.3755
42603,3851.5698
72714,23800.48
145734,34883.36
103132,29885.793
56881,15283.623
75776,106508.12
120339,114321.164
24417,12538.273
39663,9117.975
62994,14144.853
11841,13715.38
24403,17316.365
26287,2641.6365
135880,6787.2773
87260,8694.326
146732,31515.434
22294,72648.22
120493,24616.436
15618,9628.186
130479,3592.1694
75672,3815.9944
26732,4108.8516
113435,13308.115
114161,4841.674
23909,14621.992
104681,21481.658
999,11750.742
7616,3660.305
19890,55891.64
78537,90609.54
117687,23577.197
80946,230391.64
72089,17571.97
59744,39402.285
126538,18261.66
85636,6468.5986
55377,22616.123
63067,89391.8
81398,30930.758
55241,3056.372
37707,64740.723
97976,17843.488
57815,33841.117
450,18609.578
68520,8915.715
52108,5556.1284
125934,16522.713
62332,55334.715
90413,18617.61
48740,7894.2417
104272,7911.7515
87691,30926.574
35827,51111.453
114650,8769.86
39006,10279.663
115744,43847.137
96205,9317.242
70552,129872.98
67219,13966.815
133442,61936.734
98142,93680.25
125808,13001.25
139162,10081.074
146398,13703.813
84078,78088.375
56636,17923.227
69322,15236.289
43690,13817.611
13332,57328.227
11659,2236.6453
84247,17323.547
106925,45089.58
130554,47981.71
75336,20510.668
64279,13775.738
22036,78537.6
11632,105455.51
24910,5488.61
109374,86093.68
58031,49246.055
68314,241761.69
100242,26931.95
79823,52291.598
7694,15789.133
18102,12267.037
84768,22606.291
93811,45197.645
62327,24542.447
68095,168026.66
86347,8329.99
28551,41931.11
56816,38390.82
47188,64736.74
55638,4912.4067
50737,76465.74
40999,88825.47
73637,12054.991
139142,49476.56
25062,54551.703
66761,43047.02
56167,64026.414
92643,50766.297
60344,84171.02
123670,9078.997
127626,6080.8975
116373,19206.855
58496,16795.078
31453,128042.47
23444,44381.58
115483,5116.174
51148,52444.227
63280,510.10535
113673,54483.582
126293,26379.643
135454,42663.633
128217,52866.586
53877,20755.807
35192,25781.63
78941,35923.92
130265,49300.86
117612,56591.387
104456,10775.922
103441,88473.15
82315,6455.736
7640,7846.989
37724,5580.8315
42472,49141.34
140051,60173.74
50747,40023.395
58372,17249.342
142896,16211.185
20060,35037.656
102961,3138.1692
97848,32090.2
9695,53139.11
64766,127672.22
64996,3701.7
10386,61593.78
77124,17945.156
134080,16972.006
50209,10723.088
149440,23794.629
135996,8855.756
92767,13459.346
41016,265586.7
142874,4239.774
44567,14682.193
123369,6879.315
107523,65949.93
119597,78242.19
136984,7960.892
32763,16191.198
103393,23447.932
44801,96429.49
100548,11972.589
38594,5804.9883
96859,10025.07
37523,199564.92
52982,38811.54
139101,74594.734
86774,43338.402
122734,45703.93
36469,73228.05
23646,63457.625
89444,26163.336
121415,56733.086
59592,63198.586
138653,82817.41
9042,38194.035
140900,35733.055
98038,34913.492
109642,139600.17
129407,43645.242
123641,113509.05
144159,31742.83
111654,9267.959
100323,7539.3022
24142,8041.1084
122551,86975.11
6762,21429.346
88263,2112.9622
127641,87811.44
42047,50490.363
30368,73802.266
50653,126123.05
61746,19096.877
138364,39659.066
49428,4614.5376
116591,12577.532
114370,50323.293
103522,21250.2
135554,19391.53
5779,48758.95
121213,3629.5618
134596,15268.209
118816,12296.176
23536,27227.752
19471,71548.39
89802,4138.875
42302,10403.054
56132,135907.89
83802,68446.27
94295,88070.13
71109,79161.56
73351,30268.5
4765,6935.3174
40405,92410.75
4376,36108.49
121122,25950.35
4019,13864.076
9594,26252.932
88283,34186.016
16942,11452.421
2675,15111.796
85390,92062.58
87497,25138.545
51929,79927.305
137461,10989.504
6103,1506.7014
72896,2110.0925
7538,130005.945
69676,4814.8506
84445,188098.6
54083,31910.566
138104,14911.168
50716,8787.993
14130,4720.9487
75503,33097.844
87926,20011.93
104395,77101.086
43742,8714.657
68004,60128.168
70545,17456.291
34716,125878.17
88892,29803.344
31429,45514.805
53835,18074.348
51595,59655.613
119268,26629.578
113978,13127.868
134138,12348.769
8822,27020.434
92873,4986.6255
3604,18849.404
43251,93769.46
146000,6551.488
136923,17407.104
40053,13051.866
88785,17032.646
11848,5670.2705
65601,150585.05
80809,3539.1106
82160,21335.664
146165,9477.176
110626,20405.46
41258,12658.776
115776,98815.97
127475,5780.3955
80745,79376.76
21005,50722.707
149115,23126.883
129288,43961.703
112569,103281.13
26819,9320.856
18283,7605.936
93066,4132.6885
112324,47796.918
148516,7518.8438
3949,17595.71
123741,122674.05
10835,10834.255
61409,11374.62
102304,30603.742
102506,208016.3
123684,45116.758
137443,3955.5403
6797,4353.8955
60544,117949.47
132681,8160.2227
99043,32094.738
65393,80783.36
12615,3525.3542
147186,207655.44
103424,53688.3
45019,3821.5625
111802,1359.7021
143991,83245.28
53864,11687.306
136242,192768.97
128935,30099.531
129388,117627.15
79978,8690.753
3401,97808.56
132619,24806.447
139104,5415.7007
100937,94806.47
93882,44586.082
126547,10942.649
51652,5619.1416
110198,67742.69
113948,168324.03
62829,111044.92
82679,6972.051
101962,298038.34
26780,5500.659
22027,76277.695
74734,22854.988
116710,8232.251
25628,6071.559
70968,11007.779
87791,45792.22
61098,46175.656
73153,57600.438
139611,19355.057
15409,5150.001
18260,1894.1985
95024,13142.948
145526,9134.517
61458,12375.337
24519,18474.04
103071,33079.453
6128,133918.78
49548,8784.543
42349,185991.61
92865,21383.342
122387,21191.562
106615,39394.71
82162,20183.26
116851,8321.005
135400,9331.706
148040,3369.0024
59875,5339.949
90328,1762.9631
105273,203231.0
119588,17296.19
38268,115035.81
73010,7562.7397
117052,22799.834
3274,16926.55
113901,47789.156
98953,28008.785
112870,19749.422
99823,3941.0896
76741,16622.518
2844,116631.66
71620,24338.43
34137,12656.849
145103,5017.3535
66073,9425.929
48721,9432.954
143063,9326.569
91369,32589.588
34999,21588.068
41673,13247.558
1480,5584.839
141321,13482.048
46745,1297.6428
50571,10745.161
72026,6359.384
113847,4722.6753
115229,13652.608
146930,3877.2192
148284,26217.625
13940,16589.441
52585,65368.723
78633,134047.31
132685,4326.0337
102786,15352.794
149689,5399.548
64410,1074.9343
71919,34160.84
31685,33730.85
50839,67671.914
25912,16334.1
28327,15086.494
38168,54315.41
23029,11749.417
133889,6158.0938
54136,21401.488
20436,5731.7534
121382,215427.73
13379,36726.91
145047,3979.5435
52776,77893.79
119935,6341.3804
75797,6431.0913
3088,26039.275
72405,75663.12
98314,137838.17
41169,22086.768
27052,143785.31
142708,31082.928
36931,25615.49
65284,1156.8853
67472,13078.124
68363,66271.86
5208,8426.976
83775,17255.174
64937,3173.17
97578,28169.484
75541,66214.11
80437,6887.7524
49700,82377.555
125481,103269.65
84830,36584.22
64781,8094.764
81580,33368.71
79088,64802.97
147540,45393.883
43329,66977.51
68020,77126.44
118766,104153.1
141436,60550.14
59645,173089.31
146078,1256.1918
17225,77258.44
55206,947.7172
131245,19057.502
83291,3563.7424
51301,14070.067
107381,28865.773
90450,6160.6914
69950,23086.572
98755,10217.784
39971,13382.532
46332,7002.245
148418,5676.4663
104241,31217.406
53542,46263.312
104734,20443.395
146334,96182.83
52586,17480.926
77120,29557.117
7637,1972.7899
8325,21331.82
125260,3901.966
54375,38830.92
92115,60365.344
31890,130301.21
29018,6439.147
40624,60013.23
63344,13415.139
81124,16257.219
8330,15852.606
112322,93858.42
12931,1300.7043
58042,65950.08
147620,14339.49
665,18703.025
125896,30982.693
29147,40538.027
61518,45787.332
107663,39147.066
63269,2416.669
100121,9503.068
71678,53597.504
128923,10374.035
139537,14568.372
112624,25786.078
76366,58542.902
83347,9457.615
141334,35060.383
77420,21572.11
3314,31681.012
99555,13061.392
81197,78413.79
70026,14945.361
62434,193961.16
120918,14671.353
105997,5479.387
47916,3953.2124
137107,15641.047
74813,18781.078
36713,6997.2974
23324,5686.4624
4682,6339.6143
119660,21621.734
76762,14145.329
120003,25059.967
31040,9346.733
135173,21257.918
123746,11986.554
55872,33166.773
14336,4844.2954
67803,20448.896
146074,99927.06
26413,11092.61
5472,117410.19
78666,7122.803
22898,4215.039
88919,75909.81
79222,41864.098
67464,44217.285
53649,18743.758
74407,35200.457
86881,25670.701
90116,33815.664
144815,40158.96
93369,42879.684
116162,76765.72
58819,19640.834
61780,8649.885
66363,22070.805
115800,24884.104
102880,125510.16
138827,110165.85
130322,51857.656
122536,4042.3484
89092,11413.665
54378,9987.366
93252,60716.08
97136,15780.843
73751,31204.762
59448,10032.765
137509,50018.555
13142,5407.299
51797,50790.95
125837,15889.632
96279,5139.2764
140204,5228.5083
34759,3251.9893
85477,68139.67
87600,129107.25
112355,51170.36
120108,24013.064
39886,101577.41
24506,12459.085
92704,43518.094
91485,16120.795
86054,4399.1953
120518,1790.909
19666,114213.766
29594,17189.756
142004,29069.453
40349,48330.516
100923,38500.96
70866,1817.0184
32387,13670.524
19736,118258.766
92692,6473.727
97115,95047.9
90879,12375.349
102594,11533.234
66268,672.1693
42445,74412.945
39336,36616.89
80598,14338.3955
51419,295.0023
111698,55361.18
19046,11518.192
149077,2994.312
15346,4578.899
132829,2866.897
55110,3170.1133
14506,123957.01
43753,2081.5344
16009,1541.2295
103408,14916.403
105345,77681.71
95702,9784.64
63951,30433.342
109533,23875.951
93352,38118.97
141823,10877.196
18121,227292.1
12450,10649.797
65845,30190.475
127291,-2305.3135
29239,23031.354
129715,3960.9685
85911,6756.5923
55924,10254.874
18937,17760.395
759,57462.18
18756,171.40977
4167,30103.03
2651,15796.124
3191,39028.58
12589,37744.543
93698,35257.26
75194,24391.758
7119,5827.9595
22130,27629.273
43103,24386.678
8482,18292.748
53602,37580.305
91682,95508.164
84254,72146.47
100619,19363.979
125584,11702.065
65830,21179.363
90144,15160.3955
114524,47399.855
23816,7716.932
131495,17866.422
144531,121525.01
114621,27494.684
43510,20455.244
69147,1552.9802
19054,45141.145
63952,10395.138
26358,31797.916
24803,5809.0938
93002,93414.516
85124,18745.191
30142,62517.723
32021,45718.816
29201,18518.078
100261,104256.484
102799,11475.091
144397,24340.838
66255,140405.84
18297,18577.273
9676,76974.78
1939,6578.3906
9207,18961.098
69004,4252.7783
50016,50931.285
44407,5944.082
11310,6590.988
84000,24117.684
23453,25641.59
111948,141845.61
6792,176834.75
140949,3014.5847
93307,93652.36
5022,8821.961
141671,80516.86
117667,149740.12
4784,25586.635
16007,31625.562
54699,21796.004
121551,4657.875
124755,260175.33
7778,155532.58
99548,6234.9507
33003,37380.46
59684,1768.6992
103353,22861.973
115803,105926.086
144991,37382.062
2575,8662.602
3628,2325.6638
55252,35386.28
37831,19754.254
75804,4289.414
95745,17776.373
75872,18650.498
111938,6724.591
136352,29432.248
98214,72182.95
115996,3765.251
92579,16167.4375
41709,8138.577
115061,4554.6943
121600,149597.19
22834,20716.348
111368,11596.854
20023,14927.892
148867,8444.877
21770,51069.805
4251,101348.18
75867,53755.918
25169,111307.82
104781,24235.03
91091,4808.946
83031,158055.77
13667,16342.2705
70383,8244.412
64568,49122.367
88524,2251.95
56819,2802.8145
71561,10185.856
134512,133781.67
79306,140755.05
139529,22559.803
94869,4053.6572
42671,7908.518
94421,21909.14
120565,16201.772
89622,46846.492
87196,56833.27
124918,8979.529
53523,11523.452
34751,25510.076
143669,60184.84
85653,34476.555
16835,11001.817
16318,45073.387
143589,5286.6494
103920,20466.135
128248,26887.443
89637,5423.4785
44655,2030.1681
5885,128573.16
130359,90314.98
30858,154956.12
58121,7934.709
20508,41004.156
48551,39090.184
66549,4549.3857
134313,23322.977
941,6605.1426
132804,1469.664
62317,141554.31
55887,13683.157
16967,51231.19
120817,23155.217
48984,34409.1
17060,4029.4607
98662,28798.393
136584,17074.49
107801,10177.9795
140192,12112.835
34860,49159.516
124023,18443.812
84392,27579.578
84103,10470.862
55648,13995.182
74355,115876.086
54824,24429.527
10294,8669.19
70204,7900.787
145436,47056.234
149444,7387.598
79772,8209.275
30239,2338.8918
120512,9813.678
81271,31399.703
34288,29799.316
76391,3071.4812
113106,168084.48
31285,4199.538
85377,36742.605
55853,206169.3
49625,16542.338
87050,3024.0393
45907,82577.2
12483,27139.299
54063,15489.074
25068,62896.02
143105,11075.667
100344,6035.485
113430,29697.303
34208,48311.96
2152,10928.326
40356,3255.9192
87222,37832.594
134959,5452.9536
81830,6533.235
53063,100185.66
78700,18295.791
88960,56630.582
51660,9378.395
149907,65994.016
57377,23318.172
71896,75684.19
136554,7988.008
57838,13865.952
22812,48626.777
60897,22288.072
56382,5977.0815
99678,74052.4
5389,6153.4116
92946,18193.564
71137,4248.7886
106422,39947.414
19087,14446.1045
63236,13698.241
107256,77097.16
133653,37645.137
141629,6516.989
19638,28029.037
3289,46423.125
138755,92158.33
53531,3608.743
50417,24953.361
5882,9289.536
25449,22222.383
45065,71805.1
95479,80074.79
52223,13114.235
53668,4460.7827
18228,12870.46
91443,40956.645
97219,54799.47
40488,21648.842
7444,57176.83
30686,4013.6575
21909,248886.2
28922,14773.702
17549,15220.668
14684,21543.857
41812,26051.88
58753,6825.778
26042,17786.773
129716,6521.22
96433,10508.079
59449,92016.38
10092,40872.996
29003,108568.164
77832,78046.695
75514,2978.7046
50108,11581.059
82715,32005.445
28988,5841.2656
108358,16523.627
128715,121339.19
102505,10841.163
53207,12675.632
116508,6626.033
77312,2594.8567
73989,8116.8594
28356,7718.4873
59128,9243.832
142005,6896.3843
14230,13722.791
7960,25266.516
120983,1534.9253
29670,1949.7107
131762,227571.9
14646,134273.08
136458,7008.343
84244,12760.599
138101,6772.279
124263,7597.374
138028,11632.961
145069,96154.7
14980,4991.9497
52342,5408.054
57613,73984.44
54698,23626.967
21152,8925.682
34314,6644.277
107805,41431.227
148700,217932.12
148587,2955.98
25118,9910.974
134257,7586.612
141267,9704.905
61913,54672.484
138862,13376.372
108528,151182.81
85572,103590.89
22116,4202.5674
74013,246698.47
44967,13160.723
130735,21374.025
104611,17552.23
93191,16715.148
2522,39552.6
144196,21378.984
13239,24980.412
7189,99589.14
61319,198083.2
127273,16662.828
54506,24246.377
110519,16543.908
16180,12652.804
64137,29154.617
70634,27494.754
46897,10076.942
18310,18920.021
68454,71029.42
99693,26825.45
54259,44837.242
43947,9131.151
45759,11118.06
59347,49591.234
113271,7718.081
85094,35223.16
35494,15294.506
67487,49721.34
98631,52242.46
44480,15644.032
56828,187407.34
63329,13325.273
95322,14556.354
3188,63443.79
77851,3905.435
137060,7314.3
72440,13690.104
21056,37408.25
38918,4471.6147
65491,10447.471
133818,52052.668
43332,31223.895
84074,18473.785
88505,25403.857
32011,22420.693
148550,74717.68
95511,11880.475
41796,21984.508
94078,5459.5757
90367,74552.04
61187,51472.492
50315,68385.3
149945,44216.324
92768,54302.58
112504,91620.375
139496,8945.237
143107,110960.7
16513,34379.82
140848,4212.272
102761,15129.419
134154,2650.5242
69650,126433.76
71960,94372.58
2428,18058.504
131279,10878.235
122995,7526.0093
57627,9634.021
139900,19685.686
43621,27533.867
87539,39566.49
120061,7777.232
46922,9388.337
76615,18374.6
146749,1448.9087
143969,6148.0723
13168,10574.898
21447,25388.6
42300,17815.387
133707,47106.79
132703,19162.148
40191,25165.912
125324,8855.385
85408,21605.318
54563,68270.97
75176,56345.508
92430,44508.125
85154,19898.953
76773,7002.1
63068,9608.082
107167,8128.4136
127816,117823.05
100082,71812.82
135642,51653.355
90382,1378.384
18878,94886.98
38199,34614.863
111817,71550.914
16757,23946.729
41736,54677.58
30798,5088.98
23238,43132.34
137924,24573.52
82987,893.89465
1264,16594.498
24999,14011.566
143192,133674.11
126214,6258.2217
25434,50647.03
92925,44265.85
72132,33606.414
131020,2980.3914
78835,52213.074
19835,55488.34
44243,21639.494
2669,125905.54
54843,21123.78
89369,20595.326
93126,18246.898
27516,31338.287
69702,10079.053
98991,36550.164
6228,99807.09
78161,4044.3982
27519,56347.22
29694,21270.566
35505,23463.508
87208,5329.811
139122,7823.858
26225,14311.637
111018,195934.7
57281,172889.69
148271,29340.19
71715,37359.38
64918,7265.5933
130834,4078.4014
46403,32669.246
2878,161344.62
46142,8232.201
6939,5960.9126
58517,9967.5
30258,7968.617
66326,76150.65
85108,20380.582
121417,2963.605
22604,35514.293
46223,21275.307
73962,20462.36
10186,16957.984
88617,31042.416
127053,113931.125
26187,79970.55
66768,20122.441
59355,39269.12
111716,5863.7427
50678,73927.84
81970,170164.61
11309,218653.27
113496,13431.982
14339,160688.19
24041,16986.656
117421,159898.78
37254,11273.184
83475,30482.914
148720,5975.452
61064,9923.617
118833,8178.6406
115408,18179.732
138766,13272.11
2077,177042.02
87171,38199.773
52606,11951.503
143940,20124.271
5065,11051.123
102339,82043.766
148585,25672.291
84754,9265.579
97609,16435.486
6384,82289.73
48854,86608.87
25642,3929.2703
101212,15495.082
94948,6596.9326
54937,16468.068
34395,4537.734
15479,54184.887
176,15124.491
60746,7036.972
8410,17906.592
98963,91749.05
23128,25467.992
141718,16536.488
127280,5132.9067
84734,3559.4695
4277,39803.24
22064,58997.195
34696,23701.654
11977,80366.78
12855,21122.924
60359,4636.4795
27870,147413.34
34385,50747.266
102007,11288.228
113366,104983.555
16850,76359.72
67703,18297.312
137802,25611.783
13972,17811.482
40660,7315.1904
25092,23667.955
119616,56907.51
148119,8806.689
112605,17072.637
13636,845.6234
144942,18556.602
8727,38533.906
6903,5215.855
35161,29166.246
120119,44102.64
26094,7047.7314
53547,45577.49
74208,23827.758
45861,42802.605
136989,3381.695
7977,17539.107
125876,17188.309
29066,11729.759
75841,43448.984
115643,187866.53
53206,13823.983
126993,34919.43
74991,99505.36
96360,83304.15
27637,33965.176
66285,8490.132
139279,221490.83
19780,22004.52
113896,54932.996
80427,4544.971
101288,150253.28
140631,16037.219
112791,9240.913
94923,21558.738
3098,35358.87
148943,6689.846
46050,19340.986
93759,43563.25
46880,1191.9825
34460,56796.08
89228,19375.498
63670,19681.527
75361,3955.5376
47153,3374.5344
137595,14300.291
82604,14031.835
93635,10336.728
107757,34507.406
69514,7223.6367
13072,4982.5693
16392,7737.1104
121157,19153.223
65900,57238.773
82927,5841.888
51954,7319.483
23112,51840.312
137610,44830.29
125194,25485.123
81928,6423.7
48198,4080.8604
20918,23937.418
10662,7390.9204
100756,16141.771
31001,10100.364
143565,24982.502
110195,36356.633
101831,9168.279
116334,51129.555
133569,41015.992
76742,7275.1313
98744,31407.693
121384,124172.62
117467,2986.9622
106920,24857.338
98066,26655.621
121076,38281.414
137611,14757.127
89219,41268.684
81968,9322.254
130979,13305.534
5088,3942.698
146087,104449.13
15414,10166.802
147630,9173.073
66223,37958.25
139028,69707.99
98987,23339.535
43824,4007.1794
103271,59092.375
136022,48186.543
94134,14912.731
73627,118158.8
119090,16519.703
64896,23373.428
116475,215113.27
126923,11590.959
90678,3430.4656
138027,10161.844
45987,5592.793
87710,28428.3
17505,39899.062
89925,24967.59
105277,52114.844
78738,47786.164
33039,3558.728
40319,12375.078
140936,36088.387
42204,9107.206
39990,1197.1956
112941,22657.021
102637,103633.92
105930,6792.8994
105594,23703.389
90097,28493.432
131258,9691.386
97263,4206.937
120078,23305.994
33303,29372.676
114496,4788.0596
55619,18223.176
105900,2100.6533
98977,16923.666
50192,28795.1
145150,53298.67
134360,72016.12
71824,52371.168
93381,9494.246
117374,3872.328
40213,106063.445
45818,30654.686
75533,38853.695
110823,236536.3
137263,30931.275
32842,200.37495
99609,17727.39
128404,32997.336
146851,75114.41
106227,7037.2764
27677,57348.383
141864,59944.582
84545,6215.765
53103,32862.973
6798,4891.0127
66995,37169.04
55434,9580.309
143609,28532.13
10630,4473.0684
142401,58263.75
116849,9678.855
114470,59231.94
56490,17139.492
9700,17417.637
121711,4078.2493
145822,8478.383
39983,12153.402
61737,47564.438
117819,7900.343
82606,25019.436
132933,16661.654
118822,9600.509
25497,8490.342
82962,3742.8743
123397,76199.09
20558,95619.42
110754,154092.34
19879,4556.7397
107043,27817.037
11461,20872.338
81538,42041.305
112160,78068.51
60774,24023.615
1832,126897.81
66167,4398.512
141041,30176.793
109737,85612.7
92041,8390.992
72441,96619.11
628,80729.555
93711,7187.9263
67904,75757.195
72897,42689.37
145258,54338.625
125855,30409.02
103302,28456.79
27241,29612.24
53080,5538.843
124896,6646.5015
138030,101117.11
50343,19300.613
132020,71175.49
47948,8281.146
858,19253.072
145360,149670.73
5957,15049.484
39712,20037.908
147261,30976.21
50913,6816.8784
87230,11092.579
136707,10727.246
112874,21859.898
62841,105525.8
110475,23311.676
66258,32652.55
35859,19310.709
24233,13433.869
66704,8949.822
143222,11955.778
39331,28270.969
1130,8525.935
74452,10626.043
140347,92327.97
5770,27391.676
134590,147264.36
62891,15104.955
77428,21636.512
94567,4767.771
16382,36011.684
59027,11179.869
99459,41941.02
51239,43379.32
108345,8888.135
40964,32572.783
17863,67911.88
53135,303318.78
112376,15123.544
5971,59023.812
13035,25729.2
51759,19019.793
58918,2138.8145
62705,63422.4
133424,6365.373
26453,103407.914
40735,21624.154
93340,151697.95
33309,87374.19
8232,109648.3
88343,100103.6
111546,16064.395
122172,42113.184
74722,21980.166
138851,9760.694
64697,9431.585
131339,51802.25
1015,7099.685
6186,44856.633
65712,22127.604
27888,15259.219
53894,15836.669
2212,27095.28
56989,93691.04
145555,47996.37
60145,3501.5176
131717,83613.414
123105,85617.42
31864,42145.496
49987,37933.77
30608,19225.674
91653,14595.125
6125,31065.172
60189,12485.9375
73493,4299.133
123079,4232.889
76921,26061.186
12387,7224.49
7400,10459.443
123129,5584.2393
130130,4132.1094
58536,6883.12
102587,3546.3848
73378,117522.07
25809,74696.555
24269,57060.06
107592,38503.86
116986,353699.0
122265,60120.934
145065,47339.363
27115,80617.44
81269,11319.115
29745,28422.738
7375,60067.75
84854,17403.682
26424,27671.033
1961,5107.0576
81597,9556.357
52154,28680.043
5497,31795.615
49964,69973.484
7876,10663.297
32354,111566.484
63162,28498.955
16512,22435.12
145618,17677.941
50674,51573.613
18563,84794.48
36014,10855.089
85708,12549.534
127078,24739.754
13363,37411.445
112086,84494.7
96451,95797.74
55628,3367.77
77123,187161.02
76536,18433.457
96278,14709.179
117927,18700.008
13772,13319.318
228,24285.727
130570,5533.847
144629,16181.72
132286,25092.79
136123,55673.21
61422,4139.6836
116079,56503.035
21155,36872.758
37018,6863.2144
35642,11414.126
30853,166370.92
25281,74743.71
29077,27171.088
129006,16964.371
145785,16317.351
38877,4979.52
82600,2692.6968
59946,19754.88
132821,29160.281
92210,41285.85
68156,2385.2805
59443,125010.2
148006,9582.676
40625,96998.82
83222,23330.324
99776,25517.736
117226,4693.2007
108262,65277.742
84343,5432.84
84511,3399.21
55085,6173.016
65918,2977.4148
144199,2756.1204
138125,20084.723
119749,7002.723
120979,33497.1
17027,10344.578
31563,110798.02
142882,15264.012
126886,14271.59
34679,60436.383
40266,5030.612
38447,208432.61
146508,6819.083
63119,19275.307
26634,3141.8435
81825,11622.779
104285,45255.41
2332,51802.836
54447,56781.355
100881,65056.855
25606,20343.771
8138,8588.701
54841,26035.512
26008,3023.4314
146711,25563.883
43400,13369.1045
54011,76468.71
133655,77998.64
99221,232885.84
108925,29985.56
147348,3457.6162
108497,18945.26
76890,30422.268
97582,88765.83
73767,37643.09
1815,15751.424
7623,105243.64
136618,36127.27
43891,148565.9
63301,16140.133
12350,34678.676
74501,8706.354
88427,4458.159
114019,34276.266
13567,18764.213
3257,87028.55
36486,106794.11
107620,13434.071
82721,7942.5806
109087,46289.914
129041,19797.748
41426,39025.133
50267,52352.344
64478,2684.02
6794,17090.34
141520,17634.285
84959,7110.3247
122402,8176.606
55415,12977.776
35615,12963.328
95627,1245.409
65720,14355.763
85671,12941.749
132974,129179.84
110921,21203.438
145473,20366.383
17012,10348.293
4837,16491.19
57488,6163.9814
72036,4244.17
104356,116404.24
9286,20024.215
66756,37842.41
34006,62985.453
12566,29235.072
65462,19781.537
50749,11041.909
84345,3088.2144
25156,11287.964
53466,11576.7705
78213,24414.424
15402,14098.517
147616,25143.691
79251,6112.263
103257,8834.108
71734,35150.72
91014,19203.84
64922,7964.1978
13691,30441.545
94542,13310.393
111597,7850.892
78262,70445.39
12020,4069.879
43250,223918.52
57431,82940.945
132241,300088.4
27352,9455.527
24292,23996.783
84109,7739.5713
123598,129962.805
140369,43437.082
44035,20850.068
13873,113091.836
4496,62292.6
149943,30520.977
24510,58809.035
38952,10550.298
47947,40335.535
120638,26854.018
39249,87778.62
114530,67955.53
15281,27110.959
129977,7303.7954
69890,118783.11
44657,18642.924
41463,5368.827
53302,2954.5623
67670,80023.9
2274,90855.96
125287,12949.729
115872,10789.978
132044,30579.953
143073,17684.938
63520,10132.863
42574,10928.086
35341,27712.145
60280,14427.385
84739,30596.348
83583,3404.043
131690,7105.918
114525,48427.766
3563,89874.914
53331,3203.7249
58944,8089.725
104553,104410.055
144062,20871.45
76298,49206.08
52929,101695.516
135155,7972.132
125659,29571.516
87801,5816.687
48834,62979.266
72950,30815.229
33764,23113.596
12397,6496.8486
36067,66763.26
148795,7367.077
65419,89790.32
46227,2647.2156
62441,13480.176
16838,6836.4033
75623,6192.1978
82802,38206.21
30271,48427.72
8615,19419.43
77130,5493.4136
5372,4778.2837
96329,33792.316
23517,22392.893
41377,36398.266
121553,8521.666
93839,31762.984
117293,77001.81
64134,28542.77
140776,1821.2511
16906,2017.3184
43430,68716.96
33633,42305.133
149359,23267.281
42057,47256.98
118449,42867.387
142133,12987.005
35664,36564.656
82360,13535.036
36746,74080.24
78583,7618.303
93461,54386.316
116384,15038.339
95318,34844.703
85145,9285.443
82714,10838.461
116923,35985.734
133518,7326.2817
68311,11194.331
81845,8993.088
144042,10352.534
94726,6360.917
127459,65377.58
116357,68662.44
141144,31447.64
51533,20388.559
68093,54884.047
16527,7519.4
70958,111860.69
114118,8174.933
19657,10321.863
141242,3598.4639
33578,43669.016
108189,25468.72
103232,33353.332
115952,13195.324
111722,2051.1978
81838,36445.44
108943,21518.146
40607,81406.24
105779,80510.59
19205,10421.78
145535,1513.3682
65561,22179.795
44117,73184.81
109857,6550.1787
52887,5345.992
57810,10600.334
72999,31654.87
95906,31514.398
137427,1977.6005
58222,71546.586
114937,81739.586
36001,60829.945
84841,31143.611
125954,87233.95
16342,5335.161
70270,15923.581
143016,2580.3054
123559,2981.7559
75046,11372.496
72158,92501.13
36371,57358.586
40706,4921.291
93559,8224.364
63055,20209.115
75845,24890.053
26429,36278.066
145519,84234.62
10459,5867.4272
124696,17119.602
91952,14893.104
148082,173841.67
83357,34977.19
55225,11764.706
5429,11344.691
64039,22697.676
90330,9100.762
101162,31852.496
103330,70636.85
56623,88289.945
73439,67524.64
80254,2369.2236
39717,29544.844
122498,21369.873
123917,13389.854
136792,25981.867
23934,170532.77
31413,12592.793
135820,14124.274
147012,25453.523
10152,12976.13
113918,5209.6543
117414,27664.297
118856,20685.365
3798,17176.195
135865,8292.109
52656,36897.723
106184,153262.47
115879,5716.927
140872,72955.56
772,29389.438
33443,19551.887
134048,16060.193
96355,57799.707
84057,9347.601
84182,4792.479
136274,11896.703
88585,33827.78
100839,2280.9744
134531,6099.336
14368,8002.7397
82099,26826.729
185,3375.7163
149030,149410.64
129630,55716.8
64322,15166.741
95513,11716.668
18513,28480.441
26354,44343.53
47901,7787.29
16922,1421.9174
28876,22569.123
2884,17820.562
25843,228066.92
52618,176811.23
36161,76786.38
28015,44062.664
144088,9804.447
79928,17831.516
134117,4380.425
7030,4523.831
5201,6265.3506
144949,45136.336
100752,19335.482
124373,9065.726
138044,10822.74
62368,12265.72
38182,56734.64
63480,26272.86
101185,21256.123
44837,128348.09
38975,9634.979
61918,8076.9194
72824,204598.94
28028,40702.484
61292,29847.217
71055,151929.75
100833,16651.488
107403,24226.658
37899,51747.465
8166,25463.172
135380,151704.03
51828,175399.88
88056,17996.836
144364,29376.793
43019,1934.1476
65259,3626.49
78316,4020.8887
56624,5896.849
97577,27097.068
91176,5436.047
123565,25686.082
77156,1168.6565
28054,18165.145
55584,43581.344
135008,47642.53
25759,82190.54
50112,2493.6567
16933,27111.795
126777,12246.622
21929,10014.034
119111,1425.5546
49182,24413.316
59,18646.58
110029,3864.583
92169,19351.996
146042,28853.99
127886,15995.674
79579,5140.827
84949,976.13666
61317,12457.957
116156,46520.707
143325,91241.26
50555,16679.725
21635,25128.168
112860,11877.652
79890,49788.44
77725,82949.14
69050,127695.71
128928,16775.45
77946,10316.487
144928,82838.625
15606,3569.5144
4505,4892.1577
108658,7947.1616
38659,18427.64
139093,14530.027
95583,52796.062
76165,70904.266
31553,12681.8955
60952,84619.25
23996,98649.125
69320,33080.844
108352,119592.31
33188,6256.5464
3110,14373.507
141085,17599.666
20010,34887.17
11171,13761.258
144690,10154.019
105783,6356.08
100631,19466.16
129033,118212.81
105207,4840.468
34353,3423.5671
19858,8302.663
73373,75938.59
101722,26137.65
4553,45907.355
124529,18618.92
105004,106816.21
118734,8289.581
81791,43357.566
4746,6482.9023
120748,149663.3
83703,72012.9
43745,2578.4094
42431,34752.258
57500,1835.6763
141957,39053.52
8181,6320.2207
12634,173260.47
89151,58461.082
95600,88530.73
21797,14993.259
16262,6171.736
105581,55791.38
85840,19033.535
118776,42326.01
31267,24149.13
124357,91465.02
74507,30734.414
505,36104.23
137337,35112.535
14898,12359.792
117165,78090.64
125885,12935.003
147625,70244.164
2074,67107.27
41023,6770.865
117138,20464.172
136382,65595.3
9252,4011.4875
115398,41762.047
106412,7956.526
40086,2385.0637
43048,6372.643
124813,44273.54
79212,3886.5706
91429,10103.399
59360,49980.97
80088,14052.7705
28267,9403.274
123252,977.77496
132672,21902.867
104896,20196.648
3823,6606.222
139012,10377.72
129420,61078.906
41173,19998.518
99722,56282.71
90468,25412.252
98456,11103.485
6494,152296.42
117117,20264.9
76143,117584.87
81764,30783.385
95839,5956.9272
141496,5096.2812
27036,50136.21
108676,53384.97
103658,9446.077
72198,32430.521
45410,39780.42
442,53383.043
117698,71247.31
32010,14433.143
44708,10153.556
36553,14673.155
40506,38498.78
69378,9860.248
38504,89694.38
57422,2668.2095
8208,14458.833
87919,12581.476
26136,2895.7603
78902,9532.747
134796,16048.497
103301,61224.46
47147,1808.8141
44988,14780.165
49090,37509.785
54332,17328.146
97686,30835.904
54377,13365.209
33391,3235.175
134375,12179.81
146852,77610.26
141871,6289.7153
31266,66605.57
59728,5591.599
111193,8394.927
73016,23385.06
79589,11569.023
144590,5872.521
39094,106664.64
14160,6703.9233
4415,17492.11
119969,5184.2617
9691,18380.87
73864,3333.1965
143335,9933.069
71843,27989.598
66048,16196.858
41859,10147.997
62222,20465.342
143931,37608.117
142003,50538.375
92912,69376.73
10125,53353.934
109417,3240.9204
54244,9584.088
88390,31661.576
39466,3743.2224
51664,34811.215
75227,66004.266
35656,72502.32
98432,240966.9
2177,107182.836
104795,14422.261
23657,3422.6487
121284,54305.15
126811,28800.873
93873,64593.176
64645,20303.268
127584,26638.979
11804,54264.63
5231,83280.445
32342,9799.263
9327,2992.1008
126491,16715.31
105246,63877.57
84360,3434.4827
29292,162699.31
85327,21896.941
146003,42309.53
14205,18079.613
15224,19555.324
8973,22890.62
40252,73811.31
20878,70481.06
14310,3203.9824
58841,9453.991
90992,40679.57
72188,7392.01
24682,85265.97
95552,33081.105
59415,7776.1724
146733,14488.961
113349,7473.628
69156,15193.99
10841,12536.081
80613,47180.715
124270,20853.389
72333,41130.777
148980,142418.34
133151,8393.764
34922,88554.87
121745,11376.743
149556,104684.29
117093,18576.527
42128,115740.48
71242,2548.2505
40137,10007.355
137375,22711.865
74954,28355.225
94922,26775.262
42484,1524.6145
145525,17250.645
74647,10325.124
119662,12665.202
56028,8312.073
39583,7644.821
108950,10731.588
35246,91062.516
100634,66311.65
46752,70065.82
47695,16705.525
62957,36061.434
125493,329726.56
47256,9782.031
78701,28375.799
19223,12887.795
118252,11826.095
51925,93397.375
108149,22261.244
48752,30995.129
5530,90656.14
132866,10989.18
35329,132564.95
114334,31916.768
89949,54323.008
21676,29126.348
116510,9420.592
100630,8961.358
104587,1917.1149
110338,54442.5
54849,17501.11
147746,39055.93
92806,12195.751
24316,68902.91
143269,34856.34
111690,8600.723
141262,191777.83
19456,35166.234
137499,19378.121
67972,27955.658
68402,6168.968
62680,17858.924
137570,52285.832
27365,2993.5903
137036,102911.26
7288,22283.959
42979,5837.795
93046,21906.422
102287,7690.0576
140425,25933.465
97218,4818.7354
37683,27249.15
74806,19416.465
29947,31280.564
9198,230944.72
78448,16284.867
28116,30747.58
51780,5164.8716
110039,5470.2466
85506,25976.51
9533,4592.4614
65177,5976.126
116825,102884.07
106235,28669.988
81127,12228.208
6362,5417.0264
125422,110277.82
59200,11953.2705
64675,36361.62
13225,10750.018
121800,7613.0757
114712,20003.684
130406,105992.49
119430,3462.7917
135018,7356.9795
95624,11535.756
33588,15720.441
81935,51644.484
74658,36371.492
8735,6707.0044
113894,112610.55
55152,-367.8693
16348,7876.4136
14183,14294.297
49986,97146.445
6734,58328.68
6966,9442.823
129755,148443.89
138440,20761.55
80380,18633.205
145703,308179.28
37764,119858.43
87281,7765.791
96843,43844.47
37157,7388.962
86843,72000.71
3283,40537.094
36549,18658.168
5972,3147.5771
20030,24451.785
96875,226801.34
9448,23198.51
121145,9175.43
96643,2822.4194
85106,101728.26
40458,47536.605
2045,29286.525
89127,30528.416
34490,14274.775
38931,8017.0317
71647,9395.66
67021,23190.875
16333,49426.04
16346,38330.78
127677,24087.367
109870,104928.16
35178,138988.02
109898,17493.594
113353,21133.83
108596,47241.727
20147,9752.046
126139,3440.499
112483,87323.07
13899,15925.084
145095,5941.425
149278,94560.08
8962,130513.375
126432,43361.527
148556,14538.101
95466,3449.5273
20496,32211.133
39374,10693.14
136608,22742.9
32492,1878.9249
145046,16342.29
136769,30711.432
38463,6656.8223
88944,8953.078
92172,29006.492
92043,10957.29
15651,41037.117
58482,41232.84
46858,11933.071
136752,4792.968
21795,18224.602
10311,7162.9062
45300,7248.283
144489,1346.6349
113811,52220.86
139672,3228.6816
147075,5929.203
106047,60274.65
75138,38538.637
16452,12355.719
89667,1815.4183
47785,245315.66
3424,33313.207
12670,8849.913
96946,5620.5293
129416,73475.05
16742,9832.576
127059,14476.191
136465,11429.312
121529,29699.96
13729,40114.66
52977,8812.29
92240,152480.56
86964,23419.734
124299,6119.3687
70910,53082.383
36850,86281.37
107120,7023.5664
23452,7924.119
66274,89907.04
48364,16249.455
93003,1213.5665
4818,3569.4756
109558,3405.7324
145903,90328.41
115656,21512.82
135483,8775.124
137613,68494.76
2966,14497.833
132449,3435.3618
28581,12320.034
5732,101829.7
140920,6586.435
122114,238409.55
98364,24269.68
24754,7070.357
94459,3670.4941
3296,22611.525
48916,8285.63
19099,66077.805
41101,21381.947
148100,11874.425
119389,11777.7
116792,15408.707
364,66370.41
52510,17871.365
116813,18407.184
102963,92244.555
143011,6255.616
52726,11718.683
146895,93426.92
98839,14760.099
18848,46999.414
116297,14205.097
21440,21007.098
38328,9810.148
61648,27119.607
57035,6441.3677
115690,14087.201
128463,39396.75
105152,2067.5623
77850,28969.098
36515,37734.355
59723,6501.3447
16939,19589.44
79515,124188.4
113798,72290.07
29429,17755.25
41215,65139.473
125827,84205.72
3056,6593.4395
146409,2927.5906
34283,124241.29
112892,43600.766
66638,6861.592
119456,85842.64
16721,24869.389
149658,51705.004
51898,214587.56
111203,113555.6
143153,16876.35
35915,9813.971
78885,26613.537
27105,7292.361
58726,58470.445
13623,85950.734
43023,11360.133
1022,44091.824
18993,22148.824
66960,133679.77
15531,82919.77
4374,72945.8
144790,73673.67
21863,35298.15
72998,4649.458
137785,3469.513
142341,49699.836
51389,6466.9478
71912,19783.992
99683,18638.648
43097,15330.326
8068,34054.09
54028,176364.7
19201,14076.844
140128,7267.294
6770,2628.9998
26150,3997.2993
34520,39273.715
87289,11351.898
21387,4101.543
67835,33625.65
11121,22753.5
54160,92289.53
129608,55063.28
117552,27815.723
93840,14748.293
31409,25355.467
98433,34682.465
108769,20108.691
127322,4717.664
73953,37778.055
146354,16913.092
110941,69679.82
143608,16282.722
66940,18791.293
113503,5881.388
6653,6709.049
83544,8819.095
119678,76922.02
52916,17003.154
88841,33839.383
124225,17234.213
112409,76172.125
33872,56500.367
4001,5068.4424
78758,9105.514
99485,6848.532
126762,63481.535
101370,38735.598
126332,151803.56
110103,4852.2075
106131,3113.1697
80343,52074.19
136272,143324.8
77724,6617.1304
67674,40879.723
130104,17272.086
53344,93419.266
101107,13762.218
55566,29764.688
78927,85490.555
132481,14635.4
141632,23871.082
142693,90489.96
141458,9073.122
49361,92449.15
89863,23323.045
148226,41343.586
89367,30615.896
131410,2179.1614
97493,2183.2046
7010,110305.734
80553,42232.242
92601,19171.768
64089,58842.64
65912,7231.1665
20227,47701.02
15899,371.61465
68383,10103.375
131293,40674.23
78648,12824.938
114187,54889.453
17391,53998.72
135323,9566.73
40335,23909.1
146764,39628.652
130141,7257.3247
5958,168702.3
22313,5237.0825
104574,8293.83
69288,3824.598
38286,106115.6
87347,22137.723
93213,2337.2334
62133,111363.555
141540,23575.246
74746,9771.833
95010,48936.234
118250,43602.426
115810,27522.527
70355,12659.974
68227,2746.4827
122451,37247.305
17455,20538.69
144857,13688.781
9217,57298.887
30346,12632.01
51674,8123.9946
11381,33240.87
47547,4855.1074
16645,24342.605
95859,2789.8516
99982,4865.1523
61538,69375.49
26822,10237.336
76995,34486.61
125417,13711.51
41183,4847.2627
97134,6365.54
76351,3722.8088
147648,93007.58
87954,104112.66
126885,33363.133
126823,5362.256
135200,3388.523
93517,34611.805
127369,2143.5205
126154,6914.0093
83661,45201.215
44632,39464.703
41089,70255.836
43494,69351.07
121989,20537.08
43474,82344.29
100124,16500.602
128978,4236.2334
103111,33407.062
113341,57242.945
126025,17576.584
64691,18011.676
60534,23646.81
49247,22080.38
81591,5231.151
52065,2124.2563
80048,27977.22
92250,4349.3267
34723,64344.27
111400,3600.1958
15556,81413.016
62331,14777.257
121552,40574.082
94882,47253.45
28993,195508.33
102560,32399.55
83906,43852.023
29073,8776.209
1830,5810.9087
27306,8819.136
57475,6497.2603
67430,13519.261
6339,10947.465
959,1338.9349
31582,31430.615
132662,7427.249
110043,6296.962
135377,7584.024
82161,33755.23
131611,6993.7886
20149,25016.6
137195,12773.357
31654,47813.098
139613,6312.6797
21322,20044.262
38859,17964.848
111785,33259.28
117171,10370.579
41391,25888.906
136167,76295.91
113786,52118.46
99172,19700.537
29545,190238.9
97050,54977.117
47802,31839.271
77370,65021.523
81288,46576.58
106357,68881.4
145959,8847.517
8444,3672.0872
95052,10876.489
64883,133868.22
88451,15323.35
55392,9804.32
116644,100299.695
54350,23830.633
6743,13307.283
35110,12444.942
86856,4500.7905
76302,30527.812
54509,59728.977
11793,27440.928
143758,14191.098
5855,5930.0317
49876,19965.203
51319,59030.176
50615,30166.686
127874,28728.416
63393,32125.334
23192,147056.56
80317,17828.428
48594,5498.4287
38690,110264.516
22234,44431.625
42084,12510.452
54721,21754.377
121734,247240.92
58876,4349.033
14487,25891.898
33024,18778.385
83030,2325.6843
56857,4843.65
21716,34450.555
56601,8801.689
116549,8569.82
37772,20444.268
13257,29068.645
35270,18293.285
97150,13041.095
121356,4881.802
8059,11472.596
45307,12996.089
123812,24548.91
132524,12954.221
75490,123003.07
31578,18864.12
57835,16316.655
69406,7469.5483
59465,34636.477
110747,81914.66
125106,15017.572
124844,19450.496
118827,17504.21
106210,13816.491
41416,58683.83
17688,75997.72
56032,29435.07
144965,2162.6292
43866,50411.586
66612,96122.12
82127,223161.66
82437,16715.297
58484,19573.775
55952,13242.428
58761,8310.937
12565,72980.34
48280,3426.5364
86554,10112.489
110247,77900.35
104716,7468.9517
71578,14826.5
125356,46996.855
36911,119687.62
8540,81835.44
41011,55704.23
107305,10178.725
74026,10453.848
136758,218714.58
61572,2206.8027
28080,8684.231
32487,81626.1
51346,24088.21
46318,20463.736
45424,233653.92
104711,9380.713
140219,8608.99
33624,42406.715
126571,7720.8345
84410,7087.818
120558,1938.4985
90984,26506.668
146061,29020.69
43184,42467.418
16787,39368.035
106648,91687.23
54282,215783.92
115217,12997.382
123943,11438.292
96842,2669.6758
10849,24930.05
76032,46631.082
70453,41259.57
53822,8131.7188
40251,1923.5919
40769,2348.3472
83814,52276.01
94893,6423.6904
83131,5077.3335
88442,14765.687
1592,31715.252
147911,55039.74
94167,168424.12
106143,12237.389
19193,47863.934
27576,69132.695
28145,34694.5
139952,95625.74
93259,3115.6172
79484,13015.955
77804,73888.29
88615,65777.836
73289,6120.2485
125269,121385.63
1826,90498.766
49379,8162.7446
146922,3686.564
14821,8981.979
100433,20482.275
77398,1349.6761
66633,27680.605
88997,55581.402
4748,23695.021
56952,1343.5583
55227,54091.92
71176,4787.8867
97631,11130.161
135436,1707.7596
94740,12801.939
58255,71407.96
27086,16676.557
67377,441108.7
123381,19058.71
146989,43848.066
27466,20011.166
144503,68783.47
142195,27555.361
87145,70290.72
145029,20219.268
119370,54061.367
147788,34890.77
34207,7211.0054
180,62747.055
26961,5241.3735
125089,4305.0
24496,92657.53
34948,5086.584
90202,35105.504
64324,11910.539
144832,12391.393
63458,1158.5236
98611,91963.56
2940,10144.035
133166,19628.936
41076,14940.827
79371,74919.3
49508,40114.926
35389,29369.275
123697,40943.188
33416,2742.9456
42167,17177.008
74009,8938.296
115828,32072.955
39288,7131.5425
81743,11962.51
140129,20985.209
141631,9405.104
110783,6490.298
113718,48085.67
89483,9312.878
124112,1688.9084
69491,22838.727
21806,7771.83
114030,33911.77
136097,39858.023
26935,22204.828
111015,7269.877
96600,7876.55
95147,116332.695
40718,56011.36
91024,6077.52
140449,9282.712
10268,26627.848
146913,100436.15
77190,888.0545
42840,108548.86
105708,30683.752
55800,11958.152
27315,4705.2744
147315,29667.74
133550,3873.909
137382,32370.629
125687,10327.414
58430,73618.95
98683,58565.86
126836,22366.691
133729,11642.895
135583,23764.62
22611,60204.992
107929,65879.8
20377,8344.17
111346,5190.604
59938,12027.197
79713,4654.081
37731,49285.285
96017,19719.848
141286,16753.121
12071,20560.057
86626,406.84808
70643,50477.348
67715,19113.654
10686,26031.502
61239,103881.29
144488,10085.032
70307,34096.934
148631,2322.6387
137947,61242.836
60315,16624.85
125304,10321.109
45583,2349.4568
111792,57119.633
91051,41044.75
80148,4632.6997
134865,9498.405
22136,64560.535
146463,14506.278
65503,47742.254
133422,49798.14
47858,1592.411
72329,10212.851
64141,5044.586
106772,27423.014
24681,61561.008
120387,9452.23
105704,54066.17
133689,4540.655
131649,56748.133
105032,78679.875
102249,27314.404
120289,48525.613
82261,49151.37
92599,86426.25
65255,59160.41
114624,40364.32
115245,139648.1
85236,26499.951
90637,18347.848
93172,8601.443
103239,6218.0337
71823,53499.78
95653,33147.523
34481,3402.316
19416,6174.602
116035,9900.256
90893,20637.049
138120,21642.244
44049,40275.67
61465,4064.2163
74868,47659.277
38601,3351.4229
52444,425858.66
109233,108476.06
37990,23376.527
5632,3481.5078
93875,7021.4204
127370,55511.758
90832,12884.389
27606,5928.978
16635,72870.38
127772,5523.898
81380,7236.6167
47631,23864.498
36973,9670.807
86306,27616.498
96810,94381.65
129886,15788.278
20814,3587.9348
19910,53671.46
129057,4776.798
148551,65510.24
98427,22516.553
11174,57569.344
142451,7877.8555
41880,125306.67
133723,6597.4673
155,55799.785
24950,2909.062
25514,53496.043
114536,297744.62
10382,95175.85
107052,79504.81
111643,67045.55
84823,4642.712
146834,94661.875
136537,59481.3
4153,3520.116
149079,39630.832
46676,29816.643
74962,9325.848
32586,48266.715
66833,1777.3438
8941,35034.113
12103,26695.455
31114,17245.893
73096,300808.38
6332,90675.92
27363,13206.417
79008,37477.71
52736,12608.127
84407,18971.93
83183,19986.332
98615,65247.97
47830,212624.83
146765,6967.984
85971,154803.03
7061,58517.965
95919,58653.156
50623,25698.27
121147,46080.94
144388,7575.285
114330,49466.004
20504,11042.511
19373,33144.973
94194,3129.8088
122425,18335.285
83090,45801.766
114239,55223.527
24571,22055.164
54503,30087.744
47442,39148.504
126077,14338.318
62791,16365.677
23519,53172.664
22023,106434.43
108882,42286.24
114295,31699.062
20176,6532.8633
11800,25469.22
106160,141023.53
137838,9097.045
10124,23778.629
83614,41769.26
65105,79097.18
122920,3267.5703
109438,10919.837
4560,100443.305
9854,11623.819
40876,38294.41
101437,6841.7715
82057,22029.31
127529,8395.427
17409,188070.94
63097,16598.42
60147,85909.69
55761,5418.3423
89279,3100.6172
11255,16240.906
56886,34876.55
138351,139391.81
133274,78326.17
116571,5140.0444
53227,30849.531
117261,151746.92
35102,27729.586
59053,1718.3677
11194,6240.368
35659,26913.803
52741,2221.2656
55871,16129.046
114230,8001.532
75165,19912.67
112371,61923.67
6678,12172.088
88165,3852.484
126978,75450.56
147853,6294.883
2926,13036.328
80277,20230.172
71660,91693.11
49035,15651.822
131338,30737.184
109084,18702.562
148180,35125.914
48969,172727.73
24805,14877.928
130170,4507.5493
88455,111967.734
72274,179830.42
31744,39119.11
143232,45771.305
108083,35736.15
112846,44762.355
62379,64864.918
19538,68016.89
69328,27829.314
52254,26171.791
32339,46150.555
144476,61335.703
125489,186437.17
127254,17732.447
87269,70415.836
29287,45734.242
52907,11292.339
26731,8830.88
59665,72060.11
105479,18665.727
146980,4925.4795
111478,1719.7787
52179,46011.57
17039,30027.488
124447,16284.491
122744,30794.586
47237,56062.402
9898,138584.67
74378,39311.254
51332,191524.0
34638,8353.636
32774,9079.914
43522,14109.678
99098,13925.545
47586,121733.5
15978,80074.79
147974,27268.418
45955,28119.85
66874,4787.531
28005,1544.5786
49386,13291.265
63823,3011.3113
94349,8783.391
15166,25400.281
9401,3652.438
62854,11159.037
29012,7841.604
21845,106841.24
117628,83316.59
120960,16502.984
84951,151561.81
125823,18034.812
33253,50536.785
87267,67269.375
130108,8159.488
15444,682.9345
92239,5836.671
137817,9957.121
35215,24707.893
69868,10634.827
54126,26639.969
103415,10626.88
109581,5047.167
149836,28941.805
140416,10079.042
70441,75450.62
81887,17444.674
82264,21401.242
5748,31005.13
91788,6195.399
125534,32416.107
61345,80021.96
112138,72629.516
62383,28775.271
121894,7243.234
140066,45530.9
9935,7479.3335
6668,62202.707
56349,5475.269
87484,129350.81
25517,199462.98
121176,54900.957
34008,31316.068
60500,120906.74
83215,26921.291
113350,38029.87
86764,60419.703
133985,98831.734
145841,7264.924
124059,21981.484
34270,62640.254
59926,11584.4375
128249,9398.004
149087,56922.22
34616,21237.785
147222,6789.426
35843,4990.712
131746,7708.2173
3830,2317.2793
4644,56189.23
139430,37034.613
26050,36646.184
10597,7249.606
96269,9122.136
29654,58811.613
1364,36587.133
44216,4454.943
86611,5899.903
149601,21829.87
23376,8271.374
104503,35481.703
83654,22306.412
99882,18213.117
54664,9603.895
30638,6196.8867
54542,101258.08
96358,1575.7251
27399,19434.79
41078,75254.836
98835,43792.836
89958,21095.5
143411,12529.51
139960,27152.508
84552,33085.816
3341,18005.93
67241,23525.328
34457,4272.467
143976,24883.215
1106,61717.78
6276,65931.664
76943,29326.354
35824,5795.148
70897,74887.03
85461,6011.144
54093,50688.133
39204,221312.62
144616,65236.53
32710,68188.52
130116,48067.3
65773,39392.195
85632,110138.45
84581,11216.3125
38190,113765.07
118337,9060.955
84070,9252.351
108430,52228.07
36547,6804.849
74459,5160.0225
93073,5910.469
108409,55024.72
54171,60330.617
124438,4573.4478
30020,4669.333
134772,1848.8153
64829,1876.5374
138722,58076.047
23365,4960.405
37897,61095.793
148861,42631.215
116265,26225.723
4875,112716.51
52176,38550.68
146828,32984.11
64174,3433.149
27415,2371.5706
115566,8272.093
51084,52331.047
45853,17418.873
46814,10195.044
102665,21083.893
130476,1262.9417
27088,15665.569
126102,9645.2
70998,94152.21
51315,107826.445
5451,9358.024
127494,3888.9492
58685,20831.803
109631,58481.164
47710,62126.168
140679,92658.63
130947,23846.16
111311,4965.5396
27182,8711.013
48354,28422.86
67168,16702.22
93086,149706.12
15405,1900.9912
60074,28628.701
71039,18739.941
95189,19265.475
117608,7537.6416
69047,5231.931
117145,14394.534
134825,52985.55
65344,12836.896
100133,7580.074
142956,3864.611
140657,3250.953
93007,19786.883
89619,69085.56
21462,59687.55
58764,6732.1543
7276,24307.713
116304,29260.66
38073,61753.484
93626,79077.02
82280,83789.54
117069,35480.48
125782,9006.987
64417,9187.574
122228,11057.016
137991,59230.043
104935,9356.08
109207,1588.5809
37009,9829.584
3848,74169.445
109985,3461.2092
89406,12487.198
94434,67113.24
117003,38726.22
121851,27355.885
578,6476.688
48910,123871.86
9894,16895.943
6435,19528.248
137925,4398.65
97157,13042.447
44764,27139.902
83355,53472.086
27773,155285.38
25254,42239.35
4305,11221.341
56093,19254.38
131407,33324.992
84884,5714.9067
36434,18049.88
20021,53591.44
119636,2911.1858
94051,48065.203
126043,9193.122
26661,33320.98
138381,2978.9143
76822,26653.771
143028,34251.395
51348,53803.13
114226,4995.538
120566,102595.4
79093,1952.181
66767,111343.01
109228,7145.88
24101,45115.89
4955,15598.018
25048,26659.299
103484,18739.646
37436,127483.05
56380,13556.089
124846,65835.3
71856,61997.566
8071,22598.732
107853,6394.675
130460,6900.5757
78599,2845.1836
7319,8228.201
81339,5124.798
74588,54773.133
10689,67472.96
98357,5454.1157
36395,42350.414
52963,73056.086
31861,10060.885
144391,12890.368
107196,43183.43
37191,5676.152
16644,20690.666
2372,13331.301
97271,26988.943
58954,26766.055
92790,23076.809
124854,111982.195
51251,25828.418
6823,42296.527
61558,30502.496
125300,151155.67
105363,69045.51
620,84394.805
82798,14884.951
30395,6077.5884
35851,15799.378
102028,6564.59
34919,34176.293
104766,2643.2214
120735,14297.407
84964,20792.121
131305,25978.324
117441,2325.8235
105480,16123.341
35990,12528.602
81862,101187.414
55493,26886.514
108838,3628.3096
63290,3965.3215
18243,3249.889
64015,33096.46
83017,47772.918
72864,5107.2905
129771,2809.9897
145063,81384.35
50627,37507.816
36645,34456.22
105237,11018.3955
49851,19753.375
118815,864.74396
124715,13773.097
98923,7095.4834
8858,157727.92
107782,10682.455
45030,109319.65
92344,3562.6838
142355,16280.299
119607,4652.277
12423,86242.56
52267,4093.5557
8361,7962.524
1016,10581.248
37364,47278.72
142233,68857.48
65579,28254.588
3582,44305.48
2839,1235.1329
117913,42297.477
74117,25411.004
55744,82584.305
19124,7382.5073
57059,11212.381
92294,30949.316
47050,31386.74
109204,43648.42
139917,17132.135
78658,33367.1
6711,4217.5073
19040,27040.764
141036,26110.107
83597,17932.393
16693,65937.18
17777,591.1601
101943,4751.509
14288,8995.762
78094,15475.058
76930,31430.463
123464,15199.495
36821,219866.2
113085,33465.004
50654,19057.248
107654,23732.37
22845,6849.258
37268,12109.999
58122,89082.63
58316,13542.604
82063,-1773.2914
857,9494.391
48823,6998.742
24794,29907.885
49999,7080.3896
112492,29846.17
71197,12148.211
19731,10094.043
38456,13566.533
95834,7622.125
104310,44658.43
46184,19916.354
72988,100827.38
78032,36420.61
106786,11414.806
122715,3488.8784
142373,4849.578
78418,8135.025
126649,1749.8918
53499,7253.9355
54053,74456.75
23397,3723.586
148777,200405.31
71827,39940.535
97895,21939.111
106432,87817.59
54520,2198.8403
8130,69590.0
136706,194084.14
58814,95960.305
87359,21033.152
105376,38742.82
112219,4849.053
136169,10447.715
30398,131275.84
74985,11042.252
21208,87033.49
56319,909.1141
110850,102347.28
70981,26676.596
42252,131142.81
13172,6343.7305
91710,67019.98
101500,17562.08
100529,85914.81
58719,8922.819
36326,23176.426
34411,64003.387
110665,52193.656
81370,5894.2437
3549,6039.837
2637,32192.947
53681,11747.653
143293,18837.932
71294,63362.152
130548,29936.932
141027,122847.08
63318,3786.0457
107321,24053.758
3347,83417.086
143042,12109.365
65412,15756.3955
141229,147709.83
27215,4298.233
147472,1891.9729
50436,1386.6509
117207,22317.72
29728,54750.668
137950,17594.889
123516,34293.844
14862,23385.033
145567,55166.56
123661,16914.82
63498,3394.5522
50952,4892.873
114000,5265.3647
32749,72591.33
106542,359283.56
5489,2912.732
57774,83206.95
94238,39483.105
35073,10788.008
18132,5233.4893
118710,22541.264
14391,13082.292
18514,39391.32
48948,27586.355
75540,62787.44
58369,93745.51
18098,6656.758
88500,-3540.0208
53521,14359.48
143587,9550.938
16597,44266.36
59433,164063.03
115093,58086.58
93422,2976.4258
50754,96710.07
133131,58867.035
14651,78939.11
121035,54535.402
26425,16261.127
64326,67649.39
137096,147178.95
127176,45103.79
16256,4001.8176
51749,58286.14
35498,5890.048
95277,53606.836
115101,55972.01
16248,42930.47
60277,47069.633
47980,25602.273
8643,25057.053
141706,19825.457
108141,169719.16
146072,51680.254
30097,64505.992
16001,14948.992
8426,42721.05
80436,133929.0
54560,12633.201
112800,38706.49
137418,8845.147
120315,45799.742
106389,15037.125
51546,6883.7056
21400,6233.3726
58709,51626.938
58128,5365.956
103339,1620.5256
12838,72014.02
108263,16393.111
121112,63324.72
141109,9434.046
880,6949.5444
123156,7638.373
113177,11029.125
34250,121077.195
42954,108937.375
58520,8736.485
143227,293613.44
121708,4418.815
83107,25006.676
145085,5910.1763
120615,9270.657
145291,4871.356
148457,17891.832
36484,73400.92
130235,12423.8545
25516,11834.894
122208,53034.805
38462,74591.55
9620,48774.707
64987,19010.979
146701,9661.518
24984,29412.207
52139,2716.2314
78150,24871.15
111496,29188.844
4268,16046.768
108230,34577.316
13922,41972.82
142046,68435.55
62667,84210.12
115721,2505.2268
133495,23352.977
7325,33897.88
9982,19254.48
123139,21172.35
62544,2750.3264
109969,28813.988
53185,89812.41
107907,25406.176
95084,82848.79
96839,112590.336
61300,3878.9385
53625,2234.8574
2690,4907.135
120008,12587.249
124971,92260.37
106900,19395.11
105874,89714.04
119728,39793.285
148190,67178.85
67339,7736.639
58010,30803.613
72053,10624.825
40643,28815.268
40648,9716.146
20129,1353.3873
131286,8637.833
97959,91736.46
123740,45895.086
38047,9921.053
22393,5570.542
86534,15483.144
96916,26146.35
58175,95707.24
75616,17562.271
110786,16920.033
135611,10057.868
47646,81876.28
108029,13027.606
22212,11292.411
109772,21920.172
4026,15797.61
38345,2301.2935
88738,23274.117
49451,138865.52
122663,22327.98
64069,67913.17
10395,15986.129
8703,8337.559
80602,8858.956
53787,19482.797
67016,3089.106
9789,7023.8677
147709,4861.2974
112389,30278.793
78474,59667.836
76643,18112.898
20664,155269.0
15192,374128.38
95974,70796.73
142111,52877.383
93920,34663.46
14437,8173.5757
126473,8935.572
136409,49242.754
1405,11455.403
57327,42156.44
103131,14775.9375
98210,10649.099
132869,14619.652
9067,9578.895
90921,49940.383
67128,84133.11
72308,7623.202
434,14648.278
145442,106415.08
143797,58698.3
23276,18117.338
101252,6337.6963
121699,6833.6475
135467,11014.596
133893,63912.95
17330,16032.482
74946,25253.838
10206,20823.723
119675,81005.89
66453,59454.06
133046,80609.75
8985,33545.465
101684,3235.43
120753,9481.177
17724,6637.845
127569,20360.691
88152,80064.82
86997,32369.672
123863,180311.88
109039,24284.254
9364,102222.89
127040,5518.046
74679,10043.001
33820,53682.367
139435,26389.281
16005,110574.22
30761,37261.574
83724,23842.12
37862,18075.436
123674,8876.796
67146,296407.22
17230,42333.156
88521,116528.695
71682,11419.141
108365,80695.1
66910,3051.063
27426,36271.67
101416,6325.0825
44271,47565.14
25016,50029.188
15617,9902.794
50190,40024.676
88037,6119.4717
30008,64513.086
113926,57128.586
133346,10436.238
142096,10307.993
20332,49888.965
136536,2646.1013
88278,42042.49
49845,27290.494
131429,12567.298
110295,20039.658
63288,24374.951
60683,12082.034
44802,23511.492
43875,4326.716
10330,12505.015
119163,4053.2542
72192,13000.457
122119,67331.62
79128,28976.406
60278,8731.487
85308,25067.639
144628,10251.143
18463,12651.33
77310,17696.396
94157,85130.78
41985,18358.66
56256,9228.408
81533,24126.992
86636,21577.555
89990,3619.8745
58571,880.0233
128237,2379.5984
141849,63420.83
59392,24316.475
18595,144574.31
122506,23101.797
45632,13.349432
85659,3504.154
51164,14616.665
95264,4891.709
81394,5921.556
90561,43686.137
79411,12499.303
144359,11301.99
100981,54536.684
68242,122404.89
89494,16057.707
28858,25554.258
42048,6482.2617
119677,39820.75
48476,64826.906
75449,123542.25
139742,39633.11
111616,9453.311
87524,55399.984
125172,16203.38
86176,109611.07
62359,168655.1
52321,6113.8696
14759,9889.164
1254,34538.184
95641,4113.4956
2296,53280.07
59396,150382.84
116718,39535.38
30455,13041.526
58922,32760.377
124552,12473.6
84458,4937.206
128575,138410.03
135408,85183.99
120162,8088.127
65815,45745.258
113512,57919.848
9413,61217.547
36635,42805.062
124030,41402.53
70750,7885.4336
17634,16877.664
18596,22753.365
100014,6459.4893
34432,3256.0535
80002,11106.371
89656,13281.986
148984,1924.5983
29302,9330.926
67776,23130.174
105312,3641.3416
37298,13865.095
98019,71821.92
133068,240182.03
34203,8093.321
77986,21999.35
118376,14911.792
112529,9925.522
60461,7398.9463
54555,82413.4
70288,54811.094
78218,50543.438
58426,50769.2
142909,23948.232
140422,29935.258
52768,63978.44
109020,40156.094
653,15474.311
69788,26877.324
138369,19596.959
50447,19985.25
20258,6286.489
19111,44491.33
84125,31948.7
30749,4009.3586
39439,8779.996
47880,10103.4795
116033,26908.78
136168,73625.28
29194,11562.055
145972,49538.02
73874,74850.27
6549,26510.969
1574,82205.0
144310,39611.41
52997,160223.33
112057,33456.08
148899,13893.529
90362,8341.671
24097,120325.8
51800,5580.653
16494,39846.48
132486,9165.501
63718,14321.339
24436,88339.43
88727,22121.627
45973,110.19821
102861,6753.854
86105,88124.88
74580,8758.902
107258,4784.7773
45567,133397.95
73912,5969.3555
9776,41383.895
13833,27797.635
8937,65757.234
42187,1060.1313
76463,7049.5757
108830,9996.744
79414,4224.7104
139167,4634.987
84544,20745.63
142413,15736.6045
70905,6578.197
25289,32647.201
135227,24783.11
839,59144.01
108449,4882.757
75507,3208.2617
37589,26684.836
131963,28692.643
26570,12490.162
20177,17570.342
111024,1402.2142
16149,26312.188
28444,6937.8364
77163,97492.02
77541,112701.914
124186,68201.414
43858,30462.387
73567,17739.799
67623,3511.3354
127140,14381.002
130461,21552.17
68452,38045.535
116840,20718.736
17142,9505.721
6569,1451.7566
105323,13238.348
78144,8043.733
37086,22737.92
51461,24103.447
7874,3268.4648
146673,34923.188
133751,4115.885
80377,6480.107
99146,39190.777
59095,33130.64
74690,36560.457
90471,76842.164
46138,4465.143
92093,8816.633
109821,5928.1987
109182,34715.492
124233,13843.364
69231,60210.008
138437,9198.136
24449,54465.164
142245,98181.164
141592,15030.263
42581,11926.316
46764,16152.708
59361,44222.35
142497,33654.977
109319,62637.688
52604,2945.4382
22942,7382.5044
119848,18060.934
123316,3763.7659
130471,1904.0881
90729,45832.492
64426,46720.87
65087,33031.18
26433,2316.2937
10200,11721.192
41100,6511.12
4893,17842.066
131381,11658.558
141746,39487.504
55454,21847.176
36627,41614.242
111337,77169.54
131184,322377.75
20394,152024.25
105084,52545.15
43671,32594.156
56961,5211.4526
27820,8402.723
67509,6945.446
37100,28202.041
113761,1613.0725
121231,104366.94
131428,36345.87
127083,2718.836
61517,11011.855
73691,13337.65
121139,5004.626
118624,30979.502
24299,47417.906
113897,91373.484
65765,12972.35
68655,5890.29
126857,8043.3027
106454,30503.754
30220,54790.668
126314,36261.445
4702,13115.451
98112,9928.617
90990,7859.94
68319,25737.486
68212,1565.4414
83063,14825.198
46244,6622.2095
62637,78718.86
129922,7974.3965
42490,24122.678
87914,31124.326
54719,1705.893
50958,19530.479
94940,95486.97
147968,3754.491
25792,11888.632
1679,6812.921
31030,21332.217
32333,38319.812
40055,98389.375
79368,55123.61
71767,274517.47
9574,46085.832
90881,17712.652
148279,6275.0024
133378,38312.367
90668,2031.2065
24250,26756.281
92141,24604.205
75358,89550.9
6375,9313.264
51300,22976.041
100576,10265.53
78960,10838.429
57350,146081.2
40567,31525.51
88140,3438.275
122590,10105.372
140107,10543.565
148782,7431.864
15014,122194.414
101506,8794.431
82691,8948.925
97421,7600.0835
102326,11684.33
568,44869.344
47659,22863.879
83752,59457.215
51132,18296.615
15554,77475.38
47581,19706.938
77797,12027.269
112349,62454.516
82433,99530.11
84703,11235.16
119248,14160.453
59614,6314.922
100791,39406.633
123450,66690.44
52788,50819.914
34710,298898.06
95774,21870.77
146515,20784.16
146142,44703.82
53304,13200.727
35029,48203.426
18473,120316.74
68286,54468.902
54309,53437.535
74192,37297.184
111806,12964.161
93836,8448.897
60196,29508.643
23504,4132.2637
37416,28072.01
60405,12202.05
56282,14046.694
34993,42734.375
79602,37724.598
108507,16704.38
10907,22302.012
10889,3232.555
16064,71341.32
10522,8426.339
148558,38003.57
35610,28290.135
6652,40694.582
19997,9375.068
45037,335868.16
11391,25316.373
77170,4802.135
57417,3430.108
97845,192911.75
79005,19947.783
55503,81002.15
109855,4128.312
63194,9248.902
66458,13186.737
60006,50364.914
1041,196037.48
76196,17577.854
45755,81158.87
57786,5304.71
77019,1707.3179
15231,14627.624
107813,11398.786
88640,18104.363
99435,20153.037
53773,121681.25
67052,6433.7114
21783,3163.1387
42171,85355.9
117103,1643.2709
73088,47269.01
127917,32558.002
89776,48242.785
72965,27536.947
32293,13323.076
30286,178348.8
140543,69504.77
29892,43053.5
41523,45548.848
109016,329920.25
144589,1402.7252
16708,11887.94
149672,47035.594
32748,50004.52
51784,21011.05
46570,4801.635
4685,3212.2107
116137,84574.43
135411,87782.44
45484,54928.69
124324,20567.691
51030,2044.8019
50793,19560.186
140740,2618.3425
139055,30824.154
50345,22362.97
83334,19586.473
30698,13195.324
40800,8319.033
12959,53070.45
103290,11957.64
147445,9216.589
7508,61748.36
65884,22076.621
138144,11241.101
83442,16104.067
140929,5515.744
8271,5372.1724
54015,3019.58
52190,6838.829
142555,76135.086
46749,75647.44
118846,43195.746
34059,55024.125
54289,10418.062
53708,154172.0
149928,3314.0818
39339,33299.42
69409,1275.43
102913,56380.535
60241,1024.8516
12699,-2636.5586
80044,125313.37
1171,20450.365
109393,25830.805
117527,33793.906
119929,7417.0737
30210,54597.062
4162,52848.83
98429,21460.639
125315,3303.6028
98119,2700.4102
34658,20606.135
35453,3581.3857
127787,10804.391
76807,20359.297
13787,3696.9277
37978,93812.76
45957,32000.955
26501,22824.213
79736,10185.62
125173,79104.95
92914,14140.29
23423,13725.016
784,1390.1587
74346,3584.6584
56487,33402.664
90357,23639.676
51444,42264.527
67299,150754.11
144048,13992.005
60845,14186.439
109454,32735.248
91374,3315.9607
105337,104568.35
58959,5817.124
116592,9901.203
140555,88856.39
86787,43308.973
38696,38047.71
8188,7286.017
13443,128734.03
27617,31470.477
103657,20078.676
41168,10635.41
22245,108180.945
97028,23281.986
99041,53207.516
133291,15714.485
87875,10408.796
59733,10630.56
6914,34449.598
126648,6395.518
51498,132127.27
41371,32277.305
121693,3318.12
76068,119734.03
113054,11897.945
33604,19944.072
68834,14222.38
122140,29951.07
72734,31800.928
93561,2048.4395
29368,90034.5
103407,9461.577
26582,3137.598
69279,4482.977
29295,17117.451
23219,2672.6948
41343,156437.19
76222,23923.148
100277,17827.25
43160,21353.338
28740,39610.29
125939,48166.1
71303,142685.33
125409,4107.66
71259,35029.414
127540,77749.54
27998,40448.457
137533,6507.562
63990,816.75226
13479,4343.673
104179,28080.828
107091,14547.66
70332,13565.084
136966,6642.964
99550,36071.523
2495,62941.516
72003,29850.525
47277,3213.4077
92486,23182.756
147528,13277.025
8450,11606.783
98511,35019.164
69055,26767.389
1641,6236.687
127257,9876.56
107618,1711.0758
120035,15081.922
112451,42015.453
143184,1724.2085
4334,24739.938
39058,12942.789
86797,75542.1
105577,5250.8853
18721,12524.057
90594,40633.38
54994,33445.48
132827,28268.666
8767,817.47815
78616,5283.6733
147363,61736.418
113956,8298.081
138861,35698.973
114867,16560.393
19629,58408.727
133940,4882.1675
143899,7396.37
37194,42228.336
145318,840.88116
84274,30013.928
6776,58494.562
71248,1840.0121
60004,3694.2207
56953,2298.1309
113280,68080.15
127510,10558.6455
48052,15621.325
13419,31965.346
82499,13813.074
69619,48868.953
141756,3470.505
132219,13537.835
108678,69318.68
9694,72837.99
123723,26418.78
17596,27145.014
124343,88227.13
30599,1831.3065
120681,6895.4307
24183,36887.094
94358,36748.67
12494,23170.238
134118,32033.127
1567,30344.086
109672,5251.478
101862,37323.844
13574,3806.7974
92494,32179.242
28933,7828.657
16268,62677.3
89677,17394.594
124910,19266.975
145391,102565.75
6850,41651.02
129463,66139.34
37443,50754.402
144749,17467.367
14257,15318.764
126031,-242.58112
107465,30133.344
69567,22076.943
26736,36997.86
63296,4194.27
117639,91491.375
67482,20424.236
88067,25430.807
40078,3457.2893
95039,361019.62
12354,36868.098
148182,3613.066
42806,32020.824
68072,22097.963
93734,13719.746
134433,24128.002
16743,8327.6875
32714,7127.809
20907,44757.273
48806,3672.1174
60709,4065.5244
14668,167835.7
37193,8390.544
32882,6669.5156
114344,17415.268
114516,192373.78
30306,32941.438
24814,22653.639
19704,10767.219
1465,73134.65
141832,32670.244
144787,15045.581
55244,69965.945
65367,13989.135
74654,12395.338
94288,8204.5625
120181,16776.31
133172,27048.953
106545,166988.78
37985,33606.715
47706,11626.042
42438,1651.3788
60033,37069.188
83152,13865.921
129944,14628.01
25420,59292.715
11337,200457.61
40103,65984.07
137384,15864.494
79965,21002.137
56581,240788.3
67649,7386.5977
129207,67867.93
136986,23382.777
33438,14329.777
138481,10717.581
138138,14408.619
1822,37444.848
99201,36591.1
66723,30308.252
110361,5259.8735
87393,2712.1836
61455,3876.4155
125436,106499.94
15629,7345.973
144090,14424.329
102199,1669.852
110928,59719.176
145844,4507.2935
85527,3728.7063
11215,47373.445
52377,34620.137
88926,23352.352
60166,73686.26
4433,6851.4326
65299,16975.684
20790,19467.443
47324,4549.4688
108885,3895.4229
140442,9975.774
3629,44007.836
141126,7007.7686
53927,7451.84
124279,47357.895
31992,24542.723
30762,18957.482
17050,25442.922
85510,23923.676
94455,13004.622
129564,15142.957
131232,2470.2258
91955,206462.56
85421,1832.7643
3527,4227.4155
1369,8053.803
29895,155006.89
11195,6789.5054
40328,7889.404
83349,46066.15
3193,5664.178
46809,25325.395
19296,36979.605
38820,64530.1
126046,3530.3745
55168,75286.87
9161,37261.098
77630,79500.734
6416,13418.837
48130,96829.52
11234,38449.75
115568,21526.26
105641,12791.13
108104,85196.055
84890,21087.193
52213,3155.3813
48698,38181.703
101352,13160.054
134035,148990.62
21487,91597.445
127594,9970.568
89936,68042.91
20284,3569.7603
35048,16791.52
36594,4896.074
36990,7834.6323
83586,6187.62
141868,11485.723
15019,83103.984
13808,4851.719
45103,101889.664
43123,2485.1096
102349,11644.78
13381,16577.926
733,41720.867
69992,31318.504
124463,35564.633
61806,12677.49
148682,29703.553
86766,28599.693
19318,44050.67
108685,142426.5
71652,14577.609
135803,26050.41
96854,12587.213
77544,7804.868
4743,38827.418
33452,32067.64
45521,16494.363
89344,69183.56
13104,21357.678
102864,12468.646
10926,18449.441
125394,495.90387
121883,10173.853
126427,28502.742
111085,8146.4536
112986,13852.886
4091,71985.04
2096,49705.45
69139,30837.027
32237,55353.766
7764,6672.8145
51173,3770.0632
79315,116407.07
28084,65387.4
149335,6625.8486
70101,31145.918
86373,31413.43
24424,22265.15
69017,37849.84
51501,47658.902
87821,5017.5977
68461,32819.94
61634,3717.7336
138357,23836.406
50866,20697.518
120764,54997.086
118772,94879.48
39036,6627.0024
66934,10774.835
43221,11429.157
14117,105799.35
129787,51998.207
51206,13060.247
121571,28571.488
130968,111568.14
17867,70395.06
11249,3849.669
19896,80388.81
137809,17859.193
51850,39317.09
116538,65654.55
103286,90717.13
21811,4082.851
140712,1550.4725
131775,9457.957
48658,87656.52
80085,10471.932
22762,3064.7705
98383,20648.467
72379,16473.637
47938,133011.4
127333,18697.639
1087,127937.21
47164,36689.105
22317,3647.6968
103978,5347.25
45912,76224.34
77172,15438.319
47141,9635.95
137906,42827.426
19588,4566.809
87778,58843.098
93870,3372.7988
103013,5274.9546
144786,32280.988
62275,2086.0044
31843,25667.332
24834,20015.275
82039,84258.57
19306,3183.545
141342,5537.4995
45530,55305.207
33626,50357.81
69997,56289.867
31993,33001.918
4104,3924.2397
54296,9145.739
61445,17346.78
111306,105337.45
61264,10848.907
120113,20131.492
36726,22490.12
3393,12745.005
17143,171335.0
100299,3034.808
69135,40578.387
99340,8529.73
76992,124027.99
89328,35518.92
49515,5412.6714
33729,60463.668
13127,3494.5435
37565,34153.094
79024,15679.302
16705,16350.923
49669,10737.854
119895,48384.74
79988,58334.086
113069,2955.3818
30711,20490.355
43008,74008.734
123071,33866.797
83341,36359.773
80717,8892.781
147728,38369.023
147202,37558.31
131630,5435.5596
102206,11067.285
56686,19489.693
22037,11287.644
14158,58689.977
66812,29947.305
59824,1187.8296
63483,4077.2954
62560,18692.908
141595,58223.414
21589,16692.404
96822,34489.953
85409,12486.602
39805,157300.89
22148,5745.758
148919,11894.614
82595,4811.4707
80889,6656.0474
146413,51739.93
83081,161391.31
71374,42327.555
79725,10624.812
99158,2921.0442
75073,50555.082
76764,91833.414
68720,46142.367
24731,37297.36
44405,999.35406
71459,14462.016
93993,1728.0981
128581,35884.562
83840,6432.701
78403,36387.66
88312,18352.021
133351,8425.332
113190,20860.041
134733,166167.14
148241,1937.384
73027,9808.398
135392,68713.31
12938,4126.451
97348,52579.62
147636,443.81708
103238,228208.0
113167,38554.92
75898,58177.254
7064,5530.8843
23383,189520.33
97625,29529.025
64346,52832.0
53836,5319.0234
111005,51140.133
46944,6842.5703
73526,63889.598
53033,37065.23
38927,11231.378
51774,81142.84
35266,16423.912
3684,13472.542
82350,45221.535
90895,64003.66
69429,7027.258
127318,64390.04
34246,6649.5293
137514,58045.81
112549,122022.45
24503,16189.719
136746,28407.803
66309,339043.88
82888,19133.854
3662,31858.451
70310,8986.7705
120172,961.0739
81913,45629.258
74601,34320.67
139356,17024.197
129799,12222.737
78087,28932.916
48830,46345.164
61701,16921.607
937,4320.335
46968,912.18243
133852,2502.0623
75673,4999.9795
56825,24595.658
5276,81932.3
78413,36236.37
99062,9415.846
101682,1366.336
65755,99484.45
44828,16029.105
74704,49899.13
16020,54201.383
98970,43024.605
149578,9608.011
142848,72620.31
118398,17598.926
14431,211772.02
129850,30888.54
59655,60872.76
112472,3994.6616
127757,131126.88
69309,12369.43
144166,15729.756
64606,23145.537
114930,3648.0144
54989,4598.362
5752,58923.52
142372,3898.5298
42871,18200.625
71143,38104.707
15073,9471.965
22253,18440.014
104453,1217.9753
40901,7321.7505
18451,19545.766
43361,44815.38
54232,6386.52
18708,4941.2363
24498,21783.467
33114,278858.44
28497,12188.876
123465,58376.74
143112,33312.598
34823,15888.23
126032,45258.703
136101,23213.875
9635,9981.177
147320,5704.906
20473,89980.39
111976,2191.7063
116701,667.55804
114308,5454.896
42625,3105.7537
86981,6809.9165
71651,8775.513
56002,152984.17
83508,3726.9175
24160,271299.34
47345,155404.84
20675,11801.309
148208,61191.566
117259,107593.91
11445,20589.945
118731,9834.494
108703,4232.6436
18981,58859.723
75624,71976.664
20097,86030.56
106258,49785.465
71659,53856.656
23935,44482.918
36336,223141.31
123113,12536.081
142521,37629.043
115941,1678.6062
15817,4043.5085
108118,61422.305
39575,40275.312
149592,35289.11
47280,17578.078
107108,44085.348
5199,55615.77
100957,43398.05
39480,29067.096
65264,33579.3
134285,653.27423
48500,4641.8105
25088,6594.257
137011,37123.86
139922,62833.914
130215,14417.834
18353,3929.1917
37811,8832.713
51896,41759.63
140844,41432.89
100955,30347.281
89760,3077.8271
125639,17228.258
143640,8587.579
115316,57800.656
78923,244958.11
71121,2063.2354
74940,30045.396
84678,4030.3357
113148,-144.96355
8943,75336.37
85291,21551.592
132947,85668.01
43391,15184.574
30930,118336.83
115388,48678.586
137002,8509.717
13154,28941.096
76990,40588.105
132726,9323.143
128307,1771.3326
62300,43808.566
128265,48713.035
80719,41273.15
69775,33155.84
127166,22900.45
128374,4992.8857
56131,8078.1167
122232,4169.059
137270,26572.943
95590,7560.171
23543,87850.2
148953,6601.962
76362,12134.114
135518,22200.473
110753,26987.46
14798,5914.9854
53147,19793.096
42526,134964.45
140576,93721.48
107549,206490.06
52634,4940.459
63361,51781.984
11364,86129.34
66356,4567.769
7161,11410.6455
107482,30303.568
125830,5666.1763
30849,11899.408
59011,43197.3
52843,7534.9556
64166,2538.068
102904,28425.96
88557,28566.086
78100,39776.824
65796,-1842.6285
117920,16611.916
133255,13175.467
71564,84336.12
40500,5817.86
45687,21059.838
122428,16513.514
119444,2560.6885
124360,38060.844
72473,30627.893
25025,9705.229
82498,38474.645
72539,11571.395
54442,9732.859
146482,419.1305
40146,6329.359
50708,74113.36
37759,74533.61
68717,4373.7266
112797,8638.904
39141,11473.331
135012,3833.647
4363,55347.44
131406,12147.3955
143951,37106.523
77380,36248.062
22335,72245.336
101000,10610.476
128819,19156.684
146767,11935.178
318,28170.605
82295,20080.684
103285,68911.87
116578,18336.5
141367,69310.08
38736,47522.848
1936,5961.7705
99305,57308.79
104755,68479.945
31522,21442.55
133112,-275.60376
94363,6431.4727
31012,54606.773
145749,57242.816
8721,2751.6816
139958,3975.5435
116183,41138.97
96882,9250.428
80891,4850.0396
80037,27401.023
49584,28944.373
135305,48805.156
44026,28254.873
131972,32222.887
94737,7723.2446
56677,289649.78
148463,14056.413
86730,22709.682
110553,16402.744
62601,14817.286
62075,6563.2183
93824,13312.927
61739,58730.926
48048,62990.543
104174,9124.036
113833,121879.36
71444,28503.523
13227,12728.996
52814,45334.168
10950,21920.857
114721,58777.918
82590,121348.52
116627,4872.0083
51002,14231.528
42341,33914.906
22688,9714.385
92058,79370.02
117481,75692.62
71977,6917.4155
22277,835.048
113475,3679.359
142769,2451.7778
67213,70962.99
54995,4783.239
142293,9908.682
142136,45760.414
13970,37482.92
77809,23401.305
85268,10769.366
5792,12505.232
126756,174198.28
119822,18829.857
58272,2721.4688
25583,24304.492
109627,45471.68
25868,4137.175
73961,907.33026
67992,5510.928
26865,40487.03
123504,990.3647
111161,10612.312
42675,40315.516
65081,59180.043
1548,12904.336
103046,59164.39
60662,16186.364
145119,17914.97
91282,27105.527
103470,10299.57
105809,3258.113
143718,33567.47
61471,74019.92
30697,48193.645
85153,71914.79
145975,4494.5586
46656,41365.633
50753,7998.6826
5449,14622.999
124872,69925.29
21268,60066.93
92802,22251.42
147777,49353.59
49763,6654.527
68494,6726.9854
33230,7889.849
136214,40303.637
134447,68242.805
30738,4233.167
96553,6605.381
87426,24258.465
115733,168947.61
55935,64961.99
24811,12167.794
124015,18404.162
119367,61978.92
70598,37938.65
3531,13771.822
126131,3974.6357
6738,6807.9697
130546,1519.6056
23860,18050.158
82118,43369.82
20079,71725.5
108378,17694.86
117240,41133.703
24333,12089.55
38612,6975.8384
109017,9406.926
104604,40265.277
87871,69638.984
27752,6458.9365
124261,32382.473
124638,25595.543
22422,22944.852
106260,40388.5
79844,3121.85
56034,24107.701
146365,526382.3
17059,3199.859
29091,45996.043
88044,3237.5613
68991,4069.0537
34731,24681.668
61495,21025.367
91991,46715.12
81276,7108.9663
34149,52001.195
99033,34464.547
88102,219109.73
114564,20960.348
65359,9703.479
133954,210149.4
61705,65771.86
1495,101834.31
57049,39522.492
28935,34822.13
65548,7051.4697
125589,3735.1519
147338,4890.933
107966,9647.071
76360,4938.9434
92268,7301.8784
148048,68443.164
84929,23810.932
24244,18341.732
9226,45500.74
121815,4129.202
137027,57679.855
148474,17673.094
145736,18113.814
58818,1315.363
13255,15031.74
140754,2547.3376
71079,18630.826
103520,10251.49
48288,7027.667
14122,7964.295
96639,3986.3125
84958,109542.48
12026,15718.541
117342,17322.95
31318,25197.977
73924,69637.59
133202,36663.21
125314,41905.387
10513,91504.05
50822,5319.4634
41149,3019.108
4913,43309.33
69570,26973.424
137642,8180.377
112341,21590.438
45552,98123.91
23454,93317.96
58309,48327.8
56666,147975.05
11297,3884.919
27490,2812.4634
104834,20400.107
69781,103386.3
9346,22733.598
64692,53159.062
66191,6139.0703
91971,19601.959
17181,20853.318
41178,62316.02
29814,26954.809
63502,6109.961
88154,6704.6045
41633,9344.617
139517,36462.062
71375,9985.765
149103,15095.548
67706,26435.033
54625,17175.164
118987,19054.234
52144,48412.527
51401,51171.305
145746,11716.027
60736,22263.18
90456,16944.787
103077,6692.571
66281,9385.9
15427,29074.76
4941,50660.156
61308,26377.05
82984,15599.84
52278,13928.696
35134,109784.63
132493,42108.926
14599,12599.024
71190,28495.785
111647,72008.51
69097,22324.842
56182,12872.627
136938,7596.812
3297,1416.8635
76159,26587.582
140579,12329.6045
54546,23640.812
112551,57916.215
39126,14268.538
123090,2965.1365
70189,17565.492
65831,49256.223
70280,10541.008
69937,29724.604
142103,51515.69
67145,64733.516
109673,191779.77
139942,31084.12
486,11385.496
73341,194282.6
52152,6592.476
101323,7205.8604
86613,10821.99
37120,4958.491
65019,36582.6
40436,55332.723
125292,4069.0264
71537,6095.2324
68241,21576.225
141363,44703.04
126760,8308.44
15946,8991.817
40327,5523.007
91357,1034.7289
148186,28585.402
143155,10515.825
130778,9689.576
118809,19781.832
15561,114085.9
4050,28068.719
99917,26189.758
11469,38040.668
93386,18224.125
139326,49785.348
33321,9103.848
79457,51518.086
41301,192536.98
87762,10506.822
124554,76150.625
130401,120821.4
119384,159013.08
36869,70965.55
35706,70414.81
98893,3014.9092
38070,5029.9595
2245,131019.89
126910,95205.484
128917,10543.764
147830,6752.693
136104,21109.809
4776,89388.33
27967,2393.2612
77043,3328.025
16269,52460.957
32486,4612.9214
38767,13494.331
121558,8367.637
105595,14119.645
57220,2050.1765
113917,13790.573
100363,16803.113
146209,44617.402
6457,38627.29
8596,16426.516
62790,18194.04
125946,8977.126
50782,8061.6587
115689,13073.919
109174,1223.1733
80154,24927.266
69690,15665.651
41235,31627.996
140248,15671.287
140958,9124.84
96384,26862.236
55947,37691.23
149505,94170.47
31780,10264.285
4516,19300.336
75268,17716.906
116488,153866.38
113684,31515.992
39982,41589.156
90415,46993.63
21614,7444.373
70483,41025.85
85555,5293.792
50682,10491.2705
136362,8414.907
21045,51813.57
95519,260438.14
146151,93440.17
1504,61147.418
66622,75504.88
120922,49869.855
89045,17908.607
99638,18589.648
25553,15664.551
88101,14331.541
59182,4994.601
109460,12309.432
39041,8643.193
49294,23931.203
89302,47223.066
78746,69007.86
144235,48341.51
5144,2569.0063
6817,41415.883
102633,80987.19
49003,16845.893
77596,14032.506
120005,22726.527
70776,6038.261
140569,181722.47
121690,51590.49
26209,89595.086
38185,6650.048
106707,8223.921
85657,7640.7036
48873,14656.485
82049,32413.781
40892,9095.821
84578,11530.044
2809,6338.367
121211,535.6294
112789,15446.425
131631,7144.9756
126071,87177.266
125978,9629.738
9125,6058.891
35795,91097.49
144960,9234.154
80338,10370.13
59652,26385.744
50551,12381.894
95076,12221.765
39819,10428.617
29695,88932.03
108593,32053.2
133971,20363.23
51658,16081.654
15343,8549.914
118843,51537.895
12357,2315.1777
117194,50362.742
65186,4551.6123
93959,7685.069
108451,3179.842
23937,7716.6646
126845,82462.92
79605,6995.4707
79011,11221.324
128363,101428.22
29740,58731.76
69704,72687.77
32925,8376.921
24577,2098.574
27562,20757.408
122111,1993.009
37101,4541.8604
5832,16648.893
102162,151917.1
19804,68070.82
99335,30555.322
31768,6366.12
13494,8038.9307
134687,73575.5
41590,60356.934
90258,5262.0044
125081,19818.81
82043,21730.12
56917,4681.666
110299,17830.502
46421,1513.7183
37094,27603.123
3934,40417.36
68029,8080.4653
52236,101623.47
64914,6839.447
88722,4985.3438
4206,9894.38
38407,58152.805
88381,10034.426
53503,4650.61
131530,28694.195
118980,111078.164
126968,9701.644
61363,8834.922
14877,176963.8
142891,53841.22
11196,57995.65
76446,102274.55
104009,342429.84
58700,346807.75
58101,2242.2883
104089,3847.4812
13445,19495.31
7740,6770.1953
24850,21330.361
42721,6881.471
106004,45247.906
126177,7594.523
94968,3658.616
9134,12997.424
128658,8437.987
2179,16223.738
39587,56166.02
76909,-177.83864
114115,3539.3264
17493,122286.695
68635,33993.8
125990,7364.7715
114206,35272.785
30865,6885.2183
137842,16447.104
107385,84366.8
66566,21084.975
16295,30156.723
63774,47936.598
61411,58491.746
128748,109693.805
49066,147975.08
53269,6029.415
115478,87479.24
22952,28378.389
117670,10681.437
33990,93707.664
55586,4790.383
78808,36064.14
139838,15056.629
86484,12690.827
67302,65010.117
75408,20144.387
6414,12265.958
48230,14298.109
130678,36935.11
143460,34026.137
112375,10147.063
125703,6980.166
79136,123488.03
113201,9001.997
142988,36961.64
60748,67137.766
45809,16240.812
60530,2976.1577
71583,26402.477
111207,13886.496
88463,67471.38
108414,91524.53
109066,202864.97
41322,23042.178
75234,97361.195
114944,92716.01
42317,12034.18
3526,61342.95
13584,24376.781
64111,5679.0254
122515,5927.824
119886,32353.744
26593,65757.57
127582,12329.328
146400,1881.2408
130718,5946.5244
112596,71440.76
59124,6698.5034
10440,40648.688
125070,68500.33
91518,15148.5
10248,189345.19
38860,20750.46
9228,72218.766
26966,24571.324
125351,80406.16
72738,8823.975
143137,39718.652
32249,2645.6306
143728,39360.52
104192,1520.8364
34025,66268.37
128695,2148.8845
128110,5085.4966
37674,102188.36
104277,5294.3516
139183,52723.902
13016,9196.353
136467,2885.1807
20933,56259.043
117076,8771.727
29501,9817.707
45881,190713.17
128801,17243.768
43712,77638.875
107946,3067.5552
9192,104985.625
59112,62538.996
148323,33610.703
88863,101205.51
28252,10470.792
8874,15200.383
18030,6676.958
64810,30883.883
10087,4559.8633
145613,34976.793
86858,19346.92
82196,328500.3
96646,168310.22
31495,9840.483
57695,20002.406
133668,5085.544
325,68385.984
3925,20083.578
73113,25770.24
83693,27818.52
54670,23795.475
18950,22916.479
94612,9876.349
146682,204210.56
145679,107227.3
95578,44820.973
105995,10099.047
128372,53063.113
137675,32070.69
31015,91136.086
54214,4139.778
113334,51242.92
92288,191587.39
55960,15708.208
125088,22342.914
95690,80125.52
91588,110507.625
135190,66154.98
97595,11092.549
145488,41657.008
87262,4302.0127
50256,70732.57
87965,20543.434
79580,16574.434
126594,11333.63
46820,27670.264
111898,17956.885
31634,164652.27
126950,40851.613
57728,7458.4272
133969,60107.664
5660,26587.8
107458,32639.252
62770,11424.8125
21151,14706.436
82370,76945.3
51267,5180.0635
44901,12315.333
57189,69610.17
117691,14712.522
73857,5606.551
18936,41799.508
125893,3454.919
48472,18365.65
38004,18410.273
62721,23965.963
89083,10075.59
124792,51110.434
47360,68010.94
29081,51128.977
35053,7632.3984
122886,313152.72
102024,135235.38
11686,151488.4
117306,14594.863
61170,26021.309
95390,12602.212
82184,82087.26
24605,12314.82
54831,34153.16
56264,52572.81
21394,238821.0
104616,27096.408
140212,2101.4646
80066,12998.921
106509,46626.703
62920,33059.57
96823,4870.545
12230,2299.3132
13447,16751.666
104662,3153.157
78945,67139.17
17114,18944.451
80820,159412.14
71298,24564.578
59847,74783.6
4714,38800.234
97795,23272.37
29258,4327.806
30579,43190.707
32552,3427.5242
140311,1768.7052
112392,32717.15
98265,556.7357
101618,38362.06
20770,38521.24
41398,109593.97
36834,7410.217
69817,22005.312
8083,81021.414
1710,4832.7524
47824,54040.723
120683,31670.818
45020,1854.8652
124442,6681.566
110836,2022.9668
100118,1578.043
120901,5958.725
22626,3284.5898
31352,27960.146
10506,13310.345
22947,24196.053
50809,32210.303
72964,10067.434
6047,146540.22
144226,17928.012
9120,9880.917
122095,32067.887
11425,6719.021
81804,29576.066
102182,36564.094
69928,31642.008
48352,77810.07
132638,8923.512
23582,256138.39
70443,2745.4717
103073,16514.977
39248,569643.6
56905,1959.2196
115016,35500.598
114273,-548.3947
57477,211218.64
30146,9044.414
110560,62661.684
23055,325780.44
86428,5817.722
57998,1818.0623
111187,9435.446
103183,4609.8857
95654,27500.2
9599,9718.817
48486,15522.357
75466,6904.127
105698,48070.023
81889,52730.082
60917,122326.74
43876,1457.7983
128339,34415.277
17715,9100.328
54336,4244.621
36843,4580.6387
20879,10836.299
145304,8400.475
137402,8241.216
87848,37438.57
58023,14526.868
66737,21575.918
32053,10957.969
85578,12709.834
79174,11296.078
28678,6462.1807
99599,4717.536
41001,57380.4
59797,4407.398
42285,89643.79
117228,39308.742
115330,36055.973
61269,6908.255
58613,47767.56
32988,3402.4502
28139,42510.473
77744,21679.467
21494,2611.943
34364,42746.4
6591,9561.263
80135,35368.973
98837,55817.47
102507,7045.419
115424,45433.562
96554,29647.916
145697,91130.09
35911,46526.4
83996,5457.225
117503,223156.12
33982,20566.533
79092,55383.7
144251,3124.3726
93260,5668.1826
35303,26255.006
82509,21198.787
58995,86466.93
72287,16250.734
18272,6933.048
26521,48422.812
102698,6041.693
7647,63059.918
124199,4759.649
49727,13670.868
85561,20024.61
99030,28201.686
129278,25670.342
3456,75326.82
64843,1694.0907
22704,16888.78
60539,11803.318
17137,21678.678
38535,6560.041
15998,4558.2876
96043,10882.849
104329,15204.171
88810,14515.57
75006,1624.3867
119771,10132.473
92037,14680.827
81716,13259.867
120523,207030.95
59680,95127.945
23814,2597.9692
65247,41058.332
74835,11057.342
127762,60012.39
41392,84799.78
44213,14573.542
19785,7978.9346
37477,108707.83
126215,29021.344
75145,28163.102
55,16810.336
23263,76587.25
137971,9353.109
71026,18254.912
31690,22344.172
144840,11076.479
64650,44451.3
84892,82878.94
41583,11023.599
1231,947.7711
112784,1933.8622
143133,153819.48
26527,5912.1655
123950,8736.35
141624,56272.848
117902,46699.227
90396,6039.612
105007,468573.38
84202,44775.625
41068,6124.942
65066,8192.621
47917,28819.926
69515,130064.66
68252,39432.49
135882,3499.089
97554,18381.56
143459,36777.418
93743,46650.344
95086,48101.934
7534,83206.805
77907,1654.2501
99207,60689.176
70242,10416.422
110373,5714.975
128585,27586.42
21182,63465.58
130781,200573.27
83317,19544.508
138920,20747.646
55814,17752.186
14553,1218.0167
141898,9153.479
140111,93195.336
92842,82125.33
57047,43148.176
40429,2696.2854
55179,10034.231
55983,30563.447
20267,43619.66
83430,92001.56
28017,189592.6
123353,61889.277
58365,56048.215
82500,37752.73
122362,14477.666
65045,14915.463
64540,18059.744
108742,34304.58
105354,130601.28
128169,17604.555
12440,58048.707
60803,12130.271
71522,31596.229
129903,27432.406
128344,7032.0327
49468,9417.992
68738,156579.89
121275,26828.43
118680,18132.176
6224,10220.399
112700,7181.0723
136212,7583.321
107613,20397.982
15140,43747.516
100674,27557.518
35612,4088.6772
130934,40924.477
141546,246626.6
11167,3394.9646
71515,5336.454
85286,6077.802
78880,53998.234
96515,53240.4
74827,343.27545
20380,3020.293
7808,108495.02
22022,13018.26
2126,43254.49
126272,15109.21
99865,32777.906
13878,5262.339
132312,14776.34
87118,33546.46
48272,23814.078
115263,3272.669
8076,26716.635
77874,26485.666
25874,4952.325
135592,4656.061
124403,198507.12
149490,9561.733
101973,67792.91
77473,68195.875
128766,39067.582
114840,21981.578
95788,1865.925
73465,7292.834
104814,8193.708
51171,5065.392
94915,12324.629
138706,90307.32
112540,43527.562
22843,7774.1367
112671,112322.51
124969,98454.29
121107,38699.766
10438,14113.416
75104,60990.75
51386,51077.113
93660,115997.53
81926,88160.94
124665,64100.383
64320,10172.311
18093,8310.626
31605,39882.582
143116,4279.859
1244,97363.32
72846,9424.809
59880,3103.3313
51690,52249.55
116900,92011.26
141680,58478.81
70337,57261.24
95865,172067.77
34107,23758.252
84529,1513.5459
80494,188817.58
11865,26132.025
35130,6195.9277
117761,70850.0
53733,8149.256
91163,10224.304
87152,26211.467
23618,205664.4
104248,10199.7295
116051,31718.852
101232,104177.695
89644,28207.691
81744,25080.25
56090,29818.674
57833,103337.16
20875,18841.396
148815,39482.38
87438,45086.293
67075,158311.66
15189,29556.27
43189,4419.2476
36496,8830.19
135426,165926.08
66277,41271.97
50030,20997.885
149962,16743.715
87457,7368.0776
110268,8126.8467
149259,10278.425
60111,45202.938
46977,99291.19
30503,36935.438
146357,1360.398
113621,12634.024
143958,9200.208
17913,10045.746
71081,94514.12
36130,82102.516
86378,7071.941
48235,46579.242
101785,80931.35
32994,1556.332
41912,21683.162
20758,3780.2588
46641,1120.7054
97512,4904.1445
75142,4547.573
6089,23327.982
2915,25818.38
112360,9798.987
65103,881.8228
11936,7932.491
59872,99787.26
68204,29508.318
91407,42627.316
80896,46080.062
58269,62320.613
47142,158012.9
139385,3484.712
127247,27529.72
143075,26077.195
66645,7684.4126
135237,23062.01
108815,8752.048
146974,9225.78
102367,24540.328
76778,9436.077
141762,88657.06
111947,10983.679
121893,78366.49
46982,31190.365
103610,19496.244
66410,22826.387
34744,8628.522
73342,103779.2
109402,1922.5474
57516,10713.887
679,23853.648
58360,39844.027
132755,41731.41
88795,17823.06
139593,28559.402
141556,3321.7634
116283,4784.1333
10834,7489.464
56429,10133.552
113472,7248.823
90064,13318.676
134023,24367.877
127334,7793.274
25953,125939.26
121394,19880.398
133354,3806.0554
108001,37282.594
4158,10558.3545
57114,36556.234
6240,45881.266
16292,22672.307
144319,41095.69
17661,63472.023
80633,12622.521
78855,8181.849
100704,36799.3
71905,22962.209
72971,68631.94
37658,9487.326
76531,50060.94
736,57182.082
44471,52850.617
12953,59107.42
5476,87947.28
147244,1105.1892
13496,49889.285
23072,43842.402
86203,66315.805
92342,31440.826
140557,153206.44
20331,13376.061
142283,21573.602
140761,20185.664
124534,93976.734
123238,18901.312
103501,17649.035
18906,4153.799
143525,47788.414
29804,54617.93
114183,80406.266
77715,30209.85
98639,27243.133
93134,40122.855
45747,58002.617
73442,17500.197
114076,8382.024
47784,75831.81
132576,1601.8386
82228,55059.016
139447,17392.902
72063,27841.322
19584,12576.004
93576,32918.97
50813,6353.506
82906,97417.38
49039,7638.5986
21309,13005.561
145892,12091.692
30155,13032.009
131614,2429.9177
146011,5975.745
96995,15916.419
35960,51108.695
87355,6349.059
87469,43933.805
149821,7256.1743
33324,23593.008
110365,44103.914
133339,23696.928
99470,35904.74
64517,12354.625
29282,37177.793
140350,3378.3008
78138,19980.977
58450,111440.27
60162,11513.783
26154,6217.3823
81989,8211.068
3589,8025.638
24518,10962.709
12293,22687.988
130179,89444.44
77592,4342.487
141676,-471.6741
35800,14628.757
141459,2365.5613
8173,10115.707
43326,1221.8274
120279,32579.6
120319,7733.962
14315,43524.91
8292,66334.484
106908,16363.963
137837,19221.602
123350,47195.8
72346,13760.887
12654,8133.9893
92691,13555.151
147215,12458.292
20300,10473.972
86862,5954.293
42339,15752.985
44445,1282.5533
47419,12572.833
136968,3224.0598
76828,80649.805
43599,9474.154
69871,5339.309
75312,9200.1455
29841,8166.944
131127,31597.967
94775,9586.29
1281,34125.492
126052,150794.16
63289,11181.911
119277,17449.89
98001,30831.936
47506,15641.76
68102,5227.651
149165,10671.728
124803,13790.976
58780,19916.746
62772,6905.7363
53644,7215.698
86460,24468.812
141420,106165.28
61326,56367.67
148191,14072.389
22006,2045.0527
103085,43206.535
15911,11622.994
43364,23724.502
34527,24275.693
147748,60385.656
18914,69096.055
70019,6829.3335
56375,15282.661
40634,1475.1493
60203,11355.973
56179,57969.496
82940,3207.4268
25828,4582.424
89693,11545.294
133556,108672.76
100368,50857.832
17096,14242.689
111657,5163.5444
29098,64785.793
82990,89819.01
40991,18610.021
50578,35877.066
51654,32116.203
31077,106836.67
82742,9481.544
129827,22782.55
145422,12015.581
32912,43528.055
81655,7584.459
33070,19113.092
16559,-267.30045
70224,34973.703
80222,25062.088
49258,6364.815
38685,41041.418
44261,1950.8481
95424,12263.314
145933,7748.4165
49567,1960.1731
9864,18705.781
42301,3178.9983
145938,9655.6
27767,128173.81
114111,13555.613
56387,176926.8
128116,18197.102
120801,26411.143
24294,44237.074
146353,22460.883
49601,47172.69
50882,11200.898
130911,8366.822
95045,53321.25
129379,6796.8604
22156,37287.47
9962,209393.5
79975,33741.832
102276,30951.55
110058,13147.867
30962,2039.5404
30044,1496.3171
52049,61142.895
128453,17332.662
93797,19037.043
45272,2816.399
13424,20448.229
102677,29542.473
101364,58717.71
34611,21786.916
118016,3732.4766
34173,827.05994
139770,37584.86
65470,5088.095
101861,8466.036
55525,4932.747
123326,27535.203
23282,14509.878
135679,84909.734
3535,139570.47
71234,5270.711
63636,5918.985
133195,45444.375
4233,38431.22
111212,18683.594
107858,4299.974
59321,92930.195
42483,39081.91
126521,93922.92
132580,9936.237
146227,10770.76
62117,7895.745
78913,26211.73
99156,19354.543
107598,1047.5594
82059,61478.07
40156,5515.044
48360,19709.182
118667,41816.164
30098,8044.3955
98492,37393.133
24985,82447.445
94548,18463.24
149231,98649.91
110221,24687.322
42190,46193.03
135607,35116.496
51826,50570.54
49135,1827.6505
132641,214844.36
88988,42455.562
139530,91205.15
127060,36715.234
10486,69888.59
78886,27119.39
7806,117705.555
36875,42743.96
59026,11430.737
136396,163612.78
94208,22911.352
74165,95018.234
136903,98801.93
122955,59568.504
133245,13343.723
115908,11190.486
90771,7199.2637
34761,4199.706
51460,16892.527
103181,4762.2783
132254,42624.547
122131,42221.176
69464,10406.548
107763,79074.34
43807,5691.2393
132368,59276.457
86423,22005.055
106467,16001.903
70297,466361.56
21538,4900.962
95180,20295.324
144899,38158.574
146550,59327.85
4020,19619.018
68604,82000.62
36769,62529.215
46633,13878.199
46416,32278.191
22934,10634.365
15871,23226.732
140417,5610.8447
64849,115168.28
105861,33405.13
70807,9769.398
122442,9159.38
52404,4705.726
7787,19032.53
132795,14330.313
125904,2931.6309
139486,43640.28
145876,10524.513
64558,8595.368
40226,48938.72
126239,96135.59
133223,5254.3306
92246,2051.1653
107863,61111.867
82724,16425.314
3377,18145.197
42052,20437.775
144927,103201.69
83909,44047.71
33536,8550.2295
77050,7841.655
84099,135285.62
72200,5458.742
85963,3384.5364
95760,3219.7915
106040,18103.844
83801,12774.746
45935,10246.89
91727,41330.75
124118,58149.867
43553,14636.313
40415,5984.5293
74217,18913.447
148199,10794.899
54150,6765.709
113733,19756.367
60654,127776.98
10724,8873.636
34477,16250.911
47582,5469.7886
142859,18187.314
58052,64379.836
44528,492.57568
78157,129768.08
113251,47443.234
73915,4244.7876
93152,8222.314
129860,22564.242
99614,5242.526
12690,7046.2085
15470,2055.9172
62027,11668.089
88386,156343.05
120675,34574.95
38694,16244.949
146726,14850.448
133847,20291.648
77900,3767.012
115209,41845.41
28013,19619.133
19850,20686.379
114380,10397.64
34202,8955.6455
78222,45806.27
45448,3805.5193
105287,27140.521
28605,13138.92
24050,21810.64
7801,54904.844
48838,60861.168
108282,18240.008
21114,11560.89
98278,7713.681
19264,55458.242
121485,21230.434
28428,6613.066
85624,44056.402
126750,29788.6
142827,109600.77
139668,15973.922
30940,3810.4858
78827,21491.307
31994,7349.689
52082,29281.338
108487,177387.38
77118,2116.7617
1185,60720.76
101664,21401.523
124746,96867.31
133066,7206.4624
45044,9296.602
116843,2405.732
23884,4980.101
126550,26958.768
119920,18540.78
61396,228424.83
82626,9499.523
28312,37221.195
149050,16136.314
107275,53403.17
47067,4348.228
29416,48134.074
137923,11361.346
126338,31512.346
112263,195447.31
16107,280246.4
82607,16657.951
102011,67726.305
103381,64489.23
34383,13811.304
119923,148585.81
31941,9983.266
54677,27496.2
31617,90780.78
70327,37278.36
114638,11678.276
8477,4485.4917
132914,15243.807
89859,10551.589
146328,13014.427
26305,10389.926
21417,7666.573
17830,115354.89
79891,52461.902
30429,43036.28
54606,7926.6113
7660,21187.047
147653,82251.414
37916,2807.605
58434,35865.965
100315,25113.379
32174,59466.39
80189,1076.1628
123069,7786.098
99637,26907.334
65443,40619.676
16770,11531.241
136280,44971.93
79849,75973.664
54816,8333.8955
60167,25139.078
117959,150614.27
111688,54974.56
127200,16061.869
106852,9415.995
78937,23155.686
107286,43434.4
19455,8272.138
50616,25518.635
50025,3512.0635
54835,6108.4097
2604,3814.1758
104959,34279.17
100293,10763.361
50069,8030.38
45765,21367.94
33464,17931.451
5010,11549.594
85869,6892.0215
25560,43305.9
79972,165244.97
106209,39851.25
27084,33189.54
144423,23059.807
66681,5530.127
130247,106065.72
145577,6708.895
36051,15578.65
7786,3720.1003
109812,37259.5
146320,74361.02
145356,6611.3696
105638,19423.348
104145,12393.465
115677,4982.635
7820,2242.9543
85817,5189.2856
13995,223132.92
115004,47871.33
52790,14305.719
111493,9458.803
85822,21680.463
28425,90087.47
56102,45106.28
35703,62757.477
126262,24674.205
84955,8642.6875
33608,58778.168
59785,88902.44
130228,74721.47
71838,63546.81
73764,3623.064
5772,95664.836
74616,23136.855
39274,29135.371
130912,4405.1577
32960,22431.008
22291,15074.266
135810,146933.48
28200,12289.406
41405,11669.37
73009,6537.361
129230,10942.829
139943,24045.31
49944,17750.898
90048,686.0318
79599,9323.839
10987,5723.6123
105300,84254.06
132123,14746.713
31870,32392.771
148871,5826.636
18201,16316.137
76132,54051.55
6563,6736.516
123615,26581.799
149206,42953.387
121000,137808.69
23904,3822.88
92002,18439.783
140601,55181.742
3704,47212.93
101671,87259.73
50239,23143.654
31025,55746.203
3750,34392.13
12258,2686.425
47408,3461.0723
15275,99727.49
30266,4326.9985
15702,15497.34
110061,10653.35
58549,14748.997
104848,40585.81
1051,78404.89
149497,23675.9
117673,26565.889
17957,63875.63
15570,10894.825
91913,24099.98
125280,22432.723
110937,22610.479
56733,25939.781
142072,7772.598
128358,3142.8533
48110,21792.246
40177,12477.129
12024,24923.209
79873,14911.562
35565,5402.3164
79755,6293.7314
59126,102447.39
79038,214391.73
105196,131547.3
54895,24845.625
91446,8229.925
146948,73640.65
100667,100139.234
69003,53007.426
116081,7694.7935
57988,23103.438
147629,2012.2644
92031,10213.07
32817,3255.0237
2586,17260.027
142698,14072.785
149959,109451.11
59228,138347.44
32879,7146.937
91803,14764.612
39299,3937.1396
112949,17516.61
47437,900.07556
136742,42025.87
17395,8084.386
103171,6041.487
24171,83280.086
65800,76008.35
132406,61895.293
114710,6392.642
110261,10839.826
71634,14022.402
55376,3099.5325
146757,270217.7
117055,29493.4
36287,64193.68
118905,1962.1678
126916,13911.098
16735,18492.033
19121,128701.27
129617,11723.026
126041,38942.816
24169,108561.76
5196,28288.162
43146,160740.14
74924,4505.388
43829,44684.85
28750,20281.268
2401,4503.99
129324,18446.768
70796,5419.2373
114263,1454.8672
14540,7823.2188
106604,156402.19
147921,10066.921
20557,2941.351
65142,19955.783
117619,32326.578
124443,17813.12
20039,91077.46
85988,19398.945
119092,110878.914
27152,40869.117
31618,5856.744
71387,24519.697
85087,107181.81
61860,42601.707
115337,4200.0586
77508,5976.1064
100512,13786.107
38098,8108.0156
43313,28228.445
146549,8287.097
79398,52410.16
105047,5737.8965
87676,9969.696
144635,67226.38
49658,6968.581
29307,219714.28
59022,15219.913
60760,26712.396
104590,16127.036
97329,656.6001
129616,54920.5
134440,3418.9045
97446,30934.027
15572,19632.133
2579,15849.016
117721,57183.6
4988,78426.12
38708,20127.826
147904,5352.085
79752,200550.02
146170,7556.6084
18035,77091.0
143256,4694.9775
128740,36459.535
987,51808.773
95564,9910.873
102497,64914.582
119883,166216.05
133305,11898.44
124045,3989.0674
36682,6339.569
103081,270956.44
124401,80471.55
149851,4779.5947
122120,7455.9424
60896,163207.44
110821,136840.98
31277,17158.965
68750,186001.08
108290,45396.188
125942,25472.379
13548,3044.2217
16674,68190.195
122729,44878.332
32213,55163.0
149361,20852.723
92649,19851.955
70228,4450.9497
2438,14116.614
131970,32875.758
47556,73797.47
143359,20004.396
101899,8743.172
127449,61249.473
91286,8003.5684
43893,68188.45
34436,66672.17
120426,3723.8809
71684,8582.706
112939,24058.34
57594,34516.066
35629,6674.9956
137292,4858.017
121931,94772.52
67410,11813.014
127020,3928.6174
122781,4504.183
14894,34248.434
69983,21830.17
36519,10056.514
112543,2662.208
39908,10970.718
127608,27100.922
124693,166864.34
116922,26384.293
77348,62189.39
140834,36995.33
77707,11341.397
52072,25513.576
144825,109869.24
127367,12780.657
142943,13431.67
130714,52196.94
91299,4774.519
141480,1056.8755
7483,104932.57
51596,58772.734
117280,46169.438
132327,14247.213
71413,17085.957
136914,7975.46
90558,89288.08
69826,24153.824
8344,2623.3533
115758,11815.52
90496,4750.416
12801,3464.5007
105882,9248.299
115625,104027.64
133773,91242.28
118527,11429.443
29639,3348.592
114618,20123.105
111398,6165.911
83269,45059.543
144286,88301.03
104518,17135.084
3037,71795.76
135627,69280.125
45263,10449.6045
111453,26839.643
82585,42980.21
145343,14283.8125
93424,147526.95
86355,24187.791
45287,14030.54
76268,11082.829
18566,5640.1045
64773,17356.195
98155,286567.44
16536,22157.303
36462,1814.7278
28088,6930.5913
138611,17650.826
95468,44224.04
10340,104667.09
39305,16488.97
61966,146855.88
50853,14645.94
50876,29738.53
109428,198552.33
29917,13934.857
36591,11009.36
104726,9799.299
52522,5746.11
119768,25133.396
48735,29053.604
129885,10443.567
112964,56047.848
29658,62373.15
81741,8620.879
144492,35974.08
97505,18781.303
56484,22015.271
142822,19535.85
39077,38066.953
61423,11504.911
46557,25529.383
128977,128273.836
31745,2689.0789
25626,114337.77
90056,28491.81
78550,6153.0215
104630,172745.78
50575,32202.158
26436,120615.55
134369,6691.9805
59019,13148.626
141352,10848.825
44769,5080.442
95058,42489.293
61980,379017.53
1160,92703.72
79081,10893.884
17993,72632.055
21751,120196.1
45411,19256.293
39297,38314.85
91029,77362.6
75626,73701.086
82418,41285.51
36557,33784.55
127441,222328.1
51834,38950.668
74905,56792.797
14112,28582.29
126851,59528.113
116810,43059.777
5206,10566.704
82069,15047.697
4903,13805.429
35630,84161.58
66465,46659.008
100628,25231.227
14417,23663.154
132061,32580.541
119977,10691.554
51769,303151.0
99772,31665.521
5676,1277.7745
81429,20019.836
76023,3760.6228
135956,71842.52
30383,49500.402
102778,46500.508
24746,38786.473
76190,62948.668
57654,7725.55
81751,16265.782
13040,2802.8184
83044,8413.2295
55787,25528.635
57860,32056.938
13090,46539.434
18080,6071.3896
144720,163787.66
127156,8714.869
93304,10035.309
61434,14204.732
98888,2544.5574
125388,9944.478
45834,20874.451
116073,62067.684
147604,35752.746
15755,9373.393
138196,15321.838
80373,1730.3265
59376,7126.4775
5717,116995.54
90734,133858.6
89541,58724.746
28845,467657.28
113700,6985.272
75024,3764.6348
64090,10356.349
22744,96828.98
6951,6536.431
11393,6790.9556
133092,54568.875
14070,3046.752
94285,146097.55
64800,22969.846
63747,2250.7798
96754,27420.727
52443,71196.234
83326,29842.13
32736,4126.1714
38491,7622.1562
122527,-1282.7092
19446,120906.195
114821,20764.984
123843,20122.637
89227,79852.78
116536,4971.639
81063,55185.457
104074,22747.506
15655,41898.992
12079,30568.67
13516,30994.623
54936,6203.631
110581,5543.8315
131718,44639.395
111625,13450.005
99774,4912.3486
145447,62192.117
116047,48763.9
135033,38364.816
56639,12868.7705
67573,18661.244
96930,43597.574
14377,50104.465
102082,93722.586
62814,3159.3096
45879,28756.1
3345,2148.9722
65999,99229.87
135768,115527.664
125923,20554.68
25362,8565.667
127427,1720.3755
149378,99658.99
22484,76436.875
129178,35703.184
75019,7231.068
144798,8391.7295
2700,35798.36
25486,10437.583
125169,22729.986
59276,75783.664
32006,31376.773
120953,23026.361
117622,82306.305
111913,6587.0215
72869,1701.3672
100334,18956.217
46554,31423.168
270,24024.682
60762,6541.6113
56608,8366.76
125549,31609.402
59064,29965.045
92442,47417.754
24654,1665.6608
16312,10187.284
144396,40947.027
75233,158801.53
22792,42364.17
64005,97185.516
69001,45200.89
1652,5186.88
16561,67898.77
132707,6443.2847
115295,45108.625
114648,6230.3545
3434,28856.18
114047,11006.195
8488,17704.51
17459,52461.832
38159,10125.478
49460,8997.976
59845,15257.508
127856,17663.086
48613,16728.875
120691,21273.492
83912,12057.599
9809,105728.56
32762,39167.41
20783,24594.412
41340,135381.95
122897,11267.681
3606,64674.61
10424,118573.99
75558,8331.966
142516,791.8212
61733,72695.13
34519,8211.891
54385,1453.3369
97802,79984.69
70258,14265.066
126339,45049.61
49614,18106.988
88601,26947.377
87038,18113.332
48047,46069.855
73839,12714.385
4987,15893.51
115981,55375.703
85137,11153.27
39763,77889.555
94231,6755.4316
112467,72334.59
54556,26875.58
123060,17719.305
6170,4769.408
114449,35923.633
58124,3811.0806
105653,22897.04
94559,9850.778
125679,47711.336
17834,48272.24
43849,9737.874
135557,7890.3027
95845,39100.875
26699,30589.781
6066,10453.964
31193,157278.55
145890,104944.52
142039,49168.863
102596,4101.132
42130,35891.35
107262,1834.6112
2128,37924.523
27949,139425.7
2725,82360.03
114044,43466.473
50797,42867.918
44429,10284.025
18700,28449.861
6789,14048.532
137815,9695.912
68197,32438.367
93139,86450.83
148133,68001.17
93447,19989.469
100983,66501.2
90685,9934.525
140659,39593.945
29440,31271.967
105205,6895.7417
76067,16125.695
146411,2328.3347
116448,20898.648
112914,78914.91
61614,10990.552
76780,18229.588
110063,52966.29
4043,63994.66
76477,28384.764
32610,8494.946
117491,5929.6426
104177,1307.1118
50302,32266.904
72116,71040.77
67120,58560.66
102652,19570.521
142483,5842.0015
143247,101953.836
105679,13311.0205
46754,116455.04
121020,20076.725
91508,3593.5894
91639,2821.976
63644,20969.082
62202,45234.36
27372,52335.145
13341,17300.355
65421,85431.33
126322,15707.019
78193,30626.36
26412,28089.25
70610,7575.9053
130795,21152.174
81934,29814.533
64721,14502.214
106910,4002.1091
109225,10419.014
111740,87666.36
1806,9448.0
16893,56360.973
51067,43470.84
149774,50028.992
20996,25771.96
41020,8677.655
41537,76913.24
68734,88173.305
118396,12783.884
129574,8536.277
115525,44133.145
132292,9039.286
17016,59393.926
1875,200944.69
57870,8157.262
135298,22126.65
122161,14865.68
60971,40914.723
135577,40208.61
79017,37697.227
93629,19179.375
117237,12949.216
137170,40064.465
66735,192095.48
39528,5402.539
61043,14322.841
95926,14993.733
65638,30949.814
104548,34844.734
113925,63228.63
63401,142371.89
82088,56194.8
141771,18002.758
95153,373294.56
134539,11124.815
89484,84334.25
110321,929.98004
40000,7951.761
120254,9275.121
30450,34721.89
103736,12149.57
14450,12869.311
33198,194797.3
133844,11644.245
18748,87613.43
72161,29277.45
90540,18291.004
40531,21910.883
10561,135487.61
94710,14020.546
61462,32179.127
145289,30087.152
18019,31973.828
10167,41306.457
93598,3423.2122
18332,4039.6162
82752,25078.203
146399,4975.9746
43521,73281.25
27881,102945.8
90611,30383.955
18577,7306.8267
11486,13320.693
145974,170716.7
4024,985.78845
121737,6878.862
111607,1810.9274
129920,3044.63
30953,65794.586
52518,94487.336
33402,24253.555
81733,29439.965
117248,123284.69
85786,50456.38
131265,90037.84
29102,118916.54
119952,4914.284
136501,67299.28
26701,125959.695
132191,84872.4
83198,70534.12
84163,36948.65
85082,20926.32
135469,106224.2
68463,17123.102
49295,25461.81
99248,18369.863
70803,21316.955
50201,1584.5693
85689,14159.067
46425,30585.168
128454,24414.31
136667,22483.852
70663,21173.041
50022,25520.941
78271,12226.453
21886,14399.247
45540,38633.29
76980,2278.374
139433,32342.037
136881,3058.8855
124724,106963.17
35242,44936.395
30496,80596.48
95521,64120.35
43838,13944.535
770,21969.46
108134,8125.263
95375,1894.3701
3230,61721.3
86699,5639.2227
36029,6419.715
55486,35342.766
132803,2256.0808
24638,109028.23
4694,5798.937
15222,131568.47
84733,4860.3955
117933,62010.26
71271,10358.186
112412,7649.1274
61237,15797.246
33371,89655.31
90492,97156.12
81939,58883.64
46470,98907.68
43150,22409.832
110070,-141.12843
97630,14653.629
39290,16827.797
111008,67288.76
102999,5655.403
135685,16012.441
94373,36966.043
47575,54820.402
123966,10886.433
113950,66432.29
42539,5411.611
129318,75028.85
71066,121143.984
46737,16235.897
32957,99456.89
93874,21212.46
85262,10559.087
84907,33084.01
22293,14559.669
149031,12856.499
142274,1966.3241
73936,58798.477
147551,23221.855
52036,76349.6
104527,171818.05
29320,47795.156
140045,49034.875
40594,20617.086
147850,6341.722
80939,6638.1943
149228,76765.2
88543,118339.34
50459,50145.566
90478,38702.258
27997,11037.514
70037,13523.1455
586,10631.823
63422,91756.805
121944,42653.336
61082,49999.27
82041,66375.36
88512,51939.543
120112,41551.273
144145,100557.22
91996,12555.248
89486,14852.718
24769,22212.93
37852,16324.979
61646,19579.707
102294,8535.708
76757,24433.82
19478,10370.313
76645,2615.147
115460,9434.901
55402,70931.79
120046,12193.655
34154,15945.831
27952,501.58273
88042,1405.7794
69546,6671.1616
47488,24271.775
87474,52733.207
73470,39297.395
129213,5295.9326
57039,59581.453
21652,23580.928
133301,29066.467
62471,29553.902
85398,4118.5693
110653,17084.783
66406,50606.586
114182,4202.8716
32633,42573.77
119287,17215.896
121525,56960.664
41687,10567.367
103907,196053.72
69184,4041.891
14345,94021.61
52899,134550.8
104806,22052.285
80673,29539.312
38087,1250.0381
114483,969.74884
129803,20426.94
58424,182065.7
144231,16488.545
18460,6449.9155
62352,145277.16
91922,35549.83
63803,151196.98
106705,19026.295
133032,3399.4507
111682,8268.982
110487,16122.871
43592,2437.128
37793,19065.99
107195,29980.342
88806,46482.492
35962,50459.902
70410,15446.799
98986,6455.5713
119753,34476.082
143087,66769.76
128220,8187.7544
96636,40338.242
127975,42430.434
88787,30613.828
55239,78587.22
145003,27858.34
57190,5896.555
48514,23583.406
148421,106256.01
57395,31472.613
32109,14150.618
135082,44827.8
103468,32563.621
73375,48312.414
47707,40476.67
60658,484.67444
47432,5796.274
37779,17307.38
117068,3693.95
99336,31922.785
47617,4766.2236
14958,6891.564
55820,4953.945
4952,13269.17
113478,93101.09
127558,8905.245
7846,35068.984
49013,129983.77
21195,42418.73
73923,23069.828
102293,16863.477
54957,14407.94
47395,1424.0403
27246,138596.47
48771,5474.647
146902,39380.9
37473,23758.312
3346,33621.004
36879,3477.1848
74342,59679.824
141539,41320.23
60953,41324.543
140186,7860.138
108710,17845.346
59802,115240.97
25110,31588.459
78837,10677.27
6752,6790.0737
30129,23501.775
23212,27429.25
86364,98921.29
26197,65115.625
110607,26739.553
30571,65296.688
91628,37052.215
119669,87859.195
104634,62951.727
136950,6340.1177
50405,5931.3857
90604,56386.188
23268,23479.648
90947,60861.93
96194,3394.6235
20968,13336.047
114352,6032.7007
101395,24659.281
13768,20085.713
78572,1753.904
123281,27376.506
133815,3649.8586
17769,5137.2095
14011,23998.848
112852,40190.754
76915,5308.684
53510,4221.8994
147390,13114.439
482,24729.875
1373,1935.1062
60378,10013.769
22659,64958.47
24303,16671.768
65618,26547.504
106606,16050.307
25500,12253.474
32377,4977.749
124627,28794.395
2418,78826.44
49837,5181.7534
53695,3555.3362
108913,57036.5
93258,11124.449
33532,104076.0
83244,3876.543
6516,7078.6206
36214,80597.38
31383,17172.508
131820,124654.86
72071,6289.3613
123886,42614.0
102343,27458.455
93135,42276.355
107070,44572.39
65637,38087.65
40454,3258.3564
125648,11992.455
103406,1867.067
63790,19407.445
42544,35396.223
6682,10567.827
43791,22278.963
85062,137249.98
41562,96393.8
109112,21193.328
107577,9486.353
16719,4659.547
68274,5032.9434
60617,60557.688
33911,7956.9185
115234,7013.1855
28688,4219.4565
45036,17119.602
35115,84500.01
108795,18949.496
43847,9513.859
130844,37068.863
103509,136713.84
131864,22352.633
138221,100982.875
142259,1548.6089
681,11545.293
144954,5073.4497
30329,29226.014
7033,12676.68
2131,2261.9128
63542,2479.6816
93918,34484.434
5608,3072.5203
105646,3484.6497
57007,14999.188
136230,2021.2144
67162,8422.121
44431,29846.146
53334,14678.421
118832,17574.94
146404,39664.32
49867,50795.93
19481,26112.654
113817,52388.69
7659,50956.297
47849,250516.0
113714,4505.879
85570,36551.473
6829,57117.266
142815,18858.021
148583,12659.282
109369,19114.469
73986,26094.459
45986,12152.757
70930,72973.055
144640,22298.148
82314,166874.67
132371,7518.5635
82893,2957.3203
8632,100275.35
118727,231436.55
81509,5194.766
57779,30655.707
11441,119716.34
24469,9249.853
124008,111052.85
66402,50169.293
106793,53017.79
91416,13862.328
130722,52664.867
44899,9977.955
110932,11422.639
22995,124074.09
139714,14238.62
16918,50031.402
33868,34112.164
65594,54700.344
46659,13788.579
62821,39919.727
133566,5665.1714
66180,87533.95
77821,32927.207
34521,31963.1
96503,64953.51
109893,28578.113
84271,36808.156
96701,2904.0315
105472,66080.53
26610,12167.544
11854,13675.749
119240,60876.316
111557,8578.236
41956,60073.1
114409,4954.673
101755,36971.97
60964,19908.822
65451,4706.395
30591,35268.055
96018,154290.5
147214,7669.702
63381,7466.377
143072,3602.9563
128301,11162.882
1645,131342.95
57940,57092.336
60019,27452.705
62825,96224.05
147685,32454.371
128192,76990.75
39099,53171.195
142165,18361.354
44653,34488.395
56892,4870.449
29286,5296.2954
138553,1959.3044
66354,38351.64
66299,33798.562
131562,172441.25
69965,19236.004
78383,154287.55
90642,15796.4375
106038,13557.175
37970,4257.392
33556,20004.113
53617,8186.268
107209,9631.126
149540,28671.19
54898,2449.1848
142181,79049.18
71642,4441.197
127678,7754.521
25184,11555.285
30694,3250.1794
91802,93420.45
121044,12633.168
21765,60422.773
65527,62461.953
50381,21480.988
34273,236255.03
58616,53549.83
19137,9502.802
99889,39895.8
1352,27245.988
94812,139547.42
28218,28548.959
52347,19236.504
41685,17848.422
97550,31860.941
1953,99206.97
121578,3909.7832
130701,11030.023
73746,47271.645
73783,124070.695
65567,10785.299
128043,32356.902
3950,12622.463
117640,89511.58
63278,43442.555
129294,106923.836
39814,32483.54
43696,45510.414
20650,4467.066
29246,5480.618
12533,41709.68
122904,13481.759
6676,55541.05
23575,11319.766
69407,11541.788
101172,42394.574
112769,14038.202
18497,4314.693
142641,6601.094
57038,6398.772
133058,6593.3174
22200,65246.582
127508,11435.547
73668,46438.16
128527,6468.504
106294,27174.822
96254,8487.1045
18345,8328.962
20472,30266.748
9251,31573.047
30326,24255.074
141386,20386.096
9209,25646.93
85711,91115.17
73716,36517.117
65855,17305.89
24084,14992.68
30167,10909.399
22223,83357.01
68206,31134.305
44360,2429.7754
146356,133372.6
63529,15755.114
48423,44304.402
99952,5989.267
84500,9645.786
11264,26569.123
732,55647.54
16681,45306.504
42146,30691.832
46915,23049.97
90650,100548.305
62087,5570.9673
39919,21884.318
31889,7935.782
110075,14086.051
44159,3318.021
147675,9459.338
127983,19429.344
136954,70370.36
87576,19000.473
833,14393.8955
148166,1147.4421
95324,1528.0667
10785,47439.484
80801,170105.34
143972,2519.0396
16788,11808.213
56972,63528.277
91461,9383.347
83374,1258.3052
136540,9146.972
144938,41772.25
130600,11731.153
15633,12365.686
21859,73894.29
106226,2983.5503
22121,39469.91
117633,33661.836
6083,145179.62
65119,2699.5398
89135,2560.3655
106409,105269.14
39057,5755.414
39084,15202.457
43668,9600.231
6873,5472.4497
113484,85134.57
71005,8030.1987
51504,36314.32
55001,13753.547
90369,15758.486
148319,33284.05
2573,10319.618
66992,8871.151
28129,24395.496
127687,14168.905
61225,11171.906
54795,207094.94
101201,34532.94
4650,61481.17
64390,18150.674
120902,27026.672
85533,54444.887
126646,3136.981
38129,125807.89
17052,189477.92
13959,42500.066
50960,27203.383
60314,199803.62
121359,23589.424
106144,15089.552
15036,32349.682
100810,105725.914
105417,48907.113
29770,37857.97
48394,13393.12
22720,2733.333
129660,4247.4346
128907,11108.734
104631,14767.278
54382,57187.965
114290,10179.18
12185,38705.223
21257,253446.55
105772,6185.266
120114,121282.76
32279,13185.3955
131055,48371.41
88950,2247.4705
40877,424020.94
116767,53908.535
74602,72720.484
2225,36444.902
75011,9206.06
77205,4633.3345
1589,14606.64
66347,16426.893
3637,36391.996
58744,32902.582
53082,30773.111
79089,7398.935
58234,11076.52
64253,188633.5
40592,38704.277
109864,41408.52
104761,27817.82
130814,14307.649
66527,22857.502
27045,137828.03
78406,56580.15
67698,104891.5
49540,32761.78
121053,22697.676
66038,31466.37
1803,31385.31
119493,21405.79
31981,4728.8286
42595,98028.37
127387,196504.53
60580,30954.371
56080,108457.27
9467,74987.51
116019,26578.996
124583,21883.855
62695,1787.0562
85754,156322.34
45693,21644.232
24252,12088.301
141914,27365.908
4977,67328.04
16951,15573.12
106525,94388.85
95139,50876.12
24326,32640.945
117067,16067.992
110507,41966.582
44149,75916.5
43747,30458.762
137289,19359.568
134441,9618.272
103670,25697.533
105284,54342.32
80300,24284.959
100863,12723.673
2448,105967.98
22825,10394.595
146361,36369.496
106982,59944.926
128544,47346.395
147179,34173.164
145212,29262.209
91476,91031.1
136333,2705.764
47530,19621.05
93879,32286.73
71956,16869.01
37572,20244.246
71414,4655.9146
39520,59996.055
73163,65496.55
45578,8436.41
48655,18885.887
95697,25831.459
33258,24027.984
51245,12908.951
105935,34268.77
131412,186352.4
65216,10884.96
104648,8629.578
141854,12024.829
119147,30642.668
122700,16424.494
40362,6840.468
106206,64465.387
145231,11059.899
119160,6568.6797
30282,29999.396
98926,190394.75
71987,43775.402
11826,26045.432
104854,7977.5103
100734,9959.923
98733,98192.664
127932,97924.42
76801,9956.659
40374,48786.41
110015,19849.191
107679,38070.344
25969,16411.857
85280,8905.816
68521,10035.456
38232,35322.297
99189,132873.8
103466,18258.95
132023,22300.006
142970,3592.433
64585,47037.027
23614,9287.3955
124269,16124.781
83210,10628.345
39860,170058.25
95352,31435.896
147327,48607.87
111382,86465.195
91986,1008.2264
40495,17119.875
134116,12562.903
11018,-602.0
60848,1846.6559
55007,6702.9854
125128,52599.246
33665,84421.66
54273,37143.04
78368,43022.367
135604,62341.938
119573,17165.75
105765,18816.412
43412,33087.117
123922,29606.129
47607,22034.443
100612,12358.885
99559,64849.234
76638,82022.32
123131,195550.56
3673,6389.256
146734,3479.0815
21445,130929.57
142168,8111.752
147377,5903.791
68010,6153.0986
27133,11391.601
3832,103214.62
9471,171853.64
100846,5580.884
21092,89174.914
14963,26368.025
27573,3131.439
82482,70160.305
52201,4948.622
108971,22294.379
49322,106440.73
114985,40238.855
129397,32438.184
78036,5633.9507
67438,18462.084
20927,8812.954
105022,3769.3477
71315,1303.6285
113294,4673.489
91542,23116.316
149242,11370.64
30975,17539.545
44319,51900.246
132498,6607.2217
124156,37281.797
138042,14750.177
9147,104869.65
146548,155624.61
57507,9230.807
42333,6164.495
25733,8878.442
148389,29022.775
45857,12675.31
71445,20182.191
92545,109848.26
125997,19255.682
16862,6819.3926
112141,12685.62
52137,31159.115
103234,91334.57
98845,11408.0
13083,23397.639
18584,80092.016
15004,8739.3125
5397,111826.74
137391,58066.83
62756,6243.034
6542,7390.0874
96806,16826.225
126037,18989.082
51553,9255.206
148696,10024.695
81371,47097.547
45993,78855.15
17767,113918.99
84323,98611.46
139171,30326.246
56464,6118.8374
125229,70658.3
111156,10377.132
95870,30616.74
116715,5289.5073
35719,108327.88
10225,101866.14
26397,18073.396
43327,17603.818
43968,120269.57
52670,3094.2292
49815,43099.066
86100,36964.57
11509,2899.3323
103549,26562.107
13944,15203.485
102398,155773.19
144210,3173.356
44293,16760.838
31939,6584.291
148961,3086.6704
51288,24624.559
133739,12033.639
61186,23766.291
6577,21603.963
99339,25966.6
72126,9013.874
19722,3995.438
17141,32900.92
55163,12272.27
4359,11792.601
73047,28371.836
130199,187105.47
5267,37901.906
10025,180715.22
110546,16368.249
100519,7747.654
111176,16631.326
131519,16135.113
56247,5151.55
74757,12959.73
107335,83932.24
130,21724.217
93254,49488.215
99723,3579.2554
40128,58499.594
100158,42281.156
148161,47218.133
117702,2734.3381
115419,5756.982
9878,6807.0903
123676,4201.877
28667,9614.07
81435,2573.332
134044,24007.23
106766,16725.357
99632,47970.11
118791,44667.293
20669,32459.096
80491,5358.1484
38454,8285.75
96557,28897.557
130345,3950.793
48096,219001.61
65487,7945.1724
128479,41428.99
21418,63071.207
46199,28695.271
66152,90316.33
90403,21987.281
60458,61158.785
104683,16363.373
26930,4233.497
105341,89054.49
80061,37463.664
97633,69849.54
86432,4622.4424
13656,8990.451
98350,11535.8125
120516,11701.438
141741,7885.614
61074,14753.666
125633,5882.3164
101070,22736.416
68687,9808.197
140190,6519.0923
36751,34293.773
76394,11101.229
103024,39885.973
8301,28730.938
59840,20408.309
52008,5523.5425
19592,12177.716
115997,167303.31
25746,15923.552
123154,13708.499
57894,5454.97
98015,41422.855
69032,140151.92
56083,21481.295
146107,8726.836
133834,70872.17
46141,22974.941
108305,65344.18
48684,24357.262
6625,28015.016
74343,59.24542
70638,4962.9136
118145,155137.31
68405,100369.5
147883,21920.043
127880,9994.306
87882,17755.705
18287,6930.644
46508,143062.11
118828,131281.66
71405,106611.14
42590,15467.095
52104,372.27222
123328,161023.27
55710,15007.514
99916,2532.2483
79811,52278.01
113649,12256.871
8692,8836.183
83717,5899.09
13552,31296.953
4636,97965.59
90978,79057.65
23023,95725.305
102278,6582.595
60051,48810.63
145689,16717.957
130450,19766.86
92347,13759.944
97539,14210.325
81083,7892.23
38505,19542.312
45896,1392.4794
143961,5860.597
149538,95542.32
13949,115893.61
3753,38728.875
120920,119270.19
123738,9184.9375
104370,21619.953
90598,47886.26
28061,60872.48
136434,1540.7336
51054,52791.14
135430,15914.793
85300,6414.959
116324,1364.9393
69709,3797.1736
108324,9762.541
113081,2399.4197
147083,23678.973
45890,39923.582
25523,165404.28
15564,55756.586
86631,110864.69
111777,34096.465
105564,21341.777
78249,47169.832
60667,3902.663
61158,3564.9875
36711,12043.049
29450,32125.863
25462,8508.442
49227,66508.36
79322,6893.1655
22924,43800.125
63998,8404.561
56984,1813.8727
147496,26068.69
112267,10352.483
26347,14795.23
133389,20858.924
147575,5103.9736
46401,2162.7385
65748,14571.176
97583,230411.31
66338,26963.746
29775,4236.845
76631,24477.361
94482,42561.957
136730,19583.814
9486,57184.855
110765,57175.156
83615,58873.324
42550,199604.88
93765,27040.982
98887,16473.744
99710,85074.24
11349,28573.4
78812,19882.719
103326,22458.865
137103,5541.967
96816,8077.252
145601,60623.438
7225,42856.156
60877,11666.212
118230,106207.67
55307,60407.535
84001,145242.84
7726,16430.12
130422,27373.186
137482,6067.7715
111888,111987.13
133474,134017.12
149865,17628.428
101604,62224.367
115003,32981.734
126383,3143.33
122638,69185.8
91874,29165.049
57208,49789.69
76495,55019.83
50366,48023.527
85314,3644.3877
115700,77031.93
112869,7559.8335
19745,35032.72
30078,1410.1506
97468,81247.59
58952,24163.518
21188,14998.242
20196,26357.705
63847,3655.48
114359,3901.5818
87843,78256.25
60755,9643.251
95994,189726.78
56674,17621.32
61019,131903.52
33089,21073.51
7794,20339.49
121278,12385.239
77906,55307.043
86704,8444.971
5638,23327.729
60309,34149.824
21900,47588.875
58917,3165.9011
88470,19659.361
19389,149717.48
87649,15977.448
105150,119868.11
146233,57306.285
74419,43603.656
53198,35959.21
6366,10405.495
9719,63412.1
59156,10284.912
141127,7083.2354
36521,989.2164
7863,16431.691
80722,9804.946
75940,9860.878
107680,2464.465
2722,22032.24
137432,7154.1577
114428,22386.066
32386,16145.57
7467,1404.7689
72432,20820.104
18975,11219.524
121438,202.06934
105634,7752.67
92935,143500.69
8397,73881.33
23574,6219.6836
136838,7803.7334
9449,1984.1688
110419,668.33
37322,29470.062
55251,51479.32
25445,163710.62
66847,36119.13
104570,9814.555
56022,16496.076
77031,4991.9575
64789,39466.41
23077,66520.85
100231,5625.214
32364,61750.246
117966,11571.259
108800,38793.0
9587,81741.086
95823,18544.9
957,5173.828
146706,67717.88
132828,32121.734
81378,67926.266
90944,48194.438
82070,1852.9711
136139,93739.21
12595,14040.483
40173,9417.798
145953,80216.06
139510,3261.4397
99469,91288.2
45982,74969.766
76171,19184.895
136351,3115.701
73666,168181.89
21091,29617.066
36459,13619.387
105729,10273.054
15260,22701.215
54219,2535.024
102591,136945.78
127670,10653.32
18070,11494.199
145048,7956.6343
106771,8449.49
145996,79092.234
121184,142462.55
5704,79146.15
51066,42636.637
17479,12260.968
81671,80159.75
36166,1165.3259
29799,68996.18
132231,53508.9
55162,48109.16
129526,32269.697
138482,105133.65
122321,3952.9773
43983,3650.9053
50207,10856.71
123152,12666.073
87282,10021.306
45318,22738.473
55080,48271.47
56965,24306.205
40307,12332.363
96424,6115.9106
99028,8965.045
30059,47240.812
126275,44646.227
11541,763.78
103634,49684.266
141006,61853.676
118106,58031.887
111704,79590.125
53176,90675.92
107053,112522.61
51182,4629.272
98621,7267.7466
123755,63736.895
65429,94377.15
8108,4474.436
73266,27022.062
134761,18282.945
140852,66002.984
15482,76263.9
69758,10797.401
121917,7881.213
79392,4648.4326
142329,10953.711
26484,25839.379
31826,120900.14
19333,26189.434
50559,4039.1394
90782,8973.837
131778,27099.057
38424,109612.9
20958,126535.48
133994,33842.363
130204,53720.785
116215,34926.168
7233,4907.108
65366,6397.012
41029,31729.037
78592,31231.006
28956,64566.66
149693,22946.994
125437,91015.31
43143,2392.1228
33971,100009.2
130393,18108.984
119985,12809.0205
57457,63881.88
107037,92193.86
82859,4413.114
70669,85891.625
103621,32271.91
9264,138998.81
71600,3073.3765
68562,58383.99
19062,23807.094
104542,2216.2104
134553,41407.906
27154,8648.841
64160,30523.639
29218,350159.5
105910,9217.652
70736,5548.5093
137900,2606.4165
70623,5081.7217
117287,79642.984
36597,6229.143
5289,44219.52
17891,89648.73
26882,4986.865
9477,2311.539
89381,10862.119
15332,3773.499
11902,54636.895
94477,23979.424
33790,24411.012
82939,58474.348
116789,14122.064
11136,9731.215
11896,14198.162
68322,98031.31
56786,53841.484
21189,3483.2598
59850,12431.954
101247,143349.6
144095,2372.5977
37571,10265.077
13836,21666.078
40656,119243.01
18002,3282.779
127675,26145.65
33118,9279.017
85985,38439.41
127568,17112.088
57204,26307.92
102128,3844.0427
118540,40689.684
99729,10822.141
60237,4964.443
67466,137974.66
26937,47854.03
72774,4351.478
56424,9639.676
131165,38300.73
100802,13444.821
52473,33774.535
36338,29014.557
79063,89545.8
148281,21479.348
31869,1766.8075
136650,12141.864
141688,22455.465
3601,71504.34
45341,10549.678
86854,30515.895
41059,176217.25
34830,163528.27
83392,13117.903
15744,40813.75
141461,30084.777
149014,10688.593
134300,36227.176
110770,21089.416
66971,19535.145
133520,18896.326
97535,16438.053
40568,37205.38
134611,38142.8
30381,39440.414
94875,8168.826
15533,14593.403
91328,3901.2053
11877,996.8937
118253,85728.13
129003,15565.471
106579,3507.5588
12573,3200.9297
110601,23574.244
147230,40427.16
138116,2188.8804
111622,41981.89
16554,17330.041
70612,2467.014
91839,10496.709
11152,173223.55
148334,9176.835
13391,12215.177
102401,12051.598
53190,16868.074
9392,23109.824
128765,84193.04
126729,23737.473
142320,16779.514
110057,44863.99
56903,1618.62
139419,9501.561
111012,9738.9795
18837,50362.875
117205,6354.9883
1514,27846.72
84655,-557.5379
35167,319645.6
118590,5003.264
12270,6413.2627
139511,13828.659
29647,14433.022
115075,5514.0093
101849,15430.925
142467,27710.35
101515,12475.141
83700,63677.582
123780,68419.375
76565,5077.562
113024,69387.5
67819,30813.229
67878,26937.156
3496,15710.531
116660,3479.791
92449,2574.4912
134841,40751.312
117723,5680.881
133144,62263.473
116030,18009.354
96644,26961.932
10726,36919.28
39328,42577.43
96409,5613.8506
109945,22073.803
133027,59677.77
121128,10896.934
143907,34097.47
135476,9508.348
38945,223683.0
31276,31705.729
19445,9690.455
13535,36269.758
76946,84156.82
53107,23180.992
24400,8770.3545
137746,6609.1694
146825,72742.7
2905,7281.2896
87814,6230.5474
143901,6666.323
100640,5921.907
59316,34696.22
94595,4093.21
16187,26814.383
25995,11516.764
69964,67069.24
126286,10721.635
76839,3630.7234
120903,81309.914
80094,5803.5728
11708,42605.285
34232,14567.655
93848,3878.1548
148868,9698.677
16391,30099.283
94658,19609.924
84396,5466.9097
57548,194383.2
128737,178008.28
77538,5159.4497
123546,102985.11
68434,18764.31
66312,19009.164
42222,9791.483
16496,66463.72
5236,78792.83
28617,3540.4897
17630,1550.1946
34711,9816.532
912,25402.125
146838,13720.697
69557,30128.71
50326,1174.2545
68594,25346.625
75706,5495.527
146662,58815.996
73589,11128.131
97066,71474.24
90679,37500.0
29064,13402.37
18620,12279.189
115618,15575.204
25280,34628.9
118042,28879.887
94225,17822.393
375,2042.4921
44887,6661.0366
92365,9561.302
86919,20592.94
62972,18324.076
72252,6678.0703
114820,-586.84106
63474,69313.734
54468,9005.37
130006,20550.434
143522,25731.064
54291,4773.604
86887,69199.414
36069,51897.457
45758,177408.23
93060,14474.75
12170,69781.46
138739,41904.586
90020,15445.897
66547,18540.78
104859,14463.925
72176,29263.234
122418,29459.514
67067,32910.406
126705,12832.877
111917,10809.585
75249,8059.565
12516,50331.29
111499,26200.85
1613,11577.457
11709,8427.677
62109,80078.984
50218,82262.8
49611,5175.068
123402,17196.87
120865,10453.103
18777,29434.309
63626,21015.291
115666,69675.2
87115,9224.535
92324,3237.171
67836,45370.11
145472,39956.914
82601,28789.914
120294,65697.805
69416,24252.055
63569,30696.812
83113,11183.984
136745,10862.709
126311,1142.1276
33285,2317.9863
143770,74437.586
53766,66922.99
82556,4248.771
127533,60526.637
57044,7529.408
66908,68194.72
68746,12206.116
115281,66831.21
100691,104566.9
18193,44779.797
143479,53606.434
61656,7646.6484
8164,89977.484
127339,13787.083
89566,42654.24
12167,33109.816
28071,1130.2528
146820,14843.356
126591,26422.309
88228,3967.845
72233,12580.693
47663,4582.726
118740,53940.16
3332,52334.2
127421,7872.951
119166,9579.512
42622,19885.352
141530,281471.88
149522,72839.95
117370,29474.111
136044,5187.2993
92421,12598.855
52765,8522.034
46995,29577.078
63193,7970.917
91313,53253.516
48458,17541.557
60370,36927.137
133681,16809.984
133338,20557.344
123495,5343.057
145388,83532.19
82828,87826.62
86890,4002.198
54061,82795.83
55537,50172.18
68105,2766.1108
105134,8051.38
52822,75842.31
142349,9846.978
135962,5503.255
26898,15837.062
129301,61296.746
10476,28886.053
134309,120224.72
141953,4572.063
111343,115735.664
99492,6313.347
61800,103078.11
47481,5397.6123
2317,7403.104
56638,3983.2043
111583,4752.612
75794,5832.556
29359,11129.555
148655,27351.697
92922,10036.082
139283,31125.904
112679,6343.795
40678,22925.54
46203,22101.139
135256,91353.11
16832,14689.923
133315,48840.805
117796,40338.492
1966,56726.184
132140,52137.33
139978,35411.848
36666,7360.641
130302,19697.498
119087,66081.82
28049,12936.642
41249,48323.438
27113,87912.53
58552,164171.45
32753,25462.873
99539,9839.935
70672,30278.771
110699,31534.158
66590,176842.97
112648,50111.457
141064,108282.82
149291,5109.013
99123,6612.723
7486,40997.082
34557,23758.68
26279,97293.945
148440,20455.352
47912,84118.19
131618,13570.105
7394,6779.881
38523,5739.5254
76384,41527.33
99634,7664.451
97324,7556.122
106631,27758.152
110825,133320.69
67316,4839.1753
91875,6253.7153
119983,384018.6
127515,201202.95
1340,10433.5205
143280,95754.17
135616,17457.137
86752,578.43604
70215,2616.3914
87655,19796.242
123211,15289.361
41866,10240.753
67280,12677.443
47121,8153.188
96584,82608.41
31067,89728.55
109176,13627.755
90733,5544.21
453,136208.48
70630,30514.832
111240,23247.637
79152,10867.334
58123,43705.625
129943,15230.628
57545,15260.659
63695,21922.166
79966,7029.5513
20568,4765.878
72032,43340.63
717,31058.498
129152,7026.1855
34787,33059.32
89046,8963.395
99369,54622.2
72632,32273.78
82622,17808.303
95082,10844.518
38692,36708.812
101532,52793.277
1793,58997.12
72845,28955.156
32241,69416.86
111993,18788.854
133634,35439.156
68098,98646.61
35532,41073.73
96634,9030.593
118697,-263.53992
98405,7601.686
140945,27658.365
80566,38451.92
88086,2807.8987
30311,68989.055
143635,4416.03
123931,57780.25
64049,1837.17
137137,8520.879
96353,35387.17
75733,37406.58
119672,27747.084
90926,3009.9272
9526,27121.523
64917,1182.9332
37255,14214.921
41188,13497.062
92027,23493.719
135712,7752.628
94598,27501.988
84400,214405.73
131740,16968.604
105758,11034.109
4069,5123.86
51297,6925.4116
135966,18722.947
105602,168821.81
39702,47594.29
110256,25171.309
141673,21541.805
7002,17517.234
107992,75534.11
16666,33293.82
37841,5069.2573
33147,38778.664
92345,72034.375
130777,71351.62
122320,26086.066
74124,10597.69
3442,6736.437
132921,43715.83
118813,6657.1353
60835,1642.3264
40491,3832.2593
79043,2825.2986
73174,9317.464
83160,72037.21
60714,3715.0935
92611,61692.332
40230,26012.277
49975,24823.643
50084,13556.856
88431,39922.14
92085,69808.664
2792,8676.293
88435,74654.0
66466,108111.7
53460,12640.735
144281,27596.197
129244,91173.26
92292,46399.715
125769,46969.86
107795,23719.95
57639,33193.918
22415,9175.482
128511,21959.598
121500,1249.883
83259,31128.494
2032,153972.4
115121,19897.53
83501,31458.445
120402,3054.0247
91537,6388.8945
66530,31034.28
112070,37083.33
55372,11528.365
113346,133838.47
65662,28361.898
121396,9916.617
17948,88829.95
114519,16014.294
47812,13388.079
100239,10607.95
144698,3647.678
112829,100357.47
23457,121044.734
34330,164042.81
148635,29772.402
15295,29885.428
55694,6256.682
111997,6178.7676
148806,55375.41
46730,122692.55
94083,4433.417
27085,14609.92
10528,4185.586
52754,62604.746
57887,62617.656
84430,23440.723
37973,30658.75
42835,14342.758
117358,3452.2676
53664,162431.48
80860,25729.81
137183,62721.156
126069,7301.169
97161,21112.373
21121,20510.422
123094,80170.05
80990,24178.49
119227,105036.664
64488,155792.12
64975,24272.36
147908,110031.35
135595,49105.695
110359,10512.61
76273,17205.934
45839,109484.33
73189,68756.55
91778,50488.926
94341,3397.155
115942,2408.8865
112793,123310.95
10034,52352.715
124780,6397.4233
26880,2191.0244
16971,1284.6986
18411,7299.625
149807,5418.2744
33294,3410.0212
132490,2890.5105
101068,44565.312
57194,98614.586
30979,4584.672
62846,25058.922
57424,35427.63
94031,25891.75
10363,31463.893
96255,44474.324
120885,5777.448
116802,21380.166
125558,12764.734
79628,11204.516
136569,12850.671
94354,4973.678
33100,15584.151
130411,188052.66
57311,39260.72
85813,13582.532
62251,71731.36
142010,54207.84
14135,96433.266
29583,81032.05
36157,26084.268
29606,27960.863
77271,11101.511
13717,13570.832
36335,15102.09
145421,16626.793
111999,23326.404
76341,139335.02
123193,20777.873
96106,4296.4146
52273,14745.289
115517,5668.934
149345,5340.606
81594,9369.013
120326,19622.016
104414,16156.195
130032,22667.36
129158,3909.3484
137790,-336.93387
39005,36152.23
138128,10182.404
69,13711.129
81082,53113.99
28811,49942.91
139465,11866.318
138520,8619.334
89911,37907.254
2434,34626.938
58640,25662.773
67110,34413.004
62226,107348.53
2255,17752.482
68691,16235.075
10295,9107.581
23999,6133.2007
21802,68615.445
116241,7321.158
1272,1947.6108
50923,51940.984
112067,227413.11
135645,5818.8174
131196,40926.89
42855,5555.998
61511,667.6023
106125,37055.184
137357,37838.605
147887,28480.568
119208,44758.15
81277,8138.726
66637,7358.558
72369,12696.357
52338,17287.164
35478,37802.46
70519,58028.5
25225,93639.945
130627,11151.599
81552,100787.375
100112,29708.688
68951,6225.4585
122209,113487.17
85568,9855.0625
46312,35747.99
38947,45111.207
111353,99320.26
21435,26324.42
35867,16203.116
65953,17946.273
110722,4518.413
96326,74069.91
147739,9770.949
137248,5810.988
49244,18358.125
19102,295992.7
75923,7897.927
94403,18869.193
100034,1913.3041
76385,77169.555
94758,14189.702
58772,4306.4067
9557,28299.2
103781,43339.24
75888,5954.2646
107230,22008.012
57981,67516.39
85961,82901.92
146949,20429.74
64533,3499.0518
114898,89979.56
26949,20015.852
4675,25616.568
47137,19679.502
113916,5911.8657
84176,23478.775
87453,15817.218
17968,90807.42
124851,133767.55
70548,57499.664
98614,8846.925
86154,44707.508
130018,9367.78
37333,136158.14
66858,3315.4514
85397,15939.672
362,35525.234
52393,7045.977
77566,22298.4
117501,160336.66
62042,14027.349
64677,4391.927
33845,44127.77
107593,12676.371
144676,24181.988
129358,42429.25
70933,4394.665
137531,8132.5596
43504,35363.727
97653,13004.253
104358,45996.543
128718,9425.418
51560,94913.77
133309,32942.613
66287,13193.465
130524,3062.0925
112645,20648.254
122393,16447.787
35696,9152.28
30377,37521.93
78002,6897.724
134576,13775.891
25605,25741.3
42014,6119.229
3011,84970.484
16689,18490.863
47103,14013.205
57754,68816.266
113858,179229.86
132985,19366.873
119941,87899.5
49260,22126.73
12707,102402.58
13081,5052.27
121735,26417.137
43241,76604.14
132879,65012.305
61054,28588.15
10631,8215.87
115527,112293.664
136530,34566.207
47307,13353.581
134277,75427.87
19747,103419.09
22936,6173.6455
28477,71129.54
65033,10102.571
53949,21344.367
9016,40078.242
139609,107517.25
4809,17011.078
47605,14200.306
9856,3355.0796
135478,13165.506
108722,176183.75
91833,5181.9014
55487,65063.0
20533,61504.168
66155,2466.329
5173,77419.98
112421,113860.945
143925,46644.637
136211,-1687.8263
34775,903.8681
64822,34973.09
137901,16132.426
2095,21138.793
141038,9164.2705
139863,40179.08
8693,4084.3037
10236,12921.055
106670,108163.336
53994,28865.346
23497,15988.689
11205,23840.3
95120,122158.805
75328,36130.37
38724,32622.273
6536,14064.976
125102,9701.566
21510,5862.736
113597,45405.633
58579,14855.918
18668,29015.705
85445,102491.18
17073,3768.0486
115068,23605.738
97690,3833.1213
86474,9607.432
13894,2057.248
138474,92667.18
125479,39839.426
32124,11768.8125
75465,3481.8552
30689,93458.66
126185,49452.113
147210,25628.3
131893,6829.4673
53803,203002.4
105970,19930.117
56964,458944.78
143807,46863.594
141616,44462.54
107391,47012.668
78956,184297.98
132112,2013.7407
21558,3939.6738
22885,7894.1597
35385,9259.743
142674,65033.7
7544,12313.985
145207,87000.91
51939,25734.467
54519,13283.429
131386,9988.032
132732,41715.94
129471,40900.598
94833,74946.21
148237,72524.52
91970,33839.438
127067,8288.095
92512,11251.945
143493,10452.483
116956,2376.7756
25422,1364.4224
79767,15317.72
62207,52970.2
49418,14459.426
91840,20274.854
37928,194770.95
36480,11126.719
63908,14885.889
65543,10390.122
86440,11856.205
30350,7424.759
62982,26737.506
44089,51018.098
128360,10725.525
46350,38062.79
92909,4631.203
75526,71397.41
66526,34692.188
54303,15756.902
143749,121460.59
68775,28426.793
63308,228500.12
53141,16720.006
8132,11966.636
44524,47274.727
86413,35315.566
116978,5933.2
94783,9454.4
142837,33624.375
112656,16874.973
119559,4810.9263
99318,16347.043
84501,25565.137
12161,4007.462
42025,16467.121
27173,46770.656
143788,23391.643
143944,98362.375
44428,12404.301
81401,223871.3
76227,8215.717
110429,3332.9995
93040,47415.504
101453,2493.9575
137647,33976.504
66860,46540.086
49820,103036.03
36782,24006.727
48937,145688.47
6636,24944.043
121095,5991.1206
85146,14836.686
70055,34556.44
68502,61719.555
75667,180109.69
148444,2275.2393
45807,6176.6733
125042,26926.389
142717,47106.516
37313,9073.85
12643,52301.89
9010,8640.587
43473,37817.02
108517,6766.712
20645,17376.785
96824,13835.962
69164,19516.031
95133,29739.176
110958,12805.557
72131,69008.88
15894,22341.855
98586,9302.907
43338,34995.51
18511,162700.55
103299,11836.061
126250,12505.559
127942,22735.332
34541,42690.35
8475,13556.711
43168,7636.822
104618,75058.53
76499,66813.87
34060,21139.105
30010,13160.761
21372,28292.266
93316,33333.91
58868,29771.117
43679,9380.718
60341,51846.29
100222,50409.51
11396,35227.53
132243,7375.819
89010,30877.9
113800,34324.9
32414,7996.2627
117141,13910.016
45880,65364.508
87760,12265.169
79611,2728.04
69333,42665.15
95130,108892.5
48729,3547.4766
83038,1928.3344
34400,29393.38
117200,4082.2031
25732,19260.746
25077,90590.64
96725,7120.274
125846,4911.609
47772,9391.285
86957,23850.129
53307,16131.655
98372,6467.071
127079,12438.492
129262,20224.895
118494,150131.08
78119,29899.182
69956,11966.529
54331,104599.98
32405,6821.795
74314,21125.629
108914,17356.662
80000,38701.734
149997,49175.707
58173,24635.967
10136,10802.953
47694,24090.553
25841,56641.105
89748,52011.48
81561,164139.05
9666,52098.477
146460,8418.64
104555,17762.477
134942,114044.64
31638,12106.393
122439,3486.668
77895,18831.03
75668,28413.588
121819,8566.534
124837,39726.44
97752,10605.623
27128,4819.0474
42375,13404.032
95433,85874.97
61078,123707.0
109894,46683.46
4366,46360.895
72613,10890.403
75375,5638.882
7028,123556.71
78286,8488.102
53194,21238.426
49560,20698.47
29006,22283.46
52633,180120.02
71988,10740.896
120547,24266.164
12039,11318.359
98117,11461.241
43661,13266.617
19899,67072.74
17643,20795.95
91553,1778.5084
110397,80886.98
112,4038.6697
67096,17078.605
67750,11684.942
64986,5295.682
809,26571.963
129691,44150.215
2795,50259.344
85856,22545.797
54257,12631.256
98578,73159.97
76367,22517.627
145660,63407.934
93657,11468.062
64576,7698.0537
128742,9959.237
142281,79346.016
62459,45522.73
74997,19326.88
53658,5432.1973
11522,87623.516
60025,15272.973
33179,5190.7334
118510,33620.973
30641,154880.84
50354,17273.654
126011,4546.5615
23801,4518.555
60258,3464.8684
77024,3119.8857
88702,9943.44
70626,41063.766
15280,66042.5
18071,75187.59
99797,18617.56
58199,79808.34
98402,15265.35
125026,5377.3535
66480,12362.372
10887,63585.715
134480,2087.9167
73612,8146.715
146259,19606.488
127413,57263.87
131589,4024.5747
57909,-101.54713
16817,9367.957
3057,7633.9355
60943,23276.756
16444,40786.53
3118,8515.897
49554,3530.5972
32378,53588.81
64571,40522.445
27833,50523.984
134833,18981.729
2162,4631.9316
38360,2329.1152
65202,16692.438
45930,41342.54
138489,24647.072
72429,4164.116
119273,82184.836
76799,16799.729
136677,29983.613
47778,3463.6626
53179,50187.484
10760,59068.402
147357,163971.95
55428,120617.47
9563,8774.007
131603,29281.9
58040,9469.496
47015,13708.348
76119,4259.453
38393,29320.066
99677,11634.922
134335,3616.5781
93563,2957.4978
131414,16017.595
32081,13858.585
119468,3609.003
34982,92861.88
43909,123821.62
68128,1968.2124
103611,10590.008
113563,842.96405
24975,9734.947
142800,4366.533
71758,3484.4326
140482,11758.919
93667,23153.521
85243,24495.584
66495,19963.092
94565,6868.6025
120933,9601.753
121644,159208.38
49731,4775.0845
10184,36731.418
103807,61914.03
7921,12185.423
111403,22183.898
143109,60304.72
148507,2705.6887
135223,25517.408
69176,1794.1699
12391,31760.344
143210,75908.45
96459,7862.8447
113335,12554.943
39242,112104.69
76156,512012.66
140856,8137.6113
18320,2948.0586
64869,58791.258
69869,51686.535
139121,699.9061
116547,12957.827
67731,45016.535
90808,24479.568
131238,109723.555
12881,29674.754
62627,8869.926
358,22313.809
46112,14326.6045
120163,3656.533
78206,48937.945
108696,92880.87
145664,53694.83
15288,20674.29
25620,15824.578
48767,12408.761
4289,21894.084
56708,27914.754
8233,167850.03
51075,7196.6006
1605,9325.95
123228,1181.9519
76538,3988.5254
80240,113084.84
97374,30988.807
33338,78090.875
16357,17441.025
34343,31965.863
5317,23585.662
94419,20876.736
145170,29732.357
130095,31915.926
58540,51901.77
125471,44830.133
34354,73984.94
5455,130334.29
124586,9017.832
44425,97948.93
82865,26362.932
67389,7733.228
106581,188633.4
73104,33909.46
145279,64456.65
136263,13762.394
126592,335302.56
136580,83532.836
127919,21179.465
28246,5002.261
119863,6904.637
129622,15974.639
9546,38532.293
134642,13054.096
32730,10698.2295
31667,22965.01
118279,1903.7365
13382,4749.7705
98102,19246.244
126529,9763.076
48142,8952.303
23358,51611.324
47286,13210.829
136094,32308.387
138561,149994.06
36606,13491.632
129904,29872.027
112629,42018.832
64371,13864.4
132328,7671.882
42499,23435.627
108370,3484.378
116464,32052.613
114138,2621.0051
133631,31207.684
121804,5228.0312
3091,26045.986
84447,2007.2845
54195,51760.363
15228,11089.727
38311,2015.7239
101669,78842.17
144261,48789.336
59453,46735.277
93673,43785.88
46711,1802.2974
109808,6488.3257
18841,3958.7476
58400,103338.5
144356,15027.406
18710,25560.48
128502,33496.16
19726,82990.47
66336,4132.5205
13620,163258.58
139678,3795.8494
27078,6792.1943
120136,5463.486
74739,55754.34
124954,9707.086
24747,4381.2085
63971,9779.663
64040,14374.318
67436,21147.242
136733,5571.771
76285,90129.7
64956,7589.457
61811,82082.9
121460,16048.748
120216,8862.145
129188,13610.042
84337,42513.4
1317,133293.56
25093,174072.84
120316,44497.582
92028,9316.846
2213,5076.152
15094,6217.071
136398,2451.8164
142232,34969.066
97736,30290.654
90509,9173.483
69371,25134.633
132483,16272.903
54780,9166.16
88938,12173.204
128075,6832.0347
2686,27315.248
31807,63343.117
109769,68049.21
65718,10692.323
97481,23984.178
82979,46540.1
4492,10206.586
32460,5588.2495
53202,69358.17
147254,12028.208
16914,13635.741
111549,87729.305
147437,8626.453
53775,21701.3
41616,74519.45
11488,10351.545
43532,96093.64
105233,18288.355
110088,11303.41
109559,180870.94
127843,12790.299
6272,10510.423
78776,26869.545
131008,8407.687
104931,127998.62
85601,16996.58
98193,64264.434
68135,15466.726
37730,74357.88
57133,43366.68
81183,11799.528
13586,1433.6798
131169,7795.787
44176,3058.1753
48927,64296.37
76279,23703.57
59676,53075.984
145394,121507.36
53862,139190.47
98395,20054.354
101299,159008.16
22084,25013.643
70509,71091.06
86219,15216.717
96158,46660.188
74185,18421.697
55594,35983.742
117405,8435.0
117984,61413.266
44556,8040.396
116454,89755.59
5381,3383.2905
66939,69334.37
105130,98680.6
83789,6168.41
18664,32798.703
80267,34169.727
106894,9288.271
54758,9592.44
104077,24141.893
26352,7473.502
134938,64356.582
41175,22513.988
81954,22531.14
94462,54266.527
148893,26737.084
124188,5995.6187
138461,112086.35
3828,7907.3276
7354,12890.111
106133,6825.9946
3198,19597.053
119638,9736.982
127045,9382.928
72404,3589.4187
46560,9994.795
52006,63698.25
382,22224.115
70815,72450.805
102640,17664.45
2132,53590.53
135698,51790.39
117353,11809.21
125879,9743.781
147735,7627.318
63479,11358.075
106829,25481.441
52796,35681.746
62118,7346.25
105388,462473.25
142336,10249.102
82265,51601.45
104723,13632.325
14222,3223.8389
93944,73803.22
79488,10829.457
30339,14537.282
126970,27905.621
37109,89668.42
69261,21364.604
147461,40473.785
106075,44551.18
52857,49082.156
34910,15122.501
45073,15589.68
81787,114172.19
41757,16010.045
75991,141790.8
25435,17606.83
84625,125527.68
100875,4247.359
51707,59455.65
26188,19001.225
46126,58322.207
102767,14224.229
66159,24541.182
124415,21861.4
61698,3425.4077
27420,13002.322
31752,61028.44
85186,15511.896
103787,48171.72
87973,78477.016
8960,59689.15
94716,104053.68
53284,38621.188
59132,24976.553
24842,109042.72
53714,29198.26
15577,7710.036
5722,4094.5535
127620,79817.95
24872,17358.03
53789,68850.53
54881,40708.848
136393,51641.793
143810,15770.071
130021,162264.23
22490,6992.1206
125516,6554.9585
109612,7796.379
27671,14008.087
113155,5175.429
143295,7359.5137
30062,30117.889
72516,35293.746
53354,8963.736
44950,18945.957
61032,16770.97
129800,133732.23
63706,10250.848
54166,4992.344
16796,18383.947
98972,28441.049
9948,21135.336
101644,1507.3718
44714,107043.875
46070,67157.38
106646,496798.3
124153,1473.2332
21279,50870.86
77999,1848.7491
47533,25417.176
30617,87813.555
149598,23715.893
132319,4698.9937
140287,127471.92
47144,11823.746
142570,3822.8333
148259,117859.28
49825,16691.672
6143,16558.514
45032,14636.886
5998,69290.195
114407,1175.862
34562,25612.5
26432,8739.132
9080,29218.498
18106,75523.17
145789,11702.278
87228,30664.533
51244,34975.574
127482,1774.4221
111560,9772.592
112381,51899.984
65866,6113.581
18012,17915.383
47839,1937.6475
84560,10086.092
28536,65692.43
72449,65173.16
22494,14254.397
76186,138702.33
7922,21371.979
12078,130218.766
33503,19953.775
76051,52069.727
139259,12100.819
42437,19091.639
2187,241978.83
69470,34114.49
3742,5346.73
146306,8958.772
145192,10192.805
96369,44852.797
71704,3022.1
55830,62860.67
31756,84012.336
28958,21092.88
39550,14682.434
102623,31171.178
82681,8429.055
141186,22785.666
141498,6745.8506
136337,25282.416
24517,98518.82
145774,13590.7
96592,7416.8486
26512,39165.83
58736,10257.468
77948,3307.5125
110145,3112.2231
145987,21530.398
45380,32188.463
77536,5099.1646
775,35735.414
89555,30991.098
31353,5848.9814
12963,18842.363
70300,45372.465
10242,26270.564
44013,6504.882
3880,47048.402
4612,13363.913
131482,7041.3223
86329,63770.684
6091,43116.543
113846,140393.89
136995,29568.191
42638,80291.055
81131,72268.97
122112,161473.73
27127,21345.102
126278,182452.89
100180,26663.818
131629,1516.6293
118256,43389.11
93687,42277.92
100565,24801.033
24369,54750.984
89827,18597.629
101086,128370.73
11652,10715.392
139891,10928.081
23766,51265.875
68560,21638.89
59279,24882.938
11213,19791.574
129764,7878.549
16477,2910.4795
130702,22939.838
138524,6768.5864
75161,37647.57
130628,15826.508
61312,10211.025
120354,96051.87
104823,32681.92
130536,88322.56
142129,60475.664
143882,116635.31
19732,13576.068
44289,28743.781
108694,59866.555
108294,4318.7124
59292,11265.919
71418,11618.173
85823,21988.438
52930,7626.2104
40250,60802.25
52978,12916.754
119421,13006.737
10845,5266.4956
66086,25384.047
29891,10107.068
88083,22149.441
43885,12480.379
89829,37219.54
77727,40407.7
1834,4439.5557
54437,3338.3386
140847,3365.9797
136291,19544.512
55720,4849.5215
51577,1531.089
95898,11163.547
149200,16161.778
125148,35580.02
87176,23459.922
5992,74724.305
41843,4399.022
70918,28071.436
97300,24807.969
10099,5316.6533
60559,4315.068
39196,62588.965
69202,60979.598
122588,9545.879
92929,23858.729
43601,33321.684
36115,49172.027
44699,31316.734
109626,5488.249
101952,58876.72
53015,80995.734
44082,68146.79
122417,15799.027
79923,16680.285
53893,22036.406
21620,49811.13
73640,71220.35
67185,12296.116
128671,37799.28
70597,38991.227
108862,66216.664
54021,5430.5386
60389,57574.613
112546,5702.9224
145278,85283.18
89248,179357.8
91567,35111.703
25992,13427.367
5413,45128.48
71372,32580.322
111092,189232.73
8910,19426.102
85665,44071.484
137492,11286.485
99700,11066.298
92981,74849.19
59968,7413.2207
117834,83138.02
38509,6703.7896
60103,12090.498
7905,21545.924
92297,17284.65
134808,13248.745
83402,19422.688
24267,4126.1533
149141,2873.0632
30552,4863.596
4315,40427.848
17659,4603.7646
86077,69582.57
110370,33420.777
55308,61518.707
8117,18677.078
94664,30357.285
34839,17828.475
132426,12428.361
85404,37915.543
74506,106304.39
83012,19172.365
59893,5485.8037
41086,69644.83
126481,34241.99
88649,52054.68
79624,15718.504
148490,35995.62
74372,5225.718
105647,71182.24
5052,38320.09
137835,6228.4023
95880,73406.83
124070,19364.357
90965,7459.9634
25676,33156.777
33922,2502.606
108932,25243.768
48756,5826.2656
54715,76234.19
69538,9148.627
120068,36723.363
145449,52680.64
123953,35828.83
109321,72553.75
11667,168622.34
74101,64236.402
16878,26438.805
10729,9495.656
15363,64276.973
72035,36923.023
54912,20113.271
98037,39693.957
108455,5340.056
79103,16927.77
124824,21040.707
37935,10701.843
86682,33473.484
131881,85798.85
128101,6398.3936
53377,39645.01
128669,4313.75
62184,35245.766
76498,5538.5137
128204,8911.542
113719,2362.6343
91182,2098.518
48255,63612.19
19260,84336.23
101316,9082.115
34643,70832.1
53792,8874.147
134144,7287.4917
103395,86406.71
127357,1594.5774
128692,28135.076
84305,21893.52
29845,83873.91
131301,49111.035
124940,4347.492
86094,259524.52
72622,25500.926
49063,26256.299
32867,9675.288
104990,33151.82
62520,64366.605
50709,70462.48
35694,28909.729
64648,46089.984
148949,25779.566
86171,16041.608
40384,11476.474
90372,18253.506
39301,3481.9194
78795,30859.36
20418,57004.703
138744,9350.442
10063,64946.887
20711,73785.85
66098,13948.664
28450,6201.2363
130263,14775.918
15393,8558.13
97852,8284.629
65377,59120.953
11241,41021.797
68622,7413.0493
100822,4001.7056
86336,4141.073
144853,16989.7
73472,76023.734
92739,63191.844
36002,121303.125
24015,21832.158
135643,87880.71
110036,7194.389
82693,5959.3936
27107,13138.92
141255,8335.481
226,19646.324
133178,14950.582
57317,38997.703
45059,24276.773
76644,50473.367
139226,154517.62
31726,18249.047
70363,59991.33
8144,7361.3853
34824,83285.26
118564,6607.7354
80067,45488.324
17696,29510.564
132840,10114.106
125886,32927.06
8490,44323.324
18418,185973.56
126676,44776.54
54023,18473.127
148841,27018.18
108239,17825.83
139193,11434.199
44739,9961.926
42924,59733.574
132076,5667.585
64527,4541.577
102159,25332.54
105017,18040.016
106114,18282.617
28367,77631.766
103881,74964.48
71080,95504.17
17712,7811.716
20489,2795.3555
62974,3120.8079
92987,87356.195
133607,3847.9236
71680,27833.34
131572,50549.32
82022,48895.57
91137,34993.234
48724,8210.628
58416,14297.295
124963,116033.93
97591,9524.899
43137,4961.8237
11786,17503.516
94679,27507.123
122678,25783.195
9906,82283.414
33648,179618.22
131559,31344.547
86909,5523.6807
136983,30319.451
138924,2134.6877
125307,14706.601
64663,14039.393
115581,46829.98
92087,7386.169
14090,33743.418
82224,4101.95
38883,24271.418
77122,14786.344
16052,10257.666
50926,93270.1
51213,25337.893
49748,4133.01
38,58710.34
118168,38005.254
145907,111045.93
20246,8379.5205
66968,26377.36
93587,26274.555
46575,24259.578
114614,22181.633
76703,89541.16
8446,3740.1157
22268,19478.244
111142,9363.492
142531,4672.7563
48464,5824.135
53745,6215.129
92099,75990.65
59578,5802.5703
110474,7938.165
11049,8631.64
2118,23557.484
35269,1805.4412
12364,192450.94
53929,12599.55
105753,9709.809
3158,14356.97
147957,2317.856
63946,18228.84
16416,113859.07
126801,18212.24
86298,58558.02
119993,10366.876
116008,5448.1895
50693,4450.9497
149260,21070.426
125814,118115.16
52301,8058.3345
80947,65786.27
120763,37039.496
53843,88635.07
122383,38516.71
23415,8688.862
144152,38847.4
36188,31050.064
33127,29007.41
136183,214618.62
135591,63800.52
138589,59999.19
93362,26662.172
127760,26703.518
141056,21589.43
30433,155496.97
13032,106557.97
4545,14982.774
39209,5803.2026
88287,27163.777
60451,2219.205
14762,29923.377
13788,78527.02
53077,104429.39
11651,13202.063
54073,5789.4443
107500,18405.854
26861,9278.01
88746,85498.734
104532,20139.918
92499,5582.268
18249,2784.9517
16668,18754.45
70719,4873.5806
59752,51943.8
93044,12156.276
67273,142816.1
41257,8889.719
143548,11624.791
148497,13234.133
92544,11652.28
47196,23891.188
38765,48371.652
146477,1325.8025
50881,5556.974
136711,6113.493
66852,79920.54
137643,21765.213
127756,45057.41
120825,10351.875
37207,20824.86
43870,57115.297
113679,86461.49
46271,24857.59
22410,1547.2336
82488,29085.559
72602,9603.233
12697,128276.25
17720,71352.61
56257,3443.4058
56121,60207.82
6840,50299.16
100776,5648.501
3240,31303.715
47890,11123.548
131367,9253.6
49355,42860.727
112923,7889.6465
51062,56263.777
126984,11505.059
144940,5488.0254
57370,13282.917
59337,2929.4763
27822,296354.8
105606,42112.938
11476,4407.398
6929,2682.0476
53101,13987.095
90494,93814.74
145481,25340.412
51414,53584.824
54363,4317.615
57394,46509.98
47900,60301.426
135919,53706.48
75863,19062.607
144043,135131.02
125248,66719.85
87302,1076.4648
13774,10934.811
127744,7606.934
123325,5794.2925
93799,16253.777
98399,8467.107
123208,84044.44
44536,39868.695
72670,6893.238
40790,36430.375
80129,10737.408
97001,65153.242
127286,37660.746
128520,7058.0596
99957,5292.076
61891,14091.062
141054,4134.802
14475,50399.133
95417,11435.241
70476,36604.92
69839,131801.23
93393,14508.446
7767,151239.17
112124,12262.205
127225,6078.5933
24929,82979.56
138113,18829.477
27884,34036.566
34578,119642.49
64642,481833.6
80624,31631.291
139148,82821.58
101015,3344.9846
128604,151857.02
34260,9193.02
64756,42506.066
66729,20628.834
66643,6009.5674
82532,50568.086
99415,89455.664
87169,2324.2737
110186,49658.914
92090,10655.082
86353,14025.003
79543,18277.467
97964,3856.7698
23159,14797.774
127506,33860.246
39314,5161.5283
17063,34808.375
118713,5775.356
131015,72916.375
50064,23919.85
110442,4579.452
26259,26196.078
99595,161528.3
85485,39469.348
73204,113493.19
52688,6109.625
134557,65931.45
3905,5814.3467
30971,11827.75
57210,36314.14
24768,13403.159
89076,37804.164
64430,45146.06
32344,12603.324
90898,111023.12
37423,22103.572
24483,36128.3
123532,35998.484
108114,9120.851
95279,38920.887
97714,49374.75
139984,5862.968
104328,6689.2007
36620,6089.833
2894,2613.2417
42876,40963.176
147251,8234.991
132847,14202.563
15233,12745.631
120481,50907.688
9084,52097.69
120536,6048.3843
54576,10105.068
144972,1135.5868
47807,37529.984
125848,25726.764
47229,308240.7
45756,51338.004
1433,5263.5615
148632,25603.832
93308,95576.164
53688,7430.1953
13659,14555.035
67321,22467.033
75157,29379.873
48291,7406.6807
64826,15080.792
23410,14919.989
86196,36996.566
107132,26135.56
51442,5348.2114
26657,51555.777
109235,4920.5537
19781,56311.285
72486,8821.618
132048,5156.097
90489,5337.4985
58380,64370.082
221,154866.6
117060,13665.577
82060,48287.57
33047,15115.132
86792,15883.301
16421,23087.701
92673,25659.541
112753,15962.4375
107626,9990.435
133100,9387.253
6520,25921.986
21333,10243.513
44444,208739.89
141295,227721.17
38001,10338.602
129406,52185.75
146130,988.65845
6832,7133.2573
60363,10383.698
147135,15714.83
127102,7618.784
130978,117015.7
55116,180487.69
124771,18446.307
59859,19603.94
14281,252674.67
61577,1285.6448
1673,6173.407
30471,3311.149
64848,43357.2
59123,11130.667
27312,15243.807
41490,72575.67
7729,139744.75
31052,77819.63
50724,30796.209
96248,16624.572
57143,5107.371
60765,120453.67
107378,115883.72
80991,5065.327
29187,73257.65
146124,30655.547
66608,15280.35
129926,24701.44
52400,6081.7734
115301,10265.278
83096,48459.594
73094,17698.812
136130,23952.873
22282,24484.846
29684,284876.28
32096,66706.375
96332,16012.178
25750,21747.262
154,840.14355
61087,73393.77
130148,23439.088
17637,6164.8994
91578,8205.903
68254,16581.332
81648,36436.203
135310,13731.996
115910,8437.14
128537,8369.73
5759,50933.117
32568,29720.889
36182,201523.3
67085,5737.2812
6955,1970.2156
29080,3471.7253
107594,66924.33
148707,20729.295
114672,80047.414
142587,12171.174
94639,83317.15
7476,94392.86
77483,12065.217
17434,36714.0
72678,587.2752
21623,33745.316
140599,21949.629
64982,38482.555
5568,22106.008
59262,34964.61
4754,17775.908
73655,3570.3286
142220,2770.8076
25390,9565.391
116944,50184.18
93822,47914.547
139887,16230.141
79247,42359.11
146555,19295.273
111626,39921.605
1258,25686.547
22578,4501.8955
96045,11124.24
139111,126002.77
110069,29476.268
82000,3615.423
51511,35860.344
33813,2334.708
29631,42484.2
66912,11772.687
30192,5314.963
124271,36602.027
142919,1857.9269
125167,17957.537
48304,36534.625
125515,124014.086
104759,44387.746
67833,142577.39
140995,54294.11
117571,18728.51
103091,5937.729
140047,10848.403
31985,61264.887
133764,43318.46
137246,20528.988
84735,7382.032
102842,36407.78
2548,21817.54
10582,54724.76
73949,60610.93
57841,4960.414
55790,41680.848
26446,57351.63
126284,51442.707
34063,66284.055
39673,12896.239
116362,205911.25
27286,9511.238
105106,40061.117
18292,2958.4624
66117,27586.123
121928,11418.819
87386,2580.2336
3993,62226.508
123324,33704.832
17775,89615.57
106253,8218.414
19444,1169.8167
91354,32172.184
146543,50330.47
67040,45207.715
131130,1133.0698
72477,5827.2695
109921,35247.71
19350,38947.754
80489,173631.94
147297,75614.49
42389,21081.963
129266,6641.4336
25267,53753.21
3737,186339.95
20343,16900.443
134496,36996.89
118371,4035.4382
26778,10725.44
15344,2680.3618
127062,28430.006
102417,1449.6626
79346,3068.537
70585,20062.113
120171,8854.441
15832,49115.35
62138,16021.981
113728,60373.24
93221,43281.05
99733,13038.76
62431,28248.361
143708,2555.3977
46336,2174.4824
75538,18200.953
111750,9344.051
81691,120209.625
130464,2422.459
81423,130813.23
80606,93693.086
79231,23986.146
116022,22425.244
78685,19426.936
105556,160427.38
77829,41190.523
85023,9178.452
124801,51675.133
45210,3618.7178
130870,22848.98
119561,17782.473
21936,1278.2471
115497,9994.321
48402,23106.447
77216,41307.668
27633,13513.263
108586,2301.4392
119402,19774.69
26745,36177.785
63158,10743.259
145791,22983.305
142981,180142.83
83479,19987.998
135584,2125.9646
18028,19630.795
92286,459209.47
5927,9049.131
148651,24199.906
71118,5054.542
119828,103044.47
20661,23571.26
12962,7183.8604
35027,3824.798
70891,56816.89
77106,2054.13
6686,44447.125
54029,8699.983
54863,9349.765
99571,29434.219
122919,8495.458
98472,117571.516
133426,23524.594
58567,15375.568
134685,13164.796
16296,8795.424
30017,16712.295
134667,36498.074
17745,95469.63
44318,5227.108
26456,4854.545
56066,34767.94
33334,11858.363
143566,6154.3076
65321,39694.348
135926,83671.65
45352,30334.646
48959,20535.21
79307,18843.928
119726,94641.43
77674,4089.5623
40485,7837.2437
94762,24308.574
27392,42041.77
68001,8061.413
106764,130074.75
38801,70883.97
65642,141521.7
47736,60993.605
1990,35307.184
11578,14024.999
22365,14696.705
133402,88391.17
55202,77454.23
80542,14215.762
48016,11377.667
18008,1505.5776
10494,85606.04
78263,48743.43
141292,10763.94
104744,6627.642
63548,86843.836
117672,31307.605
108692,86408.586
29040,30979.467
117744,16215.726
39546,28292.846
71442,6755.338
31551,2817.76
136549,4111.1597
2564,25799.828
90191,21563.104
118037,135690.27
139652,4288.4224
68470,58097.723
29840,22187.525
137361,9189.673
34904,41399.3
125642,63699.562
70403,8762.602
62142,19792.615
138050,3060.1003
33985,9580.034
88656,5519.7124
28042,8268.297
103409,37227.375
78721,45542.207
12210,59521.035
22620,5855.1523
93100,49074.926
56392,8801.55
133211,55919.363
41185,3943.3945
4060,15985.704
29408,10122.973
26459,72225.555
28487,118264.84
105076,4707.2656
3103,24782.648
58172,5616.974
76771,54958.355
12321,11866.524
132489,2526.123
101246,39603.773
110382,41439.41
42049,16951.084
142224,7526.7427
86812,7018.357
146727,2226.393
144682,19158.578
42393,27674.328
55245,91122.56
49189,14862.421
26530,9716.005
65175,14427.881
149919,63342.81
32760,7144.758
41462,7648.1724
3140,46008.156
61429,16368.291
132598,1298.3904
36091,20583.541
108662,6303.9604
99063,126265.164
89662,69010.69
55495,56619.906
135182,87863.31
128210,58983.176
142211,8232.894
1800,49165.035
117833,26489.8
73996,12092.464
97044,4984.262
1286,77252.85
78426,8788.046
41518,2937.8184
49438,2597.45
71125,7437.6133
46158,6567.457
138223,15644.829
42446,10242.158
128039,10076.628
41862,27903.102
144175,10924.632
142000,13760.469
136048,7294.3555
27614,22741.031
53891,32048.336
21654,5752.5337
81116,8552.163
24915,31836.541
99725,1128.8625
132806,12364.364
107614,19602.791
73867,81123.24
42,9948.64
91951,1001.48773
113529,7111.899
8492,564078.25
132537,18621.447
122363,51576.87
110349,84066.336
16759,11755.037
40720,7796.783
13183,23094.412
24064,6447.171
70082,14399.164
6564,1827.8104
46364,41886.547
58915,12193.701
139781,210525.06
109598,80303.914
99225,24800.316
35880,33041.004
31686,67093.24
146446,42310.76
15845,2466.269
122597,5913.7974
108422,39800.895
63234,12917.528
45932,39076.82
116258,31083.047
136840,17587.12
56812,6418.677
5122,12577.452
141988,10525.296
69022,12350.897
52784,4235.4453
65340,142691.81
107709,18976.234
78914,124183.57
35796,8238.355
8986,62394.227
23862,57334.188
68943,16352.286
116291,36784.633
21411,85391.07
55747,27502.463
114196,101290.984
5506,60247.992
139991,1026.3982
83642,2489.2876
44191,17450.084
57628,2205.7456
93505,71197.695
42538,7230.6514
40697,8369.229
89570,1286.8418
131143,23962.584
81397,27377.021
119307,17707.932
92221,35012.605
30612,114274.81
60176,114692.43
44791,4552.68
117462,34652.273
67038,77688.54
59356,9014.47
87363,36166.906
36814,6422.227
130258,74245.81
20528,10141.74
138663,21964.043
89237,10297.197
52720,17611.432
41491,4097.0605
71366,6827.1987
47166,14804.031
24958,20410.598
84970,10554.84
85707,59562.49
21566,23221.928
92480,153063.55
86269,39895.94
34843,4746.4746
41373,31595.756
129758,406980.38
109123,17587.07
131162,24948.402
125762,11460.252
99267,58821.05
47730,24394.021
132269,57852.395
12343,4113.717
66,7615.3184
80504,132195.0
103789,22380.516
105661,6802.807
117680,28481.11
17187,10725.479
25548,5913.9937
135251,10279.645
140854,52346.832
40966,28207.78
51934,19544.662
39370,13054.969
122455,118348.7
9801,10933.658
15688,83863.12
69158,84117.95
149572,5776.755
146192,8491.617
66572,30919.441
66425,11405.17
41911,16546.29
63465,8455.765
92901,12505.618
71664,8612.022
135071,26549.541
100171,9161.218
32117,10561.389
127152,122331.766
91391,32020.016
144041,21212.402
40409,13894.794
31223,4562.688
146650,54281.3
134124,8316.672
59142,11598.93
47599,64961.62
131783,17736.822
91004,9194.017
5574,10094.474
113636,7995.2695
121493,5067.6997
69912,113270.445
34851,9882.827
138156,55106.586
23101,10025.712
114327,21743.404
147253,2992.1936
66550,5805.8135
77469,91788.38
47825,39783.223
83885,18333.607
5273,51415.434
110757,57647.426
103934,61504.508
48274,6284.2144
16694,4678.483
73363,23750.266
65679,1470.7926
133504,157904.84
29747,38545.145
50593,61300.43
41295,45141.094
4111,149089.45
51766,11984.5
75373,140543.98
4310,11169.728
133496,63089.227
39951,16592.633
74609,11754.334
83972,110166.445
104058,143703.55
18212,1185.926
136215,35844.47
82008,64864.754
14669,9050.613
81258,1043.9647
42912,15442.628
87101,69129.48
46171,49806.824
94580,6238.024
64968,69390.414
48596,63430.727
124711,66991.76
141896,46759.49
130741,222080.45
89117,12477.491
38766,17524.055
84357,10395.378
89547,127146.54
146582,4472.162
128091,18137.271
143397,8250.663
94449,11710.974
69630,7123.561
3206,13822.824
117696,36926.637
88622,100773.375
68774,1437.6095
51423,6475.492
96751,1079.3976
126999,111340.64
74854,7699.904
119275,31608.027
92453,17427.06
43862,6378.968
117387,5503.8516
111895,5700.107
86542,8395.768
37025,47375.52
124498,27264.404
22432,3061.6042
113229,3790.207
98407,69346.82
65297,17372.275
123236,7564.219
22559,25332.354
16291,37903.867
109281,66712.65
98457,7234.875
31240,4410.485
145180,2825.4868
83576,9217.878
74187,16482.97
57447,79685.58
19929,4449.1333
56498,6134.7783
44619,63701.766
126307,132412.52
59761,21794.162
114609,11893.947
46919,26972.07
85650,10227.828
22507,24672.678
66942,35843.242
107011,12848.581
115505,6271.4917
119334,69482.36
144713,24594.842
110811,3605.9326
44005,100626.375
117133,57383.527
104790,11987.886
14710,22169.973
22002,34867.625
75271,3136.038
95918,22201.277
148233,10686.484
68167,4076.7817
126744,177682.9
149976,8087.145
37180,45337.95
64687,1078.4832
5124,21926.863
63721,26505.656
115785,52813.29
86128,3166.8694
79480,21536.791
17811,2185.6165
5363,67887.37
4578,45222.656
16587,6279.34
146544,43962.746
24961,4284.6533
85998,5789.0137
22506,22835.8
54318,6081.925
32148,118395.47
977,14298.36
138158,16925.502
42136,16854.068
30524,1198.9749
106317,54022.855
81812,13968.76
88149,102533.87
99538,71694.48
166,104712.21
82749,115710.82
13380,8350.104
54364,4311.8413
97228,175744.38
131809,29243.648
72358,7685.323
77791,11561.417
63597,18712.078
84868,30767.668
96778,9918.171
66057,10564.649
25794,92757.875
10821,13935.284
141128,12326.738
127600,69653.95
61794,31898.908
53029,37498.812
19973,8442.334
104864,55058.63
113395,143986.73
69878,107526.86
13173,13721.053
29177,26288.654
69753,3885.2322
73252,79144.7
41652,108270.13
106300,6000.5825
113793,3920.8308
138747,90614.086
52863,12893.534
1749,9657.326
48951,16874.0
58851,40435.086
62267,62669.13
130114,29989.889
122854,38375.27
94608,85596.445
106671,15529.503
117337,4751.576
84095,35147.582
95691,5775.432
108341,58631.133
60338,8311.358
146292,11815.349
99375,64964.59
10646,47285.793
79338,133562.61
126179,6378.141
80314,96258.734
54266,9777.907
112418,1390.0126
124549,97981.08
144471,14428.821
48957,53817.246
130852,47224.11
120406,40371.8
51456,11165.639
109257,45735.637
24286,71210.61
115180,210152.52
41097,86726.69
74963,35432.473
56987,15197.045
123695,46635.82
56130,7842.4985
59714,92796.336
93894,4475.917
141544,11741.259
138462,22425.129
62225,16161.999
104887,73114.57
34739,28239.268
140512,35432.277
96786,13261.929
144710,11099.258
57950,6710.42
96884,127080.16
115007,16765.85
135022,195004.72
83638,18780.383
1429,6125.157
124612,10313.928
36011,43550.74
124294,108104.53
39891,11608.66
137430,8735.154
135605,7048.3237
119405,46673.188
128899,23860.777
74233,18327.129
14167,24678.65
103927,47429.477
89550,74842.05
90333,1883.3351
52851,4011.4875
93045,108363.68
43704,13786.851
59477,11136.13
23158,71738.88
21354,52388.75
127902,16341.956
124966,7248.483
71985,10107.342
39459,125764.35
54657,52549.145
57228,42130.703
68217,13068.911
67412,24635.371
50476,43251.832
59390,5166.383
76936,3315.7085
104398,44735.75
111498,11667.993
75805,24527.256
11025,12189.734
22092,23194.168
95127,32952.223
115088,130030.56
104638,7641.8594
63995,21384.018
120067,65960.24
119025,4043.8193
11072,17235.174
72894,1852.6508
112072,5621.3276
11273,43257.16
103591,124606.8
28938,3813.9092
56055,105057.03
16136,9596.569
72364,52085.0
52353,12115.48
126312,28588.822
33653,187396.62
95884,78487.79
116699,71896.72
93538,8403.424
126461,31289.775
70361,10114.123
96992,89893.91
60287,39379.98
90817,11110.263
15710,10807.692
62366,1254.7489
44329,3227.7822
81876,6655.1753
28299,16967.059
55490,30983.29
2694,43641.88
62845,248472.88
9109,13171.246
12141,4471.651
7372,5128.7993
10556,197248.33
55274,15519.383
129929,25088.285
64972,8033.4634
80714,99021.58
95276,2969.7686
19497,68319.445
93515,162972.1
31204,18406.592
134762,2323.8743
98072,11056.1455
40443,6343.5557
145840,53149.39
38722,46775.777
11117,28094.377
108311,149404.72
55255,53867.562
68799,52128.207
21162,100630.31
334,7629.732
145405,91689.43
37522,88342.586
48591,24138.123
97549,32109.057
120362,18436.143
52405,37505.082
10487,35134.05
129653,4045.5967
45095,55681.44
131467,16947.584
118996,20203.045
89931,155989.73
54946,20329.436
50987,195578.81
42612,84253.66
15664,70661.53
1362,5161.5073
137336,22651.941
106656,48551.43
70057,37958.625
7792,105402.445
114423,22140.568
138112,55058.883
15887,15155.792
24677,9286.509
100169,14544.931
99145,8458.165
138423,18612.076
74518,19450.398
93697,16202.425
2444,3456.4126
1610,96064.305
35815,11367.65
108008,21954.686
131011,11794.584
132907,41093.51
32527,11500.956
130432,27558.992
10690,20459.355
78274,35090.38
15421,114469.98
55970,17640.111
143123,107450.0
140310,18005.53
108128,13416.88
47870,93749.05
109183,109147.516
38645,25717.73
12091,21119.467
58373,64720.664
80231,28220.58
51751,155419.72
133879,30662.094
6107,14585.979
19187,16584.084
24230,26897.686
111419,87998.195
27187,2058.0845
138877,7517.2695
74184,10010.854
33110,30753.998
39624,9531.599
78397,19180.67
20025,3102.0745
18881,10249.958
78209,17103.896
77506,22300.746
65195,20712.766
144593,80738.05
100515,130432.89
50927,82535.35
65327,8873.761
143142,9729.011
143099,18770.707
2629,12759.226
114663,10913.303
99451,17272.615
19894,9166.498
33876,126250.39
45537,10542.019
35482,67826.31
115023,11383.649
3898,5913.7437
94523,3172.9453
65113,7055.6523
95386,112008.76
36361,32302.174
143817,27116.965
18571,12825.028
75245,115321.36
50272,21637.957
61161,8263.864
21728,47810.047
6533,44185.188
102283,59532.46
84588,6190.1973
128690,5466.151
96469,5334.9243
10684,10064.284
72581,10768.627
97825,164370.52
94450,6957.014
22226,58346.168
132398,21585.7
48511,8909.21
56899,114449.836
10663,218376.69
110366,63874.363
86003,17517.234
97269,74087.02
138375,32960.664
74876,231242.83
63113,9520.772
30622,31369.469
49072,132377.48
43465,4319.82
101978,23471.422
81546,50663.812
133754,68882.8
108688,40962.266
9278,8351.738
90193,4471.3896
52807,27099.879
132990,57793.945
100652,93179.51
124336,6749.8096
11149,60522.117
114830,57171.49
44281,4420.974
138560,22654.312
4211,108929.35
92183,9674.847
13138,30915.172
133336,987.0199
29058,8728.994
84932,8250.296
51928,43170.9
7497,71595.555
31063,45122.9
3621,9901.57
148734,6166.725
120432,6788.6924
97808,20451.365
4461,43663.035
17188,8863.906
115714,9253.642
84472,136807.23
27210,64255.312
29675,10261.876
127324,111919.125
116860,47155.523
118887,100793.79
79147,355152.5
132817,14564.772
128525,2374.872
112125,18241.08
20367,9173.471
43839,6914.2104
140531,25598.977
102936,11042.115
144269,37292.76
97928,33407.777
101620,17556.367
4624,19123.754
59169,101435.64
34212,47693.56
110605,11699.333
144119,179423.34
77606,1248.3628
101448,30444.916
56865,7228.791
15030,8553.744
80294,63058.73
22643,126709.234
89005,10144.948
56030,21362.719
96465,18540.014
59364,5541.59
131306,23383.15
132375,5482.6157
16164,26467.955
97898,24118.123
97259,29450.258
133234,18867.125
123348,24597.29
93460,99378.12
79162,32274.363
88123,19281.129
41772,17140.117
80713,12451.528
97010,4589.7617
26751,1275.1663
125575,14019.474
88499,29385.492
31564,6305.96
28479,42623.33
103084,257119.81
110529,17937.438
29293,31891.947
42545,5503.5317
58810,9578.777
107877,5037.9565
13486,192868.83
39296,8891.395
77229,85609.53
85005,7646.0303
146573,46639.152
13240,16200.9795
123066,8160.3364
58312,61402.47
50562,31183.648
20098,29694.656
137004,8809.889
39840,16857.732
13078,5575.79
13021,30273.008
42516,11986.731
94793,35626.258
54571,75680.18
111883,27481.686
61009,54156.934
94992,32684.418
124680,259667.88
564,47193.605
129098,25240.105
137536,142300.52
123622,244998.84
132145,3299.0337
96130,4942.053
74701,14179.421
106119,4980.6987
67749,4589.1265
145807,6862.92
65286,26580.217
76698,23558.852
116688,68748.69
114195,63356.15
105227,18051.47
126437,8939.033
19400,8164.2407
86777,9659.885
11766,16107.404
56437,8469.009
143329,40455.684
68548,18843.42
75890,3966.7612
47639,36027.082
105418,22280.068
148384,31058.834
149782,7612.987
77779,12377.697
86356,36207.387
109996,43149.133
48990,2393.0288
69332,38345.973
39743,70614.78
32972,2856.759
134051,19127.283
76796,30808.258
80080,8168.1333
129061,4075.4788
95334,7924.3496
126789,8789.732
44291,25156.805
65288,11961.655
3929,24290.074
127005,15095.869
146183,7515.2114
1348,55214.637
45428,56862.434
76746,10365.382
78366,49428.637
113878,29102.838
121375,69656.7
15480,86078.28
48410,9520.624
78983,35447.973
142450,8579.554
105154,2.8492436
16146,26844.549
51101,140585.31
44300,126948.63
116244,8174.186
109823,5199.3887
115619,22836.895
33857,28785.61
77736,110407.83
41681,4128.0635
128789,8167.272
105439,41895.66
61946,165632.52
108792,4313.617
132456,52761.832
146833,5282.336
32408,32795.82
105722,2038.8099
21185,15288.056
134444,41324.2
20981,69739.53
130999,49705.645
17924,45051.773
9336,24165.498
111523,11668.339
149767,33892.81
6902,84015.85
26849,17113.242
39657,21223.555
130248,98444.89
58188,35401.992
47874,7394.543
52980,28996.47
81071,52806.305
102256,51735.316
112559,3749.5403
27705,38647.15
49769,14412.225
20339,24865.97
26167,164624.78
137297,4386.548
89118,16365.739
109552,6656.188
68169,8132.1675
94298,26517.186
147168,45416.332
98268,90427.016
81259,4296.91
37791,19429.33
105919,119553.336
137960,10568.319
129272,42627.016
73311,111243.63
130717,4761.409
112378,109514.086
94243,27117.924
41841,39468.227
32761,57460.4
97453,106111.195
144576,74095.08
71338,132251.58
124119,1134.6388
67032,7909.4985
94081,22329.842
142093,29441.6
102376,4938.599
129395,58264.91
75109,4131.793
89230,41218.387
85299,11538.643
149698,31498.123
56306,39956.43
37546,19591.262
127471,34793.047
26836,79624.22
91216,75173.25
43156,108528.77
142468,30087.848
17544,36651.676
112782,4845.665
50265,105493.516
70541,49544.312
14414,14113.354
91873,159961.3
145735,29378.33
105508,61245.91
134592,10042.588
49713,2007.2572
2282,15701.025
55845,15661.498
89178,75645.09
76579,18748.81
9657,43344.39
47615,21042.38
63941,19468.977
60923,5726.201
51130,23686.275
137690,40022.04
66710,34948.367
102785,1064.3092
111878,8706.938
34549,222452.9
29494,11159.146
66017,22205.562
54860,12329.949
1431,125610.3
140044,87966.5
81720,11848.243
119188,17470.19
119859,115437.63
19625,3151.7485
32099,1878.863
121155,8407.308
77248,59500.5
48779,54265.06
142533,1166.7386
56367,86138.375
118814,19655.076
56426,11910.958
63743,8383.16
19435,30587.564
131177,66611.07
39433,60694.26
139360,154248.28
145782,139591.56
33019,74562.664
17635,15388.295
28947,3183.745
37566,26985.75
50378,155041.92
123832,53735.543
16919,69504.21
143801,73894.914
138614,13878.84
63618,25205.252
5350,21545.924
128341,75411.93
21965,5318.2886
102045,47836.094
12587,60916.02
113195,32558.23
2823,26898.266
105905,18978.871
49786,38471.027
63389,87983.55
31719,7545.6597
30713,63546.297
91044,57058.53
114992,119636.47
149897,16953.451
89371,19077.4
32002,26095.445
112295,15546.477
137660,27276.53
125564,83169.01
147306,23357.29
25276,11953.173
115858,5084.856
56997,92161.2
113207,29075.936
2705,46060.56
96041,17378.67
81158,93015.86
17072,29519.938
91977,886.06134
126807,7517.4067
87869,22009.84
74061,4017.4746
90925,8920.206
148744,205446.58
141714,18795.264
11893,31028.836
43993,23230.988
99535,7575.5576
28534,7499.426
51050,3528.0142
104108,1012.2648
123360,20188.736
130943,23131.1
74608,6580.919
19195,2657.218
97459,6795.1035
122560,17506.664
28991,89372.234
67834,36189.223
126331,22684.574
20382,3212.5708
23489,53760.43
71102,7907.6704
117422,63677.78
139043,13337.757
122382,113681.64
47208,3111.4675
27093,27564.697
101767,12202.488
17357,19530.54
121315,15760.517
79673,2872.0337
142323,16623.756
1140,4551.916
63858,95546.67
144649,162619.53
13370,87512.3
77708,168547.67
69853,24723.217
108456,57919.61
46133,8503.811
114342,16663.193
121898,18513.166
21550,54517.06
34426,7844.743
147991,26722.715
119330,7399.802
11518,44184.96
1112,8237.591
35358,26214.404
120576,94664.41
133164,5477.0
25702,3274.2197
6804,50526.492
61689,11129.806
62752,10311.417
144726,3278.972
147004,10973.722
12109,4928.1987
103229,79920.17
31776,101254.195
77165,38797.18
29541,11758.774
15722,17714.977
21320,96232.28
100980,11264.352
87902,13981.082
23043,40150.957
138102,11694.535
133091,98918.27
144451,4369.52
79621,140422.72
11961,17768.438
90556,43732.664
19429,15304.039
49183,16310.459
139635,6280.8403
101634,61455.973
27904,5190.949
54787,73589.9
76187,472708.44
42667,17758.373
6750,2448.0503
42812,2511.681
102383,34181.46
146850,7510.291
74557,37616.33
3901,15419.16
64812,53438.062
145496,83387.71
116886,4836.392
17559,2049.9219
25857,82966.32
140916,9510.929
61229,4294.2017
112664,13548.654
115924,70000.71
31682,9585.726
20590,114442.74
77795,28423.574
118799,17116.953
6205,10481.232
52015,41424.883
146128,7710.3257
78186,49870.902
108322,85225.25
28693,89869.33
46665,73471.234
59366,8252.174
139697,137968.42
131136,27911.896
115285,342304.94
60100,34766.492
132434,36752.496
76325,13082.839
129446,74451.805
84548,233651.69
147013,10338.941
117820,47468.555
133928,7400.6494
32383,27798.697
19794,5837.521
89030,23006.71
19103,-226.73325
89232,6401.7256
145967,6496.225
42422,89719.25
55399,11854.003
38759,116933.74
10265,26759.586
74684,11732.604
66128,8683.879
30905,134496.84
56317,8322.49
28686,22909.445
8512,41275.41
102003,28553.447
57977,117960.47
18397,6581.057
138848,5485.172
110874,93738.27
109051,44110.75
88837,12532.894
129994,38633.867
21857,21515.758
515,10070.805
79796,32487.768
72592,71330.23
53064,30788.994
57716,32068.578
142375,105606.055
29016,3962.9297
14331,19086.004
80876,6839.6187
25855,59194.29
126671,1871.2952
98902,76701.37
134332,3059.9631
56094,49564.957
92965,24501.01
20393,23767.07
80156,89752.54
143508,78538.72
11730,5139.1045
74675,35318.207
53647,43267.207
43217,335728.22
125763,35245.39
32591,31947.697
141937,96146.37
46975,23371.86
59769,11456.4375
17093,6498.1025
5025,54172.87
46061,85309.266
138624,7924.166
9655,7276.827
22157,12261.188
4713,4574.8623
89818,545.2061
15721,7753.606
96213,28239.168
72644,91622.99
147069,4548.941
65490,5240.554
34892,18210.676
74245,105752.48
64386,26179.031
111530,4612.742
10095,38171.73
23280,366180.03
125503,19153.041
48316,6174.843
72651,9887.6045
106950,8637.155
129930,5346.8975
9804,16371.08
13095,159124.69
109796,30689.414
104402,99869.805
13684,9206.678
19668,7128.2856
52266,16948.375
3254,65615.04
9463,3303.7563
58468,36125.426
121426,23508.969
10505,10427.966
84083,12479.299
16018,16031.467
56630,40028.785
12234,8333.619
81257,119958.57
118743,1567.6044
45368,66357.88
119829,4424.6675
92693,88397.836
63241,8462.8
9852,7315.999
138424,47090.79
1464,1142.7172
1549,76124.375
107536,5798.809
120937,7695.487
49180,10673.367
112759,8563.349
119282,11069.306
77632,8755.63
65550,104954.65
115384,5402.8896
8283,12620.922
48662,13722.963
36735,33070.633
131924,5376.505
88052,27716.03
133777,56243.78
46715,106389.3
58276,64148.625
78747,132498.0
71245,7690.792
25275,6353.8867
35674,5462.819
113104,14474.594
71108,47240.58
136847,91035.52
81843,92540.75
58247,6150.415
37448,149022.77
58014,89182.8
132892,77241.31
75518,18998.447
45923,7629.7627
42664,71117.33
110408,66118.336
85088,10640.817
36234,136081.75
122220,2335.2764
71056,52428.63
67538,36878.242
21818,2192.7642
105005,15637.212
24824,132642.86
61037,8070.2183
142242,6942.5493
52257,53687.965
105886,2453.2297
57849,26495.172
84632,25964.62
14907,89009.1
94602,184325.66
24089,36600.117
143524,60147.555
40186,7181.42
31093,28803.127
47213,34978.445
25467,12282.325
38359,151458.9
61969,13804.348
29411,6309.261
1731,9967.82
79130,30635.707
113273,4811.0786
67709,5453.8
33855,42080.695
139135,13045.979
122830,4584.4995
82508,34589.055
49819,89695.75
57094,15964.816
90109,1020.03326
90655,66049.95
85073,173874.16
42552,4248.6006
39110,124919.66
77093,8773.514
61049,28723.578
106972,46301.508
93338,49812.02
48800,94932.69
89558,12078.804
23682,3511.791
117225,23345.422
149679,8082.707
99608,3939.6533
124548,5217.324
105915,3417.3743
99107,26696.326
10636,3783.0186
137490,117657.62
117595,138701.67
52348,5112.023
32666,141533.22
95336,28945.025
140478,15514.218
63087,15781.464
128970,30892.945
103644,11947.091
14413,20723.361
45164,8411.144
83193,1526.2649
41431,84578.836
132163,40368.54
95406,10378.827
55053,45554.15
20385,29247.016
36702,5174.4214
135527,10830.628
134305,41218.215
93674,84796.24
86388,8334.659
121798,62357.062
6114,15524.015
92133,93111.445
24797,100590.29
12576,23766.256
105978,3258.5374
123770,74699.66
97477,124440.77
136181,36731.86
14453,29409.914
60686,8188.946
112185,18599.553
25977,24878.93
85084,34523.027
114968,160115.98
85574,3415.0327
11511,13258.753
9821,98262.58
116750,82320.48
37071,4021.548
47373,6340.798
51952,106159.95
64512,1277.0215
94952,12909.125
14344,44285.82
95853,8538.149
59562,12711.394
7396,28291.592
40578,10463.448
87740,9174.952
12606,19401.512
37622,39211.004
11066,3620.8926
27795,27785.64
56800,2717.402
50019,11798.851
29182,47362.41
144344,17313.357
81760,28285.932
34105,48754.74
88717,24275.611
149062,309957.0
27188,47083.26
34067,13171.508
4449,115816.16
83805,46148.906
46509,31799.518
96776,3105.7324
25802,17973.496
102381,2880.8833
139501,114163.734
145973,2927.0144
84793,10584.761
12825,9787.969
102087,42631.75
112523,6057.6807
76358,32704.186
78842,25271.936
123017,155927.36
65931,9966.251
84896,15167.609
19492,15396.665
129541,11905.874
82881,7304.944
94227,84168.79
18754,21556.09
18289,38984.324
134924,9205.164
36659,126481.01
73395,160552.94
21957,14510.213
140507,86237.24
149771,3341.36
139739,6371.857
3857,29887.531
80303,5431.478
60329,9870.238
149264,175556.69
64099,9758.581
3342,413.28223
111983,12856.254
36348,7121.7427
26801,6852.4546
63793,51441.355
124109,1615.426
95432,14165.917
223,10330.054
65431,31217.062
68778,2852.961
56830,24662.11
47466,17147.969
89685,46611.82
121487,54286.69
17562,43863.69
2817,5128.3735
28514,2544.576
13869,10992.783
117035,13230.7705
125047,6239.074
61191,53920.484
18467,8623.294
135708,5953.9756
46726,2853.4102
2589,59789.5
42853,154752.36
139287,61016.887
133643,34410.496
57917,12957.42
107689,3384.6934
54530,8817.8
81616,39658.176
80516,19209.363
38718,129320.195
116021,156018.53
143480,12183.713
31231,6607.59
142714,68236.93
59432,36931.684
112183,90156.02
90904,57249.562
136522,6888.055
73241,40150.71
28687,12253.022
24051,2060.1943
80120,26006.193
16683,19301.559
12305,37211.66
93156,47917.074
115779,53076.625
127543,46945.13
109922,16369.676
146338,13715.744
80173,31214.418
146433,3107.1099
63157,3408.5698
98995,10177.012
72061,28963.248
134928,108298.9
43752,66235.22
103832,7627.9297
63934,28588.309
108384,18970.44
89704,14439.534
63190,30396.764
2022,12931.927
87789,3295.1233
87379,6868.2114
21723,13081.333
25359,15388.844
144664,15470.053
33793,21803.707
50028,1440.7856
23639,165798.84
65287,89532.26
126704,8423.175
116908,28930.44
110640,23873.81
29597,17090.34
99425,68437.78
113473,68261.11
148626,40938.035
94028,6512.37
112364,12686.594
93053,42448.875
63277,49560.91
123524,79930.4
48017,61556.723
18859,34913.426
802,186188.64
138511,10219.856
140705,14225.261
77685,22747.264
98818,91576.32
97754,108273.47
23838,13288.968
125844,50328.223
123797,6454.672
131680,7688.2554
99928,43559.66
132664,38080.797
93914,6472.5146
77183,21390.998
22060,16186.851
42968,13460.056
15964,5851.115
16652,98786.56
80807,66345.79
55170,4304.678
79284,14329.736
145561,90961.32
36943,4446.8506
8251,36166.62
36407,3484.9246
99304,14027.423
50710,40426.016
123109,6040.8076
81352,13416.549
32764,26529.795
65379,8785.826
12831,27674.703
81386,9681.071
44170,8987.755
74662,8282.88
47773,13323.628
100452,33155.727
87136,22477.531
72731,10912.173
93745,24340.678
144542,50854.492
87636,59604.902
128674,24357.227
62069,6174.7
6327,30167.875
144693,8864.078
55875,8582.154
90507,6176.5757
112817,9005.803
77192,3894.3801
36634,33511.344
146517,388706.62
14788,10341.977
146143,11567.912
9385,8437.917
128011,72253.02
146667,80860.29
94754,79320.39
138688,19693.662
90595,53062.492
113952,55018.656
92197,4065.9543
75000,6308.9463
47201,77043.805
101215,19564.771
87117,109329.14
39978,40009.316
121520,9930.583
75784,47912.055
74436,38670.87
116023,34690.39
128234,28328.56
61527,35676.56
93989,48400.4
80775,65244.01
64980,59646.484
105024,106110.24
23613,24380.377
124664,2902.2917
1851,25339.543
65816,8749.856
94829,8297.745
139458,21529.95
102123,1076.7037
120766,11939.532
131053,47605.164
79839,124077.1
121969,3533.4507
55505,96412.36
16813,4986.856
126846,38344.426
103333,43698.89
64586,123718.0
122156,31179.545
50792,5905.654
67788,54589.887
112663,15815.968
22345,10976.726
87904,8429.45
6723,7622.1665
111594,32696.625
146527,8960.284
98589,12023.644
2807,238179.03
63172,145848.81
138655,12369.769
135889,29397.352
62906,8299.554
53794,32707.018
56877,23026.275
700,85941.15
14482,4162.2036
64162,61520.457
101797,2129.63
91547,3344.9082
74933,16325.791
140982,2536.327
73586,8122.239
41028,114474.04
114688,11074.583
98551,43741.375
105012,24151.19
12885,28435.732
54903,27764.318
132925,68656.85
69505,44252.484
145281,1430.5061
79741,21589.416
101499,6267.883
86477,35824.02
47108,13147.463
47401,195048.47
89181,50656.316
84597,50674.46
133779,133767.67
18804,87804.35
63306,60295.57
37490,395366.22
122752,80376.234
116269,96551.92
117458,3566.2124
102748,34770.066
50759,34637.71
85164,10416.973
42334,25476.023
43581,59003.26
76080,6541.078
91066,113058.266
54186,69949.26
135818,76611.64
55036,113211.23
88705,3963.9475
33721,27040.19
32919,44084.785
43082,63888.887
3515,53051.406
124903,12847.05
29107,75528.75
114769,3015.7798
55418,110389.66
141901,7218.3433
53417,44744.316
70653,14815.538
42408,14157.139
86409,232759.92
68666,24800.678
124053,67121.32
27432,19513.61
12969,38640.5
69475,2030.0026
29662,97166.3
98255,47774.996
75997,6307.9805
76944,12405.802
80840,9526.734
134520,24505.32
145112,7494.7056
82733,146265.1
90653,25591.105
74765,65367.098
90381,1900.4604
109988,34243.234
8667,1957.1088
105784,35252.88
31147,4719.8047
105107,40438.473
67829,50967.73
78384,44197.066
140456,44086.023
4426,16857.504
120531,29905.537
58107,33849.574
140819,13183.95
144686,121026.94
135148,4851.022
43354,33803.527
134368,56357.875
44413,9549.187
142553,5106.1475
27511,6584.941
50795,61064.14
30460,53514.938
3265,48844.027
129521,32358.32
117549,10203.774
73083,2452.73
75265,31241.04
87697,14324.06
74258,12126.499
10990,8470.29
86814,10425.061
117301,12778.231
34256,8715.23
92755,6366.86
23584,9100.752
23698,294752.47
110600,47449.504
124539,6107.612
125132,16806.191
38487,10673.281
145708,54660.684
122424,12151.384
112318,4335.78
10771,3068.7964
41221,18298.502
34213,123939.04
63727,14689.201
26475,75445.07
15339,3679.0974
46003,21775.73
140065,30152.223
51327,13994.78
110664,34172.355
80988,41464.668
63083,3411.3374
125189,391346.6
98424,54642.918
57321,97722.06
57042,17163.047
11626,1479.8743
4669,22672.895
17510,6171.7905
36393,10437.148
43404,3463.6626
16223,6580.3687
12542,19825.184
31965,5574.444
27321,17568.299
99512,167375.12
33658,48141.99
128683,30018.69
72024,43372.9
47960,9935.403
100777,8703.623
53364,33928.297
115430,156118.5
99519,25468.783
99015,2865.8003
141911,82760.93
38993,12741.943
80512,5043.59
118129,75434.875
71601,15561.555
78056,17535.701
82286,10505.818
94579,8713.043
40602,29580.76
79104,12288.306
137428,7394.249
111914,29118.572
33733,13051.757
136705,1393.7313
81376,13730.884
143538,13199.095
96790,7271.089
90061,16374.888
81018,19484.523
117390,33992.785
84889,36650.926
14108,7604.4673
85241,22964.32
97811,18737.67
146575,126995.76
63476,6200.3047
4554,32376.111
21523,11387.77
95765,17275.113
143966,10917.635
8037,21279.824
44946,10111.532
75020,10142.035
2776,79837.01
39877,9880.544
26844,25339.332
42823,7687.342
28842,3841.3923
144702,9649.223
145353,565526.06
135189,62561.367
103152,24291.062
142825,115967.48
103156,19705.613
20231,17267.686
143447,4894.2603
51229,3933.1243
71434,6050.005
98494,97517.38
115729,3447.5222
83008,44849.215
59701,31053.166
90307,5753.6274
18554,2007.4951
62475,15374.487
79360,15385.775
147197,58418.816
67184,2918.1887
16401,11700.063
132427,19286.111
126834,229254.77
76229,52816.1
7728,28000.266
90493,56986.074
58553,83957.82
39590,15826.682
146126,54084.676
58687,8564.179
24569,10682.249
88520,104875.18
100051,19058.33
55813,117475.17
13721,111970.22
22042,17609.51
64681,17066.049
73001,43644.79
110723,73844.77
1674,65423.695
49161,5102.428
12330,48965.91
5439,10506.673
112345,71754.84
71562,191791.7
46776,19720.008
74630,128763.57
96690,6880.004
98659,135769.08
114025,216380.88
117683,11708.524
130577,15139.061
26616,21424.334
131957,71870.48
136072,54957.973
139166,1773.8759
69978,23400.598
27219,33507.867
38083,3177.821
11915,21399.096
51580,95865.875
1874,15495.377
81203,22895.68
23033,11655.738
30790,6157.3027
127722,20330.018
48726,125205.24
84268,68357.93
10532,6498.0854
87680,153171.45
98532,1758.7405
139053,3831.5676
30082,6089.3936
65880,39369.59
74897,87852.7
84491,1025.7969
136134,8365.218
41734,59932.27
101806,6392.981
63966,8130.773
5799,7533.4106
124433,4149.2925
39711,127258.1
132403,7579.602
9580,85003.69
22581,16486.299
19742,81584.11
144109,40363.457
61612,8319.8545
98692,38922.15
9629,114975.55
148902,18100.691
43475,40259.824
93132,43314.156
112994,5700.6494
115197,47941.184
11805,4318.8945
547,45992.035
597,25639.861
59116,13179.028
121361,15273.164
98649,7866.5854
75089,12481.652
100093,17898.098
16968,3343.637
118866,2048.0796
8089,7311.19
63525,16958.033
45903,17999.422
45181,18290.082
96548,47517.332
62879,22619.977
1295,29734.396
117340,213751.31
46028,6813.554
137106,17119.361
83185,13989.656
130880,82968.83
2671,286941.8
67374,19062.729
90783,70288.39
94979,1824.3577
48563,246986.58
8831,9509.931
130802,63221.98
106765,72380.5
138812,8613.976
100,17716.473
15764,13745.643
68280,19463.48
134237,30757.932
135329,39345.066
4647,16372.899
4047,7525.126
134610,33049.87
44535,14144.413
29240,23971.354
114324,2015.1392
110682,31248.928
120421,5875.914
139124,10392.816
106438,89602.16
95750,18822.676
50683,4914.246
46228,3462.059
131241,97581.57
47518,13749.317
6849,10103.391
113322,5135.848
17579,84375.58
118421,8868.827
50769,9088.756
15984,44475.035
111084,5954.1895
44058,68748.88
114605,92204.336
104429,83317.305
67590,20441.797
74390,12282.963
1144,11276.2295
3079,18427.055
141017,9191.874
144602,19072.85
48498,11504.87
33478,20408.852
82769,4191.8364
115613,63655.277
40145,10970.433
136568,28154.398
47545,32457.656
20975,44024.273
88082,57487.176
43636,7280.1675
96798,4782.41
90586,27862.455
79170,32306.11
83172,3249.7485
38853,13486.218
50854,19484.94
22641,7496.2383
97062,6615.5513
139271,11085.542
90200,16345.242
66810,59140.645
133713,24289.775
122736,15544.954
32240,126961.24
58437,5294.4233
47795,7113.4243
37504,103667.43
41959,7902.3237
61693,58570.133
30533,26896.574
20262,306856.2
7482,3241.1238
99286,21668.314
42372,71314.78
26118,28898.734
132857,46742.312
54361,51883.273
102210,3538.7744
89506,44978.082
97863,81055.62
4592,53788.242
42838,1803.3231
67941,4506.446
133543,10452.683
99091,93640.08
63143,49968.438
119684,79369.375
131017,18695.668
56614,20646.18
128010,5651.9653
17185,2646.8787
102097,41807.9
86894,27218.953
144032,2449.1848
13945,11337.413
71614,2907.9768
40043,7535.8354
68747,4600.6484
62671,53227.258
5345,15933.418
1949,24523.104
113655,61132.355
3854,7213.403
79963,32854.586
73262,7225.513
59749,3313.6248
139554,5599.205
119670,11796.387
116144,14513.436
4664,50931.53
94433,23289.848
96342,11734.259
92734,36103.457
31212,6340.61
59429,1578.9644
49596,106405.18
112119,15898.737
100835,112748.5
103202,35070.617
142250,18634.41
54322,13798.504
51436,8792.294
20107,59273.836
21847,18717.273
143648,9425.239
102730,11606.575
37461,12966.801
1141,5286.9517
101094,32992.45
48001,8598.213
48543,31481.969
27291,1291.5453
44037,17966.121
130925,41863.707
39165,107996.3
31829,9065.566
144867,6650.8174
131118,83081.02
142074,34648.824
40611,108053.92
6360,10032.755
107862,40335.57
54161,5545.5044
132079,58851.668
69942,8384.653
72012,43393.85
127864,48099.473
84012,81148.74
25307,16451.027
39232,9770.569
141108,12280.8545
54002,44861.47
72677,12081.376
105128,63983.91
40444,62955.26
125683,25463.334
69592,33656.105
97670,207967.64
142284,7930.1035
20775,4002.6067
106842,9276.043
32688,22906.266
68741,111319.016
44823,11549.363
68096,85763.555
12028,39852.37
71543,63149.465
142819,194708.0
76168,20667.008
65074,5431.4604
26519,8526.843
85125,122346.234
36005,5965.552
144125,6408.158
130493,24741.652
95360,107980.234
34934,68197.625
87563,26759.875
110634,1848.1001
10037,55852.63
46876,11844.383
109904,9765.842
58951,19946.209
33165,47637.69
139097,20632.709
106166,46169.86
47516,52183.04
134809,36376.29
128390,1577.4652
102578,57631.066
142171,12236.829
47968,31840.72
101941,10797.714
42210,17413.205
3674,12402.016
1323,16172.902
10900,109831.305
50798,30257.248
115032,118093.15
34365,1172.7426
137280,14924.393
27136,1288.7571
21327,16025.091
39382,15007.581
35957,53834.65
51038,8854.973
93325,9609.97
143575,1545.2421
87310,43840.96
86169,18234.732
74004,8768.188
30016,10660.545
69914,11263.849
19208,16210.058
29722,7658.5244
38037,3935.4868
112842,33791.08
128785,3013.673
104121,9618.534
28372,20520.672
93014,13725.95
32932,52989.51
67061,18552.17
81334,89681.16
12511,48000.973
49279,12263.527
71027,4660.1025
26480,26320.033
21361,18247.484
3580,9810.899
120789,11327.24
125817,9794.531
73210,10586.39
44055,101762.41
144395,4339.7104
143236,13104.4
143864,107382.93
102631,6597.6743
8824,4631.839
115097,148692.16
120109,27637.877
77078,28703.14
118451,149343.14
93584,22540.111
46891,77107.18
149783,94839.2
56559,1366.8934
146720,6782.613
110843,4719.014
97568,22852.277
13453,7364.7983
16204,2147.3745
136765,9885.05
60042,105729.8
44158,16917.414
81769,21808.262
1193,2390.085
131817,55661.918
76632,5746.941
41006,116751.09
148792,11505.782
35146,48709.33
120517,66089.26
68698,83032.39
12806,14868.767
8371,7295.542
96442,3104.9763
133984,41706.22
139393,103070.31
108130,19501.115
9939,44160.02
70092,18619.863
22043,18290.484
139311,12042.641
58392,85617.09
21832,15490.184
106121,384515.16
54796,25800.027
85070,11506.568
31753,13010.617
146768,42530.69
16634,24186.242
7946,36336.285
12854,11516.935
76951,60428.375
68477,7833.007
116216,86579.08
69249,21186.611
97317,24451.219
58580,32067.729
19440,16170.899
36754,9797.819
26066,17333.064
69228,13287.8955
103300,26073.758
18257,9672.275
36837,2496.8542
109301,46826.984
11795,117488.22
119214,34213.895
13897,36235.39
131886,60275.49
84795,6758.344
132699,67131.13
142162,115662.92
72170,21300.635
121296,1457.208
70746,1996.0657
40073,79823.805
81034,38222.22
61444,31613.232
121225,38692.363
115769,10629.989
62058,17288.63
36640,22221.805
6076,28376.482
101150,4456.0312
13823,23638.436
89726,4382.041
149988,49146.92
62603,12106.57
134482,54421.527
88930,36512.195
99986,12562.762
68563,9250.056
10577,90665.95
77845,16630.578
145737,19388.062
136976,42807.062
126243,116588.9
42549,51576.004
935,4121.781
315,131354.08
115437,12851.065
16111,8038.965
109724,52793.45
13361,10175.978
75329,2046.8854
9592,60492.527
63753,4741.363
102141,59847.266
21490,14983.07
120475,63665.703
131840,11802.726
31348,4761.29
58672,9531.492
89034,63770.867
21150,3764.261
101879,45240.5
52942,30466.982
85352,84054.35
79119,26760.889
64294,58219.234
62436,122428.61
3038,1172.0375
93472,60130.793
126088,5348.605
123467,16275.201
35247,211268.08
55861,36734.19
119973,53393.105
72551,54233.027
134151,15628.919
149263,6541.6406
32252,34353.13
10110,3860.2737
23769,155636.73
110179,51263.176
106757,25811.338
60262,23045.451
44909,179811.56
34706,11777.392
111815,2975.114
41646,8004.4624
106575,24482.016
52812,8497.374
56397,70044.9
138272,12709.085
43865,82259.46
122931,61798.99
88349,20034.715
82009,23610.553
99540,20617.822
31920,59790.035
24702,20555.666
141719,32480.877
138673,9536.1875
34863,9472.904
33168,86050.2
70341,10224.006
90261,8556.875
24507,5377.3716
49788,10358.542
17214,61162.914
32059,65972.45
53153,57338.402
37911,137748.6
131298,957.5475
54966,45440.55
92425,24914.328
134625,18265.873
144814,12596.119
64479,19177.016
40278,54435.137
140792,7256.524
41306,5317.596
19741,48031.43
15576,1057.5648
11057,47379.934
113260,16261.974
63879,5276.7915
51474,10616.807
128285,25495.633
92732,70347.625
90500,27692.086
100717,928.2014
115676,62621.543
142344,89115.664
115880,55318.797
16152,48406.168
50758,6903.418
8715,7497.632
36657,104884.97
527,34838.023
98501,19691.482
86080,7455.5303
47250,13370.456
88413,18183.041
143284,2741.4382
9462,51355.92
27985,19402.338
6510,72929.36
30623,38127.67
47655,94218.84
102536,2424.919
13568,31343.047
492,28241.18
149192,7217.038
72716,107703.4
124745,54812.69
5323,42524.086
82109,26200.814
84399,20739.422
36665,24193.023
6703,60247.91
109210,69291.96
62691,36908.406
14810,58951.094
4413,85804.39
109872,40759.676
90032,12920.776
136402,6459.3633
34954,6103.6523
88244,46445.547
126150,56106.29
20162,6340.446
149169,16512.79
34964,44317.0
14712,24756.03
128840,7872.293
66148,17145.432
146786,21380.219
136248,39277.22
145158,17199.73
108155,25213.152
144882,30429.191
77086,11539.109
88824,54201.543
46309,128972.08
128515,2089.5676
19155,3491.7407
43367,11436.579
40236,15544.198
55600,7183.5186
63919,117595.74
49432,925.76715
143096,13740.09
12730,37181.93
6643,11409.179
118100,56043.5
103534,23392.281
132734,15048.499
105220,122875.9
139812,38393.355
113777,26906.352
77392,74940.6
80150,11404.777
148239,7050.749
125941,114522.516
109532,35202.363
92190,35423.367
6766,37133.492
83550,84616.76
61456,23869.953
4174,12073.85
31058,76863.94
50535,39610.76
127959,9251.142
31335,30411.838
84856,21978.432
62367,65966.88
49370,15570.089
148654,37475.668
116354,68855.63
97892,16704.545
137118,27405.502
33305,269180.2
94868,9445.272
63703,5452.262
73434,5106.908
10461,6797.653
44265,60962.88
91722,20666.857
34738,358796.4
99978,79823.35
120455,23848.605
94543,83437.086
23827,37952.99
64590,74034.32
62018,42119.953
17525,8233.306
48975,7206.494
135598,18307.371
148933,8202.49
104531,79745.85
91652,94308.445
138247,20064.455
22930,11524.863
48326,81549.1
58632,9007.256
105264,13534.95
131792,26053.756
1214,14575.057
24253,2122.7744
24894,3642.7625
23593,19621.172
100247,10767.042
70739,18449.768
67642,203216.75
14892,25923.688
41320,7688.8013
72038,156528.34
68068,44695.848
21734,14891.287
99101,11473.853
71732,7311.646
69345,99605.164
86614,37700.12
89068,153964.83
106512,16633.59
132110,21938.383
7175,-180.1347
142215,13466.608
16771,389.22632
112373,11591.736
76371,87670.555
2435,8070.1865
132848,5207.0522
144387,14383.901
10866,13820.462
100968,59319.625
33817,16437.857
2994,10716.171
75260,3911.9275
127625,16550.357
95835,17037.102
68479,25647.488
119041,2658.503
126525,18021.568
28167,21661.021
18456,38265.574
147771,8375.289
141886,97794.914
84327,14417.393
15358,24210.027
111255,102379.125
24291,53925.47
28998,22235.582
73386,44953.574
23892,13938.117
90310,17065.543
126273,9344.683
122665,2120.5898
126252,9883.811
130604,34619.39
106474,160307.95
115227,24041.512
66245,16876.441
42528,43129.83
39761,833.8742
49637,1587.1066
75426,28768.297
92281,44028.137
94581,71336.2
144600,9686.569
80305,70287.336
73433,6812.3223
104444,8059.6357
15202,92274.67
68821,14542.876
379,175362.72
142603,12389.123
3313,6270.4395
126769,4656.227
136063,25448.22
44164,5625.7983
62713,13345.666
85310,16549.35
40960,45266.906
113272,4283.854
114892,17147.557
27129,49281.652
23481,24486.465
19603,38949.496
78866,2565.0671
34801,22967.062
6814,39405.305
8904,11535.346
10093,80165.32
72698,33345.14
49708,34442.19
118283,136346.44
137593,130413.766
54491,22232.244
29882,13419.497
59889,24535.18
89867,71039.4
51160,108589.945
13062,169094.38
48892,12692.586
67873,3297.9756
95064,93321.26
34776,7986.632
39199,28383.354
139470,6971.028
102819,22004.242
53844,16876.264
68393,216138.6
114754,12172.795
25143,31434.527
62125,7204.6743
72254,6438.3604
58990,7278.3247
121083,40945.99
46385,124864.945
6045,20656.334
9362,60922.75
77569,26565.69
28338,92.64945
48644,19283.09
140476,86562.57
131950,59662.492
74344,21614.76
21225,6993.3613
86924,6647.257
64671,10271.273
6842,37194.492
82996,55314.3
117937,4583.6694
141970,5374.293
70235,64539.387
133073,14578.49
99896,32766.318
10824,14167.92
131937,16141.994
64727,38643.215
65788,8983.846
95907,5322.085
33043,13178.442
51739,23757.783
38528,153194.28
135555,45847.637
51270,27072.287
138106,22596.023
134776,9693.489
124005,115961.305
8112,29650.748
126903,86140.19
36257,4818.2524
5510,50012.164
32861,8885.593
95289,94118.55
27119,4078.4497
29676,6502.961
146115,153096.02
102577,9262.07
88501,2666.9888
53243,3618.779
23825,13362.081
138161,62116.33
3403,4756.212
15037,53963.688
149393,16908.398
5300,32749.992
125937,7930.9595
36715,43571.64
135160,5816.616
36759,5864.4316
23251,21165.53
147500,24676.281
7470,13139.179
36379,128822.516
143317,16840.736
93554,5615.482
79817,72137.28
39345,47259.395
58756,6728.4146
116174,227501.92
66678,6344.189
121820,42434.652
124377,16922.408
136721,45316.26
62998,-552.14813
6291,27770.215
31206,6973.363
183,39096.953
86961,113943.2
80241,24033.83
122550,22651.3
105660,17859.69
104717,38635.418
38023,248754.16
92791,17578.736
78370,145738.84
145156,4099.5713
24585,32087.518
127848,59230.516
119235,5313.937
48378,1188.2147
58933,34518.855
9480,91725.625
56193,53090.887
122006,11640.835
110662,161281.4
7181,81191.05
109792,146947.17
36654,11204.051
126931,94488.24
65593,93595.2
116950,8669.933
126707,55114.234
67480,14292.555
24461,32793.312
73985,70210.42
109810,119113.15
126368,2071.359
109676,53583.7
111233,9910.22
12208,25034.248
28334,16921.488
30127,32124.594
107728,21108.176
435,456089.25
56157,115617.14
15738,4585.2007
88559,44037.58
120342,10208.131
88087,4639.932
4603,26848.967
139569,240087.17
41827,6023.2246
89756,7198.785
51310,63521.72
48597,36446.91
103305,7506.3193
3334,28437.686
22074,41498.83
2733,11855.414
99396,12733.84
99987,41588.848
132910,44580.695
82110,23908.021
141725,48912.76
23699,8800.776
149208,14759.606
94862,45085.08
124309,5857.1343
102925,40125.785
139094,1817.1711
53347,15996.466
57816,53626.258
66170,132655.4
57366,36029.44
59911,52826.207
113764,3911.9102
55291,101293.73
3611,72846.766
137708,2883.5562
116336,9604.332
31848,11268.129
110467,18657.365
38780,47128.676
71475,6143.0376
52760,21533.543
34068,24912.635
137520,124227.44
39994,85481.37
10680,73707.54
124553,19781.951
71173,28352.322
67229,17306.916
100664,7498.9404
71989,26800.492
71179,101060.43
47661,18361.035
130660,8616.291
58116,19925.97
29944,67723.11
139954,2985.6726
90673,30294.164
76005,26888.537
2058,29193.234
48051,24250.543
108850,6815.483
68784,37466.09
53005,2962.7566
17853,57414.57
6699,5052.5264
62574,22251.838
89502,23496.71
144346,38707.273
102228,18880.441
105019,10288.96
86648,10763.05
109800,18051.447
114387,30268.062
21952,37849.59
88465,40698.57
21998,29362.193
65592,26507.318
87666,3488.9976
56422,13677.823
28923,11793.334
130051,6801.377
132939,15926.259
25926,12424.121
64490,88161.445
38688,40962.473
62944,8106.708
65110,19426.102
42963,2164.7249
79223,24081.152
24531,46583.812
46029,51792.34
56415,19346.93
22005,5636.2236
137240,9186.742
89635,21867.406
131752,34732.77
54269,11217.222
52721,37925.19
4380,79198.984
70835,15673.883
25643,49595.22
13449,12833.221
40704,5274.653
149562,1960.0558
139247,124618.45
87996,61296.57
374,46099.984
13924,2931.5325
28948,8807.711
75803,39561.777
28160,71748.96
37363,4863.55
119043,109172.234
24912,4101.7476
88883,7066.9644
149494,4849.196
118296,28383.102
96142,90479.84
19462,25456.086
143206,12124.681
137290,15463.074
18615,53247.99
72406,53012.395
29487,10128.544
50501,54270.316
72763,28779.541
87879,11253.152
118506,69520.86
48150,51916.523
138911,2294.753
65531,30358.088
118991,3099.5486
8193,38881.195
82431,9681.407
63469,30484.22
28124,15442.675
50158,7105.65
47094,106446.69
57252,25948.303
28893,8703.792
80234,35120.76
106977,2944.2524
15557,11933.307
109693,8492.278
25468,175925.78
62479,40459.203
109722,6530.633
68809,10497.785
128357,23241.379
36293,20714.973
55016,5988.264
81781,8182.994
70164,7278.856
16672,23804.848
11449,7156.9814
112419,70535.8
67270,55388.74
135739,8516.372
145587,61233.74
78515,69656.96
145827,115363.47
127961,7724.077
109032,195747.27
97614,2284.1309
33392,30109.822
122234,32277.193
54876,51561.96
50392,9841.482
21873,18848.814
26040,22763.092
102043,1592.5796
62341,122271.93
128260,53494.645
37373,105636.016
121368,19148.807
123049,80327.92
5116,5090.7217
53992,45495.49
91556,13688.68
95265,3292.4097
55014,5352.0483
109911,4167.5566
28804,11081.698
140437,2571.555
102973,53560.566
41998,21197.201
36093,11362.018
89661,28553.627
96521,8099.733
147438,9621.327
73757,13587.842
119000,4469.56
117906,40261.957
142666,42997.04
62362,27700.107
22853,11488.045
116395,5624.6177
12594,6643.7915
94468,94064.93
122519,45731.86
110312,70947.38
10641,151909.14
53036,74409.53
60142,8346.584
71920,6766.439
78308,67603.67
36465,35839.617
50188,38779.195
107585,14589.631
70745,32476.176
101069,9494.953
18724,34792.426
19004,22398.674
29366,21553.62
145406,9975.38
20812,21090.102
111080,100181.4
120526,43639.58
52368,13715.374
42202,66677.14
61684,67204.07
9851,203418.89
92228,20386.178
40393,28264.896
4749,205289.36
143781,17042.85
86436,57856.082
104692,6091.51
118293,3522.5342
136374,9535.849
77676,36507.574
70459,9454.559
24302,68976.6
111206,40864.566
131439,18766.463
66580,80985.28
54476,145656.03
120214,15504.653
49714,7668.089
57882,60415.695
25222,6247.3926
99564,6454.275
84259,9326.137
2775,18346.781
87757,17449.72
118053,37743.1
129052,9656.853
59630,162417.89
143405,8582.737
118140,41042.723
115697,12230.543
135146,35272.312
48712,4264.77
137356,10923.508
88842,9777.578
56845,21415.924
65422,62420.547
55263,3571.4084
33154,27483.562
113949,14940.8
129667,9558.583
66625,6248.103
116540,171598.39
31129,38407.5
71947,37035.35
126830,52213.68
77084,7809.5137
89430,24722.695
134657,10631.199
44892,22240.838
57675,6856.6235
3218,10350.252
109578,23874.768
126351,18902.453
128909,1028.3287
61561,55748.527
5750,5996.34
67830,8706.064
55142,33890.348
77257,78426.19
136385,1961.7931
56446,9164.549
142234,14230.901
23666,86249.02
103898,8898.708
46420,183902.98
34253,88522.87
101823,9477.044
34095,43931.613
49040,36369.184
145919,40878.133
141613,94490.75
84478,4411.529
75994,34400.652
16189,31553.512
122940,108206.68
45902,14121.47
115833,55713.375
37923,116729.51
50975,7240.1787
107806,9366.273
64543,41243.594
127836,45422.04
147894,3947.057
76413,5313.095
82128,49177.16
49424,2193.2468
96395,18911.11
86969,131775.4
77449,7737.024
92269,50786.082
28575,51021.77
91958,43531.35
114445,31747.5
145464,73505.6
105780,46292.04
37327,137105.25
23380,23519.02
133884,8750.129
58725,5990.3525
119201,62921.973
132429,73185.875
142306,24358.814
16639,3111.8174
93373,72964.93
45433,29147.658
74306,83421.92
43202,65211.78
144358,13912.927
52817,18175.492
90521,21002.428
8044,3676.9946
95718,16979.006
118196,30425.986
45960,17927.588
38946,5998.007
138257,3097.1816
58808,4495.655
56210,76775.26
112048,65578.47
87860,30083.666
67073,22331.723
36760,15816.913
72384,11306.981
17026,46952.95
74412,56687.97
22522,41825.24
61436,18684.434
129972,86386.62
114397,29723.717
42991,5518.33
69038,13805.63
38934,10907.864
40418,7703.6724
136004,92076.26
65300,80981.54
136319,8927.94
115086,24255.664
133892,169886.97
82740,5523.1953
116566,10379.343
125119,15071.381
59809,219257.81
62188,12441.88
60659,85494.42
128009,17506.664
38289,36531.96
4139,31240.596
74310,31849.816
75012,7297.2725
78682,4303.868
85155,11695.338
136069,67814.41
2217,7423.567
116005,3081.1829
124672,10438.969
84898,10186.695
11839,9650.753
75045,12439.537
133357,70979.055
42181,114597.43
17954,23575.756
76189,37690.234
18220,11498.529
44614,56785.082
103490,33438.11
123021,6258.7446
34470,32874.984
92559,17120.977
10880,102184.19
75065,18232.666
7043,20266.947
105724,71498.555
5902,12695.883
149340,10117.263
36346,64896.43
75611,4635.37
88331,19467.31
85628,23905.861
126091,47342.414
44298,47266.562
9324,92571.99
123164,5810.7617
17490,10738.435
35229,3859.858
139168,23416.82
87193,16382.881
100997,1971.0964
48510,8246.845
92296,22570.598
19976,8376.929
79808,71688.26
20668,110257.96
57374,49517.516
119461,7970.939
106086,15094.899
139862,7362.9253
139317,100062.44
84387,26679.537
66664,83197.695
128513,47423.01
137441,12024.322
75071,122599.555
149371,12901.808
58007,5690.233
118223,55205.773
12340,281832.78
142253,42153.97
137415,7214.7627
47962,16882.477
898,19643.37
149187,3269.1187
31237,8713.253
33752,4077.3408
112398,42661.574
110834,38791.996
16983,56627.996
2611,19648.105
92869,21387.516
124187,531420.9
37022,11032.253
16936,16806.166
504,35463.332
96654,12923.022
13580,27996.533
71358,10384.313
445,23673.346
23302,84863.15
110027,62521.47
126696,41352.43
117321,11674.819
117168,8759.059
121451,363538.3
147588,55160.465
70974,90373.03
83925,9826.499
148512,8736.236
15210,28849.773
8035,30306.938
146295,25217.672
29458,5474.4395
14293,61317.78
120515,3166.9858
135061,17452.193
74943,6297.489
59725,44291.49
60643,38991.105
54938,81741.9
2432,147109.84
147049,17491.578
84849,9557.28
125445,19745.92
17295,1927.4412
101225,35447.73
44468,9639.629
32064,108450.7
100812,43213.715
90141,7542.975
20139,4699.079
1401,91173.04
88860,47296.42
119541,7256.2764
92217,9533.808
78613,137252.72
116796,10537.965
65797,7439.935
1976,54920.695
52398,7484.5527
20157,65098.895
78642,74661.81
33012,111147.99
90527,17407.479
86561,18650.809
84801,10498.978
115045,36760.42
114991,68175.75
129220,57633.227
20830,73249.766
149420,15196.809
87235,17655.193
110064,50205.707
42614,11297.371
69131,104054.22
88762,12699.468
65809,15737.543
30498,56253.184
83999,10276.919
112060,26454.56
128828,109658.27
148701,28340.996
65407,5989.2437
71427,88434.71
137545,49467.71
1371,11548.403
92374,91856.3
73910,166044.88
69918,22834.045
112344,101275.23
50607,61980.055
116015,32238.922
6702,20342.66
3054,12905.778
17134,24774.068
125952,14308.204
20833,11715.285
103604,5814.711
101198,14189.355
137414,33829.79
78265,7271.7676
33413,2282.8005
126897,22699.799
18605,5434.0737
29504,64119.344
18982,1988.2216
44778,17670.121
70805,8831.802
79032,2798.508
15599,56029.984
134916,48402.566
33744,8407.491
97471,32156.617
127984,13240.487
128926,71558.85
99125,1554.5342
140748,154047.78
63379,18344.002
101451,6196.058
14551,13622.395
47450,93336.01
11485,81720.74
55321,68797.79
81531,8977.855
63300,203654.7
71852,17372.365
23044,108411.87
89375,10571.038
50301,12683.031
34858,129720.98
71461,68762.016
119488,4606.511
139712,7319.984
143049,21851.562
1860,78933.375
123757,26902.676
87603,14203.8955
38099,11979.165
71436,148400.53
131586,33295.234
85331,53459.895
19016,39663.926
145502,32363.334
76608,41987.203
59147,3197.8477
70112,54770.285
52341,17029.379
36421,13098.618
14511,14218.61
123061,24452.21
116996,104306.34
93485,160534.66
118893,18700.809
64703,62945.652
103367,33947.934
147441,21244.838
83494,116655.39
108799,4777.217
144208,7056.0303
10815,8931.587
127542,93285.3
125239,42312.51
71212,4284.0225
47011,5778.277
98861,7071.0522
42534,10992.312
36741,64314.625
67705,36920.19
111009,38603.152
107503,26039.375
19990,89495.13
90100,35928.395
7865,20606.408
114486,150572.47
76843,4780.342
132629,125742.65
147460,8300.758
98133,8444.746
121021,21906.34
19938,40631.0
110586,18045.506
17011,24286.611
48660,31390.512
92257,11348.016
23515,5957.899
26439,13443.295
14811,7157.9463
75531,5851.0405
57046,3305.7856
107562,35916.957
119281,6562.5503
100418,78301.01
116772,4068.4385
32140,145457.11
45214,41119.566
49402,56931.44
54165,12552.886
141891,9830.378
36867,19030.11
92340,69647.32
48911,74649.77
19175,19017.219
144381,6401.084
9829,29541.582
30519,5658.0664
50996,5813.384
35355,-3761.6045
50045,8397.623
117036,2743.8699
39295,30667.912
13122,50542.516
41197,77390.29
26207,13666.267
125690,20212.824
89823,21838.156
115892,44830.293
59595,5477.822
124168,66151.28
50702,72037.32
92504,27070.123
10372,30650.953
59702,12348.967
49630,40618.785
138421,5664.29
130494,5664.492
87024,20855.848
96516,141564.39
30064,17752.521
53270,10928.511
143659,23660.744
59059,66106.734
13038,13784.734
33504,7095.3716
82018,35450.125
20591,3003.56
46498,22752.014
86830,68288.984
93725,6142.7695
73862,68701.46
86180,105840.98
2420,7085.666
136482,23105.395
108461,6064.1797
2956,7605.293
18883,29249.164
102023,3862.3936
4789,47339.69
107402,49471.1
20002,19413.486
106875,23186.555
132616,137967.1
8773,111268.305
88026,23941.041
62162,3829.0479
6270,12661.238
30518,12352.898
95754,5157.0396
100091,19828.744
70193,17923.3
38410,8750.852
75378,4804.2334
107646,6845.904
22631,79994.85
94417,1338.8937
143965,14908.923
93889,38263.887
86489,8969.027
144986,13437.462
6561,31587.023
113724,25677.004
61091,-2078.896
54518,15148.107
103496,2652.1187
126702,10158.169
90924,47785.863
11834,3726.9158
40314,64772.418
29877,37755.59
116926,136616.4
12762,19979.424
40979,20222.768
73860,1389.8224
36747,24664.809
127,84709.34
4520,102973.87
82056,109892.29
108571,2327.3965
13368,117363.93
78067,-92.773834
140922,9330.4375
23404,5856.9883
78264,9097.977
2546,8747.995
41061,55363.81
123151,25436.184
141256,33900.86
49403,109207.15
135691,13993.185
106775,17897.47
31385,13391.733
70646,89846.68
77533,6622.9854
120174,19989.475
60473,4316.5894
60384,9226.745
90272,7898.825
121695,14507.943
30615,24045.217
121790,34602.387
92799,5687.124
113642,104351.22
106664,18040.375
71391,43199.355
63980,20758.465
111317,85716.05
50457,18274.914
40360,24323.36
79240,62098.293
79697,199349.02
144679,80452.3
42059,158568.1
27764,74541.76
58570,13643.531
16137,453249.66
85962,36002.793
47656,31275.803
12873,237293.72
117733,2390.2288
15574,26144.035
55176,42891.305
144966,46022.242
64638,6614.6846
106264,177324.11
52046,64988.367
45495,3596.817
128950,129823.96
98573,74603.02
14554,94995.5
39270,63154.004
73237,18180.418
99713,68784.24
75013,5009.2656
108354,304807.8
122659,28728.674
60809,4280.95
114272,52900.703
127989,1142.7852
149806,4875.541
27801,50185.35
10353,7989.87
76175,101626.62
48688,14737.752
97888,135614.4
22257,48391.8
128458,65093.258
143671,38126.4
17901,14293.767
89920,44567.945
36082,6223.47
57737,4912.3247
47066,6406.397
62599,30502.014
34959,116178.07
29002,8930.118
70624,7571.7715
37983,2450.5688
40369,41415.26
53256,2583.4138
96460,9103.569
80578,31712.627
72099,4632.9995
124795,34489.605
100792,6049.3477
109129,14620.205
11529,10831.724
82789,30153.78
90019,91269.65
135552,18573.213
21007,64969.832
135746,26068.488
148563,66384.12
137747,31136.348
35398,17314.941
326,19041.135
58045,82574.47
18743,14636.497
44394,4044.1091
124395,5998.2363
104399,735.15173
146382,38774.465
65658,1100.793
127681,11177.63
86860,22068.441
148697,10240.596
137020,15275.808
68978,17193.615
40920,116493.56
43782,4949.6274
135728,20951.87
110863,3574.58
17175,81484.086
97726,43796.973
81025,29198.025
74829,26677.064
63621,111464.37
16566,13472.532
102122,55432.68
41730,19944.309
52419,29655.924
62421,61447.816
41472,69533.1
78998,18154.531
28836,17851.111
146428,122022.45
8609,54313.727
107107,7330.913
102076,30546.096
8187,13406.968
23548,18153.438
83530,56012.125
45116,9293.3545
96885,22990.863
58294,11949.885
148261,20120.271
35916,122442.46
77994,6486.2734
65622,25556.637
78163,10158.886
11992,20063.482
109965,34964.16
147396,322960.72
51314,8066.4395
235,88794.64
12284,101736.805
79679,22937.385
86623,9887.091
121404,91684.336
53096,53506.79
99778,3196.9836
77550,1208.3011
54327,6322.308
132480,73584.92
12562,48388.465
139744,62311.508
140747,10154.357
36828,483277.38
7570,86154.99
120934,10434.086
141735,40904.79
32008,27848.592
107507,33809.176
133505,3865.5945
3808,22604.064
91487,26567.918
120938,28722.951
23897,79541.02
45560,141260.95
106272,18864.074
5985,3741.0417
133175,1695.941
144839,2266.829
21097,6709.7163
12856,28222.996
102068,23709.22
32206,3624.532
105917,4023.863
64915,61172.746
15934,3135.3464
62838,156433.84
87158,9901.302
132897,4293.861
33736,84358.44
46060,22802.959
105416,10359.104
45848,73583.8
67222,48340.527
41553,7741.3315
24913,9353.721
13226,10672.146
15813,164075.39
73232,3889.1472
53945,11685.036
117653,5191.85
89357,40506.184
136258,25343.71
136188,40298.332
8334,13326.385
65528,163885.5
97640,48480.355
137112,8568.524
14863,36509.14
139556,8275.911
135265,11971.785
27566,22008.717
89158,6111.3677
16118,39420.25
45327,74554.47
137803,21446.484
94663,18348.158
65876,41785.375
92634,19795.184
46679,13224.328
126536,24222.598
115315,74029.9
5986,10380.119
95414,22952.04
86761,28930.99
121070,5856.561
8909,43263.184
55664,18088.303
60772,12606.989
31311,47135.01
96985,7808.827
71024,151495.81
98332,114014.266
4511,39455.594
86934,90961.21
101173,16891.736
86465,13729.148
40246,149586.62
141833,21500.705
29497,10658.93
54471,18433.605
149391,35775.637
142166,6050.438
144029,8184.7783
139723,38965.254
88245,19443.137
149081,45197.86
137104,48995.527
127771,25664.432
129335,7819.712
110620,78303.6
78870,68589.625
45954,43421.27
68937,23546.117
87711,25931.154
45883,31322.701
58157,194828.2
111611,7981.822
21434,3926.0303
229,24572.053
3916,115663.016
106928,10630.802
121295,16826.982
112947,3358.2153
127213,6986.9277
59925,12644.324
89950,117507.22
141155,18191.201
44427,29073.654
145201,45057.59
72467,17306.402
6353,17076.26
9952,45408.4
113038,102039.445
113544,13439.786
5234,45708.902
54176,74463.38
105964,5560.7773
126192,14956.049
144454,38842.953
27620,15748.717
146039,18699.45
74976,5694.0024
90967,37982.492
58899,7500.2964
48329,9394.124
93651,12596.12
100300,3475.4434
112539,14781.74
125414,50726.203
34977,2272.7112
35468,30815.695
62452,17046.666
144979,17207.498
134025,193047.16
74917,69328.516
135210,53571.723
61723,5930.1924
40975,8467.217
110009,29486.12
53728,46251.035
88330,10697.615
145325,23403.988
127586,172718.31
80909,22497.7
117239,56251.727
35526,48511.883
145064,69056.81
110194,8859.6
125657,4106.105
147118,37871.79
140376,21534.314
134785,35530.438
94378,1279.4518
29514,9709.395
33897,49707.88
42133,6961.2085
461,10950.237
27924,161910.84
4968,26341.941
128286,137301.28
68582,35458.293
73463,134970.66
74569,183152.11
19630,16623.887
19602,33490.797
135020,9063.192
106748,2971.921
141476,74045.57
19061,274663.78
105969,4927.3687
37596,95946.484
87154,19768.08
88753,35745.207
95452,5026.0117
81490,9597.978
89833,17577.129
110818,65109.04
140540,140107.94
98176,34386.848
90065,56873.3
75746,77573.914
27227,76823.95
9628,9729.898
100157,20866.582
62485,8287.465
38608,26901.643
29794,15444.821
100468,128531.26
83271,57655.254
93866,2654.426
113011,28673.996
18757,3930.2434
6104,13661.843
14473,9602.19
73593,6051.1035
79693,12888.87
36857,16270.968
133744,65632.266
71648,39071.48
64017,16144.615
3555,27727.834
3239,7785.106
45109,53994.242
76838,38987.812
75055,79141.2
23847,83880.766
106868,3512.1873
144211,31633.404
80866,105094.6
71420,21353.049
28843,15973.859
72007,96493.984
116852,2160.624
84859,15252.003
64230,43414.37
121953,72469.48
105849,6748.3623
135414,27206.744
94040,203504.78
73367,6748.126
72909,441440.6
75167,10930.837
39097,77958.484
132723,5736.133
24464,34661.145
104743,2441.9995
75866,56064.008
54982,33462.836
86537,27214.053
57937,7302.761
101085,9970.369
12090,49875.48
58013,32013.844
21509,5256.833
72338,41242.57
75597,17594.47
81921,31142.29
55905,112951.125
22642,9429.213
29202,18778.74
106323,12493.505
5808,117840.56
79151,154119.56
20957,9369.433
54397,7656.9683
93948,15299.273
42388,42167.305
121986,59231.703
144811,24817.256
76038,8826.06
29503,66837.44
105290,27742.66
67115,41892.08
59582,6889.119
23294,42189.156
86312,11403.254
80394,53830.25
80310,30461.355
122857,15012.922
85567,225150.12
4751,14839.622
96684,20092.717
45816,2150.6526
23846,9780.089
57580,13753.607
95849,974.7917
29486,39642.7
120131,1775.4048
128576,5854.024
74769,18183.482
104539,39728.14
19028,9613.632
35873,12711.984
106271,3487.4934
21988,63387.535
91699,99871.6
38428,3026.8442
79040,44154.676
42413,24228.803
16502,71999.484
103619,111239.98
87736,32075.79
79401,11457.0205
124092,37383.758
21724,59047.24
27860,13663.035
118332,6682.6665
8178,7205.033
135407,12777.018
139420,136700.95
120498,279193.34
59346,2691.9917
33079,-1052.8259
99122,148755.81
85457,125649.75
107978,38314.875
20404,32113.197
12756,6002.642
102192,7933.8867
115446,9923.26
122009,89647.3
127414,74385.67
65885,22376.344
100064,47366.582
16002,60817.496
103446,5753.049
63365,40930.426
41634,31998.752
7887,75269.56
60053,8572.022
4828,26379.096
29908,6336.3687
33767,42994.41
23652,24589.078
122106,10227.638
104313,24685.57
110260,32573.455
27980,11496.558
66137,94476.516
72607,22470.701
59150,27191.941
21080,2949.1672
27394,40105.79
136300,6653.034
145381,68867.91
54253,8117.128
129924,82704.44
26803,3322.196
57836,9749.6045
74979,60668.094
53047,23335.67
4278,11975.844
131158,80171.06
101433,3532.873
28838,10895.733
129090,18511.982
85496,7881.0225
37,41867.902
103001,8809.553
136889,1390.1782
24946,66608.1
21938,6437.106
25837,21484.709
122050,40225.59
75369,4847.737
29554,4339.763
18196,9220.56
120822,12142.297
40147,10477.581
120970,8362.826
30038,66543.57
1587,38966.285
147238,11542.262
84077,80289.23
55298,12926.376
65891,9209.352
36504,42521.586
61201,26884.414
93946,6467.437
130965,21082.95
18829,46066.58
19001,46807.754
26910,39380.78
21450,4363.546
35794,16417.715
77830,18181.912
66174,9434.559
16116,11785.816
40054,22979.076
18617,71536.85
115155,2750.3174
44809,3549.4077
56427,7565.959
58612,99801.64
92469,139570.47
56183,10266.194
43659,17555.0
8314,6491.256
108441,19908.822
14118,5254.021
68043,459150.34
92152,35641.46
8260,1330.0304
124184,109225.2
103087,12255.983
49595,95932.59
842,97317.36
45811,6742.6494
134021,68047.266
115906,275169.97
132647,4381.143
25341,7521.325
105243,15537.176
123870,152446.9
49522,20570.096
38488,23733.918
37472,53041.297
130298,82475.29
75694,13149.48
127535,27176.06
1422,19279.56
15381,34987.79
98052,17583.06
72251,9190.697
27613,5164.382
67968,93168.03
33573,26214.264
145870,55594.754
124096,3878.4177
78152,71085.24
79221,16927.12
106599,24638.936
16270,12515.39
1277,126195.03
133229,3190.2795
280,49633.63
43024,11159.831
98940,28083.12
106592,51882.777
36174,30495.969
112130,27233.465
137030,21878.344
74470,8520.879
10890,40332.008
56335,11041.63
118879,40058.31
97383,18859.625
70422,19048.082
20416,3671.4768
15569,18317.219
53085,25775.959
40618,18833.676
146052,14119.63
5798,57886.336
147936,24937.947
88854,6949.8384
103150,9950.446
37588,39325.2
18897,11066.543
25810,54023.117
13093,5064.905
64583,49339.55
75421,15760.961
74929,9742.24
57468,70715.67
64639,9165.697
51720,7813.6387
69969,58151.45
48681,265409.44
141184,237815.9
12908,87417.19
72566,83618.46
111807,37652.23
44078,5893.6113
68932,11485.572
75352,59640.992
33877,7175.8228
76532,35522.996
143161,175686.77
42197,117145.336
64343,45392.26
143193,94483.64
63012,5170.4844
19483,36192.29
106587,1405.2433
77496,32743.562
55798,7801.508
139078,15563.64
140882,15793.265
146598,717.0573
119352,107253.93
101820,9384.653
114973,3166.7556
57401,12357.76
47986,6377.1294
128990,41731.055
43609,95767.555
29723,97936.805
37530,23849.691
5836,27419.375
67295,207109.66
42012,6262.922
15682,12717.248
67008,10401.857
11039,6250.3965
75700,11934.449
74063,25419.309
63107,251284.88
47878,13684.767
36986,41490.188
49649,33797.344
18313,16863.422
105451,65649.26
71319,18306.797
65494,22333.75
114990,67230.086
2313,72571.68
50282,5572.7617
91948,35776.457
31631,2665.3652
133683,32114.566
31394,24328.363
16977,24570.291
144904,45747.92
22029,23915.182
92940,33945.25
138062,19786.676
62966,2337.9233
93047,6517.563
84038,15660.546
81318,16655.877
5580,43644.816
143338,10801.763
40627,36716.023
65280,28926.143
6398,62846.01
71630,7721.9927
124170,23411.953
58781,42435.516
52270,14177.009
112792,65163.785
56776,5917.972
22582,66310.9
142462,12866.157
20936,21626.504
55091,8318.86
20449,23046.277
30033,5459.157
94347,3073.3342
129957,11357.156
119125,14884.877
71667,10068.396
24448,1504.1913
15950,4011.1492
30680,24707.334
75060,15599.066
125302,33335.766
5264,2322.1409
97794,44622.76
52990,106891.24
32113,13614.296
79615,47828.125
134947,7354.9893
12274,6093.5186
99356,69095.71
106746,75223.32
41217,63947.465
78315,35124.52
30768,3562.7031
14736,127579.68
1620,6858.6133
32171,92721.23
79501,4895.7734
20401,14948.24
18065,5435.101
31070,37072.184
146557,51825.035
106904,16686.748
121074,254591.22
82240,152929.56
95593,156823.22
119141,4821.4385
26182,2726.4067
78925,1826.1118
128657,44757.777
119865,11430.232
85661,17765.455
81426,6256.9736
149764,13695.166
132388,25077.84
76902,6825.019
63367,3663.412
50244,25868.668
70492,10045.578
48381,37418.266
85717,27039.768
1179,86814.67
144808,14452.802
89478,16773.748
55578,3389.7834
123955,117201.73
98374,24029.277
80514,89514.02
140452,22966.777
117176,45950.094
30486,27364.006
66941,36828.98
102462,6674.711
108489,51758.645
59372,2699.1057
136219,74201.125
32332,3198.2588
29274,49968.805
104100,16882.053
28818,13883.445
75223,1957.4294
118046,102760.34
134312,30079.803
121378,14227.829
37601,28734.27
103263,20712.846
10591,292141.75
120879,63760.2
43129,37775.523
41679,7315.99
765,3694.2524
136994,5584.513
60973,145371.86
47713,106607.81
148847,3478.3755
124160,164857.53
8006,21528.23
59395,21929.105
51937,9737.725
52500,2873.7568
139071,14004.815
63933,93131.83
101783,19705.836
130629,80503.31
139830,2579.216
148383,36215.92
3692,10093.117
69185,27402.93
120236,69987.71
49621,54719.258
103410,64800.734
69866,17859.664
142642,52299.426
97482,45287.688
84130,292169.56
97160,90863.16
117532,16712.184
6852,11337.521
86030,29571.984
88582,14017.205
42618,66238.3
124245,62318.516
123731,8135.508
70283,184713.48
113675,49675.363
61867,35256.0
137702,35333.98
107392,6770.327
27012,8400.443
10481,42974.566
55041,2215.2668
43428,20843.396
73418,9871.749
141039,7343.228
121682,19595.553
54507,39380.13
18331,7760.699
17262,114713.18
68264,2932.799
45141,75573.57
35209,9733.086
64861,4579.5303
32480,49566.85
20969,7303.5977
145142,13388.065
70017,11898.78
132198,8113.4985
111266,42641.246
41713,3623.9678
116103,5082.11
110344,23434.152
415,28601.404
20211,42805.17
20044,31564.955
20024,7979.913
36187,7445.9937
70702,49277.203
8574,38215.06
40854,145119.73
20322,9657.781
63132,100762.78
95214,96093.64
46356,22672.25
146988,19449.59
25790,11722.124
99402,17525.436
48240,3992.1174
52854,3053.9622
131659,24275.666
105078,95587.6
41151,5048.7085
109286,104089.27
85684,24641.979
59485,77274.77
87830,15788.957
17370,10245.157
24012,68055.39
25586,1074.7682
147572,25597.05
800,75115.02
143,10204.63
29143,158777.19
112037,16688.332
76836,8796.502
135934,2571.0002
110769,16328.769
29157,1380.0903
13273,66668.57
65597,184288.97
74794,18003.213
108319,3789.518
124811,10102.036
44682,273682.0
95044,55434.41
104779,4635.178
122574,6103.946
115509,7719.303
21624,16837.25
48836,2219.6216
14726,89720.16
139587,58997.72
18750,23659.611
83702,17790.361
44863,18427.785
8523,21961.145
144941,3569.776
135658,12730.875
7620,2536.9253
87061,99989.734
15347,83195.46
112187,8539.606
91002,49540.426
123529,141965.48
56495,219777.1
133534,20084.176
15760,20528.37
98250,38446.48
145189,9415.812
31047,22757.752
96419,60460.62
129076,20216.18
52206,5869.7446
128946,34526.87
107224,165196.8
233,80977.27
127379,12705.667
44581,41406.016
4055,149649.3
23828,163611.67
96878,50735.83
38321,7185.3843
104876,11693.523
17935,63816.137
1625,1390.8296
147864,2093.5398
56453,39725.37
121536,9656.993
143800,25647.521
51366,53823.766
107937,125380.89
23850,45253.484
124374,9109.739
55546,3983.2434
32040,4174.103
82545,46810.137
18136,3383.4897
143906,38687.062
143275,11262.328
11993,7324.1655
2970,38907.133
21274,8594.671
129315,26698.203
28027,12358.567
37005,9537.245
82731,51163.15
143885,61203.14
135161,26926.596
65580,12295.36
127869,55100.902
40275,16218.063
126394,81155.76
68798,180159.33
14206,103991.164
147937,13459.982
89710,40875.266
38955,10071.908
111533,10728.513
99732,55343.805
59098,20840.213
51170,25716.166
139591,61055.44
139813,22212.88
36101,2210.953
71106,22879.527
25776,101624.36
1314,19270.818
15507,182044.16
78090,37351.12
49979,17552.871
97607,28417.842
3613,66451.086
97167,8071.548
55616,42267.26
10479,26227.26
36800,68501.016
49863,5213.7324
94129,122350.55
68172,45176.97
60472,5369.733
3584,3322.224
35135,5889.6445
66462,2957.2053
130894,16280.916
124508,33204.695
130818,11729.773
19701,54022.12
68681,60529.54
95829,176707.45
53110,29459.117
94977,152712.6
21629,3625.9778
70973,122413.266
38846,70142.84
89955,6495.728
26660,32611.44
98950,7214.955
137086,6714.066
21997,50422.54
40615,3491.277
117406,43558.797
83207,88041.62
145125,12000.258
4822,18656.479
81345,88283.93
85579,4927.402
79298,10675.169
108519,30334.975
134568,78374.3
52678,55240.61
39,54462.74
141837,29775.658
96422,3676.1511
110227,50836.832
78947,29381.521
28325,17257.15
124741,4262.65
75440,6364.517
94568,49182.754
127407,18937.318
141885,53705.55
37649,66800.23
85183,51974.227
12739,30233.531
65532,90987.94
31749,78430.88
55998,74817.09
17679,9248.466
70600,127470.66
26682,10961.57
133463,69348.21
51927,22711.104
77641,125502.805
73130,23843.201
38912,24428.857
48082,9949.203
33909,10321.282
3761,43745.11
46906,6055.1133
75625,61180.99
147034,42421.703
131432,53145.695
7082,10251.762
20151,11496.499
6883,38198.832
21170,25124.93
101542,23625.38
75832,97577.12
39502,3723.5632
136175,25952.027
6967,94214.07
65901,70957.14
17067,31961.945
77843,45172.37
44292,83208.16
142352,6950.5674
74627,55254.258
24847,9476.818
103357,4928.773
118378,119520.94
88775,11943.569
119887,61382.266
82098,15563.177
113734,92240.52
67677,26647.898
45413,8013.9087
26926,119651.09
94435,47040.492
49252,11571.793
48914,158784.64
3499,41966.418
107902,123247.125
13046,22546.113
116542,33291.25
48495,61557.504
132884,33171.516
94506,461129.97
105518,74254.7
91115,6822.4136
119852,1050.8693
76490,3692.5295
75498,3594.46
19783,4234.709
1805,17395.145
31238,47768.617
64530,19722.645
131877,12231.82
105236,44623.227
32436,54576.02
121664,29906.486
135106,126739.69
88967,8335.984
121333,26404.572
21893,1789.6245
128105,15871.983
91872,19844.707
62956,4401.5303
46578,8318.15
74001,42670.5
144177,49607.88
95106,239807.84
43840,14777.167
98289,40426.02
113825,22568.576
59119,36249.824
50411,14823.555
124768,4666.848
56313,12847.828
94863,9376.373
139412,31463.547
41632,20193.574
101305,14303.938
36832,26087.96
27727,66657.234
132702,9836.749
76730,11144.936
60425,37589.51
78035,6775.7427
100328,31577.318
13589,7665.1143
149799,120410.35
62268,50240.652
73742,17843.36
131928,714.1562
64199,54869.94
75199,78242.05
78942,38720.72
107240,64983.094
5287,4172.3936
27667,23134.818
136561,74669.24
56195,20253.674
137668,75430.625
104451,115416.53
97745,22299.607
126960,4821.1694
91995,43670.305
104400,1251.115
61922,1445.5447
8171,118028.61
89112,9935.8125
59334,38757.867
43531,7789.788
102275,18540.475
103717,4211.4365
100131,115489.19
23440,30161.863
94814,8094.462
109687,9717.992
144982,34913.598
44304,7331.8784
115673,25654.857
117579,14830.686
53168,11899.833
72009,11070.883
55625,4044.3381
75934,2165.1738
23778,207377.3
60092,16090.458
120212,25902.225
80597,78244.836
37283,217104.28
115829,14074.097
84718,7472.282
93645,109087.71
148274,6126.532
88479,10906.011
85857,22188.453
96215,12777.721
109400,146183.44
136632,41246.715
16385,148278.2
95534,25933.305
20955,39532.51
112147,36706.93
124034,40648.344
98115,9434.1875
86640,125663.44
112196,6061.7275
117115,13594.275
72457,5431.3916
145612,16420.994
6021,19085.555
46476,20953.217
6905,99513.17
71731,38878.242
40524,261055.19
17789,4502.8423
48322,243166.2
90165,57647.71
75054,3086.4395
80392,78717.19
139800,18437.727
135564,30639.34
66701,27022.473
132438,16538.143
143164,51846.094
20573,21779.738
143149,52788.727
84482,12682.625
113108,85887.91
20033,1862.6401
12618,12114.118
24045,9703.758
52333,16269.535
743,6562.2217
146247,7056.632
74809,25972.314
231,6274.594
20375,10289.999
61812,40494.97
123860,1693.3632
38414,35828.668
9347,42317.895
14563,43760.535
85399,18244.254
4773,20100.74
71153,27401.686
91110,7682.2197
35411,101492.3
128152,48894.605
92360,18886.115
15418,26459.75
85966,18939.043
31635,30540.832
1600,7094.04
53860,2698.7976
13842,43295.84
128595,49894.715
15824,19326.709
116763,2679.0723
33698,74531.82
64899,23867.5
74612,20073.758
28475,3766.2246
43351,14238.261
65333,82052.26
117252,24677.451
141216,31814.607
126605,34771.344
60932,54959.285
53257,53696.37
81043,1967.5837
122789,52839.105
65428,87213.2
56958,42509.215
21964,29136.934
70385,6987.5674
114331,4258.6714
134265,9206.43
47149,139383.38
23450,10987.744
470,20824.639
116164,40215.05
78347,1259.5348
67370,68837.414
106057,38666.367
21983,41315.465
13885,97487.35
68164,15956.484
38080,41507.812
102270,11106.863
122488,11743.741
100367,4400.396
46822,32043.438
110926,25478.373
46517,50833.5
49653,14216.89
43822,25170.363
145284,32326.27
119622,7516.4927
145686,102204.5
72395,21008.9
89706,81182.95
18454,22865.64
27590,7965.7715
116383,14668.982
38434,13631.351
101804,18538.78
143775,182399.61
115206,18942.11
60269,2290.6946
71998,51990.2
48357,57581.445
56702,5200.65
54067,62404.17
128332,70770.914
96773,78092.32
60154,22228.203
39398,2883.5366
108811,34325.12
43588,1971.8657
55839,23360.725
144802,7082.6836
42616,14029.463
97853,35288.125
116673,26286.822
27817,27641.842
129802,436137.53
147454,3270.0647
87065,65073.41
112801,8205.926
45033,10077.219
69985,24797.164
55342,9714.583
95440,19599.906
120023,1488.3513
52926,10698.78
4966,151627.86
43330,5421.7524
73813,17479.865
73898,61823.223
128006,20497.375
2983,3946.254
78431,3224.2366
17669,13327.514
28674,231413.61
33488,36248.504
12097,11694.513
74926,25272.701
123991,3506.8271
81739,26700.283
98890,51532.215
137045,61781.0
29115,9063.683
115451,105370.086
92018,11894.481
20142,11504.984
140904,25139.434
143299,36909.094
25708,8750.693
95361,22899.057
23915,15894.249
119382,123413.24
4594,4301.2607
94005,18789.37
91364,2318.0208
108858,23642.742
148368,2641.6306
6372,14978.743
50776,8660.959
80679,8026.789
149015,38809.07
52541,17393.947
117053,11886.831
8042,116905.5
140757,12469.35
58931,127692.32
120821,4822.117
60669,9067.967
24931,3861.0554
100894,13507.844
49574,2877.5535
23993,16516.924
126182,110281.42
23743,2143.275
18167,35995.637
3583,27549.758
33270,122970.69
109954,56192.496
60588,9975.094
124723,50765.99
101465,7408.915
138132,12208.887
100075,3330.9417
130731,92284.125
143647,8819.146
11731,24735.902
103153,10978.147
146892,16901.387
9501,109102.17
104888,21368.99
55209,25391.143
26857,83911.266
122607,56135.938
74280,19138.33
132075,1361.177
4280,9631.807
130497,55212.504
22875,69274.58
18111,89797.73
128803,14444.461
47321,113050.35
131480,139728.14
115556,116283.97
107810,5321.13
8249,6783.682
19530,2728.5034
117459,4658.5044
137832,68073.92
4138,60212.4
141468,22344.06
128874,69819.79
140054,3288.7144
124138,37209.188
48286,4582.9985
115481,108916.94
14240,24168.615
123709,3137.0999
67467,16378.334
131444,24496.69
101827,21808.229
1850,13291.301
62472,73432.84
75,46459.863
135198,7471.9937
10344,16975.492
113943,6016.507
79702,2896.8384
64516,48671.87
59537,16704.008
34604,40583.543
47474,5110.087
33881,13893.764
113778,6511.655
1780,137692.36
81726,28380.643
76050,81801.07
125067,5151.6426
76642,20046.145
101780,25108.6
112512,47839.62
87459,155768.05
113671,28295.955
100600,52626.89
111034,35147.375
40381,59386.1
10364,117828.98
121846,5977.765
45482,169458.36
98540,13960.273
1204,4217.324
117522,9172.692
98742,8068.6523
34534,87426.79
71753,27357.334
67528,60392.49
81942,26933.494
118431,36209.7
72227,302664.47
145857,6282.56
20785,9587.168
13734,6652.776
6370,8886.246
44398,162831.28
134765,110988.305
86863,38950.355
36299,4946.027
93196,10545.411
142081,26894.959
91681,59825.113
69170,15468.168
13133,12161.909
44380,5513.22
144362,64373.832
20172,107366.414
30084,44017.953
137148,45845.812
97096,13955.999
149933,14871.027
104162,9068.371
126458,72471.22
136046,3588.2888
95949,80997.5
80319,11723.125
90934,5383.91
58518,35115.63
130459,15301.701
80998,10684.868
77681,73378.625
61755,8392.847
101895,10044.278
60044,29243.84
123285,12347.503
9626,77222.78
47296,5402.1113
82632,2514.2227
62859,12922.925
37346,32656.812
111936,141901.17
51894,20281.594
119441,74688.43
83605,36881.152
22134,2729.3354
50026,13277.508
67856,4436.524
11789,8095.781
142057,7082.237
91673,29366.488
97657,5212.563
35500,5443.1055
16236,21901.21
41927,4723.3223
14525,9393.47
4115,36878.777
8207,9365.258
1984,141029.22
114443,12605.24
42943,26240.602
120357,126231.56
147425,32622.096
34872,41361.195
77694,11899.236
133325,10430.293
54086,29619.912
37670,11291.836
74250,71492.625
66745,24915.12
49585,5055.9126
11537,5394.77
47398,28870.031
40391,16702.861
96817,6784.588
47418,110784.01
6126,70749.76
24650,16068.278
60980,11922.979
4528,8417.354
41853,10448.274
84551,2982.9622
131505,15522.381
5633,68174.37
55015,5227.208
103161,9539.126
110031,6548.1094
102055,38334.51
128439,28741.158
82234,16400.984
264,2826.179
16476,2947.9517
56026,5177.0063
34115,7782.46
86798,46543.863
61725,3446.3855
143713,9073.383
93804,50265.043
56244,9588.005
5370,3149.1196
129586,28578.113
41515,5048.7256
69149,164314.25
105477,9450.871
71808,2648.3442
115368,23811.31
88468,69360.14
34027,2833.1147
113151,5423.37
148613,50383.996
55702,21374.16
105895,20282.787
9638,1766.1646
75889,18180.453
9015,43279.535
9517,36013.65
135526,35685.562
53804,855.02094
100593,2446.7388
124705,39494.887
137044,9393.55
73505,10854.37
80455,17660.037
47268,2412.2485
2159,80067.72
35786,4335.18
128717,26627.65
102091,14700.542
90930,3861.0298
48547,44516.816
135965,31195.037
100035,21414.37
11438,6373.099
118127,90783.6
74761,37433.63
93266,14293.902
96073,26620.645
26802,42790.633
90340,7897.4497
73772,11039.785
126304,38007.645
5258,167204.75
16510,8225.389
98450,28475.664
25065,36497.684
95862,5024.131
20035,26300.512
73283,20601.953
29035,4614.329
87369,73742.305
147662,31515.42
57554,6616.6904
131352,47821.83
652,6944.7017
13117,385366.72
42957,19747.582
148246,-487.5241
136148,2446.4639
149404,138666.88
135649,27128.65
117798,33038.133
1562,56582.49
14639,34471.574
14699,2999.7373
15161,212700.27
15125,17576.055
54026,56306.766
70370,26853.73
102450,57067.71
129108,121438.31
3216,56834.402
99848,91443.75
74157,10081.923
96030,44031.457
29521,16452.664
145399,3158.9805
41319,116848.84
81583,10639.788
16485,3263.9456
14603,80868.03
30672,25207.234
31524,15580.781
474,33503.656
25724,12932.521
69913,94881.766
574,4061.0137
43345,98248.17
84584,18206.293
61781,158041.0
145134,6175.871
123815,48029.64
142158,56111.918
126335,15851.835
12632,6773.4956
4155,16113.422
51567,9141.082
103315,68781.305
103739,44950.598
58239,2926.0212
18356,88068.94
22073,77152.04
11967,87757.1
72115,17674.717
6969,1734.6412
121169,6845.158
85365,23210.645
44659,3829.4475
56781,14823.223
73866,20686.043
75810,2846.9587
104699,23770.055
9426,25657.004
60924,7279.5796
73726,18870.639
6064,164909.62
76690,10890.983
139000,150782.08
48523,39795.246
58093,43577.293
106476,28627.264
84693,9781.413
110905,1651.4867
131857,62024.94
965,176171.05
9746,8587.615
132369,10307.1875
101311,9855.977
86321,66105.19
34898,39276.24
103868,93460.27
88719,6362.087
21606,22535.867
37107,53852.133
24541,740.39813
8307,4956.481
4042,164858.64
72459,24872.451
148304,53694.29
142654,10528.617
74209,116536.97
8901,56399.703
29538,45877.69
43278,84069.92
96318,8946.655
8940,104967.85
66037,51295.64
89437,53135.617
30780,6801.0845
125498,57303.56
20005,19511.297
24597,38424.023
34416,68087.34
6157,2519.2375
12281,1186.3613
22341,32900.984
147462,115838.17
94384,4557.486
43770,12506.165
132594,8772.162
122377,37197.69
142033,24767.973
96565,40963.08
76782,5526.024
112952,2130.1052
48366,19543.861
38060,14696.919
116928,42032.25
106,18828.701
7077,7635.085
28341,7448.4004
55475,40333.625
122317,7692.9204
90680,30477.59
42636,94368.54
57798,4381.967
95134,179630.92
1581,20120.98
133401,12700.949
17207,6408.9053
32491,13277.025
145238,171334.5
38378,35764.723
35983,20275.615
69668,2892.8967
93181,10871.066
104804,17730.453
83936,5984.782
67372,11760.665
77909,78908.1
13185,30964.17
102856,6672.9697
43449,140863.3
106411,5402.3276
41875,65950.52
85713,5912.478
117756,2746.601
50722,52438.35
94688,7527.3184
137819,57431.574
23468,70468.01
88473,33337.453
13383,65810.086
25476,17479.996
23098,5007.5386
42461,1815.404
105552,95852.664
77200,13387.05
113744,16539.871
23104,27630.92
128128,729.6842
17333,28779.219
147221,15556.567
83095,201500.38
16651,20933.463
112069,6910.825
47762,39329.055
52178,44980.105
124687,2282.4255
122092,17709.992
73222,32758.568
48431,51100.223
44970,93322.33
44115,50177.17
24232,7185.7163
101597,24008.324
140513,38282.105
147096,23890.262
22194,28179.506
92114,2136.5903
105163,61991.832
70059,9911.274
52810,4522.462
48774,68623.01
69895,8792.763
76895,11813.238
62096,55266.496
13730,65992.97
61984,1813.5149
64033,12967.965
50929,144333.62
45097,27053.857
129826,14650.058
54411,4830.073
147842,40190.676
48704,11278.438
1948,8562.7705
22419,4291.633
96197,43836.477
5118,6696.8643
62843,18984.18
131716,18147.229
134658,3208.075
48680,7902.594
102112,3477.0835
81079,48560.863
39577,6543.449
12407,2229.6558
63388,61694.164
9224,8989.469
78516,20955.428
44041,1326.3079
82993,10332.264
148175,8922.472
85575,3798.3777
109891,9288.644
26651,15161.07
12729,5056.2754
49373,31469.016
32271,56353.215
70921,120923.66
112788,10884.683
47515,22119.139
145751,5687.9385
128041,38269.99
107102,20366.324
16079,32397.832
53414,19997.98
39757,7567.878
4852,35992.97
61668,11007.934
119870,6809.8535
38668,59615.97
138697,42114.062
59391,43933.207
35552,11379.777
146016,30527.393
6106,21146.643
34344,2615.7922
140106,63251.035
15626,48817.0
84869,342870.25
92495,20279.223
131128,6095.5073
143849,112705.07
96594,91449.17
137632,89704.24
128103,29935.232
10450,6697.4556
31592,57942.75
131337,7092.233
102439,3963.793
137238,50261.344
20161,46048.535
51241,22430.604
78715,114658.68
20556,46280.957
108373,17573.426
60270,8048.901
59362,13771.6
116941,54430.527
137562,5971.196
107242,94973.21
38332,1446.16
110721,12191.274
34742,4062.434
90070,53674.41
123197,6608.5586
132531,6603.776
127827,7608.2974
44223,22152.047
12223,2928.0518
1282,8299.86
134211,4781.899
44851,20219.045
44839,56518.594
72483,89386.92
17569,31349.334
96421,16023.912
142929,24307.602
78748,84841.055
74982,115056.64
115257,98147.445
74831,1205.2979
93581,21400.041
52502,53579.59
147537,26748.023
143440,5053.9473
14674,27623.545
53422,150549.02
131991,99320.55
16756,13875.033
143702,5765.4116
62602,15643.648
10758,14310.68
68289,27529.777
108977,230185.45
15739,115461.62
68088,3501.8872
85025,15202.23
133519,9969.419
119543,26456.566
50169,36622.25
25406,18520.607
15241,88056.02
14111,182337.2
100711,27252.984
88984,76666.04
136981,16628.809
148125,17634.482
98207,47236.68
119417,7598.4067
71168,22825.902
61609,99930.82
49027,13257.768
141665,15997.955
54899,10191.246
8915,44970.66
23736,30314.488
117997,77454.42
49823,17589.549
13947,11638.215
57272,18559.48
7231,45091.73
88619,964.87537
32266,8268.489
14080,2434.0085
37210,41399.62
123838,9267.929
92262,88045.01
62028,3230.2285
52265,32498.406
142435,64777.594
26674,13219.696
102709,10400.826
78699,9222.946
73906,15508.234
33002,69011.39
63592,39892.887
54458,10267.344
87304,3870.0923
52755,6943.127
131173,23181.256
113991,31724.701
48109,13640.949
64855,34481.52
85,34744.562
64249,16218.154
148101,39129.688
60345,1822.3009
2277,3855.298
46866,3330.931
10416,7959.526
53813,80214.09
51837,11257.189
48931,113674.305
4745,229894.62
34214,83404.73
3747,12364.327
60793,3401.155
50719,8618.725
139540,19692.912
101258,27597.63
83509,1902.897
122905,550218.5
140771,57337.484
123502,17664.766
19401,20179.254
104972,8061.833
9021,8621.586
86602,6238.743
2232,15567.191
102656,67479.8
137018,20477.56
63632,6153.9077
10790,85013.914
101466,23495.375
52352,37245.492
136295,77033.7
54858,25224.014
123365,9447.599
94294,38401.79
59577,39844.137
10139,24114.902
129869,77589.92
149432,77538.25
67408,16459.98
103329,69171.18
137653,23268.729
81356,19394.787
118199,39110.426
4101,3235.9958
107927,15964.13
144955,42220.523
2268,903.4257
127164,17142.592
52102,15093.17
77309,9601.09
28822,9784.126
57989,5952.751
149743,46419.734
65896,22921.822
92870,162660.53
76265,47341.14
32388,2681.9236
142021,100604.305
19265,25352.266
98844,13646.218
143628,98739.18
114318,2214.4875
26059,1885.3285
100956,8056.673
45404,5307.2456
75975,24411.256
79477,38626.25
78287,117590.72
89015,150493.78
71550,10557.531
74968,54771.87
84314,6766.547
26877,3877.8093
42700,1605.7595
11934,33426.094
142892,55344.14
134450,6456.3867
39354,118578.41
113965,7312.592
116664,85003.836
118364,94990.7
18426,50381.89
55670,6275.371
29621,4292.446
3599,58565.61
99624,30624.227
91945,17117.734
6527,6012.118
61515,61684.598
35323,84544.96
28727,31197.758
99679,4127.1123
52445,10553.944
135228,1013.0818
89197,8351.785
124093,10449.945
42209,3202.9153
92685,17701.496
148451,21723.0
81342,6130.6475
1681,3506.1477
104812,78167.195
12427,5678.587
129536,22139.086
7757,15854.596
129065,25926.826
134060,116677.35
140367,47056.062
52033,11245.52
15735,43752.65
62256,124055.25
21529,9495.135
87927,11478.225
93475,11348.55
70091,12464.623
123159,36737.69
64448,4224.1323
17692,3359.3677
134737,43723.91
18223,48588.652
38132,17249.53
136718,43154.496
93091,28582.016
133622,57339.55
91483,22772.686
88715,6819.2666
130152,5126.9043
62296,23324.977
105560,11783.658
110744,28738.668
95698,13757.054
3154,19303.473
98463,22158.201
116607,20864.816
11347,21849.441
29248,3673.6921
5621,8376.146
17573,37255.168
19848,87913.98
84358,2202.5164
42627,7705.634
43300,63002.17
22691,15437.37
20268,64017.695
93844,49195.984
11610,7986.7993
47371,101950.96
83538,6178.1685
71468,33773.223
145647,14887.468
148187,16601.467
122933,19967.844
121433,35535.2
127015,3588.831
115886,2882.6294
148003,22424.234
143531,23712.146
93021,34741.258
149570,6464.742
35893,25718.28
32022,8888.591
15384,23283.67
15873,63911.156
47832,48140.184
27450,7008.825
34654,48587.895
36270,16371.633
110163,111996.414
99872,3787.8103
101018,14531.671
108823,6579.692
107470,24621.523
140994,6779.022
9350,25148.475
48908,33615.38
34110,15356.577
87156,32010.008
57391,5258.827
148030,72255.56
76802,12210.562
4935,11412.467
30543,55711.098
15490,22550.912
135318,23676.719
56309,111335.39
20386,51184.203
78821,26499.516
109549,42408.207
131290,24118.123
88844,9919.592
88298,26223.955
30179,20031.389
11419,18022.51
40423,83053.71
13103,11046.635
37483,14371.171
119926,74628.32
63048,111423.21
74311,47795.805
36249,27764.45
44759,4228.107
69437,9685.865
63182,13006.269
109383,53654.81
121932,9604.216
2357,54743.246
114883,19297.816
145682,60519.14
31452,8614.786
133570,5222.7573
4219,47611.098
121534,45130.098
27710,8314.527
87039,38781.266
22844,21435.283
18765,13369.59
75395,15807.988
66293,37255.805
4894,140246.48
76296,16682.709
21325,77287.22
7575,84286.72
86576,10156.348
56381,14675.183
12549,10848.554
58583,105624.69
1103,43623.68
61795,17061.012
144871,55607.285
104051,21588.998
40127,155919.9
32316,19999.344
147599,26799.223
57896,356871.03
73564,130314.09
12910,73584.99
66343,46995.81
95062,2952.1375
74894,56365.82
55987,19085.416
114874,121872.99
121098,18371.629
22913,22421.064
74874,32460.482
106183,83665.73
113094,23487.518
126256,4323.141
11188,10171.739
105689,87060.875
78606,57699.58
128418,109226.875
20697,45215.004
97296,8258.758
103609,75225.45
89786,11049.737
107950,136792.2
144258,1140.3124
83659,77297.62
138072,34581.7
95693,105125.97
89342,93804.414
5519,4631.0063
1913,37141.52
85429,30235.133
42874,11442.765
51488,34342.113
70510,9763.069
39406,6019.7095
61710,4985.2754
96523,53652.59
21890,20508.26
89442,1097.4126
113742,104697.375
51011,17106.594
138258,16463.982
33245,20361.787
39770,5018.4375
91324,17011.268
62231,48863.484
64024,10171.008
102476,60708.742
22199,9461.495
13619,232249.0
63404,96347.32
53612,210445.38
83774,8122.824
69667,34371.613
60439,36161.098
87476,2858.8872
37433,2671.6128
140984,8306.902
134513,40018.465
143220,5732.0977
72944,4494.3164
134640,34228.656
103089,88431.26
5868,53884.727
12991,10978.58
11080,87086.46
76339,13334.179
25916,1990.1516
143044,35035.74
147340,8930.7705
49509,193327.5
57775,12462.63
84385,34398.383
136276,18046.701
125231,68347.09
94782,12620.15
117521,46238.008
29249,89591.914
101030,57678.82
41614,6543.8687
66349,23251.709
17280,35651.25
32659,15203.083
78250,33319.484
84538,8655.37
104562,13976.4
134185,4692.8843
148895,11166.461
23335,19484.217
63614,92472.62
47717,11385.35
73125,112134.055
44169,16295.693
77767,109895.56
64121,4587.1406
25768,29430.08
91515,56488.074
92740,53082.26
125123,135876.05
108728,5493.8496
49475,12473.552
133782,111447.34
108207,6561.4214
19154,17749.596
105174,18052.973
21159,8264.069
9926,7201.211
3919,138152.27
6633,11463.023
94463,12465.692
128764,95877.63
41439,4817.091
5758,21975.18
107139,24840.379
59512,3426.081
130507,4021.053
95822,49422.64
43635,2927.6306
107835,18819.037
105756,11567.636
64519,97899.31
58476,51148.234
140797,68229.32
18091,3087.8987
138678,8811.862
13228,28760.924
73957,44053.688
75450,28207.129
35658,165473.14
22884,75321.7
74240,6652.341
60366,54275.63
113588,27910.766
112223,56003.637
111981,20463.229
113501,28646.025
20769,7079.556
1129,24995.625
77478,76887.64
144740,296367.88
83348,9907.969
97153,139561.89
145050,10732.337
76114,27649.852
5151,42263.383
82064,17310.896
89614,77518.19
69653,18576.74
126715,31592.38
43660,55108.926
34302,6821.408
66897,92260.41
107028,6755.5923
56951,14400.7
79973,25424.51
12268,35373.23
67605,79268.07
89161,66567.7
48404,9296.37
62325,2581.0554
114045,16050.202
98669,12113.319
93244,169530.64
22865,7694.2812
136934,147157.22
99562,15259.452
111554,25697.602
31735,36790.457
102663,11662.427
11810,6650.279
115060,20341.234
106282,2568.5266
32375,21583.406
42913,29323.049
16704,10993.91
79614,6681.8823
64735,64732.523
140264,16537.02
64405,35534.54
119627,24999.496
78905,3098.3428
71373,13163.906
102812,5439.6543
42518,12853.723
12531,18850.197
35792,71170.96
3462,19828.89
102952,5872.994
1782,23599.725
145352,4685.6167
136345,18265.63
115964,45042.84
62941,10834.089
139264,4170.1777
16638,9398.241
62203,63717.41
116975,7624.4565
49127,320094.34
64967,28319.812
128229,214912.92
88940,17171.197
27784,39518.008
108367,4922.3384
105082,96169.56
85093,77949.12
117909,4156.4873
38568,54254.367
2960,141077.22
6175,14308.702
140222,14888.398
38818,34020.344
26665,66173.4
110411,40079.227
86802,13768.709
118486,4302.651
133958,383135.5
90480,65246.24
95958,14299.433
48782,4128.2056
111854,5406.5566
71329,36562.582
112890,16194.246
40407,25454.969
117450,22707.955
65677,5716.348
62101,43476.414
92847,36475.09
113174,3006.6445
88586,17208.988
39632,10252.163
128648,33804.184
131366,14069.697
33933,6508.5654
142309,2423.6338
89987,112265.586
83916,3589.089
7110,1751.8651
21551,130978.266
144234,17256.652
77547,3198.3591
73138,768.59106
31064,35442.395
60743,28511.027
119149,17689.709
144499,32392.22
122521,11075.145
115320,4667.377
78970,20448.86
10233,12153.673
60843,3147.922
113531,42563.484
121180,67223.95
132405,52317.93
9171,19252.023
43606,160252.94
53682,7163.673
121844,11338.613
113343,19599.908
142100,9946.789
40431,33612.562
121951,1524.7451
42275,5620.7754
84223,1550.4277
109671,21225.623
125186,3811.3708
113627,11301.949
22514,102902.49
74161,2259.3687
55661,74624.7
102129,14063.069
73731,3220.5815
90304,2346.466
10231,30144.684
112126,64633.977
144692,18644.457
134758,72194.79
111808,7555.3037
21821,19765.922
58139,4784.422
84616,11155.066
131599,6206.0977
89242,47508.676
49800,14082.444
29138,7531.3916
137780,12688.308
2143,4307.4463
123988,5961.7554
45046,137578.02
79662,16656.688
8354,6864.2197
80348,167551.34
51281,4293.029
90582,71860.12
143023,22795.424
60197,22904.002
95973,4308.2104
19305,50136.035
68547,28864.861
36134,21089.41
33229,15855.936
41638,4882.541
44652,127722.59
38154,42221.25
85686,30418.512
95284,8494.858
27375,53640.445
121531,12629.425
38763,14351.813
25211,19768.043
149586,202893.4
61251,45309.793
91733,14403.436
93104,86050.85
35402,842.0934
139188,12349.177
35699,18549.094
2278,55344.64
135686,11499.94
8974,13160.861
130154,50009.54
15369,315571.78
80481,5321.0625
104056,12679.047
20190,57657.45
85329,13251.219
121059,9519.925
59778,4196.412
91582,8637.625
65978,71249.8
27918,37803.58
113782,8492.898
100969,3585.9888
3305,1962.5303
64977,221346.25
53272,6085.5903
56831,118524.35
101600,93148.35
35819,13482.671
7567,10221.672
2099,29287.715
129340,10485.198
131282,105051.625
20708,23348.96
61291,9923.581
24110,59906.293
137678,115198.305
138850,9655.629
44215,47142.84
113405,11894.485
130355,8922.093
69098,7088.06
34590,28501.318
493,12820.326
22113,6741.778
46693,60204.492
92397,185894.31
78631,28141.086
126152,104194.375
102312,5895.573
57818,48967.46
64425,258612.53
59631,46627.71
93513,52454.457
117457,1066.1431
95380,12072.208
78520,7080.231
29151,11832.178
111590,12748.584
73821,2617.8513
32497,23773.875
2389,3714.2258
114538,5000.1978
77617,3454.5496
4641,38393.09
145559,15759.88
129546,14263.776
52260,58532.793
38970,195568.6
102764,65084.867
85080,12343.188
27358,9050.69
86041,6814.0156
96764,23249.219
139439,65618.59
52225,15208.557
10685,51461.984
36794,9098.427
22347,11380.833
1683,3622.7805
29801,20317.68
47969,136824.7
18253,31457.908
37408,55896.992
72975,5556.4834
14905,97076.83
68100,77215.516
65092,171370.08
101097,12729.585
127623,5195.9287
64751,80447.95
51710,169765.33
117063,1038.218
30255,81171.914
140396,1351.4943
77138,8666.115
99224,5736.8516
108121,168719.52
115967,55784.258
80550,33075.742
21199,5448.725
43063,109497.49
76397,41171.207
50339,22448.35
66605,27680.588
89738,7953.3394
57021,70610.445
54522,3963.3723
122310,31365.445
124190,6613.5874
74892,367755.25
144648,11457.609
31923,23287.387
19907,65743.68
81689,5308.6143
111979,127682.91
65020,6328.59
32335,14788.216
135333,7048.196
128619,30475.54
67658,70218.4
124476,9521.866
92924,47373.54
55070,44987.953
137203,3627.3008
9051,22992.004
84881,14397.229
18800,6072.3794
50725,130469.56
64096,5738.412
132409,54603.875
136122,9771.64
67556,70289.64
2741,17755.924
76869,6005.178
110446,93319.21
67148,52506.08
132234,29914.572
93867,29597.926
99192,20259.19
125004,28200.518
9961,22034.916
59301,17016.875
14997,18101.03
132849,29469.861
93110,65524.36
49086,2705.2354
70788,33541.555
15118,15632.497
61259,706.61743
22904,47950.164
25177,180051.42
62865,23271.639
100062,53523.86
42155,20105.025
59922,32650.744
29998,152213.28
105559,3056.071
4613,16341.11
88217,4990.151
48747,6809.043
44072,134928.53
5084,54024.945
73914,7022.0483
84940,3838.8113
36859,7049.471
98746,16668.195
121881,11970.7
1552,43954.375
19507,125234.9
47199,82105.21
45607,19959.367
26288,77527.86
7493,3659.2473
96767,283023.3
14369,5873.605
10668,3078.9692
68863,10290.926
61653,110900.03
47344,17391.82
65240,93921.48
83217,23752.375
113012,138377.39
79643,7020.4507
52704,7012.7646
112397,4766.5005
141179,109352.12
85993,7243.3745
20848,50493.496
19614,175836.45
89165,64269.39
64733,31857.04
97251,26718.232
84356,16922.94
9650,88338.164
35614,2080.1501
143632,85218.59
77074,2429.3857
68189,13861.83
77588,20213.914
124135,22458.127
104105,47470.84
43976,23847.34
144424,4059.5403
26829,9001.72
103248,35614.57
17301,85902.32
88352,17004.617
74100,7602.0635
67176,12540.745
2316,7946.584
21594,102854.6
133119,73135.78
123858,24788.463
30550,33519.785
118420,98076.92
100279,83167.336
98279,1660.7158
137502,27115.51
36278,28997.068
72183,25599.146
103362,72212.695
124609,2713.2168
125160,4475.44
91062,6165.911
124144,100225.445
135521,2652.712
127642,15926.256
46673,19947.94
132742,71227.97
121048,18278.945
3101,185742.72
53621,13063.56
146315,9859.467
9605,7050.2114
92890,3166.4617
107295,76524.03
67806,1149.046
135827,23011.61
28164,116796.04
108007,46046.54
31819,18464.441
75819,59029.94
12530,9038.073
52160,29461.67
57573,54110.688
135196,3708.3481
69402,14933.383
6070,28954.916
97105,14511.233
123287,54917.746
111736,80373.484
9923,26784.494
17759,76155.266
3954,61437.004
138938,6959.011
6381,8835.097
136832,21480.271
77967,8127.008
148053,45846.37
61375,28187.346
61770,31085.266
47560,50579.06
122247,19678.81
33625,10127.458
55822,2959.3687
141967,58830.625
15910,4701.008
31943,90230.14
54872,14711.818
70263,59319.84
111631,5399.779
28223,44153.633
7320,4809.8535
147475,11734.838
7454,123226.445
122167,10736.487
59211,21259.525
120177,17891.242
60501,16800.152
52913,1516.1333
133636,10300.451
89643,4222.8955
84090,22721.98
95614,23817.1
91604,6195.7017
28405,9593.299
54241,60471.203
16842,45966.164
60358,4293.3555
80001,7444.2334
50544,4491.968
39240,19041.807
16710,126427.46
98426,59524.59
92478,58393.797
52345,76495.84
115038,19285.838
18042,38955.574
44606,904.4162
86808,60991.19
76688,56137.03
7598,4217.1025
134271,22146.945
17755,41643.22
81031,7608.1196
17812,37870.844
74718,8613.676
63223,4129.154
35159,3290.3323
47254,100710.43
66202,22740.627
99427,27952.81
134157,36647.29
113065,78964.32
132868,41671.53
64312,25686.223
55293,13751.745
89173,31196.99
57435,37542.695
129483,29114.094
83799,22226.115
34680,21375.527
56611,71648.695
41133,39275.285
142917,7740.744
39932,28939.32
22178,112636.68
90085,64830.883
63337,20656.863
37701,2810.7585
8956,16516.844
48524,76796.36
144935,11589.901
61754,24436.418
73290,12068.167
16369,10224.87
68240,1871.4552
49482,12874.477
124584,2215.503
45852,23123.697
32184,7351.9863
2085,3677.953
71240,75154.36
24446,11208.801
15921,3066.057
63339,23436.73
68885,928.85455
13556,7248.276
109720,40808.555
95981,1733.3176
64607,105025.05
64686,6691.639
139516,112584.164
144475,27415.902
117598,33961.934
137182,64803.12
26763,3932.009
133081,38105.758
115145,13156.2705
138559,46185.273
62692,3342.5195
147914,4499.5225
53410,35652.336
47261,76154.09
113142,5516.4326
4534,17083.459
87961,7779.456
40734,27738.424
123485,51569.39
24283,15764.847
58196,45657.945
100192,26126.617
7685,79932.07
8737,26014.744
122036,33940.93
27558,51933.266
14098,299460.3
101958,18422.953
65681,4680.9233
60670,17765.7
105561,50158.383
54405,917.7385
143523,1811.0802
36168,7956.177
119783,6670.587
118679,22529.398
135763,49143.848
135868,33837.645
130415,93171.28
81080,3854.1013
7450,43231.62
98637,58148.93
109775,57032.336
49044,9285.178
84865,61070.816
14729,8061.2563
31614,80160.79
78556,68145.04
134161,12242.667
70588,14437.269
17657,31486.111
137682,15747.015
50937,6122.761
5321,29937.969
16729,7985.9688
35853,1909.7087
138737,51328.168
62617,9715.177
51817,5680.2324
82101,5916.762
48400,4415.687
53588,4610.4536
114485,179575.19
68800,116884.05
138003,31243.367
29704,33238.582
76242,9530.405
24688,8875.048
88918,30708.668
36333,41154.93
96787,12352.668
70460,17123.1
16275,7532.783
139716,16851.963
145922,41645.453
138676,39281.61
20317,82340.67
29393,107481.82
10765,175152.48
76920,18020.098
92916,4243.395
104032,1420.9004
100808,694.39813
102825,6113.793
143569,40713.88
115141,33849.555
71488,186332.9
17169,74842.14
9354,16075.307
121120,5668.9043
87966,10004.922
56746,8943.634
24775,52720.316
55526,4679.9893
126492,120986.03
114360,3091.418
25785,605.20245
103464,5709.8765
16760,45721.113
98455,28756.818
131728,7660.019
97763,13027.706
28914,13155.358
35184,7694.8267
124915,14712.244
128060,26072.545
113540,20079.85
117251,43529.39
97071,87203.36
43646,31925.838
83156,11387.758
148028,5337.984
58011,76090.84
86993,17012.273
24022,716.6442
121138,27821.861
110231,156414.27
47012,478198.88
63014,11305.953
71330,5543.894
54076,3642.696
62302,49157.12
90759,6414.6436
136172,8218.828
79139,203897.64
71938,220100.52
138319,21371.166
122876,1839.6263
89531,5097.8794
50383,23758.318
120616,4193.3784
47976,24349.486
137468,9496.595
95646,21459.08
136751,102771.92
16633,64947.65
117550,1511.0898
29732,20412.273
67434,22302.146
53536,2675.3557
47130,2093.4558
7813,41842.938
114040,16166.034
37126,4254.9463
92511,52666.207
63240,12936.162
51059,8387.222
97023,5674.1777
41128,11052.3955
118372,19747.582
4062,12400.7705
15678,6071.6025
133471,52468.11
63121,15563.01
34473,265336.4
86649,37324.293
28768,5100.768
63147,29050.402
36084,28193.434
107044,29545.691
78946,171924.78
135036,5306.896
124158,21009.11
45278,5902.9863
116193,18066.656
43841,26415.594
38002,108518.14
18067,45667.207
66145,4785.718
130000,12935.538
22489,22285.094
38118,17248.807
148131,8519.415
5976,319181.38
45956,89060.234
50219,3307.049
75521,142141.1
51985,4608.711
54354,22737.92
97639,22631.281
24009,164837.83
72635,6945.207
993,24722.516
10945,18959.982
132444,10189.234
138544,9467.05
146049,72553.82
145321,13363.921
20292,26466.604
78386,9551.976
5905,18739.629
138194,29739.412
86570,7651.689
131570,177916.02
115572,13989.812
82615,230272.81
34921,3192.5017
79191,12048.683
119751,1848.6577
87173,4315.9927
72031,52888.39
96537,11389.998
40480,6586.475
86904,9131.572
78379,6327.306
45130,27549.238
138889,13572.7295
112615,128704.82
42858,11615.578
68627,79817.375
115878,17551.4
119213,8447.52
79459,7799.675
111680,18652.61
124009,36387.97
132724,8290.856
31872,10137.027
53859,66870.58
79552,3698.5994
37534,4502.3267
16442,3626.844
14346,100079.82
64836,15964.555
115628,5221.747
15435,204983.64
3713,180007.45
58526,37977.742
132017,17097.086
69000,3763.351
122245,125191.32
135172,6573.914
24066,78450.8
86185,7232.894
58207,5654.0903
90985,46549.914
113543,41049.324
145880,15534.53
19643,12291.956
101405,7352.067
117514,14812.929
121291,4899.1074
104116,26896.744
123432,161556.23
126902,7132.44
11358,41541.438
72900,16207.46
63494,13283.991
65376,1858.6868
5060,68354.65
39926,288053.25
103114,11213.012
59188,6482.3594
27190,9253.581
111019,2232.428
83350,36297.348
83237,2141.6968
86191,13742.667
147108,15504.301
147706,34006.992
142113,11438.116
10183,20553.605
47664,3915.9224
110575,2742.058
139404,76200.35
102282,20844.756
135789,33687.383
109924,50151.25
76900,8355.73
56403,80101.26
17539,33267.887
119012,13961.681
10655,31053.385
24778,41849.188
64811,31925.67
16525,84110.445
122989,28354.97
67044,6120.4736
10503,67340.1
39956,2483.2822
83877,49038.586
80498,13386.874
113402,67466.77
97697,8752.997
125646,3303.7588
139941,6368.51
80062,37287.555
141357,44216.324
67864,3565.3306
63917,20481.047
65372,7319.9917
113669,23375.035
77028,-104.97591
97504,6265.1455
107419,20145.283
129673,2827.0703
86493,40018.664
26186,16740.756
32577,30815.98
40961,8509.511
26697,1984.3242
145295,43323.062
68630,96313.79
33751,22477.514
121209,3816.4834
149330,5967.4595
92774,36486.99
111321,26798.86
143624,17155.318
39236,32906.824
76183,4153.711
76967,86032.625
142982,7191.66
126907,10611.447
87746,36752.098
88789,11943.124
85178,7740.8774
134062,79483.836
94912,34806.76
79827,9241.979
118503,141628.97
133524,54428.047
18677,51522.402
99724,20676.201
136189,23728.506
22322,43038.344
5193,47322.17
83340,11539.017
129073,162629.64
72563,38078.395
85133,15368.68
217,16167.562
16455,89059.85
115427,4936.9194
95952,24152.746
37858,44079.734
146641,25400.314
95848,7601.1387
92883,6976.859
70329,7237.0186
28764,78395.33
68246,153365.2
141258,23913.992
37653,3370.269
113170,39912.953
2759,14330.823
75277,8330.274
37182,8467.732
48814,8339.196
33795,11148.79
113904,95890.695
77058,12534.601
27527,4929.403
76070,7454.303
90213,19378.686
105612,127491.46
82745,10537.714
33957,5511.867
9102,17621.148
7402,14461.0
18667,76557.086
142157,21646.717
63544,4734.034
137435,7532.522
123793,6236.112
144678,18873.25
93033,29516.234
121801,6382.9683
127698,75564.64
20150,18947.334
57770,7309.8184
126047,10323.801
147295,193833.83
60047,31551.482
126469,41900.3
88243,27590.566
41386,2458.8452
82617,200590.27
136559,56361.492
101751,24296.334
147028,4132.652
128610,4060.4287
26568,30797.047
57807,52866.926
131806,5425.9004
130253,4135.545
54901,8704.797
108875,173178.1
12007,56663.074
119463,70243.305
47064,2736.611
16961,12448.657
110603,74915.34
136083,11844.9375
100915,117348.83
16588,57988.97
132422,3382.3794
57474,10046.282
20013,44503.902
66061,7897.6577
119101,16837.691
18327,18472.494
45613,102179.54
121925,15062.366
24272,55004.19
45927,33914.87
84238,28875.145
10607,28903.166
27803,12035.004
91126,3822.9038
101088,12871.262
61995,39203.973
10654,23394.64
77824,68088.49
13651,16043.294
27827,51171.61
19084,30337.77
43598,22436.81
97047,-148.3397
137125,10163.605
134578,114783.15
122824,41087.36
71804,24266.225
29213,10132.2295
915,18705.13
17121,41752.066
66135,8441.902
111645,4967.9897
16017,26793.078
60453,6233.0776
26617,22040.123
145224,99923.37
24870,8784.519
101350,40081.348
16360,10671.739
49936,93588.32
9600,7909.3857
51598,15181.288
3870,197912.2
44853,2021.1871
97910,18566.348
18737,67129.73
48442,5811.7183
132813,44082.477
11625,158276.48
26642,73272.87
86246,91538.695
125921,13627.956
30997,47992.03
13009,3422.85
19299,28921.053
22557,80878.55
114730,14678.873
115986,92622.695
8022,28930.47
47635,14039.5205
55621,38872.785
18699,16447.654
38224,23128.127
62350,39582.41
30333,28126.16
62014,48160.13
32880,2594.774
115914,28401.984
91378,5194.9795
99287,14909.612
5117,64992.99
18501,3549.5217
72817,208081.0
106188,17730.557
134298,15418.822
10240,2538.9248
81112,33837.793
72536,66490.26
95091,52671.37
122874,35603.32
131737,21597.709
47658,4926.5894
90329,48183.56
40827,2183.7134
147951,78880.805
144156,70215.59
129450,5495.5366
100538,71099.92
3157,1382.5377
103812,8405.533
25405,8023.234
14498,26043.477
118652,108429.516
37531,10170.812
87487,123119.12
121168,83316.61
121245,1294.91
140999,9422.577
12220,10585.843
99129,40835.016
98629,18105.082
89014,41762.215
119061,7886.3887
120791,12281.37
146166,28789.508
91061,43980.555
19744,3918.8345
96299,203062.22
147456,40826.42
15853,66265.734
25650,13625.145
114677,37094.62
93818,4131.2197
7966,37875.445
63454,792.0428
104522,12835.071
13274,39150.582
79215,3959.9639
83646,88151.64
30725,70013.805
72655,211410.86
72167,17998.227
78526,3247.3867
141604,8248.358
30126,9303.86
85441,177400.02
113258,2646.4358
13950,18108.371
39585,13063.674
115930,31478.684
52878,12045.636
25652,132745.27
32909,54739.688
14719,904.16266
47271,10078.474
147169,59349.375
26907,542442.4
12409,53249.418
2717,10914.792
88199,7751.1763
104119,14284.67
56724,62232.527
15522,25966.23
71167,24104.37
75585,10400.005
17949,2625.4585
88210,17318.34
68789,3338.5437
140586,82761.07
121481,7142.158
30101,52486.258
40686,21766.502
69344,56821.83
112756,4881.242
42599,34729.098
15216,35776.34
76732,28461.541
74352,20052.35
139876,17410.744
81420,29253.393
62140,117629.875
114247,147299.36
62303,1003.78204
62288,25563.154
149411,20895.096
129245,13206.781
55542,3489.8599
4215,33746.598
122990,48627.496
148539,16376.282
70674,33757.242
18517,2266.1675
57232,40483.95
116207,106846.72
135226,39868.105
107000,34870.72
106168,35015.28
60584,32262.648
80534,1115.6104
479,161378.16
138834,6664.765
144019,66414.8
11853,12299.778
61061,89384.45
132336,38534.793
67909,7265.397
86702,35404.37
43960,70371.17
125936,90956.766
114188,344030.38
36025,205663.12
110643,32082.904
57177,199142.4
66227,12986.692
52014,2646.3962
28577,48760.516
49242,5181.934
101052,83336.4
7209,33198.258
68298,76810.914
47410,1234.4796
125724,83831.75
80587,17517.234
140385,37314.758
67879,3316.6484
127999,11366.004
9750,9153.328
86972,120554.984
134979,34589.848
8939,3868.761
25366,83488.72
49557,7697.489
89208,7574.7695
23659,6056.3486
31560,151826.23
121348,83751.914
92195,15394.782
44039,35056.715
140971,4466.119
125874,45713.438
94632,51377.87
17633,3779.4102
66602,6563.9653
42180,35180.13
85253,44341.88
66250,24650.666
89134,38822.523
19975,7634.5215
129036,8191.1826
123629,23021.234
47600,51183.71
65446,101607.68
67395,17874.824
56545,37465.363
40773,1274.9463
52662,3612.1555
149753,33091.836
38320,56243.258
31375,11950.88
52129,33056.914
65230,47179.453
147174,6676.6294
9586,19190.535
105320,17889.129
124527,13814.05
115902,14845.354
51897,31943.666
144773,6812.962
127046,169670.53
12920,9079.232
14440,28627.59
27877,11174.908
81311,82986.15
146091,6904.4277
60134,13985.526
48759,17317.56
55132,2146.5486
145168,24465.764
74408,8269.719
55810,63823.77
88412,31739.195
116937,43193.535
15093,159297.42
55793,38642.477
144180,43538.496
14153,17899.266
55514,5415.9614
129317,24442.734
14914,3768.7524
46369,70942.72
82917,12954.3
144837,100457.73
37677,51880.344
44773,11463.504
42743,14690.885
114823,5728.3315
114395,6993.546
49620,25003.984
84999,22145.953
84168,8200.863
144151,72566.53
79546,19496.799
65231,9740.333
140386,470487.06
52320,113316.016
133935,5451.4946
145409,62463.156
94541,40327.016
141161,8263.134
96322,22746.92
136681,83417.73
18475,8054.6816
147594,24196.994
129022,7759.5913
10358,46050.234
10773,14553.919
114024,18893.258
97907,72749.164
147414,27930.03
9098,43357.566
21905,3765.799
75924,695.0232
49091,64030.99
27848,2067.1611
116310,54464.793
87597,19444.885
22014,1236.1495
106723,5542.9277
91442,251268.33
46955,169843.86
138758,8341.937
8303,11578.503
26587,11732.856
132808,26316.072
49132,90006.125
83132,8111.6494
36308,88614.09
128521,8182.425
48015,40318.95
41507,12512.387
45470,3935.0535
2012,13225.45
24024,139601.38
124661,4901.2495
90259,48730.953
55996,2597.5696
92904,2355.9084
65521,1964.7327
105800,3396.862
38469,47978.473
13698,111018.41
33141,43053.54
37884,447613.38
111464,102727.46
51142,5921.605
33534,32209.838
50485,12873.67
98681,60058.83
15693,14769.624
139599,978.31635
134664,19528.773
99958,75709.82
49803,9949.2295
90215,15186.779
101120,7419.2524
136796,11430.522
139794,31872.822
65263,66782.5
89892,2670.3818
138202,53408.02
1619,10877.76
51052,58154.664
38835,156837.64
59384,90121.42
51948,10513.889
78241,6283.9395
80949,16362.211
29145,94903.4
136077,2605.3594
38211,22673.94
11226,18954.912
91081,18968.209
44513,63824.844
47470,7435.261
26927,222146.72
35712,6324.6475
142839,11995.991
96403,2894.1653
131497,12321.697
101575,10632.39
58727,3147.1094
129030,2546.8157
44612,56707.984
82421,21188.287
34042,38940.043
6875,30941.553
117222,135202.36
89289,26851.467
54325,20546.764
49910,6161.5347
96551,25332.477
138413,66489.09
11312,6599.7295
78066,24628.188
97926,6332.947
146235,67651.31
59439,17218.924
120786,114230.89
87401,54953.344
24033,177466.27
144308,1694.7
45162,40986.92
14188,10638.508
114643,11869.782
57358,20884.812
116138,33147.336
94361,116523.06
4971,103938.195
117232,12177.879
97860,7328.7383
23245,22042.94
68419,8083.4316
82954,14715.697
100722,36630.996
145969,165831.17
74582,24417.053
146342,3931.0251
137711,8325.532
119062,32387.398
9484,8033.888
120418,24887.531
18516,2369.5508
113584,134106.06
77782,27504.656
42564,5285.0645
137510,98229.27
75787,9995.367
13297,12781.686
49926,95248.12
82308,48518.715
52520,2156.2485
147933,20539.723
33601,10515.921
113602,71100.766
134479,18442.092
34785,34725.15
47794,117818.72
66220,3838.3657
143577,241706.92
16492,98625.375
18069,143975.84
101053,19671.354
86753,37845.71
141096,32794.53
109162,10087.857
144557,55160.824
47774,4719.025
60407,18210.76
23684,10023.83
62449,33049.285
5203,296347.8
144851,65979.36
112034,54472.92
67476,1233.694
17349,60831.402
974,1846.9818
120266,31522.246
113257,22665.545
21026,110301.484
44867,43743.332
3251,10017.716
27749,10170.181
96510,3603.5042
131513,120467.59
9949,55833.266
8845,68334.234
60417,106861.06
62693,77534.78
4465,37085.855
135390,12133.853
133243,23548.646
132807,137729.16
53057,51590.89
92406,74839.016
113944,10082.924
10469,38542.93
65296,81915.625
24981,6860.1196
42958,64150.184
30088,17878.482
123520,13174.012
54812,15407.352
105430,71876.984
39751,5780.2373
93761,45324.016
71324,23301.982
14797,21798.64
146882,10529.678
57763,142428.55
33688,19283.0
12395,1655.632
47259,7238.196
7452,45964.82
138695,62496.723
54612,16427.25
33304,5167.6626
141323,28118.535
39824,12151.794
64601,75354.82
59454,10903.064
139321,14612.768
28643,78523.44
109132,21551.68
5590,19615.408
28173,36267.508
17600,7608.54
90785,19320.432
91753,26530.96
14772,48353.98
10931,31050.676
138285,10269.071
91431,13958.468
3670,6450.8506
27824,32769.8
94722,46199.516
42362,26514.033
134406,28074.104
92855,13857.595
144684,8952.7705
104474,8122.448
49058,36944.176
71560,93283.77
123145,12419.342
127405,68992.98
39642,27319.086
42674,62514.41
91920,28889.492
74477,17726.016
113301,3625.9915
109424,5134.758
36988,28221.295
96678,7637.621
92610,30010.018
115062,9914.057
45679,26482.994
98422,47358.297
19925,10849.956
80031,47108.14
91914,7667.867
143765,15815.361
118201,7012.798
116708,18926.715
101880,9095.565
31501,18478.723
25668,12050.066
18719,56484.887
77171,191145.9
104067,43067.363
9844,19888.38
23079,6171.2095
11951,26220.154
90952,12704.687
6402,6965.2256
95893,97726.336
126013,77296.23
136377,50419.484
101769,76300.21
108386,11987.078
76461,32727.598
61314,8747.066
86832,37004.83
57805,14773.868
5390,28398.186
92639,13398.002
132382,7877.747
111951,14150.367
56626,9621.063
8495,23020.947
58475,20501.754
99099,15987.568
120645,12112.835
72208,15618.258
17809,5120.4165
57826,3327.2078
115305,37030.914
133020,14449.455
29475,21917.014
128842,133336.88
24919,16814.953
112770,2283.0688
60071,3962.8174
45393,153621.45
14902,6825.3174
18802,19999.264
23015,38715.273
44639,105896.984
109521,5675.952
69803,1232.2909
131446,62870.16
58061,5065.0557
141124,45688.465
62927,65101.24
68429,53035.938
21536,24002.19
97839,42450.688
44150,49266.535
111952,34632.69
32938,9467.737
137149,103052.91
144318,5223.7637
24280,85196.695
101881,16464.914
17054,49901.12
89088,38327.46
17667,17985.14
134187,129995.47
134929,48766.18
104247,7139.145
72062,69876.56
134570,251838.2
28259,31430.783
112767,15280.96
81142,65841.15
2329,9606.329
101452,20112.887
136103,39078.88
39187,19862.326
120405,4299.2383
29441,8210.43
64292,6329.43
35412,17723.4
64619,8613.852
80128,47904.227
97525,66110.16
122244,65322.34
72901,10296.081
35492,43727.23
115593,9551.732
87942,-1635.058
98259,77905.23
36248,48371.703
96915,30391.988
133810,57138.5
2412,21896.484
70321,44351.324
40235,52326.016
105029,7409.1104
30406,8895.987
45271,52737.348
90021,20490.236
69927,118785.75
94153,53264.73
73485,23375.873
31866,40914.438
132376,3011.1868
22375,115016.914
12915,6933.47
86707,3537.5488
60043,14080.141
133837,13058.056
68034,21680.932
25693,148871.06
75300,41169.875
144748,18498.13
58202,76547.53
97202,7007.5723
4054,27103.46
88963,1727.206
88674,18060.967
7128,151925.31
38315,79430.8
45801,44263.875
122523,37222.645
16108,40978.36
119182,47702.395
113959,50784.445
120296,248803.98
47819,57865.52
5040,51186.48
46093,113605.95
85058,21131.092
107041,27039.643
39902,75443.29
66129,59625.645
31867,20882.193
96163,11613.185
107735,15708.192
124817,66195.14
117253,25183.148
38372,54682.664
92712,82913.77
61619,11942.677
53403,19696.742
14348,94812.38
44529,29057.732
77836,38400.21
14305,10814.206
125524,245863.62
44885,4822.6787
112279,15462.991
25191,3760.129
52708,18479.217
96957,31672.852
56228,67788.03
43486,51530.402
129091,1834.7169
48271,50282.414
110631,38998.926
100319,15063.08
144140,55556.67
106854,16840.934
26007,107765.26
97841,7181.0835
41975,484831.25
42249,11895.64
36428,95722.45
8510,4364.2383
123363,17975.607
17327,7268.089
114319,125784.625
146028,27090.537
29235,13324.571
240,6030.615
15227,10177.829
145843,69596.914
125451,10882.017
142609,12561.766
19082,41370.375
74048,6602.222
52580,34850.12
29197,60805.113
14407,51185.758
47647,3597.6912
82587,8492.413
115144,107936.95
72051,45178.81
67435,4445.643
58386,70826.234
52284,6650.038
96743,14366.227
127266,38133.547
110140,17760.404
36602,30527.812
10398,52276.062
117919,11667.344
12815,4380.6577
120020,10594.619
137540,97003.836
60259,1217.0515
56223,66077.91
53197,5314.698
116581,19580.72
103640,15486.134
106809,21026.666
17711,27048.535
112310,61592.504
124815,35964.645
36175,18980.09
108398,16576.643
6689,1494.9568
45503,2757.6763
146184,69635.734
15729,16388.8
107513,20136.22
77649,5196.6357
23471,82254.69
78376,12098.074
85536,12593.257
133118,12287.747
84240,19281.74
103366,3122.2083
42391,12821.177
34632,17931.82
128875,175788.89
114365,86085.234
85309,66538.25
75834,3369.8823
80223,2632.7947
37230,3475.8066
146883,53399.094
24212,81857.59
36152,3897.4966
13834,252006.39
20156,7384.7183
33828,67426.484
744,27243.305
102338,81902.02
109657,17114.758
17945,41998.953
81148,66925.79
114653,20246.385
79556,10674.231
11634,62771.41
122651,8242.611
34351,162658.31
23143,24765.492
39177,22801.346
133942,108958.125
78901,7324.2583
58005,43929.336
64097,10000.61
39219,28988.82
36685,3408.5579
113101,5936.0537
70304,13264.542
50950,25933.717
67488,49881.203
125722,4064.8057
117697,41644.457
38832,45539.594
14351,152487.62
136303,53405.324
37877,50391.742
64277,17782.848
97889,6195.443
29602,21333.719
41361,103598.75
75359,31731.057
45572,18209.35
13767,12396.752
25482,7726.3574
38554,1713.896
20474,2615.513
128362,35921.883
125948,4212.767
122707,7007.8276
8509,83372.695
53335,95642.37
142611,76329.23
88291,26506.945
80522,23989.42
2835,12540.889
26175,43837.375
118381,12371.497
86637,13430.817
115374,29026.895
61496,5015.453
140551,21361.438
8385,11901.762
6920,10178.334
45491,63114.844
37175,81415.0
105775,16653.164
49566,81709.99
128324,51829.06
28255,2537.3945
37400,63233.395
138270,3939.9866
122906,148688.78
117038,2161.1953
44088,2950.0137
27056,22773.88
19292,1919.8644
148950,68534.7
23654,60803.79
95553,27068.35
53358,17580.812
92727,13360.987
133819,28913.936
31621,75972.56
105982,8242.433
45656,15935.528
31257,15757.852
43054,19017.98
126301,45133.01
125175,14578.703
20771,17839.87
49208,11564.715
120265,10745.169
32569,22853.916
40183,87101.89
5898,5121.5483
49581,12533.146
119073,45802.73
11106,66487.07
125037,19953.736
99073,13878.436
92705,36510.574
99618,22986.037
101098,8412.079
84380,3410.5474
97519,26560.24
95889,89155.17
125029,52090.137
130438,29854.275
120508,124260.125
147107,77212.945
9328,3090.5771
59405,33191.414
75950,36775.41
22327,35593.15
41978,17720.918
142247,46234.08
127778,68793.66
21844,12352.45
69882,4058.508
98747,31306.422
56326,24157.295
125069,7305.9355
72433,17587.12
14608,4204.485
107191,3178.8054
73402,64009.938
100249,11241.71
65448,1166.2311
135149,26569.455
17567,24280.9
34906,108095.805
29263,20563.418
85112,67582.46
56124,76854.62
109692,2284.5942
65212,2901.2913
39972,64174.387
83301,39931.266
30095,12948.6
7186,3596.0193
46245,8566.52
86111,46434.336
83423,49700.555
10996,43450.85
11658,17961.283
143388,9096.197
39863,35165.03
108308,4425.667
51880,8002.1743
42093,13008.717
107353,17417.965
142728,10103.31
110933,2174.451
132565,104817.305
48455,23822.342
34206,12066.486
68752,17305.332
33463,8476.199
42546,57707.047
114177,90435.55
139004,126186.85
24866,811.8319
123490,9076.245
116766,108084.984
40476,55689.016
100006,26439.426
66898,66009.414
149069,16064.826
2674,26762.08
149004,5914.706
112940,116408.81
111683,6367.985
23926,2503.8005
9221,4391.3477
69359,86623.69
117597,103851.49
82558,21890.219
95422,15564.718
59767,37674.203
80555,75504.42
11842,5980.799
118178,8609.954
92948,20974.268
38090,57771.77
21459,97174.16
10047,18737.402
68209,34792.29
111940,16628.71
16969,93827.52
145034,2662.4265
130065,8879.47
121414,29445.541
109102,60126.996
22498,19900.598
40541,6868.6274
97678,24997.975
96509,4424.21
58694,10228.947
31014,826.5631
96811,158685.44
124087,57997.07
124182,18591.652
119585,27006.924
121557,77074.79
48757,90115.125
129431,58189.023
124907,21092.275
78784,6692.102
144147,18031.412
139513,34539.535
36805,27894.934
50116,10200.019
117771,10452.783
73722,26648.873
54380,95315.76
85847,128434.14
37239,215872.34
43162,9058.182
21888,20714.467
11521,7380.1357
102425,33276.44
12981,16683.867
74328,17722.832
118952,6347.069
47620,77822.73
2632,16279.741
92117,21778.771
52523,29801.303
86880,24463.043
43213,45041.56
39602,75596.24
4917,7378.7085
104749,4071.5544
141740,7443.959
113318,15621.353
131149,4137.641
93986,177602.03
117646,101502.76
99648,39402.324
5473,16948.006
97629,4292.8667
148007,44289.04
134692,10496.922
122538,29532.906
113164,6572.766
97015,7803.1895
50633,49988.426
110978,34603.203
108178,23526.04
114796,58471.605
133061,32515.941
9791,16387.17
47385,3102.0305
47266,43006.766
58507,9300.869
112246,79560.44
121687,2325.2222
18938,45654.945
20898,9272.091
52608,3293.0789
35066,3939.7168
93263,4190.8096
136946,11109.975
70529,13952.423
7738,259353.03
126559,5565.6313
74254,16418.285
36112,14174.898
124970,55775.74
91900,19370.53
120733,40338.426
145957,37403.668
82220,6482.909
69779,9882.858
3661,10566.386
61430,80877.46
138362,53662.344
34719,21200.172
106564,50121.59
48849,56294.473
52219,28035.174
117393,132799.14
133506,71588.69
75133,2883.544
12867,12883.964
112401,38596.03
37848,19151.424
121452,6767.5654
62539,11376.155
73507,21475.244
140261,30411.6
6052,35144.0
136462,10598.242
115599,39619.11
15931,12004.373
82942,4229.9917
41021,79836.18
112447,40418.438
69132,10291.459
35206,49985.742
141141,7394.8486
99668,7091.3022
20803,39012.07
148925,5503.9756
52696,83924.38
39728,58515.883
16186,9222.911
106051,22616.928
76244,12520.617
126366,4999.315
17192,3150.3684
41428,5771.3613
73922,1538.319
34072,24107.43
126973,1566.0693
33568,8305.296
92661,26818.725
52121,57921.22
38093,36592.605
114104,7771.0117
101724,9719.975
97783,15934.631
14957,4280.85
84576,96122.59
145025,2585.1025
88163,9156.371
79791,33003.46
65595,1041.891
74194,25949.979
103141,124840.516
9040,8797.23
35502,10012.481
111097,57061.184
108737,3634.0867
2234,16342.731
118299,241262.81
44932,17001.135
14586,66526.01
118128,42086.582
94283,19415.88
111709,4372.3486
93664,75606.01
41115,26638.713
132093,127789.9
96400,7732.6294
50540,75311.98
66594,28780.297
52381,6851.6094
57498,44787.004
133025,24499.12
12243,13666.1
44230,20211.33
108053,166877.42
82461,62742.566
108522,22529.992
6610,8561.298
129665,43287.543
4323,7378.288
46702,13439.973
39615,50584.984
136871,155470.31
34103,8523.663
85922,24453.615
136576,45407.676
5587,11704.469
95460,23510.588
40528,19748.111
20846,40078.75
30029,8443.574
26360,9085.42
15534,9039.054
23945,13717.655
125673,4540.984
19267,60355.973
26099,20580.059
126783,5624.7646
91077,40490.89
37445,78699.67
10492,44204.652
24404,16726.234
89912,55507.242
136271,5927.4077
84915,34784.492
99184,77396.83
121381,2006.6982
13630,41977.55
134633,9888.957
86549,3966.5305
21141,58444.88
9950,15127.123
54088,6370.182
59051,48729.812
60441,23585.72
110094,100628.41
143427,16591.902
42092,5223.5737
1365,7730.8984
38939,23799.076
1753,12069.837
19058,76331.38
24399,34624.98
17516,58553.23
130683,5643.6743
113525,6459.9575
130404,24823.31
7872,20088.055
109691,11236.799
148036,55070.547
39169,2247.9666
57051,34209.465
70149,17275.842
147654,1259.8555
132911,166155.34
108801,2076.3167
17728,108238.2
95660,27583.861
23243,62796.53
116509,25191.584
19664,7574.4062
129683,31845.92
127144,83869.94
79802,11807.747
67046,95154.78
125928,141003.53
134842,28607.48
79769,15282.757
49766,12306.499
136225,40252.426
127660,132858.98
20034,37729.098
72510,67926.13
80864,2725.5159
113644,13552.438
113906,20439.781
94605,14262.048
43279,16963.492
48572,181735.56
31909,19077.268
30596,26718.49
34313,6344.7275
146491,7776.493
61735,14832.36
75573,7172.455
98632,16365.149
45085,46458.547
126827,53314.188
65290,5137.027
118298,29707.697
83363,16253.594
100314,1595.0199
111328,10507.659
11211,9026.645
25404,4985.679
49477,4160.693
113929,10580.028
13252,9698.051
2166,105473.92
65361,23817.234
109840,46704.78
133493,17733.938
69701,45609.89
115069,47350.96
56876,47164.516
136452,94168.55
805,101952.08
62535,28590.75
147014,4084.257
65670,46088.188
81607,19388.062
68704,11101.841
58458,57642.6
244,66584.61
85667,24085.486
32228,61175.098
32200,21300.375
84463,55474.734
117140,168943.67
75847,19915.531
28662,3416.443
40257,3798.8936
133621,18244.56
48971,7052.3086
141570,99187.484
127743,5494.209
112266,24706.469
28528,5498.4688
39767,7577.429
83648,22584.578
22214,16041.998
148836,14873.01
110270,18834.836
123998,23159.492
70899,8912.406
121660,20281.21
84257,44145.64
71672,29297.578
1304,33792.83
72351,110730.56
139899,8517.541
146253,19375.133
71878,151640.22
26962,2691.8306
60222,24679.36
34160,28001.588
8662,54344.348
67958,11984.358
141552,80876.95
36236,8309.019
85602,29509.557
102130,14201.068
45170,13874.375
32840,65290.273
108328,61615.168
74729,1509.9471
45989,96633.49
43758,61918.24
78411,72726.72
68464,12093.486
51570,22156.223
118358,47871.367
136596,4600.3057
47394,9133.889
91209,16024.183
48297,45021.543
55283,29570.17
147488,6653.5806
42790,93248.65
48034,24964.97
3615,42930.816
130823,111656.836
42273,264600.84
123530,26036.57
137409,7058.7793
75042,5265.419
42555,12537.479
70642,14102.785
85995,36666.504
140702,48166.4
41116,39708.46
7449,71440.05
103426,547.8987
141730,9507.384
135301,16640.875
126641,30739.49
44442,16147.056
13851,5338.6045
85876,6268.9565
47815,6405.7207
47078,1447.2986
107264,13318.236
72220,14386.246
125785,5890.8833
126061,10279.483
42928,196775.72
69502,9416.181
69248,6596.8813
5586,12901.228
25298,53549.44
35319,20096.951
37253,17778.605
46291,45224.605
22542,8775.976
45220,1860.4305
39246,41078.168
2411,89431.03
12353,776.32355
118356,14987.37
12563,7296.5454
86429,42229.797
144687,965.457
97899,20118.176
120549,5123.4575
140720,9417.56
56494,189208.25
36076,4111.66
134552,5128.8853
3597,4990.468
44990,16121.505
53896,91157.79
67712,1147.3224
136293,61953.957
103941,17354.904
72854,30459.572
115627,63303.586
115033,10211.005
99190,1805.8848
53781,18286.643
107723,6086.1924
51278,64875.688
70201,15407.205
93092,9391.145
53811,44948.348
20124,61774.594
56694,99287.38
30747,4419.563
34504,60679.945
144543,26402.441
75893,39928.836
109636,5709.502
148225,39675.26
41195,9491.556
128714,19001.488
68348,12843.263
98421,82518.81
26454,58428.82
34452,14972.732
96900,2712.4553
30704,14717.769
114871,4105.0474
141802,24744.834
103010,12714.842
758,42124.594
77265,64915.42
102416,40828.47
80523,102076.04
43537,15207.985
125979,5697.3125
90137,30869.775
106375,10360.142
12194,5913.673
41520,58543.656
49167,51403.47
119968,42079.535
528,12321.891
131194,66555.8
81548,21117.848
44048,14511.247
143808,20134.363
93275,75029.61
126212,33084.81
117112,6695.78
113709,31208.01
124533,175038.38
87766,112263.92
148185,71508.2
116040,48086.87
68341,62856.227
149091,103619.61
69691,10900.336
44008,13246.853
89429,3026.399
149951,24484.652
92158,48319.617
2975,13553.004
55396,53198.348
90376,20405.602
78869,56375.18
123241,17623.396
140299,2731.4895
115863,26954.998
60523,15948.34
110943,76755.44
102244,4819.7856
142812,86206.72
110494,32168.732
111415,37545.715
72881,102374.37
132299,29015.857
133457,19040.781
36687,13331.405
38873,42860.43
80328,7956.2515
100132,64186.914
124306,45548.855
40601,16273.666
7312,3320.3315
68380,10802.074
66164,51918.566
86480,70599.52
66172,3626.7449
44467,15881.386
139495,129304.38
141120,5356.0044
53301,11632.29
13403,6629.3774
17386,36791.195
16679,13586.8
109024,6357.8755
3253,26225.002
71238,47248.246
98612,6367.9893
997,42412.85
1680,37241.83
50333,63187.62
15766,19860.885
77291,30217.867
99,21035.975
147608,8294.209
105845,83013.0
61406,157585.12
88495,18010.717
132793,9928.934
77491,10857.498
133130,7390.8237
59348,26249.805
147580,29322.74
54554,3300.5996
62311,32946.06
47633,8200.154
50751,15301.369
96598,7429.392
122903,119162.83
98294,33290.516
95722,35896.945
129624,34226.215
68067,39327.84
144448,9072.486
36801,45552.348
316,173289.7
125060,7059.4946
93614,40916.652
103504,96091.12
30191,35381.06
2286,37176.066
61241,3605.521
107026,42363.43
83496,21590.346
116250,7207.8677
55158,23239.332
51047,6046.566
75120,26586.502
126669,4416.1973
117234,31041.574
62242,2126.9883
29929,120516.9
108492,35526.508
31781,22318.262
141205,92616.7
12500,40121.586
104945,39711.34
32921,6256.6494
59197,24599.707
20888,38655.844
83540,19230.152
117734,8248.746
27706,34242.77
98013,62143.8
62171,9093.751
43624,49342.664
56116,100762.98
36955,26123.596
17761,93345.24
144759,104521.32
75853,182284.64
5690,18145.324
80496,25092.49
116346,11203.301
35881,4895.647
41002,110780.2
143276,24800.89
107917,60704.848
128398,6803.642
116823,3117.0935
128721,16136.098
64649,1940.2655
120659,218820.02
93792,28949.217
102721,53295.367
26998,21178.938
12055,47324.25
107670,31192.197
145848,7905.2495
88664,64381.47
45697,19244.295
134323,80936.67
20754,11520.855
40341,4524.5967
87077,9347.715
110730,4901.674
110995,175830.38
27781,12342.297
134643,18958.795
138949,13226.173
32875,93236.0
144249,6381.739
144010,12244.865
108129,100028.97
43656,12437.765
83171,47656.703
118976,5870.0186
137758,8355.449
73690,2769.6675
51663,127068.06
148896,8524.568
137618,61446.676
31506,26450.531
71229,12923.362
123134,12807.364
118248,97277.23
81886,103252.85
110700,14016.417
88208,103845.86
102250,52230.48
69746,28189.604
120819,166506.42
140331,9862.73
125824,23138.072
89966,89750.83
54147,171670.81
115175,44221.727
88605,68776.7
80826,9379.629
128168,-1682.2328
29991,53287.67
25220,94366.766
131365,19060.396
59483,3229.1118
49903,21229.09
86012,52317.766
48686,14439.071
74754,4875.14
17194,26737.285
114298,188419.0
78199,78357.33
128036,40381.41
15366,23182.715
109750,2842.459
129742,3545.6926
136173,92356.46
134920,113829.586
43390,99077.79
66746,59152.332
103473,24495.746
44787,21780.303
90998,54581.625
68920,138901.8
109136,69632.54
9836,-129.5863
81761,54131.895
4217,23513.283
22891,12998.677
1752,7903.306
131114,6379.134
143177,32730.205
133106,12763.466
110399,16235.189
60598,154060.22
26683,5789.7793
142807,6779.196
60440,2359.131
144311,30094.064
57451,7735.157
29459,23150.043
141768,56510.195
87341,762.4041
97270,74051.53
103628,2330.5876
60476,1386.1283
127442,10167.394
92095,13371.9
114514,79457.06
19547,10845.566
94044,63646.82
91754,5323.9316
147796,38550.19
42298,31082.71
22593,25896.914
52373,26982.22
51619,68594.72
146218,53824.508
97684,9772.311
146993,19056.738
146570,1823.1887
39684,142578.78
35822,111718.83
137454,15721.374
43055,251855.9
59793,36581.67
60730,12523.716
74930,97682.96
37591,68495.98
57513,47729.227
87554,86520.7
80370,25994.191
54879,4530.9595
106795,59582.066
54939,7491.521
97541,31589.209
44069,76191.83
68751,87210.14
3772,20234.045
26479,27055.48
28622,43249.805
57301,90324.27
61262,90995.0
99856,16852.115
33823,8223.488
58299,8042.1357
147878,46232.656
114577,67067.89
92086,5827.6147
133694,25927.416
31372,54325.8
83833,41818.797
17440,25877.95
10708,45742.79
117448,9805.207
111220,19974.377
135169,9243.177
119451,77287.055
61943,13251.529
114077,5975.363
36689,89802.61
98361,602.3508
142763,32128.742
110565,46860.906
107815,56146.695
77645,72313.02
126679,75731.305
143139,11082.2295
141247,9683.064
112737,16774.992
11239,36781.895
52544,9716.219
7837,6099.0146
33695,13910.029
34568,132573.56
139828,23472.48
32404,9766.504
74766,1033.3794
47113,33130.098
27806,9151.415
69286,31486.984
6858,2523.6416
19631,10250.78
44218,4146.4624
91292,28410.38
142758,-22.445372
27828,9643.975
92980,38975.766
20673,51069.297
9787,18691.77
138057,33954.047
5582,50867.082
64135,77841.62
93423,61707.477
56171,8054.5146
59673,31293.496
64243,42434.2
146736,9743.14
58910,74533.56
35817,23962.396
34449,4355.863
97247,10188.079
90484,21722.746
68984,12811.549
112064,20276.133
82398,4185.6655
88598,5649.331
130031,27072.912
86694,22432.066
25383,16082.628
58184,44225.355
81451,97161.305
38910,8839.535
56185,2030.7338
107913,14107.289
43608,14135.388
40024,22100.215
131592,13394.342
2238,102224.51
99790,63935.28
64360,2617.6086
99360,8150.428
91858,34594.19
61324,7345.1694
71215,34757.332
119009,17352.588
47302,19167.139
142120,81550.54
109679,46610.297
99744,106523.234
137003,7827.8887
12148,41845.56
135495,97924.37
53907,9422.864
110062,1282.1002
27504,7740.823
98409,8461.182
49617,9549.646
11706,23174.893
3892,42066.695
94164,4915.867
43394,65937.27
18976,6843.567
49278,6299.673
89259,3374.9458
49351,9355.363
110602,4876.2256
105541,3461.3638
90033,24507.918
131311,5159.161
110125,74373.61
116523,17864.498
69382,28511.873
55182,77016.34
43804,28642.342
144458,5179.012
149518,89706.07
93975,19607.123
37386,2743.5618
37411,157752.25
95296,15601.069
121056,21258.096
138209,13250.159
21580,7267.108
74623,12033.4795
136699,12539.591
8751,105761.89
111103,52343.9
89973,54642.484
120876,36906.234
71141,6766.193
101031,64389.09
83838,22148.34
136470,5631.927
4325,16446.408
52272,27214.146
84509,2823.5454
55806,70952.92
59303,5421.043
88924,202061.94
81993,133312.39
35933,87919.74
56305,5375.209
100408,12579.323
142083,17978.863
8165,5284.0317
88907,23407.201
115637,175744.23
96685,90308.695
71467,19122.717
11639,19429.203
100474,8505.8
96901,19907.328
126387,59995.285
27075,21039.643
34113,92120.84
95345,108811.23
138051,17268.75
66078,15729.028
135117,86701.1
76447,5634.9746
60034,38552.49
133006,70614.87
41737,109362.91
91906,3268.9717
129109,24992.086
82378,30796.71
97094,32537.688
21791,11832.751
111122,19021.58
144932,5233.0
131658,3529.2373
83670,25004.078
91009,55516.246
34155,34926.004
51195,13870.477
59664,28480.492
6975,11133.485
61069,-120.57779
59493,6583.035
131134,8385.75
9752,8612.527
11671,77484.18
143494,22617.434
56224,108070.61
129442,22106.951
47743,40162.688
117701,43209.38
21608,25964.027
115764,403251.44
126100,14646.457
88915,1834.6587
65628,43153.996
116834,48732.9
5609,6527.6685
39158,13595.904
137438,15307.782
76503,25889.592
82525,33197.62
67518,26993.502
91723,3728.7053
100974,2147.2595
61697,3185.7654
82683,5749.14
109334,47375.906
123271,6182.98
111689,3345.609
56177,25550.414
21013,15301.374
101401,19969.406
133350,2442.6516
51041,18598.686
47771,6617.725
145026,187023.42
138136,57738.832
2199,4971.0693
73023,18123.383
45313,117747.52
51481,18363.047
20370,22236.98
13281,30928.629
103405,10305.657
67126,50770.95
52689,41361.63
80123,6004.276
133158,16200.868
94920,17170.451
35127,4200.591
40861,1119.3787
47069,3731.8713
116500,4781.0913
126871,6917.1685
94924,26942.994
144578,9222.863
131609,36498.344
61594,31022.797
139522,11474.736
62181,4836.3022
27718,29332.154
132004,11281.431
71699,18024.676
135327,13988.417
80920,43257.15
111137,22240.344
126697,6270.7607
71530,13615.214
110849,10805.283
68579,1609.7108
20884,3623.0493
93774,10532.968
85098,150489.02
84085,6509.0596
143421,45825.4
125800,7095.5054
72461,32982.297
116676,10474.807
35931,29229.545
135391,73897.77
73993,24383.658
106609,135048.83
58880,3864.4727
47531,50324.008
21745,12887.049
51094,5039.441
35572,52694.547
108202,97187.07
101103,22316.336
15973,3697.6936
133488,13006.818
130540,69793.49
91065,42764.035
89977,23969.584
21552,9020.05
92184,15171.473
25145,18666.398
17,23491.387
51728,22947.29
87492,9675.014
8244,84462.836
64936,120805.45
17689,31845.541
67166,34715.145
20437,21253.531
44162,25740.666
104608,2672.8008
70359,12739.867
149901,143001.6
19286,4892.1245
33046,30620.453
109871,23648.357
17080,17614.137
54175,19324.783
26765,30821.408
119645,68144.08
3142,19034.154
72890,46579.844
76014,11472.075
62932,4142.3823
115335,80372.49
105587,93008.22
106348,100974.1
111062,10362.697
38365,57974.703
26120,7312.7925
28258,22383.225
77609,8642.779
48504,4694.2344
147704,34583.863
125024,25405.113
46101,11847.964
41958,84425.484
30110,28223.836
104927,2643.0593
3984,4951.308
103099,95741.57
35592,10946.506
29219,14036.449
110016,9947.784
111641,9710.378
34274,7393.827
144051,8883.39
112815,5454.743
45464,18649.484
56531,5933.157
130989,19269.61
140933,80835.82
143841,44437.1
7653,192799.61
103281,4382.546
91140,30292.262
17552,38781.13
94060,21238.168
47387,29466.025
24645,356168.84
47211,7230.219
11132,29771.83
102757,29710.285
128632,131225.08
11833,70891.305
93430,50054.656
5624,1500.644
90949,41635.586
54009,12799.356
72163,5759.29
25489,66686.35
132238,8945.224
28802,31897.055
53788,74966.09
140266,3736.2883
148798,4745.209
22068,119113.31
106860,2902.8457
75782,11266.106
15605,23905.543
131757,40368.312
32567,13649.1875
3025,330655.9
48539,624.52
124166,12521.068
113988,3061.14
128993,17787.621
103570,56589.863
87432,125453.586
68531,129935.63
79720,18647.557
56557,11366.103
52756,27139.906
147198,41784.504
134071,10086.599
74196,120132.2
90942,6235.522
27277,42368.547
130171,9640.17
141975,16135.137
74060,9299.991
20202,75209.11
100639,14205.831
41308,7989.189
107781,6309.8506
51940,56750.06
20529,2819.5186
692,37562.703
82375,35344.637
47511,9440.037
62391,289564.38
139009,9719.552
47460,7112.17
100039,23158.473
77835,51212.93
138312,12066.27
56818,30729.588
109993,77216.125
16048,198953.56
99382,20659.639
40828,84417.97
80511,100416.086
142387,50985.44
104064,44020.184
113780,6083.071
43500,45264.094
116043,41018.074
123125,23652.525
100611,15687.507
43812,22362.668
46882,31922.447
79942,180385.89
41940,7303.106
67862,116775.99
116970,35639.3
10224,88331.37
120147,9387.409
145858,90392.81
158,14673.3545
32260,126620.0
56761,11056.602
127784,10583.3545
36215,34982.723
120756,102057.98
66695,2032.0222
143556,5978.8335
49051,8093.1963
129443,19404.572
16099,11149.069
105438,73313.875
122429,66693.984
103247,8463.653
108654,3481.8794
126868,1263.0685
24327,73832.055
100302,20829.172
38030,23467.29
146251,30013.367
143889,41211.832
83977,52242.66
139655,22359.457
72268,10473.21
63049,12938.159
136932,13748.692
90257,27624.295
126808,79506.016
83696,13277.825
83671,12678.767
27913,126144.875
22107,10344.126
56803,72178.33
57588,24915.555
36220,64766.93
115817,10502.285
143984,11020.408
29527,23766.664
130634,70056.13
149664,15116.857
127725,4670.5063
118403,1827.4845
70251,17856.908
53266,31234.137
145649,52896.117
56920,29931.926
16417,84871.19
110830,11543.533
101268,3634.914
14968,21672.336
127094,119693.32
97379,7216.36
28144,2146.967
149311,10798.727
40896,54164.934
99431,11257.597
143738,21686.129
33715,30831.604
48302,6612.4907
90438,1974.7645
89671,9140.743
122557,36109.88
139570,195844.19
40810,4820.021
55234,34282.758
140388,40479.938
123895,13933.183
68832,100848.79
86457,493.64764
104565,7148.553
103462,7053.7866
139546,26463.04
106456,589165.1
8689,8891.671
16110,30728.814
9455,11709.059
112270,56403.977
149048,15783.825
58335,26188.02
60874,21963.508
143404,88848.65
46326,64194.406
27453,190025.7
136724,18608.936
27202,23470.932
90534,200447.34
5272,3648.8723
99333,102369.65
125972,6657.451
46606,9245.428
38123,1019.4842
147113,3206.0
134471,31979.113
20948,105552.88
111825,25591.105
131664,19727.766
33918,13671.063
75766,48065.03
19101,20290.709
77768,3418.604
83753,6270.5996
127707,57379.758
88857,23984.41
86481,63636.367
99654,1805.355
139255,32280.762
95021,1626.4979
40241,12966.719
115477,90311.03
5427,4867.025
116871,63610.53
29386,28853.043
93740,1447.7328
7404,16057.824
52446,180724.92
55585,24078.465
22855,25692.209
84151,14837.5205
52749,25658.725
101908,16340.879
38874,49220.77
124571,46385.145
97210,100989.914
46496,6355.0103
22678,74201.86
79915,5499.256
72352,10181.766
2064,395629.28
53132,10580.704
59952,428.5457
146623,2352.1228
38341,5893.5776
60712,22052.527
29417,2818.4412
93457,42195.625
89961,87272.336
88069,9414.69
138048,92850.62
81486,18353.535
124113,7945.0854
132928,16360.114
144603,8692.812
42869,16278.757
43610,4075.3684
35535,4154.8384
102669,106278.58
88203,114517.305
62592,9030.8125
26887,14749.185
3685,2566.9128
61784,72606.81
88183,35949.48
65842,11029.584
95927,61976.047
123804,11556.598
146603,38830.355
136830,18627.615
86986,23798.115
50497,16505.62
3904,15873.094
109284,4781.1514
130167,31273.805
124308,8965.236
34932,30941.023
3811,1713.5807
51057,72850.87
111545,48321.24
10766,16059.359
82641,5401.1973
50130,17359.904
114325,18950.11
59451,6931.6455
115480,101790.52
26303,31812.35
33296,34408.44
93933,21515.902
15944,307960.3
86002,87072.805
87925,1316.0563
53419,3320.7498
4071,9364.488
11383,65513.637
101254,113583.08
130180,41498.258
130239,10934.627
138710,5660.37
29984,284.7599
21948,169785.9
115555,4566.725
21854,39637.453
31657,43273.336
137724,26330.691
112586,19627.102
68570,2915.9158
119967,59007.344
47906,10533.6045
128051,32974.094
61740,61845.688
95383,29345.004
141786,56902.13
120853,11235.1
80178,46200.383
146350,135295.97
128480,48961.79
7462,8874.142
118675,5749.2944
62797,42396.1
107352,8280.129
79073,20277.043
93234,36732.094
7316,8838.664
126019,25015.232
94045,42799.367
34988,90773.51
98299,42719.33
130456,7089.592
55568,24769.055
58149,352500.3
110579,41465.785
14978,9536.37
94395,8024.4727
139865,41595.902
13123,180281.77
52938,5074.6953
130236,32276.15
20327,46332.402
67997,7082.5615
40771,39993.863
43179,75116.35
54252,120717.5
136334,113100.49
90649,4055.5388
149544,9381.008
63414,7591.5234
68221,80840.75
147434,30423.9
32311,14957.777
113172,51680.195
138525,9887.707
23941,29091.178
78744,12315.872
34592,53584.68
38136,43702.21
121777,63193.73
22612,47938.582
108498,101397.484
54918,64135.004
46862,16943.162
32247,6673.8584
72362,141960.98
31221,14122.043
113620,71742.336
14105,2205.1418
89041,126846.664
72302,6455.234
136729,10385.917
116025,49689.145
63268,235441.58
121794,23628.268
110689,21959.473
54874,25548.914
111215,10282.166
114152,123094.945
86051,50526.277
122667,21008.037
64464,129170.25
113040,8924.077
28880,17618.004
83316,31871.35
35742,174395.92
52826,90771.29
118911,22395.174
115610,17062.223
143666,18100.816
131763,7105.103
84232,90791.85
85524,169956.19
58230,29222.938
6002,16080.78
140043,7704.098
8000,96162.81
136918,20625.512
53072,287113.5
96352,6585.443
3558,27262.271
45645,92109.71
128322,106634.36
36583,90470.97
41683,78714.92
141086,10902.36
89681,31568.283
40631,7827.9575
48361,136119.16
132860,3320.2146
136739,15985.294
43917,589.5169
35343,37599.5
68471,5574.3633
66443,28600.021
110646,16202.368
87026,4450.14
62618,10334.265
21262,53138.836
123712,2582.9663
3911,22536.1
125152,53963.73
21474,8908.568
116416,105801.22
20390,324969.72
2048,68773.12
25745,101948.39
32084,41159.6
41821,20941.379
136753,70350.95
97935,58507.73
59587,40182.46
1122,68768.445
51960,85071.62
39411,1265.8436
23334,160105.05
111746,88401.914
146408,6431.2866
128131,5822.9824
35133,27440.281
80815,6566.8335
32657,34541.38
10932,49907.586
81078,56201.133
108277,11841.331
4410,67075.586
32755,27587.975
73143,23370.674
128388,31700.06
118665,37557.09
15407,19405.916
91775,70104.44
123056,8702.199
50604,26960.6
82238,42019.05
108946,91128.52
52243,108579.57
116752,98883.234
73122,6359.8774
75240,9664.338
50783,10786.836
62787,84824.27
47936,11212.203
132208,12163.553
16947,90749.64
108661,27168.605
82146,30797.047
41484,58916.12
73013,12888.583
68071,11573.601
148349,21634.584
122369,2942.9004
28166,16454.578
29906,6839.946
44591,112009.07
28035,10166.388
135267,22740.975
111559,4530.4175
128805,5455.143
88159,127788.055
96161,40050.43
124845,69248.27
122397,8413.057
49677,8323.926
1166,12438.343
55994,32110.873
129226,23571.756
99411,11580.778
109966,24977.926
71378,70681.57
104135,95358.375
37274,15014.959
131777,4449.085
14622,3454.2783
100462,8472.343
68318,34236.656
140944,44442.387
85606,134204.58
76092,50636.58
22285,24303.238
149460,2918.997
118961,13564.841
15826,30279.139
67383,12486.671
33775,3649.983
73776,152865.77
105364,199709.73
47665,149333.0
96050,24046.625
72475,2782.754
74091,39428.984
30347,23875.326
138975,5207.881
10499,19716.268
33689,31802.781
26336,70536.93
54281,19102.959
77403,4326.8525
48139,4089.2056
141362,12929.181
105839,37200.375
44316,43608.918
65138,152910.52
21899,9964.982
97679,19412.934
1775,4837.856
14282,19703.043
11178,2289.8076
45449,36167.453
67810,67101.5
3619,3614.244
14564,8823.394
67259,40989.176
331,2645.466
89190,37791.195
134894,25286.564
86354,4483.6465
6495,13594.275
5035,26032.174
148724,6162.0386
109079,8137.8486
67746,84725.836
32296,7685.454
21230,32875.332
114169,53324.56
108048,32287.807
115364,73715.5
149674,74546.57
131524,2901.901
113434,16332.455
95869,22751.637
121509,266612.75
115918,13901.691
127131,24486.041
90393,7978.026
80043,33249.93
57185,3488.771
84745,88231.59
134273,1900.9943
145441,39477.41
32511,15349.608
15730,13351.3545
99552,1478.4254
97297,12325.77
14701,15998.865
48824,16491.031
23068,48082.957
24524,4312.979
39881,4605.548
67239,16964.947
62708,56459.242
24422,6558.2275
134295,91653.47
37092,47402.004
44029,29848.666
136165,21564.633
80652,14658.767
27917,11092.984
64509,22215.162
26839,105934.8
13534,16503.002
35841,98288.195
145501,19152.691
56340,4345.5293
129982,13476.54
80429,51736.38
59621,25065.008
75568,2742.7588
148712,8509.062
9026,5121.1216
33496,8727.139
101476,9732.483
76293,4474.877
47134,47175.39
71401,18502.633
38431,39371.92
94165,22564.367
123378,15881.838
48195,31101.15
122411,8654.773
65917,24740.865
106344,42886.766
24855,3020.991
34217,5629.573
29651,113578.016
128942,70993.64
147656,3297.5117
67633,5356.511
32713,19615.5
86518,18302.85
104237,31762.623
19298,22123.672
63384,35879.363
127513,10415.769
103121,170870.98
97442,17073.871
31597,4752.2915
9022,19154.258
19488,41377.734
31175,5379.501
81938,169592.02
58194,12662.966
106429,14734.352
20543,10080.228
99420,58504.08
40937,51419.51
77939,28194.635
128898,7517.389
141822,9018.831
14343,36217.13
77109,43803.973
107895,17147.94
31426,16040.602
59531,9086.1875
74484,92586.52
148533,30977.342
25519,963.2178
67940,138494.98
112452,9152.986
1111,12493.092
437,5632.8433
59255,12268.562
100897,2939.1
91881,7889.8643
91656,8815.698
81773,23254.662
13292,5046.643
116278,79954.4
65857,10270.374
9273,12615.45
146802,4185.49
28623,9744.91
103718,72161.2
67899,3161.0618
113407,10317.092
138129,46539.688
65634,79255.82
107820,47536.73
83672,38712.332
143081,57847.586
80097,4882.0264
131911,12979.494
39854,30708.414
17015,40015.977
125779,7329.4497
25464,13801.989
148686,62457.78
127962,42166.996
30388,10552.762
65501,17140.713
107590,67210.86
92892,11935.297
21627,3143.1252
107684,44548.77
48283,15131.034
34215,5819.1167
48829,1752.2618
1837,52563.75
76479,29649.838
102984,11145.095
94241,15874.555
10567,107906.8
135181,41464.438
5170,11875.742
83414,2926.602
72484,65086.727
111025,9891.368
34009,71263.54
71909,61050.742
21677,16390.062
121524,1573.8107
117720,10445.372
102810,10705.257
136353,24325.48
64398,19035.637
676,888.66656
346,6845.3145
55254,17755.727
86162,16475.08
96339,18169.105
107649,150002.64
80506,9394.972
98317,6110.1377
96827,2057.0679
90714,33054.67
108870,3225.6484
2642,18702.045
38363,232624.34
17995,4666.244
98672,23574.547
71396,76373.12
82024,45120.42
74337,4094.125
95028,4116.6157
10488,29776.156
39867,10089.593
128044,3074.4822
90706,88783.96
48610,35890.633
137189,24184.242
29342,20567.953
61950,50717.938
36423,54365.54
46985,45923.39
43265,62093.625
78358,9741.071
122475,55039.234
43995,130156.9
145241,35280.754
10178,38584.3
91330,88201.14
37428,11633.672
114018,4306.8887
46290,6863.374
121716,26573.23
110098,103208.42
128542,10745.794
28680,14281.43
23771,63102.996
9070,2559.0361
54421,915.4359
137388,23796.53
140769,15936.467
110421,290522.0
613,269094.12
37675,16640.709
72249,5338.484
37527,95824.695
92062,62884.645
77014,9996.788
6550,12100.0625
49457,5274.443
43214,8660.035
55863,35503.242
137505,11719.935
62023,1276.2732
17336,73742.53
147045,5668.249
82994,66099.49
54484,4791.6104
42062,11852.579
113215,39235.13
88209,39269.44
81518,50895.094
122556,18616.877
27320,70137.42
94509,16862.018
142900,51361.98
17687,83892.15
24648,111648.61
41464,19031.906
91523,14429.372
57065,12884.676
54037,6897.4478
35568,952.568
67683,6999.907
54270,21353.775
132151,30174.639
38334,108583.25
85529,6564.5635
47331,31341.934
97858,31884.363
89021,185612.39
83129,19514.613
124836,15601.832
104141,7669.4243
64000,6841.3877
73669,42246.02
15208,10499.972
117082,31300.352
111069,19405.498
67931,21702.4
147765,28976.29
85755,91153.32
107692,69163.31
145059,3585.3887
120823,5921.8813
8729,114310.9
43315,83806.55
110148,76055.05
140950,89746.79
114717,2515.752
7275,20823.693
24209,47061.94
131059,29832.15
10573,16761.111
50342,36451.85
15877,81294.984
149078,16593.625
97573,73858.62
77057,38188.27
145014,53966.066
126922,20426.242
94305,6145.135
139246,32849.652
95517,44312.105
3507,50325.043
42305,25904.242
118195,35931.387
86900,13927.111
12809,7037.0117
42540,17790.955
74696,102530.81
27865,11109.096
78817,25393.262
25343,3185.1343
94300,7450.6064
41370,32193.422
56346,163522.03
124470,1034.624
142715,6010.4727
26645,6930.2007
129768,4766.5776
96441,21494.236
145599,9809.493
141715,164012.14
46790,12136.4795
130750,39347.535
100542,79772.234
95176,28907.414
56435,27048.129
123597,18270.674
73256,16644.064
149624,34281.508
104528,12654.68
28328,1165.984
103276,52561.89
99341,33035.742
26835,20755.428
109852,15950.131
137293,21002.94
8811,9836.292
49627,16691.729
55482,121385.21
11596,10051.2705
125461,113526.16
110731,12203.107
132984,28325.047
149111,37249.344
2273,8942.844
14918,7395.266
138948,64994.9
100931,44766.12
92795,53757.56
56295,57322.527
35657,34774.574
58832,79177.47
132411,96833.31
15205,158892.48
119007,21671.348
145861,56643.637
20403,10418.473
3339,86326.84
27243,33421.504
128856,11757.427
42240,91905.57
44382,32478.697
491,8309.715
62722,19331.71
53634,18166.709
23985,78308.3
500,132460.6
113071,123494.48
68225,151967.78
83574,113714.27
101420,38861.25
94916,9001.161
33565,9477.707
122166,17106.752
63978,47923.336
108848,16714.107
124229,5879.888
82885,43004.47
55950,8620.2
13943,17072.0
51799,79283.234
30688,7601.4736
146079,28842.377
85349,39881.92
141415,46298.43
142663,12889.2295
120844,45873.06
47179,3442.4714
44977,8857.45
74028,18232.35
45507,14776.388
18613,52519.324
18402,158637.53
44438,9249.608
141248,81152.12
68849,122166.89
21758,24622.707
68459,7151.5796
129614,58994.742
24979,11818.281
50548,202050.27
70186,39963.363
142605,15796.734
137253,14896.723
23808,16763.486
12782,11614.309
147015,16488.379
128664,8621.96
3266,32873.19
141071,11966.261
74595,54580.41
103989,4770.695
143733,15845.1045
16082,1827.1278
89488,6847.479
114357,61411.758
133159,10317.796
72799,18403.494
123876,134407.47
119496,32017.61
74237,5157.852
121729,30820.982
66679,25903.363
11271,16253.856
115712,80408.586
127805,4999.824
94949,18669.303
128400,97352.15
111860,5881.0522
14329,9557.421
3405,14131.701
60858,81030.01
133165,61359.96
19479,12653.437
122706,146063.83
106011,112087.64
99185,27567.621
127024,33329.492
20916,78912.4
128423,15985.194
28752,59283.367
127706,12667.575
104967,144073.55
20993,70797.92
80141,33689.188
37789,37426.023
144781,21769.822
79819,8786.916
125374,15773.799
89283,3227.12
109984,42259.727
48960,31551.635
25097,22989.53
123984,49917.176
86831,90497.07
28457,55164.81
54577,8187.868
99824,175705.19
32221,85475.86
144597,35486.547
77969,21310.695
65245,16017.936
6865,38289.156
32037,4375.1304
83206,41802.117
132317,8419.697
31157,978.7706
72549,280589.22
116662,12404.928
126686,6704.745
128656,24122.455
15502,48649.242
36195,55994.168
124071,11681.925
28314,14891.3545
129847,6279.464
5735,14837.394
80773,19690.168
91306,25022.223
144334,32564.152
32956,30568.57
63163,8566.046
140322,27507.77
51117,11034.181
74363,53541.277
23019,3848.8481
31708,92897.6
133802,3456.5637
67230,31733.797
70924,60897.137
138531,46578.707
123192,22889.129
95756,12337.787
4297,158724.33
88177,58685.445
118306,16420.764
92861,2120.7075
79548,38669.69
147200,8606.485
111561,69741.41
41363,6578.287
5093,4978.0034
49353,201834.81
5133,53356.246
16732,68564.35
93124,6935.1147
89292,19597.34
98766,37736.785
55111,18323.191
135418,62463.703
46068,125456.28
56286,130031.3
99773,34446.566
26302,6496.1763
65600,7981.822
142102,4088.4504
88250,6624.3374
74276,30846.232
97080,4145.378
33941,51509.86
148435,35309.99
130118,10145.905
1811,2259.2935
45465,5432.6562
65933,29653.764
30720,9415.384
10810,10828.64
98218,15238.286
76978,10995.481
115182,29245.19
94707,8156.353
112912,13467.132
70154,22606.662
73017,232989.6
65695,117437.31
71766,7389.3857
20852,27649.203
22360,98624.83
134504,9751.672
39159,31921.924
123073,13908.747
112027,3877.5369
73913,6344.7437
30234,2246.5493
125528,54021.203
38651,26968.088
142393,56060.855
91329,68857.15
95125,13266.992
17918,32380.156
126398,8922.188
7841,7496.6187
105880,14958.41
15259,24249.71
22011,4406.9272
21036,27003.188
59625,37394.93
99237,12344.234
39413,67494.34
17817,205810.67
13677,5800.2695
42423,4276.308
111941,29276.902
65098,9313.957
136776,13660.193
62867,23422.465
147129,2119.605
23386,64088.453
98670,10235.599
71582,23135.434
66958,22151.727
34229,44923.75
22372,21719.432
80015,28395.705
44931,7093.6133
144865,13307.234
122951,25370.906
39451,33171.977
40245,63663.984
144509,10014.086
64421,95608.52
6621,47565.64
36412,49539.637
87336,8924.807
111329,294644.62
31964,37190.188
26164,15343.759
88955,5915.8726
110199,11796.25
31722,152387.45
117212,13639.744
12622,24082.08
50931,29418.031
22619,42464.34
45918,52942.26
18956,6406.6294
96439,16871.12
39930,47724.45
147011,68236.164
101518,12210.645
69894,18309.508
36385,12008.351
93943,19519.8
79373,24950.61
14532,57752.81
13052,1271.2019
20628,45533.086
11295,227512.75
127401,80105.02
88756,4321.6934
96225,85912.95
64231,15326.448
108151,8123.5527
32400,28501.707
54925,57546.9
18805,41467.223
109762,39956.85
90599,57956.55
146312,7910.3467
2947,449.642
83184,31905.05
48056,31374.494
43828,52755.387
96892,70896.13
139206,6492.9126
93387,49136.605
118668,20603.66
139215,3175.319
25460,42760.473
31650,107142.234
133207,32144.158
133859,8268.749
95832,293822.25
10622,16941.76
92323,10078.804
56454,87114.98
6029,1682.0499
106987,41453.93
135351,7599.04
17654,8476.846
22827,35041.902
29578,66880.24
125350,26584.607
16953,137049.06
145233,84984.71
14306,13943.982
72954,39461.44
38540,56974.03
108634,5843.2847
66598,113015.484
47245,22391.027
127049,3521.617
8411,21486.447
39946,27750.848
108325,9927.787
35755,26166.48
60181,19528.025
23478,16703.37
112716,65084.91
70817,20218.35
102160,14229.0625
95730,23345.527
55590,142827.22
19141,54693.082
107632,5421.6855
115373,51285.484
120951,5118.531
56855,16412.924
104053,38969.887
143830,57135.062
23651,28770.752
90467,4611.241
129739,5703.6357
26981,72320.15
67473,6262.9697
81036,86403.055
83674,49529.59
27524,27320.076
145187,19304.13
124619,111814.414
15008,19053.605
46816,32513.562
130578,7505.8193
21198,66628.49
114893,48317.258
104679,17301.422
115740,19926.1
6010,52813.297
40957,58558.9
110686,28252.809
10362,61358.332
3416,9629.553
124719,17070.477
133186,3389.029
131297,25956.818
45303,9030.278
24713,90443.36
19956,29300.637
91584,20065.508
45563,7336.277
97451,18548.172
51049,12684.65
33526,32210.516
143475,33036.99
105115,7249.814
59521,17910.889
91519,10432.949
146815,105350.15
114958,6070.2085
127115,8779.759
18379,7212.9517
23070,45584.043
39104,14569.32
47534,34647.848
26788,142629.8
59726,78414.81
146236,21822.68
66757,9415.785
49406,77098.77
8699,17806.818
23087,6201.4688
43441,13437.891
129067,6061.1997
4629,37161.754
146133,20499.822
131037,68927.91
3953,60829.766
42091,8945.846
26052,165326.78
136951,24710.006
97737,31009.918
12812,12461.691
77282,150088.48
62533,12441.715
56281,51663.94
34440,13084.706
6300,8834.752
107088,12056.594
15176,44394.56
136092,50007.92
19770,23244.213
99468,104933.266
115172,3715.1172
93644,6363.948
149880,8055.1772
137908,11704.999
116525,35908.61
75909,6369.937
51309,138187.06
61976,13379.238
100244,38372.66
95850,2266.3306
120431,179763.25
4858,107170.87
128682,70068.01
18630,94816.266
2688,32432.213
41811,3848.8296
6836,8665.984
48593,72264.85
33241,3476.2231
131350,6412.8374
33400,201003.9
50515,89270.69
131415,6742.7983
58750,23329.621
110852,49244.863
61125,83301.54
42027,11235.663
144178,34235.24
95995,22757.025
129440,62408.914
15368,3601.551
91463,5723.6626
111791,51295.91
58053,6469.3145
40478,6569.006
125462,13980.587
118967,79158.14
22243,1389.9231
16940,1217.0824
8786,32271.264
23843,3273.4575
88176,41086.305
144338,1181.5042
84307,86496.48
55701,97599.16
24152,112703.1
88959,35012.855
88607,11658.206
119096,3500.0466
25851,6306.414
16619,8893.8545
72120,5140.908
11003,23378.395
133586,7171.3716
11483,3066.3416
144998,49383.83
27621,23766.602
49572,40930.516
92059,23368.016
82213,2830.885
96336,4615.5684
121304,91863.516
111058,5916.711
66855,42490.125
107453,75198.33
39375,27071.992
130826,49965.46
53418,19238.154
102382,3223.7773
88354,15044.879
21632,5432.6626
67373,24980.334
113555,50347.09
18716,41889.098
49151,55830.41
25165,10140.066
101256,23920.133
88614,3120.413
30094,1185.1649
14073,3128.8147
82924,14835.76
6299,110276.664
58584,312467.47
110422,11863.291
82102,63561.438
74152,35114.31
107772,17418.79
145243,34264.28
108620,12333.813
111268,14599.565
83748,9955.46
59106,63807.977
97837,13321.805
33500,130778.7
147961,92768.98
15452,76122.875
119455,13409.797
82553,717.39154
114096,7559.579
73937,49270.508
74717,26338.08
67811,5161.3887
103561,6396.8257
96626,131399.2
178,61499.23
35049,17924.797
47657,9201.616
25257,23761.95
31547,120349.266
96216,74595.9
14682,6800.0547
66430,26280.17
63356,32614.84
134465,29861.732
128340,52936.727
25550,13619.532
121766,23734.67
104308,13609.774
124885,66656.586
119108,63570.293
127616,6122.507
89079,25378.316
58183,16724.223
74879,10008.42
24119,33521.11
130300,6315.869
618,6750.0464
142734,5285.739
19836,114213.805
2250,200347.89
100994,11754.334
137604,22534.791
84619,6211.702
52834,8252.131
139467,6088.085
140053,12978.748
8412,29964.709
75894,80373.086
49673,5986.6113
53592,26751.725
107248,29147.43
110930,1191.9485
136714,45018.72
41656,21998.098
87418,67698.34
141117,2549.6472
119658,31549.574
33552,4798.5312
99216,7946.0356
17378,85827.414
99886,6310.6367
114572,1829.6499
17248,61916.688
40392,52064.45
139066,45669.535
18371,9026.262
89224,38786.914
126161,5287.873
115622,7958.4365
3043,22209.564
27337,39285.19
71072,112704.586
131930,28434.793
54680,6122.443
60520,261870.31
39079,5378.9517
83907,14355.504
120273,28693.39
13235,18685.164
129556,9911.055
83025,25557.791
42220,1201.0337
46640,127179.6
129081,50410.71
112910,8040.52
142934,61496.914
38445,26432.562
138946,6406.625
52584,17332.32
72258,10318.439
5007,15316.218
47228,5918.863
138367,34670.715
84831,52607.19
135951,18138.691
112332,18011.824
90185,49995.0
66490,45269.605
143234,30627.19
71775,1854.1771
2305,15389.612
49687,24842.8
133109,56765.56
77695,3303.393
7545,39304.426
31162,6641.1274
108034,60640.41
94199,11522.678
63149,22079.893
89692,31767.547
115946,8483.223
35431,13480.289
51798,14299.667
15706,3231.338
107061,61049.94
129611,48261.7
100125,8039.732
92606,89752.47
136013,111267.68
22379,1518.2676
54084,32192.346
77868,5778.3506
4161,2796.741
46198,28080.137
131673,4240.269
104138,42038.023
123297,13748.833
147569,8735.933
44680,171289.75
69506,85307.27
14573,167433.64
39347,63726.8
42430,17946.215
37020,8309.023
64862,18777.307
37257,2501.2312
40123,4169.5005
18593,9642.097
114137,45028.74
125263,19213.824
110462,1782.3373
22408,14915.993
31666,42745.17
65463,23678.041
86274,105431.414
74682,3172.0142
126048,94056.72
99280,13449.256
13230,16043.908
98173,26958.225
79914,28663.293
84142,79713.555
110271,165611.77
28394,4199.955
141310,6539.1226
147073,25350.92
80902,24275.596
50418,36131.062
107074,9008.896
144793,45337.332
97349,27780.508
142420,99207.98
78159,52503.09
137972,8928.405
34598,40552.285
53392,19508.52
25617,23061.018
11741,112949.9
114706,3305.859
2791,110541.14
108579,23982.203
114374,65209.133
134238,6693.6274
29154,51907.184
44975,18684.162
55816,9360.293
75206,9014.809
51279,28931.152
81834,11623.996
52492,156130.38
63755,27753.215
81971,13970.686
102692,6123.9546
11453,10289.514
21507,81702.22
125265,3186.4558
146299,15919.199
27970,70760.4
76942,9692.694
133716,143287.61
60362,10804.971
118735,73962.54
125693,30455.352
21101,11080.1
101668,10424.064
85981,123729.07
55516,162347.53
54497,25255.887
115808,8648.352
56119,95680.09
143946,64016.703
147890,3121.4587
148612,3805.6233
97881,3655.44
67311,6479.8267
99947,16170.294
76829,138164.14
109918,10292.708
53983,4942.214
71826,3754.7727
27488,9100.317
88320,85082.08
43274,252621.34
131389,5172.826
14072,10402.068
118373,11721.376
119762,19176.988
69486,49988.203
64333,20258.463
49205,8522.532
16986,12287.256
135644,4906.29
112621,34161.26
7415,73354.63
1170,33478.555
148816,83533.74
102110,40360.258
6290,667.7285
79439,63441.45
42151,70145.29
117152,16954.639
483,19368.695
123099,6120.462
144232,61779.027
20354,63111.758
53718,103262.3
56573,8259.698
135517,70082.54
81540,52489.18
54479,57318.21
24144,1477.4727
123810,9555.471
116814,6040.3613
78859,4701.275
7308,2907.4429
9454,37917.824
62681,17494.295
63827,151582.89
137031,85111.4
58203,10201.436
37929,32101.934
94492,32080.023
14032,21080.42
9727,2010.9072
31250,141111.78
52495,17782.29
54196,10069.227
90416,59554.137
42731,50280.28
109495,3118.9924
142832,2520.5813
120742,84302.39
76913,10748.983
132569,2936.5706
79278,17330.22
131711,113738.984
16449,34420.65
143934,11172.821
65330,6391.7036
32183,59048.57
107637,455.4699
114440,68142.484
70609,25971.193
142104,37163.21
34254,7269.511
92520,178322.22
131219,13644.733
107238,91545.11
122604,22473.54
27869,87087.69
125443,42673.117
143607,79766.38
101758,37108.293
55442,65351.633
64757,18834.064
81918,1143.8408
144782,76536.43
80605,9568.574
76551,3183.022
68057,17869.16
72212,88274.16
98823,133107.11
96440,73229.96
132953,36961.688
12736,2445.8647
131869,3701.524
148345,22476.186
104095,749.9574
31534,131414.66
104809,30236.312
123962,57071.41
66496,36542.418
3337,86635.77
142580,199555.56
104773,64441.535
9645,1591.2289
7381,10390.681
37919,10138.556
7638,45725.008
12306,71116.25
38380,35052.723
57837,11208.948
72109,6556.4204
63631,65154.477
100550,8925.829
101971,16561.14
106319,11541.147
30528,99604.02
23756,17529.715
24692,37400.586
31946,88455.734
105675,17467.973
104186,34576.51
136329,53709.37
11467,106919.64
30219,10716.82
143598,35859.13
103451,7598.0854
81880,13529.261
141153,15240.245
137674,13068.221
109298,12425.106
62600,6932.6484
109646,6822.9287
14935,104255.19
26963,15901.458
4390,3506.212
91010,262050.05
114671,21859.86
132009,163025.0
145926,36701.92
89407,3180.9998
36762,27143.004
87218,19323.445
14770,12814.411
144479,19692.924
95762,390.0267
20159,139540.14
149063,81624.945
30045,98284.34
94562,6306.049
44338,14306.196
49298,36851.066
121439,17221.303
41635,5776.8364
30647,24613.48
17907,169545.08
132056,37898.695
18846,103487.44
35970,107235.13
137303,11521.439
125731,1439.0404
6514,6972.707
42164,76189.086
118613,41982.918
11318,40500.062
109382,31722.998
100772,1609.6075
122259,8335.494
13195,29876.332
39855,18748.93
58960,43318.85
95885,9134.44
14952,15869.219
119345,9716.265
79090,13989.4375
146059,59689.383
113250,65385.36
65144,79724.12
67449,51883.14
82644,12321.258
136049,12351.949
99406,4402.1387
46970,25729.918
100672,40724.715
147527,5946.265
130233,19536.621
97445,4285.297
32380,94025.805
6470,108796.42
122344,19563.695
40849,13418.667
85354,4190.6016
56079,49712.242
94504,73827.555
44548,9279.574
70721,9717.831
39002,69608.09
51156,11559.935
14338,6579.814
140303,39167.24
42257,18076.691
11329,335514.2
113534,30263.45
75290,29324.707
112832,13381.306
39508,293097.88
2872,155902.56
103485,9632.282
15657,17580.84
130885,73707.23
26123,62776.047
112610,52141.07
34516,8023.8853
34331,46684.688
42196,47154.85
131179,15656.324
40129,23227.373
128485,48432.44
95248,156845.33
141466,33079.57
47197,47584.887
56327,116031.625
106403,6043.421
113066,-1662.7622
136767,9748.596
117748,22960.783
138472,61225.805
73277,18179.043
112133,5467.2188
17833,27626.027
148808,40720.918
7223,87334.516
90772,2733.8896
25175,7761.8887
23151,46919.008
35462,89939.36
61940,4441.8335
146903,5069.188
123981,26318.027
116697,16701.912
45882,30016.293
103751,43934.496
118310,136670.0
131569,11502.129
91086,5716.267
109963,121459.95
58140,38557.414
32630,207545.69
107,35703.04
38573,90433.64
143231,95579.94
129001,23416.486
122611,3096.0957
117727,213176.34
44356,11725.209
2948,3192.389
147519,75301.29
108713,44869.344
34885,27912.604
29330,23767.629
70557,107030.41
111766,3948.1658
30806,110929.19
97006,17194.625
45854,53647.117
17521,16705.797
116266,26298.81
93988,105529.29
117379,66511.6
133981,8032.728
128355,37762.094
4421,22520.822
126426,24337.0
148540,17831.006
104936,35472.203
50784,124520.766
90628,24035.623
58174,23653.123
106913,12525.507
83580,49227.746
104269,69124.2
98486,20448.37
45783,12990.121
526,8780.991
80025,19629.402
113445,27180.29
140758,13990.356
23218,23161.555
38451,35102.668
138052,6898.8096
130760,37082.777
26406,38638.5
80099,5076.872
8429,6172.619
23700,13840.816
2101,37530.195
125235,804.5232
68847,18348.668
101934,52698.527
78936,23659.562
94626,6674.4766
102685,11829.175
99782,5693.3384
33140,19790.877
25174,1616.0157
43889,90562.38
128279,34493.83
57407,118393.88
123642,18078.16
102787,42950.7
115736,70506.37
35609,12186.458
44521,7641.3584
32896,29610.375
94515,9704.385
58897,32263.436
98334,24854.516
104509,37062.74
149468,9233.351
98069,14714.498
60885,16966.816
28146,33382.96
134846,34043.09
48348,47683.64
128261,19952.281
148458,70717.52
85046,27437.701
55107,180712.94
38076,37732.965
130508,6505.164
11138,47042.594
117303,28331.031
128533,41721.785
98194,16421.273
98959,38088.703
129404,23306.604
68538,8537.208
139654,36476.863
133659,43341.617
101991,9008.32
4532,6871.2466
121227,31949.912
111046,42049.164
9790,27050.834
4581,39278.86
92104,115388.94
88794,1562.4937
95597,1978.3561
100403,55665.047
127879,24393.162
85701,7339.3535
30646,6185.323
141882,8414.659
79490,39976.48
6199,43935.07
97517,87730.0
146390,10159.853
52486,25365.658
22298,23941.656
73052,113503.79
3826,26053.44
36180,16836.885
56414,38650.426
13140,41294.727
25073,24421.215
48340,10292.964
866,115238.21
116962,4595.253
90435,35446.01
105806,141727.16
120367,18857.865
17649,55674.375
149724,76650.47
13377,31144.023
111738,18993.062
26916,52790.71
109335,26658.178
91471,3387.526
102057,26421.096
18303,1773.2031
142231,11307.803
28576,6125.3325
11862,43213.51
69896,147418.33
97747,6257.4395
26988,18111.389
129880,12065.549
118440,31449.152
66905,36949.664
109935,111191.33
104427,1317.2407
138352,104288.48
92597,1959.6746
69604,44532.836
49157,29879.607
62587,3459.7632
102218,15412.16
75646,4299.2676
12960,5261.6484
131575,8765.352
95515,265439.9
6560,15729.719
2322,2913.711
117027,27437.08
110387,100138.53
132967,55978.14
77151,9649.346
141875,28346.658
611,78001.86
43113,4107.337
73211,6782.694
44713,51876.41
121575,13618.819
139490,104415.14
72648,79213.53
119525,34488.902
13454,23116.512
108727,7939.222
48624,45416.156
30593,38687.062
98593,91580.99
101497,116961.85
95887,107623.47
123878,4768.111
113982,120415.76
82565,94152.68
78099,53647.266
40543,5392.93
42860,16867.418
44331,17175.678
105044,11574.179
108937,65757.76
109338,143413.02
132615,47244.95
41436,9703.606
18836,48171.605
54402,42903.344
37249,43074.66
142680,35575.824
30060,28905.705
131402,106565.19
138278,4032.4922
57261,10581.588
122230,17602.346
50121,18126.635
20283,3554.5583
36942,1445.0583
140709,53673.035
15274,53131.344
115014,9458.951
59297,6504.0674
116045,9113.528
67463,343116.47
107096,39505.477
59544,61058.465
24658,37701.0
81598,2992.343
31806,12209.927
45622,4490.3535
105529,5838.559
84607,153375.95
125228,101235.61
88771,5012.2036
129701,2520.4448
126570,9149.129
105742,54682.26
73872,99534.09
12215,65781.766
55052,63676.754
121704,22241.842
110678,46914.414
44747,19157.996
108204,27908.125
137862,28347.947
65004,25188.037
111071,27997.623
81750,17391.4
14964,25926.066
49329,31733.107
7619,9538.409
92212,56140.41
117433,55834.797
34014,51289.426
119899,51371.7
30597,123909.92
25973,17097.867
102065,14541.121
6979,126345.88
115449,7048.067
63974,31430.293
38553,91635.336
72092,74616.72
66868,49428.508
86113,4773.3037
82623,9046.841
56262,91854.8
58563,64050.91
128770,24746.111
49792,3882.023
23537,8736.612
42037,14240.652
30148,12585.522
33555,12813.349
102651,9722.375
94629,64330.406
1081,6020.0244
44276,18788.293
80540,16605.354
100928,12921.134
66705,12948.784
13685,4275.395
73814,8767.223
60622,137860.25
21626,78092.83
65826,33843.492
47328,5052.357
136774,7601.745
123460,45691.88
136035,94070.484
30964,32706.893
26899,105441.24
89479,12814.096
88006,18995.793
58670,25004.635
139441,80843.35
13056,4419.5747
20109,117050.375
117566,12613.692
91161,99372.97
144073,134695.8
131814,69403.484
14297,1532.2654
65879,37022.547
100859,18225.621
48287,26106.906
124351,20803.607
141183,6785.9033
54632,11147.106
103452,186090.11
114100,13312.397
105015,35873.66
49699,11585.602
122958,25297.613
101731,208688.64
129276,32598.957
84188,15347.608
89138,212495.97
118409,4754.1187
33016,20310.928
146620,96918.07
12817,61490.426
78414,37798.508
74340,59446.203
112942,17890.576
131326,133904.81
11224,41892.496
52326,3939.348
38319,15583.895
33984,5890.048
17033,33721.254
129629,2233.1956
107410,18433.21
17317,31565.033
79757,9342.141
108896,32716.191
65564,7768.2944
141635,12038.475
149171,36592.49
136098,14036.853
54928,27009.977
133733,109548.82
10260,9909.533
69342,52577.98
123163,6570.2007
97426,29285.535
56491,24884.283
46771,93428.84
79347,107457.86
91380,16435.057
63011,10499.719
66283,12891.477
92879,33266.594
126926,38894.875
76410,10429.53
52886,36375.31
60925,18077.107
54119,17838.11
27514,12316.206
142600,36028.668
24112,36978.965
132535,41965.637
113653,73118.08
58297,55604.105
53800,7914.2896
70686,21935.535
130030,113509.13
145039,13398.213
136292,4146.045
7344,30232.877
101074,15612.103
98376,1500.8408
121462,3185.3706
1029,88121.02
132650,61544.777
47741,64518.555
39303,45858.426
86607,61480.95
58887,2438.8157
33999,25447.848
94756,7435.6196
10422,28186.746
60408,6856.6826
81358,38402.332
116519,2971.9106
107567,35761.477
72857,13286.533
84265,15608.587
66435,688.9416
34367,33066.266
2175,6815.516
68041,112835.61
46779,4830.4272
67679,22984.941
37686,8025.1763
47312,3062.7117
114616,97158.13
24492,17523.133
125962,207650.53
118882,116303.04
59735,8806.51
106208,12362.078
95412,50417.28
14970,105400.91
43750,26200.268
4666,33546.1
88268,25609.408
46025,45534.67
40599,49221.97
101156,34460.07
138833,17534.05
57107,1167.6282
80753,25418.127
99833,22175.176
143684,5769.774
75413,28994.572
64248,40131.367
23194,80696.05
111796,44034.707
88700,23764.06
125155,22014.326
27530,6910.6504
68255,43554.945
115387,16557.809
38831,6116.6367
68927,116661.7
70987,8779.366
67329,58646.004
46678,7056.0454
146033,58299.547
105370,125800.94
76036,137526.48
10894,56788.094
148793,51063.33
113941,25411.588
36500,13437.523
18217,6458.807
30658,27798.678
27678,114358.39
50003,67491.76
54413,14500.336
2105,16123.062
100504,6050.903
71158,9655.875
29834,3921.362
74147,582.56433
114054,43770.535
111299,4272.384
24121,10852.225
14705,4321.3794
11203,15946.11
19652,89332.805
134178,38199.47
131166,16680.805
94302,101333.69
40262,11745.723
9106,16992.43
54549,1183.4341
2421,33982.9
32060,68515.664
127782,12718.33
4700,7123.612
114772,71819.46
107621,110548.17
8090,36884.78
37657,13980.516
39463,4162.2476
93433,32452.895
2665,100486.68
2660,10996.863
22922,94841.69
19285,45693.242
126852,5590.0557
61235,6482.25
132584,97664.35
15325,123327.02
42934,35594.95
44476,37049.82
46136,24349.502
116220,25728.928
41367,34994.73
32681,54061.44
21160,31178.947
45740,10565.61
105457,4394.732
143103,31012.807
117677,7762.005
81974,40103.46
100509,12097.444
15431,42070.18
57289,5556.449
3463,41400.97
79365,3170.5608
58998,58608.51
74045,9584.287
92040,5633.0444
117191,24107.227
46597,9085.177
15422,19342.957
140137,112971.21
127916,29001.627
26179,41638.363
23784,65724.89
78518,6601.6777
23900,18952.443
126749,4926.286
128979,65045.85
69372,18395.592
65649,2431.9
27476,11841.716
141178,23253.545
61905,4128.832
141274,13057.033
45419,38251.44
115848,6887.8677
39074,2351.8892
29051,96609.57
62448,10323.331
5711,26457.969
111272,3363.7227
15532,89296.81
68056,9204.374
34327,19006.867
72907,55177.4
39556,4452.709
83205,102417.53
81543,90287.85
90154,91793.42
59146,24706.252
96361,36134.492
30163,9228.505
94213,17007.227
45777,15395.227
122150,4522.086
96608,136126.83
115871,12607.081
61629,9697.114
45362,43527.234
86673,216666.17
74417,9140.391
138068,13958.467
101428,150883.9
141887,35343.96
99643,9119.141
107931,2115.0334
63417,41793.31
14192,5778.9536
65082,28334.83
28566,28119.822
72946,3580.7437
143873,83527.336
86140,3544.2869
40821,111517.04
62271,174681.9
70499,64110.094
123434,34818.973
130772,45949.37
131644,9804.733
42486,26610.932
48738,47364.72
50992,3284.1555
78774,111440.29
39243,4426.345
77159,13403.769
54102,5066.122
13375,6223.9233
12077,9887.278
110334,6955.5386
129475,19960.975
132495,4882.496
28329,31548.969
41163,3272.3958
29132,26147.97
78935,20194.621
63102,18900.137
69811,55961.703
121853,26358.312
101832,79860.76
90203,120441.97
133813,188789.44
9029,12380.355
99133,4004.8823
44693,13524.384
4953,121763.875
124881,55899.914
49771,5849.151
12467,24734.547
64082,110640.91
67198,94879.48
109613,6226.717
28517,14189.358
122022,22221.666
52122,4844.78
79238,10723.088
34015,12416.268
48601,8046.546
109505,8873.694
53462,20113.867
28618,13479.215
136075,5276.3784
70463,77482.78
9730,55599.78
15732,4520.368
43760,23694.076
107510,15864.101
22340,8489.114
103440,39570.277
16281,3258.4082
86199,15760.186
122583,9963.231
94452,24242.113
22486,66275.78
132142,94146.984
72500,19594.994
110287,9081.815
136084,46383.656
33996,7012.992
89872,14944.788
126700,52874.098
7441,85393.75
51859,31651.87
133511,10732.699
26544,13979.484
49042,79011.21
23379,10923.007
72504,17523.75
139033,2110.2031
46593,12835.902
116652,4763.7153
79542,15760.884
17554,17221.166
57801,15463.019
105816,12969.782
119139,73674.305
23648,17870.24
75168,102695.7
58595,4254.7
104090,24386.348
120790,19135.445
107398,23830.592
114110,12410.202
76816,21511.738
27622,103267.15
101922,17163.033
52674,87793.09
9450,94792.83
20789,61670.184
116624,67267.17
111937,33884.164
148772,63175.58
149450,876.7932
11069,34978.88
70747,65314.055
140134,121727.37
43010,7649.1753
75201,8388.159
92473,62930.688
110372,50558.934
59736,9921.136
123539,4335.1206
114281,8807.05
109218,14117.067
123525,67714.4
77144,9665.964
104084,16951.387
147303,6178.156
45840,174991.4
112565,81474.93
97918,9566.842
93101,121267.27
82181,-3464.2407
121158,15509.116
114217,66644.74
65133,133366.38
14538,2524.7996
53687,33287.363
80102,62584.246
97844,1382.7704
58024,106943.03
31403,29228.857
80194,11407.174
52727,41184.715
46414,119719.805
131463,6855.9897
26492,78710.734
97608,9381.187
145111,27699.656
139190,91608.875
5099,6222.181
73046,5216.648
115293,165967.31
9344,10654.805
146731,18317.03
79065,24465.098
56661,72680.86
124652,5637.05
71728,33835.945
95000,96292.53
38920,47559.9
101208,62894.586
100580,6255.226
138004,38372.72
24564,19135.385
89843,16227.486
51447,22528.197
133930,17257.521
140197,7208.712
118854,2996.916
21694,108791.44
26213,92312.38
140604,23766.25
103709,17812.635
10976,95597.195
48928,57245.94
71323,63095.773
4064,34013.64
96505,17279.373
63564,6608.0415
69026,5261.41
71687,12625.856
123322,42012.16
131285,33621.363
94872,4825.294
24170,19404.697
84668,25110.104
122529,4745.2095
88957,6773.088
95067,83678.5
37669,24028.86
131829,6582.8735
40540,24137.32
65781,5900.0366
62555,6420.9556
62872,29191.01
117203,141934.55
32115,20626.889
134008,2525.148
92204,15761.464
30663,16194.541
106619,13162.078
44882,29720.889
99465,68101.336
12261,20750.604
82242,11877.497
93833,17992.23
15404,6246.8735
58462,18411.63
102565,28270.297
2125,5737.195
117951,610.5521
110218,8251.972
64816,20725.232
85640,46485.69
139140,28211.734
19337,6883.7666
52820,65651.74
25577,98736.375
43648,48920.11
42051,10946.518
95505,120015.65
63848,34097.633
97487,8643.443
98779,21058.117
99860,8017.398
109731,11532.39
130113,73616.375
124883,40941.363
66477,49098.742
91272,1372.8727
29476,8114.1226
322,22246.11
84019,80162.12
66544,9100.332
47441,15676.008
11701,32341.74
58597,1819.5721
57479,16619.049
128030,97648.95
48552,24822.043
82645,42155.383
27176,16825.16
78848,13712.25
28138,16641.932
88091,3891.048
36962,16081.056
71399,7668.781
93908,28035.89
64863,115633.52
139340,1917.4247
14812,5033.139
146969,17588.93
124720,14510.978
106831,30874.463
53579,7611.818
98014,17083.334
26049,4060.8718
111832,15659.92
7224,32149.648
51578,13513.31
75670,14173.983
22427,26370.053
60218,26778.389
129761,9210.207
42723,18370.166
29336,37035.355
127125,102242.305
118448,6328.521
9775,35310.098
66456,40964.3
90384,5940.438
110223,7479.8413
76149,10199.575
92111,11975.04
65089,6306.112
94196,5288.847
113367,6678.788
41488,33845.227
141666,37883.78
148455,5051.5425
35023,123627.79
127480,4463.2783
135815,68323.195
2930,147212.16
135541,76301.375
80951,156719.02
143739,22244.281
46221,134534.22
31254,24155.676
65915,10705.45
81899,126855.94
140619,42109.992
95307,154357.58
63719,47255.82
365,8662.421
21514,233563.11
56736,5498.8926
89245,41105.293
130312,5429.398
128162,7568.8193
95584,10098.822
50127,14538.4375
18020,15245.209
109684,44358.188
128492,5784.2764
59766,156429.25
70278,4298.9893
40154,43367.473
27283,9146.687
43900,176580.33
1120,10355.132
38369,25291.826
108640,15313.072
55028,23250.28
16516,9620.696
22196,9299.338
94751,12233.987
73235,2071.9604
119078,2971.4434
78102,77134.36
122883,59331.527
134722,108514.54
109212,13986.294
86442,66675.47
44784,8283.83
140121,3401.1504
105909,12133.251
83491,11787.147
67515,28229.877
134909,21315.53
39251,25564.854
129722,12158.775
84641,18942.018
117690,59263.707
140302,47564.613
16981,6502.922
7347,7758.539
106421,14272.766
14883,7715.1284
109663,11265.173
97836,9935.879
47671,12606.202
144502,34121.97
21178,236042.3
21935,88380.484
113625,80692.24
112849,8835.575
140683,36605.375
26559,50239.484
58679,15453.863
143201,26214.451
66126,50934.734
119501,140670.42
124285,18381.328
144636,4957.484
19624,45896.305
89017,21279.46
58581,5807.2896
9786,17628.484
18452,21178.314
39198,16751.215
72019,5756.9644
130063,85719.45
113325,36726.387
67056,39305.227
52690,52062.527
61177,14436.357
110250,13449.701
75226,38372.562
101912,52515.277
10721,11047.428
134311,133.13533
41703,266635.56
111687,3337.266
38041,4855.6387
90596,15709.811
90591,21260.33
121547,5817.4546
21140,437614.28
34084,12048.517
93832,12006.605
93560,34831.2
128859,42338.504
21280,15145.398
100687,11725.621
18745,12487.418
146556,78391.18
19489,39958.56
145771,16541.438
53357,12652.556
107671,27620.31
140646,4317.4966
79481,5718.194
14690,7377.6255
43081,96693.055
106493,3526.8235
34249,90364.266
40837,7158.9297
116058,21450.084
113169,6234.555
96211,16770.238
48000,4616.7764
108990,5800.133
28889,11922.228
66736,10440.173
17722,17596.293
2007,14898.956
50056,22382.611
134835,36914.156
86672,5655.475
106939,81821.25
20902,4552.6816
119329,47370.4
138509,10270.147
113015,133591.55
109201,39662.625
6388,3244.668
73139,6251.7744
65192,46315.36
66743,95833.016
44800,20549.654
81309,52837.84
16040,2152.6597
114702,58959.008
609,7714.0527
47919,47881.016
29159,73683.88
33461,35498.008
94430,32287.797
83677,5969.826
122207,25275.691
20237,33763.395
113113,13391.153
96122,14687.376
67426,16442.607
122848,45165.996
9674,121504.87
24321,8103.396
78223,21999.363
23949,5312.5615
45358,101087.28
113624,163278.1
20479,5686.4287
112795,107332.23
20701,64588.695
129899,38564.793
51618,44435.258
142437,33660.5
64782,8965.808
79959,13541.586
68632,16185.679
87147,12655.698
140714,3955.0662
9643,3384.4666
3121,4547.187
75825,28802.465
8651,4078.4727
87670,35979.574
9731,19425.148
137825,18713.363
117449,990.58167
73959,9864.372
37718,16440.771
427,27075.672
57330,51097.992
148370,96095.47
54803,39396.02
67114,285964.28
13167,72125.89
95142,7045.7925
66436,22702.998
25498,90333.97
20305,13274.664
67397,14497.948
48227,24461.139
6556,14142.534
40651,10390.214
128069,2928.9978
96452,15075.857
133977,22970.959
45436,13843.842
21103,1032.6105
17036,71135.484
31339,12668.2
94426,8101.678
66846,15991.367
59382,10252.721
77012,2559.0623
36181,7338.2676
138168,143340.2
113337,2491.2832
72124,14613.17
107736,11475.094
133968,67184.99
136960,86962.2
105254,17281.877
128187,24706.78
64628,5760.069
91572,30439.596
92756,1975.2958
139916,28523.791
89770,33505.605
29656,124699.97
10820,156907.7
20776,46214.652
27244,55185.07
18885,27888.67
100520,3169.181
110990,8143.542
12864,6177.2275
65607,15253.853
122834,4734.367
140250,4572.071
77644,22065.791
108303,16795.555
66785,16041.946
27839,17764.611
80723,14070.38
138660,57505.027
107227,5075.862
12371,27391.309
107547,15171.844
66088,57632.08
73827,28632.918
39621,91933.61
106830,17301.217
62849,16955.135
75346,11861.679
90560,9798.043
119246,51537.58
22839,27976.752
30774,21872.68
104187,272415.25
26253,132495.2
14619,141926.4
58288,47127.254
104561,109836.82
49203,18319.422
76511,90709.19
120765,2356.874
105599,105252.29
109848,28650.93
46226,31453.033
137756,88830.91
110776,5045.24
120309,68445.79
1631,8035.892
147876,68537.79
113375,9197.497
67946,8087.5073
7463,15772.32
116879,16821.32
31183,46166.91
38916,53854.473
133492,12290.294
16923,11119.449
79131,16015.7
22370,170531.67
94323,8627.732
50845,9360.428
137939,38681.887
70256,4863.182
140960,30682.635
125219,38102.81
113206,34414.906
98247,61414.637
106994,14801.617
109409,61958.38
135836,9921.122
126782,54360.29
145776,36872.41
47236,15625.39
73667,15064.206
140394,35440.8
58486,24106.615
119569,2308.4355
12946,15396.01
149496,26565.807
9762,19982.166
26089,19709.395
131154,43612.23
69438,71420.54
41220,18063.936
20643,35552.55
136017,163094.42
15408,15059.977
128420,38311.938
97181,47240.64
105682,13494.11
26325,11049.406
115682,5204.1953
24320,36987.96
7670,76072.74
53903,125702.14
69672,6441.1953
88723,5961.8433
13191,23678.576
48632,2192.116
132468,7938.05
46264,23184.066
59971,13938.568
53182,11894.165
27995,23360.81
119344,7654.252
32396,19123.248
85081,24604.676
94650,9986.065
82897,717.16187
129352,45582.254
8326,27955.617
16195,68519.625
96473,5644.431
16155,32012.393
23921,66657.266
125012,7825.1826
52697,2626.4287
115562,143089.62
30440,63628.82
16244,260751.12
15889,78951.414
51467,191921.38
50948,180188.61
78369,12294.649
113721,21299.113
64286,296463.25
16646,14097.587
119138,16846.963
15745,13992.142
42768,12292.151
145120,17305.162
80908,15944.216
78125,130521.9
105760,79208.414
132291,6545.9185
14805,5029.9907
77705,10079.65
1437,89493.22
100982,17257.258
49143,30334.32
130112,50100.926
97843,22343.373
80023,188349.45
100023,33126.93
10293,15499.577
139967,7865.157
30565,33857.85
115201,53884.92
71751,18467.734
78178,5770.649
122952,2954.3389
32025,11298.88
114833,77446.336
99923,78763.375
36208,4780.9883
118700,17478.836
110077,23983.375
96276,10848.513
39011,12868.149
7133,51020.4
75081,5986.404
20873,40452.56
125289,18575.914
83441,5500.238
126054,7552.859
103219,6264.5444
16675,7955.7007
144342,1039.2482
146865,54647.99
138035,9996.678
91084,12437.413
72104,10157.319
111091,2183.3372
98366,58779.137
126816,34395.83
149525,189092.66
74603,37111.816
51248,19396.42
90174,44202.5
444,12769.288
31490,20231.012
9891,90563.41
49022,11882.488
117965,25592.05
67794,10674.394
63146,81343.77
12577,6369.7056
84203,127142.08
49983,82987.99
138546,11785.863
30951,33709.58
15954,17235.35
82922,29021.996
138798,17317.15
29786,1724.5835
141628,14032.575
104405,18720.424
60545,44452.367
61178,26146.736
63785,3697.2546
97932,1670.7799
10246,100745.97
98732,94167.37
30634,68763.92
86006,22387.664
57915,16488.486
76079,158935.25
17112,54967.965
8464,48651.984
20307,47170.258
24922,54880.88
14245,5238.9004
50514,66854.06
142733,6469.3066
107435,4329.944
58544,18255.506
130688,21443.121
15451,13304.321
73868,50692.4
111039,59011.6
31670,58457.73
94623,19148.092
19375,6080.4746
18248,39465.062
57001,4242.1377
78745,4986.928
107208,16266.881
78336,76550.94
139316,2538.4338
84091,6418.4023
96031,26864.607
70342,2724.6099
29436,32860.715
12515,46897.277
138558,85762.16
96838,6080.9688
120360,32552.92
33708,109869.75
25670,241235.45
95332,4338.8203
117964,17928.57
2802,8068.415
77305,15519.246
122465,6905.397
135579,59886.062
27785,27122.193
84737,18693.457
86781,49167.94
58991,34608.062
119689,42327.098
53394,61479.41
81842,72000.71
14954,16902.287
29773,39282.188
46910,16635.875
144316,16662.42
97456,130307.78
96457,76767.49
80849,83941.516
101625,34765.895
43549,10530.199
8468,17265.562
132012,64440.887
17530,15114.478
55177,16499.613
49094,3972.8242
143750,48610.414
84905,8244.025
130342,40832.63
29590,11047.265
54988,19552.182
24675,39055.74
22478,33521.43
110781,15298.85
43513,10090.662
95226,76015.46
23749,6501.2583
124123,74831.79
35545,9813.075
32152,20881.309
104966,61090.395
10610,81745.59
78252,68633.33
91579,1782.1029
97055,84785.12
49394,46485.715
63016,2615.3176
41362,9011.152
34373,3705.7175
34740,15378.391
117617,26212.213
136572,10436.209
19106,1377.263
119123,131830.62
41033,15579.787
117928,110655.02
30364,18230.12
72578,32429.97
47126,33228.297
53651,1939.2847
130503,148218.02
137716,19365.01
137820,61154.383
104092,14330.62
75276,6593.2417
134555,62743.133
82936,10860.84
10851,60151.703
107077,43772.8
138402,9132.238
32331,7126.089
69496,4204.562
40501,55324.035
28152,40022.812
4813,2479.643
10549,53342.797
136547,15117.966
2862,8752.1045
138762,24952.02
46170,9259.327
113083,64953.066
89070,101754.75
13416,78609.836
126637,23807.557
42309,6706.8354
142043,5473.743
41237,101662.72
77013,8618.634
23627,28994.484
25158,9443.673
81602,20610.863
629,107075.75
46031,30718.96
28302,110513.22
32711,13662.284
106529,41338.13
35672,9118.863
46038,60645.742
12006,42846.324
143922,43650.74
116565,2044.3112
141797,43958.996
59644,118225.5
129295,27770.111
15114,157562.89
43778,90083.32
91757,63099.023
116330,64780.195
118290,11096.391
29960,2445.9658
84153,8434.861
31360,28429.44
112554,28767.246
70572,8482.952
34035,2530.1096
27554,146516.66
83111,4928.869
14627,6309.313
19529,8176.0034
110572,47179.28
133094,10146.099
21315,23935.48
144663,9921.842
131199,3790.5303
125707,48352.484
89883,24545.945
140138,13001.8955
110535,116935.84
118291,2885.386
107639,39136.92
135304,21962.254
143019,19630.602
25200,14231.386
40016,162264.66
98945,31040.885
135942,26525.773
98829,5312.888
142692,46493.78
109652,15366.433
115338,6491.9395
36752,32730.97
123869,57643.2
4477,31299.572
8775,7115.469
40297,5889.2397
59420,31373.385
88142,25938.107
54829,31308.467
96372,12018.175
115166,3088.322
60647,37229.184
17022,7289.066
35295,9487.811
86230,44336.895
139118,6534.606
127755,66792.32
63957,9141.118
65349,9445.498
12638,307358.5
144074,21716.953
130444,20958.12
49755,244789.7
6918,54961.19
41331,45480.62
137048,28573.52
60304,20202.008
146702,43358.348
47335,77404.62
28637,6908.6543
17739,43591.793
4157,8994.165
126442,17937.6
89928,88933.45
74606,361473.56
5871,54053.11
110884,1116.9991
6426,18929.846
1302,25803.027
11640,4116.382
129511,13107.894
45914,6249.62
29506,122281.74
27816,58663.426
19959,104977.28
70328,15057.024
52247,1188.4901
84467,10249.526
61879,63420.86
67981,61264.633
134171,64298.35
75376,19393.104
64219,94892.99
2148,95146.34
52371,53103.383
14938,63668.664
54482,24818.629
107962,8226.809
95607,13237.337
920,26304.3
133701,8644.142
139633,95908.37
69421,3419.8726
54762,3266.4373
124006,12497.155
73045,22751.193
118932,14532.273
94936,2772.1096
38740,122100.08
123482,5995.332
71386,109053.89
43038,33858.723
108888,22180.3
100950,40030.973
1636,2596.328
6874,6756.97
78921,36509.438
122511,12643.562
53330,35266.617
135735,15200.888
97661,117142.68
6262,151004.17
13335,2015.7338
32159,88752.67
110342,93898.09
83623,16981.254
79201,4615.6885
40157,49651.92
74810,24863.248
18573,8126.3228
68556,31174.92
63517,8560.954
25459,21673.771
26600,22408.348
25286,32629.035
48466,7612.69
34128,8178.866
107412,66817.72
43386,171973.62
101524,16366.671
91555,1811.5956
4927,7768.652
34307,82235.17
141585,38352.465
13938,6107.078
82970,23637.7
119190,7603.744
33616,16824.234
12133,10346.066
101214,10106.457
83749,151210.11
134501,24948.01
128496,4237.991
63302,12395.787
19474,102109.164
132500,3866.5896
25833,70932.04
111516,9816.845
126511,35382.457
94114,1187.1853
144981,103124.36
143641,12729.661
64880,139723.94
18706,8871.798
137911,1256.7083
137300,19058.988
631,27747.123
51469,20031.76
132223,10278.859
60702,176197.5
17411,23228.248
37735,54250.785
12389,13390.641
119598,36635.543
63902,115487.625
17791,13216.457
36154,292420.44
91370,2766.7832
48763,130364.52
87650,53308.043
18125,20857.988
148721,35546.465
119319,6961.952
67880,5751.0674
135125,52119.79
127705,13906.222
80520,8260.995
148064,8249.121
13987,3556.3271
66741,59910.055
19636,13269.682
144747,12128.235
128393,65011.785
115076,106039.4
90284,42386.37
78126,5967.294
61624,61538.28
52687,30188.074
130495,19323.092
110329,10904.287
145750,3628.3486
125138,40055.484
109868,43927.68
41419,26244.953
134032,93086.71
111855,67971.5
15640,32332.291
137230,24705.922
75588,3948.3093
37948,77039.89
86331,56453.17
20244,74440.85
30717,35584.617
129300,5788.281
65746,6346.947
16852,53924.35
42666,78016.55
7963,5361.834
97,15998.082
104424,12049.362
95943,21809.684
86267,71530.05
37514,6609.262
144744,4596.5093
4288,63599.758
27276,15963.167
73284,48644.887
20297,44588.055
94501,12644.463
99660,1694.5065
85828,54326.324
69439,6219.6367
69495,62499.254
136993,39203.496
3576,11913.437
88158,28133.07
99853,8247.509
106823,7545.577
54300,10730.159
122795,126349.414
67033,11948.899
28987,232740.86
149614,15467.138
51703,37456.95
75697,25025.525
121280,2026.5354
65049,90047.85
28079,35770.184
82633,10138.794
42443,94789.76
63675,26217.008
144741,7592.926
131580,143573.77
131198,8533.437
15261,26878.53
108381,74723.21
103983,39636.32
137890,28688.865
50826,22544.03
105897,53480.945
143491,1374.2322
78809,3250.7698
11926,10086.113
12390,6552.442
64712,29248.148
64456,258375.84
132443,38545.145
59795,12927.445
73357,59319.008
46466,32867.258
44132,4832.6963
3650,27729.238
101871,37729.86
9052,3115.2488
149778,5571.758
123809,22229.873
58292,21444.438
37986,13621.983
124589,33765.945
13751,13906.236
13594,58444.57
37671,21493.646
47625,5857.082
111809,35530.184
125656,8150.163
93317,11145.657
107030,12800.921
94587,88306.47
87052,17517.893
40912,18669.701
6809,22401.633
124052,21775.557
4286,2967.2368
114377,11226.072
68612,100945.375
33077,20092.68
57831,25295.543
6611,21940.12
133035,21714.979
148607,95686.34
144469,11797.569
37543,7092.012
8084,10751.847
162,45417.67
86952,7851.2026
118530,27236.787
112004,9847.669
22198,15168.077
56579,51043.348
93786,151472.86
6478,11772.338
100412,93191.29
107675,91006.64
140799,65721.34
51523,6463.9004
44586,67226.03
1283,112086.9
33628,21880.902
91090,133141.95
80111,28101.848
116505,48526.637
26138,114417.57
144881,60537.45
77480,13010.61
123602,77867.03
91032,5759.3843
92539,21492.621
21012,74144.07
93539,1309.3143
36841,15661.929
102839,23679.844
45863,67176.52
13444,79614.59
72798,86117.28
124989,9212.064
108810,22951.906
96508,29769.738
30407,4107.3916
58405,27724.168
27389,98405.33
131964,13591.194
123463,53586.4
26283,11681.539
39108,42449.09
90264,17421.336
26342,10258.908
93953,30130.934
112893,9411.651
11889,11147.662
55595,6175.264
15285,7803.56
115667,30779.215
126609,3979.3425
131520,34578.67
36836,96978.46
36804,8236.625
140337,2393.7415
59779,506224.84
30636,23522.822
4088,31977.412
47754,68340.49
111358,12820.697
14735,22493.4
66470,63375.418
81745,41305.9
53286,8799.895
97244,20423.672
119917,7507.176
67531,34855.81
51126,59895.656
88467,5049.9966
91113,36335.22
111723,24082.887
139460,8292.895
52804,1982.9023
78201,4761.611
72980,35348.863
117949,10616.718
27382,7482.1255
129058,57634.14
70254,12899.46
62925,183472.31
114527,8360.529
114900,30681.805
54540,6921.1743
100916,6555.5273
62916,35625.332
87509,81317.33
88486,11345.64
67340,7862.355
82430,148453.97
107386,36336.824
75279,29889.844
37695,11988.357
103796,58480.82
31979,21637.111
53014,15497.34
39335,75017.06
85906,88462.62
92485,8955.637
124579,8771.876
87661,47184.508
129222,101800.984
88110,16401.207
68366,7455.6064
13387,17621.682
93239,137488.6
36244,8837.35
38516,10005.252
107150,3959.5518
15046,15235.308
101274,52754.746
8642,43138.52
61223,28150.6
102178,29994.785
50542,23236.691
117101,7962.4277
148096,10053.81
76267,68622.13
35070,10150.583
93737,9663.732
134353,35971.863
99542,49026.32
87794,3636.9253
23620,60810.312
107829,27098.248
85396,7703.9775
21053,4301.5684
14478,63389.465
26750,160340.4
134266,24835.807
67689,13556.755
79234,8793.169
95777,55653.652
91410,14009.38
61416,7267.499
30348,49596.336
130190,61738.73
43312,6587.1196
29769,60010.375
112787,5216.9023
2834,18284.512
91590,25205.44
83617,81424.016
21144,112177.73
137393,10018.684
89884,13159.144
47269,2375.2627
115240,4448.313
145311,26272.326
1792,31038.658
63771,4269.262
20917,68175.78
70551,179224.81
90475,29519.209
83435,5264.0703
136929,2835.4966
39247,17231.533
103159,87696.88
671,5984.2256
106111,5893.8496
123898,20541.854
78349,21492.746
3233,323748.34
73704,9963.3125
147635,34371.04
48370,13517.111
96513,135510.31
66532,61328.777
65654,8598.316
52845,3923.0466
30085,1630.1713
28040,149312.39
67263,16470.48
132464,37154.4
54216,41615.97
93076,35813.723
129729,40674.297
145181,81316.75
45282,11222.936
68875,11168.281
60161,122692.37
105956,77483.016
60864,94311.75
60745,7209.9478
106074,15573.7705
97356,86676.74
142448,20952.828
139305,125905.54
38157,171699.31
20978,3102.6892
75837,6871.132
7756,63778.15
141403,11357.896
949,8858.2295
74779,14839.982
106613,2478.083
140062,6701.1484
14035,4933.491
43418,5305.883
131774,41118.55
142436,4899.675
15854,442.64978
11052,95394.42
128869,2475.1816
35287,50940.918
89691,14973.38
7492,154754.17
56008,22947.428
120055,8111.1934
35422,14942.636
1685,22191.488
78789,17878.012
56445,13246.929
46603,121606.93
89261,143159.25
147801,6752.1084
139052,18939.324
109326,16251.382
140921,1970.2773
79345,2594.6377
77952,7721.271
51510,8516.933
25884,185971.86
111391,9279.818
72184,1834.4386
31043,1323.1952
75128,66688.83
79395,133507.72
68723,25039.688
86417,143603.89
65795,53937.15
142878,1107.8092
107113,21004.807
71340,118165.54
100297,6414.101
45917,128390.51
139451,14466.3955
109266,44494.93
53323,5439.591
28240,46068.895
96650,8954.615
95492,6498.4937
126441,4600.631
129950,20585.82
85493,29921.793
60564,82300.68
75177,76058.06
8812,113579.48
119013,4692.6396
1510,7344.953
41558,4769.0156
24555,65180.242
42364,98458.19
43957,8439.454
40003,23939.54
5023,20158.58
108420,67194.09
84055,112465.81
40571,34989.367
32603,17437.656
64075,6128.2495
136235,7417.7534
91692,19065.295
88517,27313.281
77747,51180.938
75064,89734.4
81122,194666.19
2540,4644.8213
92903,8060.3857
7784,4341.212
103034,18689.527
103287,135519.0
146607,11318.206
137742,105046.33
47173,3126.4268
75214,12562.7
43176,18451.777
139815,17539.33
36939,99622.57
3116,4700.6504
149920,36371.895
143214,42435.707
109605,39224.492
45584,16471.932
88314,7642.418
36232,23958.814
57103,41723.938
8494,11222.699
17881,16784.08
66617,53094.996
68248,518547.12
3722,4080.3928
50496,30409.783
77090,25114.236
39414,12199.869
147536,29772.402
138406,66426.38
56806,11874.153
25805,8292.898
128092,76217.71
134388,60503.703
27296,112428.97
54271,48854.33
120931,3782.8198
81214,197890.75
127076,84712.89
29294,10114.743
14545,117723.98
84319,4796.051
85263,69351.86
39817,15038.707
31913,49184.637
117847,36286.426
116360,21516.182
14683,14736.508
64985,14920.764
59731,15763.376
67159,4100.411
138818,37602.664
85502,5687.5586
28323,30768.201
70823,7897.871
132457,17716.232
38514,119016.42
29412,2446.429
2223,33633.035
128878,96101.44
68296,31811.748
66804,95310.34
90339,22362.945
36405,89302.08
119944,77161.51
89192,43207.246
43095,92849.77
9074,20179.883
44367,93491.38
38385,16645.967
82106,18655.166
83564,9986.962
122637,5492.626
63024,9052.884
40813,137679.2
24732,122683.99
27192,25620.863
82707,7187.0547
12786,5097.084
97031,10254.115
74429,52742.4
32889,6975.1924
33679,5882.087
47364,2506.161
41007,15883.856
110352,10829.511
46013,11793.568
21454,24668.023
2582,14816.024
79784,13018.162
40265,2766.8083
134095,7763.192
80458,33390.824
146393,45862.46
146776,54329.58
115597,13417.429
28399,3260.5864
43432,35897.53
15656,5117.647
103327,18354.326
49219,52386.836
68473,47400.098
59759,5605.9653
7566,3269.4202
63127,130089.77
37535,4598.812
138021,103060.88
53639,40938.04
109430,17006.016
53092,82413.266
99791,29119.129
81411,2458.57
47160,85245.93
37119,10535.099
130903,34350.992
125258,30303.33
70433,110555.54
100511,9605.764
87324,8509.347
137481,50619.805
76998,120915.484
82229,93474.07
100547,13237.84
13307,9313.705
50254,25857.016
143763,11161.594
141964,92154.83
118189,19934.955
67053,40504.227
29251,91688.305
71352,19247.842
123343,108966.95
109350,20068.531
70229,37654.008
94047,5502.58
29938,35339.633
91037,16996.516
124667,34931.082
78334,20717.738
18894,52642.387
63352,6206.209
80536,10194.37
1001,30283.424
136647,44537.63
42652,3847.0015
123519,18550.678
107197,6874.7056
60859,2344.7893
48923,7825.6753
6587,7420.438
31517,63990.46
144526,81601.43
35946,6202.7583
58964,2286.5605
63472,6863.6284
39773,5405.5825
31473,7081.5425
124505,47662.35
119260,13475.965
52952,130038.19
101124,7991.767
75726,21810.256
103313,25401.928
122056,43670.305
47966,35132.387
66974,57847.93
71629,13877.288
803,2989.9106
143187,7925.2324
7936,10250.624
141269,5078.148
50104,29391.092
112134,44808.145
111977,2216.84
67625,42543.44
56470,18550.234
18314,57316.934
137200,47371.297
61057,67748.26
33829,45270.793
102919,10608.43
34301,2111.5334
140320,1569.8671
133581,13091.77
28855,108834.805
147372,20429.53
9814,6084.15
44104,4072.143
131894,1150.8506
81767,31579.143
126114,25938.156
50738,44568.746
147730,80489.14
61029,126700.39
76788,37047.23
103649,89294.234
83279,72151.19
91915,33770.586
76442,16473.502
57690,19646.814
94712,39894.48
143084,3599.607
82825,35212.98
69104,72209.03
63311,92608.52
134198,7103.118
120984,26005.484
7130,11351.393
72825,99644.83
62947,5210.0986
50216,1271.2468
101458,57767.504
107936,132475.84
28177,33751.105
39853,19148.7
94488,6196.317
86349,10745.353
54975,18514.4
138255,31780.879
55436,25699.137
79902,13092.296
116861,8208.631
84429,6707.1074
45309,77019.32
51468,14028.306
144324,109326.586
143452,44016.01
20054,219862.9
102734,27915.186
11154,18549.99
2648,11104.7705
81839,52082.223
143419,14528.762
62399,121864.76
98958,11657.04
34211,9729.846
134307,1406.3535
7025,93260.07
80695,14705.609
28645,34126.617
97314,13529.05
2556,130014.32
2911,95961.41
117570,32540.98
93074,2402.1719
108042,6157.585
50897,9452.047
82877,54205.184
4976,51228.598
16308,39888.254
26817,12951.477
38870,6851.2515
64238,12259.141
119544,9285.886
44017,15475.84
16585,1696.458
103309,5567.197
11493,104100.84
109614,11641.214
128983,19818.047
7814,33096.45
40958,21608.12
79415,23302.762
145868,51180.684
95228,6339.966
121341,36961.64
86360,10447.295
48208,35569.32
44911,63825.305
12557,19035.99
24049,3866.4514
8900,5223.383
89904,94893.69
7751,10714.727
127061,37327.805
143311,14878.31
122037,23900.88
108612,7883.482
106876,24710.525
86647,34840.543
67086,10508.343
145276,7584.1763
84368,45719.266
6072,28127.902
108412,11674.092
113517,129918.414
138696,62445.09
94223,6182.791
130198,10137.487
133959,25461.678
16548,66114.95
129225,1231.6808
99814,8353.73
18013,44602.062
50195,11219.015
16353,88458.52
120974,17984.56
79500,6328.148
63482,8703.294
21671,61162.965
51298,2122.733
13747,29177.416
51462,12743.358
62694,29077.69
104312,43784.668
128744,15449.904
122129,22511.453
103925,4637.3887
146983,136139.25
76160,21987.348
33073,64240.066
139210,59271.29
59783,19453.879
97373,25690.959
93085,10718.122
3420,4636.5205
98526,24585.275
53882,20317.082
110877,17790.87
68496,80888.195
39352,7741.166
144951,4686.9014
79834,3225.9185
110925,97945.125
118132,10764.259
114674,96527.94
93795,58453.117
111141,6153.673
57872,52186.37
8757,76263.75
144820,29269.195
13460,12841.883
78303,14221.863
12300,45041.3
69684,19467.477
118553,58375.17
40286,10607.944
91714,16690.557
59472,7810.6724
7505,4733.297
99980,48966.188
54280,119776.625
31602,61780.984
9119,43272.27
100735,12525.948
83180,27174.08
43497,62121.293
76381,1847.1854
111925,5519.808
56631,29747.71
81980,7518.2725
10284,126263.805
11719,151364.86
131376,12288.365
49215,115397.23
130551,42485.688
52672,26712.36
1621,10945.698
80133,130547.79
146887,25535.445
75578,27201.303
14915,38477.22
140412,948.8383
102990,30142.592
125059,33908.066
17991,3859.0989
31368,147946.19
74883,92342.12
67648,8711.798
34991,9388.753
134922,61084.043
122255,3029.4187
57542,224495.28
123892,1465.4194
40701,15083.032
11751,8527.112
104639,75598.1
119545,62368.043
95274,168279.53
90567,46630.36
113358,26951.3
45901,13948.256
140079,23234.283
1809,11835.608
93521,14414.439
98982,13875.882
90308,31521.234
124404,5565.3047
77021,14138.222
73796,51417.574
29479,2744.792
117150,7713.86
90821,11796.074
9793,19984.605
13758,9132.784
92986,7484.269
966,1012.51184
107062,18323.525
57078,92538.09
92966,94052.625
17332,22606.896
120226,5665.066
36579,101400.77
149895,5162.307
70828,65810.695
4975,100882.34
17309,19621.484
42314,22536.613
134963,37050.266
131622,27157.832
9497,22285.398
144370,38340.734
28556,16994.69
133205,62519.605
91157,96346.41
25709,12100.968
75772,36888.055
36227,8319.335
54818,17011.35
149151,3262.347
120219,58847.48
125484,24718.17
30590,14489.17
120599,40989.934
12469,3256.0396
90289,28268.959
90864,43661.047
121630,52645.805
2371,20279.615
104800,31349.645
92370,4018.0376
104782,6062.101
68147,9278.414
146514,6073.6484
83940,5575.143
64377,5313.298
140297,176501.11
124991,14216.552
137578,32927.277
111427,14746.353
112600,42223.066
94314,5551.375
102322,22777.832
79115,31589.473
149495,86452.74
22728,3694.6875
62047,9430.71
918,22473.236
32477,69517.15
28147,4218.9233
144031,2999.9424
79211,100446.15
80792,28924.143
121866,17578.248
62424,9385.747
102120,163011.75
99021,8958.829
111761,7993.424
108493,22970.492
80689,7279.677
80337,162540.17
92390,31029.244
3639,35557.625
78162,78558.83
104673,14313.82
73822,6202.5366
108101,12818.4375
126735,206753.86
34518,109954.63
100778,81760.805
120070,32203.44
71525,11934.353
106956,5152.823
100594,745.716
66207,10584.539
99711,31007.596
80228,6047.172
104225,1659.8557
13519,15384.712
10936,115356.234
44247,38943.023
29324,6942.8403
108479,36239.906
121764,4780.5806
135762,69821.37
10696,56435.676
34811,37782.953
133290,8185.2104
130416,50497.6
131900,144046.44
67572,8287.605
14291,4898.0645
22979,76245.734
123621,24987.03
101171,61264.08
38781,9570.256
65150,184402.03
66774,20359.404
27247,2738.5989
76580,3877.985
138141,17594.61
89384,8958.385
48084,9755.252
79325,13277.41
118245,19178.89
6568,3920.484
109791,9340.319
37734,289241.38
98440,907.5623
10967,62534.125
122610,741.8495
95213,7575.4844
40496,98620.22
149640,84992.96
89433,7656.248
133481,39256.285
762,62575.766
57942,50801.734
93801,105113.68
40747,37205.547
85459,3300.4788
72065,7321.71
106990,25668.186
37393,20259.178
8882,54560.77
48374,54271.523
12941,2697.6252
67084,7409.841
26680,103192.68
58278,57805.97
124320,54735.14
61058,22867.082
26953,39053.83
23558,18762.121
86746,20821.89
68851,17594.854
99194,79434.445
26215,32528.975
26015,25936.562
100898,44712.684
128087,40967.816
12386,28073.795
115780,40756.098
14277,19419.43
146190,6191.229
133181,44205.918
7686,14471.947
74170,8828.168
84262,9272.45
10098,3903.1624
26269,6564.368
69065,11645.8955
126133,78682.38
146193,111454.945
109425,108983.805
124136,82742.484
61311,61509.406
110430,7205.4136
142544,26706.896
125955,70018.41
6439,11130.202
138715,37358.445
36398,75916.25
70,3190.233
44790,13751.161
35169,8467.226
35547,53142.15
17319,65832.2
57354,5400.9346
41041,24707.11
91268,6013.724
128517,5070.158
35904,3347.562
15398,17247.637
96950,7081.665
129678,13868.217
48641,22540.361
38541,892.5789
78882,93675.055
34375,68619.05
50128,22399.645
103489,46072.223
28699,181554.11
80808,5705.207
46335,119486.31
112311,12355.217
105991,37083.113
2304,18721.9
103256,55750.906
86968,37128.91
4869,35519.387
81155,77586.74
109159,13165.095
142557,36324.64
111144,4485.8945
22530,14744.811
142920,50979.266
70735,7018.9463
84963,4193.512
112835,24377.73
100493,58948.45
2699,133459.98
39260,16934.684
63078,106197.06
18321,7594.0283
57727,8380.359
102060,97524.07
115966,21982.033
92955,115261.055
95445,5162.3447
22552,63986.605
81165,5154.248
49287,95709.195
126683,16933.385
29133,110489.0
102749,114335.2
80192,172799.84
70822,37755.73
85338,7065.4087
9145,179319.45
7341,13401.775
107380,157733.67
101852,23420.658
85683,22790.06
5408,3957.1765
38053,50517.574
70940,12346.232
12373,53080.973
356,5288.793
85604,8672.848
55064,15522.032
18357,74939.76
37395,34338.96
12917,16536.246
112464,1413.683
123408,9537.568
29345,292207.78
9293,9134.038
59214,63134.35
75935,7938.4707
113951,3846.9204
22667,117412.9
78331,172068.34
114752,1953.39
101455,25415.375
17189,13894.665
50437,6687.754
35814,40009.363
23349,27625.766
64036,42012.715
79544,36651.332
66647,9186.592
140143,15452.824
138769,98251.24
147470,2816.7217
104314,175568.34
148171,49671.363
114832,14036.275
124296,69552.75
12932,6188.403
75088,8942.203
83102,31499.785
131582,17505.506
75085,102322.18
45967,30952.604
104942,24121.205
119242,47563.88
25084,56423.4
22899,22897.152
116841,9698.6045
131112,1309.3148
104014,14447.92
21404,23913.562
53404,135577.25
28472,59189.305
77134,24182.795
29669,12555.033
81027,17644.768
145786,19350.83
25807,1538.7675
51572,128653.87
71074,19268.576
63509,6835.2544
122416,34746.984
197,4534.7183
111007,26266.457
65101,12898.021
104016,23875.834
105551,126190.21
38658,164583.19
147893,52512.734
88695,5379.5103
43293,27849.166
55139,12234.097
108237,78390.22
138933,19176.863
5252,36555.434
84332,15680.004
140296,9475.52
130183,9363.204
136236,113218.266
80731,31177.02
83166,55686.41
10508,65192.273
88600,125792.625
62907,8485.721
142365,36775.906
98898,17971.209
4458,4795.55
115009,12748.484
72321,14001.189
143514,33145.902
132986,28551.125
12896,52348.3
101858,25385.018
105289,7760.743
35627,45957.72
128114,38347.38
116084,32553.316
119134,8477.154
50543,12563.321
98608,27541.494
128974,11283.53
140003,131361.94
88491,28998.885
35589,5837.5527
138972,133935.75
132852,5224.9985
65784,18049.262
9343,24986.918
144643,6025.1875
70045,24284.104
30643,16141.295
143249,17655.855
52603,10115.039
79167,2228.9622
76714,36425.594
621,54772.508
78624,159869.64
26262,172858.77
6453,121309.336
148979,25727.271
145336,4822.5596
23947,29962.191
120193,16781.275
140523,22463.773
123001,26056.902
65191,12802.085
108291,3075.308
79763,38090.934
119904,16342.05
40834,154398.33
47837,25221.639
104383,19058.006
6642,32864.56
85456,11342.203
2462,102907.73
129476,10143.708
147124,80427.2
52103,1400.5671
58332,7509.1797
19461,32372.016
91792,28456.533
135812,61138.273
84620,9329.827
80145,8411.806
118148,7183.6704
56768,64830.53
121484,8202.98
36993,32580.621
5414,152079.73
69071,11933.873
128145,6980.2876
132260,145688.47
119085,60825.434
43992,10471.871
100629,63453.785
99416,11037.787
141013,152805.03
125392,4090.2537
38682,2814.5786
99812,9032.371
109154,26947.594
101233,19273.354
53511,17104.863
135011,21511.137
67553,27678.541
126450,30705.154
93881,22853.916
111345,12587.153
6773,10067.767
57853,25524.092
85182,25758.523
52653,25480.781
118485,55293.727
78944,50142.723
4041,36125.94
31079,27538.902
127104,54931.566
34800,11570.953
147133,36797.35
31888,5176.6147
98080,12670.674
110181,6779.8555
97077,109599.086
68478,11342.166
107257,16920.527
58769,11399.622
31734,2924.8752
110554,30926.705
134939,7733.242
134921,12567.369
42066,4753.269
25071,6561.497
91400,63640.23
76529,3461.559
50786,64454.676
13401,9328.094
65986,217624.42
32566,20015.729
59065,17139.637
49291,6673.858
36111,1224.6685
122401,20542.492
79206,3702.655
50353,5933.52
17476,4161.3135
63456,28789.832
113370,6474.9663
93031,31928.906
42766,57166.44
98212,45736.16
80165,15441.679
76261,46764.184
68312,6985.8335
10875,8206.653
131413,42557.855
88745,51894.418
133688,20961.922
139541,14482.214
51262,1701.6097
26098,40990.062
8534,24122.434
93621,28235.18
46978,28719.158
4028,17604.625
22152,20596.95
47883,52326.86
129752,20615.75
148983,5652.7026
21739,29170.393
126781,57142.0
140791,50446.695
70281,7475.3223
119718,62294.03
114750,7557.525
68964,30552.697
140889,8314.4795
116288,10055.854
7745,63970.22
121339,71083.58
896,18693.48
81977,15430.834
98698,19102.293
63742,10380.355
65114,4443.3584
15966,1613.2336
139920,525.2614
52576,9231.458
71589,17688.65
103998,30503.11
115269,9789.168
97973,9222.938
24826,964.9704
134713,6179.4736
47295,5122.142
99852,34444.156
102077,68237.66
43285,16813.748
147245,8023.241
122000,8224.072
148356,3827.253
116778,37988.836
135473,2251.9478
57461,38676.566
29831,13597.744
46299,6610.7495
140423,30307.451
35765,2965.993
93174,4390.315
124822,46143.445
121054,72005.12
54404,25848.627
23983,3414.0303
22055,12309.773
76831,120521.25
82479,124413.28
86148,10371.392
22413,41328.812
77494,33068.09
7311,101567.555
124707,11000.769
29870,109360.22
11165,15488.355
71936,5965.5044
111439,118964.98
135647,130915.445
133093,2231.9658
6395,6158.6396
30808,24005.047
17078,67995.21
50904,86382.62
75796,31050.46
111500,39663.113
107920,5187.018
11474,106976.84
141668,13585.993
91271,1989.791
99554,17634.793
110135,5044.6475
101993,1960.2054
16596,3818.1023
37294,30322.562
84731,12987.275
78228,120031.45
103580,21720.5
35966,27206.363
29310,2714.1863
148661,15577.233
26328,10383.558
84553,90137.96
18508,295.15506
78156,56027.66
3333,39924.098
89037,20607.975
119471,58026.59
11820,8825.684
67305,119540.26
97267,19876.809
139235,28110.438
58412,59191.125
148314,10506.946
68842,49265.082
141045,14728.076
55150,22929.709
137283,17242.084
5458,161952.61
112234,39124.73
24549,113546.9
16288,66223.39
119289,32239.725
116006,12830.752
68536,7745.594
37169,10781.678
47217,6441.546
91745,19038.445
58425,3030.882
122054,48064.574
6162,2755.6355
69887,9810.601
37370,20497.62
1836,8785.811
68109,28995.285
63736,31050.604
10965,60367.613
139443,225789.05
73931,21365.336
20217,32183.533
149818,98515.51
16167,1550.2501
92557,512472.8
29242,59686.215
129788,23459.328
14373,17340.28
77053,51131.863
104581,42159.336
45014,2079.3113
62159,93566.06
45605,5096.9536
62198,22861.83
122977,11304.289
63561,6080.4707
8109,10929.85
144100,18269.496
35928,17377.021
134622,22491.137
21100,46627.258
111818,479258.6
66446,23678.191
114065,26514.504
131923,9874.533
132440,97599.73
17014,30251.9
79214,65637.31
61599,55134.668
9718,88096.15
53700,3394.3145
112904,2042.7687
78392,8145.0127
113522,7813.267
35591,5215.068
78575,22070.016
47939,23157.83
67282,7745.667
69687,13348.609
96602,128292.54
120883,150314.55
69283,37135.117
39861,63231.91
134296,37434.617
4620,40385.453
107058,11827.637
93727,3389.212
14461,12707.903
19875,4654.0483
72101,10587.907
82535,13912.8955
138324,228226.66
126036,8361.485
49479,49972.08
34743,37734.05
141634,10239.702
106152,28340.164
5177,56669.664
143330,82318.45
70927,82642.71
79249,58685.68
83245,17240.111
72583,27698.488
51576,18154.863
118079,255253.97
15983,753.8377
3437,20453.785
69043,41527.97
4683,53692.094
38542,45275.438
11551,9008.192
97787,41922.688
30733,10341.485
59556,76562.05
104006,4274.408
121434,32630.916
8543,4173.201
115230,17651.582
48690,52200.363
9139,23071.236
106352,45243.383
97132,179766.58
10079,12703.177
22244,83436.22
54869,10247.498
25112,2923.1223
128633,10778.27
95615,10338.744
75152,82560.234
641,8137.746
103157,30764.463
50990,46030.797
93416,34648.145
149013,20617.99
74964,97601.19
131075,98198.48
85541,4830.4136
74824,5005.532
117513,56793.055
107206,5218.149
125851,230250.95
7388,43515.547
56777,10433.897
119042,3311.4534
76897,82554.0
38703,45249.664
75094,40700.023
52133,11707.84
144995,68145.49
10324,5785.608
13087,107657.61
100194,167227.39
1933,41691.477
56168,45970.457
120608,47152.863
123555,1628.2181
148160,48395.137
19723,4321.73
21814,23205.504
119410,68549.52
125635,17597.72
130477,28686.62
49184,106160.96
42074,26604.516
138012,951.4367
68652,10292.811
107690,11184.328
21910,53721.418
34157,26011.629
45322,25660.832
46257,12300.186
88297,77998.39
44118,46456.758
65669,122867.87
116878,3763.0754
3074,3006.1978
72142,52216.1
114190,28352.77
49551,2940.0798
29267,34052.53
22798,3185.093
112971,14233.796
36453,38899.34
25820,20280.457
98854,30043.637
75571,29222.232
21210,9817.601
52010,141602.39
74120,1267.7688
72860,13886.984
75237,178871.25
95935,4621.1196
77220,4357.9473
13285,14531.384
105481,9971.351
119067,10403.74
69084,33018.824
148468,11824.262
125313,5179.1777
133881,3274.3975
103015,97681.24
126821,17617.322
1310,20131.615
115162,27997.752
124521,48581.836
35003,1320.8262
8621,4613.0396
2430,6556.537
70679,55512.496
95234,71033.4
1742,7458.9165
137693,1377.6753
53086,38771.887
97491,8570.083
52575,57447.363
129819,63182.82
127271,22715.838
4332,25900.41
127693,26934.514
70890,20523.61
93534,29644.908
130651,9836.468
46440,17117.02
116575,22899.027
47752,45903.594
37716,92137.305
74639,119384.31
19564,98100.63
114353,2962.7466
132748,9213.518
75511,85615.38
72246,46796.746
117669,32125.836
30227,8095.6133
42469,66384.12
14771,23024.639
143574,47888.082
116665,49333.363
72017,7754.6406
90094,16995.354
46778,4180.8477
90080,2086.384
71707,10785.039
79331,71157.55
140486,6617.4927
56753,13899.91
11566,86606.98
111250,26510.541
25447,8143.6665
40652,38340.52
12479,111964.805
128302,153727.47
47051,14344.749
101638,9131.342
116681,7750.047
119325,70034.39
110504,7721.336
10578,18525.328
847,9020.835
8502,36812.4
138976,2239.9802
108958,18900.291
132220,220695.08
128188,11838.303
91667,20674.17
38629,11626.456
13879,33235.605
60531,73358.3
99423,18196.504
60801,173670.0
56882,23005.75
96603,90654.66
110406,4198.9966
113494,10241.815
24367,7816.878
103414,2371.652
52668,72433.57
43550,13768.822
15028,29054.041
3687,16612.617
139553,23743.096
125540,36313.188
20943,17923.3
141284,38927.29
29668,2870.5288
115464,54130.242
36474,30970.443
3133,17877.852
109539,55258.87
49953,16509.006
148051,8139.8833
140735,6009.19
96483,95531.33
143106,39370.09
20330,2766.8647
84862,43967.3
50120,34191.105
1167,12898.85
32424,22023.57
50174,5438.035
89579,37451.348
111788,30196.057
105379,9851.671
108768,8043.5806
1296,3696.1733
143877,18637.143
23394,4537.9194
97206,15886.409
58414,12348.604
21111,32033.518
132783,12714.753
43107,45281.523
115492,11454.764
38082,9448.233
85641,87542.234
45920,2281.116
116146,8667.411
106372,9967.92
107921,46762.086
28068,25454.967
65427,15773.8
58740,6395.0103
8469,2673.589
62924,118256.56
129221,27619.848
142883,4149.601
731,15055.654
5431,64059.55
36526,15529.394
119267,106785.26
52476,25971.785
73825,62547.793
7906,16366.632
71835,24220.588
102772,6593.09
103547,6277.823
135220,13388.864
108735,15137.6
63230,33599.72
132977,30609.65
67855,35102.406
6000,22199.86
10701,48472.793
30288,30121.17
46484,38162.8
29604,18481.04
83725,40355.426
145566,1406.7094
73286,64615.453
51610,11774.832
3123,5621.721
53395,119026.25
98983,11471.344
103943,2747.9236
89013,22132.336
143059,199773.33
26274,10752.356
136109,11998.778
115654,55265.027
19793,10431.065
92361,6877.3794
144327,14718.572
138584,121309.31
65313,4361.9023
46956,15893.23
57186,29225.332
73124,93726.03
122878,31557.791
132711,23764.287
102558,41672.91
53554,3061.5325
131627,50896.46
60673,636.84625
108825,34812.47
15191,46772.2
112574,123038.414
147491,172871.19
111535,88688.38
124069,7152.184
82455,8241.726
1918,40703.23
70956,52442.086
116694,80233.9
116776,101417.63
15003,238287.86
27362,49754.406
93541,73528.586
22361,20172.951
15733,3497.398
55432,240890.47
29244,8405.868
21862,61764.18
39716,3104.4194
27937,3234.924
63244,24609.031
1256,7902.401
113983,118079.18
4811,6539.0586
62915,26062.494
63943,25066.973
35930,60186.992
104660,10169.268
81936,2335.965
25402,3375.8137
67210,14957.11
105120,49413.066
26318,40506.57
3179,58968.18
47751,30136.879
117174,7429.097
123590,20751.262
69982,36967.516
145598,17984.45
24898,117395.53
60970,17241.25
67101,24829.633
65388,24776.059
27417,89596.54
86584,21842.43
17889,103349.516
113432,3852.8628
146162,3962.3882
101303,10595.674
41592,25267.914
71019,51020.984
53823,20966.205
71970,7792.0405
113639,1542.5802
67405,11736.567
73062,26832.018
56399,102549.03
16786,49361.664
31442,3719.7737
88171,33377.31
114279,20868.502
5773,3389.8425
87084,48967.32
54512,5678.7627
77166,2876.1094
22001,31446.9
20207,49321.54
113458,11777.027
138386,3733.8442
138126,7526.9805
100797,12373.958
20795,160310.45
136450,67798.83
90425,24913.652
145865,17145.953
88274,3317.9067
50847,17772.887
100914,10335.35
11094,16808.418
110680,52957.58
49408,6634.6665
13372,4338.2495
149316,3565.3945
124559,58934.008
146785,146324.2
62016,26710.658
96107,10059.877
107210,33085.066
113107,4443.775
77847,13663.792
114386,2509.695
149516,4577.2964
76627,44244.945
131234,2903.0085
149434,8475.11
13794,79095.7
108622,13926.327
123475,12119.916
87003,38320.81
108651,8991.534
42496,7300.5874
85475,16789.967
107175,73120.36
35531,142146.23
21364,19236.447
98655,34088.566
31102,24613.055
44388,65897.516
102277,34205.23
73065,72242.266
51340,1856.7777
112961,12362.769
20808,43520.746
61431,12525.777
32473,181135.34
8814,239797.23
62856,10572.471
27796,117918.47
109527,8291.787
53242,18801.363
68625,32653.379
56360,62192.37
17537,2937.9595
82462,5993.3647
56436,5988.439
7548,11020.789
99673,35063.277
110816,17932.637
69967,1803.8713
53212,10118.485
44249,23006.498
7299,23158.547
47019,36406.68
38264,9525.77
80595,25414.22
36250,54066.67
52792,15392.938
110245,24366.623
113471,19502.477
137127,16140.483
76147,117669.65
96691,13418.37
123814,27663.553
116707,15497.813
84961,4848.1445
17076,70570.34
13085,53899.293
132794,4798.323
97768,36181.92
25412,12694.707
114548,24610.201
70452,55808.64
92089,10231.584
94572,26079.516
146065,3697.5793
33564,16447.787
55847,23025.012
21698,20874.854
84158,43907.145
106513,4934.7085
41274,214496.3
94483,946.1076
142383,47363.73
93620,43958.117
120916,46364.285
58840,15934.759
119836,8716.335
71706,85460.38
138333,73399.32
86762,13185.422
86504,6341.014
73393,13768.709
136817,3542.0774
67827,7558.073
102822,150795.7
124016,11680.514
9552,43087.3
5507,4952.292
20892,24948.188
120569,9498.997
33697,51930.117
3129,46001.066
70076,384503.16
138298,24982.916
18797,6969.613
13533,55446.305
105456,15060.473
93841,6437.183
70043,17637.965
62039,8120.05
41945,10458.144
60337,9282.97
21674,3130.3723
42004,3238.9426
30051,60687.137
98860,41185.188
38107,4693.4185
76556,5260.3823
133656,9069.399
88346,50923.234
15578,12487.517
71653,8831.745
86184,6072.6562
48803,74739.85
134334,5119.808
72666,47871.812
86530,136870.4
67355,11109.13
77759,40320.164
77523,101885.75
60548,29563.984
86019,5421.7285
10994,13351.834
28502,5032.9146
93805,2613.4534
10038,27770.807
68476,23871.863
117806,67152.984
57433,12188.894
71563,117353.02
148213,34423.98
161,21382.477
46128,129565.94
144071,27096.082
76248,109189.875
63741,10287.275
113737,5402.3896
44775,51481.08
143742,7892.1694
8560,5942.6846
78461,19013.953
21106,81821.76
136294,19360.367
121884,19836.363
47154,40038.086
91309,1737.5228
87681,1287.5681
41403,26735.791
124372,23738.438
141325,5744.0093
84902,8017.381
131560,14350.394
75253,40895.56
71112,4358.583
71058,69205.39
76814,20599.9
33373,8422.088
135639,83951.195
103565,47987.527
43198,62423.363
9431,10105.757
71803,5954.3916
49310,14442.952
124496,21309.482
9689,5147.9297
136488,725.48895
3838,25344.95
92529,71768.766
13982,10955.108
65201,96764.42
30811,106326.484
79750,47495.71
129639,90481.59
54394,21335.695
88976,12135.981
20566,35633.758
100343,105342.99
52229,6858.5044
101963,96921.12
80922,12743.118
87750,28217.484
51956,14636.151
139047,4117.4067
144024,9213.801
56012,64457.727
136160,53298.742
110403,27279.38
119851,16711.283
32462,15501.82
92607,15066.605
18391,50676.42
13546,44721.51
101439,42609.84
59248,6995.4976
33636,38325.0
37051,61494.066
75959,12393.58
22772,14931.274
13395,102306.59
90246,4349.676
66102,59334.832
114879,13541.063
12722,3624.1316
99570,9839.553
106147,2052.2034
11288,27308.03
1172,9490.89
25323,6205.605
54537,92555.42
95988,60897.062
131918,10413.179
23214,87228.3
119651,27388.074
30943,14501.12
64553,226939.05
117839,6943.9985
76941,10622.119
79641,20618.72
133811,64772.105
862,54060.027
69511,25516.557
1751,848.3676
34772,22165.607
104956,12833.715
49659,67933.0
66859,12306.331
6870,8495.382
142038,89183.63
115565,13949.672
98307,184075.48
49483,4456.951
116157,24796.35
9551,8078.3555
141377,34215.703
12302,11953.162
107807,72694.07
105926,8604.009
55461,6156.549
27789,6370.754
93268,60893.46
80765,23121.938
83731,55414.418
145872,28267.764
85161,46390.004
134831,18009.016
19493,8732.966
23388,13907.907
59363,6393.16
140886,11070.939
104702,1925.8535
15327,2150.92
66290,8390.749
136850,5094.2686
1308,187888.7
109798,10153.057
59758,8222.563
21330,117552.62
66778,9008.406
17605,35362.523
136256,53073.64
104205,27971.975
68676,34488.004
14423,27634.283
7211,28792.848
38096,92496.375
111108,80926.68
85975,17747.885
22876,10218.08
100838,3608.191
65329,113042.82
96804,33607.7
131672,58390.38
96561,7378.97
123153,5696.338
113159,16539.549
58575,12100.395
128235,2727.3574
6746,29777.785
97389,4671.306
53497,74505.98
108847,28168.486
89675,4774.9404
143258,14884.453
28888,17045.594
103740,10406.948
52999,9246.569
140318,8108.178
93163,30618.53
35479,30883.979
23964,17958.344
90666,10526.268
129821,19669.807
4821,54124.37
146213,6333.837
37344,48345.49
69836,3516.667
1942,2810.3298
6344,6653.0483
11815,9890.251
8041,53335.316
141121,20537.19
67737,8810.512
47138,42789.25
85222,13458.336
32834,6326.564
148092,29588.035
28539,4662.3306
124242,26679.855
135706,9175.689
54480,20514.008
79082,8194.64
112040,9708.879
22010,12267.144
30315,10657.029
10033,10310.507
119161,83947.72
94218,3042.623
73646,138434.84
146816,105522.51
84839,91373.33
130700,43989.996
54983,26193.803
2646,30973.998
57028,19520.727
106078,51769.977
91274,26694.857
138189,22943.084
140309,9835.874
119759,7314.0913
135180,30075.729
16995,31911.81
104196,12453.286
105228,23576.686
90400,26091.434
52432,3502.3152
70501,1115.953
3909,9136.41
76030,17995.945
121870,6117.3276
128281,18842.002
4663,33611.27
97309,13235.38
84688,7279.967
31751,5733.143
7746,18759.697
85162,13923.828
12451,10834.109
94932,111074.06
50799,3775.6235
18621,10671.914
72304,11819.508
63929,57747.36
144807,72715.19
9166,993.5088
63838,44038.164
143703,47498.82
64313,14979.808
43139,171552.44
46099,28334.598
99521,11767.652
56144,28048.807
128775,1099.4502
60273,3714.3757
147554,8234.946
145834,23695.975
93721,13199.038
9464,38042.465
63671,127312.78
148846,2792.7275
12700,25957.75
138321,16114.16
102576,2806.6482
43842,5016.2344
4235,36782.285
107898,23588.805
2726,6893.5425
88593,94541.875
57876,58644.395
124149,147553.31
92572,33374.305
9883,55689.543
18911,35234.312
142145,8526.099
139175,42275.27
67576,11763.512
24711,19368.443
34164,2026.2706
125987,177261.5
69187,1233.624
34004,67887.45
1629,152139.28
25076,3901.3435
94077,50998.098
34721,6971.045
83013,7188.496
48577,22369.03
147820,1529.0873
119900,10421.746
40263,108687.21
98994,35698.516
102804,149349.28
78447,17751.852
147555,11543.132
2772,8162.1953
55708,3230.3926
5892,10362.594
63246,80407.91
91564,16901.457
102334,201654.23
143387,22476.123
89830,39253.613
145719,61081.613
79485,16516.84
62408,28190.607
125227,7652.467
105198,41161.74
100998,130690.27
21516,54917.387
74826,4529.4375
5622,10944.483
29573,18054.86
105802,6439.6743
18237,13293.428
30559,71716.79
109509,18402.496
147700,6076.688
74418,6873.905
135722,25588.572
143255,6249.3057
64612,20229.691
8148,9517.9795
123680,28674.473
40576,4767.393
136146,123802.12
69924,129828.06
14743,7352.809
100834,5368.656
71286,47855.523
103647,22449.574
24437,10343.62
9681,21673.732
87856,7203.7573
16235,6265.4165
131685,15058.026
137994,4928.914
103723,92048.14
124804,16672.215
102341,247480.39
56292,95241.58
129046,5527.9136
115466,7231.141
95559,49042.082
27408,53886.047
32908,39229.836
99653,10273.469
128678,51976.727
111479,27325.178
28872,9476.046
20535,12132.831
15289,38109.1
76203,7137.312
66398,22666.436
78803,17788.559
83151,17426.463
16580,20106.447
122160,15994.396
36040,31970.469
24545,17440.152
118243,56002.188
58524,41659.055
101020,201621.25
141253,16501.53
109829,85704.59
142649,30294.822
60330,230406.81
54208,19906.688
139436,2532.7168
129206,19653.418
126574,54196.543
19232,8517.966
111804,8686.462
131344,19137.76
145543,3947.1584
122775,16514.207
74664,6316.3145
118653,149843.83
1196,29834.512
19112,46818.812
21685,46310.473
109886,66510.55
141302,5359.2983
98284,13598.323
92720,43503.418
9404,60461.664
113389,2874.2192
87437,7694.0933
4420,51965.6
126556,12304.625
107859,4664.168
46774,9942.054
24761,19263.621
90787,1123.3335
107005,99475.22
64316,17128.09
77888,40430.816
62440,76463.805
75370,14023.605
90959,18383.334
50318,36479.52
86294,17883.1
23058,78969.39
70144,6887.0757
137805,10207.147
147233,20574.752
103916,8411.989
108097,44631.043
120841,21538.467
25418,63908.82
67554,3804.928
133835,161139.0
41496,1307.1229
35472,89227.9
141766,59527.41
133908,40209.953
33376,37113.965
83125,38708.305
138316,32150.99
3248,87916.55
130384,23351.06
92638,15434.717
9941,38989.883
108143,240966.69
79393,19012.96
47456,1909.0044
88859,57702.504
70744,53425.13
136738,8496.375
46480,23517.29
62466,43185.484
10323,28679.293
80446,10314.856
101559,19743.584
30042,1231.5988
24414,10526.505
61821,151004.44
10352,17642.555
128501,6824.484
109359,38603.645
139153,31626.162
56538,41787.88
131207,35870.254
91752,91726.695
36651,12410.729
123857,30642.584
81805,66985.67
117511,37993.793
79465,5594.428
62997,6385.0884
106626,25836.756
91791,102425.18
17847,6086.4766
15754,49735.133
139818,15616.197
31573,38428.863
45363,18994.914
10283,5895.954
86885,36658.992
17276,49692.48
97913,61777.17
55191,29763.078
108025,26807.05
81473,46014.383
112449,9203.223
144339,35648.176
123052,668.9982
98107,11531.798
130003,6068.081
43799,182673.38
36260,3871.2302
17279,20407.648
119126,22558.021
109236,5422.9087
8738,6267.3364
114013,5943.5703
91284,1932.3971
32549,17618.662
91132,4553.0474
18983,8302.18
4007,71760.484
3241,39091.676
125101,18923.186
59920,7895.713
49134,144071.83
18355,128837.69
10586,6176.7065
122081,975.8286
4588,22213.39
135955,46804.375
72211,10731.561
96139,25308.762
72074,59151.027
128640,4828.406
33854,13912.483
25308,100273.875
54004,5379.1577
145114,21924.56
23377,6165.662
98109,9445.396
76230,113222.516
132899,7667.182
35025,77466.164
89567,172810.8
141526,14533.572
74793,10251.673
115603,28256.438
62804,6297.1875
128127,7511.367
147821,7486.6763
60671,20862.021
13330,16474.338
124869,9425.65
106229,46125.434
22374,31319.516
49702,468622.16
31996,23633.082
126573,21156.467
5874,100106.33
72343,97900.26
139345,36704.836
47680,9584.822
38281,59200.62
34619,88955.12
60217,7012.503
120729,116117.664
86873,4493.7754
27894,171824.69
94203,14719.69
16102,962.33966
57985,39771.63
6805,4105.001
105549,44377.58
72137,3877.985
99527,24088.596
25839,29642.334
146699,10341.646
98739,27033.162
93549,17913.855
23961,26456.943
15066,116644.29
40926,81928.81
17753,16218.853
37131,9688.312
36493,2969.2695
69959,26990.607
33299,8393.33
145475,1214.0143
15225,186527.36
60691,42487.367
15886,97191.59
49841,4360.543
67535,2316.3667
28964,25168.523
113110,6738.974
26371,3292.5635
91358,8329.121
40243,5769.4053
104609,34130.09
102113,10206.135
56475,31173.287
129584,250038.6
80785,32736.904
53040,4007.7703
53246,11761.237
30557,6589.7837
77147,13181.075
12852,9086.119
134407,34487.254
16806,16895.607
74410,48353.26
38968,55672.4
93851,47013.54
5897,45042.43
125480,22306.928
79295,9514.891
5685,24001.102
41181,3796.7131
147036,595.1036
28115,5988.646
105686,12403.825
62816,63933.805
112781,44185.3
105146,88998.77
77840,6244.298
83865,6048.676
30132,7057.5723
26548,44408.07
113150,158578.77
72928,9758.715
144646,5113.5356
119089,26835.262
47831,38676.824
64618,1901.9901
106855,22222.887
37773,14492.542
125398,8454.77
142626,10782.714
122624,39977.633
60867,14695.802
56401,5185.127
16815,98877.19
149045,55336.715
45787,88244.64
91075,3517.7563
21023,21940.29
106992,57310.11
20090,6338.6973
105548,13569.833
40179,30227.035
71020,58212.6
42481,75532.32
138793,112350.28
24940,28246.572
72372,60284.33
119144,8276.242
49049,6067.5215
101122,47848.85
64569,2281.9702
65193,1952.8467
17135,72062.35
33182,14411.376
114718,9655.092
13114,26792.775
35010,2333.5874
53293,20251.732
54501,137713.95
35782,5946.6304
70513,959.7104
65647,6940.6294
121654,22640.91
17294,28530.379
56821,104187.52
4538,2446.5417
39344,3732.0496
30124,18485.771
44936,2693.565
54123,10598.58
67985,22885.627
131720,66105.73
125932,122559.51
79668,11946.405
70034,64208.887
44173,3962.935
8953,10955.426
1550,7493.5264
130015,38535.734
47850,194884.3
18337,57980.17
101434,18827.236
16574,63666.49
78822,23454.799
43424,16305.79
108974,42934.77
63473,50258.04
109046,12985.242
133281,8946.324
99616,7610.885
87847,5281.691
7744,98252.79
47899,30282.678
1835,89563.54
63874,170097.4
98003,3758.033
146859,136148.72
21661,27385.932
74032,18593.629
77897,49088.582
63449,16627.137
83138,16306.336
129552,26515.014
131619,42401.824
120352,16869.191
12142,49042.207
143245,5206.492
147279,49137.53
8946,37712.98
32928,5007.0425
98753,6551.8345
86709,5858.5474
74583,56367.867
38375,10581.881
147362,8662.143
35011,33122.93
16591,4617.927
129337,9955.778
127397,104478.414
69292,31628.418
61953,59516.305
30793,7111.9385
137098,115145.12
101788,10489.873
109520,5972.3066
129711,3401.5767
66628,74923.83
123078,34276.883
32494,7820.6597
8276,12263.806
115489,10075.033
100040,3874.2495
143323,28258.844
19012,72831.58
105695,45642.51
106961,30723.84
149276,3398.2234
66675,27456.77
105184,45506.06
4946,4776.771
130106,4216.598
57241,17483.486
81109,5082.376
59500,12476.31
141769,16325.121
41469,13413.275
110938,10164.979
89568,83392.266
29038,62736.0
90134,6325.489
131892,99398.05
47276,16247.144
27458,14991.451
42063,10176.598
87945,7071.685
56409,3431.9927
74078,12559.4375
134966,102645.484
101960,14730.317
116533,31569.385
66790,5331.169
79981,16262.593
6857,38044.867
10585,52160.56
50632,39187.42
62801,377425.34
31258,31559.738
21211,166215.69
142304,118722.984
5171,22051.074
84927,70502.375
17647,16566.861
149075,7444.576
119516,18626.25
64167,7552.3105
52115,43576.094
25393,4029.2158
86990,127845.15
112213,16279.8545
8182,16265.782
118584,56267.11
111262,11017.99
50461,69042.555
32926,38559.434
8899,129204.04
139932,466.38132
6443,7659.0093
100087,23711.8
123989,4407.9775
54868,15765.521
143058,17812.486
51666,5383.495
35404,12950.835
98420,28622.896
77814,83503.13
108666,17174.775
36034,31496.48
37228,22357.45
121340,14305.178
86872,7892.2163
50376,130545.016
11585,11964.569
13595,86877.664
72657,20448.508
59332,10955.811
123103,2241.379
110127,48321.895
54717,40010.848
44432,1186.0831
8516,7069.178
23114,36080.258
131770,16487.209
110652,23551.379
11496,2276.306
134651,8948.916
143839,4999.602
5969,2651.3994
81003,134532.72
48883,34204.137
116168,6517.4443
2168,2102.1643
70928,103456.56
70111,23627.08
74763,3897.5981
33807,84147.95
117562,11234.183
110914,6308.4478
71297,88268.7
117190,7116.6465
25255,17122.955
50961,139539.58
45827,43137.355
140016,91121.42
125560,4565.7734
126468,19041.104
115013,32379.025
131628,10445.88
16640,17958.69
141550,96156.016
27696,81785.31
39959,141476.33
96661,6298.569
101140,73320.11
125500,3541.6958
57948,394747.2
96929,18931.56
111275,53725.227
103905,12068.303
110146,33659.285
89861,10737.415
10579,8663.868
35273,50453.492
94781,78875.63
61283,53612.03
113439,13424.179
45985,140734.39
117630,2863.8657
5629,15423.241
115036,23613.424
52659,26329.754
93109,6801.4507
76891,1996.2814
145522,16600.016
135878,16195.218
108562,7901.539
24885,13071.981
47941,9574.718
23152,9275.928
13393,44037.047
112683,50379.785
15305,67033.01
19880,39148.832
71801,17183.203
107429,15977.961
104908,17711.797
114133,18323.998
147387,20144.535
100851,8423.554
120575,23165.777
6135,47996.207
132218,65013.934
110175,9192.926
19074,31308.861
105825,29773.217
16422,4911.8564
53388,68565.31
4284,20746.1
56465,30974.96
16768,5755.232
72285,30492.803
131600,5576.6055
16626,11498.111
40755,29108.027
41546,8132.68
57601,18720.3
50787,131076.69
54217,46427.65
96533,1004.5781
6239,56459.1
84764,63728.938
9722,52627.56
100480,3297.1428
95465,3234.3127
59586,6586.1304
35459,36427.086
38742,6266.2344
112935,8653.416
63122,32433.297
146805,84636.89
63025,127624.61
41347,6103.18
132701,20851.697
135289,91859.375
133838,33291.652
82697,3431.6343
103635,37033.637
18393,13945.7295
63267,7048.549
118458,36142.465
77805,4782.7886
112177,53010.277
130196,29160.422
127001,21768.672
23970,83923.9
101271,251437.6
17251,16031.899
144717,7660.4897
73511,42483.04
29072,26967.336
74160,4366.9067
65319,112974.35
32543,8069.2617
129155,4339.546
77377,6826.1997
93781,101356.28
38626,36804.637
64339,32304.973
21018,33275.74
114005,17734.447
4467,28230.484
94687,41893.21
24669,24377.658
2035,13548.972
58519,13418.744
99312,50710.617
81636,41034.18
127472,19425.744
149042,68287.836
33889,38509.785
82845,16988.785
102911,34150.625
100458,86305.516
99097,4508.383
144289,39656.562
102231,37901.668
141103,43376.94
19027,7674.196
134699,27068.52
41069,73009.02
89250,18598.336
66472,192577.25
69727,19737.244
21904,34993.22
94097,19524.578
54627,6025.6543
62881,107621.164
65029,6672.7617
15079,9282.324
64741,9925.693
115585,15664.272
124191,98557.99
72692,65305.34
99771,14182.972
94516,31331.994
116074,16971.496
70272,12363.247
82347,12746.44
108891,38343.164
120356,1964.354
34333,24733.227
74146,19496.744
55366,1632.5939
59436,3646.0881
8789,5201.696
44890,20872.826
118706,39001.93
131071,79733.43
149581,213849.83
50338,114181.26
50303,6011.3877
82486,27427.254
79030,63773.992
119053,25103.967
120437,10565.503
121305,16358.579
11746,38607.02
43362,72528.95
132586,4379.593
112646,15980.87
141508,43143.254
61665,44342.855
14389,29898.494
121045,48346.66
99044,34012.86
121060,12994.106
90041,177074.12
133179,22569.756
18126,65020.46
81568,3288.4995
28201,53470.69
73184,25168.408
24832,7874.4795
149833,50277.773
91665,17551.447
49914,63729.75
114491,4409.5396
104059,18191.201
66300,3587.7087
132965,27668.543
65926,11009.756
25683,45600.574
106807,8780.913
22261,6545.117
83045,10790.363
63580,24433.072
47999,5829.4937
51403,15796.215
80124,18752.299
118093,2885.2795
19658,31190.486
126141,10098.5625
147693,6517.775
51192,57948.676
725,15569.183
142,12197.648
144930,6042.548
91633,12914.541
72172,2519.7056
82931,36912.027
19458,52892.125
111211,9326.123
113676,5032.2305
101048,10651.472
24331,50919.906
97508,6352.0005
83575,189148.27
86305,15388.357
119216,91074.805
23804,5124.9062
141379,1026.1024
90535,140172.52
130174,31317.344
33549,52815.777
105632,53815.516
40880,1634.6571
70772,10071.423
2204,3197.6443
112651,8130.797
137403,63468.883
4021,57645.883
127300,27982.25
114431,12293.803
39756,4579.818
38559,31144.67
43854,9098.179
30150,18001.604
69036,72243.94
95496,6451.975
140612,8312.584
79899,13723.721
89846,2721.2053
79997,27266.129
67701,19876.488
1743,1906.0382
47264,2951.6482
122492,44868.26
133371,782.8426
87618,27453.541
18817,3845.025
144827,8086.388
132960,57776.15
147193,67955.06
140325,26869.088
67586,22672.293
102487,7146.449
41489,27338.748
1532,16192.845
114859,54071.086
56622,36031.754
43057,207420.83
15952,61864.312
16798,32682.344
121938,8651.464
87263,9470.142
105071,153936.23
110537,59784.72
110687,31139.393
3698,2397.7266
122837,83256.94
89972,5010.8936
75545,223446.55
100701,7407.8105
129894,4837.233
10921,36618.37
129176,64537.96
67584,15083.651
67544,57128.332
109193,53196.766
141101,12158.174
82113,21016.494
41447,15936.619
95100,13351.1455
136701,74804.31
1344,26093.986
66734,28900.693
84003,88720.33
94601,16897.979
10800,5694.612
120233,19627.127
42794,49274.773
145149,9255.345
137804,9695.691
134838,2242.2056
146202,18092.402
123135,91543.9
138994,36742.426
7122,39720.305
102722,4424.319
23262,16894.361
85330,125798.625
83169,10570.577
17639,50062.55
30983,124605.23
91600,104964.3
1694,34773.04
83710,212434.48
147234,35688.19
18891,6114.2866
105837,12068.624
95119,2863.1577
16764,66726.99
135831,27543.006
31859,11313.777
67111,29465.953
123818,99861.62
43764,14793.961
7862,13210.271
135271,3371.228
144606,28744.352
134953,3410.0227
119470,67176.97
99965,10780.059
144763,10150.11
149986,17484.693
22645,51476.344
99412,13394.231
73365,31839.328
5211,235829.56
73695,12588.399
6023,45135.45
126990,2055.9446
122679,5768.694
48635,56937.7
99974,15444.666
100787,10068.53
59130,6795.2275
112955,7798.1323
102714,36568.73
148528,73849.76
93900,1422.132
46942,4812.1494
78048,31213.506
148858,62066.758
58987,115138.05
66517,6031.139
24037,53630.7
63550,13095.961
88382,105834.445
33208,24703.268
108629,30049.688
113252,32652.44
116768,217641.3
133861,98499.22
114069,2077.816
90741,41871.38
132780,71603.75
1349,68508.91
48569,64036.6
104396,42236.047
8331,38826.387
36817,3041.4265
72054,67084.734
29772,8010.895
13005,27343.45
111656,11838.463
295,50551.42
107373,32014.934
14948,46042.53
106605,25672.64
92976,6231.7954
121101,7856.0845
83281,86129.08
122375,2829.6636
119819,24449.963
6108,21721.322
120347,2291.6328
16643,21432.727
91649,107671.055
130612,70530.484
12767,11975.473
96233,118633.34
2712,21600.055
127009,39435.465
112201,128371.03
22248,246039.92
23447,4702.0605
122716,3413.413
44381,36445.707
51653,16825.363
127640,32318.803
94159,156018.53
96120,19952.08
16949,35573.63
103236,138385.17
14092,8900.361
109512,48031.3
39829,13129.443
74223,5997.206
120540,20691.016
97252,16787.387
105662,15959.3
106769,12685.287
39348,16279.897
70293,18211.256
98088,12873.638
1616,60613.66
9803,73489.93
18130,64768.34
130282,144349.44
63602,36753.188
108318,58137.297
108698,6483.755
137483,11786.1875
85104,2928.5708
29348,13743.54
124366,74650.914
52868,95896.52
1521,4756.12
83285,33672.703
18175,207033.42
147284,17846.73
62579,7219.8096
64270,12607.571
63350,56225.793
138753,125307.73
26214,11961.799
3474,192592.42
31154,107306.93
33878,90853.63
74327,25402.55
48924,54578.324
990,52736.598
80464,28132.113
79245,47554.457
127617,282339.88
14520,8818.816
2684,28486.426
87838,3841.9507
30214,73518.34
13694,3957.3147
89474,6545.1943
37594,25624.523
133013,23719.568
129769,23092.885
40969,20631.408
52972,5282.431
15843,38698.9
116431,12723.988
102975,18577.68
8176,16673.4
1818,83929.31
131211,20593.457
86288,32656.742
11958,4716.08
58653,5454.627
20937,28273.734
49349,21961.113
148591,20028.83
31942,20983.846
112291,4088.521
58393,18970.006
79553,2718.902
3473,8665.134
76403,25152.328
65899,13706.531
108317,2458.5593
123114,65984.69
12995,13843.889
77512,10566.324
101146,155023.84
37245,6166.2925
124355,54504.23
4052,18131.363
32839,14859.216
69138,9760.603
85776,9940.746
38325,19083.682
48600,7181.613
30218,12421.919
65363,74937.984
45396,80250.0
30601,11583.61
39031,113651.6
121043,53316.996
42343,30168.475
93359,3172.6548
42125,4487.4004
8761,17005.562
123198,17289.527
22680,55523.785
76216,43970.426
100134,49174.8
67936,7401.823
42337,6136.3955
50589,8705.779
93313,7586.8647
138433,21695.314
1707,15099.388
22807,85024.61
3286,6688.6777
16957,49079.418
20144,6080.357
10089,14449.672
87427,12225.089
136924,34422.355
95964,17138.432
142094,7850.2563
92452,3474.6646
144384,56774.28
104195,7810.101
116391,1453.6945
9059,82514.984
64688,32683.082
122412,11738.724
26591,52490.48
32310,1844.358
60374,10135.33
127372,1812.1372
40521,19157.385
4777,8345.197
82417,47453.055
96680,12141.905
110639,5341.9946
132000,48938.094
91770,5494.0713
134352,3711.7239
134873,60354.168
8644,113742.875
147581,7718.138
106603,5586.569
92848,7832.62
26315,2909.3545
100571,5178.872
134426,53134.996
49847,58094.59
38799,20494.455
121768,108839.0
82310,21794.322
33053,27473.55
126661,6867.97
45784,6214.572
144896,16375.69
141661,3236.2168
88161,140654.19
55771,9772.238
94669,14445.653
85691,137366.97
140206,7198.669
97336,156602.11
97243,18549.197
8911,51468.367
74723,454.40585
31704,39544.918
65314,44075.375
133425,25491.654
118619,32873.887
51393,2490.9812
34943,40755.84
104302,39856.395
128594,21697.256
21882,12218.222
14428,59974.88
63696,20834.834
119681,31386.662
27381,16924.314
67431,36384.344
15392,21836.623
39698,59943.574
94229,8974.3955
83283,66906.055
68900,10618.38
86135,1874.5369
31548,192660.48
58842,26566.098
49556,70592.33
49148,36020.445
50834,8939.308
60883,36770.777
106211,4677.843
122419,708.5295
13217,22663.467
52532,5173.1255
107798,4062.7983
123098,58234.5
73296,5001.2905
17655,43496.906
87040,12766.9795
89267,6222.677
116803,48421.324
22965,10846.207
116981,89223.125
76232,14544.753
132624,61746.11
127588,13636.008
76098,53141.434
47829,20926.045
86248,4129.9517
46582,36679.527
11545,113227.96
10011,12796.621
117938,5815.4746
88045,6838.003
90106,18412.574
58213,22952.049
29067,11540.63
101982,67391.48
43101,7977.2534
119298,10468.403
84984,22598.738
39688,102946.26
50290,209195.62
74802,7172.7295
129938,191730.17
119564,3854.7017
26281,4482.2456
34112,301351.25
2494,2099.2825
95704,5107.394
87288,4781.601
55593,19794.898
53838,4637.158
17614,4264.1772
121172,12736.651
75809,18114.865
126888,84862.414
66045,59521.742
44954,92492.914
27830,23303.555
57145,7549.662
78969,16287.349
71585,8804.357
100500,4439.8384
75095,147775.17
46540,250161.03
27838,3622.2844
116150,8025.342
134752,6387.5015
76952,63945.55
119340,358752.03
103396,136040.52
118578,220600.28
32162,4339.571
1413,49038.766
143878,28841.658
66864,200381.06
74891,50924.05
67707,8701.766
110673,89480.984
110807,134333.75
128460,5122.8706
146806,4754.0356
23031,1140.5337
9715,18699.955
106753,32197.059
149080,57070.082
119318,54651.984
97988,97259.9
107354,62463.76
142013,6082.2236
72293,31335.674
97164,34166.156
83923,28921.053
37318,27995.443
149425,65859.016
129999,3287.62
47793,53714.77
129632,23541.238
111843,76798.66
44563,85776.195
139434,4250.58
36451,45085.652
45122,40174.26
40166,3604.0422
140564,122942.7
87504,20709.566
120987,77932.97
105885,16597.004
145110,19701.549
128291,9856.093
19898,8090.691
96564,17496.299
71738,15095.548
67780,14476.59
46246,109436.03
119369,8475.278
14836,67654.5
88904,8696.649
32619,32494.082
24875,24465.521
104350,9790.748
136471,12143.61
59351,74014.06
120353,213868.81
92695,115764.84
118582,4008.8298
90508,10461.698
73145,2198.7036
92880,11457.012
67105,45205.22
6821,20556.191
62155,3236.996
54141,9417.675
89885,47534.758
79779,53389.652
104606,17556.37
95456,7339.6445
18166,21030.59
66263,223920.23
87106,21624.965
92289,108667.15
97479,146340.88
43298,8514.294
3824,102671.945
78248,90216.94
20685,5615.2856
112052,140815.78
103322,5190.2
110160,120687.24
123877,27123.92
34907,45455.926
3195,6449.9385
12444,19216.102
109299,3239.8186
62559,17727.203
105709,19578.332
118239,28666.262
147532,4710.2188
125670,56331.305
29340,29051.457
32291,11277.938
6897,20453.756
111244,15447.392
29046,47728.4
89520,13856.632
105433,9411.211
139164,138614.3
74534,6034.752
142995,18502.6
118341,3820.6084
42034,7893.988
55754,139309.72
119807,13545.243
77299,20037.678
51120,8618.483
12898,12011.882
20240,13594.331
36012,155318.28
80710,10401.052
51945,11808.798
81955,27681.078
124383,6425.9834
140444,43510.734
51464,3317.1863
55524,31739.35
24810,7475.788
56802,17489.01
117182,58808.812
48436,67661.305
122930,10888.149
85036,323984.94
49251,48198.805
54629,11994.043
22955,114788.01
110800,4644.18
132115,54426.51
118011,2526.126
41445,1544.5518
139156,12673.863
43434,103202.21
111282,46179.23
91320,3126.3826
120813,16731.824
127073,30764.418
133024,72729.06
1963,118129.305
148526,44019.793
87108,6645.1265
67773,19682.219
57043,10712.813
142455,5292.4956
100866,31317.25
122873,59190.953
66985,3324.94
108473,76558.81
82804,10327.894
149274,2694.734
40190,9485.454
145425,42226.246
29291,60222.9
1493,97413.37
88420,33378.996
25507,38507.19
88884,4243.761
37663,42677.496
127437,54051.887
98467,40617.58
85016,3710.5122
44793,25852.994
48935,166911.23
78910,52191.27
85592,60512.67
30829,56467.46
99964,12997.405
115969,72998.09
18492,72002.26
148993,86990.2
118716,5875.1265
56222,16227.476
28279,42475.977
132555,23269.295
42179,39072.63
7216,6083.7666
64462,3637.906
63202,80630.84
98579,13297.288
39974,4020.7163
111662,7180.1636
120966,5751.076
137363,1672.0466
85064,66586.5
122809,35332.03
18539,8090.4146
54304,63591.785
127546,16386.295
3171,12471.956
110278,15731.749
19212,27565.758
61477,121617.414
52001,31038.371
112329,71609.23
45913,17810.54
92164,4029.6316
37958,5678.924
90931,10678.697
62496,68353.664
71364,19418.309
49323,59219.0
106600,71489.66
4880,54498.312
120654,14053.828
16438,7674.406
133849,15391.911
10035,17930.455
72420,17166.07
47756,41829.344
67042,7352.4194
20185,36625.137
121744,164038.9
40237,150481.19
97598,36567.83
96982,11789.739
74038,105761.96
75862,8486.437
83850,42393.637
2456,24032.744
66842,87914.3
118519,69729.32
68777,20941.896
29949,32464.592
149752,12517.628
75325,6031.6084
145030,41756.254
101309,9844.536
31700,33577.24
82197,74063.0
120767,175802.05
89689,105674.04
11770,6297.1865
120529,14151.756
87615,9810.211
67753,16697.092
8542,14569.946
39869,32125.63
95991,121549.16
39266,32395.479
100095,6889.651
120189,99213.805
77306,5768.0254
95117,6415.247
140330,4847.676
24595,16625.338
105737,1531.7019
9759,26090.488
18796,7052.851
63538,96114.7
47797,10101.995
108546,38150.027
111959,2236.5933
75691,82731.1
129115,15379.438
114085,39941.895
146627,153513.98
19764,22436.883
40122,6466.6245
65507,43488.79
93473,7261.5225
141035,88387.766
1515,21223.828
54024,81313.73
60353,25840.166
101891,102449.35
106495,155909.84
31936,6516.274
99482,14068.216
21288,12198.416
138360,8126.1055
59756,23787.322
118137,6197.848
142640,9177.733
127434,10059.811
94407,30909.844
43340,62548.156
33997,36952.434
103687,6015.239
108504,6825.272
