ID,price
143332,57112.188
28423,147522.95
28103,81634.95
106424,1431.2482
131956,8337.477
104168,5381.2744
84710,70449.836
47148,32396.44
109086,15295.849
38564,28823.312
149899,45856.97
142786,60692.348
112470,17330.291
116755,45443.004
77001,13922.778
65836,4066.5688
140731,7520.077
64633,39794.992
25632,7116.883
61151,14914.971
110265,6352.3154
124734,13974.265
139328,42950.62
17408,23602.672
113078,153956.34
27431,36429.145
86160,30480.703
90240,3717.8582
125746,7856.7188
67233,23631.072
12727,1714.7902
27297,102427.44
100107,36868.14
78057,16691.385
120699,3761.3333
103773,18075.71
83526,5162.493
117882,23618.094
95656,185321.08
115883,178823.72
26964,93900.336
100993,22069.207
78237,34554.906
25657,4136.7026
47813,12950.549
22145,16962.41
90629,113780.5
84591,44721.617
124399,13154.18
28464,10000.226
128984,30406.682
124945,23296.41
112601,68807.2
26603,1353.9869
86261,128129.914
109053,27757.59
80297,13213.545
8340,5507.4585
22349,9241.005
122786,43352.0
144859,4243.4976
66345,23629.754
2404,6853.068
42737,14912.995
65365,859.2978
44842,6945.3286
75876,38022.9
138784,4244.2227
107468,25729.61
52770,10202.255
94727,18332.11
83223,27573.92
31989,88288.38
76357,3314.1968
38048,15057.057
9150,17870.758
115436,10794.135
136105,29904.572
85939,38777.12
68193,3473.563
80527,298486.66
21790,16482.217
82148,17836.22
20485,105224.12
37293,19622.084
46932,72149.13
90941,13629.323
57365,38512.418
22635,16518.082
73830,72098.484
41479,14299.674
60507,1377.2826
137274,6598.3647
58305,55927.094
101931,2062.6807
43195,85973.31
116633,45471.664
46402,8315.002
63165,7632.61
12219,23436.707
15562,109913.19
33702,40917.883
3982,49483.32
55637,66161.07
122731,35712.38
51374,6460.2065
8199,8048.1807
137197,5007.2773
106088,16931.549
135145,31998.734
145045,1685.227
87997,5268.3867
44903,42595.082
108112,10627.082
25933,14984.657
146773,8779.889
55470,34097.082
50249,4551.944
37988,76678.92
53408,12759.093
141587,15748.122
23763,5178.4453
90583,12990.275
19691,4400.9707
25354,54691.49
62963,15007.255
68954,6207.9795
97372,41281.918
56003,133352.88
83515,24648.166
35304,20606.293
63270,76660.49
1218,70800.08
54427,31358.217
94965,2239.359
16127,54235.668
11747,53970.332
64979,31810.861
63750,55996.535
112386,121800.164
135958,7072.5776
146866,15045.632
81139,1538.9652
40148,146715.55
135737,76467.04
10916,174767.19
141077,7438.4688
110386,13302.411
24837,98835.0
19398,30681.938
8577,15788.498
39185,36599.895
129153,14307.472
7858,152441.14
30121,24372.291
60169,27870.791
119343,9205.762
139982,36627.484
27181,6250.6943
46729,26525.834
133220,13901.557
71246,26096.64
62621,8152.4995
142617,33013.992
65520,13764.421
91638,63019.133
90216,82170.88
114492,3872.7683
115092,4550.258
148524,54058.22
42403,5108.0254
89670,9422.745
97981,6607.1177
137222,5731.9556
90975,13188.461
129567,30409.383
106711,24307.57
131989,16913.66
128743,9150.905
28891,6059.5894
34485,5794.4663
94538,30203.236
13977,2855.1743
84937,99739.46
46935,6615.97
55980,7222.8984
48242,10667.384
134363,48452.824
40171,7347.7563
27922,33256.03
23901,63356.14
44060,16925.912
105829,31030.104
88882,9837.124
17796,30213.65
54391,18947.377
69208,10870.706
122589,158086.39
137571,16094.546
99875,79565.77
4808,6954.2837
34148,11862.503
104043,32181.193
53610,32015.234
11982,8649.35
82591,44322.234
55809,109864.664
132867,32200.791
21270,11954.394
12666,25001.414
107852,49476.695
12438,8706.1045
59712,11573.84
83009,5455.8384
29889,66379.66
39491,-685.5062
22054,6589.913
139139,43974.4
142974,83821.836
141853,9488.2295
124850,27872.748
88968,97220.37
57929,22744.682
131564,6334.055
18025,55683.58
98108,17367.512
81113,75006.42
33858,7774.6675
78981,141933.11
143825,4050.633
141046,36067.85
96871,3638.268
87440,46804.91
6117,12838.868
16956,7429.2065
111755,8643.141
95914,32027.666
58664,4442.9805
145503,-0.11979103
1473,7535.8794
95776,69331.34
143996,31837.877
107759,8863.348
135471,17897.992
136653,38520.13
128809,9393.828
89664,27544.678
96852,98658.04
72202,39290.75
37918,40578.867
21105,12067.659
34722,10047.919
141237,19416.012
1857,32313.139
149609,23572.307
130465,173931.61
7687,7371.3164
30639,22176.857
71,6606.4873
127003,54988.504
100489,23676.914
44517,26753.219
5601,7306.56
146158,6485.563
144614,11186.427
8189,27318.596
117894,19038.16
58328,14151.485
10292,7574.5654
130807,44032.96
75343,40813.477
76004,34080.375
26894,6230.0225
124381,24059.309
103662,19208.203
113306,13590.304
47483,3880.772
75676,189872.33
28043,12490.47
149755,12975.168
68409,2770.3616
61575,72638.85
78183,18630.037
145108,41774.234
147020,28515.309
123232,25468.893
33442,3252.1062
144239,50093.676
76639,24832.969
18233,58819.28
52889,51394.656
96159,4928.389
108513,4581.5864
116818,24127.69
94947,7267.634
81734,2889.9204
99068,27636.678
45432,5062.485
77718,5667.605
36103,19454.393
80463,19829.258
147209,182707.27
21209,13993.977
63003,35034.445
83071,26777.434
129548,26714.334
99854,4995.4443
62727,15940.98
67350,156959.06
130895,8686.799
112438,14414.626
84622,112396.06
117288,36981.094
45889,116414.914
94041,12636.917
111258,13704.496
86067,17512.414
140763,13922.516
42756,8314.795
115378,15219.627
55788,5297.4614
122287,14292.514
115139,7944.973
30320,30697.596
142404,25234.86
33540,19182.707
11912,16760.068
144987,10862.6045
66991,12139.729
96793,25828.7
91503,6563.7104
58291,66149.96
133381,37366.332
111966,34727.824
16925,54987.43
43726,92702.7
22231,51170.824
20903,6209.7144
17031,13468.975
35021,9990.595
71481,26584.123
28462,179130.77
133862,39235.027
42865,10907.071
74492,86944.836
20110,190734.45
67902,47336.945
53328,216361.69
7035,67448.836
114788,88645.62
8704,193864.16
125607,41861.805
66147,86787.445
47875,6021.092
9240,75564.93
50598,9899.864
76769,10764.893
60789,56540.37
91669,8427.741
110108,6236.0127
36865,25500.121
120637,66538.234
130574,52362.387
748,19254.293
95683,24937.064
20137,10089.426
38453,1521.0559
87313,6025.924
5841,13304.19
32360,85313.62
69794,23128.934
48449,13912.109
98145,51889.625
28011,56915.535
122677,12984.865
25904,16840.01
29643,78248.49
13532,28263.883
78896,117926.336
33685,41669.293
107424,29746.613
51093,37239.312
128724,53572.96
8288,44316.4
37271,12523.931
146173,11329.403
14386,126799.41
114794,20195.482
120060,10833.266
107842,140402.1
115329,20784.146
101754,27114.703
88851,14539.614
67334,2468.03
94558,12022.823
92150,38684.195
91327,253160.6
118728,2192.7156
105319,16954.33
83735,19440.723
1831,47351.3
81382,101933.32
117489,5894.988
130222,118650.77
40587,3720.9102
84122,48062.1
57744,60076.07
132245,29716.744
35520,68248.77
140284,30849.734
122421,7178.5254
126878,32313.762
35370,43415.12
45981,12421.299
132670,9681.176
110486,47784.14
96368,33486.562
29955,18852.158
33834,9115.019
36366,3355.5974
143568,109184.24
149245,46057.676
75274,2434.0293
119280,56243.766
142479,9644.177
115529,18667.02
112703,22655.588
70649,84846.266
70567,9629.366
43017,22342.977
24430,10769.961
28990,5257.124
11736,11255.981
7162,4102.1895
45178,21300.61
95480,12420.638
92046,20138.33
19753,13735.902
6926,35879.273
27660,10951.671
118770,4966.4854
16077,46855.55
975,5634.027
110509,55883.215
60969,59055.16
60515,21130.41
69198,61971.477
69769,22590.951
80767,6182.7373
57071,189110.56
54853,23839.217
146026,135538.34
37668,126613.6
17285,50114.867
18078,26799.686
85965,44916.816
79682,2869.5955
70109,11512.92
36479,18403.604
107832,9885.148
42630,84132.086
7163,8251.153
10695,3211.8271
46648,32462.375
48133,6713.2773
118761,7395.979
116370,17891.148
50401,9292.857
128174,7492.0625
62519,175227.28
28557,1601.2861
49345,7304.2905
41056,2639.428
99602,47557.598
55885,13733.574
75582,70034.21
115243,51344.746
82017,59674.613
70516,4241.043
41674,31983.871
80927,38698.387
96939,5251.493
77405,48056.4
91012,13598.785
51972,149108.62
793,16700.48
34404,9126.575
128953,3594.8315
11048,8220.437
91886,12849.231
123421,45991.113
89137,35333.664
107890,16734.117
70028,95525.414
86381,16956.56
100167,7092.9966
142078,147641.39
76368,59036.285
76933,3852.8284
123096,22275.441
22101,13807.517
51122,95933.805
122640,58805.66
110910,58533.05
48815,30102.781
51932,2138.5078
135321,82369.64
46117,47166.35
60188,43461.37
97767,13756.867
32595,16367.417
68490,21163.238
23224,4721.664
11883,22750.895
81677,42526.523
39697,15174.25
7775,157025.39
80636,23645.393
53581,11866.744
60368,121266.36
27179,7105.7515
12539,3547.4504
27322,50359.82
3049,9469.926
128381,9780.964
44550,10373.122
137907,16743.498
45128,6051.8555
28767,62196.113
34656,20392.783
138020,65526.473
90399,13469.302
135150,5709.104
60478,8647.878
129377,189297.97
109054,30917.746
7045,30927.324
1591,47616.473
42541,132702.19
127655,5398.0977
2413,39017.406
104852,36029.98
38618,64109.945
4557,30321.53
125861,2978.1733
78770,65851.5
65692,97166.52
107804,184734.53
143693,58343.03
40783,2336.7349
50851,13025.493
45995,7807.14
106906,136783.5
9714,43757.55
3567,1629.5374
42503,63633.11
10003,23878.232
143321,3674.8313
795,32251.936
63505,2264.4573
78436,6904.797
126425,17565.678
27139,9044.311
146203,5810.0054
95987,2825.0588
4570,2028.0083
85928,5147.4697
37627,27469.275
62687,30111.77
29413,10973.462
31106,26534.936
13570,1526.7771
128018,5465.2935
123255,18208.906
134515,21487.924
102365,73917.51
79857,5170.881
149445,87535.53
92665,3947.6733
73456,1063.0072
60908,108889.47
97448,20319.918
8289,2937.0984
110659,23592.541
145033,6291.8276
16575,89667.81
135575,20663.084
58877,21182.125
56332,6272.2397
141588,51892.668
115359,35482.883
140549,44789.902
65447,82149.945
119030,41054.594
11586,157827.3
16373,24937.277
58394,82193.36
43157,16633.994
79761,32170.586
118108,19091.951
135127,53884.094
13883,75778.74
86643,6897.274
148873,25363.398
62969,22754.895
17822,23453.943
48143,86930.46
58481,59100.254
56913,63850.97
60202,65911.234
131514,28151.219
37357,7367.758
69566,4710.9556
95575,4519.55
90739,3501.3882
74446,3523.9958
54007,12386.849
92761,4772.7793
102676,24447.934
145556,59134.723
10425,15765.031
122937,15467.641
96560,25118.441
8813,12438.907
39118,36890.727
26075,84599.086
29311,90246.766
3402,24367.637
67748,26546.459
122986,5383.325
24841,41245.543
64909,18117.2
31208,36654.504
149892,36737.12
71504,19694.725
111824,92127.38
88925,16214.3125
9020,17204.285
131411,14615.53
55631,42256.082
17426,9799.905
129854,195018.4
118528,8236.635
90635,113871.77
57911,16585.664
33029,21276.219
26890,17044.465
63378,11250.444
92814,3062.631
110832,5667.0522
59224,75191.266
105422,133534.94
7015,64186.836
97511,24223.123
96965,20026.395
70219,15995.672
81619,66344.32
109675,9120.776
140316,51361.945
79709,6290.369
88547,21348.248
55333,14893.105
100952,30083.47
147145,15959.135
77186,55161.684
72318,13429.587
97681,8933.253
22700,25669.65
33818,13335.267
111115,93125.49
9187,196991.27
112637,51428.51
21020,14991.459
83221,23243.635
19242,46380.914
73702,49489.402
101430,8141.473
121408,63589.547
84212,29305.04
119132,26550.973
46892,156449.56
131200,5545.6465
52029,12758.827
100210,5637.598
106082,9312.109
55501,61303.297
40554,18567.3
21756,6654.58
148268,9552.198
113771,4305.2812
100858,56341.387
3768,14792.251
59118,3514.4475
81694,26519.33
140873,27971.85
138797,6188.0615
93486,8260.587
97276,61683.684
47348,56132.535
29149,20371.006
16418,7130.4463
53,3540.4204
91111,65573.914
46908,6838.7188
66141,1159.0327
144121,4514.3525
92711,21663.037
117794,44568.227
62547,43776.195
138463,123690.195
81768,4757.562
68210,6408.659
66513,39648.105
94423,70130.21
5074,23141.506
57497,28231.264
66286,6458.2207
127792,137962.25
108351,4543.5083
5141,9168.583
62952,8953.654
18815,26378.418
146153,1807.0092
119792,6566.6553
78940,3450.09
145367,9650.758
25319,58632.52
131374,11204.886
90386,23061.156
77798,8506.3545
140756,13582.2705
86953,99687.66
30988,71363.81
97287,4470.0073
53150,171371.27
130007,4064.8914
29376,8068.72
93380,10645.311
111083,7585.196
79683,36196.402
22599,12565.094
12696,117313.74
142508,22315.889
10176,10709.032
146156,173620.95
120066,33917.027
29337,51697.043
50947,26975.098
52282,15205.829
10331,4865.1064
56814,97439.96
134930,25214.86
98175,29207.186
75946,7821.832
93207,13760.277
103511,51166.08
140064,17578.52
70665,85906.664
78211,101504.516
92308,1787.3289
46269,6605.439
91298,1894.582
27430,15366.714
98144,543.8967
75601,64113.715
70143,5503.231
147413,22179.354
144153,10540.739
65568,51726.98
13813,350922.16
134007,13865.231
130111,11020.283
13220,17067.053
71795,5582.5938
113088,97775.97
65307,4394.049
46576,2180.8887
108570,7073.411
140170,23278.037
99696,15773.126
134180,6081.4062
76870,14126.892
30233,23870.783
70333,18966.46
48229,41431.484
80997,48364.457
68219,6430.6216
63711,61569.98
131051,3329.5735
124066,15228.928
103922,9379.657
24819,59563.902
43811,5675.159
85014,58313.523
18076,5471.2334
127469,58168.14
56036,9666.06
55963,9212.66
5037,12587.013
33692,764.0132
43894,42245.785
25997,3669.1177
118752,30826.916
58334,15009.884
39450,29770.287
108011,1038.9008
116152,5719.601
26091,9262.039
78212,12942.781
61209,44905.062
94272,15709.462
145961,60936.668
84606,18391.895
26853,24035.754
79738,33694.758
21093,6893.657
133842,133643.88
56570,43082.598
10642,138665.2
115184,6672.5005
19767,15681.146
40572,188091.05
14304,15679.571
10510,77780.62
1899,96088.08
81816,2255.4172
38476,59929.562
50020,5539.562
85303,51395.965
40281,40921.43
43738,7869.7686
52332,36023.777
64902,7459.618
114242,58216.316
25786,8772.209
11757,8259.281
55764,72166.25
106983,129349.03
112647,162203.1
30755,8234.89
53115,5073.45
136629,14967.839
128538,12718.405
20605,15675.322
56288,89807.98
40526,117325.055
81940,1769.7505
41620,290728.78
47929,68189.836
80918,72544.76
139080,27554.107
49269,22059.676
123517,43996.74
33995,21657.398
36340,4189.257
41828,10156.318
106785,8399.336
74266,171791.31
41216,34539.535
105680,10554.078
141407,19953.049
56154,4988.555
5294,38310.832
134203,32183.87
77796,27675.34
72396,51428.51
36209,7523.2646
97600,50168.406
35284,74916.336
68333,3149.565
30614,16629.438
115022,63160.707
63662,69578.61
91196,2078.0042
110542,93813.79
99755,92443.51
120106,28559.98
114434,25492.795
68012,69757.46
29409,16923.182
33382,31641.896
15154,13000.25
70650,68446.25
41366,3672.1394
19246,17384.064
73323,13432.569
147619,9254.179
24370,57820.57
61481,3364.212
16240,40881.465
104868,4139.6777
96829,6909.941
64327,5354.2476
46936,15140.515
132116,19373.002
114811,6525.4243
89992,7806.8057
50521,6855.0
149576,16274.827
50832,18524.105
79877,48483.26
84298,19129.262
59245,43759.254
131354,7400.471
131678,7822.6562
120961,53289.836
37609,29459.13
20631,169168.77
21928,33438.4
140167,6984.8433
90324,169524.6
22105,3761.26
41,25683.305
109477,84124.98
41810,22947.252
108993,49802.535
16112,139252.92
11988,7100.0425
16653,4351.7944
122704,63657.72
95791,17791.986
20355,12204.161
141343,831.20984
8978,166984.42
6662,10998.269
107601,19402.932
109279,6286.1694
62307,14256.433
101241,57302.793
109882,24586.385
116170,8791.038
44583,62751.742
28168,7062.3257
19441,104819.68
15399,206125.84
37992,93655.06
122688,2726.5698
711,56721.676
144355,18870.764
125632,99953.98
96828,18617.504
108122,43548.13
74934,10529.405
78472,95535.51
8348,5634.5176
73911,19607.191
96185,37494.75
107521,85427.64
11237,23116.13
73054,33601.086
110663,65301.766
125321,55611.83
3656,4712.1694
120478,11345.565
34227,49114.785
41189,41608.066
25290,87280.44
38013,1020.28723
79084,21273.295
105511,62201.82
9917,15493.908
62605,79890.875
92232,6128.5044
108187,5630.864
135477,85991.95
35238,23401.756
90255,7049.8833
16362,26927.777
107783,11101.347
51045,5345.1895
82561,31806.994
116700,72608.7
125981,69334.03
101238,18669.738
46373,41593.336
48127,54070.91
127554,3626.7415
63788,46357.53
1233,23372.736
129672,121093.67
88603,95433.4
17947,6440.69
36647,189218.94
11280,79802.05
98811,69599.414
89825,20099.908
18775,61416.293
53166,71462.74
436,64902.043
45357,158880.66
20973,33496.492
68824,6155.768
126197,70447.445
143947,9758.3955
3184,14555.822
175,7877.6987
4193,74500.73
74411,51538.773
32305,29902.85
98826,7757.941
55195,24865.213
142994,48361.734
43112,494.25378
81255,2826.7783
33939,57145.402
61479,16320.429
98645,42968.066
132784,4841.4453
19646,52379.418
67460,39023.12
74216,58380.73
54799,958.12036
25661,29691.572
63909,4920.4775
46813,55047.93
17501,5249.576
137220,6999.17
136095,64363.5
85489,35260.723
94867,52273.05
5375,14797.993
4171,4268.914
48497,3726.4524
101139,86410.74
49010,59512.98
146125,16242.71
117939,32855.234
143550,31281.297
124572,1379.8151
59928,10624.64
49497,57054.47
46883,95199.43
14632,32384.482
148748,65279.11
147754,38498.863
41903,36501.24
23833,47070.4
116417,9008.804
78081,98495.055
28824,92751.45
117764,26596.676
83839,7370.4507
86384,17489.477
94881,96389.63
45534,16470.088
56988,22582.12
44,7126.4673
86763,76262.61
62757,3048.6206
70883,23528.229
13501,10689.872
123032,10014.558
146194,2110.031
57857,34542.168
131643,57305.516
28762,9642.024
115232,3980.7532
11313,36335.758
117778,14830.971
77981,2456.3748
121710,53619.113
129590,48238.812
71533,44379.754
78104,3808.9119
81790,43233.348
54372,49005.88
34178,1396.8951
93006,63008.793
11546,82527.73
118526,18221.621
26090,4388.3438
46286,4669.4717
18562,19643.457
53998,5239.1353
79593,14180.262
101819,10009.766
53098,99288.5
67863,34283.645
142528,20456.908
78184,224159.42
98776,51580.85
75854,11190.048
16436,20687.928
73251,49031.453
145117,28959.086
98047,38796.63
37751,66100.44
123940,16068.604
8862,187666.77
48949,40434.098
93081,37999.223
100848,24962.252
95167,8058.4
109827,20432.607
67063,4925.5483
20950,5935.1104
140189,69636.97
108588,77303.96
28897,7352.695
68151,17796.744
109888,31376.363
55095,46858.246
71101,180280.11
73634,62134.484
130119,2334.526
111748,5427.167
71379,4172.644
115114,75327.96
123948,172147.8
120034,23824.816
116111,13174.608
33469,34459.11
28723,30012.855
22433,64164.105
82444,57304.246
74469,84559.53
74838,36527.613
25539,65896.65
82997,8999.872
137242,35572.434
48167,8493.099
78242,28529.967
116071,13780.267
29524,146430.67
42585,6032.1074
38290,2982.2346
83342,28219.447
24416,77159.4
131856,97041.84
13733,16689.531
25943,69417.54
29873,3505.9036
47100,16589.094
18676,10332.904
108785,3812.9065
126651,63167.676
21954,7513.7363
122657,5746.5444
71505,149294.5
103630,10654.937
97213,8460.95
123505,62748.215
11935,27722.736
113706,11402.25
11185,10290.889
110152,19627.97
38033,43547.617
129223,6700.572
105993,35818.92
114854,22987.105
89733,934.28564
22220,48175.188
15102,13506.376
119500,19013.713
88977,22091.51
20640,11895.386
136297,7024.7305
40207,47649.32
85026,18371.432
149566,8311.134
142540,7020.7974
145775,81767.85
24381,40439.582
107123,2097.2075
98801,10894.268
144959,37785.008
141361,5202.9497
53148,48832.57
55918,31745.168
38248,189195.23
30910,15009.092
76562,119451.2
7489,24368.086
143433,15805.274
36095,4072.1492
129884,148250.53
91941,16590.387
149246,21925.258
10670,18489.229
72550,3839.1682
14722,20049.016
38661,13004.573
144230,25145.396
10106,6128.5044
99100,8024.17
6022,66016.28
88240,17753.564
128137,79885.06
51627,47118.727
41298,3453.0586
102305,36732.06
73879,10739.878
91675,22685.016
63828,136529.69
67738,13051.7705
9017,1591.4355
13803,38765.207
54020,13109.224
97701,12563.558
510,94016.086
90883,81277.97
64066,51465.59
28730,43285.848
80529,29045.646
144596,6029.828
83706,3117.5115
53867,104236.81
30782,11945.208
8190,14131.706
113888,74263.11
111636,21026.354
113409,11200.587
118900,10545.211
140572,18696.895
131934,6213.734
24643,11021.035
11707,5811.0933
57743,9054.212
49663,24010.705
55612,5710.3306
80285,25142.553
77094,32781.746
127895,8703.288
38045,7880.693
36693,9712.813
67014,5787.198
78372,8225.255
125204,15781.601
17428,8909.204
111288,14993.359
41199,50540.03
138491,3541.4275
105525,13691.558
89011,31304.783
133127,37017.098
29520,10803.383
76887,16236.223
53260,21215.248
1389,72345.18
1487,12808.403
8648,13390.1875
140755,9063.237
69294,50890.31
3277,2316.8752
146884,50532.49
141863,4707.4883
25413,117654.195
64235,15065.327
123640,39795.816
54036,61786.47
77262,31628.037
37963,12467.603
60601,12556.851
40413,10673.837
114917,128043.125
55340,19525.559
43252,14599.934
136354,175946.22
66031,32682.822
136311,23652.168
104371,20320.912
9246,39385.37
138642,129367.875
55491,6432.63
123544,13454.4
64471,46226.33
67672,76392.36
113480,8074.1484
10068,16888.424
109290,7538.036
120173,15307.945
14424,85204.62
86661,1955.8192
2987,19940.373
124132,3827.0728
101022,24206.453
45231,60814.48
43215,99045.55
30556,77666.875
98417,17868.023
22069,37748.043
1882,4986.206
88592,25597.604
77002,21134.428
130996,19511.354
126614,34650.51
59632,18262.13
69110,3821.8948
35142,64261.58
61651,16983.926
79692,93968.63
105643,18492.928
5333,115927.91
31672,71094.9
47272,39228.645
35987,7131.306
140522,94646.805
9855,102573.164
105503,1527.3129
37214,75348.65
7089,35662.527
140366,70621.9
58329,469821.75
149094,123441.8
53771,35401.25
85736,12129.722
38506,153425.2
61956,5876.317
5944,34381.293
107969,39594.26
42491,504889.44
53527,79665.336
92751,54205.168
26929,7295.8906
98174,49221.016
20980,2297.7683
5528,14042.276
3445,76044.266
17129,10279.183
77565,48492.03
97457,86597.33
67847,27524.463
38730,5842.107
146759,27845.97
55742,20772.852
3570,8339.482
21669,17764.604
78661,10433.025
48809,1783.3192
119975,7591.6123
83029,10530.762
41731,5418.3228
24043,54869.574
65338,70979.625
49715,9216.444
22295,152324.72
109139,4146.8755
106025,40550.133
119119,17583.152
109715,1757.9484
113807,48205.035
39936,7218.011
75613,23791.924
4788,32896.047
43352,6120.9575
116711,8230.5205
10961,19883.488
21835,23496.223
9406,5884.4243
120053,11678.024
119912,106942.18
62922,8757.028
133491,4153.415
105739,9620.379
55645,24211.85
116300,4217.032
54228,33619.516
17265,1614.0017
62515,16592.148
114307,72603.91
110362,17320.148
68224,38448.42
39611,10005.187
30222,4181.5864
137360,119599.28
147339,20696.906
26922,1689.1316
105122,55530.87
33643,23155.494
98677,25463.021
14360,5652.65
96024,32623.58
113428,4760.476
41248,8927.602
71123,51178.953
54022,1837.5128
69072,803.7568
63228,74392.61
149248,115799.52
89238,37887.36
149543,37341.797
130728,14069.619
118502,16816.586
23560,18989.576
138831,101840.125
118492,3474.309
95026,4014.417
149240,17971.396
44311,9039.9795
97497,10246.078
95629,116477.11
42699,163843.4
17672,2151.2332
38695,11558.737
138647,35568.934
66139,20067.043
126334,12578.207
82058,9846.988
74986,6576.8057
149235,9906.365
2924,6637.562
17792,66029.16
142581,24540.488
94190,12684.611
44182,26115.459
135163,37747.707
102392,32991.39
87358,5691.3896
11221,4866.2617
133469,10955.498
3319,5940.7656
73261,8654.031
28570,161606.4
94315,11639.906
92888,43994.527
123920,3282.9177
133123,62240.484
35835,102222.125
10517,22846.71
54396,18053.938
71365,45063.312
33455,7995.98
58615,18968.027
132679,6138.2817
91386,4532.34
100648,20647.383
94539,31014.227
94376,45994.508
117750,12186.074
34605,16749.504
69225,5920.4443
73560,16044.986
17257,6170.2036
80468,7847.815
1156,37249.94
48221,24538.11
132769,545.4075
144283,5711.0234
9196,13485.775
17326,14094.713
104560,171518.14
1935,24851.531
67781,35123.184
83339,37953.957
107409,21046.635
143274,10859.33
96731,9132.023
20376,121525.555
30731,4543.3813
59041,8767.079
115802,15760.62
72789,68031.73
43305,56001.465
59258,13520.873
9767,127036.53
68269,17761.934
20815,33588.76
64932,111072.86
144477,42744.027
68084,17698.406
75285,133373.45
99368,6964.1436
141681,70087.95
72150,5234.865
108773,32303.645
121127,22590.996
111800,59004.75
71703,3748.1255
72250,25588.445
120997,12461.19
70481,17187.953
20497,73882.78
709,38882.168
145963,10346.076
60720,77566.84
34255,99831.72
105046,105507.914
61040,7738.5513
112501,41996.35
2135,16506.4
65102,51599.46
36494,2513.5764
23310,128801.28
122146,50320.45
88133,24460.74
68259,5307.0806
71954,22576.705
79821,123338.74
121133,5468.9673
19769,3561.8472
41774,40601.5
48038,20604.518
105667,14853.257
59612,30724.695
90351,73238.21
93348,1985.5477
106864,5031.2485
52228,1473.7025
56065,53362.984
44816,15308.018
13439,26219.709
79604,22988.535
113022,36289.477
8967,860.5797
48715,17911.13
82200,32763.611
28110,5062.657
84900,48076.746
65947,4735.766
97294,55848.074
9312,27909.7
89280,16423.463
76300,17643.773
8127,10383.75
101840,33870.566
45343,82282.16
97616,2583.4797
140626,88486.1
112590,37189.453
54177,9991.506
17287,4424.4087
47336,3387.3945
95586,19573.684
106749,2395.8293
92498,69505.16
75147,6363.015
127022,20672.883
56241,41432.062
80163,18677.846
97961,8959.272
125637,61380.188
7715,131026.086
126908,15743.313
132069,98754.15
120749,19453.865
68136,21845.543
1084,7782.268
15565,78025.1
149085,22732.436
87035,269719.8
48014,19552.098
53028,42589.555
135571,6683.75
9091,12717.622
9033,44127.67
64369,44525.844
27233,5680.137
36616,19573.387
32441,6191.3545
5962,41327.305
88423,259.90677
147072,172363.92
118319,7634.5137
110024,14924.356
95263,23264.377
99061,40475.094
25907,7445.4663
22249,80413.0
68946,6354.0703
142061,69089.18
48769,52975.844
97409,13295.066
148394,18487.137
79905,5853.725
13094,39279.887
44046,45770.695
40833,167659.94
12476,6047.1265
127585,10568.557
50242,4723.49
9703,36889.938
28118,11777.159
93112,19448.482
14444,126071.64
21915,1848.5619
53319,6644.648
46884,5390.7856
5226,54718.867
140789,8482.954
108107,29355.773
143784,29938.537
27947,35527.047
146531,85660.67
108902,30139.002
47207,69166.26
121015,16913.46
86845,90521.945
124124,23791.258
75215,9725.56
103314,11489.475
72481,21660.883
85675,8536.563
119623,17035.967
8179,86739.164
24457,9700.956
100258,4020.6892
6623,7771.184
43788,93873.06
9802,18976.736
99877,72993.35
33893,21951.25
120709,122305.766
142524,5632.6543
144259,214273.08
34695,9267.98
41172,19127.746
22460,39304.062
116561,57566.754
31568,99584.85
90538,14973.997
76969,12185.825
86591,6136.8716
99002,26599.389
149188,18409.346
89285,9278.665
89007,6290.457
24818,19437.81
129676,44859.92
20755,27622.678
71980,158887.47
137100,86558.22
23269,12335.529
45390,20223.139
35538,13182.27
147541,16732.94
25541,18417.22
84059,20789.436
50916,5140.722
111424,78144.78
136659,92161.555
69977,6018.373
16755,35509.73
33822,90493.96
89592,25455.566
142262,32489.744
145661,1694.3639
98825,96098.97
55004,1027.4843
95592,4450.2686
85083,13309.833
22346,45704.4
35264,3360.2798
99505,14834.094
18669,1430.9224
6553,41011.82
95703,10383.596
26800,6794.2676
81799,21024.81
52679,12571.039
91530,24236.451
60403,81739.65
110500,5981.89
14720,13688.001
19831,5434.4214
119423,30615.035
127794,8559.637
142302,26645.746
105858,10624.728
85539,13923.657
133194,7486.0444
149074,11081.821
48725,6257.887
31762,7063.67
125140,4868.3794
141451,4327.5337
5935,13615.539
77662,64026.133
63229,32138.312
2761,18934.39
139878,6255.303
132396,122831.89
115877,15072.058
76424,27439.182
102053,96384.49
109147,20488.592
8255,41627.13
99403,51508.703
78182,26543.393
62740,26611.68
135099,2489.793
34548,26164.688
85528,32877.227
85350,7079.7524
50073,12453.129
124607,58391.24
15696,39355.66
10589,47447.984
113184,9978.779
2088,467755.84
141044,8669.825
101995,112088.84
55229,3543.0308
40140,87075.08
24486,75474.74
2474,11092.214
131471,23690.676
136307,6917.883
58284,11951.727
110082,2042.4408
122078,6566.297
56405,70616.97
108962,5302.094
119632,6768.5234
99218,32084.996
79138,51099.133
12074,10805.595
117169,4886.569
16157,24582.678
21236,12153.312
16987,20526.727
83360,17087.38
132981,5015.7256
62774,14399.032
35337,11825.868
55215,50733.633
136444,19259.898
19790,98978.9
104653,122476.64
134502,4804.425
51284,50000.5
19343,56003.78
59678,22248.465
64726,45750.227
94422,16693.504
75181,11809.795
17641,24307.88
26560,21862.494
146862,75856.016
92580,1588.5072
12588,16124.417
51999,21640.842
61413,85273.33
46598,10419.201
84424,61730.285
6013,8428.297
95528,46247.08
121996,2998.0225
36239,67833.195
38758,5224.979
41626,36110.3
79050,17716.174
32026,20857.88
72144,24979.473
126042,14579.477
105395,11717.78
36984,13629.022
93037,50972.44
38591,17406.262
47885,21796.95
1654,31459.77
128414,94203.3
125454,81453.88
84708,59259.137
92256,20920.418
95136,4102.4253
80447,7103.2437
26246,113081.055
13506,23427.154
69892,16092.237
18256,25312.129
38282,6279.8887
111458,2467.5742
135309,28291.742
116927,20915.008
8713,140357.11
46793,18131.926
123911,46050.72
132832,37574.074
93322,1079.709
149238,41576.883
81631,7161.2124
31987,92205.29
129947,109794.695
47777,851.7827
82137,46726.28
57578,7146.1826
39628,3392.133
124663,25925.975
22967,1234.1146
71084,27999.398
112786,30675.053
75517,2912.3123
145578,94182.086
133538,180475.67
102419,11359.4795
43431,5749.3877
35603,13663.948
50886,93029.7
75259,10194.837
40089,7614.7314
40515,43117.926
76819,6066.0
117782,8345.065
8988,26529.332
77427,9297.871
51032,4497.1523
2763,37893.535
122778,13407.042
21138,31138.44
125207,89213.336
64361,18926.559
76711,36358.01
111316,10253.346
20333,64.01771
131243,10552.816
38687,9868.135
38188,28029.027
49062,8553.648
1182,8669.705
133042,12194.987
119565,16212.85
100162,56595.22
10188,7322.539
103651,7703.721
102573,59402.793
39461,7295.1484
73443,9490.472
43065,11362.659
93655,49115.574
47156,19762.916
4804,24625.994
24505,-156.71548
15072,5192.7095
17413,2406.0156
95363,41389.594
26383,22835.98
2055,50624.895
12327,42007.406
41107,21914.445
144957,12069.962
48353,25978.744
134262,35417.785
82111,836.3145
56278,1546.9238
122626,27132.748
69338,26986.654
39882,14130.026
67676,4527.1255
54673,146280.3
93613,53695.78
98968,12581.384
66008,5621.799
28983,28747.814
101134,27652.625
70132,24933.213
118634,2894.497
108100,22813.936
77185,23073.182
42608,53707.37
134451,15227.704
105052,28341.0
149114,27260.041
61438,3559.0437
59417,9985.69
29079,76857.16
41256,9749.227
14181,3374.2524
9253,4348.037
10453,58187.0
95719,24420.492
106940,9111.876
30934,115368.09
2853,48649.965
30431,78642.516
132834,7134.07
31678,41130.625
91645,49255.02
83653,56228.35
138592,37455.33
76316,44471.996
45184,7825.146
80459,11456.257
59581,14383.249
119290,44564.902
50420,4616.2397
145554,8038.21
101658,18081.1
75438,5250.225
124213,17291.674
48907,44877.48
91623,28437.074
92779,97942.734
43619,35760.03
114795,72408.18
28707,36169.65
128712,6281.1514
114631,3556.3533
19998,8672.57
45766,10171.057
98439,10075.562
122066,12000.307
88630,75432.6
124088,40022.312
9858,199033.14
82206,10581.8545
86228,14541.997
102166,6104.151
85184,122510.42
5570,12433.688
96203,9662.7
139810,2441.042
32343,464.09396
105953,24800.633
108005,6012.137
43232,70313.33
11290,12656.693
70636,76053.99
133200,7196.2407
145757,41772.438
97727,41412.7
101222,37273.668
112547,4726.9565
74830,12980.916
10141,64208.91
35274,102034.71
126488,20819.041
123696,34189.598
116744,2300.8418
134195,6958.759
64376,7422.7256
111836,21038.031
68857,9116.112
33652,3062.1785
5645,5054.301
100883,34139.92
60445,93405.89
62375,8609.909
97927,12247.6045
146475,21592.0
46832,16285.329
49758,54813.0
52340,7011.215
35737,21836.617
77739,4619.269
51594,6324.6685
123392,23523.973
142425,13604.807
146188,9177.904
147394,116295.56
55386,56713.156
101876,95355.07
115664,3228.4177
9954,12745.091
36488,14176.665
147626,9037.488
139717,10647.931
147783,80876.96
107032,42291.52
142809,35749.582
5821,62629.523
6968,27404.799
145340,12222.534
51931,2252.7336
32359,63103.934
99838,27572.031
120218,150425.3
25210,32128.957
55711,14573.864
87142,13200.689
46319,38092.125
121386,242339.31
59331,20267.314
88725,11490.7295
113641,107935.51
98748,34559.94
46328,8568.228
145385,16945.363
81829,4167.6035
41074,124270.55
67193,131265.1
123900,3028.011
111912,5550.7886
78433,16044.44
52442,89825.12
23008,10507.31
47381,15441.568
52836,24604.217
82687,11312.1045
77504,46326.254
108824,9610.204
59505,4080.617
126939,20620.771
107372,45703.36
8711,88840.836
61912,9080.01
53611,35148.47
7689,36866.523
8019,61857.97
66498,1807.0092
46761,88979.22
36413,12206.686
81228,13660.487
71853,8951.998
17151,28252.418
48320,77066.36
54456,24828.338
50008,3565.5312
83878,11849.087
136,3906.5273
101310,44200.703
24749,52882.684
71608,21608.113
131394,4630.481
64927,17499.82
74649,10647.638
58863,5591.462
119679,13301.958
137478,44769.1
69080,8863.551
117164,114298.805
5777,21775.854
24622,7847.323
6279,10962.203
58916,15924.519
39272,19951.355
142767,18882.318
105711,3514.1653
20482,53667.535
22574,121460.9
21256,14963.184
66064,8484.961
61389,47342.87
80117,75150.836
140067,15213.621
125135,60234.703
8040,68791.06
118917,3878.752
117087,23122.518
70515,8319.52
115435,73120.76
8934,16040.849
132066,13434.517
14589,15187.493
45408,45391.066
47171,13404.077
8054,16380.279
20511,1785.7555
51483,20487.781
63184,21833.566
34570,4620.897
9774,27517.893
111503,8243.646
74786,15841.915
149680,49398.91
67093,18570.531
8154,30636.111
59729,19193.838
139564,2520.2397
116961,45847.31
84489,5273.9507
32128,24180.59
41414,25966.19
43580,13446.736
149433,16494.506
148921,39463.613
41088,11766.404
131921,129436.24
6217,6916.2134
45305,11215.32
73462,14968.087
69846,53449.215
67066,128794.305
126983,3439.0251
96095,47969.723
58118,20788.379
16631,38036.812
99794,20784.957
16628,16495.66
2425,9108.875
116013,44561.76
1416,34056.4
55464,13391.007
138191,97599.945
807,10953.645
131121,37891.156
80232,4767.3804
97085,7643.5054
12096,1020.7241
83266,52139.027
101942,11482.062
64146,18831.725
117451,2510.3716
104696,31902.94
91793,7391.774
12951,44488.98
87131,4994.1533
26077,10199.558
38689,56481.66
137077,17858.244
80718,10641.936
67401,5730.3335
5736,248283.34
59155,48987.26
91867,5259.715
111720,19012.342
22598,104538.11
32379,3254.8652
65120,48156.082
5412,19560.203
110059,62774.145
146566,6055.193
5910,15806.503
35188,103789.75
37434,1458.7594
30159,63736.29
66718,10446.574
33847,19821.266
80226,11995.006
21982,16271.704
74712,33729.496
133571,48365.53
14352,54935.105
8211,84953.49
63972,12971.911
112740,186358.56
100790,5172.775
49703,48460.953
127186,122261.55
140124,69267.87
15980,10710.518
6177,33433.7
62902,32691.693
36044,25701.928
103078,34580.098
79663,207902.27
88739,51282.926
27067,136625.6
17414,6448.593
141483,304.77396
131709,4538.373
95013,79125.52
38267,29677.588
128524,17585.344
70931,1454.5802
61512,36121.617
7173,17423.463
18771,6551.723
94120,155294.78
139186,80731.484
81365,51381.234
137970,8736.755
49192,17534.3
11184,10224.242
69173,30528.934
146578,14063.355
8533,12295.219
16600,55725.492
104054,96224.164
59158,59794.324
141007,52100.54
86042,77444.98
44774,17030.55
131509,4040.1794
141529,83285.16
28026,62172.05
96734,38026.953
120484,45758.402
103086,12981.118
64276,22723.352
134904,36015.48
6130,19433.58
28231,47128.543
11643,35346.41
53416,1703.6483
6775,55026.777
74744,15249.734
8240,27053.541
90295,48089.117
140055,9893.151
32841,6079.441
44430,16057.912
42778,76458.84
106263,11347.176
35240,15190.318
39748,23001.701
11700,52721.48
74774,46890.508
131932,28410.023
69473,3235.795
4049,10368.09
106367,16241.446
51646,2553.2874
131304,6008.4565
124001,62633.383
113842,31541.902
14891,77170.766
38025,8986.107
54668,52168.875
116731,21880.738
76568,11905.919
117013,122570.81
57439,6088.411
108689,811.10187
58187,45232.715
6307,84998.34
19711,46204.363
93027,15053.838
19093,53626.094
70331,156316.97
90874,67661.5
146789,52596.973
98337,13121.589
53287,4703.5454
10385,11026.7295
76111,23736.375
130420,42413.67
20657,48702.125
25985,82468.68
55854,52077.96
142500,67974.2
54275,3839.9849
57408,15250.723
55033,9465.962
134786,23744.812
15728,10895.617
58562,43519.953
103320,138383.61
44979,3473.4897
2985,33351.02
149173,12576.652
99017,32151.984
147959,6112.295
147066,11882.484
123484,58764.867
59686,126914.414
73614,3812.1375
135847,42564.848
6220,30562.318
36099,16756.004
52217,113486.72
8147,19038.16
36854,19315.686
77794,63803.16
73580,15648.729
143744,8817.038
84043,7872.2812
22024,50727.82
12461,127223.54
41503,22584.367
112100,8807.311
102285,86331.055
51099,37679.527
145107,28964.209
132722,3019.5925
114220,9368.069
2625,34060.727
44451,10327.65
63647,37956.84
106392,13169.48
25713,38847.34
113183,2306.522
146487,11720.499
81663,73766.805
1784,44770.293
53702,2516.2092
103449,87806.46
137771,37619.285
128598,25734.514
18681,43050.652
101505,23366.797
88157,7412.592
9131,7690.75
70064,32608.58
116829,33190.72
40616,43361.223
101343,30812.705
30143,9313.556
138378,18374.041
29480,14238.292
8417,239283.4
93450,23591.191
142529,11173.754
96727,98618.07
140490,22915.188
36431,4561.8076
122357,5025.9053
102090,56710.312
37216,143528.75
147932,15466.054
48057,37024.793
42996,3202.1113
71735,79701.4
105922,25033.36
123719,1450.8331
122602,9676.822
31215,30630.295
11765,37548.93
50671,21752.303
63215,1953.2837
74888,45641.81
13212,33730.453
45991,17941.068
101234,220583.44
39658,8817.825
32983,31049.355
137464,166114.48
120088,107590.2
56721,20953.898
1008,107923.664
7004,82909.78
16210,132725.92
35461,2684.0576
105491,5152.7085
45832,6262.1875
137688,3098.9631
94149,4801.27
111360,6577.422
97569,50560.32
136891,3840.1462
113008,5999.998
138709,54930.617
124710,97973.43
78260,1454.5623
99082,73532.555
122984,40320.797
147913,78289.67
147987,10201.209
35093,42907.508
67135,3808.3325
109457,119573.766
95217,5932.2134
5564,12609.794
100296,24121.506
110142,35504.64
81719,30171.9
73073,7861.7754
11315,37951.64
7453,98326.06
23149,47442.78
105335,2075.4587
142886,21094.605
61313,24791.502
79670,38588.848
96801,40648.234
46713,2441.7717
66314,36679.293
46169,64458.56
15413,54553.535
18656,52009.87
69168,8538.618
118173,1804.0186
18294,57836.934
84373,25986.402
76845,69340.36
112416,3576.351
141576,14485.892
119518,19047.572
96199,131139.89
110459,22690.031
34926,66050.945
34952,3406.926
142002,210034.31
34338,353636.0
91813,4566.999
79984,2670.403
39163,20634.852
123956,6973.4536
83988,54742.98
23118,26226.998
25282,96874.06
106315,13692.719
128529,50263.457
71922,9946.818
62771,30152.46
19941,152927.97
77575,5560.091
98503,171152.45
88093,5617.8174
114626,33557.797
47539,53016.36
53834,12332.953
147490,30497.361
19817,27899.658
127598,58141.902
113590,138876.11
71739,2401.1284
77634,3725.8242
127138,23796.682
12015,7367.7817
36611,11150.564
86966,47901.812
7042,22069.783
46475,50396.582
57725,17966.35
121746,50546.8
1180,45244.254
139783,5785.061
77400,5354.0776
32546,13710.73
103706,99025.055
115791,6667.8237
17210,34525.27
78847,16676.525
10885,17349.82
21458,58631.8
137377,18479.14
123425,12738.049
34491,8689.805
47787,19081.025
35012,9396.658
146934,1997.8293
28234,14388.519
43784,56835.387
13175,35371.445
93817,16904.719
39656,13559.938
21016,24864.887
128849,72585.82
58447,11801.121
121720,27234.008
18161,1696.5371
94996,72577.74
102824,85963.77
118019,54136.06
96501,69696.016
51158,7341.6533
28419,33384.87
124314,2991.8599
140336,6816.8516
117056,141291.11
109586,99419.58
124810,28255.607
34917,25884.5
30756,13660.183
62084,118561.91
60475,22295.684
82393,50459.24
18149,30632.973
11718,33289.363
129851,25564.207
8045,8425.878
137346,55509.32
94911,27996.6
46907,45138.582
132118,194868.53
113223,9516.419
134430,51088.41
98187,18365.816
5077,39061.887
45423,54535.195
135187,13810.293
81480,6096.9756
102695,17361.771
78907,30759.531
60031,28296.143
34874,6413.363
120211,10755.225
121385,11769.2295
57207,27352.674
14992,16984.531
18869,46497.438
146540,14904.151
53975,113343.67
132519,82191.24
6650,43730.26
81428,29841.98
75118,53879.87
113388,96360.32
78136,779.22534
39808,45611.32
139184,58411.83
143217,27810.428
57570,8942.699
89294,281115.0
79419,91765.69
89008,90967.625
99117,8189.9575
18164,5989.674
143091,38090.957
10019,25499.088
132534,120352.12
21530,200707.84
62196,10288.241
33537,14987.274
117388,11499.021
15313,20555.115
37078,3199.6575
113293,6307.3843
4298,191380.14
51384,10188.149
142503,6265.4834
69551,16956.646
72412,25665.055
141941,30617.465
54525,8509.44
109742,98294.26
18598,46660.383
28391,92853.04
88658,99436.88
147752,8290.19
65011,4114.9014
149118,5592.912
24373,33302.617
140812,69545.28
123384,6814.0674
76864,2848.903
129346,15121.86
9579,22775.29
104007,4294.5503
126793,122604.44
135890,4354.2373
139567,4209.2505
22479,46255.055
115239,201818.95
37302,31645.145
91293,5465.7393
91660,48523.387
80965,566627.25
22953,72438.71
76246,212115.27
47548,20720.3
116440,6353.653
37545,13974.997
92109,103900.79
85460,21025.582
43415,11651.996
119264,64579.395
5824,11330.224
48748,30657.07
17861,6723.2554
70909,135644.95
148760,24977.887
136498,7775.5205
106598,56199.18
7237,54340.96
111880,6335.8135
29308,9826.016
60956,44572.3
78591,56087.39
44379,4000.4722
37818,2803.104
126321,78917.195
65625,15106.308
46455,14115.213
119922,64493.97
122145,8384.989
61487,1776.3716
13569,12754.447
74858,42344.656
77704,2480.5356
32670,56917.887
58745,4961.6226
59424,1532.4183
146835,15956.518
30771,38503.258
147943,3683.713
68699,5771.6963
141181,37453.12
60115,36943.902
70586,6200.9307
108010,18722.951
31073,116213.484
30484,20701.053
121618,2334.3486
131101,5157.0654
88005,97527.42
81817,17838.43
143196,15530.879
96181,9477.617
39537,11381.297
70220,118885.06
70271,30377.877
87800,19250.34
110176,5523.5957
119790,88414.77
121903,21711.41
69327,106483.28
4544,2097.4995
112139,5304.548
38217,46221.395
98930,156459.78
17450,52593.195
98985,23739.943
142838,20630.738
116945,39971.81
72400,38408.074
103371,21186.973
44103,34609.426
111903,24760.004
42562,29083.484
21557,5526.6826
3032,98298.35
132859,15444.49
84406,14196.218
17703,76751.46
29196,109599.61
30952,2334.1216
44770,8090.753
110292,18093.76
70888,9347.334
39493,7452.4434
115938,5582.5938
112608,42672.914
108905,11435.072
94984,30369.262
108560,48033.938
38529,6311.649
6736,7505.7573
2367,26900.992
88377,140672.89
85122,32597.604
116805,16571.682
57146,33070.81
105089,94839.016
110881,6858.986
93323,44820.465
44541,17822.783
11543,43306.29
6859,50002.375
91570,197213.73
15752,51703.375
79585,33258.508
19145,39043.242
18762,22784.809
129687,67667.88
42511,17875.475
77146,10534.124
139234,166913.78
45564,9992.832
101791,86560.3
59367,52786.37
95464,94973.14
63438,72397.04
23028,154613.61
98343,55296.484
107827,7751.775
27467,18395.283
19609,19595.596
13198,41123.31
93883,110633.96
50369,11556.843
132645,13066.937
142657,22951.25
68593,28489.336
139973,52389.16
85989,19388.078
7799,21756.547
111612,41507.957
93150,18352.2
107897,10041.041
22603,2638.2957
127142,164596.28
70138,5759.5205
30995,25012.625
134714,4567.096
135854,53569.445
101478,111511.94
33559,99705.26
4979,137517.75
31641,15307.651
13356,12105.388
134193,48103.86
28525,7401.747
130640,5156.4775
89694,38334.36
39522,8329.823
103846,11350.392
48831,7485.5137
707,6453.1426
24056,31853.412
134268,5247.8633
34469,21702.719
105899,47265.395
134261,3641.9075
124668,23947.719
130417,17805.887
119992,3761.8135
81673,26420.625
36426,22354.37
105398,4320.7837
3608,57568.156
75675,20186.115
65353,15641.57
98905,79016.2
87932,13190.558
40380,88945.77
59078,7764.1157
43084,53061.26
90820,26391.518
104739,171325.89
142517,3252.123
88002,29308.904
116631,6164.9688
31259,139274.97
74641,75465.84
148429,13912.956
66682,18662.713
72193,190033.28
123514,53582.465
47102,5219.3447
137640,110345.055
23475,6286.267
139598,44853.113
132062,120009.266
96937,42473.855
147263,15285.963
6818,9236.421
78975,54302.273
127924,8048.486
33300,9450.756
23413,4359.4697
31186,8739.445
15504,6549.6567
87987,8494.476
138252,57016.6
133256,2335.4358
114193,29179.002
142619,9717.285
31233,66080.13
13872,21492.7
95418,37474.363
42158,20655.678
141051,176328.73
116272,66582.94
45785,86453.37
98984,5012.473
146467,105086.61
42350,177963.77
13478,88354.93
117500,11090.797
1269,34781.926
147694,32306.887
109860,3804.8005
86877,12041.751
129452,16882.553
39052,11696.647
89559,34074.2
36316,2215.168
84514,10875.378
120563,27020.863
70900,31836.682
127183,88570.58
34941,7718.145
133874,22118.904
13859,42416.953
3855,7762.004
147095,19857.953
145849,63139.652
117144,17417.352
83376,11413.451
125303,46965.508
36230,9006.622
51978,33833.01
57885,24393.713
125616,42216.67
3818,33974.4
126631,18411.336
143818,109725.47
27738,9114.453
109418,168125.0
25806,42488.91
44829,31012.113
114209,3519.519
12218,32324.812
138422,22441.115
148886,55195.57
119531,87960.43
101637,13168.619
116257,69814.97
14316,7196.861
91087,43822.906
40085,3841.8137
105349,119998.98
67874,9453.349
136828,110430.15
95135,5668.4346
25754,41955.973
104733,7037.857
130703,23119.32
24798,18307.393
33871,60048.86
137836,1555.7665
64658,10462.584
107812,5012.7207
20891,75390.28
98298,12990.006
123654,29702.242
88032,14624.98
40986,6093.107
2016,3358.5461
32723,91355.72
39208,6994.684
100901,119089.28
91696,4175.3496
50527,39514.867
126575,6064.1733
61861,83103.09
91242,27195.105
110084,51519.812
19255,388724.6
136050,82409.516
11308,92616.72
16846,7273.132
137276,11520.377
89834,10071.373
147592,46413.58
26324,19225.287
18252,9988.193
37727,7995.6953
57824,6102.1
99835,124230.89
103331,16658.82
51813,18704.78
46682,13015.327
46261,811.19617
127185,10978.323
129360,17488.213
50074,10725.034
97656,23109.635
65786,9331.495
94439,148226.42
51938,1707.0
18564,15072.731
119547,43810.723
60360,5877.7686
63856,125406.94
149811,5942.3037
47924,32696.371
8745,13963.785
60847,45385.46
98410,10841.23
96588,27666.674
26174,11138.186
72222,102838.48
146015,151344.66
144644,14923.622
2982,12453.578
123089,29882.752
126554,4058.3176
57968,13794.229
72843,42558.87
120241,16773.455
26747,13405.848
113204,23053.662
27498,26656.646
42688,78664.29
104484,43602.145
110246,9974.043
50446,983.3022
29470,5625.138
66067,11035.565
73440,3331.747
109185,31198.824
3894,188557.98
148931,39752.63
55886,40742.99
33645,24746.424
13844,9257.407
135373,5881.4355
75083,5039.2573
34081,82395.01
56931,509.41873
106292,73472.88
62938,8657.671
104832,195301.31
102545,9500.913
25160,7527.1484
60629,94132.29
127802,6859.913
89475,29879.94
57205,9256.022
20271,190562.67
101885,12735.42
117019,6725.42
122835,65536.125
133415,132190.25
7758,27694.16
36643,6902.4565
146224,7543.596
81870,9913.721
67977,13439.03
129009,106264.41
72831,5226.027
108568,22851.49
126315,119556.95
141078,19974.027
53638,30472.01
132577,15414.56
74230,143547.31
11361,55024.254
142110,11176.831
84361,19224.32
64501,5088.567
101711,76016.81
19782,1252.4026
44538,9184.453
34539,22550.545
106506,4323.2095
87307,13885.695
127231,762.48816
111349,11723.54
143705,48997.723
55978,37349.88
117558,5470.7856
105362,326903.9
32336,10893.544
47621,15760.526
120401,19221.156
71088,13501.329
42607,24741.041
50024,141445.19
7307,19124.293
2479,20650.527
68565,27813.0
33246,12108.721
147436,86868.46
142659,7477.2695
126170,36030.9
17004,9531.87
53934,27787.79
67020,16911.066
9062,10447.673
80035,35093.457
120978,94423.78
98025,10605.223
149935,68940.85
32072,94965.17
129217,26848.95
74878,11472.689
78079,31575.129
127483,176847.9
21123,56101.836
102265,10324.277
28227,28807.486
115447,47501.176
6317,5638.761
7823,21047.086
134357,22001.783
11792,148835.28
49198,9715.4
71975,10494.739
111904,87019.625
57623,3398.9705
45183,13367.314
105357,26273.137
4896,177757.58
67393,6690.387
120824,6594.875
116292,18588.896
114540,30346.11
95863,7307.779
75301,2222.3877
141106,19286.004
22381,26671.281
130739,8525.408
14221,53642.57
141212,46714.914
107947,2237.3835
5055,25461.912
108271,16719.402
33693,29676.156
36448,9487.204
24948,13419.158
135984,33813.332
129156,29935.416
33445,40617.215
93696,60130.17
102892,18259.379
53650,11831.218
3228,64946.184
146395,19162.113
103742,14305.237
111087,7078.384
119861,3993.484
54965,23033.566
75791,1187.4786
102492,96798.2
65283,45322.234
129741,23488.6
90316,8313.666
114955,6413.842
89612,9076.447
84033,12674.89
87053,15778.261
30531,106546.31
43673,32388.271
136703,76874.99
43769,5432.127
103104,10037.808
9095,54353.934
2765,135120.02
37748,159684.61
72082,19100.955
44629,8930.904
40247,37204.15
142976,44735.66
113820,41249.293
12120,22719.23
112226,11032.153
62378,8724.992
100410,9681.229
149585,48595.152
96923,165245.61
117278,28020.102
85114,30101.71
58108,489.76895
40910,10576.344
85622,25217.2
102033,47869.117
144432,9266.272
36332,124865.52
99447,33906.008
39798,6348.541
115275,6302.564
142673,45601.95
87621,28283.482
136902,15596.955
41659,7512.342
56091,5495.4854
99354,85683.27
42260,36849.027
61919,28873.168
14323,57538.305
59304,23372.373
12464,11222.006
25928,350.95834
112557,53216.14
137680,22547.232
75264,42376.605
111394,86226.92
146264,8363.5
108131,7613.6587
21205,6355.8447
49737,20662.408
85392,10454.084
35181,162163.3
16106,2607.4556
16310,4351.528
68250,10717.352
94768,39896.63
72571,41638.234
2321,27149.428
96512,109839.14
66659,12387.423
103764,36100.19
44877,55892.25
2472,79547.836
149809,64862.824
80095,20055.445
79370,292441.94
66033,45661.332
96738,5402.0034
68369,24432.201
45217,4387.051
84664,7443.0986
139209,37196.48
64722,13272.752
79824,9365.84
106585,18461.293
30803,15125.946
107328,8427.011
15292,22213.432
132607,8106.3696
63543,101144.14
80472,28620.0
14202,30336.635
1187,28676.52
124641,8924.095
14004,28884.918
125682,44709.375
110691,7275.375
38794,5468.6743
21134,54761.805
114903,31649.734
59378,11802.866
120134,10615.784
88366,391144.66
10165,20777.531
139788,52055.207
42139,1325.0737
140354,6093.719
96153,145366.75
3672,31540.014
125402,10518.593
23345,21673.48
31028,124154.98
49461,3257.5881
18873,54967.336
95481,10707.692
84453,8965.335
35455,22592.732
144842,3520.1182
103092,28889.68
47490,24243.238
53759,14894.321
21285,50214.617
34569,2643.9663
130751,21887.555
75722,5861.9175
6945,23036.258
47036,41109.492
54101,60599.133
66786,12038.357
88411,87743.88
23712,52106.68
145641,74981.76
106013,32245.021
26809,8848.873
125241,16597.465
21187,5930.3213
131172,67607.586
16851,110535.19
90575,31847.785
94507,9738.045
33271,6601.4473
68179,20450.129
47697,8190.8066
72531,171719.88
89769,5550.8306
43881,92574.22
144963,11178.504
126731,3690.3564
84679,22005.006
121202,18135.08
101660,26093.037
145829,1074.172
120190,26978.771
14295,20631.857
2381,99854.67
26173,54214.426
27599,15444.856
114393,41943.094
106447,3767.2578
89397,39273.92
65626,6701.4023
69628,7937.9023
123636,44024.938
90569,11329.403
114809,12083.443
128297,16930.756
42070,17706.379
54757,4078.7961
131110,2125.0654
99206,30297.1
36380,9762.566
139873,31581.26
10566,24605.512
75592,16246.107
99163,15190.609
1676,26571.842
106056,59805.31
21050,43899.312
93649,14320.517
42601,10474.076
109622,18461.895
63084,33348.805
67238,19336.621
140981,35351.977
121584,120448.4
82988,1189.7001
117366,63441.156
31625,9999.294
67508,3375.0889
47698,21465.309
40606,17202.875
8298,39092.82
90979,5815.5317
109243,3951.5918
55678,6562.7954
136682,35930.285
27876,3880.911
16530,7334.722
130189,16018.988
83181,15716.314
91885,23287.953
135129,808.5893
52261,352001.12
74949,4039.0105
137009,27907.984
97647,56208.734
23303,77078.06
32195,16405.771
19944,49933.746
41044,63966.84
132536,7599.8364
44948,8800.347
43652,8078.2905
124241,63599.84
31880,31051.705
89893,11798.75
1866,106999.75
89898,47567.695
26029,51461.508
51256,38025.656
78635,5128.3325
146907,467131.03
88985,110393.81
139427,188753.83
85645,12910.812
88742,30142.96
119958,15473.577
22847,68019.305
132324,30959.607
27587,15080.332
95427,37502.688
21077,100636.32
66630,12315.7705
129523,15617.266
106953,10637.328
14071,2097.2659
140096,12792.627
68726,52836.8
73086,71568.03
105297,79875.69
64994,5676.047
106611,26086.86
129878,73.35321
66034,14620.399
33948,7300.4414
52463,5386.6484
45336,4086.1853
149149,11758.233
45078,52308.57
106301,27194.754
130200,33295.645
4445,5535.9956
20203,5418.2065
139531,13774.355
27090,24351.807
105039,37015.723
95002,58187.793
127316,15673.066
65703,20003.035
122495,67144.69
44635,115717.195
128892,2857.9976
108390,29278.717
50200,77270.89
116671,10884.036
86223,8240.982
114816,9238.1455
85731,8763.396
101362,12893.188
60842,51102.016
38667,38151.37
134001,119540.05
79291,47949.758
78693,15025.395
21410,17012.482
60183,11218.307
61346,11462.97
72494,42249.215
121849,4083.2664
18787,39270.188
76489,6200.327
113920,9409.486
99959,44873.223
39409,3479.1719
20310,26252.383
134478,12793.667
35641,132797.56
49417,46186.594
148917,7211.2114
50635,49467.13
77859,47332.03
140685,47151.81
40194,15045.208
145801,2022.6013
3516,19147.852
109949,13273.351
145548,22332.777
52700,30720.447
88404,3656.7375
75062,6636.5195
109968,4785.9214
139117,18388.834
97089,129002.484
10604,2645.5408
89578,20713.232
141383,15423.824
19126,16316.467
47092,29250.99
7012,122109.82
83014,61428.344
84910,5480.712
125595,12964.211
126928,11489.055
126942,4995.023
76685,34260.754
10687,17397.738
64195,16953.094
7213,3540.099
143331,11833.985
72203,30062.832
54651,41733.98
95241,3811.585
58180,135974.61
109814,7091.5566
118950,209324.45
25658,12672.601
10616,906.7886
26915,60760.57
127799,37076.242
63434,7533.1167
67934,26014.326
99529,10888.673
117435,16120.442
113893,28707.379
137359,84114.34
26346,15794.891
54604,11884.832
105087,5704.26
138475,22067.955
34762,6682.929
48171,55175.523
7986,86662.87
69821,54335.14
94852,23816.91
22841,90278.66
65293,12614.023
24221,21619.656
25700,59064.668
101543,2927.6187
62107,10132.612
56772,18644.277
34958,71064.39
113328,6027.05
10474,8984.983
5471,21398.582
7457,126600.586
52449,4166.6685
90269,87549.375
6748,20368.459
48636,12042.007
11828,1737.2018
143041,21432.182
57372,143287.97
140242,23055.525
1760,5174.6885
111751,11849.198
70843,29402.422
42894,6237.481
135442,34540.3
84107,7770.332
49628,12992.306
120897,79557.83
125838,48419.438
76975,7558.643
45953,29434.375
12088,8802.439
77951,21489.197
53529,38094.332
79846,1986.9474
131675,17840.45
66824,11510.37
70063,31607.492
138064,12345.663
31378,32574.146
27910,21849.322
34673,9002.617
72300,19433.262
83412,3142.3997
98822,148036.16
69508,15542.072
47927,8671.506
90660,17882.53
55700,5132.6777
71412,33001.477
45082,22660.428
85191,20653.271
109021,12150.287
110076,39339.49
122938,68644.945
38229,24596.16
55243,46777.258
17275,23907.527
144241,110283.81
110590,2386.1575
69537,27305.443
91715,66011.45
91322,12081.547
74908,82579.805
6311,46439.33
144390,105451.44
8304,51127.617
36822,11070.912
53221,59745.895
58403,80392.164
93477,23512.555
142776,5769.118
67019,56979.305
16138,7684.85
34687,47813.375
128436,6105.4
23939,8471.278
52640,62661.945
59996,7156.342
108615,19798.412
17433,4591.8613
47119,20698.984
141776,96905.29
27568,30827.955
132749,93849.83
90588,14660.55
149372,28494.76
121428,6647.48
21826,7391.359
66523,7257.8843
6113,29702.613
21125,14682.153
63287,7299.412
82969,32020.47
31273,111331.6
85007,5557.078
145767,15571.905
93012,37761.504
21136,38289.863
97225,9292.456
104412,28225.277
26534,15902.149
15856,6206.1426
65383,19284.322
86926,64915.133
64755,7868.72
19078,18889.031
19734,5937.0093
47472,105274.09
71491,13942.956
19815,3097.9712
27932,7994.6567
62277,22922.602
121697,10496.886
98820,5710.723
142065,7088.029
8238,3685.623
25045,84472.51
74068,57970.297
94939,38936.777
16962,17159.184
2383,106290.39
13648,110304.64
19866,22666.834
17706,5396.039
112830,23052.826
32363,17817.008
20871,8526.327
34650,69952.97
80158,19764.309
9897,166637.75
99350,19532.557
80495,8267.165
78683,61292.668
78295,22505.129
48408,125287.83
12100,1153.6508
39437,52325.86
73926,8723.8545
52745,20062.777
76481,219992.69
53060,123363.49
100407,35406.45
38686,20414.504
63623,4348.315
112694,53147.977
75605,76757.85
134242,8792.883
10769,25561.0
83561,1408.6079
115319,10338.649
15023,33137.43
82379,181379.25
72179,63242.39
135877,16458.049
128780,16022.484
114378,66177.85
77116,3289.2139
558,12480.668
83153,21745.172
54493,11561.817
113300,8174.433
19653,22211.555
35237,13780.744
128723,9631.252
136948,3612.2478
34163,4588.9424
145597,14061.557
13708,48351.84
148235,67694.06
53512,92106.17
47260,44985.062
45698,6883.7305
128930,1881.9365
122270,10900.521
39964,21586.56
90499,114011.45
109926,89080.37
128329,46624.18
52364,40032.93
104011,38372.652
101596,90766.78
118368,12604.785
121177,8461.704
66367,12273.992
63371,13275.01
136045,1778.5347
79004,25169.309
20667,6147.847
20351,16958.188
3263,29239.691
54180,243888.31
10540,17074.914
82783,3429.472
41313,13042.748
128442,11281.506
44152,11341.19
124380,179693.78
132872,31379.365
65574,46618.023
82203,53741.277
48932,10318.258
24766,8470.175
71443,30229.006
102741,7724.606
45581,24852.764
53746,11965.83
39651,3218.537
47206,45581.207
49409,31876.219
136851,12343.443
54848,48524.848
41108,38511.164
12624,13108.581
87561,57784.24
134206,40335.188
75710,10220.587
119476,18982.11
101321,56793.867
72938,50878.195
75080,40424.957
80327,38190.496
83965,879.3143
92874,102644.945
18153,12844.343
133640,11147.574
12650,1252.8004
52170,8066.9424
79954,69971.85
132564,90312.18
75004,49989.504
52665,11992.835
48134,18509.764
58195,57856.67
114692,9201.843
46085,6192.754
67232,129414.99
32435,40010.22
87764,28982.832
32444,10807.7
25337,61135.062
38411,96215.65
5705,8666.658
56499,59509.773
96813,11285.073
53493,13558.934
59698,43892.957
63893,7342.969
74432,47265.48
79885,13989.439
15226,312535.0
104309,8196.988
128832,15886.421
7271,6704.9243
36731,67402.47
136778,3101.2637
141375,60406.05
19108,83375.13
2986,5380.9497
29725,11056.65
57689,25459.393
16997,4473.7188
109318,36477.168
108215,5359.982
76542,43395.152
101355,67014.4
26237,47474.445
76549,16264.23
133388,115878.695
38489,1331.8594
108970,13293.614
28561,47606.11
83101,4471.171
48405,976.5651
122635,12937.816
61660,34518.617
132693,1797.2169
26286,6606.109
70142,108114.4
113238,16094.82
101528,18436.492
44561,10163.769
23173,97967.02
7711,21943.479
65056,87931.65
36714,18401.2
74164,18475.479
22672,129054.58
57576,9883.981
44205,43188.375
126747,15483.016
144409,27829.51
56528,20377.078
88558,21274.08
145770,112679.555
81270,12227.773
112998,4438.7437
142471,30845.223
46621,8674.436
94536,82319.63
111164,11584.227
118273,8344.532
52961,38854.56
30797,165987.88
66441,29685.723
14521,7588.753
91455,30376.262
141678,24920.996
72335,14452.1455
106045,66950.055
1661,8992.833
80987,22931.232
46921,13610.818
120875,65231.934
10410,29879.969
133718,40337.633
144878,12003.06
31078,26334.557
60777,184696.33
64272,17744.656
51189,30981.797
59009,33180.383
112446,30258.836
5146,71483.78
82719,11245.69
62166,13557.286
42563,5595.9873
16071,2736.0925
59980,36108.01
1136,2540.41
27039,6711.0366
22155,27319.578
126372,103609.44
127766,9408.58
148745,11681.829
130480,5287.5044
79441,10927.038
6313,9256.087
128150,13258.975
137442,19230.27
39129,12444.082
22804,9895.54
59610,5139.943
23786,53054.25
26410,19390.623
33103,21976.838
102658,8548.788
27281,8076.3438
68441,12514.529
109109,6525.0156
10226,24524.703
133559,34801.79
30509,57290.016
82905,4363.5825
140772,4007.2852
53025,65508.316
147614,29509.46
97937,31955.855
40658,18637.97
10978,10087.707
76574,62418.67
102974,20943.86
136497,28844.215
122654,51670.305
27690,47604.867
82593,29024.701
95425,8836.719
80280,100941.37
56173,10982.47
134857,28510.691
67028,7251.067
15104,2063.4014
5027,150018.6
114061,18445.768
149132,78879.055
116617,116232.29
79448,135993.25
86446,15755.291
15939,1940.0837
143034,74217.25
35004,11898.751
140244,6654.6807
9133,112653.85
2863,20566.29
94975,10055.867
132514,8086.487
109543,9948.67
20800,43473.83
4132,51618.19
39896,6544.8145
53941,6709.587
94425,23737.082
58809,16080.827
78596,76165.88
108057,67780.92
108984,6577.3706
74904,15398.728
4065,5675.405
68078,31186.38
69073,17225.375
131961,30763.951
121662,11811.593
103186,10297.799
106332,3140.596
107965,12843.25
131016,33149.375
74281,29396.182
39485,83889.336
65966,59669.652
108664,94573.13
76046,5613.9854
73389,71686.92
76534,19871.502
33521,5769.487
144405,14740.37
148070,271707.97
12160,33735.22
128883,19495.12
90452,38691.176
28261,11252.29
94464,10096.81
2944,9767.021
16784,127544.0
48818,39953.8
134565,5599.3315
103364,16618.441
57403,33043.86
100338,110143.07
44330,13825.069
93236,120704.16
111440,99460.91
148956,18283.248
128881,16329.679
25646,20054.346
15715,18359.334
146172,73719.8
30795,19389.7
12911,12831.446
99979,19549.754
52724,95687.984
83892,7855.662
26418,4417.2715
130037,109570.45
80131,29338.205
45946,8226.011
6137,77573.16
28511,34830.71
106633,7646.1455
52200,32355.842
113433,123050.14
40477,38596.215
16162,32309.143
94763,9940.671
100090,12339.537
42026,47614.37
106492,22559.365
115716,3548.7893
34528,7953.14
16753,12999.737
29250,14574.84
5616,57797.58
72084,5753.85
108046,10221.129
115225,7189.809
76979,21171.008
119375,8026.145
40894,4167.148
113393,5046.586
4169,85386.99
33987,14901.56
2417,8525.855
148464,399591.28
95635,15605.675
72951,252169.11
106299,4741.9165
96256,29783.254
110651,63926.945
94785,7100.0425
18142,25142.066
85913,12336.295
83882,46672.984
71559,38598.176
128197,31245.533
81499,71992.18
128219,33245.645
132318,36294.277
27184,11851.348
85729,165600.52
41277,26973.242
72403,20774.422
149633,26877.598
41989,3092.5164
20894,1962.8429
45226,394459.84
116115,12089.881
142946,8963.497
127537,113306.83
73051,23080.295
138023,101617.78
30746,13065.903
71650,5642.3022
119452,28953.918
28946,230668.53
146062,72598.79
10262,1264.771
18746,35853.867
38827,58200.695
44726,63012.465
6387,1012.69934
14097,94741.39
85358,18683.4
52481,134731.81
31243,9158.214
29700,8193.879
148437,102657.914
106128,137590.88
23980,11901.813
35289,25264.92
68069,5590.8413
36924,23949.324
28791,47184.207
128287,11973.545
142732,184067.56
98641,39203.008
60994,9067.108
17164,2176.7388
9907,82045.04
140087,36831.938
44128,6686.4688
87246,2401.571
48371,3567.2598
105116,10410.888
29478,8254.783
63416,22871.566
147590,47631.01
92926,20959.059
66212,3749.3489
34675,90943.69
65981,36424.15
19551,3732.059
75709,11217.763
47982,71250.74
70965,41086.273
135549,16566.38
75734,17623.615
26337,16895.078
92149,17959.54
129959,73636.25
59823,77285.42
101116,26689.543
51765,9839.79
110963,64835.492
111988,4033.8992
88675,13457.402
146157,9595.776
77668,8582.075
17766,16137.802
39206,14793.005
119840,6493.1465
6713,47071.992
143828,30070.908
59476,55896.156
100443,8311.582
134027,921.8081
144922,10529.95
92683,32173.547
118036,35461.438
147421,9722.559
122126,26333.33
91226,10156.857
82042,58664.016
58214,36846.348
31071,3526.7388
87592,38700.92
119582,253218.36
131013,11257.426
17372,32474.945
58224,22449.139
69827,19141.521
122315,25930.559
54199,97511.56
115105,14948.959
108818,9840.403
98441,15922.09
82536,61382.418
68017,2150.2878
140398,46922.816
6324,57038.402
127786,15659.187
133030,57941.633
145923,8004.4985
84656,40305.004
54567,36297.73
101318,15313.623
68749,102549.34
39542,13979.7
20406,24013.95
84189,13520.769
42114,12622.271
133358,9459.186
102181,21587.18
51515,7236.799
90972,21859.662
113960,165760.52
37456,60846.145
140183,98617.51
29050,78230.99
108173,159665.73
81476,56942.16
20001,26258.348
65291,2760.7373
17157,86542.086
80413,12442.164
119575,94140.37
89107,62838.3
45603,75321.07
117654,145474.42
86488,21198.527
20986,10619.631
126925,17132.742
93643,24230.605
105340,66527.62
143962,18968.027
135122,11370.774
105501,45715.105
15374,209001.89
77329,26399.393
71790,11319.66
35905,31107.238
10940,19248.33
69067,14229.649
26326,6818.512
101710,134067.94
130877,6609.4497
33412,12720.163
138483,23986.695
10957,2942.5027
45350,108292.48
85335,64413.047
99197,45691.938
96302,50084.918
30189,13327.714
15830,8306.326
95242,1457.5294
44449,14305.495
75224,15923.717
99429,5214.566
94245,6185.0576
22237,10160.078
14,30283.336
45846,88044.05
1808,9947.851
70174,147176.36
96980,3619.998
84897,45073.32
109681,17804.709
24238,6372.7197
21583,34147.12
27745,21206.482
27468,6287.1426
113598,429.9445
72422,129517.12
39597,15581.795
21599,39660.977
51762,26888.24
28466,13474.615
19192,13547.527
134420,12968.226
63349,25756.629
99361,47391.473
6057,9354.804
14161,11625.706
68353,18671.531
67267,11637.027
30475,46173.242
67079,4530.688
41117,6149.955
121639,193975.83
6656,226253.12
142063,7350.969
112486,128888.055
25993,17410.264
20827,10731.94
4436,53495.348
138782,19185.389
90888,10645.419
120442,6016.5303
85333,70985.586
145355,116605.44
79706,74263.13
13782,9405.715
70135,9237.645
53173,42564.156
126798,9832.042
98067,119062.72
13086,3282.1387
135440,136066.4
43603,44499.598
80430,72215.6
132657,99558.97
58940,20125.96
17034,4058.8284
77208,67886.164
93250,13554.781
22395,41570.223
60130,7967.6045
130892,7877.69
108647,1281.6372
95658,78625.805
31516,29511.914
109514,42525.938
93269,58993.086
92108,23583.068
95775,8695.18
93182,155293.53
129589,10408.195
11235,31405.764
130001,76087.74
83115,6904.341
95309,98451.92
33343,44004.957
15907,68859.38
140090,86093.46
95570,23379.791
80847,128326.22
109137,5452.746
87673,67442.234
14833,30883.303
69102,36553.734
103551,36549.58
70478,8099.4404
52436,3436.7493
18072,109764.93
36631,93748.03
54802,7550.1094
3498,13905.328
107229,2997.2458
146960,39224.03
106762,4246.6997
133578,43290.94
49705,106960.805
94514,11512.809
80582,7140.883
123368,26573.992
29383,99028.016
145952,455.91733
91703,29993.81
110010,31868.777
147512,5016.046
97667,75666.305
116457,24465.66
144505,89278.23
138528,3905.2317
16337,79534.195
74901,18808.455
118054,54026.805
43448,8003.679
4412,13080.833
10623,837.33496
56031,217613.3
112186,5256.603
101480,6968.0767
39130,15208.539
6513,60585.176
62651,50933.93
61246,27309.984
147300,18737.93
16044,4771.805
130323,58168.117
83382,10425.634
139708,9563.192
122200,48499.19
26002,27738.086
41427,23800.29
123085,6227.3887
54477,6144.319
124567,57828.113
145401,7016.009
15249,947.1644
30859,12606.359
132567,32179.951
71535,6819.198
84455,29471.207
88397,29663.174
123456,36174.87
48433,13279.187
57400,31878.625
134559,31931.209
141663,7593.0894
62214,89212.96
70808,5864.4185
63274,69393.12
85646,50701.652
141573,55883.383
123802,43397.098
74975,26420.914
13388,33807.113
32368,54488.6
81715,72145.555
589,11825.525
61854,14719.411
128855,337277.38
136381,96387.75
47827,115889.37
74748,19182.389
66520,11295.167
78302,6149.986
43534,24365.527
135921,10542.841
109685,220313.75
43749,40550.02
40410,16596.584
102661,10860.944
93510,71629.14
43945,31750.379
32067,56656.953
28025,43289.69
122305,84359.63
107878,15023.03
99983,24385.945
1820,15683.762
92119,23500.682
4617,44399.84
116790,14412.735
19988,15091.509
42786,9216.596
83928,53388.945
131233,64372.863
27954,88389.68
92902,18051.809
2728,52259.598
114915,5062.0444
3654,10250.494
28431,6255.0806
94497,18057.842
14243,147164.38
48441,21791.123
11270,7975.5176
6834,20850.547
49172,22853.668
72430,93667.305
81372,68013.64
130511,25145.361
39016,93278.95
128405,80460.35
41735,49123.555
53897,303417.06
128213,44805.246
119618,24508.984
83676,4740.7627
108748,14471.857
108923,56327.56
27097,89824.04
148872,6685.8525
16966,135949.27
107155,2995.621
107784,101664.65
107650,14855.793
22895,297863.88
45344,19775.514
149787,2665.4724
80551,22587.234
96487,2146.881
128688,34674.957
97680,-1831.5796
21171,28909.889
51204,36296.44
61240,47893.78
10749,158260.17
105798,109467.95
26578,7297.764
61274,23885.068
40804,10253.938
135857,104735.91
59444,17333.668
53660,37291.152
26170,9792.799
64439,4935.384
114592,7795.444
56867,2430.8723
140700,7556.7183
136527,278172.66
68051,54857.99
93498,10299.1045
89164,25707.568
113922,49011.598
148134,137592.55
13755,25146.158
63325,5672.235
2783,42505.227
94791,23335.816
113993,2524.0183
2400,11723.54
4593,20539.998
76081,122360.48
98138,112611.67
141915,52459.55
17916,50165.69
136916,29739.451
62833,3970.8342
1725,17859.773
109620,41205.74
128031,9126.256
82557,115721.484
139334,246062.56
122859,61684.344
45317,17548.748
26373,22819.4
47227,13004.808
100282,34795.855
74092,9087.023
137339,25045.008
108068,86039.81
142601,14064.63
9640,15776.089
40447,32881.367
11482,9060.141
73616,66457.02
86250,18850.969
14129,49472.918
4004,91044.44
92612,5722.011
67195,11198.966
43573,29216.764
145500,6271.1772
22595,24951.021
24743,3958.3452
25090,17573.488
101454,39749.715
24582,146028.67
58043,105622.8
46844,72343.78
68653,100857.37
117486,17901.84
78217,32412.244
46191,66841.016
87566,272125.53
75687,8084.5435
111727,92330.46
90605,32297.71
79074,15255.444
41848,22814.13
33349,33769.41
146975,9234.715
33581,15459.523
23321,4467.816
9218,36074.547
132459,4624.2046
91862,38234.21
92532,8679.936
54701,6899.059
104270,1121.7438
134500,33875.816
149488,6344.3506
102780,12663.841
127345,23006.365
3752,15780.272
69549,8343.286
19730,6379.14
38457,8534.776
82492,7962.279
56547,8784.952
51335,12184.609
6800,21441.018
69031,44188.668
100774,36160.816
17704,23401.926
83639,3219.9626
149691,13752.286
53467,8629.11
118732,44930.26
96952,18380.936
122007,113932.05
2379,13553.038
887,9829.806
76269,87548.805
57380,890.85406
131257,33332.04
83400,4953.6436
65401,4533.5005
2550,8483.817
92763,23172.24
97350,388843.03
85790,28531.244
70936,43936.027
47997,10220.771
65509,8608.188
141625,98752.91
94989,13994.889
54602,9245.067
96008,17539.617
93630,5421.5835
9168,116913.87
81160,12221.822
70086,59547.582
126858,34420.54
58905,25236.072
31299,38808.414
78498,71951.164
118477,71911.27
41333,21743.883
89104,6235.3413
2734,27654.242
74070,14885.322
125358,196258.2
2969,6186.954
25896,4152.153
52005,42752.8
46736,4159.8926
4122,20112.531
116412,17403.672
44007,49109.62
75718,17300.787
68838,5618.3203
113576,49631.586
33531,48062.1
7088,5749.9033
8039,7691.1597
104397,16810.447
123945,35976.695
76916,12774.654
12630,40996.59
58811,9871.542
6777,19466.652
10405,12696.771
140596,9082.89
113823,23597.107
85816,20316.79
65483,24484.277
21206,6746.5547
59474,6763.39
69693,13516.684
28565,49646.25
125268,15989.697
125359,16444.027
14022,14504.602
23148,7839.375
35513,76006.19
77145,19911.203
128534,84626.87
130423,36803.816
40284,11434.358
86340,96596.26
60863,30651.135
89657,423533.47
52732,4612.138
88871,3098.946
5005,12295.289
1795,39125.914
140169,40734.547
109589,69939.695
62348,3171.8735
146826,12949.547
22175,14738.667
117098,37654.984
123175,5021.4966
13942,22542.547
78535,12350.391
56199,95485.27
147369,35108.996
74573,45568.047
120223,35197.29
144992,11238.89
122029,49068.824
106628,8005.8003
71565,8393.208
111646,5516.1304
138730,13340.302
85705,2988.1772
141701,23524.34
42948,19727.316
57549,22513.996
7235,114154.164
106752,7104.7163
16654,25796.963
57248,3777.3474
136153,16689.879
106214,12136.715
77243,36592.348
31948,30804.164
101606,27423.826
142152,34360.05
34929,1880.9814
12198,18623.814
30931,9190.063
123183,69447.36
57777,41298.785
130697,17313.96
90732,164983.11
648,181013.72
110217,63125.793
52711,6143.8794
10738,89555.19
15474,7586.0537
145477,37051.65
33644,66081.58
14038,12696.337
41144,113469.68
24536,12113.982
16809,42809.78
112750,47160.727
98686,83540.92
60635,75034.34
64617,6730.4175
62488,25252.842
104705,12724.111
141492,27909.7
28461,27544.92
30828,7756.116
110046,8279.281
119390,24135.773
2018,94965.08
48007,68680.336
18007,77859.055
112593,39696.875
7795,26544.453
27533,102670.76
37311,11468.49
8418,15329.771
51014,28809.521
52180,107058.42
129481,113247.375
92330,1300.0627
35261,136695.17
68165,5795.8613
127639,57113.53
131042,66534.586
3366,4391.2915
81658,27807.621
88554,2915.9001
124246,33271.934
63878,69684.86
24362,17045.63
70128,174924.58
98480,7427.7397
106559,10042.878
71756,87406.32
24789,1713.0771
118130,4633.7227
99081,27926.717
136516,170169.88
11357,2288.56
55565,4033.201
111396,55686.49
37404,2129.4583
125456,4751.7583
120892,12236.6455
116869,5958.0273
129757,39532.316
125435,87373.44
103304,15287.307
51601,8257.789
144262,10695.676
12928,19779.043
149273,177171.19
144539,1992.9336
60978,18594.494
27348,6416.82
147678,30547.611
33611,30054.111
56928,6731.223
81780,81421.086
47096,9743.055
16856,23935.4
71339,3542.381
7785,101321.02
33306,12663.514
124676,3235.0066
59401,99948.67
100748,16848.707
122379,3471.9077
9172,20985.791
60998,9295.666
20706,39070.58
40494,20027.762
46053,3723.4268
121942,45059.832
67483,11396.066
86086,72575.27
41075,21486.78
39484,8190.9688
59550,7593.6323
48661,11588.902
102588,16108.593
41857,37756.59
58622,2698.4148
127661,40953.445
89575,51065.51
124346,27212.516
31006,6338.7075
15223,30817.346
11180,6897.7363
86601,27206.98
92265,131224.52
45490,15909.185
117602,112917.38
76008,22368.541
15863,4541.011
25140,2660.552
89058,225262.64
71540,116186.375
147549,90460.7
44478,5525.1987
32356,15499.341
14008,43546.188
130567,6965.3354
120835,74192.47
21120,4231.7476
88307,22671.928
101944,137917.2
6851,13669.292
130706,3674.2156
130518,25406.166
43816,9134.339
125588,10275.194
81243,18302.045
27410,18634.867
69856,6148.6445
57389,-1411.7161
63693,9727.692
54682,125618.28
14611,6353.209
120658,52900.19
7442,6295.4106
73780,3895.8123
85374,3142.8464
51770,6461.01
28496,13161.895
44519,3141.563
27849,37576.164
23922,7610.0854
149109,162580.97
56229,10544.663
48044,27643.686
4097,8773.613
41206,8146.0923
72996,151774.7
132015,87366.03
119131,5476.0986
4239,107170.81
122195,22931.244
117066,31549.969
131888,50920.61
59199,67056.625
98824,67025.04
82173,276799.5
145690,20023.393
124342,83722.63
147892,33953.89
5265,52481.75
773,90118.57
85402,47240.516
76093,7091.038
4341,18843.463
95855,11642.812
2538,40426.016
85344,7275.537
13067,18319.043
80087,15222.6875
2583,134376.1
67423,24395.787
69387,13022.608
117108,200627.73
134217,7334.923
112404,102721.6
12835,4749.2695
57212,41614.83
127969,33492.09
85018,14277.673
26557,34952.99
98814,16817.078
54791,11925.925
149574,8163.0674
143611,81215.3
73388,89965.375
141843,13937.594
84992,4428.151
110042,85981.05
50579,28442.598
27366,104112.24
149715,12029.974
53928,84044.19
105787,9855.807
50712,58895.484
104698,85288.02
71000,25992.012
118387,32534.467
98468,97635.57
76476,6316.916
6820,108460.68
137609,12671.134
64187,26343.148
38636,47033.086
57676,32389.516
107370,16034.192
39175,36870.836
129458,108134.05
97822,4512.132
69318,1577.426
713,49101.38
51304,6591.379
121922,37620.32
97894,8646.331
73451,76453.12
30199,218997.22
140038,19297.273
22594,97435.12
140304,61793.973
92707,24629.137
141844,2477.4192
13457,48255.793
129893,63791.547
24630,66017.75
23069,20993.746
46405,197391.16
4723,10718.249
44844,15654.551
149322,69836.29
28629,165267.22
11157,37219.082
53056,10.864466
66394,39547.684
8837,4317.504
15908,138113.0
41202,25726.436
141063,41767.32
89871,42433.215
45401,15830.559
96629,5486.0605
61070,37736.41
76842,93517.03
124440,6191.9688
99932,33212.293
1165,12160.201
67580,52462.37
71204,47986.633
127444,3574.3289
17970,5228.4873
41834,30343.38
30091,7717.447
44508,266820.28
111819,2635.1843
42603,6337.609
72714,23864.113
145734,38291.15
103132,31215.44
56881,15400.843
75776,100477.89
120339,109623.625
24417,12693.744
39663,9027.529
62994,14434.816
11841,14175.191
24403,16422.795
26287,3010.1992
135880,7980.3086
87260,7902.8955
146732,31276.959
22294,81368.92
120493,24940.049
15618,9693.411
130479,3880.727
75672,4103.489
26732,5193.95
113435,14973.423
114161,6902.9507
23909,14045.33
104681,24179.021
999,12478.18
7616,4398.969
19890,71689.516
78537,93051.29
117687,24948.012
80946,225795.97
72089,16322.629
59744,51942.78
126538,16007.623
85636,7165.3477
55377,22558.732
63067,91757.2
81398,31995.803
55241,3169.3323
37707,68243.24
97976,19282.81
57815,33217.9
450,18516.246
68520,9503.674
52108,5951.8047
125934,16632.943
62332,52907.67
90413,20181.223
48740,7427.61
104272,8042.0347
87691,31470.219
35827,48062.1
114650,7968.6665
39006,9836.861
115744,45657.164
96205,10448.763
70552,128173.14
67219,11511.723
133442,62419.074
98142,84441.51
125808,14807.34
139162,9370.24
146398,14413.008
84078,79136.984
56636,18523.998
69322,15231.109
43690,12298.747
13332,62650.004
11659,2343.5366
84247,17488.328
106925,47160.66
130554,45698.438
75336,22108.367
64279,14394.768
22036,72713.99
11632,100814.086
24910,7021.118
109374,86916.6
58031,50763.527
68314,237697.06
100242,25339.83
79823,46737.535
7694,24575.791
18102,14535.07
84768,22342.88
93811,24693.322
62327,24000.338
68095,167092.55
86347,7822.819
28551,42496.527
56816,51646.742
47188,61257.97
55638,4799.2017
50737,70503.75
40999,87663.35
73637,11860.853
139142,48436.53
25062,52603.508
66761,46130.586
56167,59630.72
92643,49294.824
60344,84553.16
123670,7667.495
127626,6255.764
116373,14938.487
58496,15176.192
31453,125414.41
23444,45421.996
115483,5008.6523
51148,59601.605
63280,436.62494
113673,53052.863
126293,27022.05
135454,41903.395
128217,49307.44
53877,18278.729
35192,23904.756
78941,35882.324
130265,51173.406
117612,57538.305
104456,10845.464
103441,88687.98
82315,8596.496
7640,7065.7876
37724,4754.1
42472,49972.355
140051,55666.78
50747,42083.223
58372,17409.662
142896,13275.448
20060,37438.066
102961,3138.5325
97848,33043.86
9695,51270.984
64766,109320.91
64996,4280.7344
10386,52469.043
77124,17343.53
134080,16562.115
50209,9908.816
149440,22767.338
135996,9064.486
92767,11428.698
41016,260988.84
142874,5270.3374
44567,16738.988
123369,6597.0186
107523,67911.77
119597,76111.75
136984,7673.1616
32763,21871.416
103393,24533.94
44801,103292.1
100548,11197.728
38594,4160.7183
96859,12601.686
37523,186718.1
52982,43926.69
139101,77919.47
86774,51018.92
122734,40033.44
36469,75322.305
23646,58639.06
89444,33872.992
121415,51804.047
59592,60375.438
138653,78237.89
9042,43203.918
140900,36746.445
98038,35767.465
109642,141970.17
129407,42496.344
123641,111515.414
144159,33881.56
111654,10598.012
100323,6765.3823
24142,7126.398
122551,85811.28
6762,22928.52
88263,2617.228
127641,88882.37
42047,50367.37
30368,76722.625
50653,123121.35
61746,19370.312
138364,38932.44
49428,4542.4473
116591,13313.008
114370,60528.293
103522,22634.012
135554,20129.688
5779,47404.656
121213,3813.842
134596,15026.477
118816,11263.059
23536,27257.28
19471,77943.58
89802,4224.443
42302,9339.999
56132,147737.86
83802,66306.74
94295,85954.734
71109,77618.25
73351,30536.977
4765,6222.731
40405,86972.45
4376,35762.57
121122,42001.555
4019,16756.4
9594,28785.967
88283,30802.625
16942,12005.281
2675,16220.847
85390,92633.88
87497,27344.47
51929,76033.31
137461,10065.231
6103,1766.56
72896,2157.919
7538,127153.266
69676,4315.4575
84445,230496.8
54083,31251.656
138104,12642.669
50716,9322.226
14130,5533.4976
75503,34383.098
87926,17882.27
104395,78910.99
43742,7426.256
68004,60410.215
70545,19317.264
34716,150928.69
88892,25642.72
31429,44633.766
53835,18588.516
51595,60323.86
119268,25837.334
113978,17133.205
134138,14346.603
8822,31213.895
92873,5081.553
3604,16519.873
43251,86809.2
146000,6804.6035
136923,15956.842
40053,13611.406
88785,17997.986
11848,6769.96
65601,155324.97
80809,3411.5813
82160,21207.281
146165,10113.043
110626,25301.496
41258,11564.353
115776,98674.63
127475,6069.5684
80745,79995.086
21005,50426.754
149115,17980.52
129288,44824.668
112569,102343.29
26819,7933.3545
18283,7766.8545
93066,4687.091
112324,46110.37
148516,8237.2
3949,17724.453
123741,119420.734
10835,9529.657
61409,10497.769
102304,33803.86
102506,209749.2
123684,46944.973
137443,3509.0588
6797,4128.24
60544,117273.45
132681,7643.895
99043,28452.69
65393,80181.63
12615,3870.1863
147186,218797.53
103424,52128.86
45019,3830.5728
111802,741.16235
143991,95603.35
53864,10670.492
136242,179133.95
128935,34864.707
129388,117133.83
79978,9636.167
3401,93786.31
132619,19893.482
139104,6113.975
100937,87005.125
93882,45266.2
126547,9445.906
51652,5659.8364
110198,67312.94
113948,176576.36
62829,122313.46
82679,6971.836
101962,293050.1
26780,6070.222
22027,84276.164
74734,23977.125
116710,6584.4443
25628,8961.919
70968,11820.366
87791,44757.023
61098,51289.773
73153,59537.82
139611,18682.836
15409,6950.012
18260,1718.3865
95024,13202.475
145526,9061.096
61458,11846.455
24519,20577.953
103071,31313.455
6128,141865.94
49548,8813.736
42349,201065.44
92865,22407.738
122387,24770.367
106615,33327.61
82162,21643.057
116851,9776.511
135400,12049.569
148040,3891.0925
59875,5296.8657
90328,1806.2036
105273,196856.03
119588,16845.312
38268,123637.95
73010,7372.644
117052,20840.064
3274,19007.021
113901,45574.168
98953,24453.344
112870,18940.97
99823,4292.9854
76741,19837.775
2844,109176.7
71620,23664.182
34137,11489.189
145103,6999.491
66073,8588.182
48721,8776.365
143063,8531.079
91369,31996.283
34999,22381.46
41673,13102.221
1480,4634.303
141321,12912.111
46745,1504.5596
50571,10839.813
72026,7052.5347
113847,4819.1245
115229,15707.328
146930,4068.2158
148284,24086.791
13940,17564.043
52585,64431.285
78633,139785.31
132685,5797.2603
102786,14461.688
149689,5342.316
64410,827.74194
71919,35404.93
31685,34258.906
50839,79085.32
25912,14642.02
28327,15087.954
38168,47103.58
23029,12410.987
133889,7546.079
54136,20464.295
20436,5223.958
121382,205368.53
13379,38034.418
145047,3219.3303
52776,76163.37
119935,6368.069
75797,8248.962
3088,27700.418
72405,74023.77
98314,140695.5
41169,21982.707
27052,156813.45
142708,31480.387
36931,24208.973
65284,1768.8647
67472,12860.724
68363,64613.64
5208,9885.834
83775,18417.086
64937,3207.02
97578,28995.281
75541,61123.758
80437,5772.122
49700,78320.37
125481,105419.47
84830,29478.357
64781,7189.3994
81580,28575.887
79088,64480.25
147540,49198.688
43329,62205.19
68020,76256.87
118766,103620.945
141436,60069.805
59645,125225.17
146078,1212.7668
17225,78533.82
55206,2257.031
131245,17150.963
83291,3317.826
51301,13227.0
107381,25624.805
90450,6216.5054
69950,23228.576
98755,9224.352
39971,13890.059
46332,7537.7886
148418,5931.117
104241,35826.7
53542,47857.22
104734,20659.732
146334,89281.05
52586,20165.709
77120,30426.656
7637,1036.8263
8325,32246.047
125260,4943.242
54375,53865.965
92115,54329.508
31890,129635.08
29018,6334.487
40624,54248.996
63344,14526.941
81124,18913.16
8330,14559.33
112322,91538.54
12931,1184.0668
58042,53906.484
147620,15999.703
665,18120.227
125896,34149.633
29147,39097.383
61518,34303.547
107663,35422.6
63269,2602.8813
100121,10241.148
71678,46657.367
128923,9766.131
139537,14032.059
112624,24553.92
76366,61599.31
83347,11150.479
141334,30882.275
77420,22317.498
3314,33820.97
99555,12982.326
81197,72842.62
70026,14358.8125
62434,186762.6
120918,15086.351
105997,5284.8467
47916,5576.2534
137107,15543.864
74813,18421.45
36713,6410.5435
23324,5668.4395
4682,6073.3247
119660,22578.824
76762,15164.538
120003,24485.545
31040,9631.467
135173,26942.25
123746,15935.306
55872,33180.977
14336,4923.47
67803,22274.44
146074,94941.91
26413,12903.459
5472,113349.695
78666,7353.6
22898,3895.9077
88919,77093.11
79222,42562.73
67464,41386.9
53649,19633.908
74407,33538.04
86881,24475.293
90116,31191.775
144815,41418.008
93369,39526.99
116162,84082.84
58819,38758.098
61780,8216.406
66363,20836.45
115800,28935.475
102880,120117.63
138827,116224.03
130322,54211.11
122536,5679.383
89092,12111.685
54378,9660.917
93252,66679.95
97136,16413.88
73751,39381.105
59448,9960.096
137509,51592.848
13142,6543.7876
51797,50363.945
125837,15665.892
96279,4771.4004
140204,4609.2334
34759,3022.7173
85477,64539.223
87600,123462.22
112355,52533.96
120108,22171.89
39886,98418.766
24506,12465.971
92704,43634.926
91485,17802.674
86054,4608.4214
120518,2364.805
19666,122049.664
29594,17126.03
142004,27823.11
40349,49511.785
100923,33102.664
70866,2802.8242
32387,12877.461
19736,103056.734
92692,8813.629
97115,102634.69
90879,13900.137
102594,12254.933
66268,1765.8042
42445,72590.57
39336,34566.555
80598,13829.149
51419,350.70068
111698,53559.977
19046,10218.835
149077,2657.7957
15346,4453.695
132829,2162.5085
55110,3513.239
14506,116857.79
43753,2849.9197
16009,1918.6992
103408,14336.098
105345,71207.87
95702,10740.442
63951,33881.176
109533,22623.877
93352,48289.805
141823,12480.802
18121,262710.66
12450,9073.925
65845,28776.24
127291,814.5752
29239,22823.873
129715,3897.5425
85911,6432.093
55924,9888.408
18937,17744.338
759,57942.395
18756,1289.2003
4167,29499.795
2651,15365.488
3191,38798.344
12589,40610.477
93698,36551.285
75194,22791.06
7119,6881.2144
22130,27504.73
43103,23393.469
8482,19482.066
53602,38763.332
91682,72056.75
84254,67663.195
100619,18426.068
125584,13476.55
65830,19901.432
90144,14894.678
114524,43794.117
23816,7299.5234
131495,17190.984
144531,111482.21
114621,30104.768
43510,18219.43
69147,1538.5006
19054,40501.81
63952,9893.775
26358,31862.785
24803,5703.9585
93002,93613.78
85124,19830.91
30142,56569.35
32021,44484.723
29201,21140.557
100261,99409.984
102799,10767.652
144397,23344.512
66255,140100.83
18297,18582.398
9676,76402.71
1939,5987.0767
9207,16659.768
69004,4425.012
50016,54424.96
44407,6399.8647
11310,6605.6636
84000,23440.85
23453,25682.17
111948,137764.55
6792,182309.58
140949,3248.4521
93307,93150.55
5022,12434.568
141671,86225.7
117667,149889.28
4784,25676.293
16007,28189.814
54699,23385.564
121551,4923.294
124755,284242.84
7778,161292.94
99548,7845.5205
33003,39899.0
59684,1361.826
103353,23029.48
115803,101371.37
144991,36078.863
2575,8803.355
3628,2449.9631
55252,35069.254
37831,16266.392
75804,4375.2754
95745,15330.085
75872,16854.578
111938,8521.862
136352,34438.01
98214,63470.492
115996,5635.692
92579,15716.982
41709,8230.149
115061,5334.9507
121600,151210.08
22834,21287.695
111368,12517.205
20023,14625.524
148867,8385.069
21770,50109.156
4251,96807.63
75867,52680.42
25169,123690.54
104781,22027.174
91091,5055.6147
83031,172379.89
13667,15250.552
70383,8796.846
64568,49079.035
88524,1832.2003
56819,3271.829
71561,10537.573
134512,119456.734
79306,127785.15
139529,23194.393
94869,3439.682
42671,7120.984
94421,19699.66
120565,20369.123
89622,48430.273
87196,55452.254
124918,8437.237
53523,15012.8
34751,26434.094
143669,59342.875
85653,33332.074
16835,13552.493
16318,44766.562
143589,5322.697
103920,21972.703
128248,27947.043
89637,5678.16
44655,1808.3643
5885,143234.66
130359,86857.01
30858,150908.67
58121,8318.955
20508,40138.74
48551,41648.113
66549,3939.868
134313,19900.912
941,6565.4956
132804,2550.6592
62317,141905.89
55887,13691.475
16967,47884.12
120817,23700.516
48984,36365.84
17060,3780.5012
98662,27141.941
136584,16086.381
107801,11336.654
140192,11208.698
34860,52025.5
124023,18131.463
84392,33632.574
84103,11743.972
55648,14443.369
74355,110505.445
54824,19981.557
10294,8876.837
70204,7094.514
145436,52115.37
149444,7509.1035
79772,8028.634
30239,3744.1934
120512,7812.307
81271,30371.678
34288,30780.275
76391,3639.2
113106,157296.23
31285,3958.3506
85377,38518.973
55853,203511.27
49625,17405.283
87050,2502.3076
45907,85119.14
12483,24509.008
54063,16179.177
25068,64312.11
143105,13267.7705
100344,6617.9653
113430,27171.22
34208,50841.34
2152,9709.246
40356,3523.5015
87222,47166.797
134959,5247.7275
81830,6551.4062
53063,104788.81
78700,16418.379
88960,56534.516
51660,9591.416
149907,77268.16
57377,24290.105
71896,77082.414
136554,8018.138
57838,14313.137
22812,51801.297
60897,23305.596
56382,5501.0728
99678,73804.89
5389,5385.4644
92946,19391.086
71137,4055.5369
106422,35826.707
19087,18441.934
63236,14480.168
107256,71606.68
133653,54078.277
141629,4967.2974
19638,30011.768
3289,48236.992
138755,87962.18
53531,3814.521
50417,22627.457
5882,9522.933
25449,25629.383
45065,73185.234
95479,79890.875
52223,13595.866
53668,4279.4136
18228,18619.205
91443,40349.816
97219,55783.965
40488,20975.842
7444,53882.797
30686,3535.387
21909,245171.22
28922,15641.891
17549,16035.683
14684,19593.582
41812,24918.578
58753,6581.111
26042,19639.621
129716,8573.177
96433,11586.184
59449,89398.88
10092,42482.01
29003,107805.375
77832,88853.24
75514,3319.8552
50108,12378.075
82715,35092.367
28988,6051.0522
108358,17019.96
128715,125010.46
102505,11641.615
53207,13391.594
116508,8103.0083
77312,2435.8755
73989,6966.139
28356,7095.8584
59128,8162.971
142005,6656.996
14230,12521.259
7960,23283.797
120983,2593.604
29670,1501.4689
131762,202307.38
14646,122091.15
136458,7629.408
84244,12276.582
138101,6135.71
124263,8352.24
138028,13023.511
145069,96090.8
14980,4511.5103
52342,5611.7896
57613,79077.78
54698,23293.67
21152,8586.629
34314,6187.5005
107805,41479.188
148700,224657.36
148587,3402.566
25118,9185.923
134257,6208.5854
141267,8598.662
61913,59834.836
138862,13654.529
108528,143949.66
85572,89797.56
22116,4264.83
74013,238608.69
44967,13360.042
130735,19525.395
104611,17071.541
93191,14526.096
2522,42427.66
144196,24829.42
13239,25168.787
7189,99607.445
61319,177539.81
127273,15625.195
54506,26437.252
110519,17985.87
16180,12449.489
64137,24611.281
70634,22746.342
46897,8737.333
18310,18276.26
68454,69359.05
99693,29000.904
54259,41703.28
43947,8887.163
45759,10674.059
59347,46665.79
113271,7543.2383
85094,32653.094
35494,14883.716
67487,52182.53
98631,53450.605
44480,12779.647
56828,188597.4
63329,13595.866
95322,15519.747
3188,62613.82
77851,3622.626
137060,6559.8896
72440,13860.715
21056,36196.055
38918,4705.1997
65491,11796.206
133818,52191.582
43332,31200.117
84074,17361.686
88505,29337.172
32011,18201.402
148550,74971.945
95511,11488.782
41796,22827.295
94078,6195.831
90367,51606.16
61187,47567.69
50315,75552.76
149945,44571.96
92768,53956.047
112504,92772.91
139496,9555.589
143107,111139.79
16513,33713.0
140848,5906.965
102761,14205.418
134154,1574.2576
69650,125727.73
71960,93068.086
2428,18531.488
131279,10029.75
122995,7748.138
57627,9705.663
139900,18436.256
43621,28811.303
87539,37986.266
120061,8010.0854
46922,9279.377
76615,16898.604
146749,1607.6986
143969,6297.6396
13168,10786.3
21447,25015.475
42300,22274.236
133707,54170.12
132703,19343.36
40191,30952.58
125324,8068.964
85408,27529.977
54563,67391.6
75176,53259.707
92430,44169.02
85154,20222.36
76773,7446.233
63068,9179.369
107167,7873.907
127816,113654.016
100082,69895.01
135642,52118.64
90382,1012.1506
18878,107316.484
38199,38797.82
111817,74596.195
16757,23057.871
41736,53422.16
30798,7854.4595
23238,43625.914
137924,27664.016
82987,332.19562
1264,18230.574
24999,17131.36
143192,139384.36
126214,5348.1025
25434,58361.61
92925,46467.04
72132,32878.527
131020,2677.5469
78835,53935.867
19835,65076.44
44243,21425.887
2669,128670.19
54843,19718.469
89369,20484.057
93126,20876.668
27516,26294.488
69702,9474.109
98991,38202.594
6228,104275.75
78161,5017.0874
27519,39771.53
29694,20912.068
35505,25401.355
87208,6157.347
139122,7699.004
26225,15623.041
111018,193148.34
57281,181560.67
148271,31626.588
71715,28474.113
64918,6132.8086
130834,4060.4734
46403,30043.506
2878,133480.55
46142,7877.324
6939,7411.888
58517,10225.453
30258,7758.0303
66326,81185.18
85108,14396.582
121417,3174.2983
22604,34549.695
46223,15929.371
73962,19712.578
10186,17331.203
88617,30223.062
127053,119655.41
26187,80312.97
66768,21013.76
59355,40289.797
111716,5275.2646
50678,74497.63
81970,178188.08
11309,217931.4
113496,12685.141
14339,160360.77
24041,15099.25
117421,153576.66
37254,11082.412
83475,28394.176
148720,6282.2573
61064,9287.954
118833,7072.2456
115408,18026.242
138766,12969.954
2077,173977.31
87171,43096.605
52606,12474.076
143940,19895.088
5065,10609.954
102339,82646.57
148585,28272.219
84754,10426.208
97609,15915.479
6384,74989.125
48854,87840.34
25642,6412.5723
101212,16138.808
94948,7138.984
54937,15228.408
34395,4820.7954
15479,55630.082
176,14383.754
60746,6823.834
8410,18506.752
98963,95505.875
23128,26628.436
141718,15300.533
127280,4998.404
84734,3349.2964
4277,38708.305
22064,65000.3
34696,26779.729
11977,79847.86
12855,18754.574
60359,4415.593
27870,156455.2
34385,43226.305
102007,14816.55
113366,99153.71
16850,69635.14
67703,16703.396
137802,27372.236
13972,17070.127
40660,6858.961
25092,24817.805
119616,56358.31
148119,8164.8096
112605,16167.556
13636,791.09106
144942,21078.06
8727,37459.895
6903,5329.5923
35161,27754.723
120119,51626.625
26094,7031.0625
53547,48029.73
74208,26215.123
45861,44642.848
136989,3049.7498
7977,17997.9
125876,17039.39
29066,12505.207
75841,45063.312
115643,195425.39
53206,13527.334
126993,39353.504
74991,98514.43
96360,80750.984
27637,31892.63
66285,9070.57
139279,224183.89
19780,21580.25
113896,57828.484
80427,3955.661
101288,150413.73
140631,16959.053
112791,8337.75
94923,22087.23
3098,46528.73
148943,5794.151
46050,16215.856
93759,43820.86
46880,1209.5983
34460,60533.04
89228,19059.012
63670,28253.043
75361,3538.494
47153,3467.1863
137595,14656.863
82604,12046.706
93635,9768.868
107757,34544.047
69514,7500.3887
13072,5568.7773
16392,8036.687
121157,19910.72
65900,56972.562
82927,5911.806
51954,7000.7764
23112,53797.367
137610,45348.21
125194,21491.195
81928,7429.744
48198,4803.762
20918,22340.184
10662,6856.8965
100756,16389.297
31001,10612.773
143565,25737.848
110195,50154.812
101831,8785.281
116334,51774.516
133569,41442.473
76742,6559.209
98744,33880.57
121384,129023.93
117467,3949.5886
106920,22922.896
98066,27217.035
121076,28390.725
137611,13604.852
89219,44228.62
81968,9035.321
130979,15819.536
5088,4121.871
146087,110143.07
15414,9825.318
147630,8559.935
66223,34525.566
139028,75036.29
98987,23181.412
43824,2773.177
103271,58400.36
136022,46377.938
94134,11913.895
73627,120969.85
119090,17415.484
64896,28286.63
116475,184738.02
126923,12548.315
90678,3435.2874
138027,10655.215
45987,4450.1543
87710,31600.375
17505,37434.113
89925,20655.57
105277,58619.477
78738,45218.645
33039,5029.63
40319,11658.079
140936,36267.42
42204,8674.311
39990,900.0128
112941,24651.322
102637,101459.8
105930,6959.1455
105594,19928.7
90097,26536.627
131258,9357.4795
97263,4484.2124
120078,22098.008
33303,27987.385
114496,4820.243
55619,19731.273
105900,2636.665
98977,15150.778
50192,23275.1
145150,48098.742
134360,69792.36
71824,55301.812
93381,8111.8843
117374,3993.0881
40213,107456.766
45818,29116.664
75533,39486.32
110823,232405.28
137263,22905.203
32842,1051.8788
99609,15898.5
128404,36398.96
146851,80524.26
106227,6322.238
27677,54320.33
141864,55953.75
84545,5294.997
53103,33482.848
6798,8159.971
66995,36690.54
55434,9555.124
143609,27288.16
10630,7207.0728
142401,60838.6
116849,10043.35
114470,56858.03
56490,20918.172
9700,16825.42
121711,4995.39
145822,8694.518
39983,12781.773
61737,48623.742
117819,6874.4077
82606,24823.52
132933,16675.518
118822,9225.968
25497,10005.634
82962,3709.3613
123397,77464.72
20558,90905.445
110754,134404.17
19879,4725.4253
107043,29800.332
11461,23948.148
81538,42147.656
112160,81192.77
60774,23603.447
1832,110772.57
66167,4976.3135
141041,30160.008
109737,82688.445
92041,7567.521
72441,87396.4
628,78547.66
93711,6769.9727
67904,69504.875
72897,41620.31
145258,57356.473
125855,31205.414
103302,35370.49
27241,30525.156
53080,6438.3345
124896,7894.361
138030,88628.875
50343,17850.758
132020,69929.805
47948,7559.705
858,16999.469
145360,152206.33
5957,14406.025
39712,20507.406
147261,28757.172
50913,5864.95
87230,10982.296
136707,10639.598
112874,20017.861
62841,102583.984
110475,21497.508
66258,30599.803
35859,17578.133
24233,12673.471
66704,9303.4
143222,11974.611
39331,35579.824
1130,7900.787
74452,11059.092
140347,87407.92
5770,29381.734
134590,152062.75
62891,13822.57
77428,22557.406
94567,4286.214
16382,40390.54
59027,10565.024
99459,43099.19
51239,29824.59
108345,8378.57
40964,31419.037
17863,61616.715
53135,313947.1
112376,16291.38
5971,58171.69
13035,27920.654
51759,18994.756
58918,2396.4556
62705,65038.195
133424,5828.7534
26453,101547.71
40735,20802.871
93340,160772.66
33309,94736.76
8232,105601.48
88343,90919.46
111546,16869.941
122172,43048.05
74722,23522.49
138851,7884.4854
64697,9727.104
131339,55806.61
1015,7030.56
6186,55954.605
65712,27347.564
27888,14299.516
53894,15104.665
2212,26263.143
56989,100101.83
145555,36634.49
60145,4336.4106
131717,85119.99
123105,84995.445
31864,44180.695
49987,35085.688
30608,18919.129
91653,15372.622
6125,26735.578
60189,13186.584
73493,4279.174
123079,9705.006
76921,25012.006
12387,6181.4277
7400,10207.0
123129,6070.578
130130,4930.66
58536,7112.219
102587,4286.574
73378,120533.945
25809,73067.97
24269,59909.51
107592,40286.81
116986,382821.44
122265,58014.812
145065,49056.71
27115,79125.52
81269,11048.256
29745,27914.375
7375,60527.816
84854,17173.047
26424,28613.035
1961,6157.317
81597,9139.405
52154,28616.385
5497,29231.545
49964,62417.273
7876,10228.8
32354,121235.35
63162,28670.992
16512,21320.307
145618,16624.865
50674,55288.156
18563,88393.44
36014,10951.491
85708,9970.228
127078,23371.275
13363,42004.934
112086,87756.16
96451,96539.5
55628,3406.7231
77123,182706.9
76536,19942.824
96278,15104.527
117927,16817.492
13772,11817.393
228,23737.605
130570,5463.363
144629,15231.004
132286,25703.26
136123,51708.77
61422,4415.961
116079,55112.004
21155,35580.336
37018,6372.6504
35642,14846.815
30853,156865.05
25281,70776.555
29077,24943.994
129006,13031.656
145785,18183.387
38877,6088.542
82600,2747.3342
59946,19001.209
132821,24831.902
92210,35963.023
68156,5166.545
59443,126342.445
148006,10322.264
40625,101451.8
83222,21195.922
99776,23602.703
117226,4107.3984
108262,60650.316
84343,6213.3096
84511,4211.651
55085,5885.759
65918,3374.503
144199,2918.4895
138125,21050.875
119749,6771.51
120979,34053.863
17027,8801.453
31563,113733.29
142882,14127.926
126886,16148.684
34679,58962.41
40266,5423.9883
38447,191686.08
146508,6233.701
63119,18951.5
26634,3749.3262
81825,12236.723
104285,45133.37
2332,52655.62
54447,59886.07
100881,61316.504
25606,15468.288
8138,6529.172
54841,27313.883
26008,2665.8257
146711,25621.266
43400,13214.418
54011,76059.83
133655,84220.82
99221,211008.53
108925,31357.19
147348,3523.1873
108497,17562.59
76890,33051.133
97582,84079.94
73767,36946.316
1815,14591.784
7623,95223.555
136618,40809.93
43891,179505.34
63301,13535.149
12350,36227.156
74501,8888.527
88427,5066.2783
114019,31296.924
13567,18275.19
3257,102798.13
36486,110338.58
107620,13137.981
82721,7348.89
109087,48501.65
129041,23789.307
41426,37044.945
50267,46665.348
64478,2882.543
6794,11802.745
141520,15256.397
84959,8444.833
122402,8009.011
55415,12651.275
35615,13436.045
95627,1109.3419
65720,14099.796
85671,13339.49
132974,125821.734
110921,23454.33
145473,25134.895
17012,9614.687
4837,19753.988
57488,4827.373
72036,4264.9053
104356,118279.92
9286,20175.59
66756,38931.406
34006,63100.4
12566,33046.2
65462,17748.365
50749,11746.81
84345,4386.792
25156,9471.911
53466,13046.101
78213,20053.4
15402,16466.531
147616,26731.691
79251,5684.5312
103257,9277.677
71734,33769.223
91014,17673.795
64922,7074.9766
13691,31180.072
94542,13652.52
111597,6942.9604
78262,71314.234
12020,5081.6484
43250,227121.47
57431,81464.19
132241,312380.1
27352,9978.593
24292,25023.84
84109,8073.635
123598,107411.18
140369,45168.69
44035,22752.58
13873,112168.75
4496,72715.04
149943,31627.234
24510,63092.523
38952,10730.231
47947,43036.887
120638,25387.178
39249,86420.6
114530,66280.28
15281,29099.455
129977,5467.7246
69890,116151.25
44657,16816.635
41463,5223.958
53302,3452.315
67670,78539.0
2274,88796.46
125287,10888.654
115872,12330.162
132044,27076.908
143073,16135.901
63520,17642.193
42574,10430.016
35341,18796.822
60280,16580.076
84739,30187.068
83583,2042.6545
131690,5793.291
114525,52447.656
3563,95968.56
53331,3179.8362
58944,7860.4023
104553,107685.38
144062,23331.215
76298,50687.88
52929,108861.49
135155,8236.778
125659,26284.115
87801,5967.8125
48834,65347.902
72950,38054.875
33764,23208.72
12397,5924.588
36067,60099.37
148795,7959.7246
65419,89983.734
46227,2209.1155
62441,12843.499
16838,6798.4155
75623,5877.4976
82802,39547.312
30271,46112.168
8615,20325.338
77130,5932.3066
5372,6056.997
96329,34940.094
23517,21680.281
41377,34073.74
121553,10539.5
93839,34112.875
117293,79311.71
64134,34049.293
140776,1785.2881
16906,1720.4252
43430,57381.85
33633,44582.13
149359,23690.28
42057,50181.086
118449,48142.875
142133,15885.176
35664,38956.6
82360,13495.698
36746,71623.305
78583,9328.916
93461,61184.96
116384,15811.711
95318,35474.156
85145,10494.512
82714,9877.48
116923,39334.215
133518,7582.9004
68311,17489.45
81845,9221.417
144042,9149.891
94726,7131.013
127459,49567.504
116357,65118.45
141144,28232.613
51533,20788.008
68093,55498.48
16527,6987.032
70958,112294.52
114118,9195.821
19657,10792.127
141242,3406.7207
33578,48841.734
108189,21489.584
103232,34546.293
115952,13083.897
111722,2518.2004
81838,35584.68
108943,20465.465
40607,56302.33
105779,69475.96
19205,9445.384
145535,1386.2997
65561,22769.705
44117,76987.18
109857,6182.4707
52887,6300.3345
57810,13036.932
72999,35030.848
95906,36143.227
137427,2896.0798
58222,67506.76
114937,83975.27
36001,64051.42
84841,33638.555
125954,81600.23
16342,6100.773
70270,14832.986
143016,2921.2065
123559,3098.3086
75046,11242.724
72158,102310.48
36371,49239.086
40706,5522.4136
93559,7120.3047
63055,23656.482
75845,23395.777
26429,32102.918
145519,84412.414
10459,5165.1333
124696,16577.822
91952,14203.131
148082,177176.56
83357,32807.29
55225,11580.651
5429,10729.713
64039,21992.75
90330,7605.035
101162,31309.693
103330,77922.84
56623,83457.75
73439,69177.3
80254,2084.2468
39717,26492.055
122498,22372.832
123917,12520.497
136792,25353.246
23934,171292.78
31413,13135.535
135820,15076.465
147012,24250.879
10152,13597.141
113918,5104.398
117414,25619.06
118856,22153.156
3798,15341.514
135865,7586.077
52656,35210.02
106184,141028.34
115879,5461.33
140872,59451.645
772,32972.63
33443,18875.545
134048,15134.66
96355,56952.324
84057,11167.229
84182,4117.189
136274,12517.662
88585,33676.766
100839,2311.6335
134531,9384.261
14368,7210.569
82099,30546.791
185,3274.3186
149030,148344.81
129630,54118.555
64322,13785.469
95513,12651.505
18513,28776.168
26354,42028.332
47901,7990.7646
16922,1924.1516
28876,24312.7
2884,21692.379
25843,223574.22
52618,180748.2
36161,72810.24
28015,46268.42
144088,10476.02
79928,20634.36
134117,3608.201
7030,4976.3135
5201,7532.6367
144949,45919.39
100752,19617.691
124373,8860.311
138044,9106.787
62368,12487.719
38182,57793.68
63480,23652.06
101185,20525.941
44837,121100.984
38975,9061.713
61918,6958.8066
72824,213679.95
28028,43673.54
61292,26074.742
71055,146729.86
100833,15922.237
107403,23294.676
37899,44026.812
8166,27705.588
135380,152008.23
51828,165912.44
88056,18718.672
144364,34839.28
43019,2668.1763
65259,3489.0046
78316,3634.5125
56624,5393.478
97577,28269.273
91176,5357.0513
123565,24913.621
77156,1556.4313
28054,17208.586
55584,40322.902
135008,46727.543
25759,80863.37
50112,1953.8003
16933,25678.424
126777,13495.733
21929,9764.354
119111,2007.1484
49182,22928.3
59,16878.887
110029,4189.293
92169,18537.426
146042,27434.652
127886,15575.381
79579,5406.4277
84949,829.1208
61317,13102.084
116156,46272.39
143325,90240.805
50555,19778.96
21635,25764.42
112860,12047.846
79890,52886.113
77725,53076.785
69050,130361.81
128928,18691.04
77946,12062.386
144928,76753.734
15606,3900.8152
4505,3986.4778
108658,7339.1426
38659,17860.516
139093,13766.145
95583,53442.87
76165,86898.555
31553,11025.564
60952,89192.64
23996,99697.195
69320,30314.3
108352,127801.55
33188,6874.8174
3110,13710.193
141085,19586.406
20010,37256.63
11171,13852.07
144690,9269.611
105783,6346.041
100631,18547.287
129033,109866.76
105207,4901.419
34353,3901.6187
19858,9506.68
73373,70044.805
101722,28649.154
4553,37176.895
124529,18242.094
105004,106155.125
118734,8057.115
81791,42923.215
4746,6741.9204
120748,148695.83
83703,71845.13
43745,3619.8977
42431,37526.11
57500,1309.6311
141957,39664.734
8181,5774.8516
12634,176329.38
89151,55812.508
95600,90246.02
21797,15461.755
16262,5786.476
105581,59026.426
85840,17664.654
118776,44032.754
31267,24605.162
124357,91561.414
74507,29956.568
505,30485.596
137337,31941.936
14898,12490.121
117165,73012.69
125885,12378.841
147625,69840.72
2074,66269.26
41023,5644.622
117138,22032.857
136382,69674.98
9252,4616.8677
115398,43991.73
106412,7039.661
40086,1660.6096
43048,8227.92
124813,48085.375
79212,4126.363
91429,11112.502
59360,56667.664
80088,15418.367
28267,8104.22
123252,668.87274
132672,21641.887
104896,19132.64
3823,9142.629
139012,13335.283
129420,59602.7
41173,21902.871
99722,56818.055
90468,24073.654
98456,15847.163
6494,156263.08
117117,21092.984
76143,107181.3
81764,32940.074
95839,5662.539
141496,21708.54
27036,45717.867
108676,58131.5
103658,10523.472
72198,31324.342
45410,37579.91
442,53365.39
117698,73236.88
32010,14361.142
44708,9328.803
36553,15820.605
40506,34305.5
69378,12390.851
38504,92448.42
57422,3072.344
8208,15589.46
87919,11733.903
26136,3230.71
78902,8482.663
134796,16641.777
103301,62273.68
47147,2200.5688
44988,14327.522
49090,36599.742
54332,17142.66
97686,31295.844
54377,11216.013
33391,3084.8816
134375,14113.63
146852,78090.14
141871,7467.443
31266,72748.86
59728,5766.058
111193,8385.185
73016,29677.963
79589,11997.256
144590,6240.824
39094,91505.4
14160,6089.8193
4415,18304.014
119969,6104.038
9691,18868.863
73864,3863.8862
143335,10409.933
71843,28178.574
66048,17443.285
41859,11361.532
62222,22795.943
143931,49344.48
142003,51210.4
92912,75256.22
10125,48780.82
109417,5710.704
54244,10382.699
88390,32854.03
39466,3986.787
51664,33478.984
75227,68577.63
35656,75133.03
98432,251954.05
2177,113647.89
104795,13425.487
23657,3692.2668
121284,52282.45
126811,26864.857
93873,69175.57
64645,25137.229
127584,30566.068
11804,54254.887
5231,85694.76
32342,9673.284
9327,2598.3264
126491,16005.208
105246,60124.402
84360,3518.448
29292,168451.86
85327,20520.691
146003,51673.688
14205,20033.557
15224,20222.787
8973,23845.225
40252,74383.516
20878,69434.94
14310,5387.5737
58841,9963.951
90992,37729.723
72188,8724.221
24682,86564.57
95552,32581.064
59415,7962.57
146733,13428.277
113349,6375.766
69156,14156.17
10841,12299.813
80613,45415.496
124270,21149.807
72333,36697.582
148980,158000.69
133151,7875.562
34922,67957.47
121745,10511.197
149556,112263.97
117093,15539.026
42128,113909.63
71242,3393.7239
40137,10367.852
137375,21893.47
74954,29954.42
94922,26925.918
42484,1694.2097
145525,17459.02
74647,8033.765
119662,15158.162
56028,8586.907
39583,8761.909
108950,11572.844
35246,82509.46
100634,62739.98
46752,60870.266
47695,17229.078
62957,35716.56
125493,330977.22
47256,9339.781
78701,27538.436
19223,12506.51
118252,13332.945
51925,91885.984
108149,22579.959
48752,31320.969
5530,93912.91
132866,11179.8545
35329,132883.19
114334,32884.72
89949,60134.277
21676,31288.49
116510,10063.947
100630,13686.974
104587,2332.281
110338,51088.17
54849,17297.68
147746,36267.57
92806,12209.246
24316,63948.777
143269,29837.258
111690,8602.142
141262,199546.56
19456,37424.85
137499,19500.604
67972,27338.664
68402,7215.4316
62680,16608.125
137570,51356.617
27365,3492.8757
137036,100851.914
7288,25218.168
42979,6482.7954
93046,11964.081
102287,7014.906
140425,26617.602
97218,4516.646
37683,28055.943
74806,20356.973
29947,33154.33
9198,235910.25
78448,17920.396
28116,34673.023
51780,5686.5386
110039,5249.4946
85506,24600.984
9533,4588.813
65177,6029.4204
116825,99901.58
106235,28967.254
81127,12802.369
6362,6819.198
125422,76974.36
59200,21976.172
64675,34860.27
13225,10118.606
121800,7297.898
114712,19865.02
130406,88766.46
119430,3769.7021
135018,7167.3423
95624,12550.983
33588,14033.574
81935,48163.754
74658,30246.33
8735,7429.744
113894,114460.56
55152,-1003.4701
16348,7839.0938
14183,13179.855
49986,95897.05
6734,55429.965
6966,8227.765
129755,137709.7
138440,20901.514
80380,25016.75
145703,320349.66
37764,120039.6
87281,7708.9185
96843,45173.42
37157,7606.138
86843,74517.05
3283,39319.812
36549,16802.656
5972,3917.8745
20030,22916.451
96875,239309.61
9448,24341.543
121145,9813.442
96643,2923.631
85106,106105.77
40458,47549.13
2045,25495.402
89127,31386.43
34490,13619.864
38931,6978.684
71647,8690.549
67021,23463.334
16333,48025.082
16346,37431.66
127677,26923.668
109870,93849.445
35178,129000.19
109898,14974.149
113353,22097.258
108596,47640.035
20147,10911.158
126139,3505.2756
112483,84851.22
13899,13859.892
145095,5976.2275
149278,93114.58
8962,133930.53
126432,42188.508
148556,13725.139
95466,4116.0244
20496,30039.223
39374,10487.93
136608,20008.986
32492,1483.4186
145046,18724.344
136769,13317.733
38463,7455.547
88944,9935.043
92172,31429.887
92043,11643.449
15651,40671.793
58482,39791.293
46858,13379.132
136752,5045.3867
21795,19596.85
10311,8332.081
45300,6625.7495
144489,2226.017
113811,54317.496
139672,3402.429
147075,6922.2417
106047,62522.0
75138,40329.58
16452,13548.009
89667,2054.2502
47785,236481.77
3424,29958.152
12670,8037.4175
96946,5818.824
129416,51209.24
16742,9318.451
127059,17661.66
136465,10259.07
121529,27677.738
13729,38817.617
52977,8030.6484
92240,155171.2
86964,24565.637
124299,5550.681
70910,57175.008
36850,86207.016
107120,7516.9844
23452,8413.164
66274,91782.195
48364,20939.742
93003,1576.4415
4818,3510.2795
109558,3470.1978
145903,95148.32
115656,20367.139
135483,12325.824
137613,70566.57
2966,14215.619
132449,4096.751
28581,14901.41
5732,103270.05
140920,6522.032
122114,231854.08
98364,21412.76
24754,6128.9917
94459,5500.619
3296,29692.053
48916,11836.067
19099,67616.46
41101,21761.9
148100,11811.266
119389,12099.957
116792,15107.847
364,69170.94
52510,17302.727
116813,18094.908
102963,99669.23
143011,6005.514
52726,11748.977
146895,95534.95
98839,15573.052
18848,46048.445
116297,14621.946
21440,21453.598
38328,9854.735
61648,29179.771
57035,6751.966
115690,12794.735
128463,42755.62
105152,2495.2446
77850,36968.477
36515,40781.76
59723,7766.5757
16939,19700.584
79515,121976.58
113798,73930.234
29429,17512.549
41215,69703.07
125827,83399.15
3056,7036.3213
146409,2959.9932
34283,127594.766
112892,47712.53
66638,7249.827
119456,89606.39
16721,22321.084
149658,53537.55
51898,215845.03
111203,109643.92
143153,18934.701
35915,9724.173
78885,26877.998
27105,8546.437
58726,50429.37
13623,89837.375
43023,11887.77
1022,50450.34
18993,22174.082
66960,129903.234
15531,89987.484
4374,68236.8
144790,73808.82
21863,36978.22
72998,5479.128
137785,3551.547
142341,46553.06
51389,7223.0786
71912,21873.094
99683,18385.143
43097,15321.602
8068,35216.617
54028,178272.2
19201,14867.061
140128,6135.6978
6770,3318.528
26150,3922.7004
34520,42163.934
87289,11187.593
21387,2986.0105
67835,34293.562
11121,22184.365
54160,113151.95
129608,58249.58
117552,28243.889
93840,11918.427
31409,28110.83
98433,36699.246
108769,17253.475
127322,5056.8613
73953,38662.992
146354,18728.121
110941,69953.164
143608,17561.096
66940,19897.283
113503,5582.5938
6653,6367.658
83544,7839.962
119678,74574.26
52916,18950.668
88841,34146.574
124225,18356.432
112409,71887.32
33872,55808.98
4001,6760.267
78758,8678.442
99485,6251.8813
126762,65081.02
101370,43450.086
126332,142902.98
110103,4660.5547
106131,3512.3918
80343,53317.92
136272,137033.75
77724,6396.1733
67674,41499.04
130104,20134.504
53344,102461.836
101107,14180.401
55566,31626.588
78927,81682.53
132481,15370.498
141632,23970.46
142693,91579.27
141458,9334.61
49361,121226.664
89863,19948.805
148226,36069.668
89367,33826.375
131410,2411.2332
97493,2566.6052
7010,111158.85
80553,28483.828
92601,17416.855
64089,57191.03
65912,7772.542
20227,51218.215
15899,277.70123
68383,10023.2
131293,43779.73
78648,13359.13
114187,53952.633
17391,51674.86
135323,10425.342
40335,20542.232
146764,29182.729
130141,6983.2207
5958,180421.34
22313,6359.2427
104574,8279.973
69288,4740.5503
38286,102268.13
87347,24000.553
93213,2678.8286
62133,115500.6
141540,21128.232
74746,9373.971
95010,52606.76
118250,46168.457
115810,27496.746
70355,12041.415
68227,2869.9604
122451,35422.254
17455,19258.836
144857,14234.713
9217,57209.105
30346,12453.122
51674,6861.7026
11381,32629.06
47547,4312.595
16645,22075.635
95859,2564.9724
99982,5126.467
61538,67355.81
26822,10062.637
76995,32230.516
125417,14686.722
41183,6459.9795
97134,5529.5854
76351,3431.0303
147648,89331.33
87954,99980.3
126885,32389.332
126823,5852.0537
135200,2805.4473
93517,33820.742
127369,2654.5107
126154,6471.422
83661,44626.777
44632,36099.91
41089,89049.766
43494,67714.984
121989,21120.354
43474,68679.7
100124,15481.7295
128978,4123.285
103111,33893.062
113341,61881.934
126025,19378.006
64691,17433.898
60534,22470.969
49247,20841.39
81591,5792.8594
52065,2625.3716
80048,32198.965
92250,4646.113
34723,56368.62
111400,2727.487
15556,87149.54
62331,17634.818
121552,47002.984
94882,42418.82
28993,199436.34
102560,34498.523
83906,43335.31
29073,8189.4653
1830,5851.1323
27306,8737.634
57475,7430.529
67430,14258.612
6339,11120.906
959,508.94403
31582,30180.936
132662,12184.985
110043,7213.1606
135377,6849.8765
82161,35146.785
131611,8390.686
20149,26752.771
137195,10278.139
31654,45213.72
139613,5632.3286
21322,23076.383
38859,24530.137
111785,31577.344
117171,10351.961
41391,24850.297
136167,70503.75
113786,52906.066
99172,19372.426
29545,188621.67
97050,52665.914
47802,29505.438
77370,64833.133
81288,45770.695
106357,71730.99
145959,8837.952
8444,3579.853
95052,10562.196
64883,138781.84
88451,17585.55
55392,8500.509
116644,104601.29
54350,24706.633
6743,10707.674
35110,5311.3677
86856,4278.0103
76302,32954.863
54509,57719.645
11793,29952.18
143758,14471.087
5855,4339.494
49876,20664.586
51319,56768.555
50615,30457.625
127874,29456.324
63393,29693.836
23192,146268.11
80317,17727.738
48594,6297.184
38690,118940.484
22234,44432.656
42084,11041.87
54721,24440.352
121734,240944.03
58876,3982.1719
14487,24901.914
33024,21114.168
83030,1927.2184
56857,5239.6055
21716,36341.066
56601,8258.006
116549,8235.941
37772,21248.053
13257,28567.984
35270,20007.768
97150,14202.029
121356,5263.677
8059,12605.315
45307,10168.759
123812,20404.906
132524,13365.756
75490,119417.78
31578,19169.752
57835,16353.982
69406,6516.2007
59465,23939.547
110747,87815.62
125106,13871.137
124844,19089.107
118827,17165.373
106210,15409.435
41416,58096.117
17688,82475.45
56032,32198.414
144965,2419.381
43866,48721.96
66612,95826.01
82127,217411.7
82437,15186.457
58484,19133.463
55952,15179.109
58761,7875.562
12565,69054.57
48280,2495.063
86554,10434.378
110247,81193.55
104716,7351.747
71578,13843.204
125356,47551.965
36911,117873.05
8540,86155.68
41011,56407.49
107305,9818.614
74026,10706.117
136758,205437.28
61572,1903.037
28080,7929.4985
32487,94675.0
51346,23402.746
46318,22098.725
45424,212266.45
104711,7811.5503
140219,9309.112
33624,40773.105
126571,6725.945
84410,6625.9253
120558,1192.347
90984,24683.908
146061,30815.156
43184,40880.832
16787,38295.785
106648,95598.01
54282,209094.52
115217,13202.663
123943,10949.262
96842,2940.756
10849,22062.434
76032,47759.57
70453,36431.31
53822,8833.532
40251,1645.8022
40769,4307.5024
83814,54011.37
94893,8494.569
83131,5460.9087
88442,13647.048
1592,37111.93
147911,56276.438
94167,187626.12
106143,12192.123
19193,50447.363
27576,63526.746
28145,34508.266
139952,99048.69
93259,3013.9238
79484,12152.532
77804,75638.664
88615,61297.656
73289,5854.329
125269,112112.17
1826,88377.97
49379,7555.4688
146922,4209.0483
14821,8348.975
100433,19916.002
77398,1634.3638
66633,24271.64
88997,53227.33
4748,23820.332
56952,1732.1553
55227,54934.273
71176,5053.486
97631,12315.07
135436,1191.0255
94740,13374.9
58255,72082.83
27086,16244.718
67377,431188.94
123381,17157.215
146989,41463.19
27466,20054.605
144503,68852.74
142195,30183.803
87145,71925.1
145029,21331.645
119370,55283.938
147788,35723.707
34207,6990.3975
180,59944.38
26961,5522.804
125089,4055.5818
24496,97812.31
34948,5377.371
90202,32713.006
64324,9779.989
144832,11110.295
63458,619.2914
98611,97634.71
2940,10493.58
133166,22366.945
41076,13002.447
79371,79872.4
49508,43027.344
35389,28777.766
123697,38039.92
33416,3832.7083
42167,17600.602
74009,11012.852
115828,31724.89
39288,6942.3887
81743,12668.68
140129,16858.232
141631,8898.473
110783,5965.8623
113718,49658.58
89483,8308.34
124112,1898.8342
69491,23926.605
21806,7569.021
114030,38831.688
136097,39839.01
26935,22615.305
111015,6496.0195
96600,7731.3594
95147,122355.98
40718,53309.016
91024,7486.503
140449,8080.1426
10268,29964.318
146913,96004.664
77190,889.193
42840,101960.78
105708,29906.232
55800,15081.345
27315,5354.4746
147315,29480.352
133550,3606.5823
137382,30207.324
125687,17011.158
58430,74278.0
98683,67768.08
126836,17506.102
133729,12761.595
135583,20631.662
22611,62323.21
107929,67070.375
20377,7926.528
111346,5794.9053
59938,11999.432
79713,5158.006
37731,40517.355
96017,18030.607
141286,17626.89
12071,18296.393
86626,534.5369
70643,58897.656
67715,16603.389
10686,25326.932
61239,101325.23
144488,9980.969
70307,34921.906
148631,2054.8364
137947,55932.957
60315,17281.127
125304,9898.795
45583,2785.049
111792,59067.938
91051,39275.625
80148,4609.7607
134865,9939.621
22136,73466.54
146463,13807.755
65503,47649.703
133422,56692.42
47858,1475.482
72329,8812.211
64141,4820.9014
106772,27228.238
24681,77227.086
120387,8180.163
105704,56888.64
133689,5207.538
131649,54465.137
105032,72868.5
102249,18219.066
120289,52623.062
82261,48532.04
92599,89327.79
65255,58317.348
114624,42481.66
115245,129135.14
85236,26683.658
90637,16472.791
93172,8207.799
103239,6094.7266
71823,53608.902
95653,35236.066
34481,3684.718
19416,5965.781
116035,11921.413
90893,22184.795
138120,21188.01
44049,37961.62
61465,3660.3855
74868,44050.96
38601,3807.4824
52444,412102.0
109233,117588.48
37990,22504.268
5632,6570.262
93875,6390.796
127370,54117.87
90832,13207.197
27606,-561.71265
16635,68224.93
127772,5374.0127
81380,5944.899
47631,23757.705
36973,8921.195
86306,29716.236
96810,96280.97
129886,15702.404
20814,4146.2227
19910,50769.59
129057,4351.528
148551,65018.13
98427,21088.686
11174,58142.54
142451,7391.0444
41880,125517.63
133723,6457.7617
155,54266.08
24950,2197.033
25514,52447.13
114536,300422.38
10382,96711.555
107052,76674.43
111643,65611.55
84823,4039.8975
146834,94215.46
136537,63840.55
4153,3679.4475
149079,37721.99
46676,32623.107
74962,8637.675
32586,52874.312
66833,1748.253
8941,35534.8
12103,26726.662
31114,19983.658
73096,271301.2
6332,80388.85
27363,12985.176
79008,39820.434
52736,13868.756
84407,21791.549
83183,20054.246
98615,85075.59
47830,195304.55
146765,7832.928
85971,158877.89
7061,60598.805
95919,66565.016
50623,21285.527
121147,43471.17
144388,6569.074
114330,51726.01
20504,8594.374
19373,32195.756
94194,2800.753
122425,17723.246
83090,45918.242
114239,56433.805
24571,20003.566
54503,28867.88
47442,35936.88
126077,14171.812
62791,15799.848
23519,52766.86
22023,104422.16
108882,41913.574
114295,26438.09
20176,6538.4023
11800,22691.36
106160,141896.38
137838,12674.828
10124,23872.365
83614,38094.254
65105,83399.27
122920,4158.253
109438,10136.252
4560,99265.03
9854,11543.767
40876,42344.438
101437,6570.398
82057,21764.043
127529,8748.062
17409,190429.45
63097,17758.322
60147,80171.88
55761,5294.521
89279,3460.2183
11255,15573.363
56886,34091.72
138351,138596.22
133274,97112.25
116571,5507.273
53227,30522.305
117261,149192.98
35102,29895.7
59053,1690.1699
11194,5690.896
35659,25712.582
52741,2140.7341
55871,15601.214
114230,7198.4565
75165,19867.031
112371,68406.53
6678,12290.71
88165,4368.4326
126978,76556.72
147853,6212.2534
2926,11737.519
80277,19051.287
71660,86168.21
49035,12396.556
131338,28564.545
109084,19169.518
148180,34586.445
48969,180860.78
24805,15192.561
130170,3717.153
88455,119160.07
72274,231423.77
31744,38617.355
143232,45318.125
108083,37507.84
112846,45532.773
62379,61497.73
19538,71989.43
69328,28516.902
52254,24399.75
32339,43561.84
144476,60711.08
125489,196302.02
127254,17542.723
87269,71904.95
29287,45182.312
52907,10780.635
26731,7835.886
59665,34265.938
105479,21928.746
146980,4351.528
111478,2091.989
52179,42555.91
17039,25219.553
124447,22770.53
122744,29806.344
47237,57628.426
9898,150101.88
74378,40502.996
51332,197171.38
34638,7186.1035
32774,11004.314
43522,14323.745
99098,16517.682
47586,123690.36
15978,79890.875
147974,26028.05
45955,27958.799
66874,4541.5674
28005,2091.8728
49386,11879.543
63823,3438.4136
94349,8456.51
15166,23763.041
9401,4185.2812
62854,13257.986
29012,8287.889
21845,104031.93
117628,83271.79
120960,17524.373
84951,141994.67
125823,17937.22
33253,54143.164
87267,71507.99
130108,7168.061
15444,1215.882
92239,5703.3457
137817,9062.74
35215,25022.574
69868,10210.954
54126,24741.785
103415,10041.932
109581,5618.9033
149836,29503.871
140416,10082.587
70441,75925.195
81887,18165.148
82264,21659.715
5748,33255.277
91788,6336.0337
125534,34398.633
61345,84929.93
112138,69736.445
62383,28783.074
121894,6652.649
140066,43493.477
9935,7926.74
6668,57545.06
56349,5675.405
87484,113372.05
25517,201439.39
121176,55521.445
34008,29487.672
60500,114379.82
83215,24589.465
113350,31922.623
86764,39685.188
133985,100285.29
145841,7562.4424
124059,24317.074
34270,63457.895
59926,11009.689
128249,10185.98
149087,58647.543
34616,18428.229
147222,7926.1064
35843,5126.312
131746,8155.435
3830,1197.1458
4644,56319.156
139430,38301.293
26050,27962.203
10597,7501.9697
96269,8845.798
29654,59719.695
1364,39752.184
44216,4046.9924
86611,4468.501
149601,21065.46
23376,8028.175
104503,34368.363
83654,22730.799
99882,17158.785
54664,11479.828
30638,5718.797
54542,112794.88
96358,1614.6869
27399,19663.31
41078,79037.12
98835,46473.305
89958,19583.797
143411,12320.207
139960,26917.623
84552,27762.555
3341,18499.625
67241,18931.75
34457,4123.4214
143976,24470.668
1106,62402.406
6276,64714.355
76943,28106.521
35824,5996.077
70897,79458.42
85461,5943.886
54093,45721.04
39204,235499.64
144616,61302.363
32710,70769.9
130116,47939.465
65773,38520.223
85632,122906.61
84581,11366.954
38190,115993.61
118337,9169.074
84070,8160.3687
108430,56667.965
36547,6265.3135
74459,3886.6707
93073,6166.2236
108409,61132.77
54171,62523.17
124438,4927.2993
30020,4895.752
134772,1816.6984
64829,1761.6042
138722,58168.504
23365,5011.703
37897,65022.94
148861,50992.574
116265,25382.318
4875,117530.32
52176,40565.938
146828,27501.217
64174,3729.425
27415,2235.7048
115566,6651.9883
51084,52233.14
45853,18157.688
46814,10636.876
102665,20706.805
130476,1296.2654
27088,16565.678
126102,9257.228
70998,92742.27
51315,108748.055
5451,8969.964
127494,3597.116
58685,22382.13
109631,56770.867
47710,59010.797
140679,86965.4
130947,27963.352
111311,5023.4375
27182,9383.669
48354,28954.707
67168,13229.412
93086,144189.27
15405,1573.1984
60074,31593.17
71039,20181.635
95189,20935.334
117608,7015.3384
69047,4923.5103
117145,14132.222
134825,54571.895
65344,13417.9375
100133,9096.348
142956,4267.6846
140657,3187.329
93007,21806.117
89619,67370.17
21462,59715.98
58764,8339.888
7276,24766.559
116304,32374.422
38073,63850.7
93626,80533.164
82280,77819.5
117069,34677.176
125782,8739.445
64417,9859.6
122228,11961.423
137991,57566.754
104935,7548.1597
109207,2051.3918
37009,8877.731
3848,89537.91
109985,4417.7407
89406,12662.88
94434,69004.43
117003,35100.824
121851,29347.188
578,7092.6455
48910,123527.7
9894,17363.445
6435,20152.615
137925,4246.9746
97157,13009.826
44764,27144.041
83355,54213.395
27773,208249.88
25254,40971.746
4305,10708.211
56093,19332.355
131407,41230.87
84884,6592.223
36434,19256.658
20021,56640.83
119636,2796.9487
94051,46596.016
126043,9344.471
26661,35375.617
138381,2711.332
76822,27954.287
143028,32242.02
51348,61385.336
114226,5215.408
120566,99458.62
79093,1368.5518
66767,115383.79
109228,7063.6333
24101,44129.3
4955,15617.709
25048,25649.969
103484,25646.656
37436,123752.94
56380,13073.428
124846,65176.156
71856,63942.676
8071,24824.555
107853,6637.9873
130460,6111.377
78599,2690.514
7319,8374.37
81339,5470.8438
74588,56681.117
10689,70520.41
98357,5538.414
36395,44476.742
52963,72900.91
31861,9125.902
144391,13071.036
107196,44751.656
37191,7880.924
16644,20019.314
2372,13901.892
97271,26757.604
58954,29307.172
92790,25804.473
124854,111435.62
51251,30356.705
6823,42127.79
61558,27757.465
125300,142727.55
105363,68270.63
620,88304.79
82798,13055.776
30395,5795.307
35851,17509.154
102028,7915.8745
34919,32866.957
104766,2046.5913
120735,10244.826
84964,19063.188
131305,24250.312
117441,2213.7646
105480,15405.3125
35990,11408.248
81862,97404.32
55493,25556.148
108838,3308.409
63290,4772.519
18243,2816.062
64015,35530.918
83017,51641.75
72864,5097.5557
129771,3957.122
145063,75802.42
50627,36803.816
36645,29954.113
105237,11054.219
49851,20425.016
118815,701.11115
124715,14354.773
98923,8386.051
8858,155026.8
107782,10397.335
45030,120860.21
92344,3556.5693
142355,16331.482
119607,4683.3555
12423,72350.625
52267,3462.0667
8361,7183.3525
1016,9248.789
37364,46436.2
142233,69368.39
65579,25603.797
3582,46952.023
2839,1998.7476
117913,41835.465
74117,26396.252
55744,90442.54
19124,7491.4717
57059,10717.499
92294,35828.203
47050,29766.271
109204,41030.12
139917,20411.285
78658,33526.914
6711,4044.9316
19040,26839.89
141036,28363.416
83597,19074.787
16693,59134.734
17777,455.91733
101943,4600.6333
14288,10858.007
78094,20310.918
76930,28698.672
123464,14101.343
36821,238380.72
113085,32346.18
50654,19130.771
107654,26626.68
22845,6602.129
37268,13218.612
58122,92381.14
58316,18923.025
82063,830.83514
857,10011.744
48823,7367.6455
24794,28957.352
49999,6942.5654
112492,27964.883
71197,11084.631
19731,10308.225
38456,14644.582
95834,9273.173
104310,39732.426
46184,19174.893
72988,99644.62
78032,37037.26
106786,12486.868
122715,3912.4211
142373,17751.697
78418,7582.862
126649,1837.9336
53499,7913.4707
54053,79947.47
23397,4649.91
148777,197026.61
71827,41733.24
97895,22442.535
106432,92041.1
54520,2044.267
8130,77717.69
136706,185393.22
58814,90931.305
87359,21298.28
105376,39566.957
112219,4901.8237
136169,10258.585
30398,135417.42
74985,10598.683
21208,63522.742
56319,1475.3226
110850,97934.37
70981,27965.348
42252,154635.45
13172,7622.2764
91710,80243.29
101500,14275.61
100529,83968.766
58719,8440.561
36326,22536.205
34411,65345.105
110665,52329.047
81370,4952.2676
3549,8822.291
2637,32341.607
53681,11078.762
143293,16755.494
71294,66789.414
130548,28873.914
141027,126735.47
63318,3597.3687
107321,23969.826
3347,77412.14
143042,12634.43
65412,13109.241
141229,149299.62
27215,4976.3135
147472,1496.7986
50436,1078.4498
117207,23436.355
29728,54258.508
137950,17099.455
123516,32838.25
14862,25384.271
145567,57153.94
123661,15117.07
63498,3749.561
50952,4623.9424
114000,6255.4795
32749,81284.99
106542,413232.25
5489,4099.8433
57774,85282.266
94238,40885.086
35073,12514.158
18132,4614.234
118710,18250.084
14391,13359.074
18514,39680.68
48948,25153.807
75540,54937.63
58369,102652.86
18098,5851.276
88500,2764.0742
53521,9368.307
143587,8673.06
16597,46603.184
59433,161938.75
115093,56679.26
93422,2962.8564
50754,94255.9
133131,49562.773
14651,80200.24
121035,56872.457
26425,17379.494
64326,73011.664
137096,152580.84
127176,46331.242
16256,3302.037
51749,57873.23
35498,5516.5186
95277,43394.332
115101,52205.996
16248,42808.125
60277,48926.277
47980,25522.97
8643,26712.809
141706,20525.83
108141,151697.48
146072,53435.57
30097,76844.516
16001,16479.969
8426,43205.67
80436,123853.77
54560,13315.0205
112800,39504.93
137418,8661.35
120315,45256.816
106389,13876.525
51546,6702.5083
21400,5370.345
58709,52750.42
58128,5723.3325
103339,1705.0366
12838,72455.34
108263,15146.305
121112,66972.63
141109,10435.835
880,7562.9487
123156,8454.845
113177,10756.557
34250,122973.164
42954,80584.63
58520,7580.376
143227,317981.12
121708,3952.6746
83107,26145.666
145085,5755.231
120615,9945.133
145291,4374.796
148457,20729.621
36484,72592.086
130235,12538.602
25516,12037.567
122208,53042.152
38462,67216.87
9620,57147.797
64987,20676.865
146701,11781.951
24984,28812.168
52139,3910.9626
78150,22914.402
111496,30703.11
4268,18849.188
108230,32185.023
13922,40039.984
142046,69984.375
62667,83316.19
115721,2456.76
133495,22795.666
7325,33445.125
9982,16825.176
123139,19880.596
62544,2450.8372
109969,28851.164
53185,98005.78
107907,28250.246
95084,99890.38
96839,112124.87
61300,4439.383
53625,2080.7966
2690,4464.5215
120008,15431.307
124971,86223.6
106900,19582.172
105874,77823.0
119728,34130.62
148190,67073.35
67339,7649.539
58010,37191.027
72053,11054.922
40643,28407.646
40648,11707.6
20129,1570.9822
131286,7548.202
97959,90966.67
123740,45731.93
38047,13575.655
22393,5642.4155
86534,14880.854
96916,24390.82
58175,94077.39
75616,16206.768
110786,16307.554
135611,8622.28
47646,86050.91
108029,15081.545
22212,11371.649
109772,21327.615
4026,15777.796
38345,2827.2964
88738,21950.547
49451,149641.78
122663,24717.152
64069,81603.85
10395,16976.955
8703,8065.151
80602,9080.253
53787,18814.68
67016,2687.3167
9789,6807.097
147709,5489.396
112389,27790.781
78474,59306.906
76643,19112.852
20664,118350.62
15192,351847.84
95974,77934.49
142111,58721.188
93920,35295.043
14437,7234.824
126473,9577.003
136409,51793.805
1405,13503.258
57327,40782.418
103131,15129.225
98210,9560.37
132869,14202.352
9067,8917.681
90921,52619.69
67128,76607.34
72308,8897.584
434,13956.161
145442,108555.664
143797,52776.97
23276,22473.174
101252,6702.0957
121699,7496.362
135467,11468.446
133893,63092.06
17330,15950.031
74946,20491.912
10206,21831.62
119675,79058.875
66453,53571.367
133046,84212.94
8985,34927.203
101684,2633.041
120753,10329.797
17724,6064.5063
127569,20533.203
88152,77672.46
86997,33559.22
123863,172449.86
109039,22913.867
9364,96749.67
127040,4930.5083
74679,11167.441
33820,55014.69
139435,24240.256
16005,111959.42
30761,41750.71
83724,24688.047
37862,17639.648
123674,9648.232
67146,281465.47
17230,41102.723
88521,116089.945
71682,10246.444
108365,82520.89
66910,4788.291
27426,41895.52
101416,6804.408
44271,47649.71
25016,54323.164
15617,9821.263
50190,39654.81
88037,6419.257
30008,64524.227
113926,52101.64
133346,10605.162
142096,10261.919
20332,47878.69
136536,2626.9763
88278,38258.246
49845,26874.63
131429,11527.696
110295,36271.305
63288,24839.148
60683,16847.018
44802,22771.97
43875,5231.0566
10330,12121.062
119163,3940.6921
72192,13682.221
122119,69958.53
79128,29148.893
60278,8860.959
85308,28784.855
144628,10972.475
18463,13821.403
77310,17082.088
94157,80791.72
41985,18716.201
56256,9678.959
81533,27268.578
86636,19217.41
89990,3663.2632
58571,1403.8616
128237,3760.192
141849,77834.8
59392,23040.629
18595,147345.97
122506,22985.867
45632,-430.39005
85659,4153.042
51164,15591.461
95264,6263.9717
81394,5657.441
90561,49295.723
79411,14852.365
144359,11820.961
100981,56081.035
68242,130727.13
89494,15852.551
28858,26140.164
42048,6595.77
119677,43567.207
48476,67317.36
75449,107450.13
139742,39061.57
111616,13961.871
87524,54973.164
125172,17765.264
86176,105018.695
62359,170332.84
52321,5575.5864
14759,8634.121
1254,37656.734
95641,4450.944
2296,58788.39
59396,154328.92
116718,37325.434
30455,13558.282
58922,30988.818
124552,11803.975
84458,4995.555
128575,133171.33
135408,82659.9
120162,7959.702
65815,46893.293
113512,58439.926
9413,59597.492
36635,39814.32
124030,41152.527
70750,6753.0127
17634,14200.574
18596,19722.85
100014,8596.496
34432,2938.624
80002,16928.574
89656,14178.407
148984,2757.8071
29302,9781.673
67776,22311.707
105312,3842.9707
37298,17040.379
98019,70725.56
133068,233541.8
34203,8871.602
77986,24132.643
118376,15131.255
112529,9358.271
60461,8203.648
54555,83272.18
70288,53685.5
78218,52434.652
58426,51350.51
142909,26241.85
140422,27847.057
52768,66143.54
109020,45800.21
653,13864.229
69788,26635.965
138369,21285.932
50447,21429.113
20258,6187.7925
19111,52488.625
84125,28513.025
30749,4183.5146
39439,10498.509
47880,9522.811
116033,26531.41
136168,72188.58
29194,10690.626
145972,51371.492
73874,75991.734
6549,26870.832
1574,75057.71
144310,35400.7
52997,173854.9
112057,31697.758
148899,13746.3
90362,8503.145
24097,131322.92
51800,5522.7295
16494,30071.248
132486,8344.289
63718,14393.32
24436,89014.12
88727,22184.922
45973,352.04575
102861,5628.495
86105,86868.46
74580,10032.838
107258,5079.069
45567,129593.4
73912,9064.556
9776,42677.266
13833,25813.645
8937,72969.45
42187,1128.7985
76463,7161.8145
108830,12173.498
79414,3630.646
139167,5123.844
84544,22113.467
142413,15433.783
70905,6238.691
25289,33089.29
135227,25187.71
839,68728.57
108449,4132.064
75507,2997.7776
37589,26573.54
131963,26608.764
26570,14229.409
20177,16964.88
111024,1575.3279
16149,23701.473
28444,6506.4316
77163,97122.266
77541,105409.42
124186,67624.43
43858,32886.625
73567,21879.492
67623,3241.0225
127140,16165.178
130461,24995.0
68452,37453.504
116840,17243.553
17142,9282.613
6569,650.62744
105323,13974.265
78144,8947.608
37086,26335.578
51461,24737.736
7874,4535.328
146673,35126.77
133751,4475.9624
80377,6386.507
99146,41262.168
59095,28700.885
74690,31494.541
90471,76529.98
46138,6016.7256
92093,9883.349
109821,5996.2334
109182,33597.293
124233,14613.087
69231,61842.082
138437,9877.606
24449,54680.977
142245,85534.984
141592,16538.441
42581,11609.369
46764,14554.687
59361,48502.48
142497,34548.73
109319,66063.39
52604,2281.2744
22942,6463.048
119848,16452.588
123316,3981.802
130471,1909.377
90729,45773.113
64426,43377.426
65087,36284.156
26433,1990.4559
10200,14778.753
41100,5147.234
4893,19639.74
131381,10909.299
141746,38040.445
55454,19487.564
36627,44530.887
111337,79210.71
131184,334076.9
20394,142658.95
105084,46151.348
43671,32746.887
56961,8937.934
27820,8659.168
67509,7697.838
37100,33553.656
113761,2800.818
121231,104937.766
131428,41411.39
127083,2940.9636
61517,10984.199
73691,13485.227
121139,4946.2476
118624,24597.557
24299,38332.723
113897,82847.86
65765,12080.368
68655,5703.6533
126857,7559.3613
106454,29305.459
30220,48465.207
126314,34181.75
4702,16985.195
98112,8794.357
90990,7187.391
68319,24677.113
68212,1942.2388
83063,19093.303
46244,5960.9966
62637,78819.45
129922,8320.143
42490,22582.86
87914,28420.387
54719,2077.8245
50958,19898.492
94940,97326.47
147968,4556.388
25792,11072.819
1679,6345.2773
31030,23528.738
32333,38490.797
40055,91973.945
79368,54497.742
71767,241626.98
9574,48045.07
90881,18647.96
148279,6738.322
133378,36766.754
90668,1209.0779
24250,29786.098
92141,25225.41
75358,92816.44
6375,9722.249
51300,22880.172
100576,10156.39
78960,11261.048
57350,146509.33
40567,28745.807
88140,4454.451
122590,9126.905
140107,10854.77
148782,6685.65
15014,126178.59
101506,8393.872
82691,8152.3213
97421,7854.193
102326,12719.946
568,45575.523
47659,24191.496
83752,53403.574
51132,18309.896
15554,71178.47
47581,18296.598
77797,13274.208
112349,56303.3
82433,91144.48
84703,10312.266
119248,12983.946
59614,4767.767
100791,41121.168
123450,47687.63
52788,44384.336
34710,262613.6
95774,24257.627
146515,18273.266
146142,47166.35
53304,11631.746
35029,48530.895
18473,128567.34
68286,58140.473
54309,54135.86
74192,38922.22
111806,14735.235
93836,4532.889
60196,33327.99
23504,4008.0286
37416,25859.945
60405,12641.515
56282,12540.862
34993,46516.59
79602,34124.652
108507,17109.494
10907,14727.468
10889,3185.508
16064,74974.77
10522,8734.985
148558,32924.21
35610,31060.846
6652,40084.926
19997,11769.316
45037,332855.7
11391,26782.037
77170,5418.7188
57417,4064.834
97845,192723.02
79005,19047.725
55503,82843.45
109855,4101.322
63194,8702.503
66458,12517.703
60006,48559.64
1041,176794.16
76196,17271.898
45755,79611.29
57786,5406.346
77019,1230.5159
15231,13218.074
107813,16912.139
88640,19457.615
99435,20925.84
53773,122147.96
67052,6536.842
21783,2998.4072
42171,80934.02
117103,1878.144
73088,47597.71
127917,32202.96
89776,49370.383
72965,29036.396
32293,12495.01
30286,167010.0
140543,69360.21
29892,43001.793
41523,42589.906
109016,318960.03
144589,1481.1859
16708,11041.012
149672,20081.896
32748,43188.305
51784,21913.135
46570,5185.742
4685,3141.563
116137,84383.04
135411,91231.555
45484,53726.04
124324,18674.5
51030,2144.98
50793,19353.85
140740,3837.5398
139055,35732.668
50345,21865.291
83334,21717.746
30698,13083.897
40800,7519.9805
12959,46609.47
103290,12407.729
147445,7989.226
7508,67709.02
65884,18500.512
138144,10990.748
83442,15731.517
140929,6258.7085
8271,5460.3013
54015,2601.5496
52190,6981.9634
142555,76266.28
46749,79643.96
118846,43293.555
34059,56991.316
54289,12400.824
53708,159818.78
149928,3087.1096
39339,34185.164
69409,1286.4702
102913,58009.348
60241,1116.9105
12699,30807.89
80044,124496.305
1171,21586.148
109393,28786.3
117527,33237.656
119929,7057.2236
30210,52950.668
4162,55306.81
98429,23216.398
125315,2859.8445
98119,2824.4985
34658,19577.055
35453,3961.2908
127787,12665.446
76807,21361.354
13787,4166.115
37978,97326.47
45957,30537.922
26501,23082.754
79736,10405.792
125173,77734.01
92914,15883.972
23423,13075.531
784,1192.7935
74346,4827.754
56487,30603.947
90357,24873.707
51444,43997.96
67299,139932.48
144048,14586.659
60845,14144.566
109454,32486.535
91374,3191.8613
105337,109519.125
58959,5453.167
116592,8959.128
140555,89858.26
86787,44096.758
38696,36088.12
8188,8272.384
13443,122891.164
27617,30636.521
103657,22951.25
41168,11013.417
22245,97187.99
97028,23223.979
99041,56456.97
133291,11509.015
87875,9294.728
59733,12273.571
6914,36191.043
126648,5613.149
51498,103071.33
41371,31963.73
121693,8728.388
76068,120509.125
113054,14076.749
33604,23788.502
68834,13638.937
122140,29341.068
72734,31517.928
93561,2616.018
29368,94652.11
103407,10036.532
26582,3315.3113
69279,3666.3606
29295,15494.899
23219,2686.909
41343,169862.33
76222,21699.164
100277,17799.668
43160,25229.375
28740,29941.26
125939,46656.145
71303,141378.83
125409,6807.4785
71259,33456.184
127540,78872.85
27998,42495.582
137533,6305.409
63990,714.77563
13479,5469.1074
104179,27290.707
107091,14128.596
70332,13763.893
136966,6934.792
99550,34745.953
2495,64499.273
72003,42214.125
47277,3072.6528
92486,22862.836
147528,14936.134
8450,10613.941
98511,34839.12
69055,23458.477
1641,5654.718
127257,8219.057
107618,3454.875
120035,16976.656
112451,44315.145
143184,2348.8872
4334,22838.918
39058,14117.557
86797,77565.375
105577,4767.4062
18721,11506.258
90594,40624.387
54994,32696.186
132827,28749.416
8767,587.8105
78616,5100.079
147363,61694.523
113956,7545.7554
138861,36224.477
114867,15975.05
19629,60372.12
133940,4404.826
143899,8236.836
37194,42942.4
145318,-60.90483
84274,28809.75
6776,59065.016
71248,1782.1378
60004,3771.9497
56953,2617.5889
113280,67451.34
127510,9744.441
48052,16521.973
13419,30970.547
82499,12307.856
69619,49373.793
141756,3553.749
132219,11394.596
108678,65935.33
9694,90345.99
123723,35271.887
17596,32560.002
124343,96132.44
30599,1984.706
120681,9240.71
24183,36363.094
94358,33940.2
12494,19902.643
134118,30402.812
1567,23880.682
109672,5474.849
101862,37151.28
13574,3416.5168
92494,37077.645
28933,10173.753
16268,57345.16
89677,17649.799
124910,19255.557
145391,111909.19
6850,44845.89
129463,72116.1
37443,48823.934
144749,15218.352
14257,16931.979
126031,6369.321
107465,38768.51
69567,23097.969
26736,32832.18
63296,3335.7168
117639,92822.45
67482,22840.514
88067,29872.63
40078,3717.2566
95039,379464.75
12354,38736.836
148182,3999.2107
42806,34254.016
68072,23231.404
93734,15383.162
134433,23513.357
16743,8051.5693
32714,6699.158
20907,46255.97
48806,3487.8625
60709,4460.228
14668,186032.27
37193,6430.4893
32882,6926.0635
114344,19863.271
114516,188012.8
30306,33148.33
24814,21016.453
19704,9594.381
1465,75926.47
141832,34341.707
144787,14392.322
55244,68220.68
65367,15641.702
74654,12088.769
94288,8638.531
120181,14397.403
133172,26810.299
106545,164822.7
37985,31794.967
47706,11587.251
42438,1252.8004
60033,33233.06
83152,25668.977
129944,17420.488
25420,62029.57
11337,214294.17
40103,56633.285
137384,15684.438
79965,21500.338
56581,216538.2
67649,7891.205
129207,61847.527
136986,22233.078
33438,14980.537
138481,12806.246
138138,13241.644
1822,37541.71
99201,28155.81
66723,33493.527
110361,5456.481
87393,3442.2476
61455,4388.963
125436,97276.91
15629,6975.209
144090,12613.786
102199,4482.3066
110928,66162.234
145844,4587.251
85527,3533.0886
11215,48610.23
52377,33430.95
88926,25008.979
60166,83621.11
4433,6806.406
65299,15994.759
20790,20118.82
47324,4246.516
108885,4087.7422
140442,9832.889
3629,43233.445
141126,6187.1836
53927,8044.5156
124279,39534.797
31992,23491.96
30762,19871.883
17050,26100.37
85510,27380.955
94455,12674.182
129564,15548.986
131232,2378.2065
91955,195113.17
85421,1868.3834
3527,4165.119
1369,8763.69
29895,154617.62
11195,6654.4526
40328,6657.238
83349,53313.645
3193,6581.404
46809,26561.312
19296,35933.414
38820,63496.805
126046,3687.3135
55168,80982.45
9161,36389.027
77630,75869.19
6416,15354.997
48130,98708.27
11234,40348.91
115568,19693.291
105641,13805.193
108104,76257.14
84890,22264.996
52213,1737.1572
48698,39059.336
101352,12553.432
134035,135956.64
21487,67173.88
127594,12642.711
89936,71584.23
20284,4135.9985
35048,15427.753
36594,5561.296
36990,7595.421
83586,5819.617
141868,12270.11
15019,75579.48
13808,4733.2456
45103,98253.4
43123,1599.0197
102349,10647.354
13381,15322.992
733,41957.363
69992,31551.895
124463,34702.676
61806,13266.905
148682,30947.293
86766,31377.035
19318,46027.92
108685,133203.98
71652,12285.444
135803,26259.477
96854,11855.879
77544,8825.284
4743,36743.516
33452,30747.91
45521,15031.663
89344,64981.887
13104,21763.502
102864,14762.832
10926,17694.13
125394,765.5133
121883,9200.554
126427,25030.127
111085,7786.0864
112986,11352.662
4091,78345.49
2096,49620.47
69139,25139.541
32237,51861.94
7764,8386.108
51173,3342.8057
79315,119202.695
28084,60991.812
149335,6161.384
70101,33341.32
86373,29792.45
24424,22438.043
69017,36647.51
51501,45884.207
87821,4937.892
68461,29702.643
61634,2017.7788
138357,25253.0
50866,23168.791
120764,47709.6
118772,97931.02
39036,7630.722
66934,9229.721
43221,11051.125
14117,105032.484
129787,49430.92
51206,13787.295
121571,27882.34
130968,112389.43
17867,71674.15
11249,4196.455
19896,77825.77
137809,20010.043
51850,41469.73
116538,77371.01
103286,87122.74
21811,4204.951
140712,1734.2988
131775,10015.33
48658,88665.914
80085,10122.642
22762,3312.7131
98383,21704.844
72379,17795.672
47938,135728.84
127333,15948.1045
1087,139960.86
47164,40957.91
22317,3006.9465
103978,7970.2188
45912,75748.695
77172,15991.588
47141,8787.469
137906,44572.363
19588,3568.1487
87778,56247.016
93870,2333.2517
103013,8597.067
144786,35847.48
62275,1431.7769
31843,24273.326
24834,20412.803
82039,77145.0
19306,3067.9119
141342,5861.4575
45530,54845.656
33626,52552.996
69997,48795.55
31993,36150.766
4104,7499.1562
54296,8988.855
61445,16184.88
111306,112958.23
61264,11142.204
120113,17937.463
36726,25546.115
3393,13360.014
17143,162567.02
100299,2933.9219
69135,40202.527
99340,8922.408
76992,128679.484
89328,34016.926
49515,5979.5444
33729,63455.31
13127,4611.5215
37565,40365.848
79024,16718.559
16705,16608.756
49669,14626.907
119895,43475.008
79988,58076.59
113069,1883.2571
30711,20749.357
43008,80935.85
123071,31717.713
83341,34936.777
80717,8787.7295
147728,43362.63
147202,41215.266
131630,5235.932
102206,11344.062
56686,18345.514
22037,11282.293
14158,57667.39
66812,29766.02
59824,1577.7504
63483,4734.4243
62560,19252.205
141595,59339.08
21589,17599.893
96822,30576.162
85409,11950.72
39805,146980.3
22148,4920.243
148919,10746.795
82595,4503.4834
80889,7413.2373
146413,54594.23
83081,153567.7
71374,40004.51
79725,10126.803
99158,3389.8953
75073,51114.758
76764,81272.016
68720,37224.395
24731,39452.402
44405,1275.2646
71459,13963.713
93993,1687.4237
128581,38214.777
83840,6321.2256
78403,34479.95
88312,17577.312
133351,7413.981
113190,20938.584
134733,160134.62
148241,1751.4084
73027,8561.128
135392,69737.875
12938,3166.207
97348,56980.965
147636,369.8225
103238,227601.23
113167,37550.645
75898,57198.613
7064,5683.0557
23383,198462.52
97625,27126.852
64346,52407.133
53836,4807.2734
111005,56171.215
46944,6094.507
73526,67295.586
53033,39686.02
38927,11470.424
51774,82782.57
35266,15964.204
3684,12875.411
82350,40294.887
90895,55158.543
69429,6213.839
127318,59884.785
34246,5969.28
137514,59345.4
112549,128659.86
24503,17996.516
136746,28741.746
66309,313094.0
82888,11829.069
3662,33230.72
70310,10113.713
120172,967.5475
81913,42379.69
74601,33984.977
139356,18167.645
129799,14493.756
78087,28723.455
48830,41635.2
61701,16479.71
937,4564.191
46968,947.9474
133852,2216.4553
75673,4774.8247
56825,22108.086
5276,82060.414
78413,37857.402
99062,9192.773
101682,1930.6752
65755,98449.08
44828,17117.08
74704,60472.324
16020,52952.08
98970,41218.074
149578,11093.385
142848,75565.72
118398,15696.337
14431,170114.27
129850,29770.94
59655,58464.297
112472,3097.9587
127757,131565.45
69309,11782.382
144166,16169.938
64606,23588.963
114930,3756.2815
54989,4153.27
5752,56167.797
142372,3520.74
42871,18143.682
71143,37957.684
15073,9723.491
22253,17437.268
104453,1407.0094
40901,6457.5396
18451,19148.307
43361,49484.14
54232,6299.054
18708,4695.8335
24498,27250.732
33114,263003.16
28497,12680.21
123465,58716.957
143112,35601.508
34823,16901.773
126032,52237.152
136101,20769.191
9635,9332.023
147320,5008.782
20473,92113.016
111976,2397.7246
116701,1435.1655
114308,5698.8804
42625,2866.2795
86981,6394.967
71651,8982.291
56002,151440.17
83508,4023.6287
24160,223284.47
47345,158305.53
20675,13817.587
148208,59083.8
117259,95812.625
11445,18873.205
118731,8076.104
108703,4639.745
18981,64994.516
75624,79139.68
20097,91907.75
106258,49746.086
71659,50125.0
23935,44160.28
36336,231981.5
123113,12299.813
142521,38720.273
115941,1833.8085
15817,4134.2334
108118,59713.645
39575,45027.94
149592,32238.379
47280,19750.709
107108,43967.555
5199,56037.695
100957,41661.473
39480,28983.129
65264,32988.117
134285,765.8992
48500,5840.261
25088,5975.058
137011,36825.5
139922,72801.17
130215,14397.848
18353,4029.8354
37811,8917.969
51896,39234.758
140844,41720.4
100955,30987.61
89760,2905.802
125639,17142.66
143640,8551.322
115316,55608.938
78923,257477.86
71121,1569.326
74940,30640.951
84678,4115.5757
113148,-118.70977
8943,81914.85
85291,21038.078
132947,90362.086
43391,18739.875
30930,116367.28
115388,49213.844
137002,9226.964
13154,27400.541
76990,40132.13
132726,9363.852
128307,928.6851
62300,38554.04
128265,52593.21
80719,43312.527
69775,33443.324
127166,25613.201
128374,4992.6987
56131,7109.69
122232,8957.01
137270,28936.17
95590,6228.494
23543,88595.14
148953,6078.855
76362,12484.736
135518,20103.033
110753,23115.85
14798,5706.0835
53147,20473.994
42526,136695.17
140576,94055.89
107549,213405.08
52634,4659.603
63361,56272.348
11364,88799.95
66356,4654.862
7161,10366.291
107482,29365.586
125830,5794.2153
30849,11322.553
59011,40543.01
52843,7206.9136
64166,2492.893
102904,31825.592
88557,29730.771
78100,40914.387
65796,1839.8833
117920,14354.922
133255,12466.438
71564,86650.555
40500,6162.7793
45687,22066.736
122428,16953.97
119444,2103.8525
124360,38285.707
72473,29706.355
25025,10063.685
82498,39338.67
72539,9840.367
54442,8307.746
146482,1132.5659
40146,5783.934
50708,76503.43
37759,73248.73
68717,4506.2573
112797,8196.758
39141,11514.187
135012,2945.294
4363,55231.566
131406,11962.538
143951,34127.15
77380,37336.94
22335,70633.86
101000,11619.861
128819,17421.99
146767,13266.869
318,28178.467
82295,21888.184
103285,70214.2
116578,18144.52
141367,71495.01
38736,39735.418
1936,6112.7373
99305,66289.01
104755,69818.125
31522,23062.562
133112,6394.2803
94363,6758.2666
31012,54746.457
145749,60220.88
8721,877.21216
139958,3602.3855
116183,40160.8
96882,9539.037
80891,4922.589
80037,27926.717
49584,28412.238
135305,45221.184
44026,27269.615
131972,31419.404
94737,7306.7563
56677,284499.62
148463,14611.1455
86730,17312.367
110553,14983.222
62601,16110.3125
62075,6355.229
93824,11739.708
61739,56822.953
48048,59860.24
104174,9330.701
113833,135136.78
71444,23916.033
13227,12218.271
52814,45473.453
10950,23388.584
114721,62132.547
82590,124823.555
116627,4642.231
51002,13814.989
42341,34252.023
22688,9387.58
92058,83017.4
117481,81611.5
71977,6645.0405
22277,524.3603
113475,3835.6904
142769,5153.162
67213,67990.336
54995,4458.3125
142293,11568.952
142136,46011.047
13970,40053.816
77809,22145.31
85268,11369.876
5792,10346.956
126756,166593.1
119822,18642.729
58272,2038.9132
25583,22613.693
109627,46174.18
25868,6422.883
73961,1070.5049
67992,5225.6353
26865,39141.504
123504,756.94275
111161,10063.111
42675,34802.582
65081,54540.58
1548,12909.18
103046,58071.73
60662,14900.431
145119,20012.828
91282,26765.41
103470,8814.43
105809,3327.2896
143718,44331.48
61471,66690.875
30697,46628.117
85153,71976.37
145975,4412.1494
46656,41727.434
50753,8145.0913
5449,14214.614
124872,65319.043
21268,58014.02
92802,21389.217
147777,50299.117
49763,6497.3306
68494,7343.478
33230,8939.902
136214,37011.31
134447,79102.125
30738,3885.6377
96553,5752.972
87426,24416.307
115733,208065.2
55935,44639.31
24811,14682.745
124015,16504.957
119367,59575.863
70598,40683.68
3531,15440.672
126131,4330.4487
6738,7403.819
130546,1926.9459
23860,19798.367
82118,43811.273
20079,61198.195
108378,19154.549
117240,54652.48
24333,11838.582
38612,9882.87
109017,8843.435
104604,39304.086
87871,71079.56
27752,6495.8945
124261,35785.516
124638,28923.955
22422,19636.494
106260,40947.734
79844,3023.8315
56034,26314.105
146365,535759.8
17059,2612.6584
29091,45656.777
88044,2733.955
68991,3899.9446
34731,22128.295
61495,21520.166
91991,44878.844
81276,7357.9927
34149,48407.48
99033,35365.555
88102,209104.92
114564,17521.275
65359,9755.811
133954,243843.45
61705,62349.98
1495,100723.234
57049,39961.574
28935,31452.285
65548,6761.996
125589,3721.31
147338,4726.3745
107966,8401.661
76360,5235.3506
92268,6821.4663
148048,64215.164
84929,18035.707
24244,18665.336
9226,41339.336
121815,4633.204
137027,58650.8
148474,11859.861
145736,16846.648
58818,1151.2954
13255,16559.545
140754,2151.0327
71079,20612.512
103520,9078.6455
48288,7530.997
14122,8551.823
96639,8169.2705
84958,107404.79
12026,12793.085
117342,19319.967
31318,24727.053
73924,69496.5
133202,39701.484
125314,42138.734
10513,86972.45
50822,4835.9365
41149,3802.6438
4913,38824.93
69570,27710.988
137642,7068.2285
112341,21119.896
45552,98762.63
23454,97901.875
58309,50924.992
56666,144438.73
11297,3835.4678
27490,2594.2249
104834,23649.596
69781,104951.5
9346,21174.738
64692,55731.195
66191,6188.5405
91971,21940.348
17181,21117.84
41178,61022.9
29814,28482.701
63502,5800.331
88154,6639.8633
41633,9453.739
139517,39201.94
71375,9388.755
149103,14872.425
67706,31164.904
54625,16330.831
118987,41150.895
52144,53366.34
51401,51403.344
145746,10583.756
60736,23610.521
90456,15993.019
103077,5983.196
66281,7641.7637
15427,31914.729
4941,50152.254
61308,27629.988
82984,15234.613
52278,14162.612
35134,104118.11
132493,43429.797
14599,12200.195
71190,28343.807
111647,68208.92
69097,23565.654
56182,12199.188
136938,7022.7217
3297,1632.9991
76159,23309.986
140579,10510.303
54546,23764.014
112551,59671.223
39126,13407.814
123090,3126.207
70189,16451.219
65831,55198.895
70280,8952.011
69937,29611.055
142103,55657.918
67145,66696.875
109673,194049.97
139942,32064.795
486,12102.455
73341,183188.33
52152,6403.4106
101323,8569.359
86613,11298.332
37120,4922.089
65019,43102.07
40436,48466.625
125292,3976.0698
71537,5768.186
68241,29836.936
141363,44370.227
126760,8191.14
15946,9721.642
40327,5648.6665
91357,810.41113
148186,26022.33
143155,9743.27
130778,11837.635
118809,19296.72
15561,129979.18
4050,27001.771
99917,24466.488
11469,37632.133
93386,17627.383
139326,56346.543
33321,8906.205
79457,55657.918
41301,185645.83
87762,9584.608
124554,81445.28
130401,120671.91
119384,150328.0
36869,71491.35
35706,66104.74
98893,2920.3997
38070,8860.687
2245,130139.24
126910,117303.88
128917,9640.121
147830,7160.277
136104,21464.357
4776,85661.266
27967,1856.466
77043,3833.118
16269,54312.37
32486,4944.042
38767,13825.521
121558,8162.2026
105595,14404.154
57220,1306.0106
113917,12279.338
100363,16839.082
146209,40957.195
6457,32858.105
8596,19178.355
62790,18734.133
125946,6907.9414
50782,8128.9614
115689,12233.21
109174,1111.0293
80154,22101.59
69690,14495.301
41235,27692.643
140248,15177.398
140958,8623.285
96384,29496.879
55947,36709.105
149505,94500.13
31780,10795.052
4516,19423.258
75268,15968.911
116488,138642.66
113684,30355.496
39982,54140.383
90415,50026.598
21614,6685.3057
70483,43905.363
85555,5785.2764
50682,9952.164
136362,8623.788
21045,54516.258
95519,258972.58
146151,95469.62
1504,74386.195
66622,77857.04
120922,50417.2
89045,20579.168
99638,19664.057
25553,13021.633
88101,15712.615
59182,5431.9443
109460,15618.537
39041,7108.7534
49294,19468.047
89302,45595.023
78746,77944.59
144235,46151.81
5144,6664.373
6817,45987.645
102633,82378.96
49003,17615.125
77596,14234.812
120005,24409.975
70776,5521.5977
140569,217611.97
121690,54277.324
26209,97136.164
38185,6901.0806
106707,7273.132
85657,8011.4097
48873,14481.501
82049,30707.334
40892,9675.683
84578,9833.002
2809,7737.3696
121211,2164.83
112789,15238.496
131631,8555.549
126071,78083.05
125978,10670.725
9125,5775.844
35795,100446.47
144960,10538.21
80338,11164.405
59652,23165.285
50551,12055.346
95076,13153.736
39819,12403.156
29695,89152.19
108593,30899.799
133971,21795.895
51658,16484.703
15343,7978.3403
118843,44668.07
12357,2287.736
117194,54071.156
65186,3746.8945
93959,7464.3945
108451,3240.2012
23937,8202.064
126845,85760.6
79605,7124.6836
79011,13499.012
128363,97731.03
29740,65180.07
69704,69323.81
32925,8854.773
24577,2431.5608
27562,19771.11
122111,1074.39
37101,3999.6868
5832,16714.37
102162,144586.86
19804,66504.65
99335,29657.443
31768,5752.412
13494,6112.0327
134687,81682.016
41590,56496.434
90258,7258.3677
125081,20590.906
82043,17910.492
56917,4371.384
110299,18453.29
46421,3293.4902
37094,25965.314
3934,41269.484
68029,7565.7266
52236,102244.93
64914,7649.621
88722,5820.2383
4206,10694.253
38407,64332.77
88381,10994.096
53503,5355.8413
131530,29462.158
118980,104112.69
126968,9459.288
61363,11100.622
14877,181658.31
142891,62241.508
11196,61575.465
76446,107278.305
104009,361591.9
58700,328336.84
58101,5157.579
104089,4639.125
13445,23130.176
7740,7305.8237
24850,24761.086
42721,6146.436
106004,35392.656
126177,6973.9844
94968,3570.7302
9134,12997.847
128658,8975.827
2179,16464.55
39587,60365.742
76909,314.27402
114115,3739.4492
17493,124843.2
68635,35545.355
125990,6625.9795
114206,34038.42
30865,6470.4653
137842,17304.086
107385,58200.984
66566,20379.047
16295,28038.162
63774,45161.945
61411,52808.695
128748,104429.7
49066,143619.4
53269,5631.2466
115478,85789.65
22952,29231.852
117670,11863.3545
33990,94995.34
55586,4336.402
78808,37326.96
139838,13759.303
86484,12203.722
67302,64369.992
75408,20070.945
6414,13007.406
48230,13993.39
130678,31338.908
143460,34321.957
112375,10052.283
125703,5315.8037
79136,125280.37
113201,9816.41
142988,39132.01
60748,49487.133
45809,14468.93
60530,3350.5293
71583,21725.86
111207,14394.756
88463,63699.07
108414,91118.234
109066,200707.03
41322,25491.498
75234,94081.305
114944,94604.0
42317,12027.453
3526,63679.406
13584,23516.84
64111,6046.4937
122515,5321.43
119886,34307.047
26593,60168.605
127582,13224.62
146400,1720.4252
130718,5906.107
112596,67941.555
59124,6485.5034
10440,36798.605
125070,73474.2
91518,17699.473
10248,201223.5
38860,21707.225
9228,71893.91
26966,26894.266
125351,83615.125
72738,8469.568
143137,42364.977
32249,2446.6538
143728,40735.37
104192,1684.8572
34025,72620.47
128695,2516.922
128110,6985.6533
37674,104995.91
104277,4314.9897
139183,48408.016
13016,8770.279
136467,2924.1433
20933,58163.074
117076,8202.308
29501,8757.316
45881,209788.4
128801,11101.263
43712,85609.21
107946,3030.5276
9192,113793.16
59112,56259.676
148323,34087.594
88863,95933.96
28252,12000.329
8874,17610.133
18030,8383.092
64810,31062.578
10087,4896.6733
145613,31687.896
86858,19583.094
82196,378806.34
96646,166874.56
31495,9896.222
57695,20206.592
133668,5171.6997
325,67443.43
3925,24187.725
73113,24231.363
83693,28806.404
54670,24529.738
18950,26610.307
94612,11951.727
146682,205322.89
145679,101897.336
95578,40760.715
105995,11328.861
128372,58244.41
137675,33092.03
31015,91790.19
54214,4572.828
113334,51456.688
92288,188283.75
55960,15129.29
125088,22456.299
95690,82769.32
91588,114988.22
135190,62906.176
97595,10206.577
145488,42054.066
87262,5444.7964
50256,68127.62
87965,20710.98
79580,13153.365
126594,11215.09
46820,27237.758
111898,16048.219
31634,165132.64
126950,33835.81
57728,7045.906
133969,58432.016
5660,26382.93
107458,31082.443
62770,10989.433
21151,13505.986
82370,79457.98
51267,5602.5444
44901,13711.418
57189,72903.05
117691,13741.283
73857,5644.578
18936,39741.973
125893,3166.5977
48472,17158.63
38004,18657.861
62721,24369.098
89083,10079.699
124792,49661.02
47360,68179.61
29081,54755.96
35053,8113.975
122886,296890.75
102024,132916.0
11686,149258.97
117306,14877.627
61170,27619.115
95390,12200.195
82184,79667.41
24605,11740.124
54831,31618.678
56264,56782.92
21394,234533.33
104616,28811.457
140212,1396.2877
80066,14261.432
106509,48614.92
62920,36057.43
96823,4645.009
12230,2161.4407
13447,14860.916
104662,3638.0693
78945,71424.83
17114,17722.291
80820,169147.42
71298,21040.15
59847,70778.1
4714,34709.99
97795,23591.105
29258,6920.443
30579,36152.86
32552,4430.5874
140311,1735.6409
112392,33688.594
98265,295.69247
101618,39248.99
20770,39957.754
41398,107163.76
36834,6685.8687
69817,24419.023
8083,82390.19
1710,4872.678
47824,47811.08
120683,36633.73
45020,2630.7173
124442,9858.432
110836,2163.6934
100118,1999.2037
120901,3921.3816
22626,3178.4255
31352,25495.402
10506,12299.792
22947,23341.996
50809,32891.797
72964,14669.087
6047,152487.83
144226,17148.607
9120,13607.453
122095,30754.393
11425,6447.828
81804,28387.086
102182,35061.695
69928,35861.633
48352,79504.62
132638,11728.129
23582,195615.12
70443,3301.5999
103073,15292.3545
39248,570314.94
56905,3247.495
115016,33805.297
114273,150.7491
57477,208416.52
30146,7684.168
110560,65574.88
23055,321092.9
86428,6553.404
57998,1159.8978
111187,10600.634
103183,4373.3774
95654,26400.432
9599,9886.485
48486,16000.953
75466,9455.671
105698,44648.242
81889,60120.816
60917,125792.72
43876,1276.8428
128339,32608.92
17715,9670.315
54336,4442.245
36843,4811.8516
20879,10148.4795
145304,7990.2964
137402,7753.747
87848,37108.95
58023,12679.953
66737,22267.79
32053,11925.754
85578,11641.923
79174,11013.552
28678,6469.1904
99599,5462.984
41001,67308.445
59797,3436.013
42285,90184.79
117228,39232.2
115330,33539.625
61269,6479.1035
58613,48842.082
32988,3777.082
28139,41856.5
77744,22191.04
21494,2750.795
34364,40164.6
6591,9361.329
80135,33831.723
98837,52205.74
102507,8586.429
115424,48443.75
96554,28820.904
145697,85804.484
35911,55173.37
83996,6280.4536
117503,209876.19
33982,19444.494
79092,60730.19
144251,3139.5156
93260,5667.456
35303,26422.672
82509,23044.754
58995,86051.03
72287,19662.238
18272,8459.845
26521,49775.246
102698,5890.128
7647,66136.35
124199,4569.731
49727,13949.019
85561,18977.537
99030,23890.453
129278,23466.42
3456,77437.73
64843,2057.3096
22704,14722.533
60539,11736.996
17137,24102.055
38535,9659.857
15998,4348.3853
96043,11392.928
104329,14168.045
88810,14295.511
75006,1249.5997
119771,10180.972
92037,14686.889
81716,12639.019
120523,218231.97
59680,96866.47
23814,3111.7854
65247,39973.207
74835,9621.682
127762,62083.49
41392,87586.734
44213,12870.88
19785,7544.7236
37477,105005.01
126215,27321.51
75145,28852.41
55,15643.527
23263,79184.34
137971,10151.096
71026,17378.213
31690,16791.516
144840,10590.203
64650,32729.072
84892,83850.36
41583,11833.6455
1231,749.90533
112784,1734.8921
143133,162784.67
26527,5925.7393
123950,11541.444
141624,57202.316
117902,53567.016
90396,5195.7754
105007,481382.47
84202,53142.484
41068,5534.166
65066,8052.672
47917,30569.438
69515,113410.164
68252,37837.715
135882,3659.9656
97554,19568.697
143459,34442.844
93743,51823.723
95086,47890.69
7534,80944.36
77907,1728.4592
99207,62924.965
70242,8694.736
110373,9702.781
128585,38662.297
21182,63966.84
130781,215841.36
83317,21188.96
138920,25286.746
55814,18817.477
14553,1155.6866
141898,9475.558
140111,95863.87
92842,83546.17
57047,43810.723
40429,1398.0052
55179,11737.554
55983,29744.953
20267,42408.844
83430,89924.95
28017,193941.67
123353,66777.73
58365,59269.832
82500,39417.76
122362,13108.146
65045,14652.922
64540,16865.805
108742,29335.027
105354,142068.2
128169,17521.547
12440,58229.832
60803,12566.321
71522,29123.389
129903,25059.408
128344,6918.894
49468,8795.316
68738,170442.67
121275,27531.777
118680,18018.566
6224,11853.903
112700,7498.4307
136212,7578.873
107613,23331.217
15140,47744.336
100674,27438.21
35612,4713.876
130934,42829.65
141546,234648.02
11167,3183.4182
71515,5297.361
85286,5510.6157
78880,54060.586
96515,56878.29
74827,-124.673416
20380,2945.7693
7808,104403.445
22022,12611.739
2126,47261.598
126272,15943.078
99865,30311.875
13878,4676.545
132312,12910.614
87118,29075.31
48272,22150.852
115263,3108.027
8076,27328.205
77874,24713.855
25874,5609.1777
135592,4179.7173
124403,199422.7
149490,9294.63
101973,78043.65
77473,64785.29
128766,44926.72
114840,21892.875
95788,1808.7335
73465,7828.9517
104814,7115.0044
51171,4886.6704
94915,12010.779
138706,80388.85
112540,45002.547
22843,8684.788
112671,113938.516
124969,98499.38
121107,39802.633
10438,15657.174
75104,66240.3
51386,53142.81
93660,109395.86
81926,80328.21
124665,65690.42
64320,11850.501
18093,8352.274
31605,40245.086
143116,4923.7544
1244,94840.22
72846,8906.603
59880,3551.0808
51690,57138.098
116900,85759.14
141680,57994.746
70337,54297.047
95865,183977.64
34107,23472.598
84529,1594.3622
80494,193337.75
11865,25388.35
35130,6733.5464
117761,66248.09
53733,8269.433
91163,10228.245
87152,26672.996
23618,210617.83
104248,13021.928
116051,32099.31
101232,96643.41
89644,25829.523
81744,25437.982
56090,31671.514
57833,98406.29
20875,19953.666
148815,42321.21
87438,44512.78
67075,158562.67
15189,30049.547
43189,3824.8213
36496,8952.443
135426,164184.67
66277,42228.137
50030,20446.219
149962,16576.945
87457,12189.049
110268,9585.262
149259,10696.318
60111,44702.355
46977,104643.68
30503,37271.676
146357,800.5292
113621,12057.176
143958,9148.211
17913,10726.683
71081,92248.85
36130,88397.56
86378,6521.252
48235,51150.066
101785,80389.945
32994,2082.9092
41912,19270.746
20758,3497.1519
46641,1448.3181
97512,4945.2783
75142,4645.719
6089,31538.17
2915,26300.633
112360,11969.517
65103,-432.02615
11936,8497.938
59872,97126.13
68204,33415.434
91407,35520.56
80896,48290.742
58269,63684.188
47142,165952.8
139385,3360.0144
127247,29131.895
143075,27552.826
66645,7141.498
135237,26910.564
108815,8095.4736
146974,10804.277
102367,29829.219
76778,8770.403
141762,91615.32
111947,10003.976
121893,88853.72
46982,29326.814
103610,20065.879
66410,22359.41
34744,7529.943
73342,103196.91
109402,1728.4592
57516,10608.536
679,23717.846
58360,42041.67
132755,42926.707
88795,16715.328
139593,21653.043
141556,3608.0676
116283,5053.486
10834,7436.5215
56429,9783.892
113472,7774.3447
90064,15215.989
134023,22576.562
127334,8426.104
25953,129300.58
121394,19842.227
133354,4808.3135
108001,36147.234
4158,9205.492
57114,37108.645
6240,46305.12
16292,23467.635
144319,45378.875
17661,60108.53
80633,6796.4595
78855,7749.787
100704,40243.016
71905,20615.912
72971,64664.188
37658,9525.416
76531,51278.31
736,58198.67
44471,53931.57
12953,55690.586
5476,87589.9
147244,707.8068
13496,49687.47
23072,52058.867
86203,61097.44
92342,34057.19
140557,158768.62
20331,14020.707
142283,22625.32
140761,20437.92
124534,77269.93
123238,18484.334
103501,22516.139
18906,3237.9421
143525,46641.867
29804,52763.457
114183,73931.89
77715,33570.074
98639,28170.352
93134,44322.504
45747,41934.777
73442,20565.51
114076,9320.14
47784,72959.96
132576,2017.7151
82228,53686.812
139447,19557.639
72063,33019.56
19584,14197.507
93576,34872.758
50813,6370.595
82906,90908.14
49039,7233.3325
21309,13023.085
145892,12185.942
30155,11882.263
131614,2703.2156
146011,6577.422
96995,14851.132
35960,47740.613
87355,6161.7217
87469,49958.664
149821,6758.2407
33324,23052.373
110365,43939.164
133339,22784.82
99470,36196.402
64517,13235.111
29282,36488.92
140350,3231.4448
78138,19690.246
58450,115020.12
60162,13540.571
26154,5321.2275
81989,9141.627
3589,10246.844
24518,11167.97
12293,23032.559
130179,79196.336
77592,4522.5586
141676,1253.4835
35800,14925.147
141459,2423.3804
8173,9910.52
43326,2144.8608
120279,31666.53
120319,8801.834
14315,41543.055
8292,70063.49
106908,17769.383
137837,19316.459
123350,44774.55
72346,7651.479
12654,8529.381
92691,14800.074
147215,12756.007
20300,11541.844
86862,6522.5796
42339,16600.193
44445,1224.2253
47419,12974.473
136968,3097.101
76828,81534.44
43599,9237.492
69871,5306.362
75312,10615.391
29841,10350.69
131127,33919.83
94775,8714.657
1281,35307.367
126052,146316.83
63289,10633.236
119277,17132.254
98001,31369.45
47506,14881.84
68102,5294.537
149165,11882.116
124803,13413.151
58780,21507.078
62772,5863.911
53644,4318.6123
86460,27326.293
141420,119235.914
61326,55995.73
148191,13392.896
22006,2507.9392
103085,42211.07
15911,18081.244
43364,20345.836
34527,27746.523
147748,57223.508
18914,67121.61
70019,6219.187
56375,15639.284
40634,2411.9902
60203,11592.18
56179,60892.81
82940,3428.289
25828,4551.7993
89693,10234.37
133556,108884.66
100368,48043.93
17096,13799.086
111657,5909.7144
29098,115101.12
82990,90059.78
40991,18832.314
50578,37212.945
51654,28143.498
31077,106653.516
82742,12166.697
129827,23788.123
145422,11852.241
32912,40257.082
81655,6746.7886
33070,17340.941
16559,-201.71301
70224,35668.695
80222,24994.709
49258,6664.059
38685,38594.113
44261,258.3502
95424,12568.424
145933,7684.8604
49567,1818.4152
9864,18784.094
42301,3386.6606
145938,9312.153
27767,123345.65
114111,12587.796
56387,173593.47
128116,17954.84
120801,22564.707
24294,41570.223
146353,25063.88
49601,44807.88
50882,11520.195
130911,7847.5957
95045,53331.13
129379,6374.1143
22156,39854.02
9962,198998.16
79975,31449.123
102276,27156.71
110058,12999.526
30962,2022.9545
30044,2359.1875
52049,60097.98
128453,20079.383
93797,18640.963
45272,2753.497
13424,23433.902
102677,25970.225
101364,60660.27
34611,19744.504
118016,4044.3113
34173,862.1323
139770,34351.324
65470,5228.8423
101861,7140.2075
55525,4607.7705
123326,23785.113
23282,13656.541
135679,87327.875
3535,134845.83
71234,4911.539
63636,5817.65
133195,47938.6
4233,35216.67
111212,17722.11
107858,3803.3696
59321,120241.15
42483,37404.64
126521,97326.47
132580,8801.635
146227,11480.845
62117,8091.313
78913,27354.12
99156,18494.225
107598,1826.4503
82059,60107.16
40156,3625.6294
48360,21876.752
118667,40751.008
30098,7101.7285
98492,38744.387
24985,79850.53
94548,19909.648
149231,97081.85
110221,25461.936
42190,44387.617
135607,34931.246
51826,51250.008
49135,1808.2374
132641,181791.61
88988,46217.688
139530,102839.98
127060,35404.555
10486,57466.516
78886,26869.951
7806,116664.836
36875,41454.082
59026,10806.704
136396,166461.45
94208,23241.215
74165,91781.34
136903,97676.484
122955,57052.21
133245,13759.518
115908,10971.69
90771,5999.9263
34761,3808.9119
51460,16740.318
103181,4878.992
132254,39691.195
122131,42590.28
69464,10336.815
107763,81375.79
43807,5382.7646
132368,58090.125
86423,18632.674
106467,16747.86
70297,529339.4
21538,4709.5347
95180,21057.154
144899,33368.72
146550,59751.246
4020,20837.855
68604,72615.164
36769,65013.598
46633,15631.856
46416,31305.654
22934,10409.045
15871,22483.191
140417,6674.537
64849,115912.98
105861,33015.93
70807,10862.886
122442,10264.862
52404,5534.3647
7787,25792.195
132795,15065.214
125904,3527.8552
139486,47381.49
145876,10616.455
64558,9358.23
40226,47546.855
126239,92270.984
133223,5168.4077
92246,2131.6187
107863,68301.07
82724,19425.008
3377,16184.563
42052,21117.588
144927,76477.25
83909,44321.39
33536,8261.212
77050,8278.94
84099,134429.56
72200,5259.715
85963,3991.392
95760,3230.907
106040,15932.92
83801,14273.434
45935,10802.0205
91727,33069.08
124118,59532.902
43553,15238.699
40415,5719.968
74217,16964.246
148199,9325.297
54150,6392.892
113733,17923.178
60654,120896.12
10724,8379.175
34477,17453.852
47582,5284.409
142859,10339.525
58052,64675.777
44528,506.62427
78157,135696.06
113251,43461.37
73915,5139.881
93152,7152.5015
129860,22197.857
99614,5251.8403
12690,7853.2656
15470,1590.8364
62027,10712.547
88386,145660.19
120675,37559.734
38694,17863.984
146726,15379.26
133847,25010.035
77900,3559.8691
115209,40907.36
28013,17635.623
19850,21358.623
114380,10264.703
34202,8251.951
78222,45212.52
45448,3667.251
105287,26290.186
28605,15765.031
24050,23901.299
7801,78420.48
48838,56717.33
108282,22400.215
21114,13189.516
98278,8316.205
19264,60078.86
121485,21268.723
28428,6336.6704
85624,37124.69
126750,24901.643
142827,119195.17
139668,17501.016
30940,3805.44
78827,21496.883
31994,7156.8022
52082,28087.22
108487,180320.94
77118,3567.2026
1185,69568.9
101664,25195.852
124746,89602.836
133066,7508.585
45044,10272.393
116843,3032.8948
23884,6013.8467
126550,27176.883
119920,19244.955
61396,227579.16
82626,10882.522
28312,36358.01
149050,14975.999
107275,52425.973
47067,4927.7104
29416,52589.35
137923,13266.846
126338,31030.117
112263,193291.12
16107,254802.1
82607,17933.451
102011,77726.8
103381,64102.45
34383,14455.113
119923,146100.4
31941,9411.014
54677,29494.61
31617,86989.414
70327,35538.14
114638,11968.638
8477,4531.9976
132914,17670.057
89859,10516.439
146328,12554.671
26305,11221.847
21417,7335.197
17830,107466.15
79891,42174.28
30429,46473.688
54606,8255.108
7660,19851.824
147653,85799.74
37916,3095.7095
58434,37185.707
100315,26570.396
32174,60445.727
80189,1490.7087
123069,7152.151
99637,27636.678
65443,42275.023
16770,9725.175
136280,43229.055
79849,71100.3
54816,8086.987
60167,24217.016
117959,146137.34
111688,56227.21
127200,15286.7705
106852,7595.2266
78937,25937.13
107286,45456.113
19455,8117.7456
50616,21535.877
50025,3841.7205
54835,6264.5093
2604,4077.5168
104959,33278.668
100293,11291.791
50069,8229.56
45765,23062.441
33464,15516.205
5010,12600.309
85869,6722.1084
25560,39625.918
79972,174812.39
106209,42976.938
27084,34047.895
144423,27241.93
66681,5053.6997
130247,98095.61
145577,5872.059
36051,17767.396
7786,3967.9202
109812,34774.363
146320,73633.63
145356,6017.803
105638,21750.76
104145,12611.425
115677,5517.2676
7820,3583.8735
85817,6762.7407
13995,249670.86
115004,50014.88
52790,13744.613
111493,9561.288
85822,21028.746
28425,91702.516
56102,46552.57
35703,59355.96
126262,26170.215
84955,11186.753
33608,55544.836
59785,96834.77
130228,78552.8
71838,66912.02
73764,3424.1843
5772,98193.016
74616,21907.752
39274,30325.973
130912,3935.383
32960,26597.863
22291,15319.567
135810,144753.98
28200,11613.207
41405,11779.763
73009,6550.607
129230,10456.167
139943,28626.12
49944,18171.826
90048,548.1079
79599,8171.3315
10987,4744.2183
105300,86045.805
132123,15103.305
31870,32265.814
148871,5380.8394
18201,16859.797
76132,53395.62
6563,8529.569
123615,25793.781
149206,45074.56
121000,145883.44
23904,3960.608
92002,18293.506
140601,62167.52
3704,41256.457
101671,86558.23
50239,29439.418
31025,52423.09
3750,29616.61
12258,3613.289
47408,3660.3203
15275,100709.04
30266,4307.278
15702,12991.483
110061,10076.556
58549,19421.004
104848,39124.03
1051,79810.14
149497,23033.283
117673,25278.082
17957,61884.945
15570,11023.444
91913,25809.463
125280,25302.898
110937,24624.518
56733,23095.309
142072,6670.55
128358,3982.1267
48110,21007.002
40177,12806.739
12024,23479.12
79873,15916.965
35565,4803.118
79755,5683.1714
59126,99175.31
79038,219660.3
105196,130363.59
54895,20663.537
91446,8287.624
146948,74166.22
100667,99283.375
69003,50568.652
116081,7206.2144
57988,12849.702
147629,2104.3057
92031,12067.355
32817,3579.2275
2586,18062.697
142698,13087.56
149959,113164.58
59228,135040.44
32879,8053.6606
91803,14499.217
39299,4585.65
112949,17896.357
47437,1269.4218
136742,43140.67
17395,6600.9497
103171,5957.093
24171,67027.35
65800,75686.19
132406,63979.56
114710,6091.759
110261,9426.439
71634,13589.894
55376,3292.2827
146757,275528.03
117055,26933.418
36287,63606.418
118905,1782.1895
126916,15776.987
16735,20009.967
19121,123186.63
129617,12030.842
126041,40205.996
24169,98549.34
5196,29575.385
43146,150690.88
74924,5188.705
43829,43858.61
28750,16491.041
2401,5206.5337
129324,22824.727
70796,5170.0625
114263,1876.6105
14540,7328.9644
106604,160287.88
147921,9394.86
20557,2820.9182
65142,19747.89
117619,33264.938
124443,17554.123
20039,95098.68
85988,20774.865
119092,107645.59
27152,36841.266
31618,6464.474
71387,19520.46
85087,103530.16
61860,43011.29
115337,4285.4707
77508,5927.279
100512,13459.681
38098,7748.9277
43313,27859.889
146549,9382.356
79398,49916.168
105047,5092.4126
87676,9930.715
144635,66746.48
49658,6561.1655
29307,226535.45
59022,16220.772
60760,27953.508
104590,17505.736
97329,947.41595
129616,53310.6
134440,3738.922
97446,36326.64
15572,22261.225
2579,13454.132
117721,57091.78
4988,87482.46
38708,21077.064
147904,4813.56
79752,188582.22
146170,8266.002
18035,82715.52
143256,3180.1475
128740,35765.13
987,50435.13
95564,9817.812
102497,69048.48
119883,166319.08
133305,12851.002
124045,4332.491
36682,6738.0176
103081,267992.8
124401,80350.2
149851,6129.415
122120,7097.9707
60896,154246.92
110821,135310.6
31277,17295.6
68750,208183.36
108290,40149.918
125942,25782.418
13548,2710.992
16674,81595.64
122729,44713.027
32213,53542.617
149361,17677.818
92649,19370.145
70228,4373.275
2438,13185.145
131970,31136.527
47556,72607.79
143359,21710.549
101899,10356.2705
127449,62407.23
91286,8094.376
43893,68335.87
34436,63211.51
120426,3805.44
71684,8283.002
112939,22782.326
57594,29270.758
35629,6189.284
137292,5584.347
121931,91585.73
67410,11087.311
127020,4150.794
122781,4488.7144
14894,30024.867
69983,21996.637
36519,11210.775
112543,3201.4978
39908,9908.673
127608,24933.752
124693,174029.3
116922,26438.162
77348,64142.016
140834,38276.402
77707,11212.882
52072,24292.73
144825,112124.87
127367,11869.333
142943,12481.482
130714,53757.8
91299,5137.0605
141480,574.93933
7483,109916.56
51596,54640.125
117280,47366.176
132327,15178.544
71413,19258.457
136914,21745.756
90558,86510.805
69826,21017.576
8344,1477.1296
115758,12831.016
90496,4339.1973
12801,2945.3118
105882,9159.378
115625,110324.984
133773,88287.23
118527,10872.61
29639,3194.7888
114618,21180.781
111398,5828.5884
83269,46187.26
144286,66325.19
104518,15008.867
3037,74877.05
135627,72131.29
45263,9341.02
111453,22869.746
82585,44539.33
145343,13549.961
93424,148713.56
86355,27175.574
45287,15758.931
76268,10868.641
18566,5022.349
64773,18584.139
98155,300885.25
16536,20576.924
36462,2201.9612
28088,7043.084
138611,19052.072
95468,52232.72
10340,105131.19
39305,16414.44
61966,143764.06
50853,13328.024
50876,32309.291
109428,193357.3
29917,13536.614
36591,10728.088
104726,9313.503
52522,5462.059
119768,23234.6
48735,25830.104
129885,11083.172
112964,63729.34
29658,66097.695
81741,9491.288
144492,35661.562
97505,21167.363
56484,21247.656
142822,19076.465
39077,37884.594
61423,11219.447
46557,25834.574
128977,126843.85
31745,2950.0757
25626,118755.125
90056,27283.318
78550,6875.805
104630,176798.4
50575,33737.01
26436,114569.64
134369,6344.2446
59019,13701.157
141352,11243.468
44769,5241.7026
95058,43380.656
61980,405983.22
1160,87361.1
79081,11438.896
17993,70089.51
21751,117283.51
45411,19026.77
39297,41836.688
91029,83747.13
75626,85087.45
82418,41224.715
36557,32635.465
127441,217907.08
51834,41612.99
74905,53867.367
14112,29386.854
126851,61981.35
116810,41642.957
5206,8856.013
82069,15557.386
4903,14567.631
35630,97463.734
66465,43461.37
100628,22509.154
14417,24626.861
132061,29612.498
119977,9719.067
51769,283697.03
99772,28096.578
5676,1287.9209
81429,19921.871
76023,5140.7095
135956,71439.53
30383,52173.95
102778,45664.93
24746,38684.145
76190,55393.707
57654,6262.6816
81751,18443.865
13040,2406.5928
83044,10418.453
55787,22326.18
57860,30717.389
13090,35725.59
18080,5941.9927
144720,164188.2
127156,9053.961
93304,9380.859
61434,14587.406
98888,3635.9324
125388,10342.124
45834,23765.19
116073,62074.895
147604,36315.28
15755,8747.673
138196,15149.314
80373,2038.7954
59376,6975.2236
5717,117467.49
90734,135754.56
89541,62910.734
28845,462988.56
113700,7062.457
75024,1764.3193
64090,10097.835
22744,92882.92
6951,5165.964
11393,5373.015
133092,48042.414
14070,3965.5703
94285,144791.7
64800,21134.236
63747,2820.3015
96754,28362.602
52443,62941.117
83326,25773.25
32736,3792.0112
38491,9073.035
122527,3733.8213
19446,122634.23
114821,19620.402
123843,12990.262
89227,83113.25
116536,5478.9233
81063,56200.14
104074,23856.277
15655,42222.33
12079,31674.295
13516,31811.113
54936,6669.474
110581,5211.743
131718,48660.645
111625,15762.373
99774,4679.09
145447,56427.11
116047,51780.45
135033,36257.85
56639,12731.972
67573,18722.848
96930,35481.52
14377,50736.848
102082,100403.59
62814,4254.2656
45879,25922.422
3345,1726.5841
65999,98552.38
135768,115883.74
125923,18634.547
25362,7602.8286
127427,1652.9292
149378,64850.008
22484,70851.9
129178,38462.03
75019,10493.219
144798,8532.687
2700,35706.426
25486,9755.312
125169,22950.816
59276,72755.99
32006,37089.562
120953,21112.223
117622,71682.25
111913,6237.427
72869,2150.6282
100334,18013.383
46554,49854.086
270,23950.963
60762,6668.1577
56608,9121.385
125549,31074.701
59064,24246.611
92442,48001.098
24654,2068.2651
16312,11159.7705
144396,42251.074
75233,158689.52
22792,43265.57
64005,95419.805
69001,48906.375
1652,4729.496
16561,55693.875
132707,6501.7485
115295,40526.055
114648,5720.121
3434,30932.309
114047,11875.863
8488,17374.014
17459,53423.73
38159,9598.238
49460,7723.2437
59845,17788.293
127856,16506.928
48613,16819.523
120691,21416.445
83912,12353.66
9809,106705.945
32762,40078.848
20783,25989.188
41340,127917.234
122897,9823.411
3606,61955.055
10424,133834.86
75558,8603.019
142516,1041.6691
61733,76112.64
34519,9337.479
54385,2191.9617
97802,83010.86
70258,13675.076
126339,43253.66
49614,17445.14
88601,24337.584
87038,18409.057
48047,43758.137
73839,12681.603
4987,16460.307
115981,55019.332
85137,10294.059
39763,80541.29
94231,6632.501
112467,75144.805
54556,25902.412
123060,16782.377
6170,4492.037
114449,33257.203
58124,3878.2761
105653,22856.125
94559,9328.158
125679,48892.043
17834,51870.484
43849,9275.932
135557,6936.2056
95845,37775.117
26699,25544.896
6066,10854.923
31193,141155.89
145890,102367.61
142039,45011.35
102596,3737.5854
42130,35735.78
107262,1737.4801
2128,37836.344
27949,138393.25
2725,80383.08
114044,34422.08
50797,51077.484
44429,8719.966
18700,27981.428
6789,13419.705
137815,10097.96
68197,30875.203
93139,89602.79
148133,71173.93
93447,29646.984
100983,63722.164
90685,11972.538
140659,40509.14
29440,32161.4
105205,7200.2773
76067,16256.489
146411,2669.4517
116448,21188.28
112914,82208.56
61614,10019.52
76780,19731.273
110063,51590.16
4043,60124.402
76477,30396.35
32610,7912.1924
117491,6745.7524
104177,601.6205
50302,32361.758
72116,71158.05
67120,56371.17
102652,19600.05
142483,5705.954
143247,113737.67
105679,12791.681
46754,112068.3
121020,20225.225
91508,4081.816
91639,3591.0632
63644,19873.506
62202,47251.85
27372,58750.453
13341,16316.469
65421,81265.95
126322,14993.115
78193,30137.805
26412,27911.67
70610,8459.934
130795,22002.43
81934,28801.709
64721,15081.867
106910,3490.2502
109225,10077.392
111740,76633.875
1806,9633.863
16893,57546.902
51067,44060.11
149774,48534.996
20996,23893.268
41020,7642.563
41537,66529.79
68734,86580.266
118396,14448.154
129574,8701.851
115525,44014.01
132292,8117.9614
17016,61565.96
1875,202240.4
57870,8174.503
135298,22731.71
122161,13674.917
60971,42103.45
135577,52877.23
79017,35952.36
93629,20209.855
117237,12493.482
137170,39011.168
66735,187226.22
39528,5477.895
61043,14044.699
95926,16301.757
65638,32554.816
104548,36405.266
113925,67669.71
63401,133248.6
82088,57238.98
141771,17215.592
95153,358875.2
134539,11270.398
89484,82034.984
110321,660.7179
40000,7651.748
120254,8963.7295
30450,33001.05
103736,10904.735
14450,14788.956
33198,193544.4
133844,11595.866
18748,86746.82
72161,29887.223
90540,22836.783
40531,21729.854
10561,142177.67
94710,14678.243
61462,31476.254
145289,26906.484
18019,37131.098
10167,39095.207
93598,5227.6343
18332,3825.2234
82752,27289.021
146399,4866.3027
43521,80914.23
27881,98969.54
90611,29814.727
18577,7871.783
11486,13114.718
145974,158677.38
4024,925.14197
121737,6021.2817
111607,2325.0403
129920,2966.4304
30953,68419.1
52518,92496.33
33402,23154.945
81733,25638.31
117248,133055.66
85786,48091.266
131265,97660.43
29102,118457.45
119952,4838.653
136501,65300.105
26701,104278.65
132191,88479.15
83198,71333.72
84163,37267.37
85082,20798.229
135469,101132.35
68463,16807.5
49295,26545.031
99248,19993.834
70803,22512.484
50201,1216.4636
85689,13733.625
46425,31866.03
128454,25656.705
136667,26024.908
70663,21355.69
50022,24235.316
78271,13162.607
21886,15288.094
45540,38486.914
76980,2221.8408
139433,38369.594
136881,4480.6064
124724,100467.33
35242,44036.863
30496,78819.24
95521,106427.08
43838,11361.594
770,23720.668
108134,8479.661
95375,1713.3972
3230,60104.727
86699,5336.445
36029,6853.713
55486,37023.11
132803,2085.1768
24638,112865.23
4694,5653.6094
15222,125242.14
84733,6176.57
117933,71104.46
71271,10381.537
112412,7412.904
61237,14581.205
33371,100078.91
90492,109059.93
81939,63739.074
46470,108717.27
43150,25068.18
110070,2346.5984
97630,14440.898
39290,13319.555
111008,63937.082
102999,6051.458
135685,14957.463
94373,38126.777
47575,50422.457
123966,10636.461
113950,61074.258
42539,5380.8975
129318,80708.734
71066,93013.016
46737,18336.176
32957,98403.055
93874,21371.186
85262,10310.155
84907,36522.273
22293,14389.833
149031,15213.394
142274,1361.3406
73936,60995.098
147551,14214.069
52036,83307.54
104527,172132.14
29320,45676.8
140045,49608.633
40594,22115.062
147850,7232.3945
80939,7904.1616
149228,96080.7
88543,124324.266
50459,28447.486
90478,25180.697
27997,10417.118
70037,14021.043
586,10874.266
63422,98200.88
121944,39986.332
61082,50596.508
82041,68328.31
88512,59099.824
120112,40697.188
144145,97440.0
91996,12541.692
89486,14657.736
24769,21867.848
37852,14544.774
61646,17326.334
102294,9017.87
76757,23292.242
19478,9730.024
76645,2344.5818
115460,7386.946
55402,72019.58
120046,12067.759
34154,15543.598
27952,846.92847
88042,1431.799
69546,7044.825
47488,26375.252
87474,54532.477
73470,40260.57
129213,5444.1025
57039,58411.895
21652,24311.893
133301,30297.14
62471,30515.016
85398,5612.835
110653,15952.829
66406,55984.805
114182,4157.3545
32633,45255.758
119287,18742.373
121525,56334.73
41687,10240.347
103907,206449.58
69184,4789.261
14345,85676.305
52899,124019.43
104806,23500.035
80673,41577.164
38087,2498.6006
114483,-130.18785
129803,15723.692
58424,185747.31
144231,16598.578
18460,7001.6035
62352,140501.48
91922,34369.758
63803,154018.33
106705,18456.732
133032,3202.4897
111682,9714.607
110487,15153.301
43592,2146.3232
37793,19202.473
107195,29917.271
88806,45618.047
35962,49758.18
70410,15533.871
98986,6317.0767
119753,35383.17
143087,60184.76
128220,6998.445
96636,40192.11
127975,46766.29
88787,27729.107
55239,81184.59
145003,29105.709
57190,6016.8457
48514,23092.275
148421,106865.74
57395,31431.238
32109,10991.149
135082,45858.715
103468,40651.254
73375,48463.15
47707,41747.977
60658,890.95667
47432,5399.352
37779,15549.078
117068,3920.7512
99336,32613.828
47617,4680.5396
14958,7442.49
55820,6302.495
4952,12769.736
113478,86684.78
127558,7894.513
7846,37574.074
49013,119489.875
21195,46303.926
73923,22905.775
102293,18993.715
54957,13337.422
47395,2160.627
27246,127101.6
48771,5023.2734
146902,42882.3
37473,30313.395
3346,34125.164
36879,3142.3594
74342,67891.91
141539,40956.05
60953,39866.234
140186,8875.843
108710,18583.467
59802,107115.54
25110,30049.97
78837,9630.234
6752,6227.631
30129,24404.672
23212,27893.156
86364,98437.5
26197,63123.527
110607,24449.295
30571,61851.79
91628,40780.17
119669,71649.555
104634,66972.07
136950,5690.0903
50405,5662.539
90604,56479.117
23268,19495.35
90947,62250.777
96194,3554.0376
20968,14735.281
114352,5623.571
101395,23550.787
13768,21848.293
78572,1621.2537
123281,26245.525
133815,3507.6318
17769,4692.2476
14011,22837.863
112852,42114.824
76915,9344.932
53510,5151.2124
147390,13450.729
482,26531.986
1373,6081.6416
60378,10760.597
22659,74342.45
24303,18583.48
65618,22757.373
106606,16671.28
25500,12836.549
32377,4944.3623
124627,30379.717
2418,76606.68
49837,4037.1877
53695,3361.3616
108913,54860.03
93258,12478.029
33532,105098.44
83244,4412.551
6516,6854.9834
36214,95705.516
31383,20839.047
131820,101874.99
72071,6294.0825
123886,49976.43
102343,26790.746
93135,43095.902
107070,45634.81
65637,45890.89
40454,3454.1704
125648,13302.356
103406,2156.3347
63790,33348.96
42544,33348.77
6682,9458.732
43791,22284.672
85062,135295.94
41562,93841.42
109112,22429.99
107577,9703.604
16719,4591.587
68274,5781.0054
60617,61922.605
33911,7287.269
115234,5938.4595
28688,4036.4966
45036,16577.822
35115,83480.695
108795,18899.93
43847,11000.937
130844,38059.016
103509,147959.06
131864,21332.299
138221,93085.71
142259,2304.6985
681,12166.022
144954,5849.9927
30329,29085.857
7033,8755.646
2131,1711.6261
63542,2174.281
93918,29575.361
5608,2993.1455
105646,3994.8762
57007,15795.682
136230,1981.8308
67162,8266.937
44431,31017.643
53334,15624.094
118832,18227.252
146404,36333.387
49867,50756.93
19481,26014.438
113817,51984.277
7659,52879.32
47849,264297.47
113714,5090.9316
85570,33799.324
6829,49211.89
142815,16969.5
148583,15985.14
109369,20842.45
73986,25102.39
45986,13403.567
70930,69004.05
144640,22999.139
82314,172767.66
132371,7552.4844
82893,3070.927
8632,94675.125
118727,235031.55
81509,5498.19
57779,34282.297
11441,114061.47
24469,9552.914
124008,113299.65
66402,37824.863
106793,53448.363
91416,13676.005
130722,52103.04
44899,9603.574
110932,12117.281
22995,126504.83
139714,13655.881
16918,56638.85
33868,34317.082
65594,58303.227
46659,11462.018
62821,38332.176
133566,6601.222
66180,89841.95
77821,34907.5
34521,36041.875
96503,62640.93
109893,26559.043
84271,39144.32
96701,2528.1624
105472,65047.777
26610,11064.202
11854,14835.012
119240,65401.51
111557,6796.99
41956,57816.426
114409,5085.4614
101755,35505.984
60964,16540.252
65451,4597.0923
30591,35587.395
96018,150131.28
147214,8166.0293
63381,7512.27
143072,3880.727
128301,12359.819
1645,128457.01
57940,52524.72
60019,24535.129
62825,101432.38
147685,42903.1
128192,76660.04
39099,54729.12
142165,16791.117
44653,40206.145
56892,4343.416
29286,4694.5376
138553,2117.6108
66354,36753.98
66299,32742.635
131562,182308.16
69965,18202.123
78383,154149.39
90642,17127.121
106038,13763.893
37970,4123.4214
33556,19877.469
53617,11084.897
107209,9760.508
149540,24897.809
54898,2892.4595
142181,82253.06
71642,6642.719
127678,7417.8477
25184,11285.073
30694,3574.5974
91802,86037.9
121044,11855.819
21765,57597.81
65527,66722.34
50381,21398.178
34273,239918.5
58616,52463.56
19137,8466.07
99889,43045.465
1352,29050.906
94812,158419.89
28218,25971.393
52347,19280.91
41685,17526.023
97550,28948.184
1953,99243.766
121578,3706.764
130701,11306.309
73746,51100.01
73783,152141.6
65567,14171.963
128043,19740.502
3950,13071.036
117640,92637.25
63278,30477.53
129294,95790.3
39814,36145.44
43696,49298.312
20650,4127.7163
29246,6477.1025
12533,43704.734
122904,12027.65
6676,57021.414
23575,11971.286
69407,11631.658
101172,43103.984
112769,14460.621
18497,7919.367
142641,5995.008
57038,6614.243
133058,6054.867
22200,59899.18
127508,10435.077
73668,49076.96
128527,5879.687
106294,30768.486
96254,7006.679
18345,7399.1646
20472,25975.645
9251,30686.365
30326,40555.816
141386,22019.428
9209,19886.936
85711,90314.44
73716,31338.098
65855,19762.512
24084,11671.804
30167,10957.502
22223,85884.75
68206,34036.65
44360,1873.7019
146356,138529.64
63529,17817.365
48423,40639.008
99952,6078.1284
84500,8854.038
11264,26558.166
732,52585.76
16681,50222.418
42146,30160.31
46915,23469.889
90650,101793.336
62087,5247.7275
39919,23243.854
31889,7199.872
110075,14311.917
44159,2566.0417
147675,9439.635
127983,19230.98
136954,65331.22
87576,20514.748
833,16312.028
148166,954.2885
95324,2812.52
10785,47611.8
80801,164503.33
143972,2467.9253
16788,10857.562
56972,64327.83
91461,8169.029
83374,1487.1826
136540,9319.378
144938,42340.473
130600,13172.895
15633,12025.494
21859,74320.98
106226,2977.9573
22121,33490.89
117633,33149.19
6083,137415.84
65119,3109.3694
89135,2921.2065
106409,110734.484
39057,5780.1445
39084,15262.103
43668,9978.408
6873,5586.987
113484,80853.6
71005,9678.184
51504,34911.027
55001,13815.1
90369,16565.57
148319,35338.94
2573,9463.39
66992,9542.249
28129,23516.137
127687,20619.994
61225,11403.865
54795,201982.83
101201,33718.816
4650,57983.945
64390,18083.055
120902,22661.4
85533,55754.35
126646,2702.292
38129,127284.22
17052,220675.55
13959,44860.668
50960,28984.184
60314,190658.5
121359,21258.764
106144,14738.229
15036,32469.062
100810,106646.53
105417,49232.598
29770,43251.688
48394,5271.0747
22720,3726.8257
129660,4003.8274
128907,11679.383
104631,15637.85
54382,57777.35
114290,10251.183
12185,38293.145
21257,232722.4
105772,7299.8164
120114,108605.82
32279,15424.625
131055,51397.598
88950,2409.393
40877,442341.34
116767,53779.99
74602,63297.27
2225,36731.707
75011,10686.3
77205,4520.6587
1589,14147.208
66347,16206.808
3637,35578.375
58744,31641.023
53082,27429.016
79089,8147.081
58234,11783.1875
64253,182577.16
40592,38970.215
109864,39631.633
104761,26260.98
130814,11922.718
66527,23833.678
27045,141224.2
78406,55248.32
67698,101650.76
49540,33591.707
121053,21992.75
66038,34244.082
1803,30216.896
119493,21571.379
31981,5458.508
42595,97784.27
127387,184117.5
60580,30564.758
56080,103674.6
9467,78048.555
116019,26950.922
124583,16097.57
62695,1681.7255
85754,153838.73
45693,22435.055
24252,13267.214
141914,27854.023
4977,61863.176
16951,15134.008
106525,95152.52
95139,45804.715
24326,36403.18
117067,14637.821
110507,43739.75
44149,75793.35
43747,24548.465
137289,22698.57
134441,10528.806
103670,23585.346
105284,49477.1
80300,23830.572
100863,11747.768
2448,100156.86
22825,9231.338
146361,35567.703
106982,65777.06
128544,47620.395
147179,33986.645
145212,33318.875
91476,83336.59
136333,5281.5356
47530,18658.355
93879,31719.844
71956,13291.743
37572,21887.027
71414,4404.872
39520,61545.89
73163,64865.43
45578,10641.334
48655,18933.121
95697,24890.63
33258,26667.76
51245,13499.866
105935,32605.35
131412,159570.06
65216,10680.205
104648,7926.4346
141854,12090.814
119147,36243.39
122700,15915.479
40362,6193.3213
106206,70493.055
145231,11320.437
119160,6718.201
30282,32034.02
98926,193086.88
71987,48726.76
11826,21476.414
104854,7387.4
100734,12176.44
98733,94767.53
127932,102775.85
76801,9432.816
40374,51835.758
110015,17176.268
107679,38055.9
25969,24994.658
85280,9090.865
68521,10048.457
38232,32719.322
99189,136165.69
103466,19705.764
132023,22435.049
142970,3114.5598
64585,46975.613
23614,11331.213
124269,14404.888
83210,10594.144
39860,176779.73
95352,28357.725
147327,51204.12
111382,86868.46
91986,730.29913
40495,17102.977
134116,12911.175
11018,565.74585
60848,2473.0022
55007,6294.4565
125128,51330.805
33665,75900.836
54273,36211.926
78368,38914.38
135604,64935.9
119573,17124.498
105765,19478.34
43412,35142.992
123922,27245.992
47607,21889.252
100612,12726.498
99559,65151.617
76638,82078.09
123131,198061.25
3673,6422.5693
146734,4125.7856
21445,134628.86
142168,7566.912
147377,7207.0625
68010,6223.248
27133,10651.206
3832,103245.6
9471,166935.11
100846,5477.7456
21092,87117.086
14963,34566.258
27573,2878.836
82482,70796.16
52201,5392.9507
108971,24000.441
49322,110699.77
114985,40823.85
129397,31667.355
78036,5374.5522
67438,17018.205
20927,9193.1045
105022,3312.0266
71315,885.5353
113294,3910.2134
91542,20941.639
149242,11346.6045
30975,20121.025
44319,54205.29
132498,5848.371
124156,38867.477
138042,14778.85
9147,105308.66
146548,157968.31
57507,8911.919
42333,5939.293
25733,12975.747
148389,28065.832
45857,13025.098
71445,17885.395
92545,101276.54
125997,21416.668
16862,9234.048
112141,14430.328
52137,32026.572
103234,85704.61
98845,10898.978
13083,25550.559
18584,68387.45
15004,9434.438
5397,109385.88
137391,55780.76
62756,6527.1597
6542,6120.0645
96806,15880.337
126037,14483.5
51553,9799.593
148696,9664.36
81371,66023.625
45993,76881.98
17767,111596.19
84323,100229.08
139171,30893.998
56464,5478.795
125229,74604.625
111156,9226.669
95870,30056.611
116715,4696.075
35719,108699.41
10225,97753.35
26397,17957.346
43327,19824.809
43968,130641.67
52670,3144.5457
49815,40820.71
86100,34235.867
11509,2565.627
103549,29037.928
13944,16170.416
102398,176267.95
144210,3102.7095
44293,20295.76
31939,6604.118
148961,2961.834
51288,24743.865
133739,12529.674
61186,23880.205
6577,19062.607
99339,23188.861
72126,9675.296
19722,4186.9946
17141,31184.332
55163,12381.754
4359,13378.687
73047,28574.896
130199,160907.44
5267,37003.242
10025,183129.53
110546,15867.013
100519,8296.52
111176,18860.559
131519,17462.936
56247,5587.692
74757,12418.749
107335,84361.664
130,23601.223
93254,50805.08
99723,2921.732
40128,59162.152
100158,40645.68
148161,50367.17
117702,2677.1323
115419,5890.1445
9878,6234.402
123676,4539.9756
28667,8140.885
81435,2450.4019
134044,22050.182
106766,15959.6
99632,43797.605
118791,47151.52
20669,34693.254
80491,4033.3267
38454,7335.071
96557,29993.143
130345,3673.9456
48096,225697.9
65487,7627.1616
128479,40558.96
21418,67267.9
46199,23269.816
66152,84182.086
90403,20236.23
60458,57044.695
104683,16047.334
26930,3832.9995
105341,82052.14
80061,37271.0
97633,67708.76
86432,4615.082
13656,9520.243
98350,12716.8955
120516,12806.986
141741,7740.729
61074,17265.043
125633,7730.7026
101070,22280.98
68687,8347.291
140190,6994.21
36751,36430.535
76394,10516.196
103024,39389.37
8301,27728.861
59840,21634.244
52008,6318.316
19592,12349.039
115997,174299.39
25746,15033.868
123154,12674.339
57894,5994.49
98015,43825.22
69032,141488.39
56083,20096.602
146107,10024.533
133834,69938.64
46141,19865.396
108305,60725.355
48684,21988.666
6625,26631.545
74343,-741.94855
70638,4560.1865
118145,156050.36
68405,96402.17
147883,21968.318
127880,12083.6455
87882,17586.428
18287,7926.39
46508,142889.92
118828,132103.36
71405,106902.055
42590,16220.855
52104,1568.7268
123328,158858.11
55710,15500.332
99916,2647.684
79811,52889.1
113649,13135.535
8692,9197.261
83717,6281.5786
13552,30393.963
4636,89617.61
90978,76586.68
23023,90223.266
102278,3780.9172
60051,50136.516
145689,15336.068
130450,18468.855
92347,18282.943
97539,13378.449
81083,8998.81
38505,19771.656
45896,1559.4657
143961,5810.0913
149538,91592.46
13949,104752.16
3753,38552.043
120920,128155.85
123738,12511.083
104370,23178.953
90598,48017.25
28061,60986.117
136434,1222.7004
51054,43391.895
135430,18243.018
85300,5936.229
116324,2202.5142
69709,4759.8716
108324,10144.832
113081,2700.8423
147083,35857.887
45890,38990.227
25523,162144.97
15564,62056.934
86631,101937.84
111777,31964.11
105564,21422.78
78249,43408.395
60667,3724.0518
61158,4334.4556
36711,11414.191
29450,29275.475
25462,8863.968
49227,70613.4
79322,8490.212
22924,49807.28
63998,8206.257
56984,1794.41
147496,25040.559
112267,10445.31
26347,14157.196
133389,19806.371
147575,5102.1006
46401,1748.4232
65748,15087.251
97583,265693.75
66338,27255.814
29775,4035.7556
76631,22802.55
94482,16648.418
136730,18948.902
9486,64392.02
110765,53243.43
83615,56310.008
42550,197200.02
93765,27588.246
98887,16941.756
99710,89993.05
11349,27719.121
78812,20602.547
103326,22395.336
137103,5478.728
96816,7214.7407
145601,57318.97
7225,43330.54
60877,12673.238
118230,103020.484
55307,54869.016
84001,151362.03
7726,15294.736
130422,24842.312
137482,6162.207
111888,106589.836
133474,142169.73
149865,15430.456
101604,66662.21
115003,36244.633
126383,3757.7737
122638,58717.1
91874,29795.48
57208,48255.81
76495,53753.383
50366,44077.67
85314,4623.618
115700,74100.34
112869,6297.2896
19745,46012.39
30078,1255.1802
97468,78649.56
58952,25012.625
21188,14898.244
20196,27141.305
63847,3393.499
114359,7589.66
87843,73632.37
60755,9025.372
95994,184358.45
56674,17187.621
61019,137353.53
33089,23379.887
7794,18874.059
121278,5020.0703
77906,59785.742
86704,8178.688
5638,24748.46
60309,37645.203
21900,46166.547
58917,3597.5056
88470,17574.408
19389,160739.55
87649,15632.001
105150,116669.12
146233,53618.18
74419,45646.9
53198,36427.25
6366,10803.153
9719,62135.4
59156,11160.034
141127,8120.997
36521,1751.622
7863,17492.648
80722,11489.243
75940,9653.496
107680,3001.2136
2722,19293.256
137432,6994.831
114428,22651.01
32386,20882.871
7467,1458.2572
72432,20837.709
18975,10740.543
121438,885.1958
105634,7062.464
92935,146711.7
8397,69980.984
23574,5388.958
136838,5970.078
9449,1816.1199
110419,1918.6282
37322,29137.285
55251,48628.707
25445,171554.16
66847,33492.92
104570,8941.064
56022,17403.297
77031,6190.822
64789,39882.492
23077,68012.125
100231,7358.3325
32364,64164.27
117966,15124.592
108800,33656.24
9587,80428.46
95823,17640.592
957,5552.764
146706,63422.23
132828,32900.305
81378,61649.664
90944,44735.35
82070,1750.3425
136139,90086.86
12595,14355.852
40173,9444.454
145953,84472.234
139510,4468.1426
99469,84586.64
45982,74811.7
76171,17246.336
136351,3558.994
73666,170129.72
21091,27793.297
36459,16671.832
105729,10970.179
15260,22187.963
54219,2500.3672
102591,127863.57
127670,12895.367
18070,12136.762
145048,7357.1377
106771,9497.614
145996,82192.3
121184,138591.3
5704,76105.414
51066,44357.387
17479,13277.262
81671,75795.75
36166,-281.99323
29799,73562.31
132231,56045.773
55162,48980.164
129526,30600.68
138482,103748.24
122321,4459.8193
43983,4275.802
50207,11163.2295
123152,13276.701
87282,9712.676
45318,25452.92
55080,49258.715
56965,23476.682
40307,10614.783
96424,5704.348
99028,8928.054
30059,47462.062
126275,36410.176
11541,2135.694
103634,51312.66
141006,67014.95
118106,57343.38
111704,76397.07
53176,80388.85
107053,111023.016
51182,4721.654
98621,6891.153
123755,60641.562
65429,98967.32
8108,4553.629
73266,26992.848
134761,21570.826
140852,61003.254
15482,78079.664
69758,10337.737
121917,7309.6714
79392,3172.5857
142329,9968.641
26484,21336.168
31826,120144.89
19333,27075.94
50559,5179.0786
90782,9448.403
131778,33576.574
38424,135334.97
20958,131976.53
133994,36054.883
130204,61104.29
116215,32918.703
7233,4931.0933
65366,6903.881
41029,31724.3
78592,32348.02
28956,68709.086
149693,23207.451
125437,94599.42
43143,2419.3503
33971,92192.13
130393,14472.601
119985,12826.891
57457,64432.816
107037,99700.71
82859,4838.3193
70669,82810.89
103621,33804.168
9264,143985.72
71600,3619.834
68562,56533.258
19062,20570.99
104542,1663.2494
134553,68596.01
27154,8191.51
64160,31329.453
29218,369035.4
105910,8791.87
70736,7085.281
137900,3622.412
70623,5454.6934
117287,76684.96
36597,5450.582
5289,43449.23
17891,87084.35
26882,4532.5557
9477,1806.7094
89381,9349.005
15332,3846.6382
11902,54108.766
94477,22083.213
33790,29812.11
82939,61314.96
116789,14377.104
11136,9756.281
11896,16691.994
68322,91751.02
56786,56817.418
21189,2928.0015
59850,14165.632
101247,149789.83
144095,4174.981
37571,9874.503
13836,19098.99
40656,129284.59
18002,3860.5798
127675,26833.266
33118,9183.578
85985,39036.53
127568,16765.75
57204,27526.848
102128,3564.5745
118540,41294.297
99729,10887.493
60237,4654.4165
67466,139015.38
26937,46630.516
72774,4726.507
56424,9460.205
131165,44097.344
100802,13947.557
52473,34606.754
36338,29538.207
79063,92049.47
148281,22858.594
31869,1681.8198
136650,11649.46
141688,23720.31
3601,68699.6
45341,10655.736
86854,30467.322
41059,190053.2
34830,158021.98
83392,12467.597
15744,41161.023
141461,32988.723
149014,10100.197
134300,37075.703
110770,21668.734
66971,20867.92
133520,17897.395
97535,14853.156
40568,39376.85
134611,38863.94
30381,39501.547
94875,7523.937
15533,17553.762
91328,4366.772
11877,1345.471
118253,83837.03
129003,16327.1455
106579,3568.3323
12573,3079.7383
110601,25009.44
147230,34787.69
138116,1135.8423
111622,38304.336
16554,15963.214
70612,2689.036
91839,10284.415
11152,183866.36
148334,9703.604
13391,12768.906
102401,11198.574
53190,12346.601
9392,22669.518
128765,85129.23
126729,28984.395
142320,15421.222
110057,44012.82
56903,1761.826
139419,11039.757
111012,11275.517
18837,56904.188
117205,7734.908
1514,26904.936
84655,-604.967
35167,275017.28
118590,4683.633
12270,6813.387
139511,13904.127
29647,16145.871
115075,6415.499
101849,14454.962
142467,15392.598
101515,11336.843
83700,61003.74
123780,72000.2
76565,5126.746
113024,67242.9
67819,24207.348
67878,27687.617
3496,16374.669
116660,4149.546
92449,2947.4155
134841,38077.59
117723,5613.904
133144,61699.535
116030,18554.523
96644,27123.56
10726,37705.355
39328,42698.156
96409,7717.2095
109945,21917.346
133027,58699.11
121128,10513.398
143907,36841.83
135476,9646.871
38945,230690.12
31276,32052.916
19445,10336.704
13535,32496.215
76946,75617.53
53107,24919.643
24400,8393.468
137746,6493.0396
146825,85121.8
2905,6728.5884
87814,6341.47
143901,6820.725
100640,5768.8667
59316,37947.83
94595,4776.216
16187,24869.955
25995,11278.587
69964,70720.4
126286,10891.675
76839,4039.6252
120903,76540.19
80094,6619.8403
11708,44636.61
34232,14505.551
93848,4151.3306
148868,10325.551
16391,28220.146
94658,20587.863
84396,6066.444
57548,217684.48
128737,176692.19
77538,4135.54
123546,99613.945
68434,19121.445
66312,16469.322
42222,9419.139
16496,67334.34
5236,71494.05
28617,3401.5942
17630,1356.443
34711,9926.851
912,24869.28
146838,13399.85
69557,34779.95
50326,1505.7296
68594,26877.984
75706,4748.5757
146662,58143.523
73589,11029.72
97066,74517.05
90679,42634.086
29064,11923.212
18620,12660.145
115618,16914.982
25280,33399.184
118042,28655.473
94225,16800.81
375,2298.28
44887,5313.41
92365,8105.9624
86919,18379.678
62972,18704.418
72252,5991.6445
114820,1693.4897
63474,70619.23
54468,9480.968
130006,20022.525
143522,30983.297
54291,5578.064
86887,68452.55
36069,52684.957
45758,172726.61
93060,13915.105
12170,74378.0
138739,42172.992
90020,15328.27
66547,19244.955
104859,11554.872
72176,26977.074
122418,29140.914
67067,35434.797
126705,11718.456
111917,11035.91
75249,8739.57
12516,47994.703
111499,24145.219
1613,11324.202
11709,7980.7915
62109,78828.57
50218,80389.21
49611,9210.15
123402,18027.115
120865,9607.253
18777,29361.691
63626,20959.105
115666,65942.086
87115,9700.339
92324,3091.288
67836,47859.043
145472,42337.555
82601,39538.477
120294,65612.766
69416,25631.527
63569,29783.723
83113,11820.215
136745,9067.147
126311,1718.04
33285,2879.4417
143770,71825.05
53766,66457.76
82556,4010.7063
127533,54784.31
57044,7023.1943
66908,66143.13
68746,15841.062
115281,66487.4
100691,99125.79
18193,42600.83
143479,48489.96
61656,7692.8066
8164,82675.28
127339,12989.742
89566,35580.81
12167,36801.53
28071,1405.6621
146820,13853.747
126591,28795.139
88228,4398.969
72233,13142.543
47663,6121.568
118740,56507.684
3332,50876.258
127421,8776.161
119166,8437.614
42622,15584.449
141530,242132.86
149522,73086.9
117370,30392.52
136044,5367.27
92421,11480.323
52765,9504.725
46995,28341.006
63193,9017.959
91313,54085.727
48458,18226.979
60370,36651.04
133681,16178.568
133338,19584.984
123495,5341.346
145388,83690.85
82828,88021.305
86890,5271.7314
54061,79810.89
55537,48777.62
68105,1885.7861
105134,6506.0737
52822,77054.96
142349,9443.675
135962,5098.507
26898,15806.5205
129301,57589.293
10476,27355.86
134309,110394.69
141953,4579.6553
111343,112714.26
99492,6439.422
61800,112875.07
47481,6703.11
2317,8986.865
56638,3979.1628
111583,4740.2295
75794,6690.6973
29359,10515.173
148655,23928.242
92922,9673.9375
139283,31146.258
112679,6438.556
40678,22196.535
46203,16513.738
135256,98083.664
16832,16156.192
133315,55436.246
117796,35683.184
1966,55212.88
132140,57669.465
139978,39219.742
36666,7294.022
130302,21487.066
119087,65657.44
28049,12106.426
41249,49526.664
27113,88413.17
58552,158636.55
32753,22064.967
99539,8748.066
70672,30058.283
110699,32446.871
66590,188327.3
112648,37788.047
141064,118530.914
149291,4479.6987
99123,6840.6265
7486,41281.92
34557,22055.71
26279,98211.67
148440,16206.31
47912,89165.81
131618,12102.955
7394,6983.5205
38523,6030.407
76384,34055.47
99634,13092.434
97324,6991.2266
106631,29598.373
110825,137866.77
67316,4640.81
91875,6348.009
119983,416758.0
127515,198923.2
1340,9944.997
143280,108467.89
135616,16897.088
86752,1930.734
70215,2816.4485
87655,20634.8
123211,14439.521
41866,11463.687
67280,11890.602
47121,8141.787
96584,86271.19
31067,90945.01
109176,12759.998
90733,4520.0747
453,115761.51
70630,31397.947
111240,18863.99
79152,10748.353
58123,43328.293
129943,14922.488
57545,15554.426
63695,22964.342
79966,7557.6978
20568,6783.049
72032,46086.56
717,31444.361
129152,6161.281
34787,42268.773
89046,7820.8823
99369,56853.61
72632,29078.74
82622,17234.533
95082,9375.826
38692,39973.18
101532,51260.027
1793,63191.812
72845,28626.139
32241,69744.836
111993,18032.066
133634,33556.566
68098,95449.27
35532,40267.773
96634,8414.332
118697,1007.9947
98405,9188.518
140945,29411.234
80566,39294.13
88086,2172.0825
30311,80787.55
143635,3822.1885
123931,48923.586
64049,1410.1127
137137,8569.15
96353,33617.883
75733,37187.4
119672,28504.918
90926,3425.2454
9526,25689.47
64917,1321.1934
37255,12213.688
41188,13345.773
92027,22768.586
135712,6920.5
94598,25752.344
84400,254495.73
131740,16968.328
105758,11939.473
4069,5242.177
51297,8189.546
135966,20234.164
105602,176914.44
39702,44966.348
110256,26624.816
141673,22100.0
7002,18527.457
107992,76689.35
16666,29904.463
37841,5206.5054
33147,41416.754
92345,73549.21
130777,62292.945
122320,23395.828
74124,9341.003
3442,6920.6875
132921,44866.184
118813,6502.451
60835,1442.9545
40491,3703.5503
79043,2746.232
73174,9487.204
83160,70486.01
60714,4756.2725
92611,64077.996
40230,28908.994
49975,24490.807
50084,11080.97
88431,39244.027
92085,62707.676
2792,7953.5547
88435,70899.414
66466,111006.53
53460,12856.219
144281,27232.467
129244,103262.266
92292,45675.684
125769,52610.418
107795,26245.379
57639,34127.97
22415,9017.439
128511,22345.8
121500,1084.7178
83259,25302.014
2032,154322.9
115121,17794.635
83501,30027.947
120402,3793.826
91537,6229.68
66530,41689.715
112070,37110.89
55372,13024.563
113346,130819.91
65662,25659.203
121396,14852.324
17948,80133.34
114519,16714.396
47812,13601.539
100239,12029.9
144698,4436.7617
112829,103369.35
23457,124097.375
34330,157719.83
148635,31231.49
15295,29698.584
55694,5022.5547
111997,6974.7993
148806,60953.14
46730,118345.836
94083,4985.514
27085,17256.717
10528,4443.1274
52754,60026.957
57887,67318.92
84430,19396.93
37973,33598.367
42835,15547.653
117358,3079.0044
53664,161056.7
80860,24086.729
137183,72535.45
126069,7656.1455
97161,19389.496
21121,21228.77
123094,81440.23
80990,23000.078
119227,105740.36
64488,164759.23
64975,22167.271
147908,105340.37
135595,46007.47
110359,10656.948
76273,18015.395
45839,103684.31
73189,81440.445
91778,48147.574
94341,3735.5947
115942,3796.2712
112793,128011.19
10034,53939.242
124780,7151.2134
26880,2125.4895
16971,1186.8339
18411,7019.4165
149807,5648.7207
33294,3392.1523
132490,2822.6863
101068,50559.836
57194,92860.72
30979,4801.493
62846,33800.414
57424,40002.875
94031,26257.074
10363,40777.266
96255,44696.176
120885,6098.9272
116802,21257.674
125558,13864.196
79628,9678.985
136569,17610.545
94354,3329.6133
33100,15126.495
130411,205187.39
57311,38538.957
85813,13396.6
62251,66271.37
142010,57798.777
14135,91173.54
29583,83411.96
36157,24530.914
29606,25705.605
77271,10853.903
13717,12287.316
36335,14854.819
145421,16934.549
111999,24345.766
76341,139963.58
123193,22156.95
96106,4165.119
52273,14438.268
115517,5499.4023
149345,5715.055
81594,9385.793
120326,19806.799
104414,18355.4
130032,22368.4
129158,4296.8726
137790,-244.16248
39005,40468.6
138128,7963.731
69,13883.048
81082,53679.445
28811,50309.016
139465,11397.72
138520,8035.5117
89911,39758.55
2434,32803.504
58640,24791.898
67110,32889.62
62226,112124.93
2255,18984.15
68691,17826.955
10295,7672.5913
23999,5353.9946
21802,74630.64
116241,6184.1772
1272,1737.4801
50923,51443.656
112067,183104.02
135645,7615.744
131196,39352.38
42855,5417.4844
61511,395.12912
106125,34779.98
137357,39253.69
147887,26154.752
119208,42418.508
81277,8164.219
66637,6614.2285
72369,13856.173
52338,17020.42
35478,34644.49
70519,62858.094
25225,99097.85
130627,10447.446
81552,116477.11
100112,28600.21
68951,5840.8623
122209,115318.14
85568,9940.008
46312,33275.363
38947,44624.996
111353,86030.39
21435,30178.379
35867,16685.15
65953,18015.584
110722,4481.64
96326,78174.875
147739,9676.779
137248,6392.375
49244,18221.162
19102,291816.62
75923,6699.981
94403,17390.193
100034,1561.6744
76385,83941.25
94758,14206.369
58772,4085.5667
9557,27650.887
103781,42923.215
75888,6000.361
107230,23232.658
57981,40904.473
85961,84049.8
146949,20441.855
64533,3134.5137
114898,89271.06
26949,19602.07
4675,24260.062
47137,17093.438
113916,5240.0913
84176,23635.182
87453,18288.686
17968,95339.945
124851,129170.16
70548,59202.6
98614,9623.837
86154,47358.57
130018,8958.342
37333,141117.66
66858,4274.756
85397,15404.27
362,36560.188
52393,8733.384
77566,23310.773
117501,161933.36
62042,13039.211
64677,4126.7925
33845,48955.516
107593,10762.73
144676,24267.992
129358,40306.25
70933,4310.7344
137531,7203.831
43504,36795.46
97653,9667.624
104358,34569.098
128718,9548.272
51560,83982.586
133309,31081.4
66287,13268.576
130524,2986.877
112645,23175.398
122393,16581.518
35696,11781.494
30377,38126.973
78002,10053.092
134576,15032.434
25605,17703.861
42014,5135.106
3011,93118.73
16689,18967.521
47103,14195.854
57754,66970.6
113858,171437.6
132985,19753.715
119941,84487.25
49260,21672.816
12707,102585.57
13081,5488.2676
121735,24397.152
43241,75011.95
132879,63397.414
61054,26969.615
10631,8179.7847
115527,107088.91
136530,39103.383
47307,12980.258
134277,76224.46
19747,107970.04
22936,5890.8853
28477,54051.97
65033,9965.446
53949,21214.912
9016,37089.547
139609,102364.664
4809,18838.477
47605,12987.865
9856,3935.2468
135478,12525.921
108722,172833.92
91833,4211.922
55487,78523.164
20533,61791.95
66155,1874.586
5173,77207.96
112421,111349.164
143925,48321.375
136211,254.65605
34775,1134.9551
64822,34361.258
137901,17257.268
2095,23562.465
141038,8663.093
139863,42548.652
8693,4596.6865
10236,12325.42
106670,113313.94
53994,27082.818
23497,14854.244
11205,24724.264
95120,133711.47
75328,36621.875
38724,37728.527
6536,16578.512
125102,10161.323
21510,5978.224
113597,58737.88
58579,15305.318
18668,25284.332
85445,99966.48
17073,3982.681
115068,25680.791
97690,4654.3955
86474,9967.833
13894,2259.947
138474,84121.83
125479,40053.78
32124,12349.98
75465,3718.3096
30689,99516.91
126185,46433.074
147210,25767.648
131893,6277.714
53803,210785.42
105970,19062.502
56964,484079.3
143807,47723.984
141616,45757.863
107391,50420.8
78956,172965.36
132112,1601.3843
21558,3749.3489
22885,7599.8364
35385,8445.712
142674,63657.3
7544,12251.939
145207,77434.18
51939,27922.904
54519,13503.797
131386,11571.634
132732,38270.016
129471,39480.05
94833,78515.2
148237,64154.99
91970,31486.953
127067,8357.726
92512,11791.717
143493,12125.65
116956,2442.1875
25422,1303.8798
79767,17518.293
62207,55221.652
49418,13274.622
91840,19740.953
37928,194265.48
36480,10275.424
63908,16492.096
65543,10581.851
86440,10812.5
30350,6915.308
62982,24539.27
44089,50585.25
128360,10282.135
46350,39758.84
92909,4488.6016
75526,69682.26
66526,28630.432
54303,16232.089
143749,109216.82
68775,29554.484
63308,266303.03
53141,16986.533
8132,11720.845
44524,52298.66
86413,33759.875
116978,6759.7905
94783,10051.516
142837,32239.104
112656,14897.18
119559,4582.4927
99318,16719.768
84501,25060.266
12161,3644.6506
42025,15853.531
27173,47697.414
143788,23237.5
143944,98041.74
44428,11766.067
81401,229578.03
76227,7558.3237
110429,3763.6626
93040,46660.266
101453,3044.8713
137647,33903.87
66860,52853.977
49820,103711.95
36782,22449.516
48937,150142.19
6636,24137.805
121095,7190.672
85146,13776.689
70055,47205.02
68502,57874.938
75667,186205.77
148444,1520.2761
45807,6168.1694
125042,26473.328
142717,50908.117
37313,9648.733
12643,53859.95
9010,9093.794
43473,29285.635
108517,5981.6787
20645,17599.129
96824,15156.537
69164,21342.652
95133,29538.633
110958,13260.782
72131,65416.543
15894,24056.26
98586,9867.021
43338,32910.816
18511,154488.77
103299,12549.981
126250,13007.758
127942,25852.486
34541,44474.793
8475,12855.909
43168,7095.275
104618,73436.06
76499,72748.86
34060,25021.834
30010,12690.553
21372,25952.537
93316,33581.63
58868,29210.535
43679,10033.489
60341,46667.01
100222,53300.203
11396,35854.5
132243,7162.6074
89010,31414.957
113800,26326.479
32414,7991.6533
117141,14261.283
45880,63951.785
87760,11100.556
79611,3621.6174
69333,39978.52
95130,99776.63
48729,4050.019
83038,2324.5193
34400,31399.441
117200,3438.3235
25732,18417.26
25077,88870.05
96725,6430.821
125846,4623.4336
47772,11233.715
86957,22795.188
53307,15635.052
98372,9490.41
127079,7072.09
129262,22276.83
118494,149546.88
78119,36993.57
69956,13203.757
54331,99181.945
32405,8458.184
74314,18166.643
108914,17695.94
80000,45723.73
149997,47384.074
58173,28673.598
10136,10954.887
47694,25182.385
25841,49295.867
89748,51268.426
81561,196241.36
9666,50062.676
146460,8048.004
104555,16648.053
134942,102336.484
31638,15773.702
122439,3628.8535
77895,21503.996
75668,29853.615
121819,8231.426
124837,46929.766
97752,10992.598
27128,5814.542
42375,13654.401
95433,77732.48
61078,122973.79
109894,46169.066
4366,47241.945
72613,7418.819
75375,5109.8535
7028,117126.64
78286,8834.5625
53194,23299.14
49560,25675.95
29006,21158.03
52633,171535.12
71988,11185.815
120547,22405.238
12039,12378.79
98117,11393.724
43661,13310.376
19899,49667.418
17643,16079.028
91553,2003.0236
110397,87816.74
112,3999.9248
67096,15232.684
67750,11290.212
64986,5038.771
809,28115.986
129691,47849.246
2795,52785.258
85856,23222.137
54257,10678.595
98578,67445.31
76367,23561.268
145660,61311.484
93657,10751.462
64576,9668.361
128742,9045.4795
142281,79516.63
62459,47237.54
74997,18767.195
53658,4674.3403
11522,91683.875
60025,15687.217
33179,6107.59
118510,37586.344
30641,137549.33
50354,14654.195
126011,4115.704
23801,4683.4634
60258,3351.803
77024,2839.8877
88702,10231.709
70626,39342.465
15280,55817.258
18071,62376.96
99797,18386.744
58199,74599.945
98402,15593.624
125026,5449.2153
66480,13392.312
10887,69699.875
134480,2204.9001
73612,8277.934
146259,21155.654
127413,55006.234
131589,3915.491
57909,1353.9176
16817,8197.178
3057,8198.251
60943,22974.959
16444,42012.992
3118,8626.376
49554,4288.9785
32378,49832.273
64571,40947.734
27833,54141.242
134833,17916.957
2162,5122.37
38360,1968.8793
65202,15674.234
45930,43443.38
138489,24378.107
72429,4312.145
119273,87575.68
76799,15798.105
136677,29066.273
47778,4820.0073
53179,51725.223
10760,53403.555
147357,161424.28
55428,126911.25
9563,9133.748
131603,29679.188
58040,10051.516
47015,12262.051
76119,4223.6074
38393,29592.807
99677,12452.233
134335,3471.5776
93563,2618.6968
131414,16942.982
32081,16011.748
119468,3952.1277
34982,96183.945
43909,116579.57
68128,2668.1763
103611,9881.609
113563,936.9475
24975,10322.765
142800,3577.2668
71758,3352.1697
140482,14137.0205
93667,21029.61
85243,24323.629
66495,17753.895
94565,6590.9854
120933,11591.378
121644,146662.36
49731,4045.7366
10184,32724.61
103807,60064.29
7921,10811.535
111403,22550.936
143109,46944.875
148507,3044.4385
135223,26631.023
69176,907.79517
12391,30455.566
143210,85271.34
96459,7300.422
113335,12298.858
39242,131236.77
76156,516119.2
140856,8900.176
18320,2363.5767
64869,61112.24
69869,51553.496
139121,14650.919
116547,13558.934
67731,46388.414
90808,25298.81
131238,105577.05
12881,27228.326
62627,9630.773
358,25461.912
46112,18348.047
120163,4008.6833
78206,43533.23
108696,92409.305
145664,50011.363
15288,17742.45
25620,17072.146
48767,14426.293
4289,23823.584
56708,29022.664
8233,167417.55
51075,10674.423
1605,8852.041
123228,827.2985
76538,4125.328
80240,118081.12
97374,36589.95
33338,80167.98
16357,14248.697
34343,35712.81
5317,25614.105
94419,20413.281
145170,29538.432
130095,33116.727
58540,53478.52
125471,45364.777
34354,75408.71
5455,131047.3
124586,9341.825
44425,97174.68
82865,24849.27
67389,8084.5103
106581,200256.72
73104,33502.086
145279,61977.094
136263,14153.7705
126592,305219.1
136580,87733.0
127919,20579.469
28246,4665.4453
119863,10922.344
129622,18156.006
9546,39033.434
134642,13614.215
32730,10361.069
31667,21237.176
118279,1816.1199
13382,3639.8774
98102,18815.26
126529,9464.201
48142,6678.4067
23358,44767.586
47286,13268.265
136094,34394.926
138561,145821.28
36606,16204.874
129904,30154.084
112629,44258.965
64371,14669.824
132328,6948.456
42499,21781.281
108370,3512.333
116464,30601.625
114138,2378.3223
133631,46589.8
121804,5406.4277
3091,29133.477
84447,1972.6902
54195,53948.656
15228,11175.766
38311,2103.6204
101669,81859.766
144261,49327.08
59453,44883.855
93673,39960.41
46711,1440.1234
109808,4765.249
18841,3568.075
58400,103117.74
144356,15923.479
18710,25780.523
128502,37338.57
19726,83667.78
66336,4689.6455
13620,165648.47
139678,2995.9597
27078,6376.8984
120136,5657.786
74739,53933.793
124954,12164.858
24747,4474.6157
63971,9040.087
64040,13686.029
67436,21009.035
136733,5934.092
76285,91627.62
64956,6712.493
61811,80051.8
121460,15389.962
120216,8699.754
129188,13448.263
84337,42388.617
1317,148922.05
25093,151535.9
120316,41493.06
92028,10708.837
2213,5779.9937
15094,6716.164
136398,2332.0002
142232,33521.723
97736,34182.586
90509,8933.394
69371,26915.043
132483,15433.199
54780,10072.591
88938,11791.561
128075,7269.0884
2686,28326.56
31807,65304.977
109769,61024.1
65718,10549.503
97481,24506.693
82979,44702.77
4492,10124.355
32460,9232.315
53202,90597.75
147254,13640.314
16914,15149.308
111549,84940.22
147437,9413.507
53775,19317.66
41616,78651.414
11488,9039.409
43532,97268.47
105233,24663.148
110088,11610.978
109559,168943.17
127843,11600.577
6272,10169.575
78776,29290.043
131008,10053.381
104931,126646.336
85601,17473.342
98193,54408.605
68135,16608.352
37730,79640.66
57133,44836.613
81183,14233.133
13586,1798.3562
131169,8508.469
44176,3496.847
48927,63729.426
76279,26307.463
59676,56016.176
145394,105492.87
53862,120007.9
98395,18503.709
101299,155000.48
22084,27121.31
70509,67401.41
86219,14226.233
96158,48939.87
74185,11280.802
55594,38796.414
117405,7220.4478
117984,51167.445
44556,8688.882
116454,95306.24
5381,2849.333
66939,69627.29
105130,109565.36
83789,6175.9766
18664,40836.64
80267,33028.934
106894,8101.6035
54758,9660.303
104077,23983.758
26352,7689.6606
134938,60298.883
41175,22070.012
81954,18409.273
94462,51433.05
148893,22077.057
124188,5678.045
138461,111560.35
3828,7167.3926
7354,13789.628
106133,7405.2847
3198,19813.807
119638,9241.17
127045,9097.022
72404,3009.2476
46560,9356.177
52006,61750.1
382,21280.934
70815,65395.617
102640,17175.16
2132,51969.633
135698,52460.36
117353,11563.589
125879,9500.631
147735,8235.467
63479,10807.588
106829,27921.371
52796,39481.4
62118,7199.261
105388,415730.06
142336,8602.352
82265,49125.867
104723,13105.324
14222,3503.8066
93944,71400.01
79488,12214.589
30339,10124.599
126970,29773.285
37109,116057.57
69261,20184.455
147461,42076.97
106075,46024.312
52857,46847.582
34910,12128.39
45073,17637.584
81787,103625.32
41757,16880.945
75991,144744.42
25435,15006.558
84625,129609.125
100875,4748.882
51707,57442.355
26188,21629.814
46126,57596.684
102767,12829.228
66159,27809.574
124415,21999.184
61698,3434.0803
27420,11908.324
31752,69109.04
85186,10504.832
103787,49728.164
87973,83115.54
8960,57046.977
94716,106377.695
53284,34823.844
59132,23442.512
24842,102708.17
53714,32995.176
15577,7872.7783
5722,3799.57
127620,83315.22
24872,16950.422
53789,70614.91
54881,35671.824
136393,50097.938
143810,17121.045
130021,152818.75
22490,6808.091
125516,8011.4775
109612,7756.172
27671,15053.441
113155,5259.674
143295,6400.2075
30062,30726.59
72516,33721.01
53354,9270.642
44950,18942.525
61032,18954.996
129800,137584.81
63706,10841.431
54166,5535.7437
16796,17877.016
98972,30106.803
9948,21025.312
101644,1073.4127
44714,113103.79
46070,69536.65
106646,469767.62
124153,1343.6207
21279,54998.203
77999,1993.8015
47533,21186.117
30617,89906.64
149598,22125.895
132319,4575.7354
140287,130283.02
47144,10642.851
142570,4667.809
148259,111289.555
49825,16189.708
6143,15927.457
45032,14650.283
5998,77803.43
114407,1197.6565
34562,26481.885
26432,8959.635
9080,27184.781
18106,69918.695
145789,13295.88
87228,34936.887
51244,33146.973
127482,1738.214
111560,8946.94
112381,49573.844
65866,6301.865
18012,19294.928
47839,2083.5632
84560,10741.726
28536,63558.99
72449,67468.74
22494,14449.244
76186,126666.016
7922,19264.625
12078,168046.7
33503,21482.65
76051,56954.395
139259,15337.177
42437,18578.135
2187,211462.94
69470,32805.395
3742,6390.578
146306,8449.079
145192,11560.481
96369,45567.066
71704,2817.419
55830,61743.082
31756,88055.875
28958,18163.05
39550,14022.652
102623,30006.223
82681,8287.158
141186,20335.945
141498,6510.922
136337,23270.115
24517,90908.14
145774,12097.186
96592,7268.758
26512,42065.957
58736,11223.997
77948,4280.657
110145,3090.0144
145987,22029.938
45380,33773.89
77536,5495.9697
775,35415.48
89555,34527.09
31353,5917.988
12963,19949.275
70300,44785.59
10242,28911.371
44013,6300.337
3880,47896.664
4612,13751.139
131482,6751.732
86329,66906.33
6091,38237.99
113846,136241.34
136995,32228.889
42638,85793.89
81131,64604.734
122112,157985.03
27127,23602.389
126278,195826.52
100180,26414.914
131629,1429.3171
118256,42149.914
93687,41521.375
100565,25365.486
24369,53812.254
89827,17335.697
101086,126321.86
11652,11512.818
139891,9948.653
23766,51946.703
68560,22804.238
59279,26995.502
11213,20524.143
129764,7332.234
16477,3007.3481
130702,25632.791
138524,7311.2646
75161,35327.305
130628,15540.104
61312,9750.618
120354,92991.78
104823,27619.93
130536,82155.19
142129,61155.78
143882,112318.67
19732,11094.004
44289,27223.172
108694,64081.72
108294,4521.552
59292,13284.21
71418,12742.8125
85823,15418.68
52930,8058.2266
40250,62772.03
52978,14228.132
119421,15980.381
10845,5568.6
66086,24769.1
29891,7363.3657
88083,20893.361
43885,12686.921
89829,45452.598
77727,40314.613
1834,4431.7007
54437,3681.5447
140847,3379.2354
136291,22892.277
55720,4358.81
51577,2173.6904
95898,9627.042
149200,16026.696
125148,39163.277
87176,23310.555
5992,87807.03
41843,4886.976
70918,29078.457
97300,25276.178
10099,4974.9834
60559,4232.7188
39196,58740.1
69202,58940.645
122588,9841.087
92929,24904.896
43601,33332.91
36115,49675.04
44699,28433.844
109626,5442.5537
101952,52373.28
53015,78414.88
44082,63407.625
122417,15931.232
79923,16662.65
53893,22956.283
21620,49238.88
73640,65641.95
67185,12066.405
128671,40145.46
70597,39181.17
108862,64885.08
54021,5406.6943
60389,44753.934
112546,5674.628
145278,89520.71
89248,177734.97
91567,38079.77
25992,14202.024
5413,41910.547
71372,36920.31
111092,178016.92
8910,19674.959
85665,36246.195
137492,11273.658
99700,14404.264
92981,78283.16
59968,6471.001
117834,83358.1
38509,4960.358
60103,12568.449
7905,21681.344
92297,20346.928
134808,13231.996
83402,22110.988
24267,5270.1084
149141,3085.306
30552,4939.025
4315,39292.656
17659,4521.2876
86077,67904.33
110370,34235.695
55308,65225.457
8117,18701.115
94664,29900.521
34839,19728.883
132426,12814.913
85404,37523.312
74506,112371.79
83012,18431.748
59893,5667.3716
41086,66189.2
126481,32072.12
88649,55448.906
79624,14702.623
148490,39628.93
74372,4620.2407
105647,72642.164
5052,36430.773
137835,4918.7393
95880,72946.76
124070,20077.83
90965,6710.3496
25676,32002.756
33922,2279.5562
108932,30583.496
48756,6098.335
54715,70459.83
69538,9479.938
120068,34318.375
145449,68551.74
123953,42356.535
109321,53680.6
11667,167580.52
74101,63273.176
16878,28822.957
10729,9758.562
15363,62491.094
72035,35162.68
54912,17124.854
98037,42009.145
108455,6535.5625
79103,21685.57
124824,21822.99
37935,10666.251
86682,34678.074
131881,78514.016
128101,6514.6323
53377,39437.49
128669,4024.3694
62184,31831.121
76498,4988.5083
128204,9730.612
113719,2610.0762
91182,3004.7444
48255,63062.133
19260,79797.16
101316,9612.991
34643,79259.67
53792,8308.057
134144,7016.5703
103395,96521.82
127357,1835.3219
128692,35189.504
84305,25361.521
29845,80841.66
131301,48563.87
124940,5687.8945
86094,268605.38
72622,23600.5
49063,30486.254
32867,9234.236
104990,33862.848
62520,66753.15
50709,81914.71
35694,29696.9
64648,48191.918
148949,26381.775
86171,13219.749
40384,11546.502
90372,19691.436
39301,3444.156
78795,32111.586
20418,60226.027
138744,8822.182
10063,62508.16
20711,67477.7
66098,13526.686
28450,5903.736
130263,16028.086
15393,7804.562
97852,6976.134
65377,59246.406
11241,31979.25
68622,6625.587
100822,4293.7666
86336,4267.9683
144853,18558.586
73472,74047.75
92739,65572.95
36002,125112.805
24015,20273.246
135643,88273.03
110036,6357.6235
82693,5830.4717
27107,15765.031
141255,7038.048
226,21027.3
133178,15575.685
57317,33838.99
45059,23525.41
76644,49176.766
139226,154454.2
31726,15427.172
70363,64169.266
8144,8490.933
34824,84477.805
118564,6353.2607
80067,51045.375
17696,31914.729
132840,9556.763
125886,34321.57
8490,44125.438
18418,187048.98
126676,47584.21
54023,19911.91
148841,28101.549
108239,17841.508
139193,11413.539
44739,9793.433
42924,56144.035
132076,5641.7188
64527,5389.853
102159,27745.586
105017,18163.396
106114,21192.164
28367,76560.93
103881,72668.55
71080,99307.07
17712,7580.7417
20489,3077.4104
62974,3257.2854
92987,89201.016
133607,4945.3984
71680,32379.354
131572,52704.48
82022,47761.6
91137,38608.39
48724,9525.336
58416,14446.028
124963,89232.39
97591,7540.1685
43137,5508.623
11786,19298.197
94679,19062.13
122678,24519.26
9906,78230.414
33648,183105.61
131559,30145.283
86909,5824.8564
136983,33542.47
138924,2231.9954
125307,16006.677
64663,13403.371
115581,52924.516
92087,7241.7417
14090,33459.312
82224,3919.6165
38883,21796.156
77122,13794.228
16052,9389.218
50926,98008.75
51213,25129.703
49748,3993.171
38,59833.9
118168,37592.492
145907,117935.33
20246,8960.869
66968,27002.387
93587,25863.223
46575,23728.395
114614,25382.059
76703,92376.51
8446,3989.9854
22268,21431.486
111142,9536.328
142531,5517.7705
48464,5293.6226
53745,6279.802
92099,84202.98
59578,5558.8276
110474,8604.587
11049,7463.5605
2118,24490.107
35269,2332.1118
12364,199373.2
53929,12569.836
105753,10791.476
3158,13912.552
147957,2832.6123
63946,16035.539
16416,117511.58
126801,19143.096
86298,56212.363
119993,10615.407
116008,5845.9365
50693,4373.275
149260,22971.236
125814,119691.53
52301,9511.2295
80947,66228.16
120763,33833.473
53843,87008.85
122383,35878.785
23415,8436.445
144152,38594.84
36188,39848.598
33127,29659.162
136183,223117.86
135591,64644.3
138589,61014.42
93362,30246.32
127760,26112.965
141056,24820.28
30433,157142.64
13032,107529.78
4545,14044.787
39209,5653.527
88287,28992.29
60451,2574.8972
14762,29207.697
13788,76576.984
53077,107243.01
11651,14089.845
54073,6599.3936
107500,17790.299
26861,8801.755
88746,77252.67
104532,22065.092
92499,5713.7036
18249,2513.5203
16668,33912.32
70719,6247.171
59752,58220.09
93044,11334.049
67273,132324.98
41257,8217.358
143548,11709.042
148497,11722.127
92544,12110.108
47196,19787.69
38765,45050.344
146477,2559.5562
50881,5649.542
136711,5822.4873
66852,77380.22
137643,14267.291
127756,47030.477
120825,9438.919
37207,20993.83
43870,58932.79
113679,85251.29
46271,25889.451
22410,1568.19
82488,29853.354
72602,9108.396
12697,124795.914
17720,68561.51
56257,3619.449
56121,59275.547
6840,49212.67
100776,5334.7188
3240,34425.66
47890,12100.811
131367,9272.667
49355,45350.402
112923,7433.048
51062,57243.07
126984,11913.637
144940,4740.738
57370,13333.789
59337,3297.6313
27822,283930.88
105606,36533.04
11476,3436.013
6929,2626.9968
53101,18250.7
90494,87236.32
145481,27041.469
51414,53252.35
54363,3945.6597
57394,47416.293
47900,63362.203
135919,54141.656
75863,18653.303
144043,141634.17
125248,64222.004
87302,1086.1833
13774,9832.08
127744,7499.8975
123325,5224.393
93799,16139.196
98399,9175.639
123208,84711.33
44536,39937.242
72670,8557.816
40790,35374.438
80129,10742.502
97001,62755.848
127286,24629.633
128520,8016.065
99957,5226.6377
61891,12918.429
141054,4769.743
14475,52641.66
95417,11828.737
70476,45280.652
69839,133886.2
93393,13482.019
7767,139653.05
112124,11460.904
127225,6938.79
24929,80532.93
138113,21424.11
27884,35088.574
34578,126133.56
64642,530347.6
80624,31744.475
139148,76377.49
101015,4034.791
128604,160089.05
34260,9362.503
64756,41045.25
66729,19111.396
66643,5689.581
82532,54898.668
99415,93753.17
87169,2191.7358
110186,48487.223
92090,9776.248
86353,14180.662
79543,16948.906
97964,3798.4895
23159,15083.93
127506,40772.957
39314,4891.8687
17063,28645.658
118713,7076.273
131015,80446.5
50064,24208.611
110442,4949.8804
26259,26856.537
99595,165119.64
85485,36819.78
73204,115465.58
52688,5441.1777
134557,72812.12
3905,6179.2856
30971,10879.421
57210,38800.438
24768,15012.934
89076,37672.96
64430,46343.625
32344,13585.766
90898,111600.43
37423,19589.494
24483,36422.668
123532,35463.188
108114,8785.82
95279,44250.73
97714,53631.59
139984,5259.8193
104328,7225.603
36620,8327.0205
2894,2519.7378
42876,44966.95
147251,9144.628
132847,14230.096
15233,11321.527
120481,48551.934
9084,50351.31
120536,6285.284
54576,11089.467
144972,1483.4479
47807,39099.75
125848,24915.447
47229,291626.0
45756,56691.33
1433,6417.896
148632,28796.738
93308,105549.61
53688,8281.609
13659,14018.585
67321,23996.027
75157,31467.543
48291,8607.538
64826,15206.458
23410,14145.617
86196,41702.594
107132,26070.018
51442,4836.1885
26657,47937.74
109235,5218.262
19781,53668.516
72486,15492.89
132048,5858.003
90489,5799.1587
58380,59335.473
221,126731.41
117060,14905.765
82060,42970.27
33047,14638.988
86792,14751.044
16421,22078.361
92673,24114.443
112753,16938.373
107626,10452.91
133100,8580.443
6520,25998.348
21333,14036.189
44444,146151.52
141295,238685.94
38001,11064.149
129406,44945.203
146130,1082.9893
6832,7993.3184
60363,11148.394
147135,16787.01
127102,6920.83
130978,113325.35
55116,182266.34
124771,14271.28
59859,18601.205
14281,258650.83
61577,1417.9613
1673,9865.009
30471,3677.6948
64848,45424.523
59123,10124.382
27312,17670.057
41490,77838.375
7729,135047.34
31052,73731.95
50724,30364.986
96248,18179.465
57143,4835.5337
60765,119876.125
107378,107606.95
80991,4980.428
29187,77744.305
146124,31637.068
66608,15453.974
129926,23125.947
52400,5982.216
115301,9660.669
83096,47684.316
73094,19068.805
136130,17703.861
22282,25068.709
29684,280512.47
32096,65059.61
96332,14866.511
25750,22077.043
154,653.67993
61087,70774.36
130148,22195.666
17637,6514.526
91578,8245.232
68254,14661.329
81648,35267.098
135310,13162.8
115910,7822.4854
128537,7634.1133
5759,56322.973
32568,22667.564
36182,216648.14
67085,7468.7637
6955,2151.347
29080,4390.2793
107594,74225.195
148707,20274.223
114672,53197.21
142587,12088.235
94639,83586.836
7476,112569.53
77483,14581.074
17434,36865.535
72678,1118.4977
21623,31709.422
140599,23484.324
64982,29681.305
5568,24430.625
59262,34821.34
4754,19023.066
73655,3484.5068
142220,3122.6345
25390,10828.4795
116944,51406.254
93822,45127.215
139887,16110.342
79247,45235.836
146555,23361.959
111626,42072.39
1258,27818.168
22578,4307.0093
96045,10892.014
139111,129292.09
110069,30552.922
82000,5842.2173
51511,32684.396
33813,2672.11
29631,43941.133
66912,10653.889
30192,4756.9443
124271,38181.08
142919,882.8781
125167,15087.842
48304,37324.05
125515,123486.88
104759,41550.3
67833,136929.11
140995,61682.906
117571,20422.049
103091,6126.5923
140047,9882.062
31985,63270.17
133764,43136.953
137246,21140.62
84735,7620.213
102842,37515.86
2548,18732.387
10582,48259.457
73949,63513.086
57841,5027.397
55790,42116.047
26446,45916.23
126284,47206.742
34063,70864.9
39673,11575.6
116362,237181.94
27286,8803.792
105106,38545.582
18292,3276.8003
66117,27780.01
121928,12264.096
87386,2505.4534
3993,72865.35
123324,31078.39
17775,112770.02
106253,9245.959
19444,1227.3513
91354,29617.342
146543,37190.61
67040,43223.914
131130,1232.6326
72477,5973.918
109921,35414.19
19350,59797.02
80489,174105.48
147297,75371.445
42389,21318.727
129266,8708.047
25267,53502.08
3737,181684.11
20343,16129.706
134496,40774.285
118371,4489.2764
26778,11058.573
15344,3266.5557
127062,29524.887
102417,1649.3425
79346,1891.6547
70585,20045.021
120171,9386.37
15832,45936.5
62138,17709.041
113728,54259.734
93221,43177.867
99733,12538.582
62431,28257.93
143708,2151.0327
46336,3142.5308
75538,19869.635
111750,9263.519
81691,109269.945
130464,2968.3193
81423,111920.45
80606,96281.34
79231,26605.643
116022,21783.092
78685,18154.553
105556,163752.97
77829,37629.312
85023,8394.111
124801,51395.99
45210,3793.0671
130870,15027.18
119561,20710.797
21936,1342.9026
115497,9941.785
48402,20302.748
77216,42735.625
27633,12056.674
108586,2394.7976
119402,20649.498
26745,37183.152
63158,10155.473
145791,24605.64
142981,188971.62
83479,19325.297
135584,2706.4607
18028,19525.303
92286,495674.2
5927,9089.377
148651,13379.19
71118,5112.02
119828,102376.35
20661,19510.402
12962,6814.3457
35027,3334.1636
70891,60403.027
77106,2017.3259
6686,41763.23
54029,10509.02
54863,11062.158
99571,32175.635
122919,9514.461
98472,129744.13
133426,23322.594
58567,14772.339
134685,13266.557
16296,8664.94
30017,16467.568
134667,27610.123
17745,90829.96
44318,4518.6523
26456,6067.253
56066,39412.637
33334,10737.624
143566,6823.3306
65321,39208.113
135926,79972.47
45352,28664.074
48959,19863.854
79307,17458.943
119726,89377.96
77674,5438.7056
40485,7486.4644
94762,29174.342
27392,40701.27
68001,7881.506
106764,138711.88
38801,70940.3
65642,137407.5
47736,58197.375
1990,35062.062
11578,12528.181
22365,13861.807
133402,93881.78
55202,76585.35
80542,13583.078
48016,10324.7
18008,1571.193
10494,94203.3
78263,48745.3
141292,9908.816
104744,6146.5527
63548,88144.13
117672,28045.479
108692,77460.38
29040,33356.227
117744,15847.766
39546,30255.416
71442,7097.7925
31551,2904.0127
136549,5826.592
2564,27042.105
90191,24176.459
118037,125904.23
139652,4162.6343
68470,91163.39
29840,21832.39
137361,8631.532
34904,29317.371
125642,59207.61
70403,9685.704
62142,21152.797
138050,3295.4302
33985,10259.683
88656,4912.7666
28042,7943.0103
103409,38731.453
78721,46958.605
12210,57317.824
22620,10069.276
93100,53382.11
56392,6522.598
133211,51588.074
41185,3844.8367
4060,16643.18
29408,9552.344
26459,70595.75
28487,110684.61
105076,4891.3857
3103,20631.508
58172,5365.6743
76771,66362.71
12321,11898.586
132489,2192.037
101246,36919.734
110382,41601.004
42049,16190.481
142224,8018.0503
86812,9018.385
146727,1789.5121
144682,21251.879
42393,29158.69
55245,92168.96
49189,14482.6045
26530,9772.765
65175,13227.131
149919,66056.02
32760,6414.548
41462,6733.8438
3140,46527.84
61429,19532.81
132598,1458.2572
36091,25392.898
108662,6129.2397
99063,122508.73
89662,69510.164
55495,53081.31
135182,78401.875
128210,66382.836
142211,8119.3896
1800,36263.547
117833,28056.797
73996,10067.657
97044,4820.205
1286,78329.87
78426,10090.471
41518,2838.9119
49438,3139.1167
71125,7668.4277
46158,6542.524
138223,19685.734
42446,10162.05
128039,10974.893
41862,30011.021
144175,10512.702
142000,14397.878
136048,6904.137
27614,24079.285
53891,31302.623
21654,5463.975
81116,6759.803
24915,39145.92
99725,1078.414
132806,11078.915
107614,22546.44
73867,78812.01
42,9282.357
91951,1480.4006
113529,6929.13
8492,550380.0
132537,18414.828
122363,48789.797
110349,84907.04
16759,11990.384
40720,7495.4717
13183,24195.69
24064,4643.401
70082,15558.61
6564,3171.9326
46364,40438.508
58915,12935.582
139781,213061.53
109598,81757.38
99225,22892.578
35880,35124.684
31686,41777.918
146446,48100.56
15845,2177.2488
122597,6332.741
108422,43229.062
63234,13562.232
45932,40263.426
116258,31944.35
136840,16725.742
56812,7956.5933
5122,12001.011
141988,15641.22
69022,13106.507
52784,3489.9668
65340,139639.89
107709,19880.906
78914,125010.46
35796,7454.3965
8986,58695.62
23862,67988.71
68943,19713.42
116291,35477.402
21411,78900.445
55747,26519.605
114196,99926.02
5506,62257.555
139991,1377.3743
83642,2401.8677
44191,16874.273
57628,2051.0295
93505,76004.03
42538,7487.6836
40697,8762.128
89570,1199.5221
131143,23603.9
81397,27778.484
119307,17662.533
92221,37929.73
30612,114970.43
60176,120789.46
44791,3560.382
117462,33422.18
67038,85977.47
59356,8997.051
87363,32159.154
36814,6348.549
130258,79706.37
20528,9792.644
138663,20987.361
89237,9594.582
52720,17303.527
41491,4147.109
71366,9418.94
47166,14620.039
24958,23614.209
84970,10583.9375
85707,70006.695
21566,24167.863
92480,152643.38
86269,38259.984
34843,4889.885
41373,30352.443
129758,417293.03
109123,18693.328
131162,25802.246
125762,13546.424
99267,56266.117
47730,23306.908
132269,56537.066
12343,4520.7827
66,7385.0244
80504,132852.53
103789,21811.705
105661,6808.376
117680,30049.377
17187,11229.471
25548,5799.625
135251,10890.683
140854,51021.64
40966,29242.268
51934,19153.42
39370,12059.959
122455,117027.02
9801,11747.857
15688,82707.31
69158,74355.62
149572,5286.6206
146192,7908.648
66572,32101.385
66425,10927.653
41911,16391.812
63465,9582.459
92901,14106.519
71664,9382.329
135071,26522.729
100171,9854.148
32117,10831.901
127152,126362.47
91391,28503.92
144041,19437.43
40409,14655.55
31223,3653.911
146650,55065.605
134124,7956.343
59142,10920.21
47599,59213.656
131783,17746.297
91004,10055.865
5574,13923.521
113636,8931.253
121493,4892.916
69912,118047.55
34851,9009.485
138156,57508.773
23101,10859.966
114327,21437.342
147253,2987.6497
66550,4751.627
77469,90943.836
47825,37574.004
83885,18555.607
5273,52888.305
110757,57692.69
103934,49313.37
48274,6633.136
16694,5654.0415
73363,22469.389
65679,2568.9827
133504,139721.98
29747,38523.418
50593,59827.195
41295,40441.793
4111,165688.2
51766,12203.398
75373,130293.234
4310,11418.449
133496,61003.74
39951,16921.549
74609,11373.105
83972,107103.61
104058,151204.06
18212,995.1951
136215,32231.164
82008,60237.11
14669,8413.641
81258,1225.5038
42912,14508.542
87101,67692.37
46171,42471.215
94580,5545.195
64968,67666.45
48596,58979.56
124711,74115.414
141896,44709.42
130741,229540.62
89117,10344.558
38766,16692.525
84357,11554.552
89547,126062.34
146582,4863.927
128091,18794.28
143397,8120.1675
94449,12779.188
69630,7195.039
3206,11047.367
117696,39578.145
88622,99973.77
68774,1435.004
51423,7304.2905
96751,1147.6201
126999,102806.445
74854,8136.7935
119275,30776.512
92453,19183.178
43862,6329.113
117387,4974.828
111895,5566.8384
86542,7733.005
37025,48380.242
124498,25408.729
22432,3206.5542
113229,3509.1086
98407,67469.83
65297,18716.053
123236,7547.7256
22559,18478.324
16291,40813.25
109281,64390.13
98457,6770.5874
31240,4851.3687
145180,2320.555
83576,10548.145
74187,15235.556
57447,88774.55
19929,3924.215
56498,6058.8804
44619,59202.66
126307,105021.01
59761,21519.33
114609,11403.812
46919,24870.176
85650,14009.795
22507,25548.996
66942,35530.61
107011,12629.575
115505,7651.042
119334,73449.12
144713,30438.553
110811,3300.7935
44005,93575.05
117133,60852.98
104790,11341.732
14710,9421.652
22002,35426.04
75271,932.1262
95918,26281.44
148233,10036.458
68167,5943.969
126744,170438.95
149976,7877.5146
37180,46258.855
64687,1318.3767
5124,25411.986
63721,27616.527
115785,62836.613
86128,2857.9976
79480,20846.674
17811,2677.2063
5363,69140.15
4578,44359.758
16587,6856.699
146544,43339.938
24961,5289.8286
85998,5604.6953
22506,22835.479
54318,7323.366
32148,102711.69
977,14113.721
138158,18628.62
42136,21162.857
30524,1226.7743
106317,53875.453
81812,14849.102
88149,99648.83
99538,73973.47
166,110143.07
82749,118486.71
13380,8029.483
54364,3789.1282
97228,173349.86
131809,24000.273
72358,5894.5864
77791,9139.634
63597,18125.912
84868,30744.639
96778,11997.783
66057,10069.003
25794,85831.96
10821,12259.03
141128,13347.522
127600,66213.67
61794,29922.377
53029,35757.28
19973,7298.8013
104864,52612.574
113395,118898.88
69878,114300.51
13173,13930.547
29177,30875.652
69753,3505.9036
73252,81091.57
41652,109869.52
106300,6347.043
113793,3879.1904
138747,103065.51
52863,13199.056
1749,9133.959
48951,17611.451
58851,45140.72
62267,60517.176
130114,27371.875
122854,42591.3
94608,70418.484
106671,14192.42
117337,5507.5815
84095,36896.44
95691,6314.772
108341,65417.457
60338,8658.614
146292,13235.111
99375,63192.85
10646,42616.395
79338,137862.3
126179,7318.6
80314,98719.94
54266,9382.347
112418,1932.62
124549,97246.72
144471,14729.597
48957,52174.773
130852,50511.41
120406,36956.65
51456,12064.649
109257,45403.75
24286,67754.56
115180,202955.97
41097,82409.2
74963,34318.785
56987,13937.61
123695,48703.887
56130,7053.843
59714,93723.42
93894,4553.432
141544,10757.284
138462,28461.975
62225,15074.248
104887,74504.26
34739,31008.395
140512,37153.562
96786,13784.339
144710,13092.034
57950,11116.026
96884,124698.15
115007,15555.196
135022,175939.36
83638,17903.932
1429,6377.1064
124612,10825.951
36011,42654.703
124294,125861.03
39891,10894.114
137430,8311.623
135605,8629.438
119405,40133.363
128899,24203.02
74233,19377.486
14167,25163.146
103927,46669.93
89550,74242.42
90333,4354.866
52851,4616.8677
93045,132571.03
43704,12711.788
59477,12272.58
23158,73391.336
21354,46408.98
127902,14313.328
124966,7241.943
71985,10728.481
39459,111457.34
54657,50909.87
57228,42737.656
68217,11037.458
67412,27991.455
50476,43725.47
59390,5484.54
76936,3556.5845
104398,44487.023
111498,9258.822
75805,26548.756
11025,10496.854
22092,22479.049
95127,35400.207
115088,125808.0
104638,7726.1553
63995,22848.867
120067,66442.5
119025,3797.4333
11072,21029.455
72894,1654.9648
112072,4884.7266
11273,42709.324
103591,125062.44
28938,4500.034
56055,115279.664
16136,8068.8257
72364,54503.03
52353,12447.702
126312,41711.223
33653,175726.2
95884,79402.0
116699,64270.35
93538,8218.639
126461,36994.387
70361,11205.946
96992,92998.45
60287,39226.266
90817,10888.166
15710,11709.267
62366,1561.4019
44329,2555.4192
81876,7741.4023
28299,15866.793
55490,32637.979
2694,46666.992
62845,243970.77
9109,13799.858
12141,4599.241
7372,5306.6216
10556,209288.5
55274,16041.581
129929,25271.047
64972,9652.6
80714,97578.086
95276,2738.0405
19497,63645.844
93515,159155.67
31204,21614.498
134762,2064.79
98072,11009.2705
40443,7637.4263
145840,55034.65
38722,46622.14
11117,29060.773
108311,147350.62
55255,59448.96
68799,53834.977
21162,95736.04
334,7116.2993
145405,87538.12
37522,85492.15
48591,22254.121
97549,33810.336
120362,19983.955
52405,37177.637
10487,33726.02
129653,4360.2476
45095,58591.68
131467,14740.344
118996,20585.52
89931,149587.11
54946,19910.799
50987,172799.84
42612,92436.086
15664,72549.71
1362,4848.6045
137336,24414.234
106656,48444.527
70057,48122.66
7792,99696.875
114423,22481.77
138112,55664.47
15887,14771.698
24677,7013.923
100169,12199.583
99145,11337.583
138423,17213.361
74518,19525.951
93697,16239.575
2444,3276.8643
1610,103482.02
35815,12138.014
108008,21755.043
131011,11761.95
132907,40159.137
32527,10858.081
130432,27202.945
10690,19424.342
78274,41167.688
15421,87081.47
55970,14458.401
143123,107053.63
140310,19125.39
108128,14018.471
47870,93577.02
109183,101504.85
38645,25658.854
12091,19757.057
58373,64824.043
80231,51684.582
51751,145090.2
133879,31600.994
6107,14822.305
19187,15807.99
24230,24875.926
111419,111898.34
27187,3411.1467
138877,7968.779
74184,8658.224
33110,34937.223
39624,9353.571
78397,19147.643
20025,3212.8384
18881,15659.638
78209,18403.291
77506,23083.844
65195,21761.22
144593,69888.29
100515,123384.93
50927,84058.71
65327,9662.347
143142,11371.282
143099,18491.518
2629,12889.126
114663,10713.8955
99451,17837.342
19894,7333.066
33876,84976.04
45537,10089.079
35482,69860.52
115023,13531.459
3898,5600.9287
94523,4199.498
65113,8164.6787
95386,110353.83
36361,30311.875
143817,27046.033
18571,13020.047
75245,119493.21
50272,21899.404
61161,8031.142
21728,50271.363
6533,43226.758
102283,59812.46
84588,5559.3696
128690,6048.008
96469,6260.6113
10684,9968.797
72581,10142.179
97825,117550.336
94450,6360.791
22226,53228.277
132398,14879.978
48511,7849.197
56899,109339.016
10663,244110.27
110366,63017.887
86003,18527.457
97269,69103.625
138375,33847.19
74876,239644.9
63113,11194.644
30622,35149.434
49072,130790.4
43465,6799.6577
101978,24680.219
81546,49417.402
133754,70950.17
108688,39936.117
9278,9910.764
90193,4192.3496
52807,27746.234
132990,57825.562
100652,88775.164
124336,6361.577
11149,61416.68
114830,52940.48
44281,4028.137
138560,18652.3
4211,107669.48
92183,9025.956
13138,32971.074
133336,1366.659
29058,8460.051
84932,8963.425
51928,44478.633
7497,77627.45
31063,45486.5
3621,10756.902
148734,6161.166
120432,6970.277
97808,22713.092
4461,39407.285
17188,7857.134
115714,8801.755
84472,119615.81
27210,67275.29
29675,12238.373
127324,132702.03
116860,49741.08
118887,115574.02
79147,390628.9
132817,13407.718
128525,2305.8057
112125,17347.4
20367,8173.9297
43839,6688.9854
140531,28990.447
102936,9331.869
144269,36310.312
97928,36674.39
101620,18150.67
4624,18762.283
59169,105052.375
34212,47249.973
110605,11471.098
144119,197451.17
77606,795.57465
101448,34509.78
56865,6999.425
15030,7629.2246
80294,66070.18
22643,127088.734
89005,11254.407
56030,17441.955
96465,20303.24
59364,5463.781
131306,25265.578
132375,1880.8319
16164,24979.957
97898,23472.754
97259,27038.518
133234,20023.182
123348,25307.455
93460,101563.2
79162,33213.96
88123,18419.238
41772,16864.229
80713,13653.489
97010,3817.0576
26751,1044.2166
125575,13373.551
88499,31631.229
31564,7573.424
28479,44832.996
103084,240279.77
110529,17758.08
29293,33304.574
42545,6769.488
58810,9259.26
107877,9141.626
13486,196159.17
39296,9734.533
77229,98088.516
85005,6633.4175
146573,48024.227
13240,12638.592
123066,8220.24
58312,58710.04
50562,32661.31
20098,27673.002
137004,8856.293
39840,17490.734
13078,5896.1636
13021,31276.512
42516,13907.028
94793,38093.7
54571,75502.63
111883,27376.95
61009,57152.2
94992,34433.863
124680,328791.56
564,48163.957
129098,24340.195
137536,137589.0
123622,251986.2
132145,3699.962
96130,4784.514
74701,15452.088
106119,4598.5024
67749,4421.161
145807,7184.0537
65286,26615.13
76698,23824.59
116688,45035.88
114195,64553.957
105227,16623.244
126437,7921.8765
19400,10229.463
86777,9508.0625
11766,18586.7
56437,7783.7817
143329,42813.37
68548,18915.21
75890,4225.761
47639,33047.1
105418,22560.768
148384,26518.098
149782,8052.5757
77779,12363.542
86356,28347.246
109996,40945.85
48990,2277.3738
69332,37881.598
39743,66125.94
32972,2429.7478
134051,23726.174
76796,29872.92
80080,7828.292
129061,4557.1367
95334,9319.603
126789,9475.019
44291,25074.773
65288,11991.17
3929,31395.947
127005,17429.354
146183,7802.973
1348,54381.457
45428,56268.074
76746,9877.702
78366,59265.047
113878,31327.438
121375,72101.96
15480,89446.695
48410,10954.904
78983,33330.555
142450,8610.353
105154,329.1367
16146,26060.438
51101,133509.14
44300,137818.23
116244,8697.285
109823,5229.0083
115619,26463.498
33857,32131.744
77736,93667.13
41681,4777.0654
128789,7820.9746
105439,38936.39
61946,165331.55
108792,3993.408
132456,53722.875
146833,9243.892
32408,26630.695
105722,1977.6974
21185,18951.943
134444,37881.934
20981,67142.06
130999,44974.543
17924,41098.12
9336,24470.44
111523,12049.004
149767,37217.535
6902,84344.734
26849,17600.05
39657,22204.48
130248,110642.93
58188,39606.42
47874,7594.0186
52980,29725.062
81071,50065.76
102256,53118.754
112559,4499.54
27705,39086.234
49769,15440.73
20339,22714.158
26167,161829.84
137297,4676.764
89118,16780.775
109552,6451.079
68169,7761.5845
94298,36031.37
147168,45404.39
98268,92698.12
81259,3661.3242
37791,21057.576
105919,120103.5
137960,10976.495
129272,46547.324
73311,100317.086
130717,5882.578
112378,104981.586
94243,28338.484
41841,44544.734
32761,53031.36
97453,105164.52
144576,80611.12
71338,131680.0
124119,1506.3484
67032,7317.931
94081,20850.57
142093,33907.0
102376,4396.383
129395,61071.46
75109,4020.8499
89230,40225.355
85299,10241.7295
149698,28407.893
56306,40756.383
37546,18656.32
127471,30941.922
26836,83898.25
91216,68434.29
43156,99570.52
142468,27331.916
17544,40593.727
112782,4537.979
50265,102459.37
70541,46982.23
14414,12044.171
91873,170336.61
145735,37584.824
105508,60227.867
134592,9452.631
49713,1868.1127
2282,14382.294
55845,14923.095
89178,82874.53
76579,18854.836
9657,43343.63
47615,23255.156
63941,17723.758
60923,4890.5435
51130,23861.621
137690,38969.57
66710,35837.965
102785,1236.5293
111878,9005.542
34549,251392.11
29494,11594.528
66017,23759.04
54860,11142.946
1431,131939.33
140044,90588.055
81720,11525.368
119188,16873.486
119859,110124.84
19625,3023.4385
32099,3170.0752
121155,9017.41
77248,53013.09
48779,50291.18
142533,2048.713
56367,79377.36
118814,19698.598
56426,9498.468
63743,12850.471
19435,40820.258
131177,70218.61
39433,62033.246
139360,158693.44
145782,135165.88
33019,73935.96
17635,14441.252
28947,11567.908
37566,25694.152
50378,157719.97
123832,49370.055
16919,65815.43
143801,71452.9
138614,19432.31
63618,28041.326
5350,21681.344
128341,77165.586
21965,4951.843
102045,48965.32
12587,68117.23
113195,41286.14
2823,27370.389
105905,18929.139
49786,37958.383
63389,84521.45
31719,8723.376
30713,61383.406
91044,57177.94
114992,116839.37
149897,20535.965
89371,18917.303
32002,13642.59
112295,13473.86
137660,27226.988
125564,78393.89
147306,24392.016
25276,15115.463
115858,4565.887
56997,93926.93
113207,29130.355
2705,57463.81
96041,17638.746
81158,87967.75
17072,26488.79
91977,947.642
126807,7547.928
87869,26385.195
74061,8801.484
90925,8750.258
148744,209048.42
141714,16897.037
11893,29708.098
43993,30115.84
99535,7600.542
28534,6084.057
51050,3230.0413
104108,1385.8887
123360,21068.992
130943,23942.822
74608,7093.1562
19195,3114.8296
97459,8352.978
122560,15565.844
28991,81074.58
67834,40381.953
126331,23630.365
20382,3513.158
23489,52569.53
71102,8916.15
117422,64610.96
139043,13543.511
122382,119173.27
47208,3199.582
27093,27284.486
101767,13190.061
17357,19646.035
121315,15782.58
79673,347.31863
142323,16613.531
1140,4520.3086
63858,120580.56
144649,166255.23
13370,82271.1
77708,189393.22
69853,23221.064
108456,57772.363
46133,7656.674
114342,16967.613
121898,20643.139
21550,54118.105
34426,7348.1826
147991,27302.156
119330,6936.7817
11518,41258.223
1112,9603.233
35358,24288.621
120576,92594.93
133164,5694.7666
25702,3153.9229
6804,50287.977
61689,11009.731
62752,9961.753
144726,3742.6538
147004,12521.978
12109,7350.2705
103229,79740.37
31776,90870.22
77165,36719.1
29541,11460.97
15722,17267.314
21320,99610.27
100980,11134.201
87902,15113.811
23043,35616.688
138102,11588.267
133091,108223.35
144451,3950.3452
79621,142783.83
11961,17219.299
90556,41514.273
19429,15926.265
49183,17804.941
139635,7985.684
101634,62600.547
27904,5275.373
54787,78748.21
76187,489003.34
42667,13353.434
6750,2711.908
42812,4384.0337
102383,35342.066
146850,7343.4106
74557,39432.805
3901,16129.846
64812,54835.797
145496,81261.24
116886,5367.3794
17559,2149.161
25857,79318.59
140916,9568.842
61229,4228.566
112664,14083.615
115924,66633.18
31682,8483.931
20590,112198.68
77795,25907.324
118799,20030.719
6205,9177.191
52015,48390.69
146128,8365.188
78186,47354.137
108322,92967.66
28693,90192.266
46665,76069.15
59366,7579.5684
139697,125398.99
131136,23859.713
115285,294923.75
60100,31888.113
132434,23909.488
76325,13328.303
129446,76951.12
84548,255090.83
147013,10263.606
117820,45135.75
133928,6644.544
32383,26565.725
19794,6272.4185
89030,25147.775
19103,-200.98178
89232,6172.3423
145967,6919.854
42422,86159.99
55399,12674.017
38759,131632.9
10265,23597.69
74684,10544.417
66128,8723.835
30905,127330.89
56317,5668.582
28686,23729.246
8512,40493.266
102003,32066.574
57977,135661.53
18397,6983.8296
138848,5434.1997
110874,87924.58
109051,43060.477
88837,13066.615
129994,37857.94
21857,21768.365
515,10151.27
79796,30404.07
72592,74847.42
53064,30060.795
57716,31397.48
142375,98125.18
29016,3508.9912
14331,18977.3
80876,6689.412
25855,63174.67
126671,2215.5283
98902,75924.164
134332,2129.0417
56094,51316.703
92965,24421.127
20393,22737.057
80156,83312.65
143508,81578.1
11730,5388.7
74675,39063.41
53647,41088.9
43217,386185.38
125763,35037.84
32591,31866.498
141937,94888.8
46975,31372.178
59769,11815.283
17093,9700.836
5025,58094.88
46061,86823.78
138624,7252.889
9655,9227.664
22157,13389.873
4713,5800.727
89818,859.07623
15721,7608.0938
96213,36977.684
72644,97116.6
147069,4612.6797
65490,10419.684
34892,18533.68
74245,104097.49
64386,24036.04
111530,4259.484
10095,34072.52
23280,408815.3
125503,19772.154
48316,5824.843
72651,9662.947
106950,10637.175
129930,3170.8965
9804,16370.717
13095,165601.44
109796,33191.98
104402,111151.875
13684,10381.053
19668,7818.9604
52266,16619.281
3254,68798.086
9463,3119.4841
58468,38279.645
121426,25405.752
10505,10532.593
84083,13590.593
16018,16403.979
56630,37125.23
12234,9178.848
81257,114597.46
118743,2553.2874
45368,70513.055
119829,4515.26
92693,81924.35
63241,7487.9946
9852,7646.3413
138424,50344.875
1464,1524.8287
1549,75320.68
107536,7242.85
120937,7156.8022
49180,10344.736
112759,7797.8257
119282,7325.085
77632,8252.705
65550,104766.19
115384,4421.1406
8283,13800.552
48662,14535.627
36735,33123.656
131924,6842.082
88052,26329.748
133777,55370.863
46715,112239.11
58276,60442.44
78747,132942.34
71245,10847.832
25275,6568.023
35674,6970.4673
113104,14124.271
71108,50500.848
136847,100882.414
81843,99098.164
58247,5788.0166
37448,143246.5
58014,96504.914
132892,75340.695
75518,21072.953
45923,7828.386
42664,70173.305
110408,64291.836
85088,9727.104
36234,132510.81
122220,1660.7471
71056,55152.11
67538,26861.781
21818,2132.2876
105005,15772.06
24824,130993.97
61037,7041.6636
142242,6341.5454
52257,50601.6
105886,2201.5527
57849,24751.9
84632,25331.049
14907,84050.98
94602,207210.72
24089,43269.22
143524,69392.91
40186,6642.133
31093,27565.004
47213,37405.414
25467,12353.919
38359,151154.1
61969,13867.089
29411,5674.7524
1731,10256.43
79130,41433.84
113273,5417.6094
67709,5019.7227
33855,40568.844
139135,14015.792
122830,5749.2705
82508,33009.098
49819,94262.91
57094,15554.681
90109,1012.69824
90655,61540.383
85073,173623.8
42552,5469.3296
39110,128179.93
77093,8809.687
61049,28327.867
106972,49872.418
93338,42138.535
48800,93594.016
89558,10794.3125
23682,3561.1277
117225,24372.316
149679,8517.901
99608,4160.7183
124548,5365.852
105915,3563.0457
99107,24619.566
10636,3730.183
137490,118414.08
117595,146666.44
52348,2983.6726
32666,143530.47
95336,28304.469
140478,14930.559
63087,15640.827
128970,33184.035
103644,9667.612
14413,16804.129
45164,7839.94
83193,1612.516
41431,83162.125
132163,43959.914
95406,9998.909
55053,41017.25
20385,29254.482
36702,4910.0425
135527,9471.506
134305,37963.973
93674,87210.48
86388,8048.004
121798,64786.8
6114,17671.504
92133,94094.57
24797,94996.85
12576,24296.996
105978,3106.312
123770,71443.98
97477,124452.484
136181,41295.125
14453,27336.33
60686,7214.981
112185,18971.498
25977,22978.053
85084,39025.715
114968,168218.45
85574,5714.261
11511,13601.571
9821,92937.055
116750,84551.375
37071,3710.3179
47373,6517.7866
51952,98046.664
64512,920.60376
94952,12903.459
14344,44144.71
95853,10002.777
59562,14412.658
7396,28671.615
40578,10466.13
87740,8098.431
12606,18524.809
37622,37777.332
11066,2619.1108
27795,31683.22
56800,2988.8413
50019,11103.303
29182,47076.273
144344,18508.822
81760,23851.941
34105,47798.402
88717,25225.762
149062,303763.25
27188,46376.875
34067,12443.42
4449,120997.83
83805,50421.914
46509,33201.727
96776,3229.124
25802,16423.408
102381,3073.2625
139501,113535.05
145973,2974.7002
84793,10388.857
12825,9200.771
102087,37888.08
112523,6114.8745
76358,28262.54
78842,24864.283
123017,155732.64
65931,6151.4653
84896,17535.77
19492,15898.705
129541,12427.804
82881,8285.984
94227,90507.58
18754,23250.127
18289,33085.07
134924,8440.584
36659,122353.31
73395,158788.08
21957,15474.984
140507,85279.5
149771,3207.9304
139739,15983.654
3857,29325.176
80303,5558.971
60329,11948.173
149264,166607.42
64099,10290.116
3342,-40.071854
111983,14837.519
36348,6928.9985
26801,7012.9746
63793,46242.203
124109,1793.7102
95432,14004.414
223,8797.36
65431,29370.926
68778,3122.4114
56830,22892.578
47466,15974.715
89685,46098.67
121487,55779.24
17562,41333.746
2817,5455.778
28514,2504.6733
13869,10763.478
117035,13904.034
125047,5278.763
61191,52653.16
18467,7804.611
135708,5582.5938
46726,3647.1401
2589,61269.234
42853,145341.34
139287,59461.316
133643,37286.594
57917,16234.843
107689,3469.4558
54530,6745.5464
81616,43624.598
80516,19916.756
38718,126756.414
116021,148537.42
143480,11916.101
31231,6586.111
142714,63628.832
59432,37271.676
112183,88243.77
90904,55739.08
136522,6806.9214
73241,48294.34
28687,12541.374
24051,2780.8855
80120,25129.33
16683,18995.04
12305,34027.668
93156,50893.434
115779,55335.48
127543,42666.402
109922,16939.709
146338,16822.613
80173,30781.256
146433,3678.5457
63157,3032.7078
98995,9422.099
72061,26320.299
134928,106495.36
43752,65293.293
103832,7488.1963
63934,33745.76
108384,17748.75
89704,15073.119
63190,33672.645
2022,12164.169
87789,3148.0312
87379,6893.7104
21723,12002.883
25359,15683.306
144664,14633.852
33793,22100.146
50028,1258.779
23639,160685.61
65287,85765.04
126704,12118.539
116908,31663.143
110640,24266.586
29597,11802.745
99425,78942.664
113473,65253.027
148626,41094.703
94028,7002.183
112364,13131.532
93053,38423.594
63277,49691.234
123524,81140.27
48017,68940.85
18859,35299.656
802,182703.45
138511,10934.227
140705,13179.855
77685,22455.861
98818,94328.88
97754,112202.71
23838,12793.805
125844,54011.707
123797,6227.4307
131680,7477.3364
99928,44125.598
132664,36316.484
93914,6821.967
77183,21980.98
22060,16306.13
42968,16643.166
15964,5016.0015
16652,98016.04
80807,65533.805
55170,4321.9814
79284,14223.764
145561,97967.09
36943,4883.3213
8251,34648.844
36407,3582.7205
99304,19194.572
50710,40110.438
123109,6302.829
81352,13401.4
32764,32940.016
65379,8234.577
12831,25952.16
81386,10602.338
44170,9788.181
74662,7983.9263
47773,14157.292
100452,33341.414
87136,25664.234
72731,11102.338
93745,24218.342
144542,53142.18
87636,61676.65
128674,22611.406
62069,5720.0713
6327,30521.395
144693,8571.393
55875,8915.712
90507,6074.905
112817,8296.413
77192,4195.8115
36634,35092.895
146517,381485.75
14788,9815.947
146143,12378.629
9385,8119.544
128011,81044.97
146667,81939.484
94754,81017.57
138688,19236.76
90595,45694.94
113952,53856.18
92197,4858.0586
75000,5998.3237
47201,77830.85
101215,19613.508
87117,108135.05
39978,37165.656
121520,8897.752
75784,48814.895
74436,38812.906
116023,35878.51
128234,27697.906
61527,37709.207
93989,38971.016
80775,63113.82
64980,62355.21
105024,106593.336
23613,31337.928
124664,3165.0676
1851,25867.248
65816,9229.572
94829,8290.095
139458,24263.23
102123,963.4934
120766,15200.204
131053,47685.04
79839,122823.79
121969,2394.8188
55505,101549.24
16813,4567.0156
126846,43191.16
103333,44248.67
64586,134955.75
122156,29462.447
50792,5573.0596
67788,60685.535
112663,15918.911
22345,9806.09
87904,7622.1177
6723,7534.002
111594,30370.133
146527,8332.377
98589,11518.468
2807,244295.03
63172,143702.34
138655,10487.428
135889,23717.377
62906,8324.391
53794,32451.54
56877,25187.889
700,88733.25
14482,4476.371
64162,66641.414
101797,2425.9897
91547,3167.9272
74933,14770.88
140982,2091.5781
73586,7679.04
41028,104522.67
114688,12287.52
98551,43266.332
105012,23220.547
12885,26738.48
54903,24893.123
132925,57199.473
69505,43010.17
145281,1413.6064
79741,18667.459
101499,6167.4663
86477,34217.195
47108,11401.044
47401,198507.31
89181,64869.914
84597,53688.82
133779,125753.055
18804,89940.83
63306,67361.43
37490,395359.12
122752,77572.84
116269,94276.53
117458,3278.956
102748,34593.016
50759,31804.379
85164,9182.61
42334,28760.652
43581,55289.64
76080,7097.404
91066,107460.586
54186,69780.94
135818,78378.82
55036,114287.836
88705,4696.474
33721,24357.523
32919,40105.137
43082,60993.016
3515,55291.65
124903,11569.971
29107,57723.242
114769,3896.0088
55418,106340.74
141901,6302.871
53417,39732.426
70653,14504.077
42408,13126.888
86409,238918.61
68666,28423.64
124053,66175.93
27432,17475.393
12969,39499.473
69475,2377.833
29662,110188.11
98255,42007.51
75997,6609.3564
76944,11949.183
80840,9790.296
134520,24818.453
145112,5954.7036
82733,157589.81
90653,24697.99
74765,59772.406
90381,1805.1685
109988,34370.094
8667,1969.7786
105784,35504.24
31147,5148.3184
105107,40947.734
67829,53115.348
78384,46550.555
140456,43076.004
4426,15480.6045
120531,28829.777
58107,33227.156
140819,13085.777
144686,112573.89
135148,4984.1577
43354,30712.064
134368,58862.4
44413,9383.205
142553,6934.412
27511,6021.285
50795,67904.19
30460,53638.586
3265,47691.8
129521,33132.324
117549,9593.337
73083,3385.485
75265,32495.92
87697,13791.833
74258,6930.3633
10990,8643.206
86814,10188.368
117301,12877.04
34256,8597.8125
92755,6013.81
23584,9620.044
23698,293980.16
110600,40907.094
124539,5883.967
125132,14630.564
38487,9632.528
145708,61132.77
122424,12538.684
112318,4543.532
10771,3496.5835
41221,19512.25
34213,129062.52
63727,15500.262
26475,76163.57
15339,2826.6938
46003,21478.1
140065,32766.27
51327,12553.555
110664,31184.342
80988,40438.508
63083,3083.6191
125189,428729.25
98424,49772.36
57321,87259.28
57042,19374.053
11626,1129.1998
4669,27191.791
17510,7566.9663
36393,10937.002
43404,4820.0073
16223,6488.8457
12542,20479.354
31965,8095.7036
27321,15443.916
99512,177752.7
33658,45093.023
128683,23264.592
72024,43526.95
47960,9872.052
100777,7679.674
53364,36878.516
115430,182961.36
99519,25795.148
99015,2211.8325
141911,78246.3
38993,15667.266
80512,5030.9434
118129,78938.94
71601,19475.955
78056,17456.432
82286,10795.49
94579,7140.58
40602,30106.793
79104,12258.593
137428,9299.608
111914,25145.64
33733,12053.381
136705,776.8177
81376,13312.974
143538,13922.863
96790,11322.693
90061,16623.47
81018,20163.465
117390,35723.688
84889,36143.17
14108,6697.0073
85241,10738.953
97811,16326.7705
146575,130213.875
63476,5857.4736
4554,34992.805
21523,12888.3125
95765,18505.969
143966,9274.065
8037,25550.959
44946,9325.027
75020,8977.904
2776,74097.15
39877,10426.078
26844,22338.014
42823,7319.276
28842,3894.7947
144702,11306.588
145353,558741.9
135189,58236.99
103152,22703.205
142825,123317.6
103156,18300.875
20231,15993.691
143447,5770.75
51229,4083.038
71434,5380.811
98494,93225.85
115729,3331.1487
83008,41590.652
59701,30346.438
90307,5973.164
18554,2175.901
62475,14516.418
79360,16715.074
147197,60633.438
67184,2524.93
16401,12765.842
132427,20042.516
126834,229127.98
76229,49020.11
7728,26512.705
90493,55515.46
58553,82885.46
39590,13436.1
146126,61185.09
58687,9073.369
24569,11203.594
88520,101154.45
100051,18385.143
55813,127281.58
13721,110194.32
22042,20273.021
64681,20170.926
73001,40346.66
110723,76056.875
1674,67320.1
49161,5197.616
12330,54279.344
5439,10317.258
112345,74016.61
71562,215176.62
46776,22716.715
74630,128561.18
96690,8278.953
98659,142630.7
114025,205973.14
117683,12543.798
130577,15496.925
26616,21370.67
131957,85445.67
136072,56123.5
139166,1557.0336
69978,25752.467
27219,36639.92
38083,2853.3713
11915,19629.06
51580,97449.28
1874,14714.026
81203,24216.316
23033,11262.325
30790,5696.1567
127722,19599.674
48726,133351.58
84268,68177.336
10532,6463.552
87680,141129.53
98532,1974.122
139053,3379.1494
30082,6219.714
65880,42204.535
74897,87277.84
84491,1083.1196
136134,7801.064
41734,60399.008
101806,4181.7373
63966,6570.1562
5799,8665.653
124433,5201.8823
39711,122471.76
132403,7850.6274
9580,84707.555
22581,15858.112
19742,84160.96
144109,43911.516
61612,8672.57
98692,40491.46
9629,119918.86
148902,17141.023
43475,37772.105
93132,44376.652
112994,7498.977
115197,45802.29
11805,4702.6836
547,49719.543
597,25734.646
59116,11585.112
121361,13416.454
98649,7705.0073
75089,12755.37
100093,17770.293
16968,3622.4534
118866,2064.4155
8089,7103.1914
63525,17920.574
45903,16994.1
45181,18052.31
96548,48934.33
62879,21848.182
1295,29507.646
117340,225416.47
46028,6300.3247
137106,17055.104
83185,13260.416
130880,80573.47
2671,262091.88
67374,20054.766
90783,71356.88
94979,1740.3615
48563,243863.0
8831,11804.469
130802,65256.64
106765,75763.0
138812,8223.561
100,18707.35
15764,12912.496
68280,19133.92
134237,27402.578
135329,39682.285
4647,14697.622
4047,9319.942
134610,31385.21
44535,14085.877
29240,22125.336
114324,1953.0034
110682,33583.164
120421,5559.8784
139124,9351.673
106438,71127.92
95750,20586.014
50683,4163.362
46228,2969.2283
131241,95182.31
47518,12175.985
6849,9643.023
113322,5467.1177
17579,82197.836
118421,9546.782
50769,9047.968
15984,45637.66
111084,5155.7217
44058,68261.266
114605,93847.9
104429,77881.52
67590,21765.938
74390,12428.436
1144,11730.022
3079,18221.23
141017,9658.56
144602,18306.732
48498,11807.518
33478,17948.916
82769,4071.422
115613,49736.18
40145,12191.2705
136568,29867.576
47545,40288.11
20975,47561.676
88082,56687.086
43636,8239.132
96798,4832.298
90586,29118.021
79170,29723.656
83172,3187.9758
38853,13411.025
50854,17229.062
22641,6714.368
97062,6203.164
139271,11377.8
90200,15537.395
66810,59598.3
133713,24280.852
122736,15391.853
32240,130828.69
58437,4914.427
47795,8663.686
37504,109052.62
41959,7298.177
61693,59198.656
30533,31209.06
20262,283758.03
7482,3330.164
99286,22471.248
42372,66606.164
26118,31405.695
132857,45704.457
54361,55840.875
102210,3610.8481
89506,41265.645
97863,84301.875
4592,51359.863
42838,1442.372
67941,4508.3633
133543,10020.662
99091,97836.98
63143,48525.36
119684,76457.0
131017,21817.82
56614,21825.352
128010,5473.5996
17185,3407.5042
102097,43683.16
86894,29552.527
144032,2892.4595
13945,12661.717
71614,2296.4998
40043,6756.8325
68747,4277.366
62671,55674.73
5345,16967.447
1949,26972.613
113655,57238.035
3854,6751.732
79963,31515.652
73262,5957.438
59749,2828.6858
139554,5322.2026
119670,11293.046
116144,12678.014
4664,49323.867
94433,31832.574
96342,13017.77
92734,34220.305
31212,6047.2603
59429,1975.9852
49596,102139.56
112119,17068.188
100835,110171.65
103202,33308.594
142250,18510.355
54322,12572.222
51436,8319.887
20107,59042.32
21847,18824.773
143648,9184.56
102730,11746.376
37461,16194.686
1141,4892.8867
101094,32318.53
48001,8169.2617
48543,32540.191
27291,1234.7961
44037,19367.396
130925,42528.773
39165,106482.53
31829,9284.138
144867,6532.8193
131118,78611.05
142074,35320.613
40611,97885.266
6360,9037.403
107862,46039.688
54161,4703.5933
132079,62624.86
69942,9301.244
72012,43524.016
127864,53406.875
84012,79307.13
25307,16660.98
39232,9821.47
141108,11012.332
54002,44839.07
72677,11267.338
105128,63797.137
40444,62067.008
125683,24804.92
69592,32148.307
97670,204806.94
142284,7721.239
20775,3649.5544
106842,9964.6875
32688,21849.139
68741,113642.73
44823,12878.333
68096,89905.8
12028,39719.543
71543,67329.04
142819,179830.64
76168,20208.809
65074,8221.987
26519,9472.822
85125,126924.05
36005,6079.767
144125,8599.289
130493,23042.582
95360,103625.5
34934,62967.8
87563,25929.162
110634,2082.03
10037,59039.117
46876,15964.394
109904,9374.933
58951,21919.469
33165,49772.9
139097,20381.316
106166,47801.586
47516,49548.758
134809,33669.867
128390,1829.6919
102578,57281.812
142171,13203.295
47968,34505.785
101941,11961.626
42210,24035.055
3674,12332.484
1323,15175.681
10900,105404.94
50798,29568.496
115032,122647.94
34365,1011.711
137280,14837.784
27136,1434.1165
21327,16606.195
39382,14910.253
35957,55166.254
51038,8508.414
93325,9046.546
143575,1325.0598
87310,44911.69
86169,18402.879
74004,10379.433
30016,9465.2295
69914,10474.132
19208,16524.713
29722,5714.3066
38037,3450.8486
112842,36877.016
128785,3361.7532
104121,10167.107
28372,21415.88
93014,19831.557
32932,52143.43
67061,18013.604
81334,94976.65
12511,48402.59
49279,11252.855
71027,3401.605
26480,28558.578
21361,17045.49
3580,9370.684
120789,10051.912
125817,10899.299
73210,10173.892
44055,105139.68
144395,4834.8755
143236,12807.845
143864,103760.586
102631,6417.07
8824,3852.8284
115097,163772.42
120109,25978.537
77078,23832.393
118451,162627.64
93584,22467.695
46891,78988.84
149783,82277.86
56559,1163.0651
146720,7121.6924
110843,4759.355
97568,20922.883
13453,6732.5356
16204,3221.812
136765,9380.501
60042,104487.81
44158,16215.615
81769,30246.836
1193,2903.6213
131817,45888.26
76632,6040.894
41006,115969.37
148792,11956.276
35146,45881.78
120517,63977.98
68698,83409.61
12806,11662.122
8371,7352.135
96442,3760.0986
133984,45028.203
139393,97316.35
108130,23619.43
9939,46949.99
70092,17338.805
22043,18178.17
139311,12392.364
58392,86035.44
21832,12143.985
106121,368670.44
54796,25002.914
85070,11493.537
31753,12803.289
146768,42949.457
16634,24714.334
7946,38614.105
12854,12397.729
76951,58300.695
68477,7024.832
116216,77477.23
69249,24010.396
97317,22229.654
58580,27126.662
19440,18841.99
36754,8990.399
26066,17172.074
69228,12248.446
103300,29392.668
18257,10606.257
36837,2820.7876
109301,49030.17
11795,115584.72
119214,30956.654
13897,38700.105
131886,65236.367
84795,7194.6807
132699,71428.4
142162,128557.555
72170,18055.4
121296,1165.9656
70746,7002.326
40073,79503.59
81034,40123.91
61444,35463.645
121225,37017.098
115769,10491.991
62058,17907.52
36640,20666.383
6076,29333.549
101150,4730.4834
13823,22773.234
89726,4116.1064
149988,59582.465
62603,11475.977
134482,62264.85
88930,37329.03
99986,13335.572
68563,11482.015
10577,86985.0
77845,17424.07
145737,20446.94
136976,47416.27
126243,113368.76
42549,51824.1
935,3699.2224
315,132832.11
115437,11888.125
16111,7477.928
109724,51921.97
13361,8795.384
75329,2451.0608
9592,52506.062
63753,5390.355
102141,57526.066
21490,15726.519
120475,60508.434
131840,10237.409
31348,4283.1562
58672,9415.703
89034,69537.83
21150,4783.3916
101879,49057.832
52942,26332.96
85352,86535.38
79119,28342.178
64294,58441.824
62436,121386.516
3038,731.57104
93472,59534.707
126088,4748.1836
123467,16505.021
35247,199909.6
55861,34611.08
119973,51007.76
72551,53318.145
134151,15843.339
149263,7020.152
32252,29689.23
10110,3760.4578
23769,155055.67
110179,51249.387
106757,27612.44
60262,22411.264
44909,178178.33
34706,11875.685
111815,4294.581
41646,7596.6494
106575,16336.6875
52812,9162.772
56397,70755.12
138272,15999.011
43865,82080.92
122931,79289.0
88349,20110.791
82009,30899.28
99540,22861.408
31920,58562.055
24702,21392.09
141719,33976.87
138673,8355.763
34863,8591.488
33168,84064.48
70341,11614.232
90261,9022.297
24507,5069.8164
49788,9701.219
17214,64216.31
32059,73041.89
53153,59341.062
37911,135139.92
131298,982.74396
54966,44097.06
92425,24074.223
134625,17406.424
144814,13648.798
64479,20370.6
40278,55565.637
140792,8088.526
41306,5043.5513
19741,47559.55
15576,1400.0082
11057,48500.27
113260,17104.113
63879,4884.673
51474,10233.469
128285,24103.068
92732,71668.23
90500,25764.611
100717,724.709
115676,63432.527
142344,77775.68
115880,54940.734
16152,49766.887
50758,9960.8955
8715,6768.115
36657,102924.625
527,36015.508
98501,21618.727
86080,7121.5366
47250,13046.808
88413,19228.143
143284,4732.199
9462,56621.06
27985,21948.564
6510,74996.805
30623,38503.812
47655,93337.586
102536,3218.568
13568,29653.51
492,28641.797
149192,8844.607
72716,116288.1
124745,54523.523
5323,46341.69
82109,26104.312
84399,21768.58
36665,24911.074
6703,62864.027
109210,70873.94
62691,37475.36
14810,61552.703
4413,93868.13
109872,42505.406
90032,13610.873
136402,6773.3037
34954,6842.208
88244,46631.98
126150,55986.246
20162,6327.3247
149169,19365.723
34964,43038.902
14712,23946.178
128840,7900.5386
66148,15096.662
146786,22730.953
136248,40098.85
145158,17545.883
108155,23741.291
144882,31375.574
77086,10978.428
88824,50523.96
46309,121759.625
128515,2331.2454
19155,2737.784
43367,10455.515
40236,18787.041
55600,7216.6895
63919,121212.63
49432,636.3081
143096,13622.907
12730,34197.293
6643,8678.628
118100,57640.066
103534,23202.223
132734,14982.487
105220,149358.33
139812,38464.35
113777,20758.602
77392,77410.3
80150,11594.445
148239,7179.5586
125941,110773.6
109532,35788.613
92190,37743.727
6766,37620.65
83550,88001.43
61456,24250.771
4174,11497.702
31058,75144.88
50535,42821.914
127959,8888.395
31335,27493.541
84856,20955.873
62367,72173.01
49370,17523.172
148654,35772.984
116354,70056.164
97892,20316.135
137118,25519.549
33305,268686.88
94868,9934.395
63703,5695.278
73434,5555.8613
10461,6283.872
44265,58943.28
91722,24009.586
34738,308486.38
99978,78536.8
120455,24352.656
94543,80780.15
23827,39829.55
64590,76594.484
62018,40850.703
17525,7610.9697
48975,8382.989
135598,21128.61
148933,7189.2397
104531,85712.95
91652,99705.234
138247,20116.633
22930,12035.197
48326,84144.695
58632,10843.923
105264,12883.048
131792,29937.314
1214,15179.966
24253,2536.561
24894,3476.4346
23593,19221.412
100247,10580.166
70739,17221.498
67642,209479.14
14892,26806.623
41320,7053.3237
72038,161131.81
68068,47273.754
21734,11493.564
99101,11000.681
71732,7516.1084
69345,91881.695
86614,44879.223
89068,135285.53
106512,18988.549
132110,20834.234
7175,-711.4315
142215,12327.057
16771,897.3204
112373,11294.01
76371,76999.85
2435,7938.4004
132848,7621.7607
144387,12805.203
10866,13909.75
100968,65409.918
33817,13435.702
2994,10575.572
75260,4206.49
127625,16325.959
95835,15521.003
68479,27337.922
119041,3040.8677
126525,18173.19
28167,20288.523
18456,35026.1
147771,7896.448
141886,94020.96
84327,12845.572
15358,24416.049
111255,112377.125
24291,52923.996
28998,22511.064
73386,40778.633
23892,12148.673
90310,17701.986
126273,9607.224
122665,2774.358
126252,10144.6045
130604,34850.98
106474,174730.86
115227,30915.715
66245,17017.973
42528,34905.65
39761,1108.527
49637,1417.325
75426,27482.8
92281,44509.617
94581,67838.41
144600,8713.841
80305,64414.93
73433,6754.548
104444,9192.407
15202,84365.69
68821,20586.06
379,170218.86
142603,14907.771
3313,5869.7764
126769,4855.5366
136063,24187.826
44164,5403.34
62713,22369.225
85310,14349.557
40960,51689.902
113272,3360.892
114892,18302.293
27129,52104.645
23481,26859.508
19603,38498.863
78866,3073.2683
34801,25593.393
6814,39469.41
8904,13846.457
10093,75868.555
72698,33447.12
49708,33949.184
118283,134442.9
137593,143573.0
54491,23217.361
29882,14572.941
59889,25258.225
89867,66051.34
51160,107607.43
13062,169612.6
48892,13368.121
67873,3347.6155
95064,86114.59
34776,7094.881
39199,31335.684
139470,6027.056
102819,21154.955
53844,15785.303
68393,202508.48
114754,12312.029
25143,33635.96
62125,8458.942
72254,6955.624
58990,6855.637
121083,41799.336
46385,128075.98
6045,21407.738
9362,60125.277
77569,24119.895
28338,1160.4586
48644,20826.762
140476,87279.15
131950,59789.133
74344,22367.809
21225,6487.063
86924,6495.416
64671,8502.423
6842,39075.395
82996,57346.145
117937,5058.6357
141970,5177.3696
70235,68606.52
133073,14691.638
99896,27093.54
10824,21059.049
131937,15228.799
64727,35311.414
65788,10432.744
95907,5215.053
33043,12158.828
51739,24020.248
38528,149028.92
135555,47851.535
51270,27033.238
138106,17742.475
134776,10182.692
124005,110236.984
8112,29726.371
126903,84668.97
36257,5064.8813
5510,57349.17
32861,9619.126
95289,95948.875
27119,3438.3235
29676,7598.0073
146115,141699.23
102577,9212.265
88501,3246.8289
53243,4059.567
23825,13760.292
138161,77856.96
3403,5165.6304
15037,54672.37
149393,18288.414
5300,34237.72
125937,8397.112
36715,37704.914
135160,6155.1284
36759,5699.138
23251,21736.31
147500,24755.26
7470,12893.534
36379,122867.94
143317,17222.318
93554,5908.908
79817,69628.94
39345,50190.773
58756,8252.486
116174,211042.17
66678,7633.7183
121820,42145.96
124377,17432.135
136721,53730.203
62998,150.7491
6291,25678.611
31206,6131.863
183,37580.61
86961,113129.8
80241,23440.322
122550,23908.17
105660,19472.686
104717,39967.62
38023,262639.72
92791,14385.865
78370,134872.6
145156,4249.2104
24585,34329.17
127848,46509.605
119235,5043.266
48378,1685.0957
58933,34799.125
9480,94154.055
56193,54282.023
122006,12052.8
110662,165892.16
7181,79937.77
109792,146040.5
36654,11319.66
126931,79110.945
65593,96202.71
116950,7952.241
126707,61540.156
67480,15228.915
24461,34852.562
73985,70042.67
109810,108447.62
126368,2182.6445
109676,44904.152
111233,9354.149
12208,29343.646
28334,17784.498
30127,29422.604
107728,32268.326
435,484785.56
56157,110811.06
15738,4774.569
88559,49322.55
120342,10023.485
88087,4970.4565
4603,24621.504
139569,212714.05
41827,5689.261
89756,7924.101
51310,51048.562
48597,33393.586
103305,8404.5625
3334,29792.766
22074,36872.445
2733,10867.649
99396,11551.314
99987,38550.105
132910,46819.855
82110,22955.58
141725,50813.633
23699,9139.368
149208,17835.041
94862,41785.254
124309,6127.3423
102925,40109.39
139094,1606.6577
53347,17498.506
57816,28847.842
66170,128395.02
57366,32339.252
59911,54820.652
113764,3945.9314
55291,98705.49
3611,71475.4
137708,2777.3604
116336,8598.258
31848,14334.392
110467,17646.332
38780,41891.9
71475,5119.039
52760,23064.584
34068,22433.84
137520,120457.055
39994,82091.51
10680,68253.15
124553,22097.451
71173,28878.877
67229,17883.125
100664,7880.0806
71989,25519.828
71179,104072.47
47661,18522.785
130660,8792.191
58116,20009.033
29944,67971.234
139954,2753.6172
90673,31105.287
76005,23653.297
2058,26361.37
48051,24186.986
108850,9963.706
68784,41212.83
53005,3057.7434
17853,57991.254
6699,5881.5537
62574,25443.889
89502,24059.643
144346,37892.316
102228,19119.047
105019,9169.528
86648,15190.064
109800,17703.725
114387,41571.133
21952,35063.137
88465,41046.906
21998,28820.7
65592,23819.21
87666,3747.4634
56422,15319.024
28923,12666.906
130051,6906.32
132939,16433.83
25926,12817.908
64490,88979.82
38688,26947.785
62944,7335.885
65110,19674.959
42963,1719.7354
79223,24981.412
24531,44376.973
46029,55458.438
56415,18423.229
22005,5825.0117
137240,8965.207
89635,21821.873
131752,28527.799
54269,13140.832
52721,43372.598
4380,77614.516
70835,15080.889
25643,43263.355
13449,11507.439
40704,6829.474
149562,1881.0372
139247,125599.38
87996,55033.074
374,47957.75
13924,2986.1047
28948,10927.038
75803,40268.246
28160,70247.09
37363,4354.2515
119043,109770.81
24912,3965.763
88883,6892.0454
149494,4667.69
118296,25943.225
96142,86650.234
19462,26427.885
143206,12180.273
137290,14654.603
18615,53778.027
72406,44773.133
29487,9188.619
50501,53771.918
72763,26589.338
87879,10840.508
118506,69771.64
48150,48712.37
138911,2465.7747
65531,30534.332
118991,3109.7742
8193,37938.48
82431,8793.103
63469,29964.297
28124,17359.066
50158,7105.004
47094,104723.33
57252,27604.451
28893,9187.561
80234,36772.098
106977,2525.1519
15557,13069.974
109693,7600.2144
25468,161406.11
62479,29840.088
109722,6202.033
68809,13189.983
128357,25904.434
36293,20076.32
55016,5945.184
81781,9989.479
70164,6662.5107
16672,22389.04
11449,8562.469
112419,67942.84
67270,56873.332
135739,8177.8105
145587,57625.188
78515,71556.125
145827,129219.02
127961,7417.6255
109032,205167.3
97614,4113.814
33392,28111.53
122234,44170.402
54876,52382.742
50392,9840.229
21873,13185.852
26040,25045.934
102043,1632.8804
62341,116041.88
128260,56343.777
37373,98617.58
121368,19089.855
123049,82445.3
5116,4124.334
53992,26312.309
91556,15052.798
95265,3529.4207
55014,7385.523
109911,4058.6628
28804,11745.232
140437,2611.4863
102973,49108.156
41998,26036.756
36093,11378.871
89661,26037.215
96521,7356.1177
147438,11469.171
73757,13415.537
119000,4201.678
117906,40885.16
142666,42132.113
62362,25995.16
22853,11638.588
116395,4997.72
12594,7620.6333
94468,98692.945
122519,42592.164
110312,70910.38
10641,146724.11
53036,73375.35
60142,8787.845
71920,6750.749
78308,63354.418
36465,33373.93
50188,40929.57
107585,15073.038
70745,33760.195
101069,9954.932
18724,35083.47
19004,28279.525
29366,20488.012
145406,9170.044
20812,19865.652
111080,108161.38
120526,34998.68
52368,13054.062
42202,66077.64
61684,77157.28
9851,200767.05
92228,24123.076
40393,28919.771
4749,178733.34
143781,16087.254
86436,63317.42
104692,6300.0137
118293,3832.5293
136374,9566.763
77676,39552.957
70459,9130.665
24302,69076.45
111206,47004.77
131439,19561.043
66580,75272.46
54476,144669.44
120214,16121.471
49714,7268.1094
57882,59074.36
25222,6425.099
99564,6582.794
84259,12220.573
2775,17053.193
87757,17022.24
118053,34636.273
129052,9536.089
59630,155292.56
143405,8801.627
118140,41130.055
115697,14188.574
135146,34139.566
48712,4188.359
137356,10737.263
88842,9938.831
56845,22672.885
65422,76482.805
55263,4245.1543
33154,27344.135
113949,13732.188
129667,10222.51
66625,6684.612
116540,177403.88
31129,35676.47
71947,36631.656
126830,55539.168
77084,8339.482
89430,24345.307
134657,15955.92
44892,23285.783
57675,6319.762
3218,9270.619
109578,23440.818
126351,20121.336
128909,1571.698
61561,55331.79
5750,6183.0356
67830,7260.99
55142,31555.627
77257,87568.79
136385,1751.0217
56446,9251.8
142234,14531.968
23666,85797.93
103898,9988.394
46420,187757.4
34253,90984.516
101823,8528.245
34095,42577.133
49040,37546.77
145919,45136.703
141613,104504.1
84478,5115.548
75994,33461.547
16189,32957.945
122940,106082.77
45902,13672.969
115833,55422.14
37923,123551.86
50975,7024.1245
107806,9523.83
64543,42610.953
127836,47800.223
147894,4274.729
76413,5537.2427
82128,50327.59
49424,1627.5984
96395,20345.377
86969,130394.73
77449,7229.359
92269,50929.76
28575,52462.74
91958,49465.04
114445,35738.773
145464,78454.43
105780,45439.617
37327,148790.5
23380,24104.646
133884,8348.686
58725,5854.448
119201,58576.125
132429,78291.305
142306,22654.016
16639,3728.9446
93373,73472.1
45433,28496.207
74306,74181.23
43202,58345.42
144358,15719.67
52817,18725.78
90521,19601.361
8044,3280.2292
95718,17294.83
118196,28391.938
45960,16648.053
38946,7361.578
138257,2416.0532
58808,5349.716
56210,79933.75
112048,68234.69
87860,31902.643
67073,24096.082
36760,15590.182
72384,13613.219
17026,47917.05
74412,55355.77
22522,41591.848
61436,19373.55
129972,92102.9
114397,29141.615
42991,5767.4595
69038,14084.236
38934,12463.7705
40418,7650.964
136004,94370.1
65300,84342.48
136319,7412.1655
115086,24896.453
133892,161880.16
82740,6000.6426
116566,14204.346
125119,10619.786
59809,205816.66
62188,11502.972
60659,84906.2
128009,15565.844
38289,38131.45
4139,32854.066
74310,30440.209
75012,7318.181
78682,4333.9033
85155,12142.139
136069,81674.55
2217,7702.8804
116005,3259.5852
124672,10954.881
84898,10611.404
11839,10370.01
75045,14511.727
133357,72259.09
42181,107300.016
17954,22166.688
76189,37016.176
18220,9904.787
44614,51818.535
103490,36149.273
123021,5246.2446
34470,40867.793
92559,16504.348
10880,105117.4
75065,18719.775
7043,20631.049
105724,74748.234
5902,12792.932
149340,9073.417
36346,66422.41
75611,6605.1797
88331,20423.492
85628,22889.29
126091,51384.332
44298,49481.8
9324,91528.016
123164,4689.4927
17490,12772.095
35229,3703.5503
139168,23152.5
87193,18939.998
100997,4097.8105
48510,9113.575
92296,20575.514
19976,7688.4414
79808,68590.25
20668,104704.375
57374,47646.793
119461,8116.732
106086,13791.814
139862,6488.4546
139317,101406.78
84387,27291.148
66664,88814.45
128513,47410.81
137441,11181.722
75071,119820.55
149371,13457.396
58007,5654.9185
118223,52268.01
12340,287045.25
142253,43759.81
137415,9083.122
47962,18261.24
898,21504.914
149187,3354.6934
31237,7730.3843
33752,4309.5347
112398,42184.254
110834,37867.63
16983,58702.367
2611,20142.924
92869,22622.68
124187,538183.6
37022,12895.349
16936,15621.625
504,41461.754
96654,14425.246
13580,25966.621
71358,9421.3955
445,30077.484
23302,83685.055
110027,90867.49
126696,43772.6
117321,10753.856
117168,8929.34
121451,391124.97
147588,54322.36
70974,95719.23
83925,11232.605
148512,7560.1523
15210,27237.002
8035,32247.361
146295,27852.97
29458,4979.4014
14293,63948.418
120515,3259.2678
135061,16736.703
74943,5832.0884
59725,45578.77
60643,42448.277
54938,80857.99
2432,139370.23
147049,17792.797
84849,9500.082
125445,18806.299
17295,2796.574
101225,32638.24
44468,10759.804
32064,107121.11
100812,38745.008
90141,8052.731
20139,4515.7617
1401,99887.43
88860,42599.074
119541,7031.4014
92217,10250.837
78613,128793.76
116796,10498.176
65797,8656.653
1976,47507.58
52398,7096.737
20157,62531.715
78642,85489.1
33012,106018.85
90527,17509.195
86561,19388.352
84801,10163.109
115045,51220.227
114991,63081.188
129220,58576.98
20830,72955.42
149420,18971.197
87235,12728.982
110064,49250.52
42614,10326.285
69131,94579.836
88762,13102.248
65809,16687.871
30498,55528.44
83999,9169.528
112060,27182.102
128828,115138.12
148701,23798.525
65407,6229.8994
71427,89558.39
137545,46067.113
1371,9705.804
92374,89653.17
73910,173876.25
69918,21874.74
112344,101025.57
50607,64332.62
116015,31391.322
6702,19374.168
3054,14546.804
17134,22662.762
125952,14883.5205
20833,10593.125
103604,6296.751
101198,16030.004
137414,40607.234
78265,6513.9546
33413,2142.943
126897,20861.045
18605,5010.02
29504,69595.36
18982,1847.1206
44778,17040.943
70805,9420.627
79032,2777.9868
15599,57572.77
134916,47144.594
33744,7829.257
97471,32137.031
127984,14483.321
128926,75708.68
99125,1701.6711
140748,145697.9
63379,17803.33
101451,6374.8467
14551,11697.335
47450,101388.59
11485,81010.5
55321,65618.35
81531,9176.017
63300,200808.47
71852,18692.21
23044,112757.27
89375,9056.821
50301,13078.144
34858,133282.16
71461,68330.65
119488,4517.057
139712,7594.0186
143049,21830.322
1860,71405.08
123757,25372.826
87603,13813.125
38099,11646.814
71436,148562.11
131586,31970.951
85331,55487.695
19016,40867.586
145502,36463.027
76608,38009.68
59147,2905.7312
70112,57530.32
52341,16791.027
36421,13325.338
14511,15299.333
123061,26757.037
116996,101957.625
93485,152333.53
118893,23117.502
64703,61409.12
103367,38010.84
147441,22203.365
83494,123978.836
108799,3128.4697
144208,6724.536
10815,8531.557
127542,89740.76
125239,41936.176
71212,4743.919
47011,5307.8013
98861,6937.233
42534,12444.908
36741,76490.35
67705,37034.168
111009,40800.797
107503,25139.5
19990,90544.57
90100,43734.965
7865,17540.123
114486,187572.78
76843,4789.175
132629,120464.29
147460,9414.163
98133,7563.846
121021,23296.047
19938,40257.965
110586,15814.248
17011,30763.066
48660,30043.305
92257,12490.695
23515,5964.222
26439,15611.058
14811,6639.951
75531,6010.08
57046,3372.8135
107562,34347.348
119281,5888.777
100418,73677.08
116772,4009.2869
32140,142336.55
45214,40344.47
49402,67109.266
54165,13458.009
141891,11577.25
36867,21272.244
92340,68419.04
48911,78554.07
19175,19172.553
144381,6092.2397
9829,26008.756
30519,5895.308
50996,5816.792
35355,-2468.4607
50045,9291.596
117036,3225.4417
39295,30108.268
13122,50141.832
41197,76919.81
26207,19132.434
125690,25641.64
89823,23393.562
115892,42658.445
59595,5259.715
124168,67642.42
50702,74156.164
92504,29824.844
10372,31094.62
59702,11107.193
49630,41788.355
138421,5864.5186
130494,4849.41
87024,23464.959
96516,139731.8
30064,16991.906
53270,13067.092
143659,22745.531
59059,68035.26
13038,14769.598
33504,6821.6016
82018,28382.238
20591,4472.837
46498,24091.531
86830,67962.5
93725,8812.866
73862,72427.88
86180,102635.98
2420,7051.6562
136482,22357.488
108461,7110.467
2956,6893.6504
18883,29624.645
102023,4791.1416
4789,46049.676
107402,48265.586
20002,22184.814
106875,23153.941
132616,149679.27
8773,113678.375
88026,24331.38
62162,4195.2295
6270,14530.651
30518,12623.295
95754,4987.637
100091,20446.623
70193,19290.088
38410,8039.2046
75378,4792.992
107646,6098.1597
22631,87204.06
94417,1641.5674
143965,13329.587
93889,35212.414
86489,7875.3843
144986,15762.807
6561,30055.348
113724,26240.305
61091,604.44574
54518,14294.294
103496,3538.8098
126702,9292.548
90924,51196.01
11834,3489.2422
40314,62044.688
29877,42262.17
116926,152857.94
12762,18287.36
40979,20176.9
73860,937.0028
36747,16592.451
127,86424.99
4520,93982.31
82056,117998.93
108571,2781.6548
13368,114025.92
78067,-1707.1714
140922,9031.331
23404,5744.278
78264,9868.469
2546,9312.206
41061,54962.195
123151,31640.52
141256,34082.69
49403,109498.87
135691,14628.974
106775,11388.652
31385,14049.554
70646,88636.75
77533,6949.6475
120174,22355.168
60473,4311.87
60384,8981.467
90272,8858.517
121695,15869.172
30615,23437.09
121790,30736.363
92799,5441.7905
113642,101677.17
106664,15962.9375
71391,40483.3
63980,24804.975
111317,84473.0
50457,15495.595
40360,22762.975
79240,57083.723
79697,214397.52
144679,81932.36
42059,177248.55
27764,74446.04
58570,14665.134
16137,427451.88
85962,40828.316
47656,37301.242
12873,246833.84
117733,3661.4358
15574,22999.652
55176,42475.133
144966,46311.703
64638,7856.611
106264,182076.06
52046,67501.95
45495,3417.4563
128950,124235.99
98573,74385.87
14554,102315.695
39270,53500.83
73237,17613.588
99713,68852.74
75013,5182.105
108354,321459.56
122659,27415.693
60809,4314.5444
114272,55866.31
127989,682.3313
149806,5679.125
27801,50441.773
10353,8029.41
76175,105970.93
48688,14766.865
97888,139266.34
22257,48203.97
128458,58249.832
143671,37657.684
17901,14779.897
89920,48255.152
36082,5881.4355
57737,6333.7485
47066,6297.077
62599,28469.98
34959,113192.28
29002,8080.1426
70624,7106.128
37983,2889.7126
40369,37472.543
53256,2241.4482
96460,8689.433
80578,35064.54
72099,4996.6733
124795,35910.035
100792,5689.2373
109129,16635.127
11529,9142.072
82789,26898.182
90019,92559.43
135552,21537.51
21007,62357.73
135746,23949.08
148563,75972.195
137747,29570.922
35398,17320.854
326,17550.543
58045,85238.98
18743,14058.406
44394,3755.2676
124395,6129.525
104399,836.81256
146382,40799.67
65658,1123.5657
127681,12467.618
86860,21085.75
148697,11173.808
137020,15032.058
68978,18867.484
40920,123889.73
43782,4725.0674
135728,21384.484
110863,4767.313
17175,82268.53
97726,44205.746
81025,30171.031
74829,27523.559
63621,117111.53
16566,15822.466
102122,59378.953
41730,20811.822
52419,33092.598
62421,62194.89
41472,70821.97
78998,17576.102
28836,18234.402
146428,128659.86
8609,58525.176
107107,5662.67
102076,32140.918
8187,14377.765
23548,15848.372
83530,62191.97
45116,8550.374
96885,22116.152
58294,12245.602
148261,17872.406
35916,123115.91
77994,5924.577
65622,25756.307
78163,17656.271
11992,15748.062
109965,30012.111
147396,305205.34
51314,8631.017
235,88464.72
12284,108752.01
79679,22379.168
86623,8190.7783
121404,85131.11
53096,55909.367
99778,4362.4966
77550,-120.35439
54327,7976.5293
132480,67568.164
12562,45572.047
139744,67345.14
140747,9736.84
36828,459865.47
7570,79027.38
120934,10166.001
141735,36463.164
32008,28324.377
107507,34058.14
133505,3918.049
3808,22898.303
91487,39012.133
120938,36282.47
23897,84483.36
45560,148177.8
106272,17465.139
5985,4833.0703
133175,1882.7676
144839,2437.9111
21097,6289.8574
12856,27400.863
102068,21151.162
32206,3339.533
105917,3827.7278
64915,65354.934
15934,3150.5642
62838,154943.75
87158,10186.925
132897,6537.3115
33736,88251.54
46060,23171.15
105416,8233.975
45848,78187.93
67222,40813.74
41553,7961.9175
24913,16870.781
13226,10066.071
15813,159946.0
73232,3459.264
53945,12213.027
117653,5727.389
89357,37841.633
136258,24085.484
136188,38283.082
8334,10372.757
65528,161432.75
97640,53411.035
137112,8183.1675
14863,33459.465
139556,7241.2734
135265,10263.416
27566,22260.457
89158,8834.965
16118,43844.11
45327,82600.17
137803,23370.4
94663,16568.822
65876,42195.652
92634,21177.398
46679,16939.748
126536,25855.963
115315,72433.0
5986,9902.154
95414,35766.06
86761,29791.975
121070,4904.0664
8909,39999.086
55664,18036.13
60772,13963.495
31311,45758.348
96985,7929.282
71024,161797.61
98332,113002.555
4511,44683.004
86934,101068.25
101173,12514.924
86465,15406.25
40246,151174.25
141833,24081.184
29497,11548.219
54471,19308.227
149391,32279.447
142166,6487.1094
144029,8217.174
139723,41218.285
88245,21278.473
149081,48208.61
137104,45657.914
127771,26674.406
129335,6926.616
110620,77978.66
78870,76595.336
45954,41809.418
68937,20815.309
87711,21673.346
45883,30400.096
58157,190351.3
111611,7428.4453
21434,3089.8552
229,23231.871
3916,115296.42
106928,9549.923
121295,18059.262
112947,3288.0166
127213,6823.097
59925,11927.743
89950,120328.27
141155,19870.955
44427,31566.516
145201,41482.254
72467,15514.16
6353,14616.891
9952,43806.88
113038,96558.875
113544,12653.48
5234,32682.914
54176,93962.97
105964,5264.9307
126192,12397.433
144454,34374.062
27620,15568.233
146039,16620.348
74976,5426.968
90967,33568.96
58899,7601.7085
48329,9343.225
93651,11135.293
100300,2697.7456
112539,15796.212
125414,51172.195
34977,2262.21
35468,31227.799
62452,18749.95
144979,17607.428
134025,164185.3
74917,63284.152
135210,52774.316
61723,5202.8135
40975,7096.312
110009,31256.555
53728,48233.29
88330,10843.805
145325,22454.803
127586,170330.03
80909,20165.611
117239,60493.117
35526,49394.875
145064,66669.73
110194,7542.9756
125657,4414.2563
147118,37602.87
140376,22194.256
134785,39406.04
94378,1377.5973
29514,9752.821
33897,60938.57
42133,6849.12
461,10090.993
27924,162910.64
4968,23868.223
128286,142851.47
68582,37860.062
73463,127942.15
74569,185776.25
19630,17319.889
19602,36350.477
135020,11093.982
106748,4427.863
141476,74191.414
19061,267917.9
105969,5370.1484
37596,94970.445
87154,20385.486
88753,36162.316
95452,5226.6377
81490,10317.441
89833,17127.443
110818,74443.92
140540,149705.12
98176,35763.25
90065,61216.62
75746,76515.51
27227,79287.41
9628,8234.587
100157,22514.014
62485,7686.522
38608,26392.547
29794,16783.568
100468,115358.4
83271,61475.234
93866,2773.8455
113011,29483.787
18757,3378.1172
6104,12363.383
14473,9752.332
73593,6071.259
79693,11459.919
36857,17152.54
133744,40618.992
71648,40233.75
64017,17719.229
3555,26081.041
3239,8365.356
45109,52058.094
76838,30087.64
75055,62535.496
23847,80614.11
106868,3571.308
144211,30512.361
80866,91008.45
71420,20646.812
28843,16138.867
72007,93119.74
116852,2927.75
84859,14444.854
64230,46923.816
121953,71124.69
105849,6355.332
135414,23744.92
94040,184619.53
73367,6297.6914
72909,410446.06
75167,11842.672
39097,81041.914
132723,6021.958
24464,33842.01
104743,3028.6484
75866,64854.285
54982,39944.367
86537,27308.332
57937,7523.912
101085,10457.076
12090,50701.04
58013,33104.383
21509,5106.4023
72338,36538.664
75597,17379.521
81921,32762.389
55905,99768.92
22642,9496.04
29202,22576.91
106323,11408.921
5808,124809.39
79151,157419.6
20957,9705.464
54397,8313.839
93948,12062.202
42388,42772.938
121986,60804.836
144811,28540.299
76038,6929.7476
29503,72938.055
105290,24032.254
67115,40957.773
59582,7348.09
23294,39078.8
86312,10007.084
80394,49435.6
80310,27986.46
122857,15656.095
85567,247455.6
4751,12763.052
96684,17541.578
45816,968.027
23846,10500.841
57580,14360.221
95849,1106.3885
29486,41834.5
120131,2351.2546
128576,6018.3076
74769,16508.959
104539,43872.098
19028,10639.496
35873,12576.89
106271,3332.9482
21988,59624.14
91699,101334.516
38428,3563.8738
79040,47685.31
42413,25847.293
16502,64665.945
103619,104214.75
87736,33340.047
79401,11131.397
124092,36145.414
21724,56763.844
27860,12271.882
118332,7621.253
8178,7373.087
135407,11584.808
139420,143017.3
120498,251644.12
59346,1990.9248
33079,177.43001
99122,143260.36
85457,119441.48
107978,39236.285
20404,31759.143
12756,5825.1274
102192,8129.8296
115446,8934.716
122009,88117.055
127414,70255.586
65885,19330.545
100064,46959.6
16002,57213.71
103446,6365.652
63365,43641.465
41634,31875.52
7887,71286.484
60053,7746.2524
4828,32238.191
29908,5828.7334
33767,43674.598
23652,23447.92
122106,9184.801
104313,25919.537
110260,33949.58
27980,13138.031
66137,95937.01
72607,25016.113
59150,28118.15
21080,3199.385
27394,41256.434
136300,8248.962
145381,70385.74
54253,8225.8545
129924,85381.58
26803,3906.4285
57836,7543.439
74979,66394.555
53047,25253.59
4278,10517.426
131158,70081.86
101433,3095.2058
28838,18202.799
129090,19176.303
85496,9776.646
37,53709.844
103001,9100.799
136889,1955.1943
24946,71326.74
21938,6429.1455
25837,18941.889
122050,41200.96
75369,4865.4966
29554,3639.5442
18196,8811.35
120822,10148.741
40147,9229.935
120970,7594.7466
30038,65845.29
1587,40431.99
147238,12464.68
84077,77564.13
55298,13626.317
65891,7603.4033
36504,44798.523
61201,24734.387
93946,6629.269
130965,19440.16
18829,43663.35
19001,48310.484
26910,36885.047
21450,4276.8525
35794,19391.387
77830,19143.057
66174,8991.196
16116,11431.021
40054,23145.236
18617,69504.5
115155,3380.5754
44809,4463.3657
56427,7656.1455
58612,118815.03
92469,134845.83
56183,8789.394
43659,16280.281
8314,6201.2217
108441,16540.252
14118,5188.391
68043,414330.5
92152,38769.695
8260,1638.4431
124184,115002.31
103087,13144.491
49595,85995.45
842,97381.54
45811,7087.5146
134021,61593.5
115906,296598.53
132647,2711.2903
25341,11044.642
105243,17056.762
123870,153504.25
49522,22373.719
38488,26171.238
37472,48893.883
130298,83216.13
75694,13872.589
127535,28009.605
1422,23951.387
15381,31793.994
98052,19046.82
72251,9695.424
27613,3036.7075
67968,97460.86
33573,26188.795
145870,59819.5
124096,3806.1694
78152,76325.08
79221,17520.666
106599,26431.053
16270,12190.619
1277,122255.62
133229,3292.3906
280,43391.293
43024,10359.183
98940,27282.482
106592,50914.41
36174,29601.725
112130,26147.994
137030,21504.328
74470,9497.076
10890,39776.99
56335,11574.2295
118879,41830.09
97383,20480.846
70422,19736.324
20416,3793.6174
15569,19534.523
53085,22931.969
40618,15862.617
146052,14987.983
5798,51311.7
147936,23132.041
88854,6854.663
103150,10204.435
37588,38117.35
18897,10966.024
25810,55776.65
13093,4950.022
64583,51337.215
75421,14780.201
74929,22878.398
57468,69301.375
64639,10604.433
51720,8517.369
69969,58390.11
48681,270826.94
141184,215168.7
12908,95042.49
72566,80944.36
111807,39489.65
44078,7131.87
68932,11527.545
75352,64666.32
33877,7223.5913
76532,37330.305
143161,176803.02
42197,123387.914
64343,43482.785
143193,97954.2
63012,6299.9663
19483,36103.438
106587,1531.3535
77496,32567.465
55798,7417.816
139078,15173.429
140882,16485.621
146598,1763.7966
119352,113616.664
101820,11605.803
114973,3294.3347
57401,13456.543
47986,6008.135
128990,42509.3
43609,97101.24
29723,83449.484
37530,31571.426
5836,27785.43
67295,205745.94
42012,7050.1523
15682,13230.047
67008,9792.031
11039,5961.7397
75700,12551.378
74063,21997.87
63107,251164.39
47878,14055.583
36986,40332.03
49649,38787.3
18313,17348.871
105451,74656.77
71319,14258.576
65494,23000.281
114990,65926.6
2313,73230.43
50282,5219.686
91948,34869.066
31631,2886.0417
133683,32127.264
31394,32034.412
16977,24419.117
144904,44140.26
22029,28146.1
92940,34696.625
138062,19588.1
62966,2426.0762
93047,6340.848
84038,13681.095
81318,17665.7
5580,43563.16
143338,9266.013
40627,35535.605
65280,28779.576
6398,57551.664
71630,7520.728
124170,31300.566
58781,39333.344
52270,21564.357
112792,61727.312
56776,5816.999
22582,68069.57
142462,11748.066
20936,21161.207
55091,8860.959
20449,26269.883
30033,6782.176
94347,1956.6835
129957,10240.695
119125,15734.822
71667,10039.805
24448,1287.6039
15950,3667.775
30680,27522.2
75060,15028.844
125302,35740.316
5264,2432.6206
97794,38640.94
52990,103954.41
32113,11394.765
79615,46168.766
134947,7009.578
12274,5089.5063
99356,64626.63
106746,76128.17
41217,59997.516
78315,35256.406
30768,3689.0903
14736,119392.07
1620,6096.732
32171,91272.51
79501,6944.2925
20401,12874.374
18065,5521.3184
31070,39365.0
146557,49505.91
106904,15534.963
121074,254576.64
82240,140675.9
95593,166318.08
119141,4842.341
26182,2758.036
78925,1672.2473
128657,44650.395
119865,11318.605
85661,16679.48
81426,5773.6953
149764,13061.745
132388,23541.615
76902,6702.658
63367,3868.8577
50244,27500.916
70492,9792.555
48381,37847.87
85717,29985.574
1179,87190.68
144808,15424.038
89478,16967.875
55578,3469.5254
123955,123422.37
98374,23476.34
80514,93966.51
140452,23728.633
117176,47711.223
30486,26175.43
66941,35466.113
102462,6733.9116
108489,52006.938
59372,3503.1
136219,87762.15
32332,4316.1685
29274,34851.426
104100,17604.385
28818,14269.178
75223,2109.0188
118046,94402.99
134312,35570.64
121378,13085.035
37601,26060.51
103263,24054.22
10591,256146.47
120879,65272.035
43129,36902.023
41679,6988.185
765,4196.203
136994,5259.715
60973,123858.75
47713,122186.96
148847,3959.8528
124160,168729.48
8006,16830.998
59395,23280.355
51937,9986.892
52500,2873.13
139071,12563.341
63933,92891.71
101783,14586.075
130629,88207.27
139830,2897.3638
148383,46935.64
3692,9581.021
69185,25654.223
120236,63999.65
49621,53601.06
103410,66497.18
69866,18319.62
142642,51246.633
97482,46780.67
84130,337719.53
97160,79797.72
117532,15830.092
6852,10440.787
86030,23295.088
88582,18864.977
42618,63898.266
124245,58239.56
123731,7711.116
70283,176394.55
113675,49797.8
61867,35474.395
137702,36732.273
107392,6930.2866
27012,7755.387
10481,39644.504
55041,2816.8872
43428,21665.041
73418,9289.46
141039,8611.202
121682,18410.6
54507,33420.895
18331,7568.0425
17262,115246.164
68264,3087.1643
45141,79123.5
35209,9505.528
64861,5072.2656
32480,50955.586
20969,6407.8286
145142,13275.256
70017,13133.441
132198,8303.679
111266,40478.047
41713,3873.274
116103,5037.3413
110344,27072.184
415,24879.986
20211,39093.34
20044,30393.557
20024,6612.311
36187,6716.8315
70702,49561.324
8574,39866.26
40854,156743.2
20322,11141.523
63132,98859.234
95214,97268.47
46356,22412.955
146988,17935.752
25790,11944.428
99402,16699.732
48240,4803.136
52854,2584.2466
131659,26213.186
105078,96719.22
41151,11215.63
109286,114301.234
85684,28387.295
59485,77207.984
87830,15840.638
17370,9455.114
24012,71533.81
25586,1135.2004
147572,26367.877
800,78767.51
143,9028.937
29143,172292.48
112037,16840.904
76836,9250.49
135934,2602.394
110769,15561.805
29157,788.76416
13273,67056.625
65597,193891.95
74794,17443.705
108319,4315.4307
124811,12021.784
44682,200487.94
95044,56391.414
104779,4661.2246
122574,6209.4067
115509,6847.5557
21624,16562.994
48836,2151.953
14726,91989.24
139587,59772.008
18750,23308.576
83702,17438.682
44863,15666.716
8523,25854.307
144941,4107.418
135658,11635.542
7620,2873.2273
87061,97808.484
15347,78595.5
112187,7446.931
91002,51116.754
123529,142325.12
56495,230941.95
133534,19943.916
15760,22318.14
98250,41382.508
145189,10016.782
31047,23594.467
96419,60958.996
129076,20894.451
52206,5863.574
128946,32508.062
107224,149910.6
233,91532.75
127379,12956.036
44581,45884.145
4055,149350.44
23828,163815.42
96878,49055.17
38321,7631.6074
104876,20012.87
17935,70105.85
1625,1818.8586
147864,2280.2922
56453,41827.82
121536,10130.249
143800,26908.723
51366,52507.92
107937,125916.586
23850,37615.195
124374,9328.171
55546,4991.3145
32040,4147.1
82545,44386.36
18136,3688.698
143906,36740.88
143275,10400.329
11993,6345.07
2970,38234.8
21274,8872.42
129315,28027.611
28027,13149.666
37005,8542.198
82731,50529.945
143885,67952.95
135161,24272.826
65580,14560.44
127869,66273.19
40275,15298.458
126394,82146.875
68798,176809.88
14206,104345.17
147937,13210.607
89710,40264.234
38955,9428.034
111533,9480.5205
99732,49009.37
59098,22199.645
51170,26747.354
139591,60114.535
139813,25719.342
36101,2024.9143
71106,25117.307
25776,110801.96
1314,25641.64
15507,173343.88
78090,33470.004
49979,16324.515
97607,27153.766
3613,71919.19
97167,9683.008
55616,42457.39
10479,24198.598
36800,67109.62
49863,5500.2285
94129,125593.82
68172,45267.785
60472,5589.1924
3584,3492.8584
35135,6551.428
66462,2670.481
130894,15135.263
124508,28577.55
130818,13397.733
19701,54181.7
68681,57570.727
95829,187841.67
53110,27367.99
94977,142857.67
21629,3944.0117
70973,116043.82
38846,70142.8
89955,5775.1714
26660,32061.836
98950,8156.154
137086,7210.988
21997,58264.418
40615,3367.1182
117406,42338.84
83207,107263.8
145125,10724.393
4822,15936.454
81345,85314.24
85579,4944.7974
79298,10544.654
108519,32650.58
134568,74399.68
52678,59120.348
39,51636.72
141837,31494.613
96422,3218.7083
110227,51402.25
78947,28917.357
28325,17365.283
124741,4668.323
75440,6751.9897
94568,49892.523
127407,17314.281
141885,51707.113
37649,70028.27
85183,47813.375
12739,33997.76
65532,56499.207
31749,82765.445
55998,76273.68
17679,9770.379
70600,105621.81
26682,11344.346
133463,82296.29
51927,21629.873
77641,120381.625
73130,26360.578
38912,25580.324
48082,10263.954
33909,9022.496
3761,43504.023
46906,5163.7295
75625,62924.965
147034,44690.37
131432,52543.22
7082,10993.65
20151,12029.149
6883,33748.234
21170,24105.02
101542,23877.137
75832,97822.1
39502,3204.984
136175,25367.404
6967,101252.18
65901,73933.05
17067,34089.414
77843,39537.63
44292,75193.89
142352,6101.86
74627,54137.69
24847,8838.072
103357,4808.802
118378,114471.14
88775,12989.33
119887,62498.45
82098,14866.438
113734,104129.38
67677,26958.527
45413,7690.2974
26926,158921.53
94435,42067.004
49252,10831.867
48914,159736.12
3499,37958.977
107902,127967.57
13046,23093.602
116542,35253.16
48495,68296.19
132884,33735.066
94506,438531.3
105518,74161.664
91115,6867.1
119852,1267.9739
76490,4215.7373
75498,3529.1494
19783,4287.844
1805,18143.154
31238,48570.37
64530,19355.21
131877,12229.593
105236,42335.242
32436,56380.082
121664,29769.662
135106,126269.6
88967,8176.013
121333,25279.826
21893,1423.7673
128105,16477.893
91872,16450.639
62956,4373.691
46578,7944.7754
74001,40522.535
144177,51721.957
95106,242935.48
43840,14156.263
98289,31111.922
113825,22587.02
59119,34269.29
50411,16388.502
124768,4435.479
56313,13729.82
94863,15284.649
139412,32203.043
41632,20571.729
101305,14111.071
36832,22068.234
27727,63356.863
132702,6770.533
76730,10729.577
60425,36393.38
78035,6419.084
100328,32476.527
13589,6911.8657
149799,120149.86
62268,53945.96
73742,16776.322
131928,1435.1814
64199,56387.695
75199,71339.73
78942,36881.78
107240,65851.64
5287,3509.638
27667,22370.043
136561,76015.95
56195,18838.875
137668,77574.086
104451,115587.43
97745,17105.24
126960,5391.8613
91995,39809.258
104400,3457.347
61922,1327.8184
8171,109685.016
89112,9092.485
59334,42538.773
43531,8789.948
102275,10017.747
103717,4221.556
100131,110910.04
23440,29513.506
94814,7336.1367
109687,7361.9966
144982,33338.906
44304,9430.156
115673,24726.324
117579,16865.03
53168,14740.656
72009,12679.351
55625,4102.344
75934,2728.274
23778,177870.16
60092,16063.3
120212,25737.268
80597,74229.54
37283,209875.06
115829,14604.827
84718,11043.081
93645,108439.97
148274,6389.2095
88479,12220.393
85857,21482.434
96215,13983.221
109400,159416.02
136632,41352.574
16385,144959.1
95534,25008.627
20955,43147.996
112147,39768.156
124034,35777.777
98115,9827.911
86640,122916.23
112196,6184.902
117115,13337.151
72457,5090.4946
145612,15274.76
6021,19962.186
46476,20262.521
6905,107519.086
71731,36659.613
40524,244096.86
17789,4621.637
48322,245553.39
90165,57849.62
75054,3238.513
80392,77939.32
139800,17788.533
135564,33659.28
66701,24546.81
132438,15604.988
143164,52533.4
20573,24355.592
143149,53628.348
84482,13212.946
113108,86204.18
20033,1696.2869
12618,10930.409
24045,9520.982
52333,18443.865
743,7503.224
146247,7740.87
74809,23009.34
231,5774.6216
20375,9004.639
61812,40652.78
123860,2078.484
38414,33391.664
9347,44276.918
14563,45787.44
85399,15991.325
4773,20008.814
71153,26362.377
91110,7752.9575
35411,101575.58
128152,48265.875
92360,22025.0
15418,25396.35
85966,17607.664
31635,29279.578
1600,7466.279
53860,3233.713
13842,45004.492
128595,48628.285
15824,16588.371
116763,2847.6018
33698,78049.836
64899,17994.621
74612,20684.098
28475,3305.9084
43351,12823.434
65333,81399.43
117252,24429.406
141216,29067.252
126605,31385.463
60932,54167.094
53257,44808.69
81043,3059.2937
122789,52493.754
65428,89965.516
56958,44959.668
21964,23379.213
70385,7644.639
114331,5149.1826
134265,9150.785
47149,135210.9
23450,11487.033
470,18255.986
116164,39606.17
78347,1104.9034
67370,64530.094
106057,37974.098
21983,39283.332
13885,101496.58
68164,16565.664
38080,37755.707
102270,11957.074
122488,9995.438
100367,4093.8818
46822,29403.797
110926,26296.354
46517,47566.81
49653,13608.185
43822,27073.443
145284,32980.27
119622,6949.1445
145686,95243.84
72395,19527.412
89706,75211.516
18454,24360.203
27590,7286.8853
116383,14269.882
38434,16872.336
101804,15041.94
143775,166032.23
115206,13538.916
60269,2528.6897
71998,40579.008
48357,47013.684
56702,5194.7197
54067,54850.668
128332,73277.02
96773,74954.24
60154,23088.18
39398,2742.3103
108811,36192.58
43588,2385.3965
55839,23432.094
144802,8173.737
42616,13885.124
97853,34456.42
116673,26975.809
27817,28065.176
129802,368970.62
147454,3239.0269
87065,62977.695
112801,8178.7544
45033,13677.349
69985,26120.611
55342,9514.546
95440,24150.398
120023,1313.83
52926,10647.81
4966,147877.62
43330,5759.0923
73813,17394.205
73898,61046.824
128006,21367.396
2983,4376.138
78431,3180.2092
17669,11968.957
28674,232065.1
33488,35939.79
12097,13115.594
74926,26977.787
123991,3309.0195
81739,25624.182
98890,51504.816
137045,64878.64
29115,8192.353
115451,107483.586
92018,11123.506
20142,10524.386
140904,26312.934
143299,37521.285
25708,5830.1685
95361,16626.934
23915,14760.809
119382,123364.695
4594,5765.085
94005,21533.027
91364,1996.0048
108858,25392.475
148368,3218.201
6372,15006.985
50776,9764.781
80679,7141.0884
149015,40776.9
52541,19320.988
117053,11715.217
8042,116396.62
140757,11682.104
58931,127038.195
120821,4999.3545
60669,8425.768
24931,3317.7832
100894,11702.948
49574,3005.9202
23993,17371.246
126182,108097.734
23743,2489.2861
18167,37500.68
3583,26100.732
33270,124107.35
109954,60602.0
60588,11884.075
124723,51495.227
101465,6584.0884
138132,9262.395
100075,3443.1455
130731,91427.93
143647,8066.519
11731,25031.97
103153,9342.391
146892,16190.481
9501,111126.445
104888,22613.2
55209,26852.336
26857,95078.69
122607,54401.8
74280,20957.969
132075,1758.6417
4280,8919.355
130497,54373.188
22875,85842.65
18111,81931.445
128803,14622.955
47321,112127.52
131480,122914.12
115556,114103.984
107810,5431.3203
8249,6451.4507
19530,3042.7283
117459,4502.646
137832,56661.098
4138,64359.13
141468,19643.922
128874,66343.82
140054,3141.804
124138,39727.367
48286,1031.024
115481,102708.17
14240,26943.027
123709,3124.3164
67467,20796.896
131444,22627.154
101827,21665.62
1850,11423.532
62472,69357.57
75,47842.797
135198,7010.537
10344,12928.905
113943,8040.878
79702,3027.5518
64516,48707.266
59537,18357.45
34604,40082.707
47474,4377.6333
33881,12652.542
113778,6282.24
1780,148269.42
81726,27011.451
76050,80229.18
125067,4666.535
76642,17896.926
101780,25815.357
112512,47832.848
87459,178842.73
113671,24410.209
100600,59839.92
111034,34336.547
40381,56753.07
10364,120519.11
121846,5811.0195
45482,168500.55
98540,15361.996
1204,3739.6926
117522,9597.464
98742,7952.369
34534,88007.914
71753,22809.596
67528,59710.547
81942,25826.832
118431,35498.477
72227,330858.25
145857,6256.3213
20785,9465.877
13734,6448.538
6370,8009.8135
44398,150527.61
134765,111051.07
86863,39143.473
36299,5052.2734
93196,11132.002
142081,29781.414
91681,61051.145
69170,14653.984
13133,12383.2295
44380,4960.274
144362,60531.17
20172,96751.44
30084,42934.02
137148,49267.824
97096,15149.927
149933,21286.73
104162,7700.4526
126458,77012.99
136046,4394.5835
95949,82685.58
80319,12655.04
90934,5257.51
58518,22608.244
130459,14222.598
80998,9707.706
77681,69478.88
61755,8234.811
101895,9554.493
60044,25841.404
123285,11436.456
9626,75641.0
47296,5419.603
82632,3274.5137
62859,13519.734
37346,31669.678
111936,147637.11
51894,20575.346
119441,73800.28
83605,37990.895
22134,2972.0986
50026,12324.944
67856,6049.2866
11789,6968.788
142057,6048.958
91673,33872.445
97657,4848.5425
35500,6321.211
16236,23388.336
41927,4990.77
14525,9393.16
4115,37360.457
8207,9916.229
1984,121667.33
114443,13031.083
42943,27007.746
120357,122840.11
147425,23607.252
34872,43245.453
77694,10336.011
133325,11142.759
54086,29849.873
37670,15244.394
74250,69654.15
66745,22467.234
49585,5684.7554
11537,6070.179
47398,29079.28
40391,17211.021
96817,8523.644
47418,117734.1
6126,71665.68
24650,15346.447
60980,12515.539
4528,6573.8735
41853,10258.054
84551,3902.8853
131505,13679.397
5633,59814.434
55015,5710.319
103161,8777.115
110031,6987.7744
102055,37986.19
128439,31405.23
82234,15826.066
264,3229.124
16476,3510.8428
56026,5484.54
34115,7306.7563
86798,41231.836
61725,4221.0674
143713,9663.835
93804,55133.746
56244,10890.8545
5370,4157.107
129586,26450.031
41515,5566.8994
69149,154269.66
105477,9742.629
71808,2446.0981
115368,22021.686
88468,75526.08
34027,2433.8877
113151,5747.904
148613,50654.28
55702,20214.016
105895,22646.299
9638,1994.1234
75889,16584.08
9015,41738.566
9517,38730.668
135526,38869.133
53804,1242.3514
100593,2812.074
124705,41836.688
137044,8880.221
73505,15189.837
80455,16203.715
47268,2800.828
2159,85475.01
35786,26549.342
128717,25888.918
102091,10935.842
90930,3770.5305
48547,41392.812
135965,30715.014
100035,22394.68
11438,8241.1
118127,95852.06
74761,37783.03
93266,13642.216
96073,27931.285
26802,44216.773
90340,8589.603
73772,10620.895
126304,38679.88
5258,169297.33
16510,8452.651
98450,29070.957
25065,38697.39
95862,5023.092
20035,22803.9
73283,23276.02
29035,5038.367
87369,76757.85
147662,30624.195
57554,7897.2295
131352,46478.87
652,6204.445
13117,365857.5
42957,20755.617
148246,14861.733
136148,3402.2744
149404,134178.03
135649,31322.266
117798,28183.158
1562,55942.113
14639,38263.27
14699,3067.3052
15161,204718.14
15125,17499.17
54026,56599.812
70370,27269.473
102450,60446.555
129108,121609.12
3216,61102.027
99848,92257.34
74157,9792.214
96030,46249.4
29521,16629.227
145399,3110.672
41319,116672.88
81583,10816.251
16485,2631.1372
14603,79671.93
30672,26920.69
31524,14633.881
474,33971.836
25724,14976.142
69913,90757.22
574,4136.758
43345,88568.31
84584,17548.05
61781,153029.7
145134,6323.747
123815,51211.535
142158,52187.273
126335,17944.953
12632,6636.695
4155,16163.476
51567,8918.088
103315,64715.758
103739,45792.793
58239,2533.346
18356,90798.38
22073,83488.43
11967,80237.84
72115,18220.516
6969,2120.4185
121169,6948.695
85365,25982.318
44659,3846.8843
56781,14344.581
73866,21349.186
75810,2509.5723
104699,27425.215
9426,24902.678
60924,6784.105
73726,18328.215
6064,163810.45
76690,11372.878
139000,149487.02
48523,40058.312
58093,44173.18
106476,30126.932
84693,8904.303
110905,2082.03
131857,65745.93
965,174846.39
9746,8150.3066
132369,8914.036
101311,10223.467
86321,65911.02
34898,44027.344
103868,96940.875
88719,6177.2783
21606,24606.361
37107,53555.06
24541,1101.6835
8307,5162.8486
4042,225255.19
72459,23938.504
148304,58099.46
142654,10172.075
74209,107532.63
8901,56315.71
29538,44293.094
43278,82584.08
96318,6338.166
8940,106354.24
66037,51083.465
89437,53888.793
30780,8537.916
125498,58745.16
20005,18810.906
24597,39762.363
34416,76745.38
6157,3800.919
12281,1020.7241
22341,32615.29
147462,123059.56
94384,5223.18
43770,14222.415
132594,8132.6143
122377,36466.86
142033,23141.943
96565,38419.12
76782,5621.3125
112952,1640.4968
48366,20958.26
38060,14963.593
116928,39447.83
106,18362.99
7077,7139.0444
28341,7259.4683
55475,39481.973
122317,7055.303
90680,29915.902
42636,97326.47
57798,4359.7437
95134,190696.73
1581,18649.004
133401,13378.9375
17207,6318.3364
32491,14936.134
145238,175663.23
38378,33165.316
35983,22023.254
69668,2702.9812
93181,13522.891
104804,17016.773
83936,5585.0293
67372,12221.985
77909,74524.41
13185,30130.352
102856,6404.5693
43449,120297.02
106411,6022.0254
41875,67416.19
85713,5857.859
117756,3873.6072
50722,49717.754
94688,8579.838
137819,53354.184
23468,56977.137
88473,33421.594
13383,64700.86
25476,18377.146
23098,4999.1777
42461,2216.0286
105552,99526.24
77200,14253.309
113744,17729.334
23104,28937.38
128128,1393.8295
17333,26820.482
147221,15854.02
83095,179521.92
16651,19955.727
112069,7254.7056
47762,38180.05
52178,45069.777
124687,2103.9526
122092,19459.824
73222,32223.588
48431,50151.023
44970,97614.64
44115,44195.57
24232,6132.2036
101597,21311.246
140513,50551.25
147096,19848.14
22194,27056.734
92114,2033.3365
105163,59111.44
70059,10472.235
52810,5236.0073
48774,66239.266
69895,8814.594
76895,11561.641
62096,51161.293
13730,60847.35
61984,1777.5776
64033,14048.995
50929,145096.14
45097,11000.703
129826,17767.7
54411,5437.5483
147842,38090.445
48704,12641.03
1948,10089.303
22419,4386.4814
96197,35976.996
5118,6722.189
62843,20566.688
131716,17505.752
134658,3175.3027
48680,9366.446
102112,2821.293
81079,56779.24
39577,6443.687
12407,2676.3403
63388,73916.17
9224,10381.386
78516,24794.812
44041,1288.19
82993,10567.782
148175,7943.4985
85575,3322.2832
109891,9242.542
26651,15270.791
12729,4917.2476
49373,35589.45
32271,51655.387
70921,129800.836
112788,14762.832
47515,21970.271
145751,7283.5933
128041,39872.95
107102,19156.205
16079,35881.633
53414,19078.594
39757,7023.104
4852,39068.17
61668,11521.915
119870,5800.3364
38668,65568.66
138697,39722.86
59391,42461.656
35552,12286.044
146016,34755.13
6106,21802.145
34344,2597.2095
140106,68371.16
15626,47238.344
84869,352180.9
92495,20954.602
131128,4271.5015
143849,114496.64
96594,89761.18
137632,90235.35
128103,27537.426
10450,6949.802
31592,58101.69
131337,6768.83
102439,2423.0078
137238,49590.152
20161,49217.1
51241,17026.074
78715,118518.2
20556,46164.887
108373,17658.83
60270,7807.136
59362,15438.384
116941,53185.5
137562,5633.0264
107242,96866.47
38332,2010.066
110721,13981.097
34742,3960.6245
90070,52694.52
123197,7176.258
132531,6307.443
127827,9469.878
44223,26366.102
12223,3287.8047
1282,8286.922
134211,5370.706
44851,19018.145
44839,57538.305
72483,83152.44
17569,31817.393
96421,16027.502
142929,21122.035
78748,85251.89
74982,110546.0
115257,98738.51
74831,1152.5422
93581,24559.807
52502,53609.965
147537,29016.656
143440,3556.3901
14674,31386.752
53422,132434.73
131991,78835.04
16756,13912.831
143702,5950.6978
62602,15657.656
10758,14946.551
68289,25320.857
108977,238446.33
15739,127232.734
68088,1967.819
85025,12855.272
133519,10547.729
119543,25657.695
50169,37997.46
25406,18319.773
15241,76796.19
14111,186865.81
100711,24032.383
88984,64927.97
136981,16391.29
148125,16415.506
98207,46870.285
119417,8915.969
71168,23790.086
61609,106522.4
49027,13559.505
141665,16414.44
54899,10923.001
8915,43384.21
23736,30575.621
117997,77630.16
49823,17149.463
13947,11842.366
57272,18707.531
7231,46901.008
88619,1674.0884
32266,8517.369
14080,2441.3167
37210,46393.156
123838,8857.915
92262,83024.68
62028,3178.4255
52265,30534.027
142435,65917.4
26674,13444.141
102709,10146.224
78699,7542.9756
73906,16036.702
33002,67651.66
63592,41978.29
54458,9360.849
87304,3929.4211
52755,8136.6484
131173,25149.396
113991,29315.705
48109,12757.968
64855,36836.11
85,41050.465
64249,16226.558
148101,35458.875
60345,2132.5918
2277,3433.9617
46866,3838.3433
10416,10524.531
53813,92866.98
51837,10693.624
48931,114804.03
4745,222705.95
34214,84881.13
3747,12619.767
60793,3102.7932
50719,6123.543
139540,20046.86
101258,25413.494
83509,1644.693
122905,567631.0
140771,49419.742
123502,21245.518
19401,19043.354
104972,8064.3506
9021,8907.938
86602,6777.238
2232,17279.941
102656,68843.84
137018,20127.863
63632,5477.7046
10790,84561.97
101466,24510.967
52352,41295.23
136295,78013.836
54858,29652.184
123365,9534.326
94294,35788.95
59577,44647.695
10139,25253.475
129869,81273.33
149432,65911.836
67408,14634.139
103329,74215.29
137653,22597.854
81356,16974.576
118199,39407.457
4101,3538.2449
107927,14807.884
144955,44495.113
2268,2541.491
127164,20935.162
52102,14072.375
77309,9727.819
28822,9846.269
57989,7138.571
149743,46121.367
65896,20476.781
92870,165882.53
76265,46040.445
32388,2359.3994
142021,95030.24
19265,24096.756
98844,13383.841
143628,100320.8
114318,2305.8381
26059,2359.5962
100956,8094.003
45404,5671.178
75975,23408.191
79477,37223.742
78287,121567.7
89015,139788.73
71550,10991.904
74968,51844.035
84314,5865.0396
26877,3375.0479
42700,1725.9027
11934,32056.887
142892,56520.742
134450,5131.504
39354,116172.89
113965,7490.346
116664,84024.22
118364,91979.695
18426,47607.023
55670,7476.405
29621,4123.4214
3599,62118.234
99624,28169.91
91945,17401.494
6527,6444.841
61515,65655.016
35323,83792.77
28727,28130.395
99679,3416.0732
52445,12911.217
135228,1495.8308
89197,9436.79
124093,9815.03
42209,3289.5383
92685,14832.713
148451,22505.264
81342,7783.7505
1681,4216.9224
104812,78599.21
12427,5834.834
129536,21706.447
7757,16950.781
129065,29466.658
134060,99874.016
140367,47548.535
52033,9878.376
15735,46363.824
62256,123988.336
21529,9420.228
87927,10964.486
93475,10901.986
70091,13549.186
123159,38669.914
64448,4165.5356
17692,2842.7449
134737,44111.746
18223,47207.27
38132,18606.041
136718,48071.09
93091,30719.402
133622,58179.8
91483,26988.566
88715,6218.6147
130152,5661.1636
62296,24158.332
105560,10656.756
110744,25898.715
95698,16249.174
3154,19382.98
98463,21243.168
116607,14855.017
11347,21821.74
29248,3826.999
5621,7510.0137
17573,34307.08
19848,84652.59
84358,2357.5066
42627,7514.1313
43300,70539.33
22691,19157.816
20268,59176.46
93844,47914.13
11610,8318.079
47371,107220.34
83538,6015.406
71468,35961.95
145647,15781.8
148187,17661.4
122933,20342.19
121433,41430.676
127015,3483.3142
115886,3164.7017
148003,22102.574
143531,24199.68
93021,37681.516
149570,5912.395
35893,26017.232
32022,9190.546
15384,24412.854
15873,64571.438
47832,46484.26
27450,8859.018
34654,48233.477
36270,16931.29
110163,109460.68
99872,4150.686
101018,14944.526
108823,8273.26
107470,26203.676
140994,6415.1924
9350,25930.908
48908,34161.043
34110,14662.922
87156,37650.42
57391,4876.2734
148030,71209.21
76802,11649.626
4935,11414.431
30543,53406.68
15490,16549.754
135318,23496.408
56309,109032.23
20386,52412.414
78821,31331.105
109549,40915.957
131290,23472.754
88844,9458.459
88298,21750.764
30179,18240.486
11419,17262.08
40423,85447.43
13103,10253.14
37483,13749.983
119926,72727.38
63048,100690.45
74311,47032.723
36249,27375.469
44759,4468.668
69437,12250.071
63182,17237.164
109383,53295.16
121932,10066.891
2357,53949.008
114883,17373.111
145682,59528.12
31452,6532.0464
133570,5311.1724
4219,45609.32
121534,43695.14
27710,7901.49
87039,38589.754
22844,22650.688
18765,12623.918
75395,19466.316
66293,22008.787
4894,145647.95
76296,17655.791
21325,73710.9
7575,86186.984
86576,9575.0625
56381,14022.652
12549,11573.063
58583,97477.17
1103,36414.234
61795,15902.069
144871,52035.246
104051,21940.164
40127,156703.25
32316,20272.621
147599,25976.982
57896,335866.44
73564,135689.92
12910,69345.766
66343,43417.727
95062,2745.9138
74894,58537.254
55987,18650.373
114874,124917.234
121098,17943.793
22913,23884.598
74874,32619.576
106183,89165.07
113094,23796.484
126256,5130.0264
11188,10606.846
105689,85431.93
78606,60867.355
128418,105449.89
20697,46005.016
97296,14459.996
103609,73327.945
89786,10668.76
107950,133588.39
144258,1140.0343
83659,71418.4
138072,30582.828
95693,113255.234
89342,91648.414
5519,5617.2773
1913,35556.785
85429,28023.586
42874,10717.94
51488,33235.504
70510,9795.151
39406,5301.271
61710,3891.5767
96523,51487.574
21890,18793.893
89442,1287.9856
113742,104280.82
51011,16194.958
138258,15789.473
33245,20221.787
39770,5403.238
91324,15999.224
62231,46403.6
64024,10003.133
102476,63341.973
22199,7816.08
13619,239296.22
63404,94336.1
53612,222135.48
83774,8257.769
69667,36466.527
60439,39373.184
87476,2770.194
37433,2712.1824
140984,9345.954
134513,43466.457
143220,5468.9673
72944,3946.0142
134640,33635.4
103089,85687.18
5868,58939.207
12991,10519.815
11080,84202.86
76339,14928.7705
25916,1714.8356
143044,39896.957
147340,8887.184
49509,177760.69
57775,15093.796
84385,33043.484
136276,17264.168
125231,68386.52
94782,12104.049
117521,41804.715
29249,92957.94
101030,60356.65
41614,6509.071
66349,19695.857
17280,31934.816
32659,15643.255
78250,31217.898
84538,7743.2104
104562,12266.261
134185,4607.9365
148895,12597.728
23335,18866.848
63614,92152.945
47717,14196.071
73125,105756.47
44169,12710.665
77767,121934.21
64121,5974.5767
25768,30439.17
91515,56702.336
92740,55212.734
125123,133212.14
108728,6995.092
49475,12069.89
133782,116281.016
108207,6819.975
19154,16431.133
105174,17753.184
21159,7761.5005
9926,7826.155
3919,133210.8
6633,11414.431
94463,12744.321
128764,97532.21
41439,5096.1914
5758,22542.627
107139,25304.568
59512,3040.8376
130507,4198.7695
95822,51963.59
43635,2947.5007
107835,20074.123
105756,13401.549
64519,108581.305
58476,53346.918
140797,67512.56
18091,3396.1638
138678,7640.694
13228,29862.168
73957,41871.7
75450,28633.012
35658,156371.14
22884,78944.234
74240,5753.838
60366,53134.453
113588,28663.928
112223,60682.504
111981,20927.207
113501,27490.08
20769,6073.0728
1129,25715.22
77478,80184.19
144740,315891.34
83348,10058.246
97153,130130.27
145050,8979.313
76114,29362.035
5151,38902.19
82064,18747.79
89614,76818.305
69653,21709.814
126715,38341.125
43660,53490.305
34302,6174.3433
66897,88849.38
107028,6126.022
56951,15750.457
79973,24114.14
12268,43640.25
67605,74388.48
89161,62775.355
48404,8876.816
62325,3529.7478
114045,15427.428
98669,12114.595
93244,155686.3
22865,7035.0024
136934,142033.72
99562,14145.157
111554,23194.56
31735,36000.613
102663,11400.217
11810,8024.16
115060,20324.355
106282,2692.0793
32375,23927.984
42913,28532.826
16704,10720.387
79614,10738.073
64735,61152.824
140264,16286.773
64405,35342.87
119627,28424.293
78905,-851.14026
71373,12288.557
102812,5201.0947
42518,12985.263
12531,17235.48
35792,71723.38
3462,17819.723
102952,7166.215
1782,23197.5
145352,4864.3164
136345,16344.981
115964,39606.867
62941,13430.919
139264,4191.425
16638,8009.618
62203,71246.22
116975,8273.588
49127,291038.25
64967,24864.887
128229,208271.36
88940,18204.385
27784,36819.19
108367,5414.5483
105082,102549.34
85093,81110.77
117909,3910.181
38568,55624.656
2960,136809.06
6175,14688.149
140222,13625.653
38818,31355.33
26665,65157.023
110411,40109.61
86802,13970.196
118486,4805.3516
133958,386125.4
90480,66953.4
95958,12709.179
48782,3619.1719
111854,5543.275
71329,35105.54
112890,15496.207
40407,25586.684
117450,23233.85
65677,5026.0425
62101,46784.22
92847,43336.07
113174,3309.9902
88586,18657.672
39632,10578.51
128648,34069.863
131366,15474.99
33933,6179.7515
142309,3106.169
89987,106672.9
83916,3448.7693
7110,10918.763
21551,132793.19
144234,17199.455
77547,3707.6477
73138,633.47125
31064,33100.67
60743,27339.752
119149,17698.145
144499,34506.945
122521,10451.476
115320,4926.4805
78970,17574.414
10233,11980.085
60843,3501.5852
113531,43894.902
121180,67968.88
132405,52947.6
9171,21460.742
43606,157462.02
53682,6429.8516
121844,12368.981
113343,20433.219
142100,17393.36
40431,33484.15
121951,1707.9
42275,5413.2905
84223,1314.3887
109671,21219.701
125186,4043.3206
113627,13435.516
22514,108563.23
74161,3352.9526
55661,77836.34
102129,14494.5625
73731,3406.2444
90304,2552.3347
10231,26726.855
112126,69867.875
144692,17742.4
134758,70749.64
111808,7249.7466
21821,23369.246
58139,4412.9453
84616,11754.314
131599,11296.93
89242,53286.918
49800,14409.186
29138,7267.4424
137780,12500.515
2143,4133.6426
123988,6846.267
45046,132904.19
79662,1518.4258
8354,7046.388
80348,167902.62
51281,2815.7876
90582,77385.17
143023,22427.12
60197,21747.412
95973,4325.38
19305,48783.26
68547,28237.578
36134,20196.8
33229,15781.255
41638,5037.1177
44652,120507.21
38154,41709.363
85686,27188.844
95284,10032.492
27375,57220.055
121531,11703.216
38763,13622.118
25211,21802.924
149586,208872.11
61251,43410.902
91733,15144.331
93104,85672.016
35402,816.08
139188,12499.485
35699,19248.768
2278,48885.26
135686,10899.195
8974,13450.918
130154,50315.535
15369,319583.62
80481,5336.403
104056,12107.378
20190,57855.26
85329,12632.897
121059,8894.079
59778,4448.504
91582,9371.979
65978,74708.625
27918,36721.453
113782,8540.433
100969,3154.289
3305,584.0124
64977,239580.67
53272,5910.7144
56831,119765.08
101600,98645.375
35819,13731.615
7567,10479.783
2099,29603.39
129340,13514.895
131282,104440.016
20708,20754.396
61291,12227.661
24110,55994.066
137678,90868.84
138850,11034.852
44215,47132.426
113405,13136.422
130355,8821.841
69098,6742.4023
34590,27620.047
493,12707.782
22113,7373.001
46693,57373.91
92397,200782.56
78631,28166.41
126152,106859.38
102312,5618.393
57818,52180.78
64425,229708.28
59631,46271.26
93513,50251.87
117457,2294.611
95380,11629.632
78520,7394.729
29151,13524.859
111590,15443.433
73821,1780.923
32497,23067.754
2389,3691.7683
114538,5345.824
77617,3374.4438
4641,41002.39
145559,15811.053
129546,12249.387
52260,52784.547
38970,187975.95
102764,62453.656
85080,10508.961
27358,10762.529
86041,6803.255
96764,21464.984
139439,69179.94
52225,15682.862
10685,49267.04
36794,10797.025
22347,12270.557
1683,3550.2988
29801,19063.723
47969,140451.8
18253,17766.344
37408,54355.04
72975,5442.8125
14905,99024.945
68100,76342.65
65092,152958.72
101097,13375.412
127623,5398.751
64751,76259.13
51710,183138.27
117063,1002.849
30255,80371.695
140396,1260.403
77138,9872.757
99224,5965.1396
108121,170834.38
115967,58249.04
80550,25080.658
21199,4779.5347
43063,105322.77
76397,41271.11
50339,23445.008
66605,31347.426
89738,7275.8726
57021,76145.16
54522,4310.686
122310,29397.645
124190,6275.641
74892,367637.38
144648,13416.678
31923,25415.787
19907,61970.336
81689,5770.6973
111979,129311.94
65020,6735.283
32335,13776.26
135333,7237.853
128619,29153.637
67658,77151.234
124476,12992.479
92924,59157.168
55070,38403.92
137203,4514.846
9051,20387.477
84881,15093.971
18800,5541.9863
50725,133992.0
64096,5779.478
132409,50737.445
136122,8707.884
67556,68157.6
2741,21914.445
76869,6744.2046
110446,94229.336
67148,48404.035
132234,28799.17
93867,33105.523
99192,18090.885
125004,26489.26
9961,26964.822
59301,17609.748
14997,13536.113
132849,29868.283
93110,65099.76
49086,2833.9187
70788,29754.36
15118,15009.827
61259,-390.8834
22904,45032.8
25177,188971.62
62865,21195.922
100062,55197.934
42155,28034.787
59922,35841.867
29998,138030.53
105559,3731.4958
4613,16770.217
88217,4941.4653
48747,7237.7954
44072,138119.11
5084,53033.684
73914,6909.576
84940,4149.037
36859,6615.97
98746,17550.877
121881,14822.974
1552,48681.58
19507,125278.7
47199,79163.266
45607,20501.748
26288,71702.0
7493,-1995.4645
96767,275482.06
14369,5337.9014
10668,2566.8923
68863,10751.249
61653,105864.42
47344,16939.832
65240,91709.0
83217,23307.66
113012,153891.81
79643,6888.3164
52704,7837.0254
112397,5400.3013
141179,106826.164
85993,7728.7637
20848,47339.312
19614,163753.31
89165,67055.03
64733,28211.592
97251,24388.166
84356,15287.965
9650,92963.56
35614,2322.1873
143632,81250.4
77074,2060.4924
68189,13422.442
77588,24778.162
124135,22371.357
104105,50524.71
43976,28070.432
144424,4564.461
26829,9401.424
103248,33891.945
17301,86752.55
88352,16400.295
74100,7603.4087
67176,13594.829
2316,7465.4556
21594,80547.83
133119,65358.008
123858,22463.07
30550,33286.035
118420,100653.2
100279,81725.234
98279,3174.746
137502,12483.239
36278,35808.184
72183,27016.525
103362,73517.9
124609,2697.9363
125160,4225.7734
91062,5828.5884
124144,89855.41
135521,2640.1301
127642,17421.283
46673,20767.348
132742,63362.33
121048,15562.786
3101,171546.16
53621,13055.8
146315,10673.465
9605,6544.5947
92890,3441.4604
107295,77097.33
67806,1013.6516
135827,24734.832
28164,95131.086
108007,49454.47
31819,18220.074
75819,56042.305
12530,9238.916
52160,28108.584
57573,49450.527
135196,3739.8484
69402,14749.871
6070,26029.463
97105,16749.098
123287,54354.543
111736,83749.555
9923,26371.674
17759,78180.86
3954,68940.85
138938,6450.553
6381,8676.209
136832,20816.584
77967,7304.5605
148053,49927.65
61375,28735.215
61770,33174.29
47560,57057.887
122247,20312.537
33625,9812.554
55822,3209.4526
141967,62207.285
15910,6260.4766
31943,93561.63
54872,16208.538
70263,59008.402
111631,8589.693
28223,41895.168
7320,4897.0737
147475,11523.878
7454,122326.484
122167,10632.438
59211,20195.482
120177,14024.806
60501,17801.594
52913,1481.2697
133636,11304.646
89643,4340.617
84090,21589.865
95614,27001.293
91604,5955.12
28405,8416.166
54241,63295.875
16842,44883.71
60358,4517.0137
80001,7884.264
50544,3993.377
39240,17254.252
16710,121895.12
98426,56861.613
92478,62289.79
52345,79157.77
115038,16903.955
18042,39909.785
44606,611.8493
86808,54616.28
76688,59330.867
7598,5187.2666
134271,21240.146
17755,41215.258
81031,6714.6826
17812,35981.977
74718,10851.847
63223,670.83344
35159,3235.7693
47254,102844.11
66202,26489.693
99427,25772.219
134157,37234.938
113065,80975.49
132868,45346.29
64312,27679.652
55293,12114.338
89173,33171.152
57435,39465.934
129483,30414.406
83799,22271.684
34680,23198.0
56611,72108.8
41133,41813.457
142917,8112.85
39932,32756.555
22178,106351.26
90085,84452.37
63337,20311.938
37701,3317.5698
8956,16032.506
48524,76870.6
144935,13369.4
61754,18996.135
73290,11377.073
16369,11423.395
68240,3207.789
49482,11062.447
124584,2509.0715
45852,23655.145
32184,7518.531
2085,4075.1558
71240,67863.31
24446,10930.026
15921,3090.863
63339,23297.396
68885,-388.80338
13556,7000.908
109720,38712.39
95981,1672.4531
64607,94986.266
64686,6451.238
139516,135023.23
144475,22987.182
117598,32506.525
137182,59634.34
26763,4054.1104
133081,39571.953
115145,15255.722
138559,45610.04
62692,2948.2795
147914,5080.626
53410,28144.568
47261,73568.914
113142,5387.912
4534,18943.697
87961,7691.492
40734,27274.406
123485,47242.555
24283,15157.258
58196,48517.555
100192,25892.668
7685,80969.53
8737,24855.715
122036,34672.754
27558,56273.86
14098,297895.16
101958,16845.775
65681,7054.766
60670,17345.768
105561,55651.87
54405,854.9744
143523,2435.0854
36168,8283.267
119783,6673.539
118679,20960.654
135763,48414.56
135868,35348.184
130415,87843.13
81080,3997.7844
7450,44135.434
98637,53591.758
109775,53725.598
49044,9431.812
84865,63950.535
14729,7371.239
31614,74688.445
78556,70999.43
134161,12041.283
70588,13101.741
17657,32329.188
137682,16441.605
50937,5321.6147
5321,29242.764
16729,7492.2974
35853,2090.9849
138737,54027.867
62617,8959.106
51817,6559.4956
82101,5622.184
48400,4330.4663
53588,3428.0796
114485,187826.84
68800,100580.91
138003,34551.13
29704,33000.66
76242,10634.974
24688,8711.098
88918,29600.133
36333,39734.418
96787,12816.291
70460,18548.863
16275,8188.0083
139716,16769.404
145922,38755.7
138676,41047.215
20317,99301.4
29393,102552.48
10765,168615.44
76920,19322.693
92916,4157.3545
104032,1967.0422
100808,1801.0425
102825,2701.6553
143569,39523.07
115141,26546.531
71488,188760.66
17169,75877.57
9354,15012.428
121120,6059.9663
87966,10804.958
56746,8909.246
24775,47741.336
55526,5059.2036
126492,122503.875
114360,3306.1248
25785,1269.4827
103464,5589.642
16760,48523.707
98455,26994.062
131728,7449.2207
97763,14601.175
28914,11174.944
35184,7127.69
124915,15661.12
128060,23640.723
113540,18731.836
117251,41615.844
97071,92481.016
43646,33630.684
83156,11290.049
148028,5307.5
58011,78480.17
86993,7798.3057
24022,1348.3234
121138,29053.916
110231,143387.4
47012,500288.47
63014,10729.056
71330,6256.089
54076,2822.5486
62302,47431.67
90759,5754.721
136172,10420.142
79139,200249.14
71938,215120.34
138319,20823.566
122876,2290.0962
89531,5629.379
50383,24562.195
120616,5320.646
47976,27360.457
137468,9155.255
95646,22424.166
136751,101342.58
16633,66459.26
117550,2052.3367
29732,20997.486
67434,23257.344
53536,3553.2058
47130,2067.2576
7813,41736.99
114040,16563.975
37126,4821.5767
92511,53406.918
63240,12420.33
51059,7619.9233
97023,5432.836
41128,13217.548
118372,21146.207
4062,14164.271
15678,5251.453
133471,56501.33
63121,17361.441
34473,297656.5
86649,35796.86
28768,5184.724
63147,28788.58
36084,24152.768
107044,29192.797
78946,188588.77
135036,5273.6934
124158,22046.52
45278,4751.4565
116193,18652.68
43841,28166.139
38002,103286.16
18067,43098.992
66145,4880.584
130000,12803.03
22489,23318.463
38118,13212.149
148131,8001.0557
5976,323573.5
45956,95321.6
50219,2342.0857
75521,150540.55
51985,4649.6943
54354,26335.578
97639,19865.834
24009,124376.54
72635,6847.7925
993,24720.4
10945,20271.5
132444,10052.13
138544,7512.5083
146049,79413.84
145321,14617.013
20292,28439.93
78386,8762.048
5905,19605.1
138194,22296.045
86570,7882.3174
131570,163901.08
115572,14987.831
82615,224388.38
34921,3510.2932
79191,11993.475
119751,2317.6584
87173,3880.0635
72031,51820.613
96537,9910.649
40480,6708.322
86904,10136.76
78379,6213.3774
45130,26144.87
138889,8140.317
112615,136047.94
42858,11016.89
68627,81978.914
115878,17915.688
119213,11985.137
79459,7326.2188
111680,20828.717
124009,37135.305
132724,7907.724
31872,10322.597
53859,63249.957
79552,5540.3184
37534,5312.204
16442,3406.4773
14346,97577.39
64836,16155.912
115628,5055.971
15435,204768.58
3713,176946.61
58526,38391.17
132017,15089.984
69000,4233.0205
122245,133902.44
135172,6592.141
24066,78658.766
86185,7335.788
58207,5578.445
90985,40026.08
113543,44423.715
145880,14050.532
19643,7909.0234
101405,6697.7593
117514,14138.866
121291,4490.0664
104116,24884.902
123432,162944.23
126902,7627.8306
11358,41959.316
72900,16609.367
63494,12180.255
65376,2279.7527
5060,67283.95
39926,281910.8
103114,12895.734
59188,6567.808
27190,8638.048
111019,2557.3972
83350,33736.805
83237,2289.2632
86191,13344.863
147108,15683.893
147706,35494.715
142113,16610.377
10183,17621.441
47664,3724.952
110575,3420.1523
139404,85666.875
102282,19583.516
135789,30383.326
109924,53331.844
76900,8697.773
56403,79890.875
17539,22529.377
119012,13843.427
10655,29004.094
24778,40205.133
64811,30330.516
16525,70420.57
122989,29847.594
67044,5118.973
10503,67309.82
39956,2823.9963
83877,44979.613
80498,15886.506
113402,71572.14
97697,9130.964
125646,2877.0955
139941,6544.409
80062,40058.812
141357,44571.96
67864,4208.534
63917,23000.012
65372,6140.179
113669,22155.006
77028,-60.390396
97504,5890.3506
107419,21673.365
129673,2840.488
86493,43844.082
26186,17829.51
32577,33533.074
40961,8582.31
26697,3111.786
145295,40925.707
68630,101697.99
33751,23055.988
121209,4533.6025
149330,5563.1714
92774,37067.223
111321,31143.41
143624,20581.896
39236,33305.26
76183,4819.235
76967,85477.195
142982,6541.111
126907,10237.372
87746,39471.684
88789,10872.026
85178,7777.514
134062,85541.13
94912,31375.674
79827,8585.071
118503,146480.8
133524,44769.17
18677,42999.79
99724,22687.605
136189,24350.812
22322,43125.113
5193,34226.406
83340,12960.17
129073,163635.86
72563,40755.58
85133,16066.246
217,14450.236
16455,89796.44
115427,6190.822
95952,21642.14
37858,43908.367
146641,25460.604
95848,7641.1265
92883,6513.654
70329,6703.2812
28764,78117.305
68246,148062.78
141258,26378.418
37653,3703.8699
113170,42477.477
2759,17040.379
75277,9040.437
37182,7869.071
48814,8966.832
33795,11800.138
113904,97033.9
77058,13110.466
27527,3466.4905
76070,6820.6333
90213,20102.281
105612,119635.55
82745,10419.289
33957,5070.4565
9102,15321.325
7402,14324.867
18667,74881.21
142157,21294.719
63544,5767.1074
137435,8633.48
123793,6099.069
144678,17277.059
93033,28623.15
121801,5609.652
127698,76126.984
20150,18320.51
57770,6225.733
126047,10065.683
147295,201042.77
60047,22906.678
126469,41038.88
88243,31507.441
41386,3057.905
82617,206647.06
136559,56157.05
101751,24225.254
147028,4663.7656
128610,4375.2754
26568,33216.316
57807,58660.45
131806,5052.5664
130253,4734.4243
54901,7728.4688
108875,159718.16
12007,43827.01
119463,67594.4
47064,2487.068
16961,12609.817
110603,80051.65
136083,12071.589
100915,115819.35
16588,59962.027
132422,4621.1304
57474,9398.473
20013,44601.47
66061,10087.886
119101,15231.57
18327,18955.984
45613,99026.555
121925,14426.699
24272,43299.05
45927,34066.145
84238,29621.266
10607,33983.254
27803,12809.937
91126,3442.2432
101088,12807.682
61995,37870.72
10654,23288.41
77824,63075.035
13651,15015.205
27827,48015.35
19084,29376.363
43598,20818.479
97047,195.4882
137125,9139.952
134578,108080.19
122824,46444.01
71804,32429.62
29213,8600.663
915,19186.7
17121,42553.734
66135,8491.96
111645,5267.598
16017,28547.674
60453,3316.9556
26617,23204.986
145224,101766.805
24870,8895.425
101350,42595.594
16360,10806.5205
49936,93704.83
9600,7164.3867
51598,15438.384
3870,212160.34
44853,2134.1543
97910,23055.629
18737,68012.95
48442,6823.549
132813,45994.91
11625,161349.6
26642,74281.2
86246,92090.03
125921,13497.387
30997,34044.457
13009,2596.9163
19299,26612.693
22557,86870.38
114730,16014.419
115986,99998.18
8022,28020.102
47635,19351.477
55621,42343.03
18699,18742.793
38224,22120.441
62350,40208.594
30333,21482.896
62014,47713.63
32880,3049.949
115914,27777.557
91378,5561.3716
99287,14127.354
5117,51479.945
18501,3635.1135
72817,215684.61
106188,17956.18
134298,16844.863
10240,2421.802
81112,28169.635
72536,64928.46
95091,53376.44
122874,35529.98
131737,20882.574
47658,5325.3354
90329,45986.875
40827,1951.2709
147951,78763.414
144156,82369.66
129450,5226.785
100538,68725.1
3157,1665.2593
103812,7918.3867
25405,7930.0073
14498,24541.223
118652,108348.95
37531,10296.834
87487,136014.12
121168,82805.16
121245,1645.7826
140999,9555.121
12220,8977.831
99129,42415.082
98629,18167.518
89014,41476.72
119061,10954.1875
120791,11940.704
146166,31503.037
91061,57116.223
19744,3995.3147
96299,209889.77
147456,41005.805
15853,69341.96
25650,12359.683
114677,40562.83
93818,4459.8193
7966,36726.305
63454,208.60681
104522,13269.301
13274,36978.02
79215,3774.5234
83646,84489.79
30725,69792.9
72655,208869.47
72167,15335.284
78526,3454.5156
141604,7434.7036
30126,9818.529
85441,174703.34
113258,2801.1853
13950,18727.174
39585,12669.237
115930,30968.377
52878,11439.871
25652,130753.06
32909,51152.816
14719,611.8493
47271,9627.414
147169,74028.805
26907,553856.75
12409,61209.305
2717,10953.598
88199,7294.67
104119,14688.06
56724,64295.87
15522,26304.654
71167,23098.06
75585,10801.184
17949,2629.5273
88210,14870.754
68789,3252.804
140586,84109.875
121481,7001.2056
30101,52703.07
40686,21509.637
69344,57505.273
112756,5750.62
42599,35595.89
15216,35110.223
76732,28361.805
74352,20184.3
139876,17073.113
81420,28077.74
62140,120659.555
114247,146940.08
62303,745.87714
62288,27500.547
149411,25750.46
129245,12947.31
55542,3920.0417
4215,34171.715
122990,48992.7
148539,15794.808
70674,30492.062
18517,2463.5337
57232,34509.996
116207,130609.94
135226,34794.12
107000,31106.549
106168,34896.723
60584,29962.982
80534,1070.291
479,167133.86
138834,6751.551
144019,61960.6
11853,10975.058
61061,90187.12
132336,37706.25
67909,7691.1597
86702,33302.93
43960,75649.26
125936,91908.27
114188,346214.0
36025,180182.28
110643,28992.373
57177,195256.2
66227,11533.283
52014,3297.837
28577,51252.285
49242,4183.829
101052,82956.37
7209,29638.443
68298,78356.266
47410,1251.7231
125724,84674.72
80587,18527.457
140385,35364.82
67879,2751.745
127999,11801.516
9750,9462.114
86972,137558.9
134979,43421.8
8939,4903.0063
25366,82519.25
49557,9191.899
89208,8407.064
23659,6105.3525
31560,168002.56
121348,81711.336
92195,14906.466
44039,30935.68
140971,3495.4973
125874,45987.8
94632,52399.816
17633,4464.855
66602,5630.626
42180,35524.008
85253,54708.297
66250,25636.42
89134,36100.19
19975,6162.794
129036,8327.35
123629,21678.793
47600,47945.79
65446,102209.555
67395,14493.398
56545,41686.77
40773,1264.771
52662,3719.4277
149753,32108.316
38320,57449.457
31375,12160.29
52129,32581.064
65230,49971.85
147174,5171.277
9586,21948.664
105320,15250.6
124527,11474.782
115902,16143.58
51897,36640.94
144773,5653.9653
127046,171328.69
12920,7778.5103
14440,25898.174
27877,11238.437
81311,84380.875
146091,5462.702
60134,13829.333
48759,17304.025
55132,1196.9873
145168,25894.922
74408,7736.2197
55810,65513.996
88412,30624.492
116937,41208.492
15093,161742.7
55793,39730.176
144180,41295.426
14153,17404.951
55514,4943.896
129317,25573.1
14914,3628.2822
46369,82736.79
82917,13323.311
144837,91947.67
37677,50749.242
44773,11056.054
42743,14395.436
114823,5959.4507
114395,6791.7354
49620,22566.143
84999,21378.871
84168,8111.1157
144151,74281.93
79546,19567.072
65231,11638.174
140386,467013.62
52320,107625.164
133935,6069.1196
145409,68383.41
94541,45644.027
141161,7644.181
96322,22917.342
136681,95500.336
18475,9283.459
147594,21755.771
129022,7716.6997
10358,45002.48
10773,15779.284
114024,20159.576
97907,85539.305
147414,28055.654
9098,42923.215
21905,3426.3608
75924,359.0198
49091,70651.66
27848,3646.3745
116310,45474.66
87597,19351.047
22014,723.79944
106723,5612.0493
91442,277803.56
46955,171977.58
138758,8117.7607
8303,11523.187
26587,11773.911
132808,29098.15
49132,87577.4
83132,8734.235
36308,85585.71
128521,7853.4067
48015,48011.04
41507,14989.226
45470,4511.3223
2012,13398.616
24024,129987.47
124661,5467.737
90259,58939.543
55996,3432.7717
92904,2188.9216
65521,1889.8582
105800,3518.101
38469,47839.074
13698,107135.63
33141,45457.89
37884,456948.4
111464,99270.914
51142,6012.078
33534,32426.844
50485,12569.836
98681,63079.96
15693,13250.091
139599,1990.6866
134664,20700.814
99958,81188.625
49803,8961.105
90215,14512.769
101120,7091.5923
136796,9945.189
139794,33579.344
65263,67548.13
89892,2591.8767
138202,52280.535
1619,11067.547
51052,64349.64
38835,166975.27
59384,93382.94
51948,9768.035
78241,6288.4316
80949,16469.092
29145,93391.64
136077,2273.108
38211,24864.068
11226,18654.463
91081,20880.25
44513,62161.29
47470,9897.465
26927,214333.28
35712,5948.9355
142839,11619.765
96403,3343.1274
131497,11740.088
101575,11405.541
58727,3314.3389
129030,2923.6042
44612,59500.03
82421,20727.205
34042,37783.973
6875,28678.855
117222,132728.77
89289,27933.686
54325,19166.166
49910,5715.7065
96551,25044.053
138413,62961.164
11312,7993.1074
78066,24044.283
97926,6502.451
146235,72571.03
59439,14661.897
120786,112041.945
87401,52825.79
24033,172683.62
144308,2674.6038
45162,41693.06
14188,5670.619
114643,11472.492
57358,16670.941
116138,27779.389
94361,115066.14
4971,91117.984
117232,11542.753
97860,8152.7744
23245,20962.924
68419,8630.1
82954,14012.386
100722,39841.094
145969,165573.55
74582,26099.627
146342,3851.3906
137711,7805.5444
119062,30522.572
9484,7642.7085
120418,29599.973
18516,2594.4153
113584,130553.09
77782,26458.66
42564,4722.044
137510,100678.07
75787,10719.931
13297,13076.239
49926,102916.5
82308,50953.12
52520,1757.0239
147933,19008.414
33601,10706.022
113602,68139.13
134479,18355.793
34785,32294.578
47794,117494.27
66220,4384.552
143577,222654.03
16492,101636.39
18069,133850.23
101053,17996.188
86753,41635.336
141096,30708.78
109162,9646.645
144557,53051.477
47774,4642.309
60407,18662.041
23684,9752.595
62449,25730.209
5203,315190.22
144851,66901.58
112034,55010.5
67476,1416.595
17349,62135.46
974,1732.8262
120266,33603.832
113257,19629.06
21026,109978.84
44867,44492.766
3251,10394.325
27749,9726.979
96510,3373.6938
131513,130833.94
9949,61071.117
8845,73415.86
60417,108307.95
62693,76039.27
4465,39516.7
135390,10523.078
133243,23194.182
132807,133528.97
53057,64194.387
92406,73841.01
113944,12587.73
10469,38212.617
65296,82108.63
24981,6231.5786
42958,61821.336
30088,17591.695
123520,13128.844
54812,15174.166
105430,69541.07
39751,5774.1577
93761,44312.277
71324,24404.55
14797,20932.041
146882,9573.012
57763,142401.67
33688,19679.234
12395,1745.3036
47259,6955.739
7452,49242.625
138695,61961.99
54612,16525.89
33304,5225.207
141323,28107.32
39824,13497.959
64601,75665.99
59454,12109.728
139321,22728.893
28643,82444.54
109132,20997.08
5590,17672.049
28173,33483.516
17600,7700.9434
90785,20193.9
91753,27742.627
14772,48447.547
10931,25028.55
138285,10455.129
91431,15311.334
3670,6595.5713
27824,31681.15
94722,28452.959
42362,26345.36
134406,36520.254
92855,15760.076
144684,7780.0957
104474,8147.271
49058,36930.08
71560,95271.46
123145,12684.628
127405,65975.5
39642,25480.484
42674,64900.41
91920,28123.857
74477,16158.66
113301,5188.356
109424,5263.1567
36988,32630.54
96678,7764.6646
92610,27536.96
115062,9504.827
45679,33162.035
98422,47092.31
19925,8962.372
80031,46497.395
91914,8353.075
143765,15779.408
118201,9599.345
116708,19823.332
101880,9749.821
31501,22574.85
25668,12171.703
18719,55031.406
77171,199583.67
104067,45931.676
9844,18429.355
23079,5762.0024
11951,35671.6
90952,13469.055
6402,7701.889
95893,96480.2
126013,77427.56
136377,51490.094
101769,81451.73
108386,13336.778
76461,33569.45
61314,9749.879
86832,35647.746
57805,13130.386
5390,28266.566
92639,10419.95
132382,5505.734
111951,12934.601
56626,10008.2
8495,22576.582
58475,20747.826
99099,14800.076
120645,11208.698
72208,14575.382
17809,5714.985
57826,4417.2715
115305,46664.96
133020,12880.811
29475,21960.535
128842,138697.7
24919,16559.062
112770,2160.1775
60071,5119.749
45393,149119.34
14902,7558.007
18802,24747.537
23015,38059.8
44639,106216.77
109521,4989.92
69803,1032.3964
131446,60802.61
58061,6376.5894
141124,44246.867
62927,58651.223
68429,59982.78
21536,26882.873
97839,40190.223
44150,47605.75
111952,35474.605
32938,9766.968
137149,108061.85
144318,5008.5376
24280,78962.82
101881,16560.453
17054,55724.523
89088,38379.07
17667,16246.723
134187,133124.0
134929,51307.27
104247,8926.43
72062,77212.914
134570,281030.16
28259,31940.73
112767,16422.578
81142,70239.68
2329,8971.304
101452,22280.107
136103,38172.656
39187,17816.066
120405,6060.8203
29441,9350.866
64292,5746.7144
35412,16148.663
64619,9802.483
80128,48881.168
97525,65328.523
122244,65049.86
72901,9890.268
35492,43673.73
115593,7744.196
87942,2838.9038
98259,72714.06
36248,41213.754
96915,27075.828
133810,62697.0
2412,24222.035
70321,43285.727
40235,52326.32
105029,6572.1445
30406,10164.074
45271,56419.688
90021,20779.006
69927,121938.11
94153,45129.715
73485,23133.887
31866,41501.4
132376,2576.6208
22375,113728.055
12915,6712.5923
86707,3718.7207
60043,14769.08
133837,14994.505
68034,25007.867
25693,157897.75
75300,35513.82
144748,20389.412
58202,80922.18
97202,4691.8525
4054,22720.32
88963,3376.3281
88674,17198.277
7128,148352.27
38315,78723.336
45801,46042.492
122523,37431.395
16108,41285.305
119182,44741.59
113959,47554.062
120296,243128.72
47819,59091.098
5040,51239.805
46093,114592.75
85058,29914.06
107041,24408.994
39902,79280.66
66129,64869.766
31867,20703.732
96163,10374.133
107735,15936.139
124817,71192.19
117253,22740.158
38372,50749.57
92712,82127.7
61619,11138.131
53403,18619.613
14348,107720.68
44529,28555.844
77836,43273.285
14305,12936.776
125524,248442.31
44885,5436.165
112279,16514.55
25191,3635.6973
52708,18578.883
96957,29973.191
56228,63670.945
43486,47947.09
129091,2117.498
48271,56529.047
110631,40842.656
100319,15689.954
144140,55606.027
106854,18964.08
26007,106878.91
97841,5956.0225
41975,545280.3
42249,11933.321
36428,96609.75
8510,4144.4834
123363,20877.568
17327,8358.02
114319,122483.33
146028,30953.027
29235,12330.656
240,5613.8706
15227,9556.878
145843,73723.67
125451,12239.83
142609,15765.031
19082,42707.004
74048,6998.6816
52580,35259.406
29197,61813.824
14407,56701.402
47647,3690.6748
82587,9273.739
115144,95520.1
72051,45897.875
67435,5645.6133
58386,63543.32
52284,7545.234
96743,13355.682
127266,37738.75
110140,19460.729
36602,32954.863
10398,53200.008
117919,11383.758
12815,3601.0781
120020,12196.716
137540,98734.25
60259,1674.3131
56223,64035.26
53197,6085.7246
116581,19739.8
103640,18458.434
106809,28302.861
17711,27519.285
112310,63894.746
124815,38793.945
36175,18439.648
108398,17718.307
6689,1620.9098
45503,2719.0715
146184,77422.43
15729,16236.76
107513,18979.115
77649,5601.354
23471,80876.72
78376,13144.97
85536,11670.624
133118,13300.136
84240,21286.83
103366,3288.965
42391,14553.695
34632,18091.94
128875,174000.98
114365,82898.945
85309,65848.875
75834,3776.1875
80223,2626.3452
37230,3252.1062
146883,50227.246
24212,58439.81
36152,4505.305
13834,239130.33
20156,8971.824
33828,67153.49
744,25190.3
102338,87583.18
109657,17062.41
17945,41534.25
81148,65466.805
114653,19425.445
79556,15742.513
11634,59928.938
122651,8862.213
34351,158683.44
23143,23413.498
39177,24307.018
133942,113073.33
78901,7219.575
58005,43656.246
64097,8314.634
39219,29978.12
36685,3979.1904
113101,6112.989
70304,13137.553
50950,25412.22
67488,56096.42
125722,4417.657
117697,42364.008
38832,43448.324
14351,150607.52
136303,51582.875
37877,48827.723
64277,18746.82
97889,5853.785
29602,21008.672
41361,98007.54
75359,29825.25
45572,18089.742
13767,13396.15
25482,6895.999
38554,1147.4706
20474,2616.4517
128362,37255.81
125948,4239.544
122707,6316.605
8509,82439.53
53335,87182.13
142611,79985.9
88291,27172.197
80522,27319.848
2835,12691.169
26175,53282.28
118381,12687.465
86637,13298.43
115374,25501.545
61496,4573.265
140551,22198.574
8385,14206.38
6920,10572.385
45491,31457.678
37175,80322.234
105775,17468.795
49566,84071.97
128324,51064.844
28255,3672.709
37400,50729.48
138270,3815.7686
122906,132629.97
117038,2441.3723
44088,3368.523
27056,25709.852
19292,2175.2874
148950,71030.42
23654,59604.617
95553,27321.904
53358,16304.677
92727,12799.785
133819,33757.773
31621,71911.27
105982,9600.83
45656,15094.605
31257,16529.074
43054,19788.41
126301,47144.793
125175,15833.141
20771,17154.621
49208,11047.284
120265,10427.508
32569,20390.914
40183,91096.016
5898,5055.867
49581,12187.571
119073,49232.94
11106,63884.75
125037,17899.713
99073,11860.661
92705,29595.098
99618,26810.322
101098,8575.999
84380,3245.0957
97519,26060.496
95889,87658.336
125029,42705.805
130438,30040.516
120508,114118.305
147107,72722.695
9328,3683.8962
59405,32205.734
75950,42829.684
22327,40512.31
41978,18550.115
142247,33786.113
127778,69753.08
21844,13450.729
69882,5000.421
98747,29890.633
56326,24955.904
125069,7491.7695
72433,16725.742
14608,4737.041
107191,10742.14
73402,61418.32
100249,11398.612
65448,1541.7156
135149,23284.213
17567,22749.43
34906,118787.12
29263,18339.06
85112,66019.914
56124,73581.69
109692,2107.21
65212,3245.2017
39972,65896.58
83301,35254.574
30095,15128.578
7186,7027.599
46245,8812.203
86111,48062.875
83423,49851.83
10996,44658.77
11658,16034.555
143388,12296.195
39863,34721.13
108308,4445.553
51880,8186.8066
42093,12903.958
107353,15463.18
142728,10968.048
110933,1943.6619
132565,105366.85
48455,23239.887
34206,11727.235
68752,19445.32
33463,8778.84
42546,56431.09
114177,91076.36
139004,129438.78
24866,628.6837
123490,8245.649
116766,108969.31
40476,40452.242
100006,25202.162
66898,63866.02
149069,15952.525
2674,26494.398
149004,6894.081
112940,108286.62
111683,6197.3623
23926,2146.4429
9221,4283.006
69359,99687.266
117597,103194.086
82558,22197.395
95422,16228.097
59767,38663.44
80555,73896.19
11842,6372.4414
118178,9949.979
92948,23003.686
38090,57032.12
21459,109142.89
10047,21260.645
68209,36077.676
111940,16560.78
16969,87300.78
145034,2459.1604
130065,9710.29
121414,31136.197
109102,54238.414
22498,21152.434
40541,6675.5415
97678,25568.244
96509,4954.071
58694,10333.442
31014,747.81714
96811,168271.42
124087,54285.285
124182,21636.953
119585,24753.85
121557,78759.01
48757,106199.01
129431,61171.652
124907,18538.846
78784,6047.9253
144147,16736.062
139513,33481.5
36805,28404.059
50116,12991.162
117771,9473.552
73722,26087.465
54380,93278.95
85847,142905.28
37239,244078.17
43162,8650.252
21888,22041.768
11521,8372.044
102425,30391.277
12981,16089.652
74328,15207.967
118952,7673.608
47620,76988.6
2632,17208.998
92117,22928.365
52523,30221.984
86880,18825.059
43213,44794.1
39602,72119.76
4917,7285.2036
104749,3589.868
141740,7708.5977
113318,15415.773
131149,4282.6147
93986,156331.36
117646,106990.95
99648,40648.207
5473,16228.835
97629,4227.7124
148007,36188.777
134692,9112.647
122538,33617.89
113164,7236.3594
97015,6713.276
50633,56667.664
110978,36259.957
108178,25003.928
114796,60348.348
133061,24014.92
9791,18094.27
47385,2705.4597
47266,45260.49
58507,9168.997
112246,80879.45
121687,1868.8099
18938,48345.062
20898,8029.44
52608,3370.9446
35066,3474.3445
93263,4493.5605
136946,10044.472
70529,15567.566
7738,260994.83
126559,5674.895
74254,17973.436
36112,14577.086
124970,51394.656
91900,23835.375
120733,29667.717
145957,42819.51
82220,6071.421
69779,8796.184
3661,10326.849
61430,96171.5
138362,56607.49
34719,20051.924
106564,51351.457
48849,51545.016
52219,27919.703
117393,143141.81
133506,75405.48
75133,4279.0493
12867,14019.221
112401,52943.01
37848,19308.434
121452,6285.3286
62539,14066.1045
73507,18920.998
140261,29723.36
6052,33844.95
136462,9856.85
115599,37331.824
15931,11002.004
82942,4892.9634
41021,76136.57
112447,38764.805
69132,9385.407
35206,53484.973
141141,8761.088
99668,6769.579
20803,40946.168
148925,5477.638
52696,80834.664
39728,57214.348
16186,8423.446
106051,18915.281
76244,11619.995
126366,5016.192
17192,4207.22
41428,9583.103
73922,1565.328
34072,21108.145
126973,1597.0485
33568,7485.8643
92661,30149.645
52121,58559.56
38093,37116.676
114104,7484.2734
101724,8750.518
97783,15046.081
14957,4102.344
84576,84445.84
145025,2543.8936
88163,9153.759
79791,34310.336
65595,1125.521
74194,25732.12
103141,119847.92
9040,8811.855
35502,9945.722
111097,58803.434
108737,3417.4563
2234,16058.538
118299,217025.16
44932,16184.104
14586,70271.766
118128,41020.418
94283,18151.627
111709,4656.323
93664,78778.9
41115,25148.127
132093,128897.4
96400,8509.44
50540,64297.816
66594,29325.264
52381,6319.3804
57498,45856.055
133025,26382.275
12243,13919.067
44230,18146.348
108053,169627.67
82461,61441.863
108522,24113.627
6610,7949.261
129665,45007.617
4323,8353.91
46702,16387.092
39615,50818.414
136871,140967.8
34103,8872.452
85922,24029.514
136576,46151.562
5587,10845.86
95460,23890.6
40528,16320.87
20846,40724.61
30029,10533.118
26360,7943.3594
15534,8387.362
23945,11840.498
125673,4257.246
19267,57235.367
26099,24578.268
126783,5419.1445
91077,35787.668
37445,83438.05
10492,47913.39
24404,16739.035
89912,54718.523
136271,5692.0474
84915,34939.22
99184,78879.92
121381,1694.3818
13630,44159.18
134633,9758.594
86549,3825.2234
21141,60573.35
9950,14848.006
54088,5881.4355
59051,52935.8
60441,22032.182
110094,96720.17
143427,16682.25
42092,5785.4697
1365,8223.779
38939,23677.963
1753,11187.076
19058,79530.89
24399,31386.615
17516,59668.035
130683,5973.379
113525,7219.5654
130404,26683.93
7872,21636.152
109691,9386.008
148036,65638.37
39169,3005.8315
57051,37266.215
70149,17921.654
147654,1101.5094
132911,179656.19
108801,1977.6974
17728,96024.73
95660,28381.893
23243,65106.11
116509,25150.816
19664,6474.959
129683,32132.512
127144,79518.836
79802,12200.868
67046,96866.47
125928,139349.22
134842,31309.758
79769,16938.686
49766,13770.17
136225,36996.61
127660,122912.35
20034,40232.08
72510,65164.695
80864,2324.3342
113644,16283.562
113906,25601.723
94605,13565.716
43279,19071.164
48572,187435.2
31909,17434.717
30596,28053.828
34313,5614.841
146491,7356.552
61735,15854.956
75573,11544.862
98632,17639.053
45085,45959.395
126827,57838.363
65290,4511.858
118298,34654.92
83363,16705.188
100314,1552.0146
111328,10545.568
11211,7920.5015
25404,5281.27
49477,4486.7295
113929,12606.638
13252,10866.698
2166,106717.03
65361,24074.947
109840,49722.133
133493,16799.518
69701,44980.273
115069,44176.69
56876,48324.14
136452,96302.28
805,104304.734
62535,27623.598
147014,4236.526
65670,47206.105
81607,20446.94
68704,10533.458
58458,56738.14
244,60894.207
85667,30150.664
32228,61094.383
32200,20768.35
84463,56841.066
117140,184120.58
75847,25124.496
28662,5293.183
40257,3519.9236
133621,17130.182
48971,5724.648
141570,94670.91
127743,5452.157
112266,28012.453
28528,5319.0947
39767,6978.4507
83648,23325.654
22214,18001.26
148836,12922.139
110270,22337.797
123998,21425.027
70899,9748.631
121660,20153.08
84257,55779.18
71672,30581.346
1304,32301.47
72351,107575.61
139899,11672.694
146253,21007.443
71878,145446.97
26962,2630.7778
60222,25906.98
34160,27201.643
8662,53883.75
67958,12507.946
141552,86911.14
36236,8960.809
85602,22683.506
102130,12331.607
45170,14696.307
32840,67254.5
108328,60589.08
74729,1276.8428
45989,95032.37
43758,58997.465
78411,74473.6
68464,14196.742
51570,27590.494
118358,47478.938
136596,4746.104
47394,9430.213
91209,22458.672
48297,48502.656
55283,29184.941
147488,6267.8164
42790,95235.85
48034,28534.957
3615,42017.4
130823,110390.08
42273,243747.53
123530,27984.402
137409,7413.122
75042,5012.473
42555,14033.44
70642,16470.475
85995,40584.293
140702,44380.0
41116,38238.64
7449,68661.984
103426,-592.67346
141730,9836.176
135301,20002.385
126641,28176.621
44442,17108.117
13851,6079.205
85876,5619.266
47815,5998.6665
47078,1088.0938
107264,12554.297
72220,14075.349
125785,5687.336
126061,4735.1465
42928,197872.33
69502,10423.895
69248,6532.0513
5586,14122.065
25298,53946.996
35319,21111.44
37253,16602.322
46291,41131.754
22542,8658.242
45220,1556.5061
39246,42620.35
2411,84222.64
12353,1202.7385
118356,13546.246
12563,7279.3286
86429,37336.23
144687,1123.1394
97899,21802.717
120549,5514.5386
140720,9595.35
56494,182815.2
36076,4474.229
134552,5741.144
3597,4937.9346
44990,17537.05
53896,91869.625
67712,1589.2336
136293,66534.164
103941,17143.191
72854,30896.504
115627,62302.637
115033,10454.683
99190,2069.7769
53781,18519.527
107723,5683.7
51278,70284.664
70201,15679.41
93092,8900.406
53811,48787.777
20124,63502.14
56694,98676.695
30747,4954.41
34504,57805.2
144543,26913.852
75893,40792.68
109636,6066.0
148225,40089.65
41195,9548.226
128714,18691.982
68348,11421.1
98421,85025.14
26454,55498.258
34452,14000.634
96900,2537.059
30704,16937.316
114871,4409.6377
141802,24634.676
103010,13271.676
758,43014.58
77265,64287.54
102416,38156.51
80523,99958.48
43537,14846.07
125979,6763.4624
90137,28204.99
106375,10961.904
12194,7532.6367
41520,46971.395
49167,52633.383
119968,37327.945
528,17339.635
131194,61580.406
81548,19312.457
44048,14677.613
143808,18090.13
93275,73274.92
126212,46007.934
117112,6489.3013
113709,33220.926
124533,178980.89
87766,102996.72
148185,75865.92
116040,50012.52
68341,53661.676
149091,96683.7
69691,10698.898
44008,14219.583
89429,3954.3728
149951,18456.229
92158,47603.133
2975,13306.756
55396,54793.008
90376,19853.648
78869,55459.28
123241,19254.88
140299,1892.7012
115863,21180.46
60523,24045.908
110943,79287.53
102244,4553.9414
142812,88066.914
110494,33880.477
111415,36173.5
72881,109010.55
132299,31994.207
133457,18055.262
36687,13118.508
38873,47125.51
80328,7383.452
100132,73416.98
124306,44824.51
40601,15801.239
7312,3410.0405
68380,11607.944
66164,51402.96
86480,63755.66
66172,3954.494
44467,18120.338
139495,121626.07
141120,5758.3447
53301,13517.932
13403,6536.314
17386,38580.02
16679,12654.444
109024,6997.9795
3253,26891.16
71238,45427.742
98612,5943.267
997,36970.094
1680,35701.863
50333,62028.254
15766,21826.254
77291,30711.062
99,21343.912
147608,9811.861
105845,84286.84
61406,140068.67
88495,18881.543
132793,10979.065
77491,13959.606
133130,7382.4834
59348,32086.53
147580,30771.1
54554,3684.3472
62311,32811.383
47633,7936.6836
50751,14318.405
96598,7678.687
122903,115568.34
98294,34651.406
95722,35382.215
129624,34769.258
68067,38686.176
144448,8431.526
36801,45296.953
316,166220.23
125060,6261.4253
93614,41745.348
103504,96787.82
30191,33834.918
2286,34137.582
61241,2541.031
107026,43007.734
83496,21656.438
116250,6473.8203
55158,22770.098
51047,5631.2446
75120,24557.041
126669,4423.015
117234,23863.818
62242,2556.3032
29929,121866.23
108492,38192.71
31781,21339.344
141205,98430.336
12500,43099.594
104945,37309.75
32921,7294.459
59197,25206.729
20888,38279.566
83540,21763.584
117734,7049.141
27706,34260.266
98013,71857.88
62171,10325.005
43624,56144.13
56116,100491.39
36955,23106.744
17761,90267.62
144759,100951.9
75853,184155.6
5690,18278.357
80496,26296.105
116346,10578.319
35881,5481.684
41002,102121.875
143276,24660.963
107917,54767.14
128398,6826.5103
116823,3569.5027
128721,18021.271
64649,2161.146
120659,223686.62
93792,29745.184
102721,52303.508
26998,19628.723
12055,40807.656
107670,32882.934
145848,9634.635
88664,65660.95
45697,21328.143
134323,79688.484
20754,11126.52
40341,3606.3967
87077,9745.372
110730,4856.1553
110995,174437.55
27781,15283.473
134643,21265.229
138949,11260.381
32875,91082.09
144249,6344.1807
144010,12214.203
108129,104465.18
43656,15135.616
83171,46641.625
118976,5912.932
137758,8093.3555
73690,3132.6594
51663,127985.79
148896,8451.423
137618,61476.02
31506,25959.139
71229,11305.646
123134,15465.655
118248,112585.65
81886,94334.22
110700,12675.387
88208,102472.0
102250,53079.277
69746,22541.287
120819,198666.61
140331,10436.92
125824,21830.527
89966,89064.414
54147,161145.02
115175,44111.746
88605,67794.12
80826,8776.863
128168,2721.0447
29991,56218.434
25220,99043.27
131365,16170.948
59483,3075.9426
49903,24430.258
86012,55884.055
48686,13904.567
74754,4421.766
17194,22359.664
114298,177221.9
78199,83433.14
128036,40413.15
15366,21117.58
109750,2553.585
129742,1569.2369
136173,83455.85
134920,111590.9
43390,98389.734
66746,57860.395
103473,24693.668
44787,24165.549
90998,35408.07
68920,115987.0
109136,68680.13
9836,265.17648
81761,54948.836
4217,21651.246
22891,13483.174
1752,8514.69
131114,6777.808
143177,33312.016
133106,13213.915
110399,16063.469
60598,149907.78
26683,6559.7686
142807,6735.7754
60440,1930.0042
144311,29031.035
57451,8084.2227
29459,20682.355
141768,55625.473
87341,980.9316
97270,70001.85
103628,1748.0066
60476,895.7632
127442,9539.704
92095,13930.348
114514,85274.14
19547,11744.427
94044,63542.08
91754,6070.179
147796,38021.36
42298,28788.893
22593,24091.857
52373,26211.705
51619,69209.04
146218,54490.48
97684,16240.374
146993,19112.988
146570,171.85797
39684,164888.66
35822,102260.78
137454,15191.492
43055,214393.64
59793,34160.25
60730,13508.19
74930,98746.24
37591,70962.39
57513,46994.76
87554,85642.99
80370,32931.31
54879,3769.4258
106795,61352.36
54939,10021.627
97541,30769.686
44069,76440.336
68751,89842.125
3772,22101.977
26479,20941.455
28622,40554.49
57301,102212.53
61262,87655.66
99856,18699.025
33823,10957.117
58299,8833.037
147878,46017.63
114577,68759.23
92086,5909.583
133694,26268.674
31372,56166.938
83833,39099.047
17440,27847.76
10708,41660.812
117448,13151.43
111220,18581.736
135169,8237.849
119451,81487.32
61943,12588.145
114077,5676.9546
36689,87398.1
98361,640.6691
142763,31558.648
110565,45861.99
107815,50487.785
77645,74925.43
126679,60683.91
143139,11118.907
141247,9125.052
112737,16229.222
11239,40764.0
52544,8942.267
7837,6573.4966
33695,15219.247
34568,134988.72
139828,25401.355
32404,10796.39
74766,1190.6693
47113,31967.39
27806,7619.157
69286,32668.49
6858,2489.5564
19631,9575.203
44218,3674.8606
91292,27614.926
142758,359.93103
27828,10716.226
92980,39687.65
20673,47779.875
9787,17370.662
138057,31307.957
5582,50576.625
64135,82294.41
93423,63794.57
56171,8353.065
59673,32309.287
64243,46571.03
146736,13606.904
58910,74280.89
35817,24230.139
34449,7673.8765
97247,9509.583
90484,21401.295
68984,13645.318
112064,18551.85
82398,4723.2964
88598,6071.2954
130031,25945.877
86694,22344.672
25383,16101.329
58184,46497.438
81451,92215.11
38910,7407.051
56185,2701.934
107913,13699.426
43608,17534.416
40024,26793.621
131592,12008.736
2238,103404.875
99790,64077.465
64360,2542.4512
99360,8850.321
91858,33326.453
61324,7583.3843
71215,37687.062
119009,16346.008
47302,17413.129
142120,77913.34
109679,49948.52
99744,117969.89
137003,14822.305
12148,41232.363
135495,85563.55
53907,8456.771
110062,1198.1313
27504,7669.595
98409,7062.3574
49617,8929.041
11706,23843.137
3892,42439.19
94164,5441.7974
43394,69560.445
18976,6221.7793
49278,5704.231
89259,3734.1057
49351,8491.658
110602,3859.504
105541,2833.9363
90033,22580.041
131311,5488.1104
110125,76902.086
116523,16377.699
69382,28573.03
55182,93697.3
43804,31260.443
144458,5131.7095
149518,93721.59
93975,19833.49
37386,3820.8284
37411,158875.86
95296,17087.982
121056,22798.469
138209,13733.393
21580,8559.935
74623,12451.122
136699,13240.308
8751,110539.87
111103,47624.5
89973,50126.203
120876,33895.14
71141,6822.7793
101031,62060.113
83838,22496.764
136470,6445.696
4325,15965.975
52272,33017.27
84509,2885.6636
55806,101403.76
59303,5442.6963
88924,192613.45
81993,111922.22
35933,83125.336
56305,5488.019
100408,15744.239
142083,17158.584
8165,5254.591
88907,28379.898
115637,185732.92
96685,97915.914
71467,15314.337
11639,23175.398
100474,10732.711
96901,19450.914
126387,56134.145
27075,19799.646
34113,89696.74
95345,85614.71
138051,17388.902
66078,15447.931
135117,87086.336
76447,5902.134
60034,40098.43
133006,67787.82
41737,108882.82
91906,3189.3164
129109,25740.152
82378,32674.398
97094,33230.395
21791,11816.0205
111122,18823.568
144932,5005.2495
131658,3284.0337
83670,21769.312
91009,57942.51
34155,32712.266
51195,13392.425
59664,28248.951
6975,11210.747
61069,1584.1666
59493,7583.871
131134,7934.6255
9752,9109.913
11671,81940.72
143494,22436.793
56224,105146.96
129442,23097.371
47743,43018.21
117701,39805.13
21608,26366.32
115764,453677.44
126100,16043.2295
88915,2379.0935
65628,42596.37
116834,52758.695
5609,6432.654
39158,13536.693
137438,15705.536
76503,26997.305
82525,32694.447
67518,28331.912
91723,3668.3875
100974,2151.4448
61697,3178.4255
82683,6317.5005
109334,41801.723
123271,6164.901
111689,3639.9163
56177,26231.182
21013,15508.359
101401,23607.2
133350,2277.778
51041,19502.512
47771,6139.8647
145026,186455.78
138136,60647.668
2199,5231.813
73023,20571.342
45313,108026.68
51481,17343.004
20370,21753.447
13281,30692.969
103405,9794.878
67126,51816.7
52689,40438.703
80123,5887.5483
133158,15013.037
94920,18971.852
35127,4624.2046
40861,1160.2279
47069,3612.2478
116500,4221.711
126871,6520.897
94924,24775.916
144578,8773.16
131609,28631.518
61594,28996.531
139522,10615.918
62181,5334.41
27718,30259.904
132004,11274.601
71699,17344.293
135327,13713.209
80920,45042.145
111137,22809.887
126697,5650.1626
71530,12579.471
110849,11430.416
68579,1546.2203
20884,4031.2534
93774,10688.098
85098,161954.9
84085,6912.435
143421,43866.754
125800,7318.935
72461,24302.936
116676,9935.739
35931,31746.32
135391,70059.3
73993,23332.701
106609,136695.17
58880,4212.555
47531,49284.78
21745,13912.492
51094,6040.6094
35572,57007.465
108202,98452.81
101103,22595.982
15973,3129.1711
133488,13700.526
130540,73184.06
91065,43073.992
89977,22705.938
21552,9770.983
92184,14991.504
25145,17292.049
17,26455.918
51728,22250.572
87492,8821.194
8244,91718.76
64936,124069.09
17689,29326.203
67166,31292.361
20437,20609.646
44162,28922.06
104608,2041.4418
70359,13650.885
149901,148807.31
19286,4862.2886
33046,27156.873
109871,23356.514
17080,18080.707
54175,20701.053
26765,31209.217
119645,67461.1
3142,21720.016
72890,40643.742
76014,8682.548
62932,3729.6948
115335,71572.86
105587,87993.516
106348,98606.734
111062,9931.976
38365,61235.58
26120,7285.558
28258,20892.482
77609,8938.5
48504,3852.1223
147704,30547.264
125024,26534.143
46101,13706.139
41958,78504.33
30110,30092.94
104927,3015.3906
3984,5228.74
103099,92472.56
35592,10074.641
29219,11718.55
110016,9274.867
111641,10425.668
34274,7835.73
144051,10052.187
112815,5752.868
45464,19235.04
56531,5754.5923
130989,20715.793
140933,82465.79
143841,43865.74
7653,180037.67
103281,4023.0857
91140,32761.627
17552,39652.93
94060,19304.732
47387,28424.234
24645,380453.12
47211,7341.295
11132,30203.148
102757,29875.164
128632,129537.38
11833,71342.14
93430,59380.945
5624,2281.493
90949,40756.973
54009,13742.71
72163,6877.4844
25489,73172.2
132238,9076.447
28802,22263.947
53788,83504.04
140266,3737.7668
148798,5129.1743
22068,119518.48
106860,3526.9648
75782,12883.031
15605,22644.777
131757,41708.39
32567,14386.589
3025,318795.8
48539,942.79333
124166,17258.164
113988,3599.4111
128993,18355.318
103570,56454.45
87432,144291.47
68531,145424.9
79720,18896.596
56557,10071.986
52756,28681.5
147198,46988.88
134071,8325.166
74196,138422.47
90942,6040.202
27277,45828.38
130171,10526.471
141975,20044.541
74060,9267.941
20202,74611.39
100639,17230.768
41308,9146.191
107781,6197.3623
51940,55757.63
20529,2617.0134
692,38800.387
82375,35581.434
47511,8180.065
62391,303933.16
139009,11621.47
47460,7728.03
100039,22281.197
77835,53030.996
138312,9401.507
56818,28953.723
109993,63858.715
16048,192862.05
99382,18388.975
40828,91833.58
80511,119142.89
142387,47355.867
104064,43000.707
113780,6487.4688
43500,46790.723
116043,44843.66
123125,25248.492
100611,15616.341
43812,29269.422
46882,27884.11
79942,181315.89
41940,7218.8228
67862,113134.164
116970,38155.613
10224,92022.54
120147,10518.708
145858,94665.59
158,12945.766
32260,137683.83
56761,8715.394
127784,10496.343
36215,37847.574
120756,98770.22
66695,2017.3186
143556,7520.449
49051,8129.6626
129443,18105.527
16099,10848.756
105438,77337.46
122429,67681.086
103247,7934.2163
108654,6147.8857
126868,1397.4893
24327,72677.56
100302,39871.04
38030,25176.055
146251,33755.57
143889,40978.195
83977,43829.664
139655,21717.443
72268,10764.781
63049,14593.874
136932,12270.544
90257,29654.54
126808,64915.496
83696,12552.888
83671,12786.796
27913,119223.33
22107,9016.357
56803,77212.13
57588,23875.422
36220,65391.32
115817,10400.558
143984,11587.031
29527,25312.328
130634,75537.19
149664,11914.437
127725,4249.9355
118403,2660.3723
70251,18730.578
53266,33402.684
145649,50222.33
56920,28728.506
16417,78641.83
110830,11772.314
101268,3682.9814
14968,20071.05
127094,116357.7
97379,8188.999
28144,2016.3431
149311,11772.314
40896,52274.35
99431,9700.716
143738,21222.352
33715,30632.973
48302,6984.211
90438,1820.911
89671,9769.435
122557,41000.875
139570,199938.4
40810,4395.756
55234,32715.754
140388,40735.137
123895,12866.358
68832,93871.65
86457,972.96106
104565,8003.2676
103462,7106.3467
139546,24574.527
106456,564838.5
8689,8830.365
16110,31475.914
9455,11093.132
112270,54495.168
149048,17771.873
58335,22133.691
60874,21554.959
143404,89131.98
46326,67144.664
27453,192666.81
136724,19562.666
27202,23829.164
90534,193398.22
5272,5214.272
99333,107301.59
125972,7060.4595
46606,9569.122
38123,1206.7317
147113,3811.8257
134471,31363.424
20948,105299.91
111825,24697.99
131664,21677.283
33918,13319.43
75766,48457.613
19101,16868.01
77768,5494.567
83753,6923.5015
127707,53042.293
88857,23685.408
86481,63241.887
99654,2052.7817
139255,32129.93
95021,2021.0125
40241,12078.755
115477,83095.79
5427,5318.385
116871,60224.223
29386,24363.32
93740,1356.443
7404,14126.031
52446,194355.02
55585,23853.947
22855,20886.395
84151,17284.744
52749,23689.41
101908,13242.61
38874,49648.746
124571,46717.918
97210,101501.52
46496,5639.031
22678,75395.64
79915,4915.2686
72352,9453.541
2064,349933.4
53132,9474.799
59952,689.4549
146623,2411.2908
38341,6159.707
60712,22223.068
29417,3005.5344
93457,45366.22
89961,92992.57
88069,9416.274
138048,89687.74
81486,9998.004
124113,6835.863
132928,16439.477
144603,7857.739
42869,16699.383
43610,3171.6138
35535,4108.281
102669,104890.47
88203,120118.016
62592,8715.614
26887,13883.024
3685,3126.1448
61784,79879.445
88183,45461.684
65842,12957.23
95927,61415.24
123804,13032.4
146603,37574.375
136830,19585.152
86986,18959.986
50497,15206.628
3904,21485.42
109284,5461.7744
130167,31904.197
124308,8123.635
34932,30198.004
3811,1613.349
51057,77258.25
111545,53644.86
10766,14010.563
82641,4822.8486
50130,22690.137
114325,15816.736
59451,6780.9917
115480,100415.27
26303,30034.75
33296,33025.598
93933,24032.016
15944,276514.72
86002,83564.64
87925,1823.583
53419,3620.9636
4071,10634.574
11383,63965.914
101254,115254.13
130180,42179.38
130239,10435.498
138710,5874.795
29984,651.4542
21948,161225.95
115555,4171.78
21854,40478.34
31657,44740.164
137724,22336.473
112586,18949.877
68570,2940.7622
119967,60567.465
47906,9429.888
128051,31590.176
61740,54240.547
95383,30777.227
141786,55399.81
120853,10065.646
80178,44507.867
146350,138669.28
128480,51335.055
7462,10095.077
118675,5774.9575
62797,42200.1
107352,7570.692
79073,18478.455
93234,41031.08
7316,9620.326
126019,24593.215
94045,43159.395
34988,96546.84
98299,39421.324
130456,6564.3174
55568,23550.326
58149,358927.84
110579,46837.695
14978,9051.435
94395,8413.154
139865,50565.348
13123,176386.11
52938,4412.6973
130236,32714.027
20327,43431.88
67997,7209.776
40771,37939.96
43179,78912.08
54252,124452.67
136334,106160.87
90649,4767.162
149544,8542.003
63414,7227.2017
68221,79670.766
147434,29482.436
32311,14949.844
113172,52795.26
138525,13854.335
23941,28066.822
78744,12419.673
34592,53224.355
38136,41701.973
121777,69653.54
22612,53587.36
108498,100176.37
54918,75102.09
46862,16130.977
32247,5700.5312
72362,142886.72
31221,14740.003
113620,75772.11
14105,3051.981
89041,113740.37
72302,5687.105
136729,10369.079
116025,47656.098
63268,185500.58
121794,20131.111
110689,25640.541
54874,21142.303
111215,10131.263
114152,114009.87
86051,51164.035
122667,21894.264
64464,125973.03
113040,9138.353
28880,17018.969
83316,30442.588
35742,174430.81
52826,91104.13
118911,24068.783
115610,16405.049
143666,18319.168
131763,7290.109
84232,83708.71
85524,154293.67
58230,29825.32
6002,15999.806
140043,8073.916
8000,94771.29
136918,13368.45
53072,282055.03
96352,6309.584
3558,26749.367
45645,82313.484
128322,106277.76
36583,99239.98
41683,79408.55
141086,12840.283
89681,31450.79
40631,7339.0303
48361,124174.55
132860,4033.4407
136739,18713.025
43917,1157.8822
35343,32303.336
68471,5638.7188
66443,28092.354
110646,16494.049
87026,4412.1494
62618,9116.661
21262,50122.56
123712,2352.9712
3911,24042.791
125152,53773.195
21474,9021.007
116416,87055.25
20390,313252.9
2048,74579.44
25745,94700.445
32084,38251.43
41821,22102.666
136753,73361.734
97935,65129.816
59587,45153.156
1122,61503.08
51960,85385.6
39411,3576.1082
23334,164593.17
111746,84926.75
146408,6476.5005
128131,4378.5977
35133,26677.197
80815,6022.734
32657,32374.424
10932,50619.832
81078,53048.703
108277,11439.852
4410,85592.45
32755,27159.047
73143,25321.436
128388,37052.527
118665,37650.74
15407,20426.623
91775,66182.48
123056,9290.718
50604,28534.861
82238,44222.527
108946,106434.09
52243,109451.48
116752,102614.0
73122,6615.97
75240,10095.466
50783,11469.08
62787,85548.12
47936,10939.099
132208,12407.077
16947,81982.484
108661,24347.506
82146,33216.316
41484,59081.195
73013,12578.072
68071,11623.294
148349,20194.426
122369,1912.4962
28166,16925.215
29906,7261.179
44591,109273.53
28035,11480.845
135267,23413.635
111559,4535.9497
128805,7968.4043
88159,119002.94
96161,38358.387
124845,67066.58
122397,8860.73
49677,7314.5728
1166,13244.2705
55994,29359.303
129226,21287.84
99411,13133.135
109966,30982.201
71378,71918.48
104135,93079.06
37274,15702.039
131777,3848.8992
14622,2861.7705
100462,9115.297
68318,34048.703
140944,45432.055
85606,130574.055
76092,51897.598
22285,25079.318
149460,3119.0352
118961,13352.83
15826,32200.031
67383,12351.991
33775,3545.0874
73776,156697.39
105364,217195.61
47665,145599.97
96050,26200.785
72475,2945.7693
74091,29710.332
30347,28780.469
138975,4611.738
10499,18327.7
33689,34577.04
26336,69541.625
54281,19938.553
77403,5425.648
48139,3776.0276
141362,8127.8447
105839,39249.04
44316,47305.242
65138,154579.28
21899,12443.232
97679,19834.117
1775,5056.5586
14282,19042.504
11178,2315.155
45449,36226.227
67810,73003.99
3619,4510.5005
14564,8526.757
67259,32301.639
331,1527.4534
89190,38019.113
134894,22920.324
86354,4384.832
6495,13282.34
5035,27878.988
148724,5286.08
109079,9323.543
67746,81751.96
32296,8526.172
21230,40088.246
114169,50883.363
108048,30959.664
115364,76997.08
149674,70777.24
131524,4474.162
113434,15357.813
95869,20527.24
121509,250610.55
115918,13527.77
127131,20673.965
90393,8238.225
80043,34005.992
57185,3109.7234
84745,85628.89
134273,2331.0706
145441,39774.9
32511,16002.117
15730,16130.045
99552,1617.7517
97297,12036.223
14701,18335.277
48824,19106.895
23068,48062.203
24524,6923.465
39881,4092.2239
67239,17201.943
62708,57505.066
24422,6774.845
134295,92018.14
37092,46048.434
44029,29703.64
136165,23458.113
80652,15018.043
27917,12930.079
64509,27807.705
26839,103478.22
13534,17484.715
35841,94252.016
145501,18860.605
56340,4775.68
129982,14784.458
80429,52963.883
59621,24769.732
75568,3052.3372
148712,7603.143
9026,4932.757
33496,8010.6284
101476,9970.331
76293,4515.0664
47134,46132.31
71401,20313.121
38431,39648.25
94165,21736.244
123378,14128.564
48195,32496.502
122411,10461.546
65917,23044.26
106344,40703.2
24855,3647.1401
34217,6688.983
29651,119077.27
128942,71240.13
147656,3427.5583
67633,5566.6143
32713,23621.625
86518,17526.502
104237,45383.184
19298,18605.977
63384,37478.11
127513,10659.341
103121,178256.53
97442,19228.76
31597,4256.6353
9022,18500.646
19488,40671.383
31175,4657.9736
81938,162627.33
58194,12213.262
106429,15499.732
20543,9446.107
99420,60209.504
40937,48711.35
77939,27463.082
128898,7634.4717
141822,7461.998
14343,35376.695
77109,45962.707
107895,18013.588
31426,11488.905
59531,7940.493
74484,95752.5
148533,28676.977
25519,1052.1964
67940,137402.61
112452,9665.983
1111,13387.925
437,5590.554
59255,13510.065
100897,2432.8433
91881,7959.2393
91656,9367.099
81773,27899.766
13292,5011.3994
116278,81282.11
65857,10517.739
9273,10240.754
146802,4411.243
28623,9958.879
103718,56018.55
67899,3225.52
113407,9472.583
138129,45740.074
65634,79620.45
107820,53432.867
83672,35773.203
143081,30680.344
80097,4970.994
131911,12576.652
39854,32198.992
17015,43924.633
125779,7427.1636
25464,12882.896
148686,66104.2
127962,39933.195
30388,9661.071
65501,18580.82
107590,82864.48
92892,14674.82
21627,3091.2693
107684,44631.38
48283,14017.666
34215,6451.326
48829,1491.3829
1837,56177.523
76479,33492.824
102984,10020.145
94241,15333.813
10567,113561.51
135181,34751.684
5170,12351.329
83414,2978.151
72484,58804.08
111025,9097.918
34009,70389.51
71909,63778.44
21677,14661.049
121524,1715.4386
117720,10407.172
102810,14166.636
136353,24155.258
64398,19392.238
676,757.029
346,5737.434
55254,16485.432
86162,16547.287
96339,16782.596
107649,144874.16
80506,9736.06
98317,5754.2695
96827,1183.781
90714,34226.754
108870,2865.2415
2642,19626.959
38363,337158.22
17995,4208.538
98672,25695.037
71396,69876.805
82024,44216.562
74337,4540.9517
95028,3957.2646
10488,31231.49
39867,10125.024
128044,3663.1238
90706,88496.88
48610,39479.1
137189,25107.37
29342,21335.488
61950,52016.75
36423,57332.258
46985,48767.824
43265,60014.01
78358,10416.207
122475,55405.418
43995,134209.31
145241,32171.643
10178,37611.184
91330,89746.25
37428,11208.539
114018,6225.0063
46290,9146.309
121716,27549.564
110098,97017.125
128542,10481.807
28680,21264.46
23771,64037.8
9070,2768.6953
54421,847.3312
137388,21161.305
140769,16169.214
110421,250701.11
613,267562.2
37675,16427.818
72249,4488.7266
37527,88032.74
92062,61396.637
77014,12259.433
6550,13355.876
49457,5716.9595
43214,10186.6
55863,39121.7
137505,11837.454
62023,1899.3
17336,71037.26
147045,6803.1406
82994,45638.316
54484,4302.0806
42062,11338.37
113215,43753.27
88209,39469.41
81518,49651.81
122556,20615.01
27320,73809.91
94509,17130.814
142900,50734.6
17687,90096.984
24648,104421.34
41464,16095.167
91523,13850.421
57065,10813.608
54037,8122.548
35568,718.43555
67683,6744.7686
54270,19190.184
132151,30407.5
38334,108271.32
85529,6107.346
47331,31275.746
97858,38615.625
89021,186928.67
83129,19648.125
124836,14301.755
104141,7238.875
64000,7434.0557
73669,42003.1
15208,9639.411
117082,31651.52
111069,17855.082
67931,21526.287
147765,29091.71
85755,92972.15
107692,69144.99
145059,3390.3296
120823,5950.029
8729,115721.38
43315,94527.984
110148,82906.984
140950,84222.64
114717,2358.2861
7275,20384.502
24209,50735.203
131059,33780.582
10573,14331.945
50342,35103.215
15877,75205.88
149078,17759.662
97573,70763.13
77057,37449.348
145014,53826.402
126922,25386.748
94305,6618.826
139246,35752.555
95517,44815.363
3507,49641.33
42305,27066.285
118195,40087.84
86900,11714.005
12809,6587.8027
42540,16717.178
74696,117499.87
27865,11264.099
78817,26372.799
25343,3429.5322
94300,7892.4805
41370,33630.688
56346,163820.69
124470,767.20624
142715,6076.019
26645,8063.1196
129768,4426.923
96441,22178.643
145599,10012.891
141715,159800.9
46790,12319.516
130750,38844.016
100542,72298.97
95176,29934.102
56435,25935.71
123597,19550.531
73256,13537.958
149624,32635.096
104528,12337.463
28328,973.90106
103276,45882.285
99341,36443.652
26835,17969.148
109852,10416.282
137293,24222.139
8811,9335.87
49627,15697.803
55482,121174.67
11596,10419.9375
125461,112842.96
110731,11318.147
132984,31667.045
149111,32025.293
2273,10019.609
14918,6188.218
138948,67134.9
100931,46465.273
92795,49684.71
56295,60124.324
35657,36198.504
58832,76262.89
132411,91591.77
15205,151562.53
119007,21363.934
145861,52677.81
20403,10094.175
3339,94340.445
27243,33546.69
128856,11999.136
42240,89280.41
44382,32411.986
491,9817.587
62722,17863.807
53634,22844.744
23985,70935.89
500,130145.695
113071,116531.89
68225,164509.1
83574,100647.69
101420,36045.48
94916,9888.538
33565,10012.056
122166,19359.057
63978,50465.617
108848,18273.104
124229,5679.51
82885,36711.297
55950,8789.948
13943,15276.658
51799,72025.33
30688,7375.321
146079,31114.27
85349,35272.438
141415,46784.973
142663,11791.207
120844,47452.1
47179,5697.8457
44977,8388.96
74028,18139.791
45507,15738.099
18613,51139.254
18402,163265.67
44438,7289.4053
141248,82750.164
68849,110905.98
21758,24689.928
68459,8180.3535
129614,60728.887
24979,11114.046
50548,203266.45
70186,40808.46
142605,16770.95
137253,15521.219
23808,19448.742
12782,12586.766
147015,17471.34
128664,7638.6934
3266,30208.414
141071,11633.683
74595,56801.81
103989,4621.087
143733,14728.389
16082,560.4995
89488,7337.37
114357,71173.555
133159,10562.742
72799,17958.67
123876,121702.51
119496,33877.43
74237,12479.655
121729,30729.578
66679,28877.879
11271,14940.774
115712,86354.22
127805,5255.802
94949,16931.275
128400,95618.79
111860,5199.194
14329,8462.809
3405,14044.88
60858,91848.71
133165,48317.82
19479,14906.558
122706,154378.69
106011,132416.0
99185,26485.729
127024,30141.525
20916,76642.13
128423,17374.607
28752,63774.49
127706,7348.7334
104967,146329.31
20993,65985.414
80141,34562.926
37789,38858.867
144781,23393.691
79819,7725.4067
125374,15244.798
89283,4547.9316
109984,44841.418
48960,28956.322
25097,15785.772
123984,52754.492
86831,92802.12
28457,43808.168
54577,7406.796
99824,174673.66
32221,87310.42
144597,36368.23
77969,23868.898
65245,19625.893
6865,37939.207
32037,3907.6775
83206,38576.934
132317,8065.315
31157,948.5895
72549,251844.97
116662,13274.294
126686,6653.482
128656,22045.18
15502,49353.145
36195,58672.97
124071,15888.998
28314,12410.058
129847,6155.454
5735,13682.965
80773,18695.86
91306,25461.25
144334,29036.025
32956,28590.838
63163,8680.062
140322,29037.867
51117,12922.387
74363,53490.684
23019,3889.1213
31708,101336.52
133802,2993.7708
67230,28554.7
70924,57036.9
138531,47429.0
123192,23530.494
95756,13847.982
4297,173106.53
88177,66843.57
118306,16605.586
92861,2036.1809
79548,34992.062
147200,10201.522
111561,65229.17
41363,6158.202
5093,6269.335
49353,184799.97
5133,50948.42
16732,67505.71
93124,8479.895
89292,21413.953
98766,39149.285
55111,18349.38
135418,62520.855
46068,138975.33
56286,104236.6
99773,34745.86
26302,5775.1714
65600,7428.4453
142102,4107.247
88250,6866.709
74276,35150.695
97080,4082.72
33941,53490.22
148435,35930.676
130118,11263.625
1811,1861.624
45465,5908.0396
65933,31938.14
30720,9526.672
10810,9064.802
98218,14621.457
76978,11670.628
115182,30738.031
94707,8389.225
112912,13636.216
70154,21909.74
73017,226982.34
65695,121599.96
71766,7303.903
20852,27313.482
22360,108668.516
134504,11813.281
39159,25986.96
123073,14029.673
112027,3686.4932
73913,6582.4404
30234,2967.5732
125528,60694.117
38651,24759.889
142393,53183.176
91329,67456.28
95125,12002.117
17918,29958.453
126398,7692.639
7841,7915.0073
105880,14029.671
15259,26929.377
22011,4470.465
21036,26647.502
59625,34956.527
99237,11860.064
39413,65530.594
17817,197872.33
13677,5809.2046
42423,4483.733
111941,29140.686
65098,9348.214
136776,13205.237
62867,22704.324
147129,2331.529
23386,61637.066
98670,10179.953
71582,23760.3
66958,21409.242
34229,32878.996
22372,28587.486
80015,31650.111
44931,7442.153
144865,13151.167
122951,26266.598
39451,29046.293
40245,62844.277
144509,9686.849
64421,96051.164
6621,50299.094
36412,53162.684
87336,8017.2725
111329,345841.28
31964,35963.992
26164,14814.837
88955,5503.252
110199,9701.423
31722,155175.64
117212,13531.725
12622,26454.58
50931,25621.613
22619,45234.863
45918,55534.53
18956,5631.5625
96439,15138.607
39930,49464.246
147011,39870.047
101518,13141.167
69894,17242.775
36385,13051.884
93943,20021.592
79373,24039.305
14532,56878.484
13052,1619.8883
20628,46153.926
11295,225701.5
127401,82857.164
88756,5153.2295
96225,85772.586
64231,15259.585
108151,8078.2656
32400,34283.9
54925,70472.98
18805,36605.41
109762,40193.934
90599,55571.484
146312,8779.318
2947,1336.9093
83184,30165.648
48056,30406.809
43828,56081.652
96892,70786.06
139206,6592.141
93387,47374.535
118668,28398.613
139215,3738.1309
25460,41347.934
31650,107366.76
133207,36203.05
133859,8921.392
95832,284768.3
10622,18301.62
92323,9112.581
56454,79445.84
6029,2348.5715
106987,41415.016
135351,7353.677
17654,9800.02
22827,34723.184
29578,70272.98
125350,30340.045
16953,169613.58
145233,95833.49
14306,14624.098
72954,37346.33
38540,59497.832
108634,5581.479
66598,115771.16
47245,21752.377
127049,3268.667
8411,21262.078
39946,27517.893
108325,9432.892
35755,26356.486
60181,19872.605
23478,13970.692
112716,69118.77
70817,17427.574
102160,12105.249
95730,24355.045
55590,136654.9
19141,54910.05
107632,6569.88
115373,57952.473
120951,5207.4766
56855,15808.909
104053,40595.504
143830,51504.336
23651,31499.662
90467,3894.272
129739,6624.936
26981,78558.56
67473,6020.7656
81036,91958.01
83674,50682.145
27524,25163.766
145187,19176.69
124619,109650.34
15008,19844.352
46816,36036.246
130578,7321.893
21198,72748.86
114893,52608.977
104679,17481.145
115740,21134.47
6010,46254.355
40957,63093.46
110686,28158.96
10362,65026.15
3416,11068.732
124719,16299.043
133186,4415.6323
131297,21763.41
45303,8046.787
24713,83134.65
19956,34462.527
91584,21964.695
45563,10351.51
97451,14139.189
51049,13761.057
33526,35804.582
143475,29661.38
105115,6432.799
59521,15599.3125
91519,10460.1875
146815,104266.11
114958,5598.184
127115,8530.394
18379,7450.8545
23070,46866.816
39104,16817.164
47534,36494.85
26788,169254.53
59726,79283.76
146236,23303.176
66757,9458.16
49406,66186.21
8699,17957.13
23087,5759.5312
43441,13600.778
129067,6400.276
4629,39075.395
146133,20179.318
131037,70047.86
3953,63452.816
42091,8096.8794
26052,158153.81
136951,26374.543
97737,35201.465
12812,14527.858
77282,155663.75
62533,12997.765
56281,51517.93
34440,14212.176
6300,9180.015
107088,12926.101
15176,47585.44
136092,53179.33
19770,24103.922
99468,115751.164
115172,3794.6182
93644,6610.3413
149880,7369.9355
137908,11839.619
116525,34700.074
75909,6436.542
51309,125999.67
61976,13318.034
100244,44638.355
95850,2651.299
120431,184811.17
4858,99118.81
128682,74673.29
18630,99765.72
2688,9799.73
41811,3896.263
6836,9672.127
48593,66393.164
33241,3668.8862
131350,5637.119
33400,196477.25
50515,85428.65
131415,7178.037
58750,23085.713
110852,56032.754
61125,86672.83
42027,10501.428
144178,32404.045
95995,21733.926
129440,65938.984
15368,2901.868
91463,7462.0815
111791,52970.53
58053,6494.5063
40478,5988.485
125462,14808.004
118967,81438.08
22243,1311.8286
16940,2730.3342
8786,30212.064
23843,3474.2314
88176,40072.145
144338,1323.3429
84307,85981.05
55701,97131.69
24152,112716.52
88959,34543.062
88607,11447.626
119096,3755.549
25851,6205.151
16619,12781.812
72120,4847.2983
11003,23589.082
133586,6010.963
11483,3471.8726
144998,50748.926
27621,24578.658
49572,38141.28
92059,24364.482
82213,3074.0107
96336,4730.6675
121304,87675.2
111058,6438.697
66855,44759.82
107453,76825.25
39375,28818.85
130826,52982.62
53418,17282.62
102382,3441.4902
88354,13778.6
21632,5527.137
67373,33667.098
113555,49777.395
18716,41614.08
49151,56723.8
25165,9482.009
101256,21094.604
88614,3264.1052
30094,1355.0876
14073,3666.425
82924,13641.454
6299,128828.72
58584,302691.12
110422,12525.194
82102,68083.305
74152,36241.44
107772,16277.216
145243,37038.773
108620,12416.656
111268,16272.738
83748,9633.528
59106,55922.125
97837,13183.727
33500,154825.45
147961,85875.34
15452,72031.79
119455,16929.467
82553,961.7288
114096,6819.3145
73937,43701.3
74717,25637.695
67811,6173.0034
103561,6856.7695
96626,143273.19
178,61503.023
35049,17093.477
47657,8406.508
25257,23324.877
31547,125699.88
96216,73306.195
14682,6189.978
66430,24408.219
63356,35654.375
134465,28756.549
128340,52887.016
25550,13817.494
121766,23162.28
104308,13776.407
124885,64817.574
119108,53658.61
127616,6003.4087
89079,23347.037
58183,17005.744
74879,8193.651
24119,32743.791
130300,5554.02
618,7033.378
142734,3866.4607
19836,108483.85
2250,210947.8
100994,11373.105
137604,20944.742
84619,6018.175
52834,8005.293
139467,5658.1567
140053,12660.645
8412,28677.824
75894,78320.37
49673,6916.61
53592,26021.004
107248,29959.137
110930,2384.8723
136714,44368.453
41656,19949.006
87418,71367.79
141117,2989.9326
119658,38576.73
33552,4375.2754
99216,7200.0093
17378,83681.01
99886,5883.643
114572,1008.8473
17248,59882.133
40392,48952.938
139066,39839.844
18371,9588.698
89224,42431.957
126161,6429.3228
115622,7161.6445
3043,19794.61
27337,41837.195
71072,110960.26
131930,29157.234
54680,6261.148
60520,253406.58
39079,6987.64
83907,14499.134
120273,27695.45
13235,19015.617
129556,8820.749
83025,28402.588
42220,1742.8666
46640,123040.52
129081,46336.125
112910,8637.898
142934,62554.32
38445,26767.217
138946,7056.7476
52584,19379.21
72258,10814.306
5007,14257.357
47228,6100.0786
138367,35017.453
84831,54085.902
135951,17838.375
112332,18810.871
90185,53316.81
66490,45613.793
143234,23549.186
71775,2366.7598
2305,21364.201
49687,23162.914
133109,42255.75
77695,3667.251
7545,39690.844
31162,6343.599
108034,57477.125
94199,16454.549
63149,24024.271
89692,33358.527
115946,9505.032
35431,13867.871
51798,14192.3125
15706,3686.0437
107061,63699.93
129611,50403.695
100125,8656.31
92606,89493.04
136013,106366.75
22379,1578.9432
54084,38284.785
77868,5683.603
4161,2243.5046
46198,28184.734
131673,4340.8193
104138,42425.305
123297,17232.133
147569,8724.501
44680,179092.27
69506,85850.02
14573,168265.2
39347,68359.89
42430,19411.979
37020,7317.7363
64862,24081.344
37257,2378.4248
40123,2669.5474
18593,9273.335
114137,44469.582
125263,19956.32
110462,1727.2344
22408,15015.486
31666,42759.2
65463,24529.643
86274,104396.17
74682,3110.672
126048,98012.61
99280,17190.629
13230,14604.175
98173,25407.902
79914,28003.844
84142,83611.766
110271,190769.48
28394,3515.5073
141310,5646.3716
147073,26170.943
80902,28625.492
50418,36753.26
107074,8192.582
144793,44144.055
97349,27939.307
142420,102444.01
78159,58553.543
137972,10423.686
34598,38591.38
53392,20496.906
25617,22339.57
11741,111842.8
114706,2286.7344
2791,111618.52
108579,22970.348
114374,63637.98
134238,6317.6226
29154,46631.88
44975,19449.092
55816,9149.79
75206,8600.264
51279,29841.812
81834,11112.004
52492,150999.45
63755,27279.021
81971,14474.699
102692,7213.489
11453,9096.045
21507,84071.97
125265,3295.5137
146299,15248.572
27970,72409.08
76942,9091.863
133716,153019.02
60362,10954.838
118735,72648.695
125693,29529.309
21101,15398.604
101668,10093.93
85981,126396.31
55516,154398.11
54497,23830.13
115808,7982.2417
56119,99662.77
143946,64727.43
147890,3429.0625
148612,3545.0874
97881,5838.8574
67311,7539.7905
99947,15954.782
76829,121249.586
109918,12314.035
53983,4542.412
71826,4710.162
27488,4836.436
88320,84804.73
43274,255713.55
131389,5178.07
14072,9752.421
118373,10765.943
119762,19677.936
69486,53163.277
64333,13515.363
49205,7477.553
16986,13665.231
135644,4905.0103
112621,32984.02
7415,78198.94
1170,31730.373
148816,80668.38
102110,38916.703
6290,479.1901
79439,56575.34
42151,55223.773
117152,14733.474
483,19677.54
123099,5687.7236
144232,66156.13
20354,50527.117
53718,93372.6
56573,8122.446
135517,68371.77
81540,53858.89
54479,58488.8
24144,1102.1664
123810,9551.05
116814,4769.4204
78859,4156.238
7308,3598.378
9454,37709.434
62681,20254.162
63827,151598.64
137031,83770.3
58203,10197.643
37929,34612.33
94492,34729.27
14032,21344.955
9727,3636.2722
31250,123519.766
52495,17069.91
54196,9686.459
90416,60066.715
42731,51084.22
109495,3349.3997
142832,934.89606
120742,88208.34
76913,15586.435
132569,3617.2197
79278,15632.287
131711,113303.05
16449,34369.46
143934,12921.264
65330,7222.9976
32183,60117.34
107637,1004.0071
114440,67508.57
70609,24770.393
142104,34437.44
34254,7116.426
92520,170963.95
131219,14704.285
107238,86946.05
122604,22095.33
27869,86087.29
125443,41753.785
143607,77558.47
101758,37945.07
55442,61812.473
64757,17213.758
81918,2367.1885
144782,72047.375
80605,9443.724
76551,2741.9648
68057,16221.937
72212,90813.305
98823,132895.12
96440,70742.01
132953,35868.168
12736,3308.3008
131869,4346.742
148345,22764.738
104095,845.9821
31534,121777.28
104809,26438.88
123962,57744.26
66496,48358.02
3337,81428.48
142580,208710.4
104773,64023.89
9645,2415.7888
7381,9867.239
37919,11023.653
7638,41574.453
12306,71838.695
38380,35583.883
57837,11871.629
72109,6573.3228
63631,64438.977
100550,9618.407
101971,18105.45
106319,12770.324
30528,103342.805
23756,16845.348
24692,42611.055
31946,92510.32
105675,16848.73
104186,34244.906
136329,52564.26
11467,103881.82
30219,12495.985
143598,34089.445
103451,8661.977
81880,11884.756
141153,15764.503
137674,13370.303
109298,11312.0205
62600,7328.161
109646,6205.524
14935,120840.73
26963,15461.6
4390,3417.943
91010,271225.2
114671,31466.188
132009,165007.67
145926,31835.0
89407,4187.9487
36762,28972.322
87218,19142.986
14770,14361.625
144479,20518.523
95762,1931.8649
20159,126130.97
149063,84071.97
30045,104997.73
94562,4641.632
44338,13438.752
49298,35738.625
121439,18622.842
41635,9513.549
30647,23515.17
17907,165827.22
132056,40411.145
18846,100636.32
35970,94112.26
137303,12307.917
125731,2131.3713
6514,5163.55
42164,73339.49
118613,39883.957
11318,41370.8
109382,32584.225
100772,1614.6621
122259,8158.17
13195,28258.537
39855,18781.693
58960,40898.35
95885,9920.578
14952,14821.291
119345,9962.651
79090,14436.317
146059,56343.125
113250,52636.996
65144,76724.734
67449,51405.438
82644,12333.601
136049,10591.159
99406,4358.686
46970,28684.34
100672,44586.637
147527,5477.837
130233,18938.104
97445,4742.1113
32380,88376.36
6470,118603.266
122344,22634.812
40849,13376.039
85354,3547.0115
56079,51283.316
94504,72227.16
44548,11232.087
70721,11118.571
39002,67823.11
51156,9525.455
14338,7544.734
140303,47728.062
42257,24836.02
11329,344313.62
113534,32151.752
75290,29734.54
112832,13213.229
39508,296150.94
2872,191191.98
103485,11970.33
15657,17052.232
130885,75983.67
26123,60556.953
112610,50380.676
34516,8306.658
34331,46557.64
42196,50546.887
131179,16734.541
40129,28244.764
128485,45734.883
95248,154062.67
141466,29329.096
47197,49084.793
56327,113492.22
106403,5420.0425
113066,7070.917
136767,8431.629
117748,21540.38
138472,55931.46
73277,19253.428
112133,5860.0503
17833,25901.68
148808,36709.33
7223,90058.32
90772,3684.1948
25175,6976.577
23151,49148.465
35462,86129.06
61940,4555.854
146903,4795.1465
123981,29552.227
116697,18245.783
45882,28100.578
103751,43033.72
118310,128106.7
131569,11430.686
91086,5619.497
109963,122579.555
58140,39425.7
32630,204311.14
107,34171.35
38573,97292.39
143231,96777.87
129001,21775.854
122611,3464.8882
117727,204348.02
44356,11866.454
2948,2949.7163
147519,63664.58
108713,45423.938
34885,26420.816
29330,23001.033
70557,105635.73
111766,3626.54
30806,109891.586
97006,17119.178
45854,51759.414
17521,15248.481
116266,27185.05
93988,79539.58
117379,65209.234
133981,7640.966
128355,37777.21
4421,22089.008
126426,25296.889
148540,17206.715
104936,36152.805
50784,117941.66
90628,24342.512
58174,21649.67
106913,10802.893
83580,51365.043
104269,66302.516
98486,22634.352
45783,13887.859
526,8253.469
80025,19790.984
113445,25860.842
140758,12607.034
23218,25921.021
38451,31850.219
138052,6831.2495
130760,39431.426
26406,39749.715
80099,4075.2505
8429,5991.7046
23700,14213.954
2101,36409.312
125235,617.1546
68847,15826.617
101934,52743.754
78936,23499.324
94626,6035.1577
102685,13557.443
99782,5173.095
33140,18651.602
25174,1216.9594
43889,84401.47
128279,35895.047
57407,97409.7
123642,18753.324
102787,35093.59
115736,75732.9
35609,10785.272
44521,7694.4287
32896,32361.777
94515,10263.118
58897,31206.938
98334,21549.723
104509,28467.16
149468,9444.676
98069,14272.048
60885,15378.916
28146,40955.816
134846,33019.016
48348,50427.62
128261,18796.43
148458,71326.516
85046,35318.59
55107,174849.89
38076,36622.113
130508,6487.6533
11138,39124.96
117303,30974.219
128533,43552.82
98194,16374.924
98959,37777.21
129404,25923.977
68538,9621.72
139654,39319.137
133659,38828.867
101991,8472.023
4532,6758.0615
121227,33385.02
111046,46345.676
9790,25783.754
4581,42295.88
92104,96741.266
88794,1889.3578
95597,2005.4926
100403,53806.152
127879,25117.387
85701,7603.7983
30646,10992.227
141882,9279.068
79490,39128.992
6199,44769.25
97517,88661.305
146390,10810.573
52486,24985.354
22298,24951.777
73052,109298.56
3826,26502.104
36180,14792.251
56414,37652.99
13140,46451.727
25073,26287.355
48340,13972.404
866,114158.97
116962,4831.9517
90435,38589.61
105806,137644.72
120367,20248.99
17649,24925.023
149724,68035.53
13377,36344.023
111738,20746.502
26916,50678.36
109335,26949.46
91471,3569.2957
102057,28852.338
18303,1143.633
142231,10001.75
28576,17546.598
11862,42893.605
69896,154510.62
97747,6354.1104
26988,20853.963
129880,12623.17
118440,30719.639
66905,35776.113
109935,97991.72
104427,1432.4742
138352,106359.62
92597,2169.2085
69604,39977.164
49157,28932.07
62587,5141.8276
102218,14727.218
75646,4811.406
12960,6380.949
131575,9051.07
95515,264962.62
6560,13880.0
2322,3174.934
117027,24400.809
110387,112470.49
132967,53739.72
77151,6961.1045
141875,31908.414
611,82262.42
43113,4525.589
73211,6860.437
44713,55439.23
121575,16730.32
139490,108293.34
72648,82561.78
119525,28452.79
13454,21872.557
108727,7487.297
48624,45253.664
30593,36740.88
98593,84995.46
101497,100511.805
95887,108761.69
123878,4812.934
113982,124358.73
82565,107377.78
78099,53767.86
40543,5245.694
42860,17372.17
44331,16454.75
105044,11398.438
108937,69969.32
109338,135357.6
132615,45514.18
41436,10177.546
18836,38597.457
54402,47381.797
37249,43383.848
142680,43608.508
30060,33733.004
131402,107021.516
138278,4685.5537
57261,9417.656
122230,17859.598
50121,20010.451
20283,3166.2927
36942,951.4694
140709,60421.742
15274,57200.902
115014,9721.6045
59297,7231.8745
116045,8262.716
67463,279576.2
107096,35412.86
59544,43688.613
24658,38790.188
81598,3464.4421
31806,12220.864
45622,4736.9604
105529,5333.511
84607,158522.17
125228,106266.586
88771,5174.298
129701,3050.0222
126570,9090.724
105742,57633.06
73872,98085.33
12215,65989.34
55052,61994.844
121704,22294.58
110678,46476.656
44747,19780.678
108204,30275.52
137862,26493.146
65004,24984.576
111071,28978.78
81750,23600.69
14964,25480.707
49329,33024.125
7619,10034.383
92212,57947.043
117433,54217.625
34014,51356.82
119899,49427.58
30597,126396.31
25973,15820.508
102065,16083.312
6979,125527.18
115449,6617.391
63974,27047.887
38553,94293.29
72092,80903.84
66868,53377.152
86113,5131.717
82623,9201.802
56262,100612.33
58563,61127.43
128770,27443.477
49792,4022.3384
23537,11003.237
42037,12162.863
30148,12601.306
33555,15512.952
102651,9629.542
94629,59814.61
1081,6412.6626
44276,20449.508
80540,16614.773
100928,14329.042
66705,10911.548
13685,4517.6943
73814,9988.394
60622,138911.95
21626,74193.06
65826,25555.04
47328,5850.8354
136774,5927.22
123460,46100.227
136035,93438.09
30964,32887.94
26899,107906.27
89479,11011.605
88006,19988.775
58670,23570.81
139441,81946.99
13056,3985.1985
20109,115594.38
117566,13424.953
91161,102920.3
144073,131627.73
131814,68403.43
14297,1427.5143
65879,37108.95
100859,16094.165
48287,28071.002
124351,21722.652
141183,6419.411
54632,11843.39
103452,191823.56
114100,12334.436
105015,37063.074
49699,12288.76
122958,25214.86
101731,180192.81
129276,30547.23
84188,15735.816
89138,211149.05
118409,4328.99
33016,23426.39
146620,89120.33
12817,64441.96
78414,29818.127
74340,63372.004
112942,17720.543
131326,134927.98
11224,42861.043
52326,4592.2524
38319,16122.365
33984,5516.5186
17033,32943.832
129629,2585.9617
107410,17579.334
17317,28650.424
79757,10623.232
108896,34042.035
65564,7774.9595
141635,16266.504
149171,41767.41
136098,12627.191
54928,25880.314
133733,117588.016
10260,8161.3154
69342,55461.742
123163,6345.363
97426,32397.645
56491,27271.361
46771,88710.48
79347,109075.97
91380,17452.46
63011,11246.948
66283,14104.08
92879,32805.85
126926,39085.6
76410,11557.474
52886,36607.734
60925,17243.297
54119,18568.535
27514,13505.292
142600,36828.086
24112,34122.05
132535,34482.79
113653,76575.77
58297,59093.812
53800,6812.745
70686,18667.762
130030,114062.76
145039,13769.801
136292,4907.7827
7344,26667.91
101074,15230.987
98376,1976.2057
121462,2974.943
1029,91104.26
132650,48892.49
47741,63665.516
39303,49305.184
86607,63098.92
58887,4171.426
33999,25815.91
94756,6707.775
10422,28059.182
60408,6586.415
81358,36051.508
116519,3004.9087
107567,35429.844
72857,15264.374
84265,16374.92
66435,-265.6369
34367,31015.855
2175,6276.1313
68041,113336.96
46779,4835.5337
67679,22130.387
37686,7830.8965
47312,3731.591
114616,85075.914
24492,16279.285
125962,214186.72
118882,135619.38
59735,8135.7065
106208,12748.539
95412,50993.02
14970,128111.99
43750,25339.227
4666,33496.508
88268,23486.945
46025,34108.63
40599,46026.285
101156,36581.133
138833,19443.275
57107,935.041
80753,28014.082
99833,24758.137
143684,7759.1724
75413,28118.607
64248,41206.45
23194,90533.12
111796,42310.023
88700,25064.283
125155,25201.33
27530,7296.544
68255,44459.832
115387,15931.767
38831,4724.86
68927,146561.39
70987,8402.223
67329,57622.156
46678,6610.241
146033,59994.27
105370,112590.94
76036,147819.84
10894,61705.156
148793,48555.87
113941,29347.486
36500,13955.106
18217,5885.8677
30658,27464.781
27678,112041.195
50003,65785.445
54413,13051.602
2105,15902.824
100504,6062.4434
71158,7835.7085
29834,3606.591
74147,1392.1074
114054,34634.445
111299,4220.643
24121,11109.343
14705,4152.012
11203,16803.83
19652,84891.42
134178,32079.236
131166,14895.777
94302,99517.3
40262,16491.707
9106,17489.576
54549,844.61304
2421,35347.3
32060,76833.336
127782,13311.035
4700,8017.125
114772,70668.51
107621,111505.88
8090,37760.32
37657,14494.86
39463,4106.142
93433,32098.057
2665,104116.01
2660,9295.666
22922,97522.44
19285,40105.38
126852,4660.475
61235,7066.4062
132584,90654.52
15325,123685.266
42934,34215.47
44476,35641.414
46136,25978.207
116220,24646.436
41367,34160.88
32681,51570.535
21160,31343.932
45740,10220.758
105457,5104.477
143103,32211.162
117677,8070.6147
81974,32616.402
100509,11375.921
15431,41829.188
57289,6675.798
3463,43106.613
79365,3057.9001
58998,54734.074
74045,10955.834
92040,5377.196
117191,23565.922
46597,8484.903
15422,17524.414
140137,105312.97
127916,29226.299
26179,44755.25
23784,74170.88
78518,7633.0513
23900,18530.857
126749,4938.795
128979,64864.246
69372,23584.22
65649,2798.7964
27476,15452.652
141178,22937.48
61905,4250.7446
141274,12690.349
45419,41632.74
115848,6811.0825
39074,2501.0356
29051,95272.734
62448,11688.396
5711,27002.762
111272,3350.09
15532,82285.516
68056,9356.379
34327,18296.037
72907,54935.508
39556,3896.01
83205,105702.29
81543,89392.6
90154,99313.54
59146,26374.543
96361,35742.06
30163,9638.292
94213,19327.875
45777,14299.473
122150,4855.71
96608,135394.38
115871,12472.035
61629,10089.046
45362,51646.527
86673,188797.16
74417,8473.797
138068,14068.987
101428,150767.66
141887,34790.51
99643,8661.792
107931,2289.2632
63417,44185.027
14192,5331.646
65082,28034.393
28566,24687.898
72946,2859.439
143873,73298.27
86140,3280.4443
40821,107220.18
62271,169067.39
70499,63472.855
123434,32957.05
130772,45634.2
131644,9596.989
42486,22735.486
48738,51215.74
50992,2977.0508
78774,108274.055
39243,4038.4949
77159,12809.783
54102,5132.32
13375,5741.405
12077,9226.558
110334,7110.6626
129475,16491.041
132495,5473.57
28329,32261.229
41163,3565.016
29132,24134.975
78935,21060.44
63102,19389.688
69811,55304.758
121853,27782.238
101832,86784.36
90203,122027.4
133813,182768.17
9029,12904.517
99133,4489.3896
44693,15334.176
4953,118772.98
124881,64601.445
49771,5426.8354
12467,27400.58
64082,106065.4
67198,85649.805
109613,6218.971
28517,13081.271
122022,23082.992
52122,5620.724
79238,9908.816
34015,12488.418
48601,9578.286
109505,8706.401
53462,18718.02
28618,13982.636
136075,5961.781
70463,72047.555
9730,54740.676
15732,4859.51
43760,29817.732
107510,18494.455
22340,6930.391
103440,38142.785
16281,3533.9233
86199,15742.439
122583,9255.889
94452,22433.088
22486,58729.62
132142,108245.78
72500,19991.855
110287,7919.5044
136084,49171.906
33996,6824.3726
89872,14924.52
126700,67293.05
7441,65978.23
51859,32393.816
133511,11294.956
26544,15308.957
49042,74526.77
23379,11828.574
72504,22220.574
139033,2672.1628
46593,12967.149
116652,4676.6787
79542,14859.498
17554,16217.296
57801,12339.801
105816,13126.959
119139,66721.23
23648,16300.157
75168,109703.08
58595,4305.613
104090,22738.393
120790,21756.73
107398,27890.18
114110,14088.738
76816,24317.852
27622,99313.695
101922,18025.07
52674,87743.88
9450,98553.32
20789,62256.973
116624,59823.83
111937,32436.996
148772,64024.58
149450,650.9109
11069,33845.598
70747,65386.74
140134,118793.12
43010,11742.324
75201,8112.989
92473,60553.414
110372,47456.938
59736,9498.085
123539,4325.8384
114281,9402.0205
109218,14811.495
123525,66275.38
77144,9055.386
104084,16021.068
147303,5779.3228
45840,176477.58
112565,74336.04
97918,8199.974
93101,113632.46
82181,3644.9375
121158,13479.134
114217,65478.035
65133,130278.78
14538,2244.0393
53687,30619.203
80102,61992.844
97844,1431.799
58024,99200.25
31403,27903.232
80194,11496.104
52727,43486.97
46414,122450.4
131463,7030.3774
26492,87989.68
97608,8801.755
145111,28251.89
139190,83395.31
5099,6328.161
73046,4354.7344
115293,163906.27
9344,11270.85
146731,16963.996
79065,21989.762
56661,75936.65
124652,5433.8423
71728,28807.436
95000,101562.46
38920,44313.754
101208,62467.25
100580,5674.628
138004,36529.59
24564,19020.28
89843,16455.342
51447,20312.133
133930,16430.148
140197,7191.331
118854,7165.946
21694,108779.766
26213,92101.27
140604,26444.281
103709,18222.46
10976,93493.5
48928,57961.258
71323,62527.125
4064,31711.139
96505,18707.129
63564,6786.9917
69026,5084.772
71687,13992.833
123322,42851.16
131285,35386.555
94872,4686.866
24170,18843.61
84668,26094.27
122529,4384.499
88957,6475.1504
95067,86451.44
37669,24150.982
131829,5918.828
40540,18447.205
65781,6335.322
62555,5820.3257
62872,27383.508
117203,140374.05
32115,21037.873
134008,2274.745
92204,15358.738
30663,16489.969
106619,13073.537
44882,22667.564
99465,65871.055
12261,20277.691
82242,13237.045
93833,16680.078
15404,6312.9326
58462,18253.107
102565,28734.959
2125,5642.149
117951,602.79846
110218,8543.984
64816,19611.295
85640,49445.844
139140,30470.686
19337,6405.8135
52820,46073.453
25577,101305.09
43648,45707.594
42051,11164.681
95505,116448.3
63848,39086.312
97487,7678.95
98779,25113.635
99860,7136.054
109731,13718.876
130113,78144.234
124883,40994.145
66477,52004.81
91272,1897.9518
29476,7890.726
322,22285.943
84019,78047.914
66544,9933.1045
47441,16462.576
11701,57489.51
58597,1811.7743
57479,16251.548
128030,94806.31
48552,17703.861
82645,34646.547
27176,16898.258
78848,15060.5
28138,17121.678
88091,4110.108
36962,14386.397
71399,7805.7144
93908,25248.658
64863,117195.43
139340,411.73492
14812,4667.378
146969,17770.902
124720,13814.005
106831,29031.453
53579,7133.823
98014,18659.102
26049,4714.0327
111832,16684.951
7224,36188.22
51578,17611.963
75670,14392.942
22427,24925.72
60218,24922.117
129761,8465.305
42723,22796.65
29336,43440.195
127125,97289.266
118448,6855.837
9775,32622.104
66456,39995.94
90384,6012.147
110223,10589.671
76149,9526.672
92111,12711.769
65089,6329.648
94196,5650.5894
113367,12044.874
41488,28826.041
141666,33392.52
148455,5993.9688
35023,128768.48
127480,4718.367
135815,63645.844
2930,154186.95
135541,79504.67
80951,149581.94
143739,22090.479
46221,130944.805
31254,23705.332
65915,11365.99
81899,137264.25
140619,40739.33
95307,164790.81
63719,57612.918
365,8707.633
21514,235868.56
56736,5018.463
89245,43178.28
130312,5504.567
128162,7324.7983
95584,9531.082
50127,15033.347
18020,16814.84
109684,42143.453
128492,6294.594
59766,156648.14
70278,3888.8494
40154,43366.715
27283,11554.052
43900,168011.88
1120,11407.262
38369,26416.469
108640,11811.971
55028,20511.553
16516,11880.933
22196,9301.209
94751,10815.017
73235,1922.8049
119078,2868.222
78102,79597.37
122883,65015.63
134722,101139.13
109212,12461.392
86442,65793.18
44784,7562.9844
140121,4118.534
105909,12102.947
83491,11748.977
67515,28584.098
134909,20182.834
39251,22031.086
129722,13016.443
84641,18118.258
117690,60667.594
140302,54644.793
16981,5238.0537
7347,8000.281
106421,15005.609
14883,6066.0254
109663,9592.56
97836,9223.969
47671,12458.909
144502,33336.734
21178,226832.06
21935,65796.29
113625,81931.71
112849,8341.504
140683,38984.664
26559,53939.83
58679,20813.236
143201,24457.8
66126,53018.266
119501,152779.64
124285,19145.832
144636,4776.175
19624,44821.82
89017,21397.918
58581,5645.6147
9786,17110.102
18452,17513.738
39198,18544.945
72019,6315.9546
130063,85824.84
113325,38851.94
67056,36386.31
52690,51715.83
61177,15442.008
110250,14552.789
75226,34716.527
101912,55085.55
10721,10147.66
134311,-858.64526
41703,254980.11
111687,3710.8586
38041,5212.639
90596,20580.793
90591,22408.74
121547,5016.398
21140,414922.88
34084,12362.45
93832,12369.335
93560,32275.84
128859,46740.258
21280,15510.8
100687,11824.59
18745,11057.309
146556,80265.664
19489,41189.336
145771,17462.438
53357,13055.144
107671,25610.273
140646,4605.121
79481,6509.3184
14690,7832.6396
43081,93847.03
106493,3630.6929
34249,88702.13
40837,7688.106
116058,27663.088
113169,6915.6196
96211,16842.424
48000,4173.045
108990,6664.4946
28889,10668.361
66736,10494.734
17722,9855.558
2007,16931.654
50056,26499.559
134835,37128.58
86672,5909.9053
106939,81514.664
20902,6123.673
119329,51507.105
138509,10750.757
113015,140483.5
109201,42530.55
6388,3522.8926
73139,6448.597
65192,32108.643
66743,98578.14
44800,23450.018
81309,57090.562
16040,2089.171
114702,57818.71
609,7346.288
47919,48770.984
29159,76154.18
33461,37839.246
94430,29558.203
83677,6264.739
122207,24649.482
20237,33477.184
113113,12550.283
96122,13577.27
67426,18091.822
122848,44834.33
9674,119953.836
24321,8337.007
78223,21676.404
23949,6015.619
45358,98969.54
113624,150083.9
20479,3440.6523
112795,114367.17
20701,62014.8
129899,41418.305
51618,45449.297
142437,28642.834
64782,9309.068
79959,14620.9795
68632,15636.777
87147,12661.775
140714,4248.157
9643,3509.7844
3121,4610.609
75825,29656.645
8651,4199.303
87670,32883.92
9731,21219.904
137825,19696.564
117449,1644.6375
73959,10551.841
37718,14685.715
427,31819.264
57330,60550.11
148370,92244.8
54803,39234.234
67114,291261.66
13167,80084.9
95142,8001.0293
66436,24012.207
25498,81247.73
20305,14617.931
67397,15034.948
48227,23284.05
6556,14046.758
40651,10161.67
128069,3460.2183
96452,15455.624
133977,22036.512
45436,13565.276
21103,528.22485
17036,72127.99
31339,14361.04
94426,8868.122
66846,15005.628
59382,10982.1455
77012,2650.7378
36181,6869.8086
138168,147442.58
113337,1858.8489
72124,17712.254
107736,12364.819
133968,63674.113
136960,85089.25
105254,17522.266
128187,29721.842
64628,6609.921
91572,31016.734
92756,1679.3988
139916,31632.578
89770,32706.77
29656,122624.23
10820,153444.42
20776,47849.305
27244,54983.984
18885,29948.553
100520,2927.2227
110990,9132.546
12864,6258.509
65607,15522.684
122834,4652.7915
140250,3957.1553
77644,35909.86
108303,18370.377
66785,15221.85
27839,9266.06
80723,12843.248
138660,51897.945
107227,5460.035
12371,28220.059
107547,14771.934
66088,60894.438
73827,27334.455
39621,83112.805
106830,16667.682
62849,18062.568
75346,13037.127
90560,9720.12
119246,50235.406
22839,28242.893
30774,19148.467
104187,283370.97
26253,129621.06
14619,141094.27
58288,69716.12
104561,95921.125
49203,18826.992
76511,97353.125
120765,824.25684
105599,105853.66
109848,28426.691
46226,27396.898
137756,89995.555
110776,5444.415
120309,61925.426
1631,8119.4346
147876,73487.43
113375,10480.126
67946,7787.2715
7463,18057.006
116879,16360.636
31183,45111.477
38916,53840.453
133492,11108.536
16923,8682.548
79131,15928.698
22370,168157.45
94323,10318.122
50845,8541.471
137939,36675.3
70256,5842.655
140960,35059.434
125219,38755.47
113206,37062.508
98247,63980.8
106994,13761.824
109409,67923.22
135836,9628.604
126782,55104.03
145776,38035.86
47236,17254.785
73667,17511.932
140394,37686.23
58486,19936.348
119569,1852.4724
12946,13667.369
149496,31491.307
9762,19257.086
26089,22382.648
131154,48860.605
69438,69055.9
41220,16493.135
20643,23624.168
136017,165434.84
15408,15037.889
128420,40395.836
97181,41693.21
105682,14621.303
26325,13162.892
115682,5359.016
24320,29853.77
7670,74473.1
53903,117722.95
69672,6490.2495
88723,7107.7104
13191,27802.082
48632,2136.2578
132468,8032.3643
46264,20232.725
59971,14163.716
53182,12027.207
27995,24643.57
119344,7674.2705
32396,20607.322
85081,24173.271
94650,8921.383
82897,550.7406
129352,42980.94
8326,28487.994
16195,74786.76
96473,5789.4414
16155,35157.46
23921,66992.51
125012,7299.721
52697,2630.1252
115562,136869.02
30440,53559.664
16244,252528.69
15889,81313.69
51467,192215.31
50948,189691.22
78369,14437.019
113721,29426.43
64286,300643.16
16646,14746.05
119138,20487.186
15745,12611.432
42768,14069.803
145120,17226.621
80908,16228.849
78125,122055.99
105760,87041.17
132291,5259.6406
14805,4842.8364
77705,12038.389
1437,65888.5
100982,21698.643
49143,26255.36
130112,50081.906
97843,19862.91
80023,184068.16
100023,32697.082
10293,15194.305
139967,8021.314
30565,30597.264
115201,51623.145
71751,16843.223
78178,5757.415
122952,3570.6016
32025,11698.638
114833,80925.24
99923,81424.63
36208,4429.8784
118700,19317.264
110077,23917.016
96276,12944.047
39011,13603.708
7133,49009.86
75081,5671.369
20873,43025.797
125289,18826.992
83441,5691.6797
126054,7492.2236
103219,6994.2065
16675,10246.844
144342,984.8206
146865,52607.156
138035,9013.876
91084,11896.515
72104,10302.622
111091,2185.417
98366,56184.96
126816,37575.254
149525,205746.23
74603,34039.13
51248,18997.389
90174,42786.383
444,13044.168
31490,20534.867
9891,92477.82
49022,12258.209
117965,23321.486
67794,13128.448
63146,81797.64
12577,5971.7515
84203,132296.92
49983,78873.195
138546,12144.608
30951,34415.562
15954,16485.373
82922,29551.172
138798,19186.654
29786,1043.1383
141628,14147.396
104405,18061.957
60545,42421.402
61178,22522.006
63785,2780.8337
97932,1600.9633
10246,97954.74
98732,87781.695
30634,68299.875
86006,23621.424
57915,17747.39
76079,160763.16
17112,58499.047
8464,51620.805
20307,47977.332
24922,50444.15
14245,5515.6255
50514,69920.445
142733,6352.0713
107435,4089.2156
58544,18929.7
130688,16149.27
15451,10714.884
73868,54289.977
111039,49345.69
31670,56536.105
94623,18936.004
19375,5634.316
18248,41870.227
57001,4354.854
78745,5131.7095
107208,15600.22
78336,76668.77
139316,2717.7886
84091,6276.1313
96031,27815.45
70342,2528.8945
29436,34739.67
12515,47564.94
138558,82193.93
96838,6379.636
120360,34517.582
33708,95994.51
25670,212614.52
95332,4727.1187
117964,19001.514
2802,7602.9736
77305,16927.672
122465,8204.043
135579,43926.824
27785,27025.41
84737,17430.824
86781,50589.625
58991,31775.914
119689,49644.902
53394,64336.5
81842,74517.05
14954,19007.883
29773,39177.15
46910,16740.732
144316,17500.975
97456,121152.805
96457,78411.11
80849,81774.16
101625,30704.076
43549,10871.93
8468,16077.041
132012,64809.48
17530,14296.706
55177,15371.894
49094,2800.9133
143750,48404.863
84905,9144.628
130342,38567.2
29590,10267.077
54988,19719.041
24675,39347.676
22478,35246.832
110781,14717.008
43513,11026.169
95226,73264.3
23749,6035.775
124123,83798.586
35545,10259.391
32152,21645.64
104966,66614.72
10610,80452.01
78252,67611.18
91579,1553.4865
97055,87245.52
49394,58173.547
63016,3402.1382
41362,9727.604
34373,3052.6062
34740,15367.625
117617,24443.998
136572,9793.433
19106,2111.3784
119123,134013.27
41033,18696.84
117928,107766.805
30364,20389.87
72578,30384.479
47126,39118.824
53651,2332.5388
130503,146522.94
137716,20871.312
137820,59666.97
104092,14256.473
75276,5337.2817
134555,60294.324
82936,12543.365
10851,59797.773
107077,44161.98
138402,11228.296
32331,5915.9224
69496,4851.5444
40501,54374.457
28152,41356.652
4813,2204.0063
10549,55750.35
136547,13918.863
2862,7292.473
138762,25731.701
46170,10308.434
113083,77771.05
89070,101829.91
13416,74234.17
126637,23039.7
42309,6317.4375
142043,5158.069
41237,95051.586
77013,8573.077
23627,20038.934
25158,9932.213
81602,24292.861
629,101615.26
46031,30744.508
28302,110872.33
32711,11502.727
106529,40009.66
35672,9273.821
46038,64538.82
12006,57911.707
143922,45955.242
116565,4971.691
141797,42443.266
59644,119478.24
129295,27831.955
15114,159018.67
43778,86520.79
91757,62275.78
116330,61987.004
118290,12223.642
29960,2989.692
84153,9294.698
31360,29968.559
112554,25766.129
70572,8474.333
34035,2719.5415
27554,167949.67
83111,4692.688
14627,6399.013
19529,8003.614
110572,45567.99
133094,11214.929
21315,24560.408
144663,10195.362
131199,3679.8845
125707,45802.29
89883,25386.77
140138,10515.46
110535,117720.79
118291,3229.124
107639,40231.16
135304,26482.734
143019,18814.037
25200,15440.73
40016,173980.84
98945,34808.484
135942,28738.146
98829,5506.0747
142692,47838.477
109652,15541.406
115338,6434.785
36752,27131.459
123869,56443.45
4477,32711.623
8775,9141.051
40297,6056.297
59420,33472.99
88142,28960.326
54829,30799.055
96372,11729.981
115166,3023.5432
60647,37816.65
17022,7397.6255
35295,8262.716
86230,42662.332
139118,6799.9585
127755,75380.21
63957,10048.574
65349,14395.86
12638,329823.84
144074,24768.639
130444,24700.43
49755,262554.03
6918,40312.99
41331,47642.395
137048,28208.709
60304,17222.342
146702,41944.734
47335,85658.62
28637,6177.3047
17739,46523.375
4157,9239.912
126442,18729.846
89928,82757.195
74606,333786.78
5871,60857.336
110884,1389.0642
6426,17981.803
1302,26696.797
11640,3834.7742
129511,13699.614
45914,5851.6953
29506,119589.04
27816,60542.816
19959,91983.2
70328,14624.879
52247,1576.0226
84467,11538.303
61879,60940.695
67981,52023.25
134171,59419.91
75376,18626.615
64219,99909.48
2148,92674.25
52371,54256.105
14938,61484.7
54482,25791.926
107962,9410.469
95607,23088.695
920,26282.94
133701,8443.488
139633,100265.16
69421,3354.8425
54762,3004.2463
124006,11737.425
73045,21949.871
118932,16138.58
94936,3326.984
38740,114186.89
123482,7398.319
71386,108590.84
43038,36375.33
108888,22908.098
100950,31837.643
1636,2979.317
6874,6017.721
78921,34260.66
122511,12892.522
53330,34955.65
135735,14722.67
97661,103106.16
6262,154241.8
13335,1876.8035
32159,75660.2
110342,91042.555
83623,16921.867
79201,4591.214
40157,49423.41
74810,24851.422
18573,7825.514
68556,31572.182
63517,8496.015
25459,20284.99
26600,20282.496
25286,16085.651
48466,9042.138
34128,8981.487
107412,61570.82
43386,164324.69
101524,13850.943
91555,1913.5273
4927,7066.376
34307,91010.07
141585,38529.258
13938,10016.696
82970,23097.19
119190,7309.983
33616,16943.865
12133,10153.186
101214,9593.014
83749,152260.53
134501,24215.889
128496,10952.101
63302,14326.844
19474,111175.38
132500,4509.4194
25833,85127.7
111516,8772.322
126511,40002.414
94114,747.81714
144981,101883.36
143641,12037.554
64880,125270.234
18706,10293.779
137911,1659.7181
137300,16972.535
631,28408.16
51469,17389.145
132223,9646.375
60702,178736.08
17411,26213.094
37735,59744.61
12389,15027.162
119598,41485.555
63902,113984.45
17791,12975.969
36154,323932.12
91370,3993.2737
48763,138124.39
87650,50746.734
18125,24629.8
148721,30410.21
119319,8353.64
67880,4946.276
135125,55135.664
127705,14828.099
80520,9487.004
148064,6867.326
13987,3086.0972
66741,48437.25
19636,13191.666
144747,16383.989
128393,58648.926
115076,103447.08
90284,38796.63
78126,5596.189
61624,59387.324
52687,30186.045
130495,19611.062
110329,11121.436
145750,3442.9648
125138,39216.906
109868,41761.547
41419,29626.36
134032,129138.67
111855,78059.375
15640,32210.193
137230,22909.418
75588,4114.307
37948,76069.49
86331,59882.906
20244,76596.11
30717,35617.152
129300,5613.138
65746,5277.743
16852,52293.723
42666,80035.39
7963,6808.373
97,18186.814
104424,11411.83
95943,21099.023
86267,73515.78
37514,5899.997
144744,4670.66
4288,70057.63
27276,16347.368
73284,49099.65
20297,49541.605
94501,16283.589
99660,1936.4708
85828,58932.992
69439,6699.551
69495,61164.5
136993,38468.598
3576,11344.624
88158,24986.129
99853,7576.039
106823,7542.879
54300,10893.56
122795,129814.234
67033,10401.316
28987,241530.72
149614,16596.715
51703,41796.348
75697,25906.752
121280,3198.144
65049,90804.75
28079,36931.82
82633,11036.197
42443,93033.04
63675,28883.87
144741,8308.289
131580,140864.64
131198,8444.45
15261,26622.102
108381,106661.13
103983,37101.88
137890,27791.15
50826,21891.41
105897,56313.473
143491,907.3577
78809,3558.5576
11926,7156.285
12390,13195.089
64712,23600.916
64456,235561.3
132443,38523.418
59795,12312.562
73357,60259.21
46466,33174.074
44132,4541.972
3650,30300.088
101871,36689.74
9052,2675.44
149778,6302.558
123809,23740.018
58292,23682.268
37986,13936.057
124589,33779.52
13751,17120.178
13594,57464.39
37671,17630.287
47625,5639.009
111809,29673.752
125656,8643.141
93317,10612.91
107030,11970.736
94587,94533.54
87052,16948.932
40912,21197.18
6809,25251.078
124052,22153.346
4286,2891.4568
114377,12105.393
68612,100132.55
33077,19740.953
57831,25541.615
6611,25041.02
133035,23197.428
148607,100518.68
144469,12514.197
37543,7516.685
8084,10926.285
162,45797.613
86952,7875.709
118530,24690.295
112004,10387.961
22198,15394.263
56579,48766.87
93786,152681.97
6478,10897.702
100412,106239.36
107675,99026.055
140799,76104.18
51523,5592.9126
44586,63746.695
1283,145471.03
33628,24359.297
91090,138651.8
80111,28788.092
116505,58548.5
26138,112997.984
144881,56679.965
77480,19276.172
123602,79990.36
91032,5655.6084
92539,25286.607
21012,83313.2
93539,1203.4263
36841,15638.438
102839,28422.53
45863,64797.53
13444,75858.42
72798,87129.3
124989,10291.826
108810,22269.09
96508,30839.65
30407,5103.899
58405,24468.383
27389,91106.98
131964,13231.996
123463,53089.348
26283,12142.632
39108,45365.742
90264,17503.44
26342,12264.147
93953,28869.377
112893,9085.879
11889,10342.722
55595,5969.7476
15285,6997.5884
115667,32338.945
126609,3920.6836
131520,35256.664
36836,97234.28
36804,7139.353
140337,2826.8528
59779,499629.5
30636,18911.121
4088,34839.453
47754,72803.37
111358,9297.295
14735,27048.557
66470,63531.074
81745,41313.805
53286,8178.3354
97244,18699.188
119917,7349.3833
67531,37805.543
51126,59937.438
88467,5031.136
91113,38771.76
111723,28085.818
139460,8224.389
52804,1535.0382
78201,5016.8086
72980,29548.887
117949,11365.99
27382,9225.733
129058,56280.97
70254,12741.588
62925,183978.44
114527,7583.546
114900,33884.02
54540,9188.626
100916,6550.2944
62916,31827.875
87509,76409.66
88486,11439.139
67340,7605.6567
82430,148303.28
107386,36319.082
75279,30371.873
37695,11878.0625
103796,56088.64
31979,22308.652
53014,12991.483
39335,78907.85
85906,86469.59
92485,9050.177
124579,8156.967
87661,46630.13
129222,96811.9
88110,12684.404
68366,11014.538
13387,17706.146
93239,120488.46
36244,8714.657
38516,9984.558
107150,5122.9067
15046,15255.05
101274,51692.727
8642,35530.99
61223,29099.162
102178,28921.24
50542,21092.062
117101,8962.422
148096,9567.1875
76267,65175.395
35070,11041.899
93737,8806.756
134353,18193.47
99542,48317.613
87794,3637.4636
23620,62488.613
107829,24462.262
85396,7266.665
21053,3650.0845
14478,66034.08
26750,160450.03
134266,20833.0
67689,12191.076
79234,8575.181
95777,57546.902
91410,12576.974
61416,6684.5586
30348,47933.582
130190,57865.996
43312,6622.999
29769,67469.66
112787,5206.1865
2834,18263.5
91590,25870.637
83617,85564.08
21144,114952.945
137393,9091.114
89884,14206.407
47269,1983.1274
115240,4338.9683
145311,25760.219
1792,30726.73
63771,3915.588
20917,66167.46
70551,176512.45
90475,30126.832
83435,5183.433
136929,2858.1018
39247,15786.5
103159,89676.44
671,8215.303
106111,9050.291
123898,21883.049
78349,22379.508
3233,338541.88
73704,10725.886
147635,33463.582
48370,13657.595
96513,131020.63
66532,55584.305
65654,7894.3916
52845,3273.0476
30085,1264.5442
28040,149215.58
67263,15604.304
132464,36418.09
54216,43532.184
93076,34198.508
129729,38526.36
145181,77643.125
45282,10779.934
68875,8616.3545
60161,121089.0
105956,81772.586
60864,92007.88
60745,7099.614
106074,14491.936
97356,84271.305
142448,19129.156
139305,128670.19
38157,155026.64
20978,2746.2075
75837,9427.525
7756,63445.32
141403,10825.435
949,8148.198
74779,17817.508
106613,2490.815
140062,6852.778
14035,5367.779
43418,5003.013
131774,43297.695
142436,5817.5635
15854,1594.8624
11052,89751.016
128869,1936.1093
35287,50104.42
89691,15159.331
7492,158874.39
56008,21937.527
120055,8228.269
35422,15163.901
1685,18875.605
78789,18072.19
56445,11114.849
46603,132144.0
89261,144087.33
147801,5902.0605
139052,19964.285
109326,17024.578
140921,2949.5134
79345,2407.4492
77952,9077.047
51510,7784.435
25884,184165.73
111391,7961.993
72184,1560.8761
31043,1737.3313
75128,75615.484
79395,124758.36
68723,23374.805
86417,145574.34
65795,51323.45
142878,2083.6016
107113,23281.426
71340,113789.72
100297,6552.206
45917,128378.164
139451,13919.6
109266,43386.86
53323,4755.5566
28240,48026.43
96650,8751.068
95492,5879.009
126441,4705.556
129950,21151.0
85493,28703.57
60564,75908.7
75177,76616.1
8812,113610.79
119013,4778.09
1510,6598.611
41558,4569.1714
24555,69105.414
42364,98482.945
43957,8337.409
40003,28602.705
5023,21056.934
108420,71140.78
84055,112968.88
40571,32920.195
32603,18413.11
64075,6132.261
136235,7704.685
91692,20479.328
88517,20388.992
77747,55729.375
75064,88069.92
81122,209214.97
2540,5175.79
92903,8170.982
7784,4273.6523
103034,24968.428
103287,129505.49
146607,14826.334
137742,96307.82
47173,3583.4321
75214,13449.415
43176,17519.979
139815,15587.292
36939,101985.43
3116,4019.5095
149920,34354.438
143214,42074.33
109605,38860.08
45584,16912.43
88314,7574.148
36232,23178.527
57103,44544.246
8494,13294.333
17881,17372.346
66617,50006.113
68248,519803.84
3722,4170.77
50496,29388.64
77090,24012.178
39414,12235.278
147536,31231.49
138406,63663.594
56806,11139.526
25805,9205.445
128092,79011.29
134388,64363.25
27296,112056.26
54271,48331.6
120931,4601.0586
81214,183305.77
127076,86834.72
29294,9872.379
14545,116885.53
84319,4269.9956
85263,68359.06
39817,14927.0
31913,49386.96
117847,31722.541
116360,22376.488
14683,12920.9795
64985,16831.234
59731,15928.075
67159,3646.4421
138818,38245.418
85502,5253.499
28323,32506.588
70823,8156.7754
132457,17411.008
38514,117254.664
29412,2135.9136
2223,34182.953
128878,100259.82
68296,32252.686
66804,98927.23
90339,21536.623
36405,94683.625
119944,74454.53
89192,43279.754
43095,88799.84
9074,20252.049
44367,89030.95
38385,16883.432
82106,20138.355
83564,9065.702
122637,6113.538
63024,11945.21
40813,139406.27
24732,125671.05
27192,20435.232
82707,7147.015
12786,4494.1445
97031,10437.863
74429,54631.426
32889,6589.374
33679,6722.04
47364,2821.7073
41007,16249.122
110352,10846.516
46013,12037.908
21454,26783.031
2582,14783.47
79784,12738.299
40265,3884.0544
134095,7141.0347
80458,30840.037
146393,45813.977
146776,52426.543
115597,12209.793
28399,3710.246
43432,34104.94
15656,5340.7046
103327,20181.682
49219,57292.848
68473,46895.348
59759,6939.4937
7566,3013.4438
63127,129891.125
37535,5389.947
138021,97593.22
53639,39543.61
109430,23090.855
53092,80548.52
99791,29477.107
81411,3046.914
47160,90929.8
37119,9877.706
130903,35476.242
125258,24856.156
70433,105057.28
100511,9031.739
87324,9842.591
137481,50847.14
76998,119672.41
82229,89356.94
100547,12344.937
13307,11741.326
50254,25447.938
143763,11223.591
141964,97304.77
118189,18523.197
67053,43191.035
29251,92415.01
71352,18512.775
123343,106286.94
109350,21227.889
70229,37535.344
94047,5723.5977
29938,36210.96
91037,17707.117
124667,33326.43
78334,20733.037
18894,57497.32
63352,6495.121
80536,10520.219
1001,30035.146
136647,44709.523
42652,6337.4253
123519,17712.344
107197,5783.227
60859,2360.3152
48923,6284.306
6587,7092.798
31517,63165.1
144526,87201.8
35946,5976.332
58964,2536.4507
63472,6685.1724
39773,6535.3174
31473,6857.935
124505,50310.867
119260,12380.63
52952,130387.67
101124,7890.8716
75726,22216.49
103313,27914.35
122056,39809.258
47966,34977.04
66974,52617.61
71629,14002.292
803,3446.16
143187,7361.965
7936,10828.985
141269,4493.6016
50104,27400.56
112134,44488.293
111977,2100.8142
67625,45583.53
56470,20538.543
18314,61656.105
137200,46967.79
61057,66554.195
33829,44980.438
102919,9656.733
34301,2344.8213
140320,1376.4365
133581,12891.775
28855,108791.38
147372,22392.797
9814,6567.532
44104,3831.6155
131894,1618.2687
81767,31560.19
126114,24960.701
50738,45880.395
147730,88305.86
61029,124975.375
76788,36681.9
103649,85583.16
83279,68627.86
91915,36713.57
76442,20361.332
57690,17876.732
94712,35095.32
143084,3910.302
82825,35932.83
69104,72693.805
63311,91984.6
134198,11487.088
120984,26090.32
7130,10456.789
72825,103539.51
62947,4689.61
50216,1989.2804
101458,56810.85
107936,134720.06
28177,32187.701
39853,25167.979
94488,5594.8423
86349,15515.679
54975,16690.72
138255,33149.734
55436,20735.266
79902,12049.324
116861,8570.138
84429,9762.605
45309,80003.11
51468,13927.55
144324,118948.88
143452,43263.426
20054,229531.73
102734,28589.943
11154,20363.85
2648,10996.107
81839,52155.69
143419,12332.606
62399,120107.08
98958,11753.277
34211,7016.7407
134307,-396.7276
7025,94967.73
80695,15133.437
28645,34674.203
97314,11401.306
2556,134598.75
2911,94573.36
117570,32363.209
93074,1660.9554
108042,5896.4736
50897,10575.191
82877,63420.266
4976,50379.18
16308,38954.617
26817,12107.8545
38870,6521.2275
64238,11671.429
119544,8868.023
44017,15716.162
16585,1241.3644
103309,5158.156
11493,101921.266
109614,11231.483
128983,20032.422
7814,36427.53
40958,22021.885
79415,25313.955
145868,50308.992
95228,6705.6025
121341,40635.035
86360,9986.556
48208,37947.05
44911,64405.75
12557,18245.898
24049,3754.8198
8900,5590.737
89904,73592.35
7751,11097.347
127061,37028.836
143311,15092.436
122037,23379.838
108612,6778.9097
106876,24960.71
86647,33267.098
67086,10089.473
145276,8425.86
84368,42479.16
6072,27953.357
108412,10356.749
113517,129635.08
138696,66040.625
94223,6367.2817
130198,9133.766
133959,27308.52
16548,68981.17
129225,1174.4343
99814,8152.4287
18013,45796.457
50195,12028.28
16353,90899.52
120974,14694.432
79500,5564.6567
63482,7909.711
21671,58973.816
51298,1329.0685
13747,20809.46
51462,12203.847
62694,32024.66
104312,39471.98
128744,15402.643
122129,24144.768
103925,4783.5894
146983,135418.97
76160,21806.055
33073,46917.004
139210,54063.062
59783,18720.307
97373,25716.672
93085,11497.109
3420,4348.251
98526,20024.498
53882,17297.916
110877,16984.531
68496,77539.3
39352,7577.307
144951,4967.839
79834,3087.3867
110925,97215.76
118132,11672.726
114674,94749.83
93795,58544.72
111141,6117.656
57872,55310.34
8757,77355.3
144820,31207.01
13460,12388.943
78303,16534.553
12300,42463.633
69684,20573.701
118553,46779.613
40286,10759.804
91714,15946.54
59472,7503.198
7505,5271.268
99980,53200.305
54280,122093.85
31602,60543.3
9119,47761.93
100735,15526.817
83180,27359.186
43497,58782.55
76381,3204.166
111925,6150.965
56631,30588.996
81980,7374.293
10284,121964.85
11719,145757.25
131376,14578.356
49215,107545.15
130551,39559.605
52672,24044.352
1621,11614.087
80133,131674.08
146887,27223.398
75578,26611.127
14915,41014.195
140412,996.22546
102990,31146.018
125059,33232.098
17991,4239.6836
31368,127553.51
74883,87568.484
67648,7540.1685
34991,10515.631
134922,60034.51
122255,3666.5176
57542,225868.81
123892,1463.6226
40701,19208.162
11751,7307.0435
104639,77960.26
119545,66422.734
95274,181714.95
90567,36343.426
113358,26416.756
45901,10557.058
140079,21871.582
1809,13575.304
93521,13850.443
98982,14091.4375
90308,28602.643
124404,5849.5786
77021,13330.362
73796,52769.105
29479,1932.5688
117150,7436.5215
90821,11458.371
9793,22885.85
13758,10540.332
92986,9857.789
966,950.5802
107062,17075.512
57078,88238.41
92966,80882.83
17332,21189.102
120226,6850.1377
36579,104476.97
149895,5484.54
70828,62492.824
4975,108973.97
17309,19316.98
42314,21383.941
134963,29318.219
131622,26684.832
9497,20776.635
144370,26652.434
28556,16489.434
133205,57330.332
91157,96215.75
25709,11287.357
75772,37796.29
36227,7614.7
54818,19564.758
149151,3070.8872
120219,58914.63
125484,23994.506
30590,14714.133
120599,42454.406
12469,3818.5894
90289,26702.396
90864,51458.684
121630,48850.133
2371,21393.008
104800,34244.684
92370,4434.341
104782,7100.924
68147,9723.386
146514,5795.8613
83940,5465.1045
64377,6945.355
140297,177434.83
124991,13017.76
137578,31770.06
111427,17354.607
112600,45176.59
94314,5516.469
102322,24497.922
79115,35503.008
149495,86946.055
22728,3383.3655
62047,11494.9375
918,24978.328
32477,82362.35
28147,3998.6992
144031,3235.9631
79211,100707.83
80792,29109.28
121866,16393.078
62424,8275.579
102120,155393.64
99021,9041.644
111761,9872.8125
108493,26294.299
80689,9670.441
80337,162879.23
92390,28672.436
3639,39520.547
78162,75596.93
104673,14702.689
73822,6056.737
108101,13281.188
126735,215305.81
34518,107117.555
100778,84071.97
120070,32386.418
71525,12029.462
106956,4976.2007
100594,565.58997
66207,11541.566
99711,28722.725
80228,5813.2705
104225,2676.5818
13519,16684.357
10936,94726.875
44247,33827.715
29324,6832.5015
108479,32542.336
121764,4973.648
135762,73638.164
10696,55016.996
34811,45575.887
133290,7897.1997
130416,49095.594
131900,144731.02
67572,7691.1978
14291,5010.8477
22979,78351.875
123621,24847.824
101171,65654.89
38781,8913.503
65150,185576.39
66774,21876.752
27247,3355.146
76580,3920.5427
138141,17696.936
89384,9240.309
48084,10391.778
79325,14684.895
118245,17194.402
6568,4772.6147
109791,9939.133
37734,284441.03
98440,1370.2214
10967,63340.67
122610,1238.3792
95213,7642.0527
40496,103657.62
149640,93923.65
89433,9032.442
133481,37392.89
762,85663.695
57942,54238.652
93801,107274.03
40747,39665.617
85459,3484.2058
72065,7594.0186
106990,28639.953
37393,20971.35
8882,52120.758
48374,46456.37
12941,3837.5398
67084,6172.4297
26680,109373.836
58278,55835.31
124320,53394.895
61058,20934.379
26953,42682.29
23558,19098.121
86746,26949.656
68851,15318.824
99194,74466.914
26215,34749.33
26015,28954.955
100898,48532.016
128087,42578.195
12386,22141.398
115780,42605.96
14277,20325.338
146190,5775.8086
133181,45782.91
7686,14401.947
74170,8028.634
84262,9808.272
10098,4846.907
26269,7386.6846
69065,11525.958
126133,81680.08
146193,110900.766
109425,106233.52
124136,82415.77
61311,67554.35
110430,6562.319
142544,30209.639
125955,66993.64
6439,11137.828
138715,34482.79
36398,75539.49
70,3343.926
44790,13958.501
35169,10048.773
35547,49218.945
17319,62881.973
57354,5377.018
41041,24782.611
91268,6446.9736
128517,7878.3804
35904,3265.155
15398,17119.238
96950,8877.201
129678,12424.194
48641,21544.223
38541,998.1284
78882,97911.055
34375,74375.01
50128,22591.232
103489,49782.484
28699,190803.5
80808,6226.9663
46335,113632.29
112311,11245.596
105991,29449.457
2304,16017.777
103256,53091.125
86968,34887.477
4869,33381.418
81155,72037.055
109159,12623.476
142557,33591.37
111144,4977.123
22530,13013.033
142920,42517.707
70735,7323.2295
84963,4079.4524
112835,23991.314
100493,58934.2
2699,126941.87
39260,21251.094
63078,109395.36
18321,6591.0684
57727,7692.786
102060,94478.164
115966,23091.676
92955,121064.06
95445,6154.7686
22552,58433.164
81165,5686.5386
49287,91905.055
126683,17556.29
29133,119055.41
102749,97275.91
80192,158719.3
70822,39542.66
85338,7113.931
9145,176278.61
7341,22992.547
107380,160272.52
101852,23551.898
85683,22544.863
5408,2144.666
38053,49156.805
70940,12314.219
12373,52954.4
356,5268.0938
85604,7242.5015
55064,14262.4
18357,78387.805
37395,33482.164
12917,16730.373
112464,1586.4188
123408,11922.015
29345,270957.3
9293,6415.114
59214,62153.67
75935,6947.364
113951,3820.6619
22667,106542.83
78331,210694.19
114752,1986.4802
101455,24894.05
17189,11871.126
50437,7498.438
35814,39878.46
23349,31598.12
64036,42394.9
79544,38658.49
66647,9489.229
140143,14960.477
138769,98024.48
147470,2842.7903
104314,172306.02
148171,46639.61
114832,13456.119
124296,72104.15
12932,7194.0874
75088,12489.204
83102,33921.688
131582,17033.357
75085,73379.72
45967,29437.008
104942,24611.816
119242,49895.44
25084,59518.434
22899,22610.682
116841,8637.61
131112,1485.513
104014,13576.67
21404,27761.541
53404,126871.98
28472,56746.15
77134,27641.055
29669,12133.446
81027,19169.068
145786,18697.908
25807,374.96246
51572,129763.414
71074,20682.867
63509,6297.7295
122416,32666.504
197,4404.719
111007,26102.23
65101,12204.647
104016,24759.77
105551,144053.05
38658,162867.69
147893,54027.1
88695,8718.196
43293,32080.564
55139,12734.99
108237,79823.414
138933,19262.887
5252,34941.156
84332,15490.661
140296,9377.161
130183,8448.042
136236,102109.17
80731,33104.258
83166,72872.92
10508,66459.26
88600,120590.69
62907,8666.265
142365,34234.766
98898,17882.877
4458,5291.16
115009,15782.892
72321,14899.626
143514,32756.121
132986,27300.908
12896,64534.93
101858,24478.34
105289,7238.992
35627,47398.414
128114,38020.477
116084,32424.422
119134,8548.951
50543,18379.78
98608,25127.746
128974,10965.325
140003,133929.73
88491,31307.844
35589,6469.8926
138972,97888.75
132852,5570.912
65784,19737.03
9343,24636.193
144643,5956.228
70045,25625.76
30643,16177.038
143249,15680.984
52603,8301.921
79167,2781.9893
76714,28887.754
621,53698.344
78624,153837.16
26262,106354.33
6453,121842.13
148979,25331.977
145336,5970.12
23947,28636.82
120193,16369.348
140523,19850.512
123001,23375.467
65191,13869.229
108291,2514.9607
79763,37149.727
119904,15928.299
40834,147014.36
47837,24030.33
104383,22464.02
6642,33729.496
85456,11331.236
2462,104997.055
129476,10764.224
147124,79641.69
52103,1439.5745
58332,7088.029
19461,29324.656
91792,27957.473
135812,49568.293
84620,8957.159
80145,8908.962
118148,6465.2373
56768,64121.395
121484,9048.02
36993,29549.191
5414,145429.97
69071,12156.687
128145,8730.688
132260,150142.19
119085,61165.56
43992,9861.472
100629,65263.375
99416,11286.36
141013,157331.69
125392,3725.5999
38682,3191.8762
99812,8521.525
109154,21763.129
101233,16785.861
53511,16712.266
135011,15004.987
67553,29124.896
126450,37275.246
93881,20390.914
111345,12041.415
6773,10548.075
57853,25283.936
85182,31410.28
52653,26093.562
118485,51146.285
78944,46734.086
4041,37793.0
31079,25241.832
127104,53334.137
34800,13835.059
147133,34055.42
31888,11752.358
98080,11994.271
110181,6019.1855
97077,111198.21
68478,11986.851
107257,16540.2
58769,11840.171
31734,3526.8306
110554,30547.752
134939,6268.5874
134921,12312.756
42066,4578.378
25071,5857.3286
91400,58853.797
76529,2767.0735
50786,60694.984
13401,8444.533
65986,192820.73
32566,19815.273
59065,16951.287
49291,6937.6035
36111,1295.6533
122401,20790.154
79206,3326.2378
50353,5852.338
17476,4693.3213
63456,26507.898
113370,5009.7666
93031,30594.014
42766,50901.15
98212,40907.863
80165,15199.637
76261,52125.66
68312,5481.2905
10875,8306.265
131413,43204.72
88745,59245.332
133688,24445.752
139541,13129.096
51262,2399.7366
26098,39535.594
8534,21305.053
93621,27301.365
46978,26578.908
4028,16804.883
22152,20119.17
47883,53268.7
129752,22146.186
148983,6846.899
21739,27733.758
126781,57327.855
140791,52934.35
70281,8777.815
119718,69103.93
114750,8200.897
68964,28138.05
140889,7028.8423
116288,14258.403
7745,60340.36
121339,77708.81
896,15979.69
81977,15496.982
98698,20432.312
63742,8543.058
65114,5194.6885
15966,1879.0007
139920,1227.6969
52576,8401.205
71589,17600.098
103998,28216.486
115269,8787.263
97973,10485.878
24826,502.15366
134713,6310.447
47295,5632.8906
99852,40174.066
102077,63373.434
43285,16868.451
147245,8156.128
122000,8773.395
148356,4117.9146
116778,36335.934
135473,2504.1785
57461,40787.637
29831,12392.95
46299,6500.107
140423,31048.262
35765,2606.3923
93174,4857.76
124822,47172.465
121054,75883.43
54404,24896.416
23983,3132.612
22055,11023.864
76831,129613.766
82479,122929.195
86148,10714.987
22413,38453.62
77494,30215.707
7311,105803.52
124707,13555.695
29870,106208.016
11165,15664.457
71936,6168.9106
111439,117907.33
135647,130247.97
133093,2238.0164
6395,6442.89
30808,22108.297
17078,68580.83
50904,92572.89
75796,30561.445
111500,37709.895
107920,5673.045
11474,104183.25
141668,15109.6045
91271,1890.058
99554,16032.256
110135,6543.206
101993,2406.0215
16596,3590.5273
37294,32337.844
84731,20212.172
78228,118652.016
103580,21529.729
35966,28989.867
29310,2494.6482
148661,16482.81
26328,11418.269
84553,94379.16
18508,373.38593
78156,47753.72
3333,42523.543
89037,19474.668
119471,56711.973
11820,7828.737
67305,95495.83
97267,20471.64
139235,28398.127
58412,57199.324
148314,9946.417
68842,50191.14
141045,15565.745
55150,21058.508
137283,15763.105
5458,151944.42
112234,40119.293
24549,121422.19
16288,67028.58
119289,33403.63
116006,11600.577
68536,8716.003
37169,11208.612
47217,5995.26
91745,16626.723
58425,2723.9429
122054,45298.21
6162,2144.39
69887,11831.452
37370,24819.094
1836,7610.555
68109,31899.193
63736,30226.62
10965,58091.273
139443,236816.9
73931,23967.033
20217,32773.688
149818,97373.96
16167,848.1502
92557,496540.66
29242,58059.63
129788,24208.96
14373,17527.94
77053,48690.473
104581,31421.486
45014,2476.6128
62159,102079.27
45605,4345.555
62198,22904.86
122977,11935.521
63561,5710.6377
8109,14173.726
144100,19196.352
35928,16559.771
134622,21403.15
21100,46760.24
111818,465763.72
66446,25350.72
114065,26348.643
131923,12043.841
132440,96359.59
17014,28320.197
79214,67243.945
61599,56392.703
9718,91624.13
53700,3679.523
112904,1515.1521
78392,7882.8643
113522,8339.482
35591,5051.857
78575,21837.977
47939,23460.562
67282,8277.845
69687,13805.482
96602,125251.86
120883,161042.27
69283,37914.42
39861,66103.82
134296,37352.004
4620,42965.75
107058,11491.568
93727,3238.498
14461,12021.351
19875,4575.2114
72101,8801.668
82535,16516.297
138324,242175.55
126036,8198.814
49479,50084.74
34743,37016.176
141634,9686.849
106152,26658.576
5177,58227.375
143330,85634.23
70927,85753.25
79249,63232.598
83245,17142.66
72583,25116.242
51576,18431.846
118079,258520.78
15983,1667.52
3437,20019.486
69043,40950.484
4683,57687.88
38542,43023.797
11551,11242.085
97787,40739.33
30733,9455.114
59556,76591.79
104006,5176.0225
121434,34647.145
8543,3802.2185
115230,18818.56
48690,53501.44
9139,23728.637
106352,50250.875
97132,181008.42
10079,13516.126
22244,83352.836
54869,12803.676
25112,2836.119
128633,10445.623
95615,10151.596
75152,100078.6
641,710.9806
103157,33272.207
50990,46478.246
93416,37310.117
149013,19892.418
74964,93541.09
131075,100412.48
85541,4940.331
74824,5241.688
117513,56959.902
107206,5175.515
125851,231077.47
7388,43160.07
56777,12594.061
119042,4853.3247
76897,89509.49
38703,55524.12
75094,40356.016
52133,11161.02
144995,72748.86
10324,6231.641
13087,110066.695
100194,159755.6
1933,37846.94
56168,43188.08
120608,47772.934
123555,1374.735
148160,56774.406
19723,4481.494
21814,23248.078
119410,73007.76
125635,18918.912
130477,29299.12
49184,113607.85
42074,28995.729
138012,-2125.0637
68652,10069.741
107690,11300.609
21910,50928.07
34157,26282.463
45322,23110.002
46257,12581.69
88297,83783.125
44118,46405.348
65669,123260.55
116878,3575.6345
3074,4355.2095
72142,49398.855
114190,29134.74
49551,2922.2976
29267,44906.105
22798,3368.1453
112971,15600.968
36453,41029.035
25820,18632.256
98854,26285.498
75571,30978.545
21210,9183.698
52010,132252.38
74120,1260.0254
72860,16418.201
75237,185734.56
95935,4243.8433
77220,4455.445
13285,13040.796
105481,9219.5205
119067,13017.791
69084,41844.31
148468,11216.511
125313,5116.1357
133881,3296.003
103015,104071.055
126821,18765.068
1310,16258.565
115162,31223.422
124521,42069.71
35003,979.69727
8621,4430.0415
2430,6690.5103
70679,50683.04
95234,70748.31
1742,9273.22
137693,879.6393
53086,36041.57
97491,8125.7417
52575,52453.293
129819,63415.09
127271,22958.135
4332,28614.96
127693,25920.182
70890,20164.998
93534,26171.314
130651,11867.98
46440,18447.52
116575,22706.295
47752,46481.953
37716,92807.71
74639,114532.27
19564,95275.664
114353,2415.8643
132748,14136.899
75511,85115.48
72246,47017.566
117669,31543.799
30227,7159.824
42469,75972.195
14771,21213.79
143574,45154.387
116665,47684.62
72017,8704.775
90094,19296.514
46778,4559.422
90080,3869.0054
71707,8731.484
79331,65257.76
140486,6911.7114
56753,14800.3955
11566,86268.31
111250,24459.27
25447,8803.151
40652,37430.17
12479,116705.59
128302,145613.19
47051,17083.088
101638,7336.959
116681,22599.543
119325,70689.95
110504,8055.69
10578,21252.844
847,8432.41
8502,36695.434
138976,4328.448
108958,17842.209
132220,264582.1
128188,10442.03
91667,24979.621
38629,11868.933
13879,35455.25
60531,72077.664
99423,23325.387
60801,184975.98
56882,24907.63
96603,88605.15
110406,4112.581
113494,9833.706
24367,7143.5244
103414,2240.14
52668,77175.79
43550,16004.789
15028,33557.727
3687,20546.705
139553,23592.334
125540,41869.76
20943,19290.088
141284,38835.19
29668,2429.0693
115464,50584.938
36474,32178.443
3133,17292.88
109539,61615.504
49953,13805.773
148051,8716.193
140735,6497.807
96483,101133.74
143106,38788.84
20330,2531.0671
84862,37082.32
50120,33599.656
1167,13723.82
32424,19897.557
50174,6557.8174
89579,34509.145
111788,32989.582
105379,9961.857
108768,7315.422
1296,3825.1006
143877,21873.264
23394,4752.6587
97206,18162.625
58414,12120.415
21111,32404.684
132783,14318.733
43107,62536.555
115492,12580.271
38082,8317.007
85641,86705.18
45920,2370.7798
116146,8524.053
106372,10998.033
107921,45899.64
28068,24985.883
65427,15104.596
58740,5692.2583
8469,2485.6917
62924,120027.414
129221,28331.38
142883,3461.0195
731,16784.611
5431,66864.68
36526,14942.032
119267,92939.82
52476,25042.512
73825,64398.43
7906,17335.857
71835,23249.506
102772,5197.184
103547,6008.85
135220,12975.215
108735,16108.797
63230,33159.688
132977,27915.023
67855,33842.01
6000,22311.957
10701,51817.13
30288,25318.715
46484,37661.08
29604,18248.172
83725,39297.91
145566,965.6664
73286,65415.29
51610,13248.152
3123,5083.902
53395,111717.22
98983,12159.771
103943,2750.1917
89013,21301.092
143059,208993.66
26274,10904.842
136109,13638.865
115654,55370.316
19793,8640.971
92361,8380.136
144327,10495.478
138584,148446.5
65313,4341.5234
46956,15930.857
57186,32403.06
73124,87850.96
122878,33218.973
132711,25301.514
102558,41026.1
53554,3033.117
131627,48369.43
60673,726.95776
108825,39016.15
15191,48065.2
112574,120402.31
147491,165016.31
111535,85667.14
124069,8450.645
82455,7594.1675
1918,40107.297
70956,59861.41
116694,74378.96
116776,93480.51
15003,242432.39
27362,49773.266
93541,71363.02
22361,20581.215
15733,3313.9636
55432,255305.89
29244,7481.845
21862,62091.43
39716,3257.2854
27937,3732.338
63244,26252.766
1256,6856.4634
113983,110196.11
4811,6513.435
62915,21800.89
63943,25702.94
35930,63119.074
104660,11293.556
81936,2705.3582
25402,555.75085
67210,14703.348
105120,46888.336
26318,42084.86
3179,63174.67
47751,31668.016
117174,7038.89
123590,21696.172
69982,40860.016
145598,17349.303
24898,104359.3
60970,16193.93
67101,25851.75
65388,23380.23
27417,91954.586
86584,21012.234
17889,97230.0
113432,4593.088
146162,4112.411
101303,9266.318
41592,29641.912
71019,51742.19
53823,19871.48
71970,7410.631
113639,1886.5874
67405,12621.026
73062,29988.781
56399,106945.445
16786,55077.293
31442,4039.3794
88171,39549.625
114279,28014.885
5773,3694.5767
87084,51507.105
54512,5120.9697
77166,3564.48
22001,32027.58
20207,52577.098
113458,10575.089
138386,3502.4583
138126,6777.9697
100797,13773.537
20795,166873.12
136450,57447.52
90425,25561.379
145865,17496.12
88274,3739.2292
50847,23258.5
100914,10877.298
11094,18581.408
110680,50736.188
49408,6353.256
13372,4040.659
149316,3309.165
124559,58113.254
146785,141821.98
62016,26356.893
96107,9497.134
107210,32984.594
113107,4129.559
77847,15030.921
114386,2859.7332
149516,4421.226
76627,42391.51
131234,3480.683
149434,6532.0464
13794,71187.516
108622,14270.446
123475,11710.565
87003,34265.465
108651,9502.289
42496,7745.282
85475,18882.562
107175,69653.79
35531,136878.2
21364,21565.227
98655,34020.715
31102,29554.205
44388,64823.855
102277,45491.426
73065,76919.71
51340,1899.7515
112961,13711.6875
20808,45308.004
61431,15521.827
32473,183395.89
8814,233891.67
62856,9991.506
27796,112204.195
109527,8025.2666
53242,20173.994
68625,32541.396
56360,64131.977
17537,5984.9644
82462,7865.069
56436,5564.757
7548,13733.51
99673,36924.375
110816,18404.457
69967,2341.7888
53212,9799.022
44249,26399.85
7299,25037.383
47019,33737.01
38264,9907.799
80595,28945.324
36250,53934.03
52792,15792.997
110245,27006.996
113471,21794.56
137127,18771.08
76147,121489.04
96691,13442.194
123814,26800.883
116707,15994.991
84961,5074.0513
17076,71376.57
13085,51337.195
132794,3711.969
97768,39819.492
25412,8505.633
114548,20937.596
70452,53366.977
92089,10355.665
94572,23013.72
146065,3100.9475
33564,16581.518
55847,22950.234
21698,20739.104
84158,46318.645
106513,5950.167
41274,211288.25
94483,696.87085
142383,44218.637
93620,43294.145
120916,43165.34
58840,17429.92
119836,8518.951
71706,89415.0
138333,79485.1
86762,13510.048
86504,6087.71
73393,13970.196
136817,3151.812
67827,7207.851
102822,154065.23
124016,13395.078
9552,38776.426
5507,4713.8545
20892,24723.4
120569,9155.255
33697,51751.273
3129,49340.113
70076,365651.62
138298,24168.467
18797,6598.3345
13533,56308.926
105456,15716.649
93841,4290.8936
70043,19201.951
62039,7001.1797
41945,10882.423
60337,8006.846
21674,2748.8838
42004,2739.4695
30051,57454.934
98860,41333.406
38107,3585.4453
76556,6407.183
133656,9274.188
88346,50443.36
15578,12133.682
71653,9497.774
86184,6042.5317
48803,76372.336
134334,5392.9336
72666,46967.184
86530,146692.27
67355,11291.959
77759,39028.44
77523,101458.32
60548,28527.03
86019,5598.7886
10994,14400.373
28502,5706.114
93805,2784.5854
10038,29817.055
68476,21474.379
117806,68631.086
57433,13703.117
71563,126674.77
148213,31179.758
161,21773.258
46128,128962.125
144071,24773.725
76248,114113.336
63741,11041.1875
113737,5417.8623
44775,47846.633
143742,8832.125
8560,4254.6763
78461,20376.633
21106,81031.46
136294,21695.92
121884,17866.031
47154,33936.98
91309,1685.3229
87681,1955.9412
41403,26953.918
124372,22360.121
141325,5572.5566
84902,7452.673
131560,16059.769
75253,39376.695
71112,4103.593
71058,77330.49
76814,23204.422
33373,9357.804
135639,84476.56
103565,47913.285
43198,64682.49
9431,9643.023
71803,6975.463
49310,9807.271
124496,21435.676
9689,4835.5337
136488,545.21246
3838,26117.422
92529,72426.23
13982,11668.156
65201,91977.36
30811,85774.85
79750,46248.3
129639,88745.2
54394,20158.752
88976,11603.885
20566,42237.89
100343,96160.234
52229,6432.2876
101963,100234.66
80922,13599.662
87750,26998.432
51956,13629.591
139047,3622.4675
144024,9493.402
56012,60742.836
136160,60570.285
110403,25215.209
119851,19357.375
32462,14508.542
92607,12383.576
18391,51494.535
13546,43225.64
101439,44074.645
59248,7483.7627
33636,39572.78
37051,65697.375
75959,12151.089
22772,14835.91
13395,114106.05
90246,4034.8767
66102,58243.71
114879,14580.578
12722,3265.625
99570,11025.073
106147,1587.109
11288,29318.258
1172,8594.59
25323,6228.6504
54537,92682.836
95988,63266.22
131918,9848.739
23214,74873.086
119651,22660.525
30943,13105.523
64553,218066.06
117839,5612.2046
76941,9839.657
79641,26837.145
133811,64216.484
862,54381.332
69511,24210.666
1751,1027.3339
34772,20289.457
104956,12480.216
49659,80746.81
66859,12131.182
6870,7308.9414
142038,94926.734
115565,15506.964
98307,188904.9
49483,3753.73
116157,28347.291
9551,8751.224
141377,28640.182
12302,11452.446
107807,68326.91
105926,10850.592
55461,5862.3857
27789,7454.975
93268,66253.18
80765,25947.246
83731,58197.668
145872,26548.69
85161,49817.324
134831,19840.654
19493,9392.854
23388,13516.557
59363,6332.4214
140886,10368.894
104702,1596.318
15327,3271.3767
66290,8523.503
136850,7192.7583
1308,194018.73
109798,9419.896
59758,7679.653
21330,116293.87
66778,10485.878
17605,38040.59
136256,50905.98
104205,26098.305
68676,35951.027
14423,29611.49
7211,26951.664
38096,94358.02
111108,81375.65
85975,16605.418
22876,9756.412
100838,3725.6716
65329,100888.57
96804,32883.652
131672,56591.72
96561,6832.0986
123153,6384.234
113159,15820.388
58575,10958.803
128235,2533.3328
6746,36224.09
97389,4383.273
53497,79503.52
108847,24135.684
89675,5877.1826
143258,16856.617
28888,15641.968
103740,10246.609
52999,9590.852
140318,8064.3506
93163,28988.818
35479,30175.398
23964,21545.498
90666,12122.221
129821,19701.613
4821,51039.72
146213,7410.4277
37344,36016.223
69836,3293.6182
1942,3205.66
6344,6173.7886
11815,8968.218
8041,58163.87
141121,19591.96
67737,7427.891
47138,40343.938
85222,12713.402
32834,7189.329
148092,33713.887
28539,4004.6345
124242,20362.527
135706,9948.404
54480,21047.57
79082,7985.2993
112040,8929.446
22010,12880.228
30315,11169.161
10033,9731.057
119161,81834.42
94218,2960.8975
73646,140515.17
146816,117442.16
84839,92180.09
130700,46400.598
54983,24292.41
2646,30893.775
57028,22140.385
106078,55503.51
91274,25961.102
138189,24124.152
140309,9935.402
119759,5202.0776
135180,30764.459
16995,27284.719
104196,11942.652
105228,25906.586
90400,26636.156
52432,2891.1956
70501,924.88513
3909,8329.202
76030,19392.055
121870,5472.734
128281,14993.774
4663,43955.12
97309,13228.249
84688,8820.853
31751,5402.8604
7746,19699.852
85162,5772.907
12451,11193.995
94932,113081.055
50799,4516.112
18621,11199.814
72304,11466.288
63929,58246.86
144807,69961.484
9166,725.79895
63838,41364.234
143703,47778.62
64313,18427.951
43139,176369.0
46099,26465.473
99521,10928.332
56144,27652.627
128775,1218.758
60273,3364.7012
147554,7912.1924
145834,24665.92
93721,12250.358
9464,41580.184
63671,131320.08
148846,1875.5978
12700,28671.695
138321,13864.413
102576,2805.599
43842,3343.1118
4235,32026.062
107898,21889.164
2726,6465.6587
88593,88634.164
57876,69281.76
124149,135490.5
92572,31735.4
9883,52874.66
18911,29382.527
142145,7689.39
139175,37320.156
67576,10971.594
24711,20010.15
34164,1978.557
125987,168148.88
69187,1700.5035
34004,71091.766
1629,183207.73
25076,3416.6443
94077,52038.027
34721,6162.7524
83013,6970.264
48577,22701.262
147820,1897.0077
119900,9707.931
40263,110966.88
98994,39245.73
102804,144064.72
78447,17398.494
147555,11002.02
2772,7939.9595
55708,3366.2751
5892,9814.668
63246,80253.48
91564,18858.162
102334,202855.12
143387,24199.99
89830,36084.215
145719,65902.16
79485,20298.928
62408,24630.137
125227,5171.8003
105198,42099.996
100998,96999.79
21516,54550.21
74826,4865.5483
5622,13625.252
29573,17251.4
105802,6490.182
18237,14795.885
30559,79925.57
109509,17754.479
147700,5663.422
74418,7056.6523
135722,23366.309
143255,5927.7183
64612,17077.36
8148,8593.551
123680,28087.62
40576,4925.837
136146,126655.37
69924,122055.8
14743,8869.479
100834,6214.7505
71286,51706.383
103647,20259.377
24437,11330.172
9681,21281.172
87856,7192.034
16235,6527.158
131685,14980.352
137994,4693.203
103723,91765.69
124804,16325.993
102341,248261.23
56292,97344.68
129046,5388.8394
115466,6929.693
95559,52322.66
27408,59607.754
32908,38075.98
99653,9439.89
128678,47353.906
111479,26909.824
28872,9429.98
20535,11683.576
15289,33855.836
76203,6932.2593
66398,23685.441
78803,14466.691
83151,17258.197
16580,21269.361
122160,18565.385
36040,30256.844
24545,16595.98
118243,54007.76
58524,41093.082
101020,248098.19
141253,17736.49
109829,83100.86
142649,33000.434
60330,253054.73
54208,17368.662
139436,2360.879
129206,21598.553
126574,64969.305
19232,8768.652
111804,9172.888
131344,16031.1
145543,2326.2703
122775,15824.033
74664,6799.3057
118653,144646.83
1196,28835.717
19112,41078.895
21685,46186.133
109886,69614.02
141302,5878.3643
98284,13117.282
92720,44478.39
9404,58252.953
113389,3052.445
87437,6956.078
4420,47813.375
126556,12862.931
107859,4592.9507
46774,9999.602
24761,17222.512
90787,1225.1056
107005,100234.21
64316,16850.89
77888,43705.91
62440,89748.94
75370,12880.965
90959,19088.762
50318,34744.6
86294,17782.27
23058,79640.414
70144,5989.9756
137805,13309.981
147233,20012.238
103916,7807.3057
108097,43907.55
120841,19534.455
25418,66361.62
67554,4039.6501
133835,155528.39
41496,1604.8417
35472,88284.1
141766,56616.824
133908,45032.895
33376,39042.324
83125,38552.547
138316,32906.64
3248,85044.56
130384,23169.48
92638,15601.466
9941,41596.664
108143,231801.7
79393,13430.813
47456,2251.6892
88859,57604.38
70744,52820.113
136738,7217.305
46480,23960.504
62466,43772.188
10323,27313.967
80446,18409.826
101559,18762.26
30042,652.81805
24414,12477.286
61821,151522.86
10352,16378.165
128501,7003.977
109359,40282.55
139153,30725.615
56538,56907.387
131207,35674.855
91752,118200.87
36651,8754.361
123857,31588.781
81805,69892.08
117511,38741.52
79465,6219.359
62997,5749.992
106626,24735.082
91791,110970.71
17847,5797.598
15754,50478.492
139818,16239.276
31573,40593.88
45363,18866.342
10283,6826.9224
86885,35575.676
17276,49523.86
97913,60068.28
55191,28913.838
108025,26750.467
81473,48213.03
112449,9211.62
144339,35635.08
123052,783.66614
98107,14065.82
130003,5724.7197
43799,182946.61
36260,5186.594
17279,19574.783
119126,21879.846
109236,6058.034
8738,5827.8555
114013,5921.183
91284,1766.4725
32549,18552.27
91132,4837.7354
18983,8901.207
4007,66613.164
3241,38609.715
125101,19285.893
59920,10158.631
49134,137075.1
18355,132298.23
10586,6001.5557
122081,860.9278
4588,19825.947
135955,50990.74
72211,9292.998
96139,24038.572
72074,60843.71
128640,5311.228
33854,15419.33
25308,99964.26
54004,5187.8823
145114,22720.865
23377,6097.241
98109,10289.624
76230,107173.2
132899,7168.7646
35025,74689.734
89567,161349.42
141526,18771.295
74793,8980.075
115603,27951.271
62804,7048.9727
128127,7892.346
147821,6853.909
60671,23350.357
13330,18208.395
124869,8837.466
106229,44805.676
22374,32887.117
49702,474894.6
31996,21793.725
126573,27653.209
5874,97692.7
72343,94195.414
139345,34327.523
47680,11406.61
38281,61649.37
34619,92950.05
60217,8408.74
120729,107224.36
86873,4212.04
27894,173292.53
94203,16778.53
16102,760.8391
57985,35675.855
6805,4720.9497
105549,41793.42
72137,3920.5427
99527,24322.293
25839,31207.93
146699,10996.132
98739,24643.723
93549,17672.963
23961,28522.625
15066,122756.305
40926,83172.42
17753,16431.6
37131,9770.817
36493,2770.194
69959,30694.152
33299,8581.297
145475,2203.7751
15225,206520.4
60691,42201.49
15886,100736.49
49841,4082.7695
67535,2572.6953
28964,23551.24
113110,7724.1953
26371,3556.041
91358,7787.5356
40243,5298.207
104609,34534.496
102113,9205.492
56475,31383.879
129584,207774.94
80785,36559.395
53040,3445.4468
53246,11729.9375
30557,6994.7827
77147,13061.388
12852,9244.84
134407,35616.87
16806,15203.647
74410,50877.68
38968,56307.316
93851,45443.09
5897,46759.16
125480,19023.129
79295,8591.293
5685,26860.482
41181,3709.248
147036,2482.7307
28115,7414.102
105686,10593.488
62816,67456.54
112781,44652.44
105146,86518.73
77840,5574.863
83865,5971.571
30132,6107.502
26548,43178.977
113150,153723.08
72928,9854.052
144646,4739.5835
119089,28167.008
47831,40111.637
64618,2836.1155
106855,20470.63
37773,13922.803
125398,9557.45
142626,13614.442
122624,39679.348
60867,13695.893
56401,5022.001
16815,106868.016
149045,53134.562
45787,86868.46
91075,3551.2908
21023,24387.775
106992,57637.207
20090,6871.1064
105548,13840.857
40179,27076.49
71020,64983.26
42481,78500.37
138793,107515.836
24940,30983.61
72372,58184.61
119144,7936.2363
49049,5689.9136
101122,44958.867
64569,3075.4255
65193,1800.5664
17135,75416.77
33182,13915.105
114718,10051.516
13114,26857.736
35010,2290.961
53293,18072.424
54501,142559.97
35782,8488.055
70513,1136.0579
65647,5075.24
121654,22928.215
17294,27539.635
56821,101693.94
4538,2724.7126
39344,4561.7197
30124,17079.012
44936,2995.1348
54123,11116.892
67985,19390.963
131720,64108.676
125932,102107.74
79668,12095.711
70034,68616.11
44173,3627.1062
8953,11978.177
1550,6399.658
130015,30118.025
47850,212375.86
18337,62739.473
101434,21738.422
16574,63802.715
78822,24817.967
43424,16543.26
108974,39854.863
63473,46956.35
109046,12073.541
133281,8992.712
99616,7189.906
87847,4659.5415
7744,96797.875
47899,30981.025
1835,89876.34
63874,172235.05
98003,3908.9463
146859,128886.305
21661,27172.613
74032,20212.992
77897,49066.164
63449,17623.58
83138,16575.113
129552,24818.941
131619,44578.125
120352,15487.404
12142,53781.19
143245,5242.7046
147279,53133.223
8946,38286.16
32928,4769.948
98753,7125.627
86709,6840.162
74583,52943.25
38375,9772.964
147362,8042.948
35011,30918.066
16591,4702.6147
129337,10356.604
127397,92308.97
69292,34244.082
61953,58092.004
30793,7320.0503
137098,114820.88
101788,10934.257
109520,4182.441
129711,3879.7205
66628,70217.195
123078,33809.29
32494,8310.069
8276,12301.351
115489,10456.546
100040,3770.8035
143323,23606.334
19012,72531.21
105695,48485.043
106961,29286.854
149276,3705.5164
66675,26915.773
105184,48480.902
4946,4995.555
130106,3987.7698
57241,18337.133
81109,5861.0547
59500,12481.552
141769,14938.335
41469,14435.405
110938,10018.512
89568,77031.82
29038,67535.68
90134,6104.0737
131892,101419.5
47276,17643.494
27458,17115.213
42063,9840.229
87945,6370.154
56409,3375.911
74078,14037.352
134966,109150.74
101960,14320.159
116533,33658.387
66790,5735.1074
79981,17501.615
6857,34953.05
10585,49671.242
50632,36267.57
62801,402978.5
31258,29064.518
21211,159260.45
142304,125188.97
5171,25297.215
84927,63227.305
17647,18735.625
149075,7398.999
119516,19457.059
64167,7384.4824
52115,53653.62
25393,4408.585
86990,135044.58
112213,16275.024
8182,18443.865
118584,53893.035
111262,12982.559
50461,70537.31
32926,36830.95
8899,124316.85
139932,1276.3588
6443,7300.045
100087,27024.084
123989,4902.8647
54868,15976.073
143058,17049.01
51666,5371.889
35404,13210.755
98420,30280.725
77814,86627.63
108666,19068.922
36034,31135.576
37228,25163.562
121340,15384.235
86872,7358.8696
50376,127723.164
11585,11362.329
13595,85656.89
72657,23651.541
59332,10891.182
123103,2650.53
110127,47486.906
54717,43542.562
44432,1165.5247
8516,7241.9814
23114,48767.934
131770,18136.31
110652,28271.045
11496,2532.8599
134651,7929.818
143839,4856.5557
5969,2882.348
81003,139219.62
48883,20429.572
116168,6285.3286
2168,2120.3457
70928,105940.875
70111,22777.078
74763,5692.2905
33807,81482.99
117562,11929.834
110914,7664.9575
71297,94139.766
117190,7026.859
25255,17417.336
50961,145655.73
45827,39031.387
140016,82191.125
125560,4530.698
126468,14734.552
115013,34311.03
131628,9243.5625
16640,21861.115
141550,90281.055
27696,82269.0
39959,137827.38
96661,6777.458
101140,84807.305
125500,3580.0063
57948,390488.38
96929,17888.424
111275,48937.27
103905,10817.767
110146,37758.656
89861,11073.61
10579,8680.853
35273,49320.477
94781,80561.82
61283,51001.707
113439,12279.269
45985,145287.6
117630,3421.1902
5629,14616.531
115036,26536.738
52659,30710.482
93109,7399.2617
76891,1875.8712
145522,15857.357
135878,18086.059
108562,6453.3135
24885,17608.244
47941,9706.737
23152,10773.465
13393,43732.332
112683,50372.875
15305,75840.23
19880,41416.16
71801,17014.303
107429,16253.234
104908,16944.17
114133,20048.44
147387,21732.691
100851,9065.277
120575,17271.77
6135,47137.87
132218,71764.445
110175,8667.844
19074,24916.928
105825,28751.543
16422,4553.968
53388,63234.676
4284,18934.227
56465,33400.887
16768,5543.6675
72285,28460.469
131600,5030.4966
16626,11655.567
40755,29652.744
41546,7564.746
57601,18501.926
50787,178676.12
54217,52535.203
96533,680.9446
6239,65970.27
84764,54698.047
9722,52716.31
100480,3379.4272
95465,3477.292
59586,6315.742
35459,39347.613
38742,6669.3306
112935,8655.894
63122,20574.324
146805,84285.08
63025,124381.195
41347,7132.249
132701,22429.814
135289,104767.54
133838,25448.855
82697,3220.3567
103635,37635.555
18393,12148.673
63267,8278.953
118458,34968.484
77805,4526.0786
112177,55486.793
130196,29717.387
127001,19391.54
23970,72758.44
101271,262967.22
17251,20484.822
144717,8722.828
73511,44358.46
29072,29665.959
74160,4970.1123
65319,144653.84
32543,7810.6646
129155,4539.672
77377,6978.3545
93781,100005.59
38626,37356.6
64339,37660.723
21018,33857.92
114005,17312.05
4467,27790.494
94687,45410.01
24669,26867.09
2035,13789.481
58519,13345.87
99312,48951.746
81636,43123.51
127472,18608.486
149042,71899.195
33889,40692.668
82845,16156.71
102911,35250.85
100458,89776.24
99097,5915.2637
144289,36647.71
102231,42026.586
141103,44751.586
19027,7524.1646
134699,27086.373
41069,77252.54
89250,18883.305
66472,170656.22
69727,20904.27
21904,36462.418
94097,21498.857
54627,5646.293
62881,101404.76
65029,5804.8755
15079,8747.732
64741,9464.331
115585,16045.483
124191,96791.41
72692,62764.973
99771,13611.844
94516,31442.004
116074,19891.592
70272,11367.973
82347,13994.667
108891,28657.098
120356,1835.0979
34333,24415.326
74146,18767.078
55366,1702.0953
59436,3207.118
8789,4636.517
44890,19081.344
118706,35717.707
131071,79780.086
149581,207292.27
50338,117239.17
50303,10221.097
82486,27338.125
79030,80403.81
119053,24448.527
120437,9021.38
121305,14961.538
11746,35089.52
43362,71261.25
132586,4307.0093
112646,16711.584
141508,29006.918
61665,45127.926
14389,32692.992
121045,85251.02
99044,32938.41
121060,11491.587
90041,186649.0
133179,22665.553
18126,65812.56
81568,3643.429
28201,40893.016
73184,24416.076
24832,7365.571
149833,53720.08
91665,16653.916
49914,64811.934
114491,4143.8403
104059,19870.955
66300,3901.1587
132965,29291.463
65926,9955.602
25683,47214.79
106807,8886.136
22261,6529.469
83045,11624.652
63580,22107.664
47999,8579.065
51403,15727.391
80124,19355.389
118093,3259.0862
19658,27332.22
126141,11495.972
147693,5848.457
51192,62267.82
725,16752.5
142,14518.302
144930,6136.063
91633,9898.257
72172,2251.2212
82931,35969.473
19458,50769.363
111211,10299.017
113676,5391.527
101048,10947.617
24331,44589.066
97508,5840.115
83575,193086.88
86305,15238.24
119216,90678.36
23804,3681.086
141379,371.72635
90535,142914.11
130174,29238.03
33549,51984.78
105632,57265.723
40880,2134.556
70772,10370.893
2204,3372.9382
112651,12363.439
137403,60667.527
4021,58475.492
127300,25443.295
114431,11946.866
39756,3801.4705
38559,28499.137
43854,10012.3
30150,17654.484
69036,71615.945
95496,6523.553
140612,7923.619
79899,14614.848
89846,2827.8237
79997,28857.635
67701,17983.71
1743,1892.1282
47264,3734.846
122492,46113.715
133371,385.62518
87618,28417.992
18817,4201.65
144827,11893.207
132960,59985.234
147193,78708.195
140325,26626.803
67586,24537.248
102487,11347.512
41489,24966.904
1532,15822.245
114859,43827.01
56622,37055.332
43057,172713.8
15952,60432.418
16798,31748.521
121938,9364.696
87263,9996.439
105071,150479.64
110537,61711.59
110687,29815.506
3698,1799.0585
122837,92484.555
89972,4446.655
75545,225747.55
100701,9005.487
129894,4587.8667
10921,37200.09
129176,52773.88
67584,15107.943
67544,57858.58
109193,78477.234
141101,15223.472
82113,19271.188
41447,14536.4
95100,13121.582
136701,76255.5
1344,30624.736
66734,27661.469
84003,84057.07
94601,17491.777
10800,5653.527
120233,19333.588
42794,51321.09
145149,8673.763
137804,10195.722
134838,2703.4014
146202,18449.143
123135,92625.78
138994,35165.863
7122,40132.24
102722,3912.108
23262,17395.398
85330,119203.14
83169,10630.064
17639,49420.395
30983,122143.375
91600,109684.75
1694,38107.445
83710,232607.97
147234,33865.363
18891,5341.0195
105837,11197.34
95119,2919.32
16764,74164.86
135831,29488.125
31859,11773.069
67111,30458.312
123818,109398.55
43764,14480.597
7862,10967.147
135271,3845.4243
144606,28984.035
134953,3292.5935
119470,70230.39
99965,12114.543
144763,9284.831
149986,17761.97
22645,53120.766
99412,12560.203
73365,30336.586
5211,226305.28
73695,12758.217
6023,43279.223
126990,1350.072
122679,5868.4487
48635,42606.285
99974,16622.766
100787,10257.275
59130,9205.814
112955,8247.279
102714,33591.68
148528,73434.82
93900,1314.0352
46942,5305.919
78048,30909.08
148858,57594.145
58987,105380.555
66517,5523.694
24037,52626.81
63550,11856.416
88382,99576.4
33208,30108.31
108629,30544.15
113252,35399.117
116768,204950.66
133861,98261.77
114069,1824.2463
90741,41037.73
132780,68514.914
1349,68617.45
48569,66857.695
104396,46296.285
8331,35398.324
36817,4179.9077
72054,66888.78
29772,7777.83
13005,28461.658
111656,12312.709
295,49606.168
107373,31693.188
14948,43039.723
106605,24844.219
92976,6213.665
121101,12060.357
83281,86170.336
122375,2953.0288
119819,24834.754
6108,21281.873
120347,2764.6836
16643,20605.656
91649,107428.164
130612,63503.332
12767,12354.763
96233,120194.42
2712,20500.617
127009,38895.78
112201,122055.36
22248,259154.88
23447,5352.242
122716,4305.3867
44381,38161.938
51653,15806.99
127640,28857.248
94159,148537.42
96120,18425.03
16949,37274.164
103236,133264.97
14092,8185.6445
109512,42008.258
39829,13258.666
74223,6320.419
120540,21210.105
97252,16408.04
105662,16535.746
106769,12119.297
39348,16182.516
70293,17812.066
98088,14214.604
1616,58018.094
9803,71004.81
18130,64675.777
130282,106474.76
63602,35190.984
108318,58545.195
108698,5682.968
137483,13336.818
85104,3279.047
29348,13509.222
124366,77621.1
52868,94763.31
1521,4368.03
83285,37636.52
18175,219899.94
147284,19199.186
62579,7552.645
64270,12410.498
63350,55377.152
138753,122604.336
26214,11795.476
3474,200575.84
31154,101497.18
33878,87681.77
74327,26255.998
48924,55408.066
990,49629.863
80464,26449.605
79245,51559.09
127617,216222.06
14520,10408.952
2684,31019.625
87838,3045.1143
30214,74205.2
13694,4755.197
89474,6293.9
37594,24610.973
133013,24263.064
129769,23161.186
40969,23828.885
52972,4565.887
15843,35618.84
116431,12461.826
102975,19059.125
8176,19348.193
1818,77192.27
131211,19821.266
86288,32538.72
11958,5110.337
58653,5132.836
20937,31336.387
49349,29493.469
148591,19237.441
31942,19916.07
112291,4246.061
58393,21484.041
79553,3715.78
3473,7434.831
76403,21290.95
65899,13535.476
108317,2870.6677
123114,65515.96
12995,13234.014
77512,11638.655
101146,179618.7
37245,3668.7983
124355,51829.004
4052,18200.996
32839,14940.928
69138,10414.439
85776,11430.059
38325,21868.049
48600,7262.9043
30218,13482.686
65363,64720.625
45396,103574.09
30601,11306.134
39031,113169.4
121043,45796.84
42343,28600.861
93359,3623.8904
42125,5102.4473
8761,20488.107
123198,17262.498
22680,53139.492
76216,45842.81
100134,46298.16
67936,7765.3745
42337,6250.9087
50589,8807.675
93313,7409.558
138433,28053.549
1707,15357.411
22807,85966.65
3286,5859.933
16957,54275.164
20144,5883.967
10089,14828.589
87427,13507.619
136924,27449.46
95964,19537.85
142094,7179.1724
92452,4329.041
144384,55019.477
104195,7982.2344
116391,1567.2191
9059,80419.19
64688,33611.184
122412,12499.987
26591,50372.668
32310,1943.6619
60374,11998.409
127372,1744.2855
40521,19715.076
4777,9267.981
82417,43408.703
96680,12355.857
110639,4871.701
132000,43833.32
91770,6847.0576
134352,3581.84
134873,60349.48
8644,110699.586
147581,6616.627
106603,5383.66
92848,8930.096
26315,3156.899
100571,5394.7104
134426,53160.574
49847,56817.246
38799,19684.604
121768,92482.85
82310,18740.64
33053,27262.46
126661,8943.221
45784,6388.336
144896,20261.68
141661,3029.3303
88161,143971.36
55771,9728.508
94669,16379.712
85691,127764.93
140206,6506.936
97336,160297.52
97243,18879.863
8911,52547.777
74723,1922.3473
31704,42511.17
65314,40094.883
133425,25430.82
118619,31139.033
51393,2394.7976
34943,39522.887
104302,44623.613
128594,20973.33
21882,11597.03
14428,55927.71
63696,19717.197
119681,36150.508
27381,14319.761
67431,37879.84
15392,22035.074
39698,56973.977
94229,7852.533
83283,71851.516
68900,11510.276
86135,4049.471
31548,191503.0
58842,27113.55
49556,70309.31
49148,56512.453
50834,8182.6787
60883,35750.234
106211,4972.2056
122419,1150.8203
13217,21205.605
52532,8523.66
107798,5373.4487
123098,53046.996
73296,5629.648
17655,44148.47
87040,13886.901
89267,5758.8745
116803,47736.996
22965,12412.165
116981,87990.45
76232,14777.261
132624,62146.883
127588,14431.582
76098,46812.016
47829,23057.824
86248,3972.8945
46582,31938.256
11545,116666.555
10011,11248.152
117938,5911.6133
88045,7969.6777
90106,18378.412
58213,23922.482
29067,11296.875
101982,56661.098
43101,9206.43
119298,10752.923
84984,24705.27
39688,102585.22
50290,251832.34
74802,8456.192
129938,207436.89
119564,3214.9187
26281,3921.3962
34112,306578.97
2494,1755.5707
95704,5023.9087
87288,5014.434
55593,21741.592
53838,4333.128
17614,4221.1035
121172,12992.912
75809,15437.482
126888,81418.81
66045,51853.926
44954,93492.055
27830,21797.2
57145,5752.854
78969,14981.573
71585,9022.812
100500,4404.7227
75095,156912.92
46540,243128.72
27838,4060.5723
116150,7758.0303
134752,6479.451
76952,64224.2
119340,367747.75
103396,135054.8
118578,331283.5
32162,4025.2585
1413,46504.598
143878,27112.244
66864,185593.84
74891,49806.06
67707,8394.842
110673,93475.734
110807,136594.89
128460,5685.4023
146806,4493.332
23031,751.9803
9715,22365.871
106753,32855.062
149080,54857.586
119318,55010.82
97988,99137.49
107354,58095.71
142013,6258.509
72293,33435.67
97164,36192.12
83923,26612.693
37318,23604.152
149425,71283.85
129999,3272.6152
47793,56310.01
129632,23058.256
111843,68096.28
44563,83443.38
139434,5282.882
36451,52158.848
45122,40681.633
40166,3706.1353
140564,117158.31
87504,19661.059
120987,78333.26
105885,17231.158
145110,20766.838
128291,13519.282
19898,7380.454
96564,17071.941
71738,14872.425
67780,14645.834
46246,106008.414
119369,8203.519
14836,75940.445
88904,7631.998
32619,32368.064
24875,22325.41
104350,10288.161
136471,10522.794
59351,74018.87
120353,239760.4
92695,128459.52
118582,4197.7007
90508,10797.827
73145,3059.721
92880,10486.206
67105,46058.125
6821,19448.482
62155,2734.6912
54141,8939.663
89885,38444.85
79779,52493.895
104606,19263.297
95456,7675.371
18166,20109.129
66263,228274.67
87106,13974.163
92289,117962.26
97479,145087.33
43298,9224.269
3824,98031.516
78248,89312.18
20685,5048.21
112052,131352.78
103322,5102.5557
110160,130752.875
123877,24910.28
34907,44962.453
3195,5636.162
12444,18157.799
109299,3802.9768
62559,17284.62
105709,23706.863
118239,26351.3
147532,4361.113
125670,58084.33
29340,32960.758
32291,11551.499
6897,24769.775
111244,12424.232
29046,46176.53
89520,13606.678
105433,9996.56
139164,146342.75
74534,5657.6846
142995,17771.207
118341,3612.2478
42034,5015.8633
55754,138570.55
119807,12346.374
77299,21587.04
51120,8906.742
12898,12106.809
20240,12551.413
36012,156989.7
80710,9654.288
51945,10979.359
81955,26815.879
124383,6305.328
140444,44255.867
51464,2946.9087
55524,37399.125
24810,9635.46
56802,17868.643
117182,54808.363
48436,69805.8
122930,11547.898
85036,343109.56
49251,52224.17
54629,22645.727
22955,130395.14
110800,4544.801
132115,57358.89
118011,2159.717
41445,1771.0868
139156,8307.484
43434,106641.08
111282,48649.586
91320,2836.494
120813,16896.576
127073,33907.098
133024,71304.1
1963,122192.42
148526,47251.31
87108,7741.1826
67773,21362.02
57043,9877.321
142455,5841.6045
100866,29758.213
122873,61159.04
66985,2785.2583
108473,75433.4
82804,10613.071
149274,3729.3074
40190,9201.409
145425,45910.68
29291,59205.703
1493,97786.35
88420,31202.814
25507,40320.234
88884,4751.1973
37663,43607.043
127437,48205.848
98467,40593.742
85016,2889.2292
44793,16550.611
48935,164871.44
78910,53801.1
85592,55811.164
30829,56174.953
99964,14858.259
115969,71849.59
18492,73554.54
148993,60358.87
118716,9848.263
56222,15512.3955
28279,42441.19
132555,23503.44
42179,39930.688
7216,6201.918
64462,2195.1077
63202,92094.27
98579,14023.304
39974,3852.0132
111662,6912.6167
120966,6330.706
137363,1599.1761
85064,70863.5
122809,34195.73
18539,11764.51
54304,86279.83
127546,16137.549
3171,11701.223
110278,15017.344
19212,31553.63
61477,127798.19
52001,31526.217
112329,71002.29
45913,21962.348
92164,4182.3076
37958,6113.095
90931,10065.944
62496,69023.57
71364,20080.508
49323,58629.957
106600,74517.05
4880,54357.23
120654,13544.391
16438,7402.1772
133849,16423.596
10035,17087.71
72420,16618.943
47756,43227.56
67042,6871.048
20185,41609.695
121744,156805.75
40237,146962.98
97598,38114.35
96982,10533.897
74038,101613.195
75862,7876.553
83850,42357.62
2456,22736.635
66842,91518.34
118519,69953.22
68777,22792.502
29949,34615.703
149752,17837.535
75325,5345.408
145030,41105.83
101309,8843.599
31700,33232.098
82197,73870.06
120767,177550.05
89689,102120.54
11770,6596.091
120529,17670.98
87615,8179.9297
67753,15816.1
8542,14975.033
39869,33492.723
95991,125985.49
39266,29681.592
100095,7675.8228
120189,98549.48
77306,5604.313
95117,6747.231
140330,4593.0415
24595,15808.514
105737,2058.7197
9759,26900.457
18796,6252.3506
63538,95926.79
47797,9172.769
108546,38565.043
111959,2541.0874
75691,81291.55
129115,17093.74
114085,39935.86
146627,159054.2
19764,20767.623
40122,6413.1934
65507,42975.56
93473,6817.748
141035,95099.25
1515,20638.0
54024,79277.484
60353,24235.096
101891,95221.44
106495,145530.9
31936,6289.583
99482,13198.894
21288,13992.884
138360,10654.649
59756,22532.73
118137,5601.2705
142640,8846.837
127434,10758.89
94407,30848.205
43340,59161.625
33997,36304.46
103687,5668.333
108504,9083.644
