ID,price
143332,65752.27363906015
28423,123238.0623000265
28103,74443.10102919184
106424,2440.914102137269
131956,8271.217017609575
104168,4873.493499344172
84710,69800.93589838341
47148,33975.26973508237
109086,15482.987120952583
38564,32824.24411539534
149899,46973.64959243544
142786,60942.58336372221
112470,18087.32546285176
116755,42637.208689659834
77001,13986.430912226931
65836,3770.068359262984
140731,7791.290793983513
64633,39990.281525531376
25632,6943.9879083651
61151,14545.114756497938
110265,6712.97593865536
124734,13156.976542504879
139328,63776.196014550165
17408,24695.70241481948
113078,140655.71930667514
27431,35242.798706384834
86160,31770.648844352556
90240,3349.741679819759
125746,8143.708963991182
67233,23595.881563195977
12727,2017.9366515913043
27297,108279.57393684905
100107,30273.61339783985
78057,18409.04986408967
120699,3984.2102118654375
103773,18134.6635989277
83526,5461.702324643917
117882,23556.828067918752
95656,181459.33044878038
115883,167875.95770545953
26964,92156.67986017285
100993,22390.050223312683
78237,35225.040603282934
25657,4607.863825622603
47813,13347.350190403351
22145,17437.16549288974
90629,106926.968298736
84591,43741.13980626465
124399,13733.07368632179
28464,9840.767325869423
128984,34401.50190186275
124945,23113.84387033047
112601,69421.01307563069
26603,1307.5961999286644
86261,128902.99561027576
109053,28975.410713801553
80297,11609.045903115883
8340,4527.02185707578
22349,9639.301562439663
122786,40059.01965055304
144859,3821.485191318185
66345,24046.999534797775
2404,6950.3499229596655
42737,14319.086080826017
65365,625.0978475198372
44842,6162.697707753798
75876,38251.0464711004
138784,4289.843719508281
107468,27348.60240482966
52770,10788.580842719584
94727,18803.867624938477
83223,26372.554332926855
31989,69492.75339256837
76357,2780.049225277348
38048,15613.595562225823
9150,17230.65570549279
115436,8316.140971502224
136105,30215.07143554605
85939,39459.63131440016
68193,3662.948858668514
80527,323922.2309927846
21790,15760.921442470973
82148,18497.64503936795
20485,100420.49565720485
37293,19434.266683052585
46932,78042.85287044328
90941,17497.651963778346
57365,37044.99628967131
22635,17782.991612038448
73830,73117.91784110873
41479,13450.766743471793
60507,2128.1711793833083
137274,6122.536052033581
58305,56886.58660332844
101931,2027.2593310717602
43195,79915.42305143671
116633,40313.95767308125
46402,8200.762412052769
63165,8571.101598997118
12219,22783.24384938572
15562,111535.61107907446
33702,40233.83260336877
3982,51408.48401366544
55637,74601.33112216309
122731,34951.82804544166
51374,5823.9201603448155
8199,7656.482748004127
137197,5412.487065532705
106088,15687.668702569124
135145,35079.801902646024
145045,1755.3230984306713
87997,5239.754289625311
44903,42249.813705805085
108112,11633.14844196379
25933,13974.854507157386
146773,6571.963467575553
55470,32656.21747037097
50249,4683.370366610767
37988,70487.83680793269
53408,12741.487858830118
141587,16883.24692125173
23763,5468.434784708767
90583,14019.608714310163
19691,5117.919710946417
25354,55003.50611117117
62963,18413.187985641147
68954,7995.575257282466
97372,38931.06945362762
56003,135721.59153029654
83515,26864.608032196535
35304,20634.35822543868
63270,77096.77743512372
1218,68057.86905091704
54427,30376.925962278612
94965,2372.5575371268033
16127,56965.744729550046
11747,48546.44960013418
64979,30047.584966052364
63750,52643.29775697891
112386,125140.60378955097
135958,7453.2805826460035
146866,15584.67234915513
81139,1504.4503032899
40148,143719.7010863333
135737,63746.86525121665
10916,179649.1665674525
141077,8086.6360458259405
110386,13613.301596186753
24837,103920.0174986401
19398,32972.94456015154
8577,15127.586083316604
39185,37193.65019538041
129153,12251.956333949405
7858,148693.75269585263
30121,25179.43030222082
60169,26336.490092207132
119343,9984.401790180256
139982,32414.23054029297
27181,6306.767844962094
46729,25834.765285115922
133220,13969.480891910953
71246,26268.50119604332
62621,8410.512474544252
142617,33155.46283149737
65520,13979.837551200932
91638,66082.72267003836
90216,79528.65534148946
114492,4022.334761285547
115092,4775.8748272178345
148524,55706.17864989119
42403,4741.947661176295
89670,10008.639243797712
97981,6043.308770482195
137222,5987.623151723961
90975,14548.18254304383
129567,31645.961869865507
106711,22228.81081024621
131989,16962.586249194097
128743,9961.473001731558
28891,5041.02104313219
34485,3991.452750244125
94538,29113.88141327508
13977,2832.993277400458
84937,96624.70442077552
46935,7037.009213239675
55980,8066.981685248859
48242,11301.15936561527
134363,50651.5841694779
40171,7462.948719746497
27922,29114.967722609374
23901,57628.894102351165
44060,16287.40360133685
105829,31226.924264408164
88882,10153.964498912332
17796,30968.752422803154
54391,15735.0657456912
69208,9861.690516379638
122589,151323.8852959242
137571,14613.449590904458
99875,77334.89649318752
4808,7072.019859481898
34148,11524.641460303044
104043,30278.89818803219
53610,30503.28192424283
11982,10114.635814316647
82591,42486.03893479281
55809,116535.12620193839
132867,33468.93465852122
21270,11728.787570536671
12666,23155.601025499804
107852,55718.280709186976
12438,9243.507823333954
59712,12135.900430997175
83009,5050.171808137467
29889,65212.832395205245
39491,-460.3541975154384
22054,7170.4000575610835
139139,43490.86549895025
142974,114178.2416071154
141853,9417.557022930496
124850,25121.91756579005
88968,122712.43985348295
57929,24045.20105901933
131564,5703.081211861179
18025,62165.08198279599
98108,18025.764244955764
81113,71386.58850781382
33858,7513.069729334002
78981,136436.43803115154
143825,2964.9197424330405
141046,34791.021586425835
96871,3873.0353542414678
87440,47462.572884042645
6117,11725.055171641576
16956,7603.6876954698755
111755,8711.68883246897
95914,31735.753510860406
58664,4789.529366650281
145503,352.4760568701669
1473,8504.807833886092
95776,68573.13803334702
143996,30983.328678771988
107759,9071.742593433537
135471,17485.417594301103
136653,40112.7295450081
128809,9801.543946527921
89664,29746.536817494885
96852,102133.25162792469
72202,35930.07558452305
37918,46724.18536486646
21105,12888.72690841884
34722,9585.059230268082
141237,19565.0616286846
1857,31638.318007053145
149609,28922.735412500188
130465,177611.86044660842
7687,7847.494165542916
30639,31836.85416325031
71,6028.397863387048
127003,54480.12214385513
100489,23518.450091428927
44517,26642.728403675676
5601,6727.822448053224
146158,6979.420528471426
144614,10711.207060025525
8189,27849.753386313794
117894,18861.216603945664
58328,14328.488761518705
10292,8148.037953821091
130807,43450.64344132902
75343,41814.381620114145
76004,35399.2045442138
26894,5697.117609111822
124381,24420.588413640315
103662,18442.481982224966
113306,14220.539159600477
47483,3514.55480088519
75676,202906.0260439263
28043,12935.404176249378
149755,12402.040910604412
68409,2858.6644217420785
61575,73991.35932478779
78183,18396.044505721686
145108,48187.99673678784
147020,28262.606590063602
123232,24676.098517177168
33442,3394.772467184741
144239,52139.38143144277
76639,23717.90631967965
18233,54079.028558157435
52889,55238.17479726093
96159,5121.401914166171
108513,4620.1680921754305
116818,27750.588751055853
94947,6869.690168195084
81734,2163.19318219369
99068,26755.755756608047
45432,4278.93678088839
77718,7375.957968137338
36103,19494.576975412583
80463,20466.502953985186
147209,186417.73547843457
21209,16049.33990720142
63003,32551.710771797778
83071,27105.442974386668
129548,26951.120195124735
99854,5029.12465896466
62727,15965.772986783631
67350,132688.58550806914
130895,8020.055480312762
112438,15227.17249380608
84622,112480.421667743
117288,39690.76265905978
45889,125313.95863692426
94041,10251.122370513487
111258,13993.415648177262
86067,17760.671592766394
140763,14563.036587519233
42756,8167.325344412262
115378,15106.523648965767
55788,5817.544749198698
122287,13326.489524746941
115139,7363.426199771755
30320,26105.139542921213
142404,22991.66888002773
33540,18530.472820302326
11912,21045.044948171904
144987,11630.694589028713
66991,12849.476855313995
96793,25351.1737324398
91503,6862.246862728229
58291,66640.71491767594
133381,34491.13764115131
111966,32450.02119130645
16925,53109.36848569865
43726,96588.30886612319
22231,52629.11365816648
20903,6198.951649215325
17031,14232.458249600975
35021,9934.393725024178
71481,27307.6931813015
28462,169661.79364066842
133862,41178.23566882346
42865,10411.12986814524
74492,83016.63714856397
20110,189283.16959024957
67902,43802.04107559686
53328,208440.23650683725
7035,86458.90439785627
114788,94883.85334149844
8704,202155.08694081093
125607,36609.37568233064
66147,83466.27339820954
47875,5668.006204826998
9240,80525.53595047123
50598,10535.095244182703
76769,10654.35878748613
60789,61444.17865007234
91669,11075.505653724822
110108,5831.824263810758
36865,26879.501948324756
120637,63443.64158621584
130574,52016.66380642563
748,18904.976683977573
95683,24994.307849164496
20137,10459.87492124895
38453,1701.7566313175348
87313,7059.884055620829
5841,13770.47659589948
32360,88883.32631054611
69794,22459.21199403491
48449,12673.393143504076
98145,53529.90406361193
28011,52681.020522347986
122677,11896.453374628984
25904,17398.588698097843
29643,86991.68086160504
13532,30320.02136675849
78896,109115.82422989068
33685,53470.140357075856
107424,30364.838574159152
51093,37644.2212738798
128724,55673.491030574245
8288,45127.14116433228
37271,12853.745127208917
146173,11691.586742489526
14386,127858.64362117104
114794,20656.68826241817
120060,11628.794402970207
107842,132606.7984953235
115329,20339.87108915333
101754,27151.685771984976
88851,14382.533422226212
67334,3102.3113218203052
94558,12069.101781064837
92150,40286.14126412437
91327,241695.4844612047
118728,2010.0867273814474
105319,17050.430459012063
83735,20641.839021492317
1831,48338.47332463812
81382,102136.34028513989
117489,5736.98572134958
130222,119240.33177707098
40587,3320.897461767346
84122,48824.30153251605
57744,60396.28410456997
132245,27556.29173259186
35520,64774.64747126021
140284,28830.653141746527
122421,7151.401512691866
126878,32089.856120603614
35370,41039.55462795931
45981,22422.296117627317
132670,9872.421538523708
110486,48591.183485142436
96368,33871.562120526825
29955,17945.307947637884
33834,7766.765301591261
36366,2780.9546422923445
143568,107278.21759261652
149245,45513.51280964161
75274,2165.711055643865
119280,53848.93120235398
142479,7100.253438341001
115529,17826.654637355303
112703,20609.52543599344
70649,98474.75733503231
70567,10939.808490754007
43017,20260.529965588157
24430,8664.596531223133
28990,5953.9184935749745
11736,11852.392943402781
7162,3994.9395176203748
45178,19410.99964375028
95480,13172.295101803373
92046,19601.439154949137
19753,26578.459940543136
6926,38480.82947555297
27660,10774.073020461048
118770,5077.509801940889
16077,45434.02169587795
975,3545.1743231498826
110509,54474.06359602116
60969,58375.851207757165
60515,17033.302210891972
69198,66135.86624235708
69769,24206.749040811963
80767,5843.189369985791
57071,192348.23993631676
54853,24296.596786924933
146026,133429.16499444976
37668,131810.22210882077
17285,49821.57796699482
18078,33251.99025919216
85965,49728.35739005366
79682,2489.7596735277393
70109,11406.594344653797
36479,18142.55615068427
107832,9935.842442381025
42630,80478.7179222506
7163,7564.99448651295
10695,3170.6696206530005
46648,33717.61043321077
48133,5220.311790576367
118761,6131.4211081137455
116370,18238.443495283216
50401,9207.053772504385
128174,7813.279711281113
62519,175549.3114118692
28557,1536.8335236840894
49345,6526.414120100758
41056,3240.3229574043603
99602,51550.005527038826
55885,15098.888026501896
75582,51702.457806281294
115243,44850.62726411005
82017,62708.03063868981
70516,4611.963139482434
41674,30064.22081769966
80927,36377.979676965275
96939,4912.505409993044
77405,47638.00171835498
91012,14236.172895950827
51972,145774.67254892856
793,15557.31087683024
34404,9811.886786939649
128953,2915.6603276827263
11048,8772.749084723844
91886,12938.939755771149
123421,43991.882256608806
89137,36805.119633053095
107890,30130.05589485934
70028,98297.56630231853
86381,15904.571147925233
100167,7216.894018799889
142078,153385.54854372988
76368,58183.8715104424
76933,4276.752120718463
123096,18783.084491400845
22101,13484.08629707463
51122,91285.97182869821
122640,62607.04962521582
110910,61462.29201888503
48815,25364.78906538219
51932,2036.0473283265833
135321,80718.04163450513
46117,46830.21047652367
60188,46172.13023906061
97767,14299.486187331968
32595,15313.893455777481
68490,19555.67502946585
23224,4368.318334230564
11883,23154.382684806224
81677,44933.23165543437
39697,14415.182307339797
7775,162162.77309078706
80636,23584.283161664633
53581,12050.25885239486
60368,112461.4698980045
27179,7660.273555390191
12539,3975.9444318199776
27322,50468.04462824283
3049,8859.332779684322
128381,10145.661561551346
44550,9867.580222164652
137907,16207.564903980408
45128,5404.561515846685
28767,61104.79598627481
34656,23068.310715972144
138020,63449.383565597454
90399,13330.920737402344
135150,5291.089619980971
60478,8243.413927093121
129377,184052.84904005233
109054,28254.469306830753
7045,31314.717830922324
1591,49496.61987920282
42541,133873.7985243887
127655,6037.4860335408675
2413,32915.378982020615
104852,35584.621611211725
38618,63761.73792747219
4557,29120.00578285556
125861,3566.817116366071
78770,70843.73815763662
65692,95835.74631587545
107804,184219.13469417932
143693,59067.183846345055
40783,2102.214341413214
50851,12618.925937859456
45995,8116.999129777451
106906,124641.69235600541
9714,41042.066773960534
3567,1831.9807622606133
42503,62546.630650560386
10003,25449.061701404557
143321,3685.3994211765735
795,30397.66056499636
63505,2067.047526039528
78436,7590.213560074279
126425,17607.641731472733
27139,8391.577077029633
146203,5605.504991068561
95987,2959.7705314984373
4570,2573.6982754659093
85928,4927.906493784371
37627,28106.270198217306
62687,28619.790806539386
29413,10628.537846198997
31106,24102.833347074393
13570,2058.113563636799
128018,5179.3187201239225
123255,17788.701978478377
134515,22363.851426727684
102365,75981.84911035562
79857,5222.346605442246
149445,91955.46094052769
92665,3611.8680008113943
73456,1164.6170001250532
60908,106960.77686536261
97448,19418.558047762555
8289,2476.867518527052
110659,24140.867056756648
145033,9316.821941532658
16575,84559.86297668201
135575,14010.93913079541
58877,18864.28745521942
56332,6705.934315308479
141588,47981.067657903375
115359,36366.9076332668
140549,44263.34787826416
65447,85957.76802916056
119030,40357.911499256625
11586,156714.8847971625
16373,27616.997833680703
58394,83783.96255260658
43157,15526.25489644929
79761,29926.837029967868
118108,19377.87715122854
135127,52364.06152308972
13883,89010.12066124397
86643,6741.527866246055
148873,27948.929869904216
62969,23993.164231903174
17822,21953.538739246593
48143,84340.9236167598
58481,62147.35724180443
56913,63035.59729318795
60202,65243.94694264658
131514,28199.611638401344
37357,7223.176674069633
69566,2730.362552065774
95575,4272.001437653446
90739,3840.3778838319804
74446,3553.97618084828
54007,5018.44414940298
92761,4671.233173797071
102676,23157.211435053912
145556,58727.38190951783
10425,12365.433618921274
122937,16064.954313026274
96560,26678.026707693036
8813,11472.528244448296
39118,35940.51291398913
26075,84993.88540974821
29311,93872.5906527661
3402,23596.458398007122
67748,25296.622755905057
122986,5958.321584989331
24841,43275.55903217197
64909,18109.837684550836
31208,37674.77640726432
149892,35554.50793007856
71504,18768.733757240152
111824,90421.53998175617
88925,16557.826172852634
9020,18298.422576317564
131411,13569.82850525923
55631,42256.9095088671
17426,10055.000352213856
129854,192599.8497113817
118528,8296.82990569005
90635,116843.25559959601
57911,16480.260521612014
33029,21955.20721992826
26890,17371.7839328952
63378,12813.85328332708
92814,2999.6103800929122
110832,6106.227748606825
59224,75403.05539585193
105422,143899.32892915996
7015,64042.43245254303
97511,23630.373513861243
96965,23354.06327300484
70219,16658.197484850964
81619,61996.91693791963
109675,9634.69106932086
140316,52806.546470014364
79709,6885.062246673804
88547,20709.87023718176
55333,15811.379777801298
100952,31611.964078490146
147145,16327.065111468695
77186,55449.70915577689
72318,11579.048196267102
97681,9950.144847366142
22700,27069.36583870994
33818,13734.216105413323
111115,103408.94752388122
9187,215537.13109013299
112637,56782.6643441823
21020,14159.20768460112
83221,23631.441506815892
19242,42382.87419202061
73702,78187.76209021069
101430,7420.629055746564
121408,57533.06708626336
84212,30279.215520420912
119132,25852.76497197031
46892,150594.61523735983
131200,5404.6525305525865
52029,12581.799272324362
100210,4608.07527383903
106082,9891.94224532538
55501,59755.661852335186
40554,18313.823797240748
21756,5925.758952410433
148268,8741.88761617688
113771,3916.0764520603047
100858,56235.05721708773
3768,16077.595510015759
59118,3644.439920550472
81694,25607.04881130988
140873,29280.722597121017
138797,6120.578303956533
93486,8822.730053040264
97276,59120.63223090517
47348,53616.275940290194
29149,19760.753406657175
16418,7638.462560215106
53,3423.1110618310286
91111,65964.31670074307
46908,7091.108615991914
66141,1455.1189578528079
144121,5131.941439475719
92711,19468.628841807255
117794,48124.65713301149
62547,44184.854309057635
138463,121901.03278545069
81768,4225.959953209679
68210,6318.3826502998245
66513,38526.37239161746
94423,71026.80147164656
5074,21618.897182938614
57497,28405.514754383694
66286,6324.468848961041
127792,139728.71816023302
108351,4082.5559417776462
5141,9546.011206371953
62952,9276.797107554108
18815,23695.688350107543
146153,1292.9084847684487
119792,7335.736635536616
78940,3791.4897793204664
145367,9912.020335360283
25319,59722.82676193632
131374,10201.3210228278
90386,22342.10986907305
77798,8113.882374741578
140756,15144.019054205643
86953,97152.92703443792
30988,70961.39355183681
97287,4673.985309797055
53150,181672.91872666444
130007,4442.0040707761
29376,7658.912658884779
93380,11394.142523495957
111083,7288.168757200538
79683,36067.00300904877
22599,11450.837383205113
12696,122620.40708124652
142508,28402.724586594613
10176,9858.873820563875
146156,217716.21860970094
120066,32278.47979296974
29337,53148.64425046585
50947,26511.15300094425
52282,15093.964545431154
10331,6042.496020757673
56814,95295.9496770892
134930,23906.332370330423
98175,30069.000475065026
75946,7937.151599749205
93207,12765.158139844794
103511,63626.27258180422
140064,17448.971015539966
70665,86925.80611624294
78211,114325.69277344414
92308,2057.6768162268704
46269,6930.454206460835
91298,1634.1668551305327
27430,16273.132109258204
98144,1025.1160452363004
75601,63789.344876303054
70143,5265.617149840922
147413,21107.672313057043
144153,8746.804256902578
65568,46920.84263951818
13813,361706.53712115757
134007,14183.622281432661
130111,12495.295575731736
13220,16376.45531604916
71795,5747.80770528962
113088,102972.22520243224
65307,4071.7750841469056
46576,2486.6871272767858
108570,6107.431364104008
140170,24060.89339686236
99696,14611.010659435258
134180,5892.449000457479
76870,14345.37755450953
30233,23421.50744833413
70333,17892.71926407485
48229,41664.26545871198
80997,47667.51264092073
68219,6163.398480982006
63711,55679.29195322477
131051,2720.740032553965
124066,14259.92230337505
103922,9153.250773082287
24819,60827.58132686648
43811,6050.962132684531
85014,57570.16976455409
18076,5686.869950893192
127469,61574.85457097326
56036,10206.348727220258
55963,9498.896728899354
5037,14932.148105324664
33692,1021.4361856923322
43894,43227.55786498612
25997,2624.3684829607905
118752,27097.65671753291
58334,13752.535713319623
39450,32908.59878243581
108011,928.2350951486005
116152,6021.7586657819065
26091,9694.17266432061
78212,14356.650972207291
61209,44153.70790262715
94272,15368.597576240012
145961,66044.62860595742
84606,18102.83137616572
26853,24400.876887349936
79738,31828.190427541733
21093,7047.730524659332
133842,126864.5250870695
56570,46217.112172462126
10642,139945.9456793421
115184,6203.456741751724
19767,15828.953816553938
40572,188597.5223128735
14304,17765.96657774198
10510,79300.74108412967
1899,94864.93803539609
81816,2214.292618539377
38476,56834.7687826865
50020,4421.495714137103
85303,49278.380630220665
40281,40609.571848429754
43738,7776.541054173602
52332,35796.13237929547
64902,8515.080540414352
114242,57352.478743717504
25786,10385.393493471853
11757,7407.165358611103
55764,72692.38070494318
106983,134356.40478926964
112647,156776.7966671844
30755,8676.097751497815
53115,5385.163231295003
136629,14929.289072925476
128538,12876.37480761734
20605,16453.239634373884
56288,83177.417660988
40526,112084.51589992386
81940,730.5170884313789
41620,279432.37374987383
47929,62713.45925537613
80918,73778.78581655453
139080,28364.02034336003
49269,22220.316694910303
123517,39791.82736853631
33995,21117.436704334345
36340,3966.0968491603644
41828,9044.490055425751
106785,9242.051688737267
74266,165205.57231323043
41216,36297.60514923219
105680,10520.117612965805
141407,18958.149611963556
56154,4283.839012911588
5294,37156.26231729463
134203,33946.857199297236
77796,29537.3014310966
72396,58468.53166241545
36209,6874.040382476142
97600,55928.82698013478
35284,70512.20244384503
68333,2835.62795585774
30614,15566.232330213685
115022,64404.197399882454
63662,62993.51118516631
91196,1253.9646166087127
110542,94982.81235723192
99755,91789.10644663604
120106,24779.806650101662
114434,25565.18451925404
68012,67661.90274215123
29409,18084.296926546318
33382,30895.47955905393
15154,12561.016917450663
70650,62720.65843567847
41366,3551.459177310429
19246,16778.883564031363
73323,13341.438637023526
147619,8152.387976525845
24370,57771.05624173861
61481,2632.83844627538
16240,40946.86297469651
104868,3848.5425687586303
96829,7313.53571013015
64327,5995.61931308591
46936,15838.591766678863
132116,18822.02456168468
114811,6743.814805366874
89992,7368.936428392127
50521,6989.82313236972
149576,15518.600955905868
50832,20768.898728629752
79877,47092.14458630661
84298,19426.487192618657
59245,42042.96933595195
131354,8512.345001377602
131678,7700.409359431518
120961,52858.867913855094
37609,28805.279408755443
20631,172005.85731650708
21928,34679.6980810655
140167,6764.3015535918275
90324,166824.87412495012
22105,3813.8805258791594
41,25149.075843090603
109477,82390.6901023319
41810,21823.450613460638
108993,46926.013042813494
16112,139963.64602822327
11988,5205.3554253380025
16653,4111.562102750476
122704,64786.65459331782
95791,19500.218920114887
20355,9875.100813716934
141343,1044.283757970767
8978,168559.30151318296
6662,11211.048886338674
107601,19039.958027614408
109279,6757.086329301475
62307,13787.692510075627
101241,60441.00748556566
109882,23972.627207336365
116170,8797.165519397737
44583,63977.60054338007
28168,6623.257575344562
19441,111644.75987962088
15399,210406.5179137073
37992,91716.3305806135
122688,2801.4025338678903
711,55429.312940229785
144355,16101.815749231364
125632,96423.40241069172
96828,21428.483105144227
108122,38910.61992891372
74934,10781.241450623113
78472,100986.8637511874
8348,5223.798134868799
73911,20795.29885740045
96185,37456.72431354794
107521,85253.57185358295
11237,24090.527458724457
73054,34728.17077789111
110663,64881.39807194122
125321,57585.289025437974
3656,4053.121452985726
120478,8931.34605541928
34227,48674.19132725673
41189,39704.85570518706
25290,93265.07853441653
38013,1264.4536007146296
79084,21716.432392510636
105511,60242.738641164644
9917,15606.183778336912
62605,80602.32184497156
92232,5882.783505873356
108187,5926.911158690886
135477,82547.61940116347
35238,23793.35083407397
90255,9520.632656978538
16362,27910.699220963175
107783,10825.825115594836
51045,5483.134084324288
82561,31633.653036619755
116700,71218.46552614543
125981,60634.06467158771
101238,19610.315298581587
46373,41611.15514187921
48127,53767.68133817565
127554,3475.2352869290253
63788,41611.17941738063
1233,22219.48298237421
129672,124446.95153556185
88603,103609.4572804409
17947,6645.590232426385
36647,190773.13961384073
11280,79445.82951832934
98811,69777.79690950026
89825,19836.78894096213
18775,63635.89170394947
53166,61332.17773580593
436,57589.55867564004
45357,154153.60340793134
20973,34820.342557763724
68824,6032.992623114779
126197,70049.32529578112
143947,12916.142028673843
3184,14474.78874617708
175,9518.85405898301
4193,78573.50690618926
74411,48650.5484208091
32305,30545.468493463013
98826,7752.539907258131
55195,26696.322933991363
142994,44696.535379006455
43112,1637.1020021624408
81255,2639.2539132293105
33939,59006.26917232819
61479,10362.83773188872
98645,42293.953140953956
132784,4776.472945901127
19646,54494.29402728496
67460,57263.25060278103
74216,60090.97839102237
54799,1268.5428077617855
25661,31487.393109749075
63909,5440.910903629534
46813,52263.539980130445
17501,5501.355292244118
137220,7577.917458398493
136095,59111.04976870011
85489,31416.772940450617
94867,54901.54922456491
5375,15604.21239802552
4171,4314.336005251313
48497,3968.3157562723463
101139,83068.78106820397
49010,56132.565738944846
146125,19676.128122048027
117939,33981.95613619211
143550,32872.10795791357
124572,1426.6266720531037
59928,10754.245175229105
49497,58271.54165353157
46883,96661.5281222102
14632,32806.45327569852
148748,67189.10543989729
147754,38644.10157514316
41903,35884.209869803526
23833,48693.02318925924
116417,9598.237661390333
78081,97977.20312755794
28824,94506.60757747329
117764,25383.025601183777
83839,7139.696321090256
86384,17234.38503492758
94881,105032.43075562557
45534,17531.925834346257
56988,20800.761630209083
44,7549.855487406475
86763,70479.70162896594
62757,3373.581133285546
70883,22297.344850966358
13501,9582.827053706385
123032,10010.425540133765
146194,2317.457704601982
57857,38479.79132750097
131643,58127.15656758502
28762,9116.991016240538
115232,3694.9674684871657
11313,34373.58193420739
117778,17563.041723767565
77981,2667.2688020265873
121710,51410.6157245722
129590,42635.15556048053
71533,44802.02775886856
78104,3995.026530379014
81790,44087.2319572186
54372,49514.42603422361
34178,1889.4592400145414
93006,62811.413634619785
11546,85052.63737417218
118526,18506.558990161007
26090,3797.502428801588
46286,5025.81353617766
18562,17891.692985746293
53998,5684.398373388244
79593,14127.622826291454
101819,9106.082208617367
53098,99826.67763312887
67863,34330.27270047779
142528,20191.80727443125
78184,214796.82733192766
98776,53296.62513839243
75854,10350.822497263458
16436,19722.049084869708
73251,45292.564193684666
145117,26387.776794669975
98047,38008.13566912353
37751,66875.88737710973
123940,15406.556692013288
8862,197553.08995273194
48949,41347.469768046874
93081,36676.60742087735
100848,25868.52238666294
95167,8088.621108056261
109827,19588.825174224374
67063,5325.206960313648
20950,4247.176458475446
140189,68132.41132264015
108588,81474.37243903926
28897,7784.111961183609
68151,19997.61679640972
109888,29983.40514245056
55095,49697.29062741581
71101,169039.76510095876
73634,63076.3148855074
130119,1912.1951764092769
111748,5897.907833728645
71379,4354.112792322107
115114,85200.44958784065
123948,172904.18424135863
120034,24280.026298194385
116111,12467.13136545247
33469,35282.60519783427
28723,28042.32163406242
22433,66220.6616700155
82444,58999.68332248703
74469,90167.53867032588
74838,34340.43967353378
25539,66700.01575105148
82997,8594.342572267093
137242,32073.638188032528
48167,9746.613687785255
78242,25776.89592187827
116071,14518.262952343299
29524,145947.67789615158
42585,5858.294402745435
38290,2842.216881463222
83342,28800.722159456243
24416,76569.79037743979
131856,100229.37035972705
13733,16501.082320018253
25943,69281.98054686244
29873,3875.0349800127774
47100,16551.100042560414
18676,8685.093452530205
108785,3756.2159302689165
126651,58241.62164213923
21954,8164.42496297616
122657,5437.311612749
71505,154665.91024251355
103630,11023.525286646445
97213,9379.139995742844
123505,61561.01486021614
11935,29096.672012618103
113706,10809.305967850958
11185,9565.080857056717
110152,21618.967680010668
38033,44861.96144290852
129223,5746.351312297709
105993,38186.909995886774
114854,21910.35071020425
89733,1343.159549600031
22220,48084.55990857102
15102,12883.008521411584
119500,16356.571921450839
88977,21864.07114991196
20640,11338.33062541802
136297,7634.2960798714375
40207,45002.75921372038
85026,21274.015349731002
149566,8491.940777186906
142540,5630.841687209011
145775,77821.43378827359
24381,44276.777817760834
107123,2170.833278003147
98801,11025.900017615915
144959,37080.21130997847
141361,4455.908850844823
53148,49431.96210413135
55918,29871.36525473739
38248,193683.34672790783
30910,15655.05101559409
76562,112993.77319571452
7489,19469.30323376795
143433,15370.828331307592
36095,3902.3210471751913
129884,145538.6974982419
91941,17688.33565286266
149246,22884.77967948302
10670,17857.564033950104
72550,3898.6599921597985
14722,19175.870837743154
38661,13518.428489505224
144230,21752.158945724088
10106,5853.271505910116
99100,8409.636682547474
6022,62177.19496738344
88240,16933.773307097672
128137,82881.25111123986
51627,50597.57934102736
41298,4123.6447515630325
102305,37063.70053970066
73879,7986.538268642269
91675,22832.9307299318
63828,140847.14192346568
67738,14810.331241904003
9017,1654.0151915084634
13803,40242.8625302042
54020,14158.293295731273
97701,12846.518861893466
510,91467.3605723972
90883,83929.74518191637
64066,53829.05178997726
28730,43138.33299190595
80529,28131.3788554538
144596,6679.50947735637
83706,2737.9626085312407
53867,99914.8785998843
30782,11674.371117349749
8190,14554.615478386831
113888,79527.22742237253
111636,23887.902367304385
113409,10501.734427487683
118900,8838.274752857977
140572,18939.097816556074
131934,5940.463024043202
24643,11652.75203340749
11707,4404.463193355704
57743,8609.779053398202
49663,27335.290360605715
55612,5288.445453714416
80285,25174.190412357737
77094,32229.85828446565
127895,9373.579113512245
38045,8204.787462823493
36693,10775.718065640855
67014,5939.066407701133
78372,8019.421960219666
125204,17674.043693942018
17428,8313.46889212884
111288,14807.108219919824
41199,50904.95046161833
138491,3362.698925030447
105525,14988.636079162114
89011,33835.91304607646
133127,38268.632597747215
29520,10361.07824332343
76887,16706.079346250648
53260,20291.222977436137
1389,66653.04816928632
1487,13583.662744076013
8648,14054.815013347245
140755,9868.112200851929
69294,52508.01499845906
3277,2268.1095828806256
146884,50867.567351254416
141863,4587.306000858186
25413,115185.83218249521
64235,15498.046147792445
123640,43574.16772536412
54036,58661.571153636396
77262,35299.629672121424
37963,12003.804144448279
60601,13622.495307944595
40413,10790.512679682837
114917,124040.08270396014
55340,18861.796500021377
43252,13240.761262873228
136354,166187.07295067573
66031,31063.55189780097
136311,22311.244329946396
104371,21210.582403956458
9246,44793.906426980946
138642,131222.3446538514
55491,4387.411981316742
123544,12335.891273418862
64471,44893.67626326482
67672,76205.44563038352
113480,6404.734932626873
10068,16980.153447859426
109290,9766.562914726264
120173,15573.686616059682
14424,91795.47036177928
86661,1929.2137767666316
2987,18136.305971369835
124132,1634.7110163191428
101022,22104.876986294752
45231,60974.133284224525
43215,92945.57488266678
30556,81112.97802124359
98417,16894.009369424297
22069,39420.038156397015
1882,6123.272058087734
88592,29017.311527199672
77002,19650.47189567153
130996,18883.737768174662
126614,31458.91504985748
59632,14724.074975305874
69110,3381.1822997133495
35142,68987.67654306795
61651,17147.50640185124
79692,96557.82301886972
105643,16473.094072839132
5333,113292.68473988888
31672,69167.46269787606
47272,52282.108607771304
35987,7256.100123734928
140522,93941.10154562237
9855,105373.8369717574
105503,1869.952967909777
37214,76510.3546623135
7089,34884.92929801154
140366,70882.4628829021
58329,474158.2907000879
149094,141361.82967512467
53771,36735.3048534798
85736,13736.327690728063
38506,157585.20852632774
61956,5572.651686446096
5944,34403.36242728797
107969,37703.7771843689
42491,490341.0507165853
53527,78798.92186577596
92751,50792.28051129758
26929,6316.25559103114
98174,49350.93525209459
20980,1513.9594874574482
5528,14221.104758199472
3445,80651.42691272905
17129,9282.832555265562
77565,50357.03597475641
97457,88150.87478460798
67847,28460.494448516885
38730,5273.036171478639
146759,30168.274162268895
55742,17545.832539825366
3570,8000.908511775806
21669,17490.866634674538
78661,9529.746352065551
48809,2048.685346119945
119975,7841.79155944532
83029,5930.2250767893165
41731,5456.2135103266855
24043,57235.85887271212
65338,70974.52248795559
49715,10740.26753939766
22295,147573.45210718247
109139,3965.3941925807144
106025,40898.938479585544
119119,23680.54751001601
109715,1545.6651672621456
113807,46703.08235210895
39936,8366.535496138737
75613,25810.437199145563
4788,32786.35388930572
43352,7230.237932941566
116711,8664.945895717454
10961,23360.249424618964
21835,28052.236829543457
9406,5890.696600485885
120053,11502.492079905409
119912,106107.83985254806
62922,8332.961718296227
133491,4227.613660886137
105739,9472.316505245235
55645,49621.99152085266
116300,4547.655481952772
54228,37846.48000504254
17265,1541.4741859842038
62515,17596.265767400873
114307,72087.58309019585
110362,17438.815876681554
68224,39171.00713554948
39611,10044.13078993926
30222,4889.104569171732
137360,124712.13626637984
147339,23326.444877724833
26922,1792.9816184116248
105122,56276.28370411492
33643,23310.625498439542
98677,26542.54460045077
14360,5950.157209583258
96024,31672.59442707475
113428,4294.307887332287
41248,9543.418379650331
71123,52009.720572449565
54022,2343.011703333762
69072,1221.9350842673575
63228,68010.35233853417
149248,122720.58563768656
89238,36461.19191834352
149543,38472.25224765393
130728,14615.344017375082
118502,17045.91845508265
23560,18145.735901584667
138831,101006.33761409244
118492,3427.43171651407
95026,3828.7074487200075
149240,20866.262115762256
44311,8480.838976167113
97497,9646.227001552706
95629,113556.32795055644
42699,165741.54415368492
17672,2026.633124157283
38695,10165.45363693313
138647,35729.0558460934
66139,17436.225931590205
126334,13814.14161894919
82058,10333.694903085627
74986,5804.857042453592
149235,10204.458058122205
2924,5362.19820877783
17792,66979.16844280038
142581,24752.649779537256
94190,12237.156876778641
44182,26110.603280575604
135163,30158.58777501697
102392,31834.985707072483
87358,5932.400135002354
11221,3817.7969496431333
133469,10717.748199523085
3319,6025.725767677271
73261,7485.06752244541
28570,168355.92549725238
94315,10928.696668419161
92888,44633.41632624065
123920,3841.7437642791056
133123,66623.7062540325
35835,97720.33816224095
10517,22000.56913069375
54396,20447.459991960422
71365,42603.645464431196
33455,6482.188265962239
58615,18429.523142081787
132679,7158.360314260895
91386,4456.582095457758
100648,22024.77057250643
94539,33580.78676268906
94376,48964.27723352174
117750,13142.955759866032
34605,18170.494978962135
69225,5718.5349948989315
73560,15580.966620965106
17257,6226.033946912915
80468,8256.632781589191
1156,39120.55563911234
48221,26011.471585024236
132769,1245.5938963101992
144283,5741.236879268571
9196,14550.40631466133
17326,12525.290291850562
104560,177687.06551970248
1935,24098.957492760434
67781,33829.09648432717
83339,35824.87790743276
107409,23370.32665869715
143274,10455.35736982674
96731,9061.337073470817
20376,124841.62597667753
30731,3609.011314028936
59041,8756.295986275652
115802,16875.808410236394
72789,57155.83803793676
43305,50765.260676833386
59258,14012.154322281103
9767,136108.5806491142
68269,18493.33810803842
20815,28239.623000869866
64932,117869.29770416694
144477,45695.91510311429
68084,17590.529644429338
75285,133763.721120353
99368,7298.060447548822
141681,63788.814440817514
72150,4997.902422234608
108773,27544.710908295725
121127,23331.69608947857
111800,54937.79050857719
71703,3554.7681246030184
72250,26342.996076317057
120997,12503.876834783727
70481,14242.078054825457
20497,71631.64460564971
709,39020.381342617206
145963,10272.282659126227
60720,69637.21605181096
34255,99430.21295054542
105046,103204.0087264107
61040,7512.884500446024
112501,39560.17673129175
2135,17423.065630516907
65102,55693.06955692736
36494,1833.40297528542
23310,129549.02111444455
122146,47652.80194656154
88133,24730.35534632721
68259,4087.217860668263
71954,25265.496183298746
79821,132781.08444650125
121133,5696.6016156151545
19769,3533.640356213754
41774,38200.9242418262
48038,13148.191124062108
105667,14710.366388352788
59612,30364.90120174396
90351,74546.39001752716
93348,2195.5862886205514
106864,5623.508847122677
52228,2059.4821854701
56065,55946.80895416791
44816,13063.5662778036
13439,26405.980115681625
79604,22472.629783422683
113022,33736.7619998089
8967,1181.5457928994508
48715,20258.43675969021
82200,33029.618750074325
28110,4640.139533491162
84900,45508.453150538815
65947,4770.358957729806
97294,55759.86064969709
9312,23918.363900888296
89280,14410.930971343094
76300,18294.599317531083
8127,10399.711113075577
101840,33745.59823680573
45343,78992.8625474707
97616,3406.852125482747
140626,87099.14630257622
112590,38329.097814994064
54177,10203.616421807592
17287,3883.873621403623
47336,3539.0735152821067
95586,19411.936934610516
106749,1877.2791262922808
92498,62718.23562697118
75147,6985.485853329619
127022,20885.110027920495
56241,41925.081502215995
80163,20142.177056954482
97961,9474.3587545253
125637,64174.8503916352
7715,135740.4182679545
126908,15718.533426885831
132069,99470.04700207736
120749,17837.890910387152
68136,25704.370709833718
1084,7775.216389152811
15565,74188.17696910797
149085,23667.803997126597
87035,259287.9807082444
48014,18860.510246537186
53028,45386.18211658441
135571,7344.676039652983
9091,11891.149938732127
9033,45513.044278674104
64369,44641.90366645969
27233,5949.636326479769
36616,19736.825583382764
32441,6809.557580240296
5962,41453.499286987
88423,611.8142362231064
147072,168611.53372877633
118319,7684.285063221886
110024,15122.559270812162
95263,20995.270646020545
99061,39875.538058283986
25907,7676.841835150187
22249,78916.69599326473
68946,5618.7797250759395
142061,70031.28921430354
48769,51245.98280823898
97409,12931.653862907438
148394,18135.801169440943
79905,6170.072171695338
13094,40717.70083897883
44046,44139.28921347521
40833,185742.69284758726
12476,6307.217571355395
127585,10811.125854485337
50242,4671.9426761625455
9703,37538.898908504634
28118,11681.716232913637
93112,19082.157386320014
14444,123444.71801822829
21915,1793.3573743311806
53319,6654.9924918044435
46884,6237.131477197154
5226,52759.29056127999
140789,8845.902991441078
108107,29298.726939899836
143784,28518.992006225868
27947,32539.16241798184
146531,80509.58648163373
108902,31369.7726488677
47207,71384.98222559756
121015,17005.324110001508
86845,89385.40965069753
124124,24123.790463768742
75215,9332.675635977545
103314,11573.993745986969
72481,22273.036038208076
85675,7772.153374225946
119623,17743.173511738838
8179,106311.80715126154
24457,9627.235877346697
100258,4015.844431894907
6623,8029.398242719678
43788,96240.329719209
9802,18789.49940612605
99877,77994.85323474019
33893,20617.730551397835
120709,122711.39285860963
142524,6230.65474174481
144259,206727.71457335682
34695,9501.711068212779
41172,18625.094811883046
22460,38049.075979791174
116561,59612.25086279625
31568,100837.01483754834
90538,15352.915397142708
76969,12096.068247033269
86591,6392.134938640966
99002,29432.141893031767
149188,17985.21756176946
89285,8552.535222411683
89007,5523.63972740005
24818,18647.215443471858
129676,46274.39537057141
20755,24280.84817852635
71980,147332.68823147134
137100,84182.92732049544
23269,12065.016500983163
45390,15131.13237047504
35538,13105.123330895567
147541,20977.850844791057
25541,17919.966908711765
84059,20766.659030142946
50916,3638.3377288547845
111424,72830.71765776697
136659,93518.9668190335
69977,6094.200506074903
16755,35572.09356118248
33822,90536.12346681657
89592,24266.915303764352
142262,32603.87861354797
145661,1966.809837978861
98825,94245.46922867563
55004,1200.9232089721443
95592,4124.352958336279
85083,14769.687780185937
22346,41437.524853049814
35264,3521.273242858882
99505,14928.551551803426
18669,1447.5329022075625
6553,41733.72201158121
95703,11694.29832981461
26800,5961.5504808697015
81799,24362.48715312542
52679,10688.342373862264
91530,22288.160635318804
60403,83167.77840847705
110500,6807.296123331908
14720,14267.598860638911
19831,5591.902453172555
119423,31959.262971843324
127794,8962.078319455057
142302,26040.736852739286
105858,10860.097333071199
85539,12054.702402999073
133194,7634.58344224071
149074,9543.273452444793
48725,6603.2032863966615
31762,7184.013041178285
125140,4914.407875896636
141451,4336.934081071114
5935,14082.726540022006
77662,76159.11359906483
63229,31040.541255327924
2761,16089.715951927585
139878,6954.7581133184885
132396,123045.109351161
115877,16919.183056791255
76424,26970.449650606908
102053,92253.85932521812
109147,19105.158733079563
8255,41646.68675311772
99403,51361.25634590506
78182,29185.019067048812
62740,26777.506102429747
135099,2295.9999602892403
34548,30348.21520141301
85528,33039.93442704892
85350,4860.969571700351
50073,12860.496857273165
124607,66211.83351438268
15696,39609.90728999392
10589,47472.69706827898
113184,10704.773608692825
2088,405951.6761242083
141044,6558.4913017798835
101995,105894.17347061302
55229,3536.6117194081285
40140,85410.75808540967
24486,74265.68542837133
2474,15397.285373009217
131471,26924.862562593153
136307,7866.7662590693835
58284,11178.76612774657
110082,2239.4531605108978
122078,6213.44728293307
56405,68304.80384342215
108962,4917.678090189252
119632,6704.241238437043
99218,32786.614471301524
79138,49901.768223260464
12074,12074.355668417851
117169,4900.093470853828
16157,24318.46381484379
21236,12257.709683812376
16987,20177.682625925165
83360,18322.092255446383
132981,4928.7637734003565
62774,13948.786653152003
35337,11544.788524272264
55215,46228.79843069077
136444,14990.003237091763
19790,100863.00883590177
104653,121556.3986171413
134502,4794.2137641052905
51284,48967.05734106716
19343,58032.901930330314
59678,24758.678175031226
64726,41766.610192323205
94422,17756.593663339852
75181,10955.98404742382
17641,25462.82921741057
26560,21794.734705958355
146862,81054.6244597202
92580,1739.3697289378777
12588,17694.548594805943
51999,22001.28729748482
61413,90992.61324828785
46598,11250.070216112348
84424,59787.77884621444
6013,8465.390513141736
95528,44210.009598064185
121996,2894.497679843893
36239,66510.27179936085
38758,4361.7052070318
41626,35786.27041715928
79050,13386.9411342089
32026,20791.05144794564
72144,25756.627014161226
126042,13694.018885156514
105395,11714.28780319321
36984,14429.306936935707
93037,51022.70403705815
38591,16761.78085026142
47885,22075.26105290976
1654,21252.938858175854
128414,87413.66003939157
125454,79782.90631897768
84708,58956.0721462669
92256,21816.66004671506
95136,3893.8088832341114
80447,7200.333075670498
26246,113077.55035618818
13506,20499.40654759458
69892,16261.511185939034
18256,23511.027924121772
38282,6974.561896949669
111458,1866.5904127208087
135309,28391.455644726775
116927,19771.290881321405
8713,133495.5237201357
46793,18411.218106671222
123911,46181.46842625575
132832,34633.44099808858
93322,712.8350328178885
149238,45116.83492196968
81631,6507.841479467821
31987,89305.98524688755
129947,111309.2536850378
47777,1024.2614533715341
82137,40189.45009004474
57578,6189.498419269925
39628,3797.826336800031
124663,26955.651291575836
22967,1844.9569659642812
71084,31046.293909974884
112786,31982.11190550893
75517,2166.810972038647
145578,94596.3471480369
133538,183314.6159464342
102419,11326.28096179873
43431,5914.547856578621
35603,12209.015923823164
50886,102259.10416008424
75259,10101.151881508677
40089,8960.104090804785
40515,41033.98709868942
76819,6032.465556232506
117782,7135.065421225301
8988,27256.205144358144
77427,9792.845986149388
51032,4224.311155399438
2763,41117.105346956225
122778,15366.926610485494
21138,28287.701848613215
125207,88619.48887166384
64361,24105.023135168332
76711,36840.91668356664
111316,9366.562740190402
20333,-462.6627180287852
131243,11833.67349372993
38687,7162.869361277204
38188,26764.85430083784
49062,9402.907921248156
1182,8254.450625833722
133042,10794.927122773897
119565,16727.953399195594
100162,55506.42856687361
10188,7762.226805812947
103651,6575.248275614659
102573,60795.48840310931
39461,6873.4757511455355
73443,9929.267985186621
43065,11691.463280254105
93655,46767.25491346305
47156,19377.36355819633
4804,21421.256357965234
24505,1007.5116186192021
15072,5250.602214852981
17413,2750.396006874047
95363,43139.83780827994
26383,26519.979988988132
2055,54013.83322249094
12327,40858.2338126485
41107,18466.089817135915
144957,13260.530280059229
48353,22648.505304201044
134262,35387.60902943663
82111,1081.5472882226577
56278,1979.9466153450535
122626,27875.66526143452
69338,31973.332979824212
39882,15622.121545041464
67676,4641.344812691017
54673,144595.55746075668
93613,56780.18248295497
98968,12958.346851254624
66008,5523.1049559705325
28983,26966.270869298154
101134,29868.54731383636
70132,24779.312982981228
118634,2752.09887267108
108100,24065.914228791637
77185,32476.65705888829
42608,53685.811168419415
134451,14839.212753419943
105052,26900.133201118515
149114,27332.95957661381
61438,3536.3916093139132
59417,10415.315678652623
29079,74660.00142960012
41256,11196.182418947265
14181,4092.5502734604297
9253,4227.2497955503395
10453,54692.255938799295
95719,23662.655359328906
106940,9574.659434095229
30934,117978.63068424986
2853,46266.634594237934
30431,76188.66176244608
132834,6553.246241135203
31678,46930.20406830989
91645,43442.81168747761
83653,57458.54539179327
138592,41956.76951627609
76316,45140.1216027189
45184,8104.59551465356
80459,10256.124841469413
59581,15030.772252832181
119290,49888.56928248769
50420,5433.088448947818
145554,9879.401075761492
101658,17207.60493372029
75438,5359.479088699008
124213,17741.76907568944
48907,45124.52606078885
91623,29680.101503098893
92779,105570.39558534781
43619,37627.468689006564
114795,74302.31879988557
28707,44846.00910172092
128712,5637.007591356036
114631,2456.5832458655327
19998,8720.174351061727
45766,10772.428764516779
98439,9799.451588170643
122066,11937.115794560039
88630,72250.50379721643
124088,41018.431496436344
9858,209248.98099936222
82206,11782.82848626735
86228,12432.465492457966
102166,4915.880701022005
85184,122960.3620491046
5570,11044.924496788824
96203,11980.750752277418
139810,1420.0037459695254
32343,3289.0463593555514
105953,26280.40816487347
108005,6538.027571778798
43232,68933.05357572336
11290,11916.132451610672
70636,82428.34775717485
133200,8242.997926516367
145757,45327.53971324988
97727,44651.92652533583
101222,37444.79756650565
112547,5483.639054099592
74830,13439.355598568347
10141,65637.80129134156
35274,103172.0084538474
126488,20349.402474349103
123696,34692.19393361027
116744,192.2299161252193
134195,7389.605104809937
64376,8978.897681779123
111836,20057.404415679204
68857,9663.674786576368
33652,2791.170233567079
5645,4597.9196196797475
100883,32682.735388730092
60445,88846.11566743479
62375,9425.904112329874
97927,11149.493844110371
146475,19753.154398479048
46832,15335.446275093473
49758,54467.44033321689
52340,7327.182332259311
35737,26953.61193327819
77739,4828.038966979647
51594,6519.325193180062
123392,21465.81370657
142425,13268.27624593091
146188,10521.902224608835
147394,108481.80622932185
55386,57033.39328568918
101876,94544.51969094499
115664,3384.626623842087
9954,11927.891213124492
36488,15171.067952882175
147626,7336.8736230804425
139717,11626.190889288071
147783,97857.77201544191
107032,60798.375129869644
142809,28016.949311540204
5821,62040.833752876264
6968,26290.529593502717
145340,12027.55124528482
51931,1996.906023720912
32359,61879.42448789953
99838,27437.84150296581
120218,149617.51577322182
25210,32055.783105552866
55711,14445.704106435722
87142,12488.066566273654
46319,27438.12164867737
121386,230582.0926466786
59331,19374.209157063113
88725,11867.188780296749
113641,117348.09031712747
98748,34170.524720831396
46328,9404.619978747576
145385,17534.561771736087
81829,2557.5249373792612
41074,123324.24574763594
67193,130448.66467085127
123900,2991.3638920305916
111912,4993.339298594241
78433,15310.542658394781
52442,77560.25495672035
23008,11009.89826360406
47381,14647.645847264912
52836,23540.792873045462
82687,12659.16685528911
77504,42709.8297728404
108824,9607.71919549488
59505,3369.330242439079
126939,18594.690998655537
107372,45007.87416425786
8711,94766.70472894424
61912,7574.377567232868
53611,35388.76687476936
7689,37473.69953760399
8019,54945.674423565484
66498,1676.1205932854175
46761,86346.75858826123
36413,13819.414318294555
81228,14822.574807604533
71853,9635.58130814592
17151,31913.59892739749
48320,78753.76216452137
54456,23561.18844178954
50008,3991.647755272601
83878,12162.15369606967
136,4241.8678367284465
101310,44604.23091403284
24749,51371.27459218631
71608,22540.271777161568
131394,5210.098087494642
64927,18786.93734927482
74649,10139.00983676958
58863,6149.9362450678855
119679,13146.128926627722
137478,42045.568543188405
69080,8464.181637323629
117164,128663.66924420299
5777,22506.805925742057
24622,8351.864066065194
6279,12056.828242104832
58916,15760.164430634868
39272,19795.963824562827
142767,17923.79894282407
105711,3953.8496116610722
20482,53449.7996068601
22574,122102.582943747
21256,15421.807851886952
66064,8860.398316727693
61389,35100.57756746874
80117,74033.88617781797
140067,14396.449884407444
125135,64537.13751252957
8040,77142.20552630011
118917,3883.3715424951997
117087,23517.616622207854
70515,9143.463410485296
115435,75658.35248385389
8934,19675.27173154381
132066,13267.155170011685
14589,12639.36225640678
45408,44720.81289984949
47171,14222.01268115603
8054,17827.949009933654
20511,2256.285671537945
51483,20272.44277154584
63184,22011.260089131494
34570,4413.2147823993555
9774,28218.346598259464
111503,6860.322289028578
74786,16732.041614844413
149680,50912.725459847774
67093,18506.412112982245
8154,29123.013582411764
59729,19491.787840637506
139564,2796.469549124804
116961,45797.02172824822
84489,5549.405793014226
32128,24669.785461638287
41414,25520.8427457555
43580,13112.87295310619
149433,15848.191846481317
148921,42686.77799855711
41088,10964.522472239063
131921,136118.94552353054
6217,7183.155049324556
45305,11963.362202190609
73462,13373.529341839127
69846,52118.71681271693
67066,131530.1882157081
126983,3960.986815805767
96095,46780.38839990301
58118,20103.720619496416
16631,34861.49447503524
99794,17897.54530451638
16628,15918.214539510776
2425,8021.449004347786
116013,44544.557852072336
1416,35768.70314022358
55464,13706.67984238112
138191,97070.5060225095
807,11581.265662020978
131121,28207.14808040827
80232,4600.03246883902
97085,8208.328405839813
12096,1167.4208227843264
83266,44024.73459255452
101942,11800.939993414344
64146,19696.49111077829
117451,2607.3799451016803
104696,30564.43382500656
91793,7882.071995328321
12951,47127.73220797081
87131,5191.310032562447
26077,11516.120338456942
38689,56639.02037986806
137077,17599.738118722085
80718,10106.227168149766
67401,5941.362019674174
5736,257683.81805960598
59155,50035.56851882142
91867,5269.038834918183
111720,17061.447409598466
22598,100954.91712044718
32379,4542.044123833277
65120,49102.40210236294
5412,20658.124713134275
110059,56595.9515740143
146566,6040.67788933169
5910,12941.119029940826
35188,97741.29236022223
37434,810.1754089033186
30159,70005.6064196128
66718,10621.481782207033
33847,20454.09654404758
80226,10888.81376844442
21982,14727.814217902447
74712,33566.746529426695
133571,47311.781132898075
14352,51181.14646505185
8211,73920.16588171895
63972,14193.176873552326
112740,206343.83041754414
100790,4990.601003731014
49703,49066.214259626526
127186,117096.11969083051
140124,82154.41484248426
15980,9680.285939774056
6177,28748.279407136604
62902,33117.629912231125
36044,25676.28463054524
103078,34245.518355468696
79663,213076.54723129325
88739,48279.85339629291
27067,154024.14278103397
17414,7068.104769571936
141483,1562.2568065487046
131709,4827.527596740444
95013,80327.34128334204
38267,35718.993129774935
128524,16658.88453819958
70931,4006.536970801719
61512,36040.98389915368
7173,18239.657625562064
18771,8348.07465292905
94120,168346.23154476268
139186,77205.83016214613
81365,51086.673291734834
137970,9086.977736150862
49192,17594.503269364523
11184,9279.758959187682
69173,27800.42450579663
146578,16396.417981055078
8533,12232.510156450617
16600,51220.84287109617
104054,96467.33485335454
59158,63125.68334157777
141007,53188.87406072214
86042,74687.91136359033
44774,16989.514802526315
131509,4117.026081381814
141529,82126.84356358266
28026,58524.33847490733
96734,42268.296574765714
120484,43009.5566310241
103086,11813.11570722824
64276,27191.03102169399
134904,36234.34840077301
6130,18014.223057972864
28231,44635.66095608198
11643,33310.837656287855
53416,1624.4281118327465
6775,54458.651076323025
74744,15480.965027093549
8240,27840.568231423807
90295,49639.06706416132
140055,10181.56372079379
32841,6190.57117498954
44430,17461.43639716506
42778,70472.40726184251
106263,12324.615984432388
35240,16885.702973027466
39748,19293.495142911426
11700,56025.755884063154
74774,45868.49277225211
131932,27797.721403667587
69473,3241.249904374692
4049,11635.95376736315
106367,15799.539769511783
51646,2252.2973796199003
131304,4982.9540189336685
124001,61106.20290410942
113842,28701.31628939666
14891,82152.45108813347
38025,9057.892367521508
54668,51000.182140939876
116731,24843.437501215507
76568,13823.503965908596
117013,127948.42245852688
57439,5763.355689365775
108689,822.3288662931147
58187,44508.03234255782
6307,84752.32051118823
19711,49801.0268408018
93027,16410.430629788796
19093,53347.92362982167
70331,156781.2704107404
90874,58432.31010386486
146789,55281.37116698448
98337,13035.879108242825
53287,4982.64325606327
10385,12679.166731193141
76111,24685.27532143063
130420,41375.278050651774
20657,42814.62667297017
25985,85805.9189800611
55854,52462.02826772031
142500,70614.9480878086
54275,3074.957872389444
57408,16120.566257627594
55033,10599.594894758595
134786,24320.904356704697
15728,9772.863306226453
58562,47211.679201371255
103320,142108.95874793525
44979,3576.4635752854847
2985,27029.521805617445
149173,12822.30497758152
99017,34159.42284590875
147959,5918.441546489504
147066,12485.804612782018
123484,64610.33782097013
59686,125058.15586141974
73614,3644.2867533391104
135847,43527.81220101395
6220,31751.316112562527
36099,19498.410818816374
52217,112145.29209161887
8147,19004.07851219528
36854,19066.93404931818
77794,65807.72092266013
73580,16241.979512198192
143744,10008.742606987404
84043,7775.0351896565535
22024,48298.15463278698
12461,114456.85117947959
41503,24778.369656201634
112100,6822.127192677062
102285,85992.09757266325
51099,37137.185414400104
145107,30230.07907328318
132722,3397.275521997986
114220,6640.962665827005
2625,32273.730243749742
44451,11101.31681870442
63647,36533.98681812612
106392,12366.246396006049
25713,35977.982707468705
113183,2518.000622078226
146487,8119.529082757666
81663,65603.46199784154
1784,41972.41699355869
53702,2205.941630401173
103449,92847.01520727738
137771,36293.525746737636
128598,27573.20556156846
18681,39662.18217717086
101505,23691.284506760254
88157,7816.896440782194
9131,8148.393933806976
70064,31617.664064614895
116829,31465.454935475846
40616,45405.15518403794
101343,29266.505492269083
30143,7933.773548760262
138378,18329.812916009385
29480,13861.845965106375
8417,222223.1689951242
93450,21302.02749612199
142529,10255.544453999826
96727,101344.9833266579
140490,25841.031155312423
36431,4288.16951417952
122357,4871.461136723895
102090,54872.0863613811
37216,166127.7133419345
147932,20452.044344261234
48057,43515.40506278044
42996,3481.5390839806746
71735,75349.02091057567
105922,28369.03953886421
123719,1557.086418135425
122602,8223.90298476671
31215,32679.76074782182
11765,36146.562546711764
50671,21896.333600762333
63215,2206.7733716983157
74888,44132.34589405454
13212,32565.355073103063
45991,18462.99657539287
101234,233320.23120838948
39658,9117.24655783354
32983,30452.128066789257
137464,165258.96409398026
120088,95624.2230941066
56721,21803.64862121603
1008,107310.42776690563
7004,83925.23735102743
16210,133671.09005333946
35461,2955.5536298832662
105491,5056.078338810512
45832,7152.314556031923
137688,2940.13478825485
94149,9395.80634827321
111360,6014.551895391459
97569,48796.50734284079
136891,3479.2495385518177
113008,6139.897247938212
138709,47023.03698517619
124710,102844.8257200082
78260,1541.107863330782
99082,88981.58889391442
122984,41424.84334659752
147913,79450.82151559387
147987,10761.545740494637
35093,41414.12879251058
67135,4363.361922865312
109457,116619.13305951963
95217,5280.208728339841
5564,13500.103284188168
100296,25271.93386876503
110142,39382.539063050994
81719,30225.76242000138
73073,8128.856362547494
11315,38297.07053740427
7453,103125.93806080829
23149,51229.320307013186
105335,2434.475897960774
142886,21088.880910773132
61313,22146.571468265003
79670,35930.93215655188
96801,39139.52328462784
46713,2629.78564317516
66314,36793.91733124412
46169,72277.55395976861
15413,51528.909357148244
18656,51041.46322839409
69168,9000.977206766074
118173,1779.627110678808
18294,59185.21895216268
84373,25073.726832513967
76845,70204.96477448526
112416,3567.072094687168
141576,14792.722758575846
119518,18699.36711672667
96199,109212.98351994509
110459,21439.446667196542
34926,62934.64308087561
34952,2062.7857304302893
142002,209069.76353684918
34338,360571.78331266093
91813,4767.794257304171
79984,2418.4308878607058
39163,20819.385479907953
123956,7830.182418594557
83988,57838.41402571146
23118,24260.161928082605
25282,108273.93247180978
106315,15396.89559100413
128529,56775.14944142712
71922,10654.653742369066
62771,27930.502065734207
19941,158033.53966914126
77575,5566.431864929538
98503,167030.61295385245
88093,5193.002904563679
114626,36350.93392524778
47539,66438.3810160204
53834,12163.54469630959
147490,30692.17723992594
19817,29282.755542827257
127598,61094.97997539253
113590,135599.25303533894
71739,2493.731205257725
77634,4567.944296791837
127138,23494.123795361025
12015,7502.299429465913
36611,11472.867135831453
86966,48331.35716979002
7042,22042.862620901346
46475,52133.32825279787
57725,17549.69518313959
121746,49844.642421539946
1180,44453.755067832724
139783,5577.245039977845
77400,4080.808961171373
32546,12558.047680084957
103706,102284.61827837692
115791,6688.002250839678
17210,34865.462478162626
78847,15807.952171839079
10885,15968.10174562732
21458,57080.42051868801
137377,20426.42058143176
123425,11736.7443700616
34491,9151.384780316777
47787,18140.6582874647
35012,8982.29350105512
146934,1983.3719765232054
28234,14016.83562079714
43784,55438.83118338771
13175,34971.62977379013
93817,17819.905526830356
39656,13285.742275488667
21016,27417.16356111993
128849,72199.19244637742
58447,10588.235958213783
121720,24499.349488579464
18161,1588.057861327651
94996,66213.13845051789
102824,84105.391551863
118019,54942.35004670727
96501,66710.15989899935
51158,8018.503114888903
28419,31090.76420080472
124314,1845.1770347903566
140336,6774.6574495460445
117056,148218.87060634937
109586,99827.87787889034
124810,27685.036377430057
34917,29390.26918855819
30756,14863.25103674521
62084,126812.06434228092
60475,20160.98104778568
82393,42095.11838911991
18149,30275.343857678734
11718,33488.085892404386
129851,27018.71920166402
8045,6921.82031850477
137346,58974.63732875184
94911,29484.091242592553
46907,45617.37984423108
132118,194807.58835427876
113223,9195.966510138267
134430,50318.746583446926
98187,18456.236408285957
5077,37954.192089376214
45423,56247.54907730734
135187,15698.45340952818
81480,6266.124660115032
102695,17912.89000502508
78907,28608.467571321256
60031,25732.410030166302
34874,6054.879604735814
120211,10595.303856211203
121385,13192.811863402054
57207,25789.86264669384
14992,17897.5594593159
18869,45150.89517053883
146540,14664.292035306415
53975,108683.23566760689
132519,77430.50722137431
6650,48653.237523008014
81428,34822.7744352316
75118,51643.899130840284
113388,94253.77346593683
78136,1089.6955181528606
39808,43679.30984261558
139184,61058.85253673737
143217,26923.818777674536
57570,10007.259615564022
89294,273885.1144003714
79419,90960.87311279692
89008,76471.45953936141
99117,8338.308454142727
18164,5852.434651735872
143091,33753.43440578872
10019,23785.610172540895
132534,119579.29303112069
21530,180151.66779031715
62196,10675.86745777397
33537,16574.345206066002
117388,11870.66699794302
15313,20916.57398226049
37078,3428.6896880062204
113293,7138.599194463351
4298,191805.9249981463
51384,10579.976801036595
142503,6524.807411873911
69551,15804.701392621871
72412,25992.314791491743
141941,28777.456008376288
54525,7540.895077788834
109742,102667.05751014085
18598,46676.004049023315
28391,87623.12157075043
88658,118029.93778053415
147752,7852.355519137798
65011,3924.029412322618
149118,6934.8627055941515
24373,32023.473520384538
140812,69774.3693185073
123384,7576.974230255952
76864,2903.629822916242
129346,12614.19903004283
9579,20793.30810165033
104007,5136.1970104364555
126793,126676.35420958941
135890,4442.373690154058
139567,3715.446152650762
22479,42235.09369909221
115239,203010.57315993542
37302,31241.548309299462
91293,3031.837505972433
91660,49090.77230439906
80965,568139.0758806353
22953,74026.94574035944
76246,193049.91198366863
47548,22487.50820254889
116440,6628.2427543589165
37545,15818.507054252634
92109,97349.20568713667
85460,19024.610438798994
43415,10240.016152793887
119264,65475.54338748945
5824,12960.180910628249
48748,33253.08188092999
17861,6509.917435071664
70909,141887.11274766282
148760,27657.300124417
136498,7913.887247356002
106598,56411.037738377316
7237,54262.360782271244
111880,5953.215010538593
29308,10309.048982388931
60956,42131.399476471604
78591,56988.96623253485
44379,3278.398305162911
37818,2984.2133384914832
126321,77899.41749856804
65625,15240.88624202726
46455,12350.354170546178
119922,68844.71397406956
122145,8160.720232100499
61487,1603.8881468985883
13569,13251.95224097485
74858,35132.23948122806
77704,2297.7030095617047
32670,59607.867162056435
58745,4876.606698264266
59424,3559.634372148032
146835,13562.286278311167
30771,34951.30351165899
147943,3464.4759907764383
68699,4279.220714822379
141181,41994.378539574136
60115,41737.48781352851
70586,6900.42167755497
108010,18454.297851608644
31073,114636.58205769636
30484,18917.380047030194
121618,2552.8464178494505
131101,5163.194280709204
88005,97321.54501426045
81817,17784.828921492335
143196,14310.173800942413
96181,9495.501354748776
39537,11430.640368574388
70220,116739.11624134626
70271,34555.163200875795
87800,20448.435292864993
110176,3612.7229880763557
119790,92472.85099130102
121903,22263.01194913473
69327,101934.37337108776
4544,2417.662924401404
112139,5130.392101778138
38217,47532.53003638081
98930,146091.71603400784
17450,52556.63160023298
98985,25964.182083431686
142838,20833.644754261357
116945,38594.0558848619
72400,36931.29180765014
103371,21871.98820056681
44103,32166.216269720666
111903,25820.90911984721
42562,29781.16740962857
21557,4453.432749256462
3032,90539.75463389704
132859,15260.26364310279
84406,12035.001334691
17703,78572.21696190229
29196,111606.30227467226
30952,2539.825548434622
44770,7492.973195613309
110292,19640.129043666133
70888,8210.458667229961
39493,6915.41689674266
115938,5640.722296950769
112608,41514.24817589707
108905,11110.479161960267
94984,28083.9414667494
108560,43808.82592776163
38529,6499.563228463079
6736,7101.754189024823
2367,24871.66350353681
88377,138826.23794214512
85122,31473.099961721167
116805,16921.31418243468
57146,30746.8282037522
105089,93672.81220823625
110881,6887.586563533121
93323,47671.21971760527
44541,17926.078100669005
11543,42659.27953626055
6859,50123.409092831265
91570,196843.065657174
15752,49483.11931348336
79585,33695.5535401332
19145,37810.250026897775
18762,22882.49556340051
129687,67217.50068701722
42511,17158.178298543866
77146,11166.162836040052
139234,154057.89890891907
45564,8689.804456591586
101791,88396.52177614658
59367,48400.5901657992
95464,87783.51169664311
63438,77361.89585364664
23028,157028.06116737085
98343,54502.66369628321
107827,6998.418348670377
27467,21842.990088958573
19609,18703.31768616348
13198,41403.55546514745
93883,115516.73694466711
50369,12781.59552518232
132645,14342.182709411572
142657,20284.92710942997
68593,30410.33862805577
139973,48075.35769777658
85989,19331.302546937044
7799,20248.938187610092
111612,40293.09068175398
93150,18884.28870697192
107897,9547.60198748963
22603,3352.235455497071
127142,168884.98804423027
70138,5008.90469640946
30995,25137.269843720627
134714,3008.0758072880953
135854,52433.061168547916
101478,114182.21899479316
33559,101292.98003411767
4979,124639.8704112811
31641,14820.511132999507
13356,12215.182655179402
134193,49740.715966781936
28525,7739.851734756663
130640,4967.719448115187
89694,42843.450570592686
39522,7770.5841550864925
103846,12715.222869411216
48831,7778.529630199632
707,6391.038304170641
24056,32839.995593679574
134268,5071.536622246673
34469,19245.74933511285
105899,47948.688101038475
134261,3868.3727784222037
124668,20614.88695399603
130417,22827.42814294892
119992,2574.633182683091
81673,26555.527440831873
36426,22315.119272119013
105398,4824.339607458875
3608,56583.68348245301
75675,20998.658258068408
65353,15782.53222616394
98905,84148.46063993509
87932,12775.150933827663
40380,87560.83521482634
59078,8558.808218290931
43084,51605.49244345388
90820,26849.10012483877
104739,163468.15408062923
142517,3372.7913678846526
88002,26096.23588063285
116631,4713.793165316145
31259,146983.37153955843
74641,82196.22254072608
148429,14343.310261134346
66682,16461.14737732847
72193,178305.687005774
123514,55456.609233535055
47102,5059.072150599093
137640,108793.35461894165
23475,6047.149176789273
139598,44310.990374259294
132062,133265.3559464277
96937,43940.168287649416
147263,15222.4121594717
6818,8517.460231787449
78975,49830.28889898115
127924,8883.356313697463
33300,9060.545767663647
23413,4046.9569143833087
31186,9353.495077587073
15504,6571.192845780329
87987,8029.578644540836
138252,59426.3289791431
133256,2096.5208255570215
114193,31110.83602936949
142619,9483.701973409712
31233,49086.912672800274
13872,20620.38492969765
95418,36782.41152585705
42158,20268.666068402268
141051,197671.59037069406
116272,62413.25492742573
45785,83562.41221408722
98984,5045.670748803081
146467,103718.87207636092
42350,168855.15756281768
13478,87667.02288978847
117500,10933.991882654707
1269,35752.67249918804
147694,32324.185659132498
109860,3305.4924159636503
86877,12583.598010796817
129452,14933.589557982588
39052,12192.09254797679
89559,34528.72357785062
36316,2576.4185102150154
84514,10456.334770710808
120563,28244.612478192023
70900,34595.34387364134
127183,90678.29750876527
34941,6622.547198307822
133874,26222.474647538533
13859,41081.07889510744
3855,7766.283671046705
147095,19969.242680240503
145849,65649.34482696373
117144,17815.77126250671
83376,11811.098029027176
125303,48502.55412597544
36230,6337.787314869608
51978,34187.681403088776
57885,23460.6790480512
125616,43887.02974769555
3818,32451.140646167998
126631,18635.166918523988
143818,113462.11687572494
27738,8834.580446115295
109418,170651.09211579527
25806,45231.79809449799
44829,35824.89327400393
114209,3663.038012983762
12218,30924.342418154614
138422,20450.928072706003
148886,51166.20616727126
119531,99156.22208396024
101637,12326.85101205399
116257,70339.04014852953
14316,7415.76841550778
91087,41187.0863258536
40085,4223.913656880461
105349,150712.67237545835
67874,9965.20488666644
136828,108254.19202643118
95135,8145.793704760965
25754,38453.936974688186
104733,6556.045762263359
130703,30084.657575745256
24798,18732.449622181004
33871,87525.00849764717
137836,1650.432148222883
64658,10123.400304982133
107812,4397.2585897001645
20891,74299.85430105403
98298,15059.32974048033
123654,28960.6034064718
88032,16962.950746204042
40986,6340.740914290673
2016,3064.552421566902
32723,86623.0898541254
39208,7127.15055309266
100901,125592.70907222149
91696,4174.524758444755
50527,37549.48982728887
126575,5813.243373629031
61861,81183.44588932053
91242,22764.286419742777
110084,51860.98070634693
19255,397101.5144061306
136050,92550.68236211914
11308,93410.94152847199
16846,7677.174404888565
137276,12121.049152093246
89834,10042.988083041259
147592,49551.77858147579
26324,19673.865308019824
18252,10615.213962778389
37727,8393.293139674593
57824,5932.005624380624
99835,113692.53356169158
103331,17113.368713464806
51813,19066.67123299968
46682,13838.736867054653
46261,821.2940856076284
127185,10641.459399603616
129360,19354.309786384678
50074,11339.15544402165
97656,21223.64651800197
65786,10693.678446324904
94439,148705.5048703418
51938,1401.2766612666192
18564,16523.12265573618
119547,41539.552449852876
60360,5875.383229951253
63856,121466.68621938105
149811,6174.363158084801
47924,29752.11070869322
8745,15031.837456264313
60847,49142.95299489985
98410,11268.21478287272
96588,29916.578055002148
26174,12916.177399718945
72222,106986.2486189289
146015,136616.6401405952
144644,12392.218593825006
2982,12719.797125790821
123089,32584.824268120472
126554,3857.2044582882736
57968,15483.393188494041
72843,48856.70154933956
120241,15906.405800138076
26747,13380.46352909578
113204,20985.08865562498
27498,25559.195142691595
42688,76506.05156931904
104484,46234.90348096127
110246,9264.896340315052
50446,954.150362249844
29470,4741.553658534184
66067,10697.518137131108
73440,2989.7377048812464
109185,30779.75346310519
3894,174548.45087710925
148931,36402.89681489321
55886,42435.08830375819
33645,25439.914017531635
13844,10232.110951043138
135373,5874.361894825654
75083,5159.746604911696
34081,84381.72411055202
56931,26.58186310255526
106292,78244.8695942271
62938,8945.356058099233
104832,193088.27445818036
102545,10178.55311790237
25160,7752.096542673895
60629,90130.99258984094
127802,6909.036206198413
89475,29453.49302077222
57205,9222.261311539747
20271,182983.95781252778
101885,12649.568760918004
117019,7985.876401164672
122835,67366.06579325658
133415,133131.1948067704
7758,24774.638601754545
36643,6207.09487542005
146224,6418.654393289631
81870,8965.186680857982
67977,12949.885953771105
129009,105751.0712394515
72831,5674.690306708851
108568,22966.126264907474
126315,126766.7900617106
141078,14819.548342681072
53638,31104.205597254124
132577,15192.175755692471
74230,140183.62187958573
11361,52785.927772374096
142110,11601.178552654896
84361,18991.926494296094
64501,5633.824406770915
101711,80579.18644051299
19782,1209.5107524767643
44538,10514.461761333167
34539,20822.84285855713
106506,1988.0508143197778
87307,14478.904713992377
127231,984.695704182006
111349,11638.278237788909
143705,50641.629191977336
55978,36383.99531020346
117558,5787.178151895141
105362,306970.73045752465
32336,11781.001989727669
47621,16983.557272988986
120401,19516.802896805188
71088,13943.8005964197
42607,24062.64836036618
50024,146823.8999405109
7307,18349.771054335615
2479,19882.63398308197
68565,26836.453530554572
33246,12289.896300772085
147436,86295.11058918438
142659,8006.970860071112
126170,38133.732920170114
17004,10010.36411830618
53934,28540.31483961083
67020,18220.193216151456
9062,9488.04964362652
80035,42490.267711961016
120978,98260.8546552246
98025,10696.581761081201
149935,63741.47533375368
32072,90435.1372384644
129217,26269.511969379324
74878,10678.494346565587
78079,29674.286099690067
127483,173430.125944201
21123,56059.37254705154
102265,11841.54139274331
28227,27476.19230354854
115447,47659.60856906532
6317,4766.139465685825
7823,20395.343873441325
134357,23586.417232344054
11792,144859.2037286183
49198,9927.949448165335
71975,11301.476912040878
111904,86979.64572078336
57623,3546.4928902031547
45183,15370.47020056458
105357,28325.0431689192
4896,176309.93264089013
67393,7970.470672917907
120824,5594.634969673694
116292,14579.215614515568
114540,30897.53917123351
95863,6711.861875279283
75301,2287.698443726792
141106,18099.785662357997
22381,25142.137843990255
130739,7597.271841812662
14221,51386.48858400185
141212,48856.265792814476
107947,2430.614863540893
5055,23446.00948117164
108271,15540.998912217252
33693,26959.39130819817
36448,9122.257520674468
24948,15887.073996554478
135984,37772.317969817384
129156,31467.095259320722
33445,41301.74266490295
93696,67166.0155546025
102892,18148.22005883091
53650,11819.322335692248
3228,63175.019987235406
146395,18040.836596159796
103742,14008.18825727085
111087,7694.876653923779
119861,7883.953750789442
54965,20882.174439204504
75791,1605.0240490957272
102492,100458.84130275907
65283,45962.239835959095
129741,26153.299977115603
90316,8596.979945401989
114955,6462.963379425756
89612,8907.290964690375
84033,12717.906245607664
87053,16584.10981276644
30531,103795.62799832616
43673,33602.80826428641
136703,78904.12826826997
43769,3990.919729911361
103104,8029.609979390986
9095,52240.19347314355
2765,129154.92611514122
37748,154670.03182648262
72082,19696.37112844
44629,9622.995650824141
40247,37274.37546463434
142976,45812.795321524085
113820,40040.47403454842
12120,22875.095505754718
112226,13210.841871464112
62378,8566.420472566606
100410,10322.344644842144
149585,47158.729439170354
96923,170725.3170889732
117278,29486.30918275106
85114,31532.03968886815
58108,1004.5170853225993
40910,11052.291970322807
85622,24202.211104872076
102033,48544.001987552954
144432,9243.858306606777
36332,120252.19136134139
99447,30003.274772527988
39798,4617.735087969871
115275,6238.255592185424
142673,45763.03154409863
87621,29592.10666234386
136902,20606.714117117743
41659,7291.000715100749
56091,5817.234241371458
99354,84158.88851996878
42260,37409.87909249865
61919,23644.339581552733
14323,56795.950218398124
59304,32416.064590397335
12464,11103.342223702517
25928,558.0423420620755
112557,51312.690085862836
137680,22726.59538962597
75264,42039.16016609245
111394,89614.04482285368
146264,10299.934344981553
108131,2414.7805221600515
21205,5977.931830775574
49737,20329.180410732457
85392,9771.173369259794
35181,166709.25360550729
16106,2844.0551756109435
16310,4752.082600637232
68250,10428.339954600913
94768,40705.862073016906
72571,42904.75117357164
2321,28971.726616841173
96512,106493.7761988878
66659,12488.769198900096
103764,33753.246937166514
44877,55484.887555017674
2472,81105.53263582873
149809,64922.071416518185
80095,22258.766706033697
79370,250503.0075795824
66033,43169.33481628357
96738,5522.950906391969
68369,21703.821086027565
45217,4347.450861625786
84664,9053.886791840474
139209,40699.478633675215
64722,9928.834539861715
79824,10187.164104247931
106585,17946.151766796553
30803,15261.360416548103
107328,9695.88758291293
15292,21670.496007122525
132607,8086.560805872684
63543,93464.20377030992
80472,26068.386318193243
14202,34119.72229311688
1187,27969.31168391542
124641,9985.257476648432
14004,29017.86066305956
125682,48055.1818210964
110691,7462.96379718203
38794,4779.493172633529
21134,55010.7358042547
114903,29999.18028405164
59378,12825.074842944241
120134,11566.619103800986
88366,406984.02088348207
10165,21805.155484885312
139788,52133.681542996004
42139,1830.7608651864155
140354,6092.043232972937
96153,145981.49827133812
3672,32332.877372834784
125402,12216.946021704127
23345,20884.731504666386
31028,135679.82253245564
49461,3748.8823422223686
18873,56015.588007290375
95481,11622.512198737588
84453,9184.870532896553
35455,27796.87386827554
144842,3199.093754420356
103092,34675.887618094246
47490,22985.00064959839
53759,14404.73361325846
21285,51378.81629266838
34569,2948.835889247057
130751,22462.618521069588
75722,6858.578439313471
6945,21989.798873783733
47036,40523.24431632263
54101,62468.52052681788
66786,11614.510076607607
88411,88810.39566933991
23712,56663.3494714459
145641,73768.1578562624
106013,30171.63870567973
26809,8385.940166993189
125241,16883.632269385354
21187,5855.590667216802
131172,68612.71977886133
16851,84754.2347517494
90575,32479.485768666156
94507,13570.006720034264
33271,6577.237611045024
68179,20846.911734413876
47697,7816.566590768412
72531,167884.18271239338
89769,5159.023928300501
43881,90560.50421280708
144963,11558.668455624429
126731,3079.9493400831607
84679,23964.621407628183
121202,15940.815159243843
101660,29405.191034743268
145829,1417.851742609566
120190,26737.76367939861
14295,21582.612804294353
2381,90212.52700396258
26173,51416.36488389995
27599,20349.086488243796
114393,41092.64616456236
106447,4352.26595813239
89397,40490.932950675335
65626,6928.3559057580405
69628,8381.719995938107
123636,43340.579758396554
90569,11891.21588692604
114809,12857.378830882357
128297,17355.063260150837
42070,18647.465321804022
54757,4243.514549057204
131110,2371.79290726347
99206,29934.832389085914
36380,11254.331134063048
139873,28209.373705658232
10566,23628.415950518116
75592,16631.093922766027
99163,15389.80387339635
1676,22764.10528432607
106056,53218.22829903975
21050,42140.02489738476
93649,12567.579645259317
42601,9867.297653858017
109622,19606.639372444155
63084,33694.57526866465
67238,18778.25189806999
140981,33360.92447210472
121584,118000.95579298046
82988,1667.4444948339492
117366,62851.73530309377
31625,10339.949641970517
67508,2803.6909548576014
47698,23882.163964827385
40606,16869.506617224215
8298,38277.21365874421
90979,6030.328297511961
109243,4097.551505463325
55678,5707.37743816387
136682,34998.24267626147
27876,4306.348400811597
16530,7014.938744207474
130189,17137.821792846866
83181,16047.066154784086
91885,24927.246345419906
135129,848.1787191908755
52261,299854.1037397209
74949,3932.4644411292375
137009,27012.564039449488
97647,59304.70531024907
23303,74727.93419134985
32195,17711.808679400387
19944,49454.984909204686
41044,64469.16931223738
132536,7837.693109726873
44948,8623.866308032424
43652,8132.537486828327
124241,66627.32224329853
31880,29744.46449971019
89893,13617.775543190195
1866,105886.58560589998
89898,47509.35002573486
26029,47618.06459920276
51256,40618.97836759592
78635,5115.833635277751
146907,478661.7472174277
88985,97787.71466504713
139427,180091.92393936374
85645,13550.65013552684
88742,34870.86102475098
119958,15511.787497289173
22847,66746.05200823635
132324,29000.226627653727
27587,14144.597948013621
95427,36965.54245244418
21077,93021.28647413327
66630,12205.502881438257
129523,16771.228224293714
106953,9144.834349830953
14071,2313.851972903469
140096,11701.707023483223
68726,61918.872362204595
73086,66860.7860515588
105297,74069.45265886349
64994,5532.137416649572
106611,25625.253196993675
129878,-8.45347885142914
66034,15359.334155524117
33948,7780.052223823248
52463,5374.516505800997
45336,4030.4717940612186
149149,11152.271491866459
45078,57764.89021490018
106301,26515.247964974722
130200,36842.54500388752
4445,5264.490269487263
20203,5489.39146818773
139531,14631.47397164756
27090,24800.073584857604
105039,35026.79369382391
95002,60094.72322657106
127316,13544.019476875472
65703,17831.068191024126
122495,70861.7146673624
44635,108836.21359767803
128892,3050.222601923785
108390,24009.136772774185
50200,75469.04895286956
116671,11626.342117358521
86223,8761.591310100945
114816,9906.055765371368
85731,10321.521376759485
101362,12812.786838887769
60842,57112.49865637514
38667,45089.417601677436
134001,124458.15945299118
79291,46207.83459491433
78693,13738.287446686209
21410,17601.654393659865
60183,10550.703189779348
61346,11975.940445203347
72494,43665.42561376802
121849,4042.6974860443543
18787,38145.659285336296
76489,6580.556957948731
113920,9164.906286515896
99959,44047.19203895036
39409,3490.73279231147
20310,27258.4865147506
134478,10380.989914824764
35641,124889.64686474974
49417,39751.71679801375
148917,7011.083402582641
50635,47597.00014361951
77859,47505.67681586437
140685,48108.67162636263
40194,14848.377306151719
145801,2488.326912417528
3516,19377.901445722004
109949,14134.415163865533
145548,24822.74926520379
52700,30712.10883584808
88404,3264.264174046389
75062,6408.646986047288
109968,4753.650701565342
139117,20640.170996033878
97089,124119.27258374725
10604,2552.6150176345036
89578,21757.03199469912
141383,15002.28293951239
19126,16836.146815183343
47092,32346.130411151273
7012,131524.1784201769
83014,62609.999520214864
84910,6170.014395173033
125595,13084.88441902503
126928,10899.03184473591
126942,5226.885977687886
76685,33095.13594012674
10687,18326.318183368436
64195,16702.597664920213
7213,4293.846068650766
143331,11230.026438657129
72203,34096.48058220685
54651,40630.16172428926
95241,3698.0652542304747
58180,122044.76336976452
109814,7067.349189424123
118950,174034.75232303212
25658,13166.274203233696
10616,1176.2666557466896
26915,55226.454582148945
127799,39440.3881190989
63434,8491.631938392002
67934,24369.311259200178
99529,11409.35006093009
117435,15998.761178369672
113893,30596.13323462945
137359,84615.92633937029
26346,15888.725403179546
54604,12003.567321584862
105087,4843.561394968795
138475,22449.88144429785
34762,4747.627825809196
48171,54747.00769819585
7986,89009.40520169116
69821,51949.967370613296
94852,27195.79883191187
22841,85948.72070515313
65293,12088.283163458225
24221,21675.66928747974
25700,61382.12954425807
101543,2559.388572039208
62107,10800.067531541572
56772,18848.030955972165
34958,86591.50191378503
113328,6419.133543455646
10474,10017.904941958752
5471,25236.34658449519
7457,122307.40817819917
52449,4145.601375172286
90269,87222.68072800463
6748,20167.76317141182
48636,12042.227134643512
11828,1882.2112402370617
143041,21349.116724778927
57372,145486.46597179532
140242,21820.459063279362
1760,5403.4736295998555
111751,12735.484041475076
70843,25156.87800859167
42894,6676.192135327907
135442,34047.88987770557
84107,7545.954062723861
49628,13118.132085291578
120897,81547.58998459022
125838,48491.16127933406
76975,7571.0853708330815
45953,31050.09164683219
12088,9692.152162415452
77951,23284.084280105162
53529,36674.33286806192
79846,2312.971979283538
131675,18753.21864420355
66824,12727.866663446923
70063,30001.31954153083
138064,12284.655339022975
31378,32622.086854247013
27910,22051.270750228265
34673,9444.192986595168
72300,11293.801734725064
83412,3388.1941264385014
98822,164929.9354184519
69508,13894.860662105235
47927,8678.579417987945
90660,20028.251874572485
55700,3595.526775458099
71412,31078.74606510318
45082,24114.127168258106
85191,21406.91160191989
109021,12797.55569544994
110076,37305.58223379818
122938,68352.24009765073
38229,22195.36083751837
55243,43259.78573393644
17275,22265.118361441408
144241,122803.62095516942
110590,3308.00924379452
69537,27330.982542013004
91715,64375.696244763196
91322,11920.254146489795
74908,89337.20643033208
6311,45794.77419492163
144390,67848.13776530114
8304,50833.51876835832
36822,10182.562598561719
53221,63035.68044682118
58403,90834.13217914957
93477,23639.747911282237
142776,6153.640175559115
67019,57172.89795131334
16138,7758.457443312292
34687,52403.89190853709
128436,5774.952661686273
23939,8116.938741271583
52640,65003.936318294116
59996,7301.126426853714
108615,20325.914330881442
17433,4992.310812361938
47119,20936.26496249971
141776,96993.16741729312
27568,31215.11363376873
132749,100338.93144356576
90588,12807.545945413569
149372,29196.529190680056
121428,7118.804507567724
21826,7802.773400075571
66523,6691.451524673276
6113,28859.148915801296
21125,15364.001136394882
63287,6661.086083241055
82969,32473.20834193145
31273,96043.09900784049
85007,4849.9715977592805
145767,16011.762691137941
93012,39386.439491971294
21136,36509.69037946862
97225,11477.127181204663
104412,26441.19233941943
26534,16695.890067776854
15856,6248.144848665269
65383,19302.851825875387
86926,60109.72951049918
64755,8026.238404548186
19078,22191.42255908518
19734,6139.658820956611
47472,108156.33358323775
71491,15464.180163849032
19815,2805.6336685971073
27932,10301.291446197049
62277,21583.669725626638
121697,10400.654864814347
98820,6165.431849182545
142065,7647.774090356421
8238,3522.930390317051
25045,81936.56072716154
74068,57749.127479498486
94939,38217.024757864296
16962,15509.947860360671
2383,105876.75266104774
13648,114674.2238341773
19866,21853.316305124623
17706,4575.398281989633
112830,26646.490106064306
32363,17989.547752844337
20871,9896.81901264947
34650,66832.26287715249
80158,19926.5076819166
9897,166765.81344803917
99350,20042.322097348377
80495,8281.51024607173
78683,63474.177263981706
78295,21883.775145773296
48408,123026.33156359744
12100,1297.9879869162628
39437,54664.15058835424
73926,8858.002293169095
52745,22474.896146672996
76481,210881.43115603604
53060,122176.72954532818
100407,32221.440423062468
38686,22429.907965713344
63623,4259.231239261068
112694,58391.392816444524
75605,75851.65074782603
134242,9725.653666347327
10769,24058.466871164266
83561,1670.8069638919494
115319,9979.059425489982
15023,32283.299553475776
82379,181773.5558320943
72179,66022.96049748381
135877,16937.22501990443
128780,15567.449000136152
114378,67207.70208951768
77116,3138.1600498417165
558,12205.5367041291
83153,18071.661643454743
54493,12067.344708567443
113300,7824.705832777958
19653,24047.136114146335
35237,12264.317236444493
128723,10259.376751775686
136948,3466.0730187977906
34163,5484.9737679483815
145597,14419.834634034618
13708,51567.6356268472
148235,68181.22018499294
53512,95191.84380124399
47260,41287.5766228159
45698,6870.399177909116
128930,2014.656956177525
122270,11285.06677343379
39964,21611.303671096364
90499,117576.99335637505
109926,88661.62176050153
128329,47636.92454759966
52364,39792.960168237005
104011,39329.53250239747
101596,87638.53027619763
118368,13537.233743388952
121177,7577.873480800654
66367,10857.514062356368
63371,11030.215600046695
136045,1854.4032519072637
79004,27519.09901220577
20667,6128.898000271125
20351,18000.56962209918
3263,30357.236667970818
54180,245424.36775119166
10540,16452.05992132438
82783,3820.507951903159
41313,12112.201519680939
128442,10515.74277032267
44152,10948.728159509725
124380,179841.61359876848
132872,31009.986222496933
65574,47920.97496662663
82203,58381.21911045996
48932,9458.890118845835
24766,8429.387500643845
71443,30074.156487970376
102741,8007.0463561701
45581,24246.92855498827
53746,13122.56821244055
39651,2924.274189839816
47206,44230.438626818184
49409,31239.241339943073
136851,11539.297960777738
54848,48392.320340535945
41108,37762.83066179568
12624,12211.187093803857
87561,58969.65442532304
134206,39026.392530480276
75710,10775.723668948574
119476,18746.91796799723
101321,55877.69864422411
72938,49920.80017950958
75080,39484.4634674877
80327,37481.75615028563
83965,1221.0185174237406
92874,104822.92300754371
18153,12118.175149437744
133640,10932.83393592328
12650,1584.9805192383214
52170,9058.31683619703
79954,72914.10301197863
132564,87652.18472567857
75004,49180.58112107041
52665,11715.078299545854
48134,18204.024260072823
58195,54539.05816248979
114692,8688.538146356103
46085,4953.432353654658
67232,123225.51929189338
32435,38027.565625951014
87764,16604.244898255158
32444,11476.83563453244
25337,62874.18097903948
38411,92423.21465701176
5705,9788.148819985017
56499,57796.48100952283
96813,11518.207926120023
53493,13033.761316388016
59698,44103.1198439704
63893,8011.565463754468
74432,47572.898767207866
79885,13279.290330161362
15226,277625.1326461545
104309,7888.8807564181925
128832,15565.791548558896
7271,7368.619710003458
36731,71604.05782325541
136778,3456.3912703925525
141375,59593.69794072412
19108,82844.75516023746
2986,5951.1895483069675
29725,10884.660572715198
57689,26021.754651322306
16997,4260.617974954283
109318,44920.10680396402
108215,5199.414269111665
76542,42171.35667998214
101355,70570.77883922152
26237,38768.43714510798
76549,15244.795568136766
133388,111868.20384680638
38489,971.5135172158789
108970,14288.603258547611
28561,47797.1022393639
83101,5157.997650492491
48405,819.3389730650572
122635,14587.739625482416
61660,30338.357602204476
132693,1828.514252244802
26286,6664.292282515351
70142,104274.64560110356
113238,19298.32173158062
101528,18058.58679912825
44561,10292.904808784082
23173,100591.49789811585
7711,23027.21475985388
65056,90207.28450101227
36714,29241.74180743435
74164,17684.558439315446
22672,126286.2448824532
57576,9658.248292006421
44205,42721.48944215805
126747,17614.12962947662
144409,32160.035430368476
56528,19708.35202493955
88558,19244.171596079643
145770,113663.70753271642
81270,13038.303871718937
112998,4481.974663005436
142471,33144.85196898458
46621,8754.72354430448
94536,84005.04192043749
111164,10634.627705797457
118273,9093.271441580759
52961,39256.48843709286
30797,165935.53232461266
66441,28562.100694460893
14521,5939.097619765495
91455,31873.361352044012
141678,24951.13196609002
72335,13364.380047403525
106045,65198.549266012094
1661,9242.944328917545
80987,23557.4452915735
46921,12399.3524183103
120875,68413.18583797534
10410,29947.582674510475
133718,37189.32496226787
144878,11636.385019246152
31078,24672.170007954224
60777,178366.22187606344
64272,21727.28527459214
51189,28401.50321295954
59009,37034.563445859545
112446,29302.695613143227
5146,74039.76976250489
82719,10341.624530658828
62166,16351.911734718156
42563,5776.648404438292
16071,2879.3828029282063
59980,36247.08438054929
1136,2540.6356910974782
27039,6754.859512675757
22155,25228.018618442373
126372,104179.93455553745
127766,5085.392024973491
148745,7564.161139837257
130480,5609.668209849749
79441,9608.083007934805
6313,9038.682272718843
128150,14012.678394841663
137442,20232.959437019534
39129,12174.952267025776
22804,10657.809425291733
59610,5412.63435852765
23786,60037.46849098752
26410,19883.032626562213
33103,21950.692821777797
102658,8448.375848098967
27281,8771.195231597825
68441,12850.323363834665
109109,6512.809391503852
10226,26329.770170913485
133559,38694.230424944566
30509,55970.7661574658
82905,4182.919195704122
140772,4088.458802632896
53025,67775.31369216353
147614,30889.30212978343
97937,30297.075278206805
40658,18259.3432907877
10978,9391.105763827145
76574,62148.25833743119
102974,20686.85583435228
136497,31190.242683538374
122654,54046.388264878646
27690,46516.092944058204
82593,30106.56817455368
95425,9647.044272938376
80280,99652.16404698217
56173,11470.526342712747
134857,27413.63642909553
67028,7548.358684846133
15104,2041.5241270008366
5027,153763.065012266
114061,18244.16420840465
149132,78133.91654597248
116617,107048.75089695808
79448,134396.21529504826
86446,16018.44889012072
15939,2350.798556069071
143034,70089.46331219401
35004,13631.267868263254
140244,5966.8893268755555
9133,107423.31378707531
2863,20885.783140939653
94975,10831.788177586735
132514,8257.155808918138
109543,10079.476326435046
20800,46174.40975753611
4132,57072.03664811801
39896,6842.323878173336
53941,6512.522659060172
94425,22088.379881151362
58809,15468.084273528255
78596,77039.5375699041
108057,70021.95596856672
108984,6786.126086568659
74904,16127.495460401515
4065,5292.446984873403
68078,26158.811078371342
69073,17022.158888162423
131961,29956.73718294249
121662,8208.667535816357
103186,9852.216848961616
106332,2938.9923480877615
107965,13317.533032736872
131016,28239.496036952878
74281,29275.30615838139
39485,72450.29327963735
65966,63452.46473816522
108664,97653.97548474348
76046,6198.752941855126
73389,69589.95680423836
76534,20046.72750880537
33521,5641.267976072218
144405,14407.863131135786
148070,254387.03836770475
12160,34437.049026640176
128883,20332.355091806097
90452,37330.87438113512
28261,11448.877685906122
94464,10805.150873156592
2944,8637.569454203149
16784,135691.05603813255
48818,40784.230833797745
134565,5957.849738511237
103364,15835.784735642508
57403,32071.90944321631
100338,107523.91204383518
44330,13294.570675722096
93236,132515.82433185805
111440,97487.33812842048
148956,19929.364007664146
128881,18098.01519992227
25646,24875.991651928096
15715,18740.989244561413
146172,78237.73806668821
30795,17591.436432195464
12911,13545.774081923206
99979,19443.205506507307
52724,92204.5836863587
83892,6485.639649482073
26418,4058.356653339312
130037,118314.21978634011
80131,32592.303990568376
45946,8469.728958785387
6137,74464.14615481038
28511,34571.83657284768
106633,6799.109266737928
52200,32457.157983230947
113433,118637.39557734542
40477,42798.569310561914
16162,33256.11458507969
94763,15187.901395145524
100090,14151.169164773284
42026,47397.03078441893
106492,19250.232628874932
115716,2904.21483066139
34528,7855.898845281062
16753,13065.400559648146
29250,14203.412722297533
5616,65221.32961642409
72084,5869.85469010063
108046,9668.454766559196
115225,6857.396050771329
76979,24681.89532333245
119375,8426.458693017254
40894,4172.206705147866
113393,3815.189968786684
4169,88947.79538591165
33987,14331.280568380966
2417,9362.239618133028
148464,355536.2294253876
95635,16187.225505120301
72951,262990.30699307064
106299,3387.6271649167647
96256,30452.822279312277
110651,65434.679233183044
94785,4776.63815498561
18142,26266.36531684315
85913,10777.278303774445
83882,45976.84424640829
71559,32732.084856793015
128197,34781.19023906344
81499,77827.46384980764
128219,31461.869358677817
132318,35719.46538607068
27184,12002.162634226937
85729,160346.98598325832
41277,24151.1758530672
72403,20015.587003330933
149633,27795.06884191743
41989,3116.9366848548625
20894,2310.4219419236483
45226,376520.20238703804
116115,12787.584383373893
142946,9467.41013834737
127537,111229.92654441184
73051,24990.474119854378
138023,100854.67926893919
30746,13675.996691463644
71650,5918.629133166571
119452,29067.061952853284
28946,222262.98118445688
146062,70477.5898520925
10262,1596.4244006926333
18746,35016.39512069855
38827,52121.82093305517
44726,61796.58680558327
6387,1354.8514796457475
14097,98531.34894966683
85358,18753.123528501514
52481,139071.02992982813
31243,9897.89674316154
29700,8428.261290260378
148437,108919.98158609189
106128,128885.70081599109
23980,11071.775803476377
35289,25222.55297644069
68069,6003.8876662750245
36924,28573.391713197627
28791,47127.65043550398
128287,11778.240374182184
142732,189293.00838869612
98641,39075.773115481614
60994,8349.818189148185
17164,2324.4811644829388
9907,81905.48414544825
140087,36678.119554204255
44128,6326.18676484822
87246,2947.3541275828447
48371,3577.4722062499295
105116,11583.722479400065
29478,7667.283420283192
63416,23102.21285205637
147590,45969.890825239505
92926,20012.509140194772
66212,3979.631104488359
34675,90544.28394945184
65981,31289.776820687664
19551,3675.069392164958
75709,11736.136625374253
47982,69762.80504874277
70965,41095.291691845036
135549,17014.394296984963
75734,18900.04395719311
26337,16781.694362598937
92149,17510.17650044901
129959,72611.6857174821
59823,83054.43423013372
101116,26934.26604613699
51765,8684.486759928932
110963,63926.42646196991
111988,4001.0277802677847
88675,13066.845170165185
146157,9911.277458102868
77668,8511.003623100954
17766,21934.11842852589
39206,15621.577451264755
119840,6419.900943106233
6713,42448.856840123306
143828,24582.238968919766
59476,58110.91354704405
100443,8550.134798774656
134027,926.2893986650743
144922,10007.138182414725
92683,33216.58713861608
118036,35376.85542835291
147421,10479.55664314202
122126,25350.322645859884
91226,10486.5784574342
82042,58639.33234816449
58214,37564.410536321826
31071,3308.8835746217806
87592,41693.015874150165
119582,258591.4773541013
131013,11747.282283959164
17372,37777.887615399406
58224,21199.77440344564
69827,18221.23495268974
122315,26013.027337916377
54199,102503.40238613496
115105,12189.186860508074
108818,8974.275410424521
98441,15109.5997362155
82536,62171.4441573717
68017,2204.239486180582
140398,46668.79070549346
6324,48702.68095837743
127786,14906.175327835273
133030,54123.38881948658
145923,8308.976572550195
84656,41124.211298508526
54567,37369.00015726917
101318,14857.103925578658
68749,98506.42326338313
39542,13221.342923832199
20406,21121.194524802428
84189,13777.680235109583
42114,10913.60997677607
133358,10156.177858259014
102181,20982.707050328674
51515,7744.796526454974
90972,22102.64809454911
113960,165791.79030758725
37456,60421.2903379704
140183,94719.12356986184
29050,82145.13208958312
108173,153827.69928211262
81476,68547.2074601303
20001,24490.41747912154
65291,3478.129475624307
17157,88315.86910114957
80413,12678.485698613136
119575,87206.95070470178
89107,62989.589748879196
45603,75551.2417458373
117654,145730.99290039504
86488,19534.447143661382
20986,12393.384571234754
126925,15446.475482025526
93643,27697.884097121874
105340,87581.01928242369
143962,17800.827600520388
135122,12340.05139552486
105501,46238.61534670855
15374,198559.8775216652
77329,26971.812905840525
71790,11180.070708141437
35905,32150.9473442783
10940,19465.059929667426
69067,15480.598622331448
26326,5844.107050079742
101710,133614.5724014904
130877,6776.5245152230045
33412,14278.68414578866
138483,22791.1014039532
10957,3040.3296968085733
45350,118047.93738041587
85335,59378.56114431783
99197,46146.44434180967
96302,51543.60739171808
30189,12835.165093346448
15830,8658.592184477959
95242,1317.471158936171
44449,14075.140044073183
75224,16363.110636625619
99429,2999.9688352741427
94245,7032.318842376296
22237,10101.816320407237
14,29965.289865546492
45846,86896.21033524796
1808,10839.787700381354
70174,147086.28241194942
96980,3602.9546810155243
84897,45648.94547468204
109681,18822.43168905381
24238,5424.343043041879
21583,32922.74391414546
27745,19124.36309353046
27468,6935.340350589281
113598,-121.65982463736202
72422,124212.21909881673
39597,16370.941622686089
21599,38470.9485128308
51762,31783.89980054433
28466,12901.420985074266
19192,14634.663597297114
134420,12439.898095595716
63349,25840.98416436224
99361,44921.82596816308
6057,10165.53421764959
14161,11944.629029830932
68353,22940.384713384145
67267,12107.038260322375
30475,41355.0692236265
67079,5085.578084941213
41117,6332.3882856410855
121639,183781.4407843306
6656,228364.25828688915
142063,7291.9133403754495
112486,134025.68700755926
25993,14266.61472669017
20827,10312.399329084705
4436,50487.588335460576
138782,14857.063635736336
90888,10104.691213121914
120442,6454.98331883151
85333,72242.13332892556
145355,131133.1435362685
79706,73287.22666150253
13782,9782.790912224245
70135,9576.160269010043
53173,40650.66918089093
126798,8895.975661396691
98067,108756.25972979233
13086,3047.7666104759105
135440,136787.11528391688
43603,31003.425865492027
80430,70430.78250705406
132657,98892.58208213458
58940,19937.934558791825
17034,3744.2682086086456
77208,70135.27931026366
93250,13632.075249597847
22395,40210.712690551634
60130,8004.309248155052
130892,7138.549901405651
108647,1244.8015507855112
95658,79076.21695063337
31516,29896.685525355108
109514,41643.50142260181
93269,60871.14396964005
92108,23434.346992801606
95775,8708.06055150994
93182,158911.63718567413
129589,10890.6469707688
11235,31968.248676774296
130001,75398.17144180961
83115,6706.484314167332
95309,101081.0371506039
33343,47754.77603359056
15907,56325.27845004813
140090,99222.45505598953
95570,24563.48420215548
80847,110697.96448102352
109137,5607.282090197086
87673,70093.4984077461
14833,31928.754695916134
69102,34959.06857749693
103551,36157.96268869108
70478,8527.765975451153
52436,3355.4453394251877
18072,111588.15935652156
36631,96745.64964170387
54802,7254.001450830667
3498,15056.26362921306
107229,3136.5541278309656
146960,39024.922828860195
106762,4383.9631790821095
133578,40041.948513656345
49705,110797.29659523591
94514,12573.005253489031
80582,8025.400053601346
123368,25791.684571096288
29383,93319.776149888
145952,387.9472373910094
91703,30510.45291001835
110010,33791.49847308093
147512,4242.4648072252485
97667,68301.49866506616
116457,26086.628135310442
144505,90606.59574588737
138528,2324.6957119688914
16337,74083.78106962416
74901,17893.857748622555
118054,54706.80050136281
43448,6932.758430632329
4412,11487.564092362343
10623,908.4244408404489
56031,228086.25695675553
112186,4334.295985155982
101480,6525.477151959437
39130,14719.513673014015
6513,57531.27926434929
62651,51729.74716304869
61246,27494.48617907504
147300,16996.614914624606
16044,4375.94373030115
130323,57050.96232080266
83382,11601.401938908415
139708,8038.239235329144
122200,45567.24859037269
26002,30814.254419772402
41427,25511.50789139683
123085,6232.389449218264
54477,6234.359715943002
124567,56522.665190236694
145401,7358.895849002748
15249,965.6808826457149
30859,13475.705485945411
132567,34360.467898422285
71535,5572.203660330784
84455,30825.981024921777
88397,28862.75989863636
123456,36833.740498209
48433,13491.969013068929
57400,31176.01476253064
134559,30554.05655192524
141663,6933.0516090546735
62214,89597.23376253386
70808,6544.845802109725
63274,68527.15933007795
85646,50369.48440456706
141573,55991.14041587651
123802,43608.50132220379
74975,28095.606867307346
13388,35863.28688851797
32368,50411.93306625025
81715,78369.49594113356
589,12228.6916048472
61854,13359.186858010267
128855,318781.88321552303
136381,103613.91401839317
47827,111192.166193411
74748,19775.223439201833
66520,12126.184681022627
78302,6074.955581002816
43534,24217.405441626193
135921,9807.874481541521
109685,226061.26243345882
43749,39484.217012954636
40410,15948.439684348174
102661,11642.112084593527
93510,74753.25239170255
43945,32258.82552914983
32067,59774.25051043929
28025,42748.40741829873
122305,95184.22434721724
107878,15279.61739437334
99983,24620.212971502755
1820,16798.36800029865
92119,23716.939490724417
4617,45916.48486074408
116790,15769.274670065359
19988,13938.627469733146
42786,8285.630692082646
83928,50283.97458725232
131233,66119.09066044714
27954,91085.55988198522
92902,18146.776606315
2728,51575.29278071484
114915,4706.013879675836
3654,9594.321314768069
28431,6480.817178591212
94497,17912.212613449003
14243,145718.26956854842
48441,19084.18949952495
11270,8212.46648641195
6834,24930.146948534973
49172,34823.12101865838
72430,94861.1402808127
81372,72671.26225553513
130511,25311.330579474787
39016,95839.9679692274
128405,80596.35182053759
41735,52386.238294663526
53897,325955.16306481
128213,43383.83541931954
119618,26224.626864223075
83676,4239.050227094437
108748,14224.767977601323
108923,54733.884921390956
27097,89181.78389626293
148872,6788.206647477319
16966,135292.82003874134
107155,3214.176136357302
107784,100661.63737812915
107650,15415.339408983546
22895,259551.85237337864
45344,19361.772380678853
149787,2304.8858990422186
80551,22158.338789951682
96487,3262.0363460210297
128688,35014.588340448085
97680,-400.39997275968904
21171,30828.547715958255
51204,29981.55196591184
61240,46014.173367180316
10749,163050.06269828536
105798,114260.33669658293
26578,8248.491954262674
61274,23583.654210350745
40804,9709.581042914235
135857,98694.2822032868
59444,18522.67091886005
53660,38056.83175016979
26170,10086.7290306812
64439,4720.402077209069
114592,6502.488581134133
56867,1539.0144628809587
140700,7576.647734852409
136527,276582.08887706854
68051,56919.40868896234
93498,9922.289149839813
89164,27646.554244143386
113922,50402.56368540382
148134,140396.08462684258
13755,23501.634108687376
63325,5948.822224078773
2783,40456.60273980415
94791,21678.33507782993
113993,3266.564062257428
2400,11641.834878413909
4593,20096.959471367387
76081,122028.4638932934
98138,115280.11712170544
141915,57141.47968876679
17916,52491.85796228086
136916,30868.230771528994
62833,4020.962486288342
1725,18284.891805288895
109620,38815.475607370616
128031,9381.457956861508
82557,118369.93708438714
139334,258893.1741651678
122859,70397.31025370807
45317,17757.63929835529
26373,21203.677595251662
47227,13370.650496081198
100282,32575.10667946868
74092,9485.305089437314
137339,26684.60570536479
108068,84854.23188278914
142601,14552.997902018027
9640,15448.678994018972
40447,34956.99666769244
11482,9650.419967917167
73616,69852.46241023348
86250,20079.525785760827
14129,49463.84282196546
4004,87280.865420018
92612,5648.061130717981
67195,10881.200684086092
43573,30780.012522014316
145500,6114.91011624221
22595,19778.722377288992
24743,3763.365983635549
25090,17590.219763992496
101454,39204.165601468834
24582,143340.42328445998
58043,87814.11535059834
46844,77162.61717761762
68653,100699.08549666818
117486,15039.980472201714
78217,32753.31336059056
46191,64587.058041529286
87566,268851.38347690477
75687,8194.61212936104
111727,100751.71038943679
90605,34666.96210033548
79074,14804.687218447942
41848,20088.436979963717
33349,35470.42439820366
146975,9851.161913345972
33581,13792.499514675865
23321,2880.5854348109588
9218,33274.534349726884
132459,3888.1547360269824
91862,34354.32194478821
92532,9207.143382558008
54701,7996.72019955346
104270,1159.0156830457522
134500,32754.249059306352
149488,6683.72284657811
102780,13344.440972975155
127345,24819.894621222484
3752,15357.195617180454
69549,8648.984111633288
19730,6450.743768145129
38457,8580.043219152023
82492,8384.526778365976
56547,7870.734906599628
51335,12852.692525559192
6800,21336.543168217035
69031,47419.41135194388
100774,34978.453354624246
17704,23342.089172732412
83639,2671.299446535104
149691,14281.702532203486
53467,6856.760089457437
118732,43293.77936592302
96952,18133.94591506319
122007,115543.042558788
2379,13177.545013414583
887,10199.878123233922
76269,87052.86010156962
57380,1212.3536774927247
131257,34036.79322945226
83400,4884.54198076629
65401,4426.397270459217
2550,8003.796161017341
92763,22269.66060660431
97350,377793.53439294454
85790,29492.924618181627
70936,44911.37845288513
47997,10811.844720562893
65509,8806.121326637309
141625,98978.93225622292
94989,13740.30874443898
54602,9993.276976989553
96008,18674.550214098337
93630,5773.281511348742
9168,120922.74975267539
81160,10851.766531524667
70086,57887.25141263495
126858,32917.84281859674
58905,23797.504424251507
31299,37584.76364862153
78498,75204.40727678715
118477,75724.91036065223
41333,18227.602272988264
89104,5008.114438005178
2734,25241.443649549616
74070,13355.542918143286
125358,172527.84967087995
2969,6657.423275759013
25896,3453.683756315214
52005,45530.67030547228
46736,3474.161375400688
4122,18516.095208410927
116412,16491.9459487438
44007,43082.27469508487
75718,16640.007823113865
68838,5232.610649953331
113576,49230.49320475926
33531,48519.68081478959
7088,5491.628527027175
8039,7278.0700964362295
104397,15880.589816639429
123945,33365.556475656806
76916,12292.138378088044
12630,40407.06451408971
58811,9093.452889258891
6777,20945.409748676753
10405,22234.065256485763
140596,9215.581495460818
113823,23132.277241115436
85816,19850.917873480277
65483,22877.32226879833
21206,7930.943608264763
59474,6093.530693221974
69693,13958.2282277976
28565,40918.21567929981
125268,14392.129872855801
125359,17286.07541121394
14022,15935.43467625007
23148,6902.144589869236
35513,72337.17782335643
77145,20211.990601610258
128534,81543.31664976821
130423,37347.07987297771
40284,12079.18172348049
86340,94579.13318694729
60863,31231.482468433514
89657,393950.4560980407
52732,6674.244662285662
88871,2706.1546933754857
5005,12252.543781241457
1795,39447.73990773073
140169,40701.86422855518
109589,71914.54031279673
62348,2978.279945515425
146826,13440.03713310806
22175,14736.989856312426
117098,38699.56741746027
123175,4959.0224430328635
13942,23819.353069561796
78535,12520.237865243897
56199,101128.82047647417
147369,36975.932934919074
74573,43947.91651611548
120223,36689.425747433816
144992,11754.41844491238
122029,69036.91300436972
106628,8915.950085014172
71565,8374.745651442636
111646,4877.16046810291
138730,13412.907157283973
85705,2818.939569204116
141701,20268.659459909155
42948,19914.344575704883
57549,24486.956708484497
7235,111611.51172468966
106752,6129.5711788485605
16654,26921.36676010633
57248,3114.1551819565407
136153,16426.360330147236
106214,14663.42833883005
77243,38713.81160787407
31948,30440.804306584017
101606,27492.093127721353
142152,33043.13395302826
34929,2466.86091490261
12198,18195.431182580396
30931,8569.152476714678
123183,68897.53248120603
57777,45655.17722901379
130697,18164.93979253908
90732,154262.85266900953
648,180168.74147288897
110217,65354.53526635298
52711,4813.290626118257
10738,90958.76792794991
15474,7305.308609245036
145477,31984.685685578053
33644,67338.21226058416
14038,11126.830305475558
41144,113445.96286334288
24536,12305.719704859477
16809,41876.342370687235
112750,47827.74118390064
98686,81594.14461573695
60635,79920.1202627966
64617,6917.048900663555
62488,23921.922648646992
104705,11943.506461187602
141492,29096.074447410912
28461,25916.818975694398
30828,7758.056018889126
110046,8468.906530407201
119390,22873.545971643725
2018,101540.04288541767
48007,64866.60710459399
18007,81180.79890016565
112593,38612.2825213257
7795,25106.182277196447
27533,106468.4664141084
37311,10467.481463458389
8418,15593.427388553739
51014,28083.661606156373
52180,102672.43847957694
129481,110846.4931727964
92330,963.9066930234999
35261,136338.4723030469
68165,5783.319879523638
127639,54374.3467164333
131042,67739.31467412708
3366,4733.918017108452
81658,28019.970869598375
88554,2568.3493279629697
124246,33249.60930248043
63878,68686.19028046359
24362,17880.291563367733
70128,181012.30374601815
98480,6837.512239645086
106559,10535.747739088554
71756,90955.40433866438
24789,1736.673870193248
118130,4551.891342907211
99081,27812.895518456542
136516,174236.83617720933
11357,2315.4994854771967
55565,2853.5989866767163
111396,54739.82182765229
37404,2242.9852661270293
125456,4463.372769929603
120892,14349.631920970369
116869,6030.496229567512
129757,35170.527165982785
125435,86731.16399515377
103304,15383.066027980873
51601,8239.215874510835
144262,9927.892560383552
12928,19302.881505151403
149273,176731.31645317114
144539,1141.7323421663455
60978,19750.171713106338
27348,7140.54606358116
147678,29397.339322975262
33611,31796.462888096437
56928,6623.412516882807
81780,82088.8549117223
47096,9699.141112164862
16856,22255.56221201449
71339,3305.2981617656897
7785,106289.20692950109
33306,12952.795115925766
124676,3203.158438558532
59401,92833.81895699228
100748,15594.425180978911
122379,4032.2482380033957
9172,20898.44322100666
60998,10831.300193140374
20706,40191.7959297679
40494,19918.12483616152
46053,3057.352138479071
121942,44809.358939031335
67483,14139.581202715635
86086,89719.13729376436
41075,20907.868004429587
39484,9031.901997221024
59550,8135.452370829611
48661,12170.375372102095
102588,16610.89953475561
41857,36470.05125128213
58622,2642.2695150987283
127661,42044.16165060271
89575,57101.61019276023
124346,36234.113303537226
31006,-2900.6778058255427
15223,30420.21938240585
11180,6648.897675346779
86601,27810.431780039915
92265,132449.76112358813
45490,23629.022986110715
117602,106780.87844069807
76008,21229.141699513464
15863,4404.806850822599
25140,3172.0221273919205
89058,217252.10150427718
71540,127220.72399533316
147549,86730.73845912275
44478,5550.087400611728
32356,14838.312191973659
14008,45356.363083867545
130567,7629.460941532512
120835,66252.53873789472
21120,3895.1370189934687
88307,23067.961417028746
101944,133463.7950280703
6851,14646.594214334322
130706,3691.772358619874
130518,24524.428679313798
43816,9120.034196290415
125588,10777.42121962284
81243,17759.580151761
27410,21419.413414497474
69856,4876.494633707643
57389,-469.8677084323845
63693,8854.899221403044
54682,116047.17020267731
14611,7398.261494716376
120658,52286.1444513705
7442,5307.782984932377
73780,3999.595740549383
85374,2958.709672551244
51770,6747.601152969075
28496,10211.111061981257
44519,3289.310545280384
27849,38110.84747633023
23922,8023.058176906139
149109,160558.2555623464
56229,10600.717394981475
48044,28451.433355349644
4097,8214.469112498049
41206,9431.423326514167
72996,146889.93617021613
132015,83824.63835474427
119131,6292.040146824317
4239,77071.08242739704
122195,21671.953613917718
117066,33505.20766291933
131888,50683.09891040859
59199,66173.52117153331
98824,68790.83391424445
82173,303501.56218419387
145690,21346.905799035318
124342,72058.99156710505
147892,34703.987211499305
5265,62152.19058245672
773,84803.96389909161
85402,43484.4372800708
76093,8315.510072588035
4341,18697.32222853444
95855,9255.825245024553
2538,43592.1335084467
85344,6874.122222486096
13067,17728.57024142474
80087,18321.22295626155
2583,127452.95716116788
67423,25975.017787316712
69387,13531.391000162923
117108,199939.98151690004
134217,7445.982632539414
112404,102689.24540646319
12835,4312.189150102963
57212,41963.54133128936
127969,34201.551710199696
85018,13698.9665572248
26557,33226.33910649512
98814,17214.34458769703
54791,12891.501360907885
149574,7831.354600601149
143611,86455.93318002352
73388,70408.87606777356
141843,11170.329565826885
84992,3633.3417573000793
110042,86440.00178268946
50579,28588.29400898544
27366,104972.97763136817
149715,11803.20586939849
53928,79603.30471215941
105787,8684.400626186496
50712,58002.427172203665
104698,88749.28352240418
71000,24123.54703177266
118387,31987.948442225606
98468,96926.02397295895
76476,7278.232989601967
6820,107836.86830552039
137609,14925.19959751967
64187,27376.404596708897
38636,45675.66013721973
57676,29816.358181837077
107370,16194.781459881142
39175,44871.07365695358
129458,106918.73626526693
97822,4188.901691992435
69318,1539.1285121267247
713,48644.81669293706
51304,6336.142474768907
121922,37960.199654254306
97894,9035.65652896461
73451,68573.68890967111
30199,214568.21701926884
140038,14700.27344339943
22594,101417.38222629507
140304,62950.006066139045
92707,24521.017668798224
141844,3274.9704868490508
13457,48806.17108283222
129893,61214.216241851864
24630,71709.05483695575
23069,21388.53429750754
46405,215628.39307647943
4723,11327.565965178499
44844,16108.672475600204
149322,77113.18069663412
28629,153161.77358398988
11157,35296.802268559484
53056,581.4348871369784
66394,40146.67887181369
8837,3397.305888591454
15908,141191.23371287645
41202,28025.328226960057
141063,43907.91911648875
89871,44321.89258872813
45401,14951.09364093428
96629,4808.9604301421
61070,34761.78589513355
76842,87192.53334337595
124440,6456.626355383928
99932,34147.526694680244
1165,8940.658306801195
67580,59140.698272434616
71204,47605.824395614945
127444,3605.3311890005702
17970,4186.797495495377
41834,26016.055798117144
30091,8216.086797650027
44508,249304.83929078537
111819,2487.704678554366
42603,3691.57096150097
72714,23921.18900237827
145734,35461.86755080622
103132,30684.171394870013
56881,15158.326916863265
75776,101601.16283025178
120339,112210.28762596115
24417,12607.168832876392
39663,9388.201496638145
62994,14278.614804940593
11841,13875.7750248625
24403,16855.159097487773
26287,2915.0120991620793
135880,7004.903530042264
87260,8277.27615120292
146732,30508.662573361347
22294,76055.02902472328
120493,24331.232467889644
15618,10424.252417729436
130479,3729.4688245206316
75672,3717.6469787718866
26732,4598.8188165617985
113435,14109.752232492623
114161,4223.708055053523
23909,13837.115288125813
104681,22020.64294355052
999,12288.894209447884
7616,3609.336997667846
19890,60336.569263806465
78537,93659.68724366157
117687,24673.87995168142
80946,226649.26262252938
72089,17041.968681230355
59744,37792.57176489143
126538,17036.483603681387
85636,6548.673932888144
55377,22580.746032333824
63067,92000.77212613012
81398,29594.277312985658
55241,3059.6448525048363
37707,65388.899022497
97976,18142.615143159215
57815,33811.67048636793
450,19274.947916474488
68520,8885.056674720103
52108,5932.297806303935
125934,16705.740011037735
62332,53882.11229002315
90413,19175.460882549487
48740,7810.711665819588
104272,7785.9846662054515
87691,31104.87279386256
35827,49388.694673922706
114650,8156.369108528086
39006,9811.150622576539
115744,44134.87477713459
96205,10608.058800580768
70552,134180.1950880933
67219,12806.889157326812
133442,60653.66540058996
98142,93526.38802735464
125808,13971.151070700891
139162,9560.863579644198
146398,13959.277513628069
84078,76523.72976770886
56636,17584.84585393069
69322,15632.337572810797
43690,13015.715517465313
13332,55941.16491934926
11659,2774.0227960815378
84247,17679.459303428706
106925,45602.06729187008
130554,47093.311198966134
75336,21098.162862374855
64279,13913.342379902473
22036,76371.58606720487
11632,102409.1643227499
24910,5871.570788889037
109374,85515.68159468609
58031,50997.00360315561
68314,238422.70168481706
100242,28835.014886116543
79823,51205.568616587145
7694,17057.340121266156
18102,12779.128513506925
84768,22317.95611901686
93811,44593.007374720386
62327,22348.368971187472
68095,165256.288398411
86347,8928.703816006606
28551,41940.24318016047
56816,46048.27707756597
47188,65415.61243112686
55638,4528.013072907494
50737,73676.48463404007
40999,87396.94569585184
73637,11767.288781747857
139142,49939.04445943198
25062,54068.71719199528
66761,43651.19836152359
56167,61828.867900572855
92643,49482.0434158547
60344,84082.55937997276
123670,8780.861286287265
127626,5827.627557737649
116373,18154.774694224547
58496,16798.905017336612
31453,127965.52993573407
23444,42877.68342887072
115483,5216.440257140924
51148,55641.43137277573
63280,602.0380225493806
113673,53165.92398213374
126293,27284.402198813263
135454,41403.519157768475
128217,52260.87673561243
53877,20715.792160152258
35192,25144.2272533791
78941,34660.765153832464
130265,50728.204578457015
117612,56606.444520428355
104456,10575.202572899972
103441,88233.86124237382
82315,7629.375787887964
7640,7553.277483065551
37724,5100.8958551904625
42472,48360.86241404011
140051,58711.12350814493
50747,38765.84084649479
58372,17120.808505194895
142896,15721.424692137254
20060,36342.25076139069
102961,3012.7107989832257
97848,32071.90944321631
9695,51771.305816233784
64766,124896.25903466984
64996,3295.6761514382606
10386,54278.32501437092
77124,18123.86614784915
134080,16616.0145005644
50209,10191.826940639254
149440,22010.992233742138
135996,8330.81305619969
92767,12526.545364655874
41016,263798.22603538417
142874,4934.391703265238
44567,15517.068434687695
123369,6250.849877611803
107523,67661.7232233786
119597,76445.63459202828
136984,7676.346181378529
32763,18466.38021691273
103393,24018.885395891703
44801,95123.52124879631
100548,11525.592321254102
38594,4953.8951999530545
96859,10632.16625238708
37523,186291.5092530004
52982,39254.97397994911
139101,76112.13960369446
86774,44119.26351769165
122734,44286.54933219431
36469,73749.84305993524
23646,64186.48472358311
89444,23095.190754772775
121415,58158.04504073892
59592,62926.08538687901
138653,81402.99269117767
9042,39582.63493230238
140900,35632.03013927942
98038,34709.643849767155
109642,137503.92781086618
129407,43284.5890337641
123641,110298.64282746501
144159,31646.147532318555
111654,10561.805411234933
100323,7570.007049574452
24142,7777.867906699535
122551,84617.89424139498
6762,22368.092604926554
88263,2190.856647065013
127641,86689.68892530797
42047,50401.056781857595
30368,74036.04183156409
50653,126639.04144831686
61746,19374.49042282356
138364,40231.7516722173
49428,4649.074508387187
116591,12770.72521892423
114370,57008.88090515275
103522,21783.110349725335
135554,18404.38320848913
5779,47982.83736840233
121213,3757.734356550528
134596,15136.197031564663
118816,12020.918282694487
23536,28580.866938594023
19471,73371.08271442237
89802,4417.225336570742
42302,10514.700473809951
56132,135385.72235555868
83802,66684.23159554733
94295,85505.31474607714
71109,79522.35280711489
73351,30204.222285027234
4765,6590.357813848062
40405,97187.20280100948
4376,35835.08631202434
121122,29303.973819786086
4019,13886.94579485854
9594,24902.619049061384
88283,33401.217050135834
16942,11194.158051871067
2675,15967.17884210095
85390,92995.96600166016
87497,24779.781322333773
51929,75470.34708572068
137461,10673.725866668336
6103,1624.8590759278707
72896,2087.819103328885
7538,126977.52101774755
69676,4981.908563546896
84445,202801.21979537053
54083,32140.36189032584
138104,14437.428883984627
50716,8877.24333965677
14130,5082.624982274709
75503,33212.9820089182
87926,18869.155769823497
104395,78530.63259136528
43742,8364.81895498182
68004,60765.764636203356
70545,18669.220751073048
34716,131197.2780849591
88892,29628.14802946377
31429,45305.91637571743
53835,17886.086411801993
51595,61105.23925407909
119268,26266.678238380613
113978,14293.434295165454
134138,14044.946068275643
8822,26184.410697737032
92873,5208.009302656393
3604,18854.13976169053
43251,93399.57430387204
146000,6081.449363817214
136923,16041.621439041124
40053,13548.487898773823
88785,17367.108080918675
11848,5390.065057305407
65601,152517.52438230626
80809,3368.3271126010914
82160,21139.289209616272
146165,9431.84002543642
110626,21148.772363729382
41258,12404.463444876006
115776,100399.95566514888
127475,5939.95714006718
80745,78278.86773259268
21005,50800.00671390674
149115,22521.927016265567
129288,42425.61757165668
112569,104000.0524326849
26819,8727.060707128734
18283,7184.92120870881
93066,4022.531857241937
112324,48055.079988259924
148516,7913.422526480948
3949,18993.875464824323
123741,119498.20032873236
10835,10354.255751206803
61409,10997.811487940988
102304,32242.871361190962
102506,205367.86637907606
123684,44315.29412600746
137443,3811.900804488639
6797,4496.888968622447
60544,117532.08785664866
132681,7709.782662431514
99043,31214.0934543007
65393,79088.62600060386
12615,3259.22671806262
147186,213926.72275800735
103424,52645.07855009461
45019,3796.341770299963
111802,1261.7184504829386
143991,92887.37245510113
53864,11238.224346527211
136242,194482.28637942128
128935,31645.639062971706
129388,115743.70819549877
79978,8456.82760660959
3401,99338.20549627831
132619,21037.48427720165
139104,5789.89162407167
100937,92668.04042660492
93882,45874.345840044014
126547,9334.987569002911
51652,5699.244836852167
110198,69291.96176075345
113948,178897.6262586034
62829,118083.47594126055
82679,6702.757040074561
101962,308539.83884390135
26780,5836.630298400677
22027,79758.86327279148
74734,23046.716085572883
116710,6598.115053729726
25628,8760.961036812487
70968,11243.664913233752
87791,45259.59155623607
61098,46748.55911588136
73153,57964.33089845116
139611,19052.497200802107
15409,5259.052287513284
18260,1850.4017620994766
95024,12753.074483756192
145526,8833.609669428912
61458,12217.827852476354
24519,18843.625062629002
103071,31667.904355626488
6128,133928.14094019282
49548,8973.067288939068
42349,186029.73177001512
92865,22045.89532769656
122387,21646.238467265997
106615,39372.21490244466
82162,20677.599606430646
116851,8921.66105181565
135400,9151.576455927981
148040,3520.052042814289
59875,5090.664590980592
90328,1783.7721326220187
105273,196504.12943823865
119588,16970.037850577948
38268,116525.29634756193
73010,7264.3523826205055
117052,22315.811828074293
3274,18085.24696471469
113901,45928.01718595899
98953,25763.47181021019
112870,19662.91609201667
99823,4123.4392798413055
76741,15641.639957579751
2844,113642.76331626988
71620,24772.71732942536
34137,13140.418388232014
145103,5912.885891193757
66073,9127.041407252858
48721,8996.499556536206
143063,9011.896319517044
91369,32540.741673607223
34999,20601.308610673357
41673,13383.248932691698
1480,5765.573635309464
141321,13030.88949757367
46745,1524.5002866300972
50571,10697.41849185188
72026,6496.572686952385
113847,4400.567933629706
115229,13625.262331677795
146930,3399.02824912731
148284,24890.464508991252
13940,16764.79965235544
52585,65045.04938129851
78633,135884.34659025777
132685,5194.21578917036
102786,15653.597183129305
149689,5512.821430927751
64410,1078.5478677853423
71919,33024.317104799746
31685,34620.366229225874
50839,71735.35626917444
25912,15717.602769544937
28327,15998.08534043072
38168,53750.893711179306
23029,10834.217978962126
133889,6093.16055603012
54136,21670.25617271822
20436,5489.076424321197
121382,218495.36683241185
13379,38246.17910385928
145047,3758.9301488832084
52776,78713.46202439626
119935,6223.904046883684
75797,6893.203941725422
3088,25307.396073893255
72405,75334.7679752678
98314,137733.83304361114
41169,21959.712553615787
27052,144953.61509331717
142708,30551.293866567146
36931,25023.401810186857
65284,1248.8418845329256
67472,13519.857780931161
68363,66137.90437344291
5208,8585.853370991812
83775,16968.72121364804
64937,2850.8246273700606
97578,28395.89618752624
75541,63393.92377940051
80437,6072.784284132528
49700,81372.99613056016
125481,105167.52288054387
84830,35369.92340443668
64781,8063.493344678094
81580,32459.459993280467
79088,64782.54889480147
147540,48008.63826512549
43329,68171.77864611709
68020,77391.71557392362
118766,103131.34165886405
141436,58783.3602418621
59645,162398.71001833843
146078,1351.22460485042
17225,74672.45211307582
55206,1451.388775896968
131245,17407.870290107658
83291,3236.0934071293814
51301,13826.130848216653
107381,27341.190347887386
90450,6404.024895439981
69950,22777.489331766898
98755,10345.248775024755
39971,14084.579186667877
46332,7043.654643871314
148418,5731.193558876737
104241,28285.032306929636
53542,46115.125295878985
104734,20533.22910261247
146334,92693.39101847968
52586,19114.39441807388
77120,30286.99820874367
7637,2150.473338990648
8325,20525.356582542627
125260,4026.745074398547
54375,41714.81326515127
92115,54920.26579399699
31890,129093.52578278053
29018,6411.977756590464
40624,58192.6235335237
63344,14479.180214378921
81124,16556.183401684226
8330,13103.794892861777
112322,92879.85719953828
12931,1491.7549082241887
58042,66913.4324369108
147620,16344.92326075177
665,18527.421521063934
125896,31195.515001235573
29147,38647.30373524244
61518,39962.45166066081
107663,41430.09854282309
63269,2365.8505099920867
100121,9705.439374962927
71678,49689.34515075939
128923,10429.63004869039
139537,14247.756966881705
112624,23959.95144253547
76366,55479.900195924696
83347,9602.860294856968
141334,31575.57838313135
77420,20896.396962348146
3314,32423.12329793037
99555,13933.227091280623
81197,78630.51941719769
70026,14970.586503097471
62434,190637.6333704316
120918,14834.605303563389
105997,5228.928162061033
47916,3847.0039730981853
137107,15410.490292973636
74813,18458.461486755987
36713,6664.073080208063
23324,5701.617727003011
4682,6499.157339728596
119660,21017.758925069233
76762,14739.690794392729
120003,24098.332814222926
31040,8648.98403446263
135173,21922.954283077786
123746,15581.844610705073
55872,34254.999846142775
14336,4840.359762374592
67803,22600.76721984171
146074,95522.94597445123
26413,11440.289543028792
5472,115515.63878022053
78666,7041.928846799756
22898,3792.4405244484615
88919,75274.6120915682
79222,41013.659200319664
67464,42771.06580308463
53649,19053.328841189625
74407,34252.55895904759
86881,25921.184752963705
90116,31905.157241733974
144815,41344.432282857146
93369,40746.77512011557
116162,80050.24861558009
58819,25882.808572471327
61780,8333.897488923665
66363,22099.706572684732
115800,24597.496830542856
102880,121618.6670153394
138827,110893.59577781518
130322,54001.7236858492
122536,4452.223364998359
89092,11330.343405030688
54378,10112.175745001136
93252,63227.13366938664
97136,16563.6734005146
73751,35455.28684271923
59448,10683.853513793736
137509,49822.73762434052
13142,5554.861994350049
51797,57376.02175232328
125837,16390.15374565662
96279,5178.708266891448
140204,4905.9275718540775
34759,3075.1254495900625
85477,66161.10273517694
87600,129123.40382657992
112355,52355.50547115099
120108,24749.56842752078
39886,99862.79680439112
24506,12720.218764259638
92704,43318.21827649626
91485,17237.07519739056
86054,4602.957175812535
120518,1880.0503471631444
19666,109024.43581914142
29594,17124.69649781746
142004,28149.158741783303
40349,50147.17573618182
100923,38034.636483185706
70866,1716.8619144209317
32387,13489.272956888364
19736,112013.71158781009
92692,6464.991808631831
97115,98526.284516896
90879,12412.922612328206
102594,11770.191789468161
66268,944.6463695676126
42445,72597.27274490337
39336,34568.14397426947
80598,14530.171401007094
51419,677.3977826276429
111698,56180.6017703368
19046,11499.235585265178
149077,2875.090723805827
15346,4929.740578401399
132829,2582.7519278653235
55110,3360.9224214010515
14506,120634.65465037737
43753,2087.922410386636
16009,1777.0974339878267
103408,15238.052520594072
105345,76558.21777459409
95702,9634.162252841077
63951,31554.808308403204
109533,22854.66433406434
93352,40796.88840970122
141823,10386.609306000713
18121,231127.7658123382
12450,9840.049462085557
65845,28471.46781231017
127291,-1494.4796903925137
29239,22542.393345156546
129715,3607.2430319669616
85911,6594.548633109412
55924,9463.638454605716
18937,17856.401538662125
759,58010.63129223893
18756,1698.5702828190533
4167,29766.201329949035
2651,14406.62370600365
3191,36832.738525291265
12589,39546.76377375286
93698,35520.29249064749
75194,22181.18591203719
7119,5405.228312713075
22130,27324.748784524338
43103,23587.963024980523
8482,18368.238178124855
53602,37034.50098719802
91682,94766.88665062074
84254,71942.84237317037
100619,17816.058985832402
125584,12190.499527116692
65830,21044.18753116756
90144,14592.846960895906
114524,46798.863858294266
23816,7465.766025605937
131495,17940.22358995006
144531,113977.18255291999
114621,32268.172721024945
43510,19686.014087800762
69147,1679.4021163144766
19054,46372.771079579055
63952,11270.810546807556
26358,31385.094318436895
24803,5688.741571128434
93002,92228.78165479317
85124,18997.35909056686
30142,62851.85747461956
32021,44855.89061103271
29201,18907.012795727507
100261,102819.66456381134
102799,11844.372370267496
144397,24266.543511978838
66255,140207.711835527
18297,17894.71315789438
9676,75462.85351114225
1939,6581.562991299834
9207,17588.024563543648
69004,4128.406619631941
50016,52093.38911092709
44407,5875.638637014719
11310,6404.624373807152
84000,23030.87992013638
23453,26328.890237139338
111948,140469.2521246251
6792,183350.2236570187
140949,3173.893433970973
93307,90054.34270831662
5022,9242.106458718437
141671,79647.3676021667
117667,145528.19557874402
4784,24830.291309349588
16007,30563.11049100199
54699,22242.20939573151
121551,4549.813816236224
124755,273757.0818357992
7778,163837.63155855396
99548,6503.1562547587555
33003,37907.34533177451
59684,1562.0560262366726
103353,22547.901581891936
115803,102942.38294812289
144991,35224.22298190892
2575,8472.071919504264
3628,2638.2529650447023
55252,34590.545976231624
37831,18185.348383072454
75804,4342.586512943539
95745,17479.58821755059
75872,18169.170557087393
111938,7609.820510466603
136352,29963.506351967117
98214,70287.53319385905
115996,4288.892502145088
92579,16004.193450784944
41709,8190.012885233438
115061,4989.723395662835
121600,155008.60797329573
22834,20276.62520818168
111368,12235.273848161905
20023,14847.987913421006
148867,8973.580812751785
21770,49089.3313391771
4251,98149.84464631847
75867,53151.17604855737
25169,110562.6617906691
104781,24621.075095636552
91091,5663.453512755448
83031,164948.56223431858
13667,16469.772922820626
70383,10405.769434666792
64568,48267.49705558278
88524,2287.580335086624
56819,3468.0455055039533
71561,10359.09551202843
134512,127977.46023853037
79306,136196.47450812437
139529,22814.746961964433
94869,3925.1657742414145
42671,7762.63256616795
94421,21297.241170481415
120565,15703.091309922056
89622,48137.684550895174
87196,56100.29463181615
124918,9239.669651081187
53523,12900.42133921024
34751,25808.673428823495
143669,59956.592737485465
85653,34527.00768633138
16835,11255.908288708379
16318,44069.52225226116
143589,5728.379969554843
103920,20031.508950388616
128248,26952.13365178593
89637,5603.755196749185
44655,2212.331031561823
5885,122728.790882209
130359,87615.3816696432
30858,145390.71103013097
58121,7868.428276906743
20508,40991.46682225106
48551,38375.80683047718
66549,4295.963360908801
134313,22673.13342698914
941,6646.29815953736
132804,1635.6813692513724
62317,139574.71733955957
55887,13334.504263728842
16967,52034.349192149675
120817,21266.083193551473
48984,34664.98686250622
17060,4048.732033567913
98662,29174.779454219715
136584,16645.62290528698
107801,10140.43883398029
140192,13865.873339845315
34860,50911.884322640646
124023,17438.70728217747
84392,28091.634867497767
84103,10620.15955481441
55648,14262.225010549952
74355,117256.39366708591
54824,26313.622390745702
10294,8640.085942610562
70204,7746.532256730971
145436,49405.85355987332
149444,7279.402800926326
79772,7931.626915150464
30239,1711.3569804388278
120512,9483.858238323739
81271,31124.719401615086
34288,28238.40162742733
76391,3382.7393292919646
113106,163013.57613732832
31285,4297.580297913199
85377,36265.38025638045
55853,205894.14681922196
49625,16540.59623088766
87050,3077.871757726289
45907,81128.00465573822
12483,26073.985485998077
54063,15856.117712985482
25068,64676.23655284033
143105,11792.154038296167
100344,6355.099313804279
113430,28812.083735401648
34208,48199.02383376844
2152,10920.685616456309
40356,3233.3819955913536
87222,38619.39857309278
134959,4888.289461021089
81830,6042.172492533584
53063,101862.22311359036
78700,17405.81239040137
88960,55709.6079637581
51660,9010.368760024983
149907,69203.1149148479
57377,23320.796409036397
71896,72974.28259198272
136554,7871.689762819341
57838,13815.823811209666
22812,52625.05658956342
60897,23992.284489388752
56382,5830.8788738656895
99678,72267.5856613359
5389,5832.901413746525
92946,19161.024005393007
71137,4094.33291102931
106422,40071.23388363427
19087,15860.882325873958
63236,14210.646356180787
107256,76912.43819441719
133653,47710.62412929957
141629,7708.479293550391
19638,26941.16495730832
3289,47325.0453290995
138755,87797.98758784699
53531,3771.8965391784463
50417,25300.55121214258
5882,9544.845200687803
25449,22906.383469157816
45065,71732.77809834342
95479,80580.78650678205
52223,13536.49210500359
53668,4198.511130161758
18228,15851.966304043679
91443,38567.04471293644
97219,56087.37441673374
40488,21446.9092049444
7444,56800.202223849934
30686,3833.9898025386838
21909,245509.8193840078
28922,15210.449295961118
17549,16276.237579824388
14684,21256.98256361574
41812,25187.299871530406
58753,6610.769992579753
26042,18414.533350722213
129716,6677.150137400464
96433,10323.372502929227
59449,92112.67629654778
10092,42358.294542893695
29003,107358.93428489128
77832,80589.32088305205
75514,3139.090357938002
50108,11277.354757283723
82715,32013.076791052346
28988,5839.124398010456
108358,16661.11361958616
128715,121654.4127467842
102505,12057.773058695333
53207,12787.363335590024
116508,6836.134879333704
77312,2691.4951790671985
73989,7817.460672900544
28356,7587.687460264125
59128,8824.429775606663
142005,7101.923099007464
14230,13251.754685738908
7960,24899.483626305555
120983,1867.1505532484948
29670,1872.7021252416996
131762,202979.42160957394
14646,132418.95828942728
136458,7004.576930996132
84244,12576.53574138278
138101,6839.124498751596
124263,7883.087908337614
138028,12196.717194264189
145069,93427.12200955857
14980,4750.081864987797
52342,5623.017254163854
57613,76484.10165723515
54698,23946.105701354092
21152,9152.631862304752
34314,6485.617444297448
107805,44060.64258413291
148700,228140.22983721714
148587,3127.3411611805086
25118,9475.653291339835
134257,6605.915357183589
141267,9907.195600051125
61913,53817.835147532875
138862,13450.601423888036
108528,148574.30165194915
85572,101715.68006087322
22116,4318.829055510188
74013,251899.00896721828
44967,13273.214652627299
130735,21264.399071409258
104611,17077.03102861131
93191,16053.698056848252
2522,41140.46460780049
144196,21499.86220916318
13239,24985.648930979118
7189,98954.77228499028
61319,186210.14814075115
127273,16366.299661497833
54506,23641.667218828392
110519,16043.71927406923
16180,13264.522484664038
64137,29304.519726986797
70634,26151.54731205505
46897,9714.231762608779
18310,19225.6893669631
68454,70526.22190116045
99693,27514.69327469635
54259,41650.58902506119
43947,9455.90752576621
45759,10844.657975150985
59347,48066.838111469566
113271,8208.562476151474
85094,35574.129647546135
35494,15678.190358852185
67487,50465.65818988402
98631,51641.2681943455
44480,14266.263845441252
56828,184802.34043262014
63329,13554.137108839614
95322,15878.869722534508
3188,64817.05861049078
77851,4184.5312671414285
137060,7228.735628359326
72440,13245.65236289808
21056,38803.009919833305
38918,4615.021255060933
65491,10579.360711908896
133818,52698.185263353276
43332,33240.17885128829
84074,17721.407319831887
88505,26776.109959018886
32011,20687.26365342783
148550,73369.72216621351
95511,12104.00484488688
41796,22446.83305123193
94078,5467.285660575444
90367,70001.63985112043
61187,51467.687029960725
50315,71865.66659565568
149945,45081.14134287573
92768,54496.06932174469
112504,91030.37817314033
139496,8917.022507497953
143107,110421.64918675336
16513,34291.439734104555
140848,5121.446422556367
102761,14881.446347117067
134154,2852.2715814766325
69650,127197.38302127307
71960,90042.57717321266
2428,17657.590450147727
131279,10805.337103459879
122995,8215.651317121501
57627,9512.637104852698
139900,19040.357805451833
43621,28943.651423738218
87539,40070.63141226267
120061,7778.587513387577
46922,9345.04327890574
76615,17837.338531186775
146749,1775.4807684845441
143969,6411.554150172284
13168,11258.323322317086
21447,25201.946598121947
42300,20594.77960083603
133707,50177.76063997641
132703,18755.519968827528
40191,27001.56075811705
125324,8491.136709463433
85408,26094.084924366507
54563,68764.15199955706
75176,53775.47853336208
92430,44120.779047891
85154,19949.695793426137
76773,7411.6069278784225
63068,9672.50081468388
107167,7764.200238921374
127816,120754.82401979492
100082,70565.72290579113
135642,50491.30835215148
90382,1431.4594451731946
18878,98347.55335850589
38199,36785.60841016302
111817,70594.23768900638
16757,24261.113808644266
41736,56932.29828899087
30798,5461.562000633187
23238,43390.05072348401
137924,25983.81023217893
82987,808.6725396070511
1264,17506.549603968713
24999,15213.95995201228
143192,136142.21013674443
126214,5683.627133178963
25434,50239.687093456145
92925,45518.93829961835
72132,32789.68792476474
131020,3109.2047348265146
78835,54540.010535820635
19835,55652.07567657667
44243,21940.23987609835
2669,129985.35813402859
54843,20469.680376663055
89369,20623.759324604012
93126,19311.767504726282
27516,31451.403159284797
69702,9813.15982763001
98991,36697.300379084656
6228,101643.00480404617
78161,4326.199466265185
27519,54288.674043576815
29694,21077.52946104055
35505,23734.597191586683
87208,5347.631589705676
139122,8099.637189481948
26225,14853.576329909265
111018,198454.05713970654
57281,176312.00526399043
148271,30011.288251498758
71715,34969.58893219486
64918,7267.038416838121
130834,4177.616822720428
46403,31779.082817823422
2878,154608.1476397308
46142,7904.23861237605
6939,6097.144257240856
58517,10038.330131445166
30258,8020.704114020559
66326,77145.25346072916
85108,19645.070115269147
121417,3169.9110763065096
22604,34749.48858696352
46223,21920.968223959782
73962,20239.971351592707
10186,17154.64282775038
88617,29899.892532568316
127053,115808.42972402817
26187,88078.07211718922
66768,20985.475316910404
59355,39578.88339783329
111716,5275.212857746323
50678,74686.75168871827
81970,170261.57593016725
11309,218608.29935331797
113496,13099.224080182219
14339,159003.6598988722
24041,16563.172834825502
117421,154398.05155423094
37254,11268.360489616818
83475,31274.503390921378
148720,5812.770603954444
61064,9643.830910092827
118833,8007.471285933712
115408,18692.225457622248
138766,13462.953743969778
2077,179535.65229987996
87171,40363.70663728987
52606,12159.712929751924
143940,20466.83501006357
5065,11099.751532236438
102339,76928.77676054553
148585,26646.28993887965
84754,9476.214071290186
97609,16712.237979500416
6384,79302.68529971415
48854,84987.86347311285
25642,5199.329885235307
101212,15570.627973961246
94948,6884.430705049502
54937,16033.484474336314
34395,4673.199148090189
15479,53321.3841927815
176,14568.743473048691
60746,6852.822895251116
8410,18181.541168972595
98963,94927.02651522882
23128,25440.747899290393
141718,16792.200303567683
127280,5041.840909268054
84734,3544.8600719936217
4277,35924.265724968995
22064,59585.6544852155
34696,23925.441356207048
11977,77812.70932940085
12855,21219.520027173094
60359,4520.373855130872
27870,145850.47607684098
34385,49018.61744876346
102007,12926.01020381235
113366,105567.39229616073
16850,74254.11702131163
67703,16592.69904031025
137802,25434.058447855758
13972,16986.667762207493
40660,7325.041861359385
25092,24030.19213887929
119616,57705.12411109128
148119,8510.472674367722
112605,16940.848444785457
13636,808.8751297691875
144942,18960.960377511787
8727,37514.67046981102
6903,5425.670320193513
35161,29857.28025410363
120119,48104.62333386306
26094,6303.166863715904
53547,45416.71982343933
74208,23777.372225113388
45861,42565.57692013604
136989,3467.830478929364
7977,18687.76207267458
125876,17648.86956753433
29066,11038.33112463052
75841,42603.645464431196
115643,188439.64480878323
53206,13691.009123475073
126993,34903.33679379469
74991,99710.06777292385
96360,84937.2251200621
27637,32632.151576248812
66285,8322.103035696773
139279,219207.76376907117
19780,21992.374295610916
113896,55146.56656995497
80427,4170.095910770655
101288,145504.23427808497
140631,16691.046269017254
112791,8664.310315732571
94923,22172.06160498358
3098,38213.32432483521
148943,6428.661493724303
46050,19034.974876236665
93759,41507.37634652842
46880,1221.0289039854995
34460,56972.60164989238
89228,19170.697315876092
63670,20823.727722727657
75361,4115.1212763588155
47153,3776.8807475580033
137595,13653.524363155795
82604,13900.670323245587
93635,10437.828749448086
107757,32999.00989341648
69514,7058.76941615007
13072,4667.817179633422
16392,7801.454078611571
121157,20150.45910447733
65900,57885.63236544384
82927,5849.087242395946
51954,7372.103520214585
23112,54539.34257109095
137610,44184.62774357053
125194,24665.700345179655
81928,6845.624853700494
48198,4213.5048755400385
20918,22936.419165271407
10662,7223.473017095431
100756,16651.648618810766
31001,10322.93137942909
143565,24140.42090777093
110195,35666.64104169223
101831,9070.550927333788
116334,49168.21928145779
133569,40592.85367964206
76742,7191.291353148443
98744,32581.723482063375
121384,123349.74162836085
117467,3189.5741224820886
106920,24260.071641938608
98066,25389.30250887314
121076,35395.770885715734
137611,15995.612342657534
89219,41885.940129898096
81968,9285.106449298495
130979,13471.473769738459
5088,3767.5628177101776
146087,107484.27141883518
15414,10125.663629625546
147630,9628.241274566106
66223,37222.871966224775
139028,71345.89191392706
98987,23150.412678457957
43824,4335.4761112835195
103271,58537.43949027723
136022,47276.958866455185
94134,13905.589455024941
73627,123335.7891056111
119090,16627.570824411436
64896,22320.065977190014
116475,201334.35963436423
126923,12095.375386924785
90678,3368.3390400031694
138027,9728.865754992948
45987,5241.214534009493
87710,28977.82190426261
17505,38995.20407798932
89925,24532.716029037187
105277,50339.05840437084
78738,46072.0380831203
33039,4753.129935489954
40319,12517.714647493349
140936,36727.073006262784
42204,9138.306979035851
39990,1304.9047717424592
112941,25111.63944883272
102637,100421.74295332875
105930,6928.811072015641
105594,20916.51789752628
90097,28508.441986688398
131258,10111.487413099643
97263,4597.227606026486
120078,22473.114455721105
33303,28940.213297530907
114496,4792.827500458906
55619,18660.488663260752
105900,2470.5125941043216
98977,15662.540355005744
50192,25642.912502893014
145150,53936.004268448436
134360,71563.17808405087
71824,52145.61142293879
93381,9105.092328931056
117374,3872.548794625238
40213,108796.38015744978
45818,30318.350755656862
75533,39512.97214379431
110823,231065.4553480586
137263,28681.96763976499
32842,535.8776139314923
99609,16938.036741546843
128404,34165.269275080296
146851,77504.31756460702
106227,6943.176394300126
27677,59100.37241215467
141864,58937.284027120135
84545,5632.218715894816
53103,33490.526107920785
6798,6676.468513588289
66995,37567.715247892374
55434,9679.891606116329
143609,29007.60727726351
10630,3567.2172412584846
142401,59987.90202816704
116849,9969.748598101
114470,58303.55825623222
56490,18421.21206035774
9700,17846.98207860828
121711,4145.465068171356
145822,8399.765629194384
39983,12527.384308381987
61737,45902.828092869706
117819,7785.566822593158
82606,25007.137091911114
132933,16600.25977224003
118822,9517.463412984527
25497,8897.487968826652
82962,3794.966751842179
123397,74942.27873371381
20558,95822.4518396009
110754,153220.53760610268
19879,4493.815235921695
107043,28642.15564149787
11461,18251.51226466323
81538,40808.72321231383
112160,76855.68761551754
60774,24250.007941674263
1832,120871.70848820763
66167,4113.006535880213
141041,29078.412044656867
109737,85530.53514300066
92041,7979.509267846561
72441,94256.94727390031
628,81269.9000736861
93711,7005.675513815506
67904,73272.24180754174
72897,41913.00154515177
145258,54493.16734917072
125855,30899.021401702303
103302,41043.85454106338
27241,29830.320894530934
53080,5740.3101514059
124896,6735.6140438047605
138030,102900.19780099884
50343,18460.997573583965
132020,70212.66766709958
47948,8417.42197438972
858,18866.735203953238
145360,149947.37677423243
5957,14902.93835529378
39712,20371.75386290064
147261,29008.43412124827
50913,6157.205792436974
87230,10746.823744883675
136707,10751.668833903277
112874,20168.150811692925
62841,106068.64696839442
110475,23180.3613478622
66258,31529.860046885664
35859,18149.84822905005
24233,13738.465271151821
66704,9410.296373096426
143222,12072.308977052347
39331,27339.569414104106
1130,8191.993579023188
74452,10524.591658736692
140347,89648.72660566145
5770,27684.68281026298
134590,149898.85776035328
62891,14809.225197814869
77428,21987.2698924314
94567,4272.760966272275
16382,39936.84494993676
59027,10060.367803890169
99459,41810.9428445604
51239,41020.58933932781
108345,8867.01822279585
40964,33094.553815308966
17863,67492.22042368526
53135,313449.0075982781
112376,15668.93486832675
5971,56792.58653350705
13035,26147.126605033376
51759,19200.932173284924
58918,2234.160481649381
62705,63640.701877062034
133424,5863.052910100994
26453,104515.99307266077
40735,21224.672783768157
93340,155079.95611700474
33309,91891.0717910527
8232,110687.89167720213
88343,97066.21754488965
111546,19052.483503759737
122172,41587.24010197898
74722,21841.61692744763
138851,9196.709347999185
64697,9591.789525822274
131339,51248.458836473576
1015,6975.449914753833
6186,45190.44340751412
65712,22577.853775504787
27888,15130.275965746388
53894,15624.683108447183
2212,26886.83825009081
56989,96550.03574359833
145555,41907.72576067204
60145,2944.3211777920556
131717,80693.94930659523
123105,86369.58124677425
31864,42593.41450642569
49987,38085.76669396821
30608,18989.962381502948
91653,14584.989427955508
6125,30411.335686102328
60189,12925.697697760068
73493,4728.16134829267
123079,5607.919541460813
76921,25005.729391800218
12387,7359.004894644566
7400,9917.237752409625
123129,5872.489944224195
130130,4565.153368988484
58536,6852.945841919828
102587,3596.5764735823373
73378,113692.10307971979
25809,76338.85372179015
24269,56246.10354209718
107592,37969.09709793936
116986,369291.90723658307
122265,60568.799426941965
145065,49385.42430197823
27115,80612.9356025981
81269,10833.398389446305
29745,27938.64849610287
7375,59458.052736864076
84854,17472.879923329132
26424,27875.443605785986
1961,5596.4139268636145
81597,9375.956531956228
52154,27152.312165977964
5497,31764.54119158739
49964,67279.74178177101
7876,11152.554523328708
32354,114629.87606788913
63162,30226.797596692035
16512,22987.33357201227
145618,17486.386050446687
50674,52796.00500186811
18563,85308.1948439706
36014,10588.719693524856
85708,11580.969366151048
127078,24967.714649174595
13363,36960.881442908205
112086,88655.5570337842
96451,97736.01437440858
55628,2657.7575638963754
77123,185472.92719727708
76536,19063.174185656877
96278,15384.43879016122
117927,17866.474729582078
13772,13293.083168686248
228,24487.42687206627
130570,5480.993853994422
144629,15427.626311581398
132286,25742.581301658138
136123,53197.39396629507
61422,4119.540647143907
116079,53666.463796017764
21155,36388.54217912957
37018,6553.847325636499
35642,12974.017144800526
30853,157379.3657893349
25281,75367.45284683873
29077,28188.29383268596
129006,15551.391418509433
145785,17113.070515020292
38877,4943.877067811605
82600,2813.2869251991865
59946,20002.301079610417
132821,28969.83016826433
92210,39458.33776395478
68156,3203.782389485893
59443,127356.70744533444
148006,9342.344035423628
40625,102088.57446068962
83222,22818.493543811426
99776,24752.342410004392
117226,4623.1969030783275
108262,63489.44659688281
84343,5609.264848532373
84511,3577.916453335985
55085,6155.469224777184
65918,2869.7883433974957
144199,2743.5543453852847
138125,21022.2782183865
119749,7123.081338381048
120979,33352.87638126293
17027,9877.468914259147
31563,112240.814338803
142882,14849.689370555338
126886,15212.777921701487
34679,59358.263196293774
40266,5417.990256940211
38447,207802.30736690093
146508,6877.500860599441
63119,19571.504138761753
26634,3377.885249922338
81825,11807.659739908351
104285,43813.5318605169
2332,49583.59850082797
54447,55931.52635791819
100881,62999.30000564578
25606,20306.590580496988
8138,7293.66547056574
54841,26210.53006127952
26008,2749.8430724445852
146711,24439.767949341815
43400,13286.983795589797
54011,68830.07776158987
133655,81400.59898910183
99221,216381.14143413195
108925,30194.182303465062
147348,3363.8076649679265
108497,18793.638068113065
76890,31784.337394095477
97582,85871.47766849815
73767,39675.53939013063
1815,14705.02622944938
7623,100408.91814447813
136618,38316.54620201699
43891,163563.11737222833
63301,15166.720054559039
12350,34786.01493580978
74501,8947.628435951214
88427,4649.9014638616145
114019,33153.72529274595
13567,18592.970821455085
3257,94299.31405272917
36486,104990.47839363955
107620,13518.853873473176
82721,7653.161387235898
109087,47769.228487216154
129041,20709.350668998683
41426,37564.25591125356
50267,51723.64878476967
64478,3019.1015218070424
6794,15755.07334257428
141520,17107.06949370938
84959,7347.357423502889
122402,9171.449287516229
55415,12843.461243786776
35615,13007.367025929685
95627,1150.8353549844157
65720,14377.873474914433
85671,12765.453727012067
132974,124289.79588382301
110921,22106.904363331494
145473,20906.48244976701
17012,10323.437624821283
4837,18073.728935006413
57488,5973.4044570443775
72036,4183.5186080631065
104356,119787.20012562192
9286,19630.760310482445
66756,40658.95873237025
34006,64430.3475426986
12566,31335.15603006712
65462,19348.65039016386
50749,12833.546771882508
84345,3324.109623013077
25156,10859.656031048384
53466,12129.098861151362
78213,23709.48330877539
15402,13931.941233744627
147616,26742.374255772043
79251,6018.660853558403
103257,9089.942915159116
71734,35470.63764661296
91014,18771.446297833543
64922,6730.885363585961
13691,30568.39504675923
94542,12907.681113644505
111597,7329.951052559545
78262,72239.4016491396
12020,4852.4328967882975
43250,224419.8641135751
57431,81288.48776310371
132241,294942.2221999652
27352,9070.55804186888
24292,24710.423385452672
84109,6886.134192687602
123598,115421.85565896366
140369,47768.02718993368
44035,22770.505011286492
13873,111614.5482914985
4496,61683.58669969302
149943,30532.049922543578
24510,58930.93418956444
38952,10443.86266336888
47947,40832.538055601704
120638,25887.22421567293
39249,89473.27160408368
114530,68567.74954698345
15281,26103.767762198186
129977,6559.9687250190345
69890,118441.34036388881
44657,18746.808932426462
41463,5328.212155432244
53302,3387.968458846076
67670,77362.52510540925
2274,91569.13889051412
125287,13193.521322720291
115872,12133.086223214814
132044,28825.456236230115
143073,16219.450081820974
63520,12417.40921771017
42574,10576.409572208595
35341,26470.15770639893
60280,15461.577061514667
84739,29248.112179402873
83583,2308.6723458369843
131690,6664.244336555633
114525,50447.984826961445
3563,97292.96937676941
53331,3322.8088049466664
58944,7766.456972786661
104553,107561.00797841727
144062,20867.868079427928
76298,44593.784079490004
52929,101717.81716593695
135155,7864.065325901732
125659,29230.09422810541
87801,5686.381477982597
48834,63562.7308864854
72950,33970.1210419668
33764,23454.535362871593
12397,6114.823033355478
36067,67145.2834160523
148795,7904.751452812019
65419,89249.304051479
46227,2721.6046057022427
62441,12270.672942100155
16838,6675.851361196432
75623,6114.621994119575
82802,36572.2295306865
30271,48955.74465838962
8615,19780.855000437135
77130,5328.8172786745545
5372,5127.567429460729
96329,34014.444420851476
23517,22489.420314446328
41377,35978.45035070571
121553,10254.72589403254
93839,32342.937540069728
117293,77319.4692268508
64134,30824.81555995186
140776,1835.7884336466752
16906,2088.6504070275764
43430,72886.13207686039
33633,42906.3946694822
149359,23589.19340637346
42057,47762.08965728858
118449,45614.49165864271
142133,15649.87083778427
35664,36913.33086152172
82360,13495.341472061495
36746,72935.55991507618
78583,8140.495284687648
93461,57597.19839688447
116384,15114.697674332565
95318,35122.272086678175
85145,9595.869261612692
82714,10676.081152459323
116923,36187.69993891829
133518,6865.800549709987
68311,10312.42408753774
81845,8959.319560091539
144042,10660.418452883176
94726,6411.503898150244
127459,57462.58520849232
116357,68021.06098087615
141144,29848.573587795472
51533,20282.765870317897
68093,54842.742486391246
16527,7323.669892730972
70958,112345.22647549395
114118,8390.331602649292
19657,9785.11592890045
141242,3484.1288341298696
33578,45018.7203991903
108189,24473.869579677266
103232,33891.290287611286
115952,13446.714016181884
111722,2037.1995440700375
81838,35985.79937901099
108943,20583.096210618158
40607,74681.92939319779
105779,77389.46710515236
19205,10321.722611874018
145535,1532.1142019670447
65561,22500.22522372523
44117,75130.62266013882
109857,6749.187001790051
52887,5581.126057195932
57810,12560.560674798635
72999,32728.188843116288
95906,32830.07179642987
137427,2012.5661847658102
58222,64613.83854831145
114937,84786.57183168415
36001,61845.082126577596
84841,32206.10286638928
125954,84002.3123708955
16342,5614.741645212686
70270,15261.436041098283
143016,2508.0350912380886
123559,3246.1574540711113
75046,11395.515231185029
72158,92154.5484862226
36371,52451.400085177826
40706,5183.382157001277
93559,7728.517487994412
63055,22005.563650642973
75845,23926.915665301167
26429,35530.6126520679
145519,83148.73107080272
10459,6250.750932052293
124696,16655.334557129398
91952,14470.062530191031
148082,171953.70065637876
83357,34288.43283189211
55225,11643.239694687361
5429,11223.78830329507
64039,22106.42908122409
90330,8328.819925360978
101162,32168.24511405842
103330,72378.3886605511
56623,85942.55216829406
73439,68919.75134664559
80254,2287.462924763673
39717,28319.594757718954
122498,20867.2601910279
123917,13083.204501617643
136792,25493.620680391105
23934,170401.48948678307
31413,12487.728987294491
135820,14522.134510915528
147012,25771.597557330202
10152,12556.969132943754
113918,5188.503849604782
117414,26257.62585810876
118856,20820.261159546302
3798,16497.927855361228
135865,7937.254829636959
52656,37258.5958269432
106184,145087.67066851887
115879,5783.94098353845
140872,66033.24494666458
772,29844.920213306465
33443,19375.906344662886
134048,15492.170042586182
96355,55735.93865065514
84057,10261.9041689083
84182,4664.94679445844
136274,12075.840817338052
88585,36630.61320214709
100839,2431.853712726495
134531,7854.782998496799
14368,7635.13869650474
82099,26262.6796788959
185,3371.902916719292
149030,149020.4586617927
129630,55724.357548246226
64322,14047.073422903672
95513,12744.53670797421
18513,28504.824551819293
26354,43635.57536848826
47901,7854.65125487128
16922,1662.2429675023714
28876,23273.162245704512
2884,19359.301562460205
25843,225190.35365942295
52618,175573.0787275766
36161,73037.11019487312
28015,43775.116694118566
144088,10586.642226101269
79928,18910.98842732486
134117,4419.123994615911
7030,4213.601426748943
5201,6457.786771378158
144949,45255.20103545512
100752,19496.38212467141
124373,8826.880105920045
138044,10343.965357242021
62368,13069.797415073761
38182,58442.747509142115
63480,25749.093541337585
101185,20704.099884606778
44837,122760.20453067622
38975,9307.153067003357
61918,7944.168069500111
72824,208610.32982799583
28028,41729.82097451402
61292,28132.31737464402
71055,154463.13605449675
100833,16095.836205499727
107403,23121.519642021914
37899,48288.8512614026
8166,24656.16613371448
135380,140416.90340893326
51828,175047.47714116005
88056,18934.2642098661
144364,31563.390566077785
43019,1994.198622238825
65259,3822.1673648986825
78316,3913.0123850166897
56624,6018.9442573345805
97577,27102.44199192078
91176,5349.054883889145
123565,25038.767834128626
77156,1450.5740287337032
28054,17945.56540122724
55584,42498.24968144468
135008,46523.695408891916
25759,81297.14601952281
50112,1987.9289049823597
16933,26723.93197400623
126777,12942.351274365308
21929,9935.892797257422
119111,1622.471586736887
49182,23494.913014697573
59,18490.180833111775
110029,3989.470434551598
92169,18380.59548839232
146042,29602.99173138765
127886,16306.565656098986
79579,5255.3234506562285
84949,1138.59666625686
61317,12235.129726802796
116156,45500.00431905407
143325,99448.50130832296
50555,17516.272221622778
21635,25405.943905595817
112860,11865.451356864482
79890,52857.91218298335
77725,75485.87378874928
69050,128647.06304664478
128928,17358.58295827459
77946,10745.50858247112
144928,81022.53219692406
15606,3577.9669453618
4505,4259.903154313867
108658,7629.232427948969
38659,18223.977268149818
139093,14313.683782739316
95583,49088.37206671006
76165,76443.46098938199
31553,12339.187068354191
60952,86440.83890845248
23996,99124.20699549583
69320,31577.29843760192
108352,122457.18200756202
33188,7130.874881253336
3110,14044.012903750016
141085,17899.959960712204
20010,34146.46546198531
11171,13574.958135216933
144690,9895.350643963964
105783,6140.676085135665
100631,19179.446982980615
129033,112461.02310679069
105207,4751.765113392783
34353,2883.8749756458237
19858,8570.185020966848
73373,75672.65400241813
101722,25588.174486178017
4553,43465.58163155124
124529,18874.07677512142
105004,111093.07242306635
118734,7838.100216121333
81791,42845.606857209365
4746,6582.523171187004
120748,146908.84497222217
83703,70840.27702231279
43745,2828.753381700781
42431,34406.01389114551
57500,1825.2862969223333
141957,38788.16281547597
8181,6282.413597166742
12634,172934.72656888995
89151,53838.24040590573
95600,89477.82915875793
21797,15257.207330873527
16262,5827.211403328942
105581,54563.027436412085
85840,18359.17576410258
118776,44066.441798797714
31267,24142.929134799757
124357,88524.25380597735
74507,30404.324392129012
505,34818.78146980927
137337,33513.272706133364
14898,12303.478520750534
117165,75359.64067018192
125885,12530.97918179347
147625,71345.86264361753
2074,66898.0594113423
41023,6431.4485696630145
117138,21338.06021920333
136382,61929.72768826162
9252,4300.568609652377
115398,41904.8264260821
106412,7661.546609244049
40086,1940.7308426488917
43048,6987.0249535944895
124813,44779.33515531928
79212,3758.5675332863307
91429,10257.369036705826
59360,54151.719455872684
80088,14276.724860190589
28267,8898.034937386197
123252,1117.0605044259428
132672,22424.44823731656
104896,18508.840736585364
3823,6167.390176654298
139012,11348.366375592721
129420,61047.51552797828
41173,21312.37874800978
99722,59173.857020006115
90468,24623.614257296304
98456,12502.312414069012
6494,150149.4440038051
117117,21069.75312299893
76143,113939.73377173935
81764,31724.24032200542
95839,5683.415456461695
141496,6281.657155038302
27036,49606.569792468516
108676,55069.23439728115
103658,9505.055189147177
72198,31755.72810065618
45410,37442.861636707996
442,53481.501003325364
117698,69978.89894275794
32010,14331.861584401628
44708,9791.202451402678
36553,14469.759428853695
40506,36376.91341312155
69378,11631.633744922898
38504,89759.73581851347
57422,2464.3796468027367
8208,14892.61525508159
87919,12328.71183698431
26136,3332.551409537098
78902,8994.454490391492
134796,16333.787231112776
103301,59085.413224369564
47147,2219.6773823319472
44988,14071.690673568579
49090,35453.46003216889
54332,17818.367244733876
97686,30865.38731443218
54377,12502.314380818734
33391,3245.022664443346
134375,11146.282232877795
146852,76616.62607212132
141871,6572.610582506892
31266,70747.22606843062
59728,5620.972700464177
111193,7805.677672658869
73016,25579.34462395336
79589,10483.600039128392
144590,5931.7179738072155
39094,106351.00328326997
14160,6063.843192252245
4415,17760.809827998783
119969,5137.365908829838
9691,19200.915820562477
73864,3682.1390375959686
143335,10227.768232843067
71843,27999.38148062071
66048,16411.53110309296
41859,10542.024606891851
62222,19581.917614806123
143931,40576.31994828504
142003,52287.56079914073
92912,70448.85854922829
10125,53038.418588923436
109417,5106.2315351306515
54244,10017.120827764496
88390,32557.94187896612
39466,3731.362477662493
51664,35206.142691355315
75227,66173.57378470607
35656,75140.19510822318
98432,248539.87394038407
2177,107094.41184981205
104795,13920.402682808854
23657,3733.418010708462
121284,54150.248415292794
126811,27852.826323920857
93873,67489.91059855894
64645,19872.922764258597
127584,28395.688037013493
11804,54567.43139347745
5231,84240.97152565906
32342,9271.4548985093
9327,2747.364835369209
126491,16480.38137202667
105246,63926.08403522683
84360,3377.218922876637
29292,172730.99567545005
85327,21315.81391775287
146003,42764.607022853925
14205,19060.284092038775
15224,19683.291496987586
8973,22854.888426437734
40252,71949.76302616732
20878,71339.54179405238
14310,3454.3892567006383
58841,9413.901237509357
90992,38656.31328372625
72188,7530.839881737734
24682,85550.61921668454
95552,32844.04810033308
59415,7415.367953609784
146733,13905.364055579692
113349,7024.953201219931
69156,14373.234982900485
10841,12195.240752239783
80613,46183.43411217723
124270,20668.08711641228
72333,40631.484939832735
148980,146720.4579187977
133151,8408.261448922294
34922,86701.7902046116
121745,11070.045202930412
149556,112434.58560324713
117093,18031.607741714917
42128,115655.28270348768
71242,3032.794082608507
40137,10821.550473524745
137375,22021.51135072157
74954,29171.488192159482
94922,27207.900087418195
42484,1672.763668873818
145525,17785.82961965618
74647,9225.657288092765
119662,13359.73745414815
56028,8934.967602047884
39583,8899.212135306629
108950,11063.32563888373
35246,89585.88691447303
100634,64510.48099400489
46752,70911.870205075
47695,16590.67400828174
62957,35985.08916390988
125493,334142.8166131607
47256,10029.384369432091
78701,28052.19179024183
19223,13870.96107156981
118252,11968.7899790485
51925,95529.00602275369
108149,22450.694800662335
48752,31032.360561905596
5530,93912.8621131965
132866,11381.145054120174
35329,131917.37514598714
114334,32435.387225210317
89949,57656.91007573738
21676,30117.82418578728
116510,10445.964542995702
100630,8977.181842967017
104587,1958.8372474911464
110338,53377.28623989466
54849,18627.01527279165
147746,38948.268550494395
92806,12379.50714995491
24316,67645.9269009401
143269,34435.09693286068
111690,8941.49535990836
141262,198095.19591818957
19456,38502.5621159319
137499,19209.286185593184
67972,27905.084013702628
68402,6282.526841610164
62680,17600.819830105826
137570,52037.30622909552
27365,3166.134004896837
137036,103401.61847798538
7288,23000.659879148057
42979,5955.2595361716285
93046,21847.95973003119
102287,7969.466101314384
140425,24625.08795577808
97218,4722.371737291787
37683,26749.808553175608
74806,20542.778186906315
29947,31722.198906499816
9198,227067.32886759465
78448,16720.97421082635
28116,32957.870278694245
51780,5145.146216516143
110039,5469.824028159897
85506,27013.770694571504
9533,4663.145922886536
65177,6066.114943210883
116825,102995.90631735812
106235,27893.082328521195
81127,13451.079030773919
6362,5527.329355680044
125422,96945.44868858758
59200,13895.816260432315
64675,35123.697907352085
13225,10563.02033307227
121800,7237.170599306937
114712,19274.966057110945
130406,101041.31482788551
119430,3651.081668527365
135018,7179.364181981009
95624,11995.829372265629
33588,15350.866790045364
81935,50244.109319642965
74658,36758.00323618022
8735,7150.1111758911675
113894,119924.90877655844
55152,-478.6547640492913
16348,7968.7247113051935
14183,14759.127161701434
49986,95314.29005745989
6734,58131.0129863511
6966,9216.992881477552
129755,141917.1213658363
138440,22067.78085400839
80380,21233.55968405662
145703,310103.5197715096
37764,116502.96374003746
87281,7906.266105093039
96843,44190.54711357729
37157,7108.643446737826
86843,72491.3987712079
3283,40534.136259887004
36549,17868.080064791055
5972,3320.939738250793
20030,23211.85830671247
96875,220388.04750014975
9448,23867.040430653346
121145,10804.08913211044
96643,2587.9227717168706
85106,104609.456537904
40458,47933.86163768358
2045,28303.15883350573
89127,30546.169892759386
34490,13950.282564216777
38931,7779.763847929947
71647,9147.698883288096
67021,23196.24326695281
16333,50506.075474627454
16346,37849.339544067225
127677,26817.438330205856
109870,103882.11775612904
35178,135664.80048827105
109898,17795.72672577383
113353,21480.288067887577
108596,45727.20556639523
20147,10168.852876979472
126139,3462.6417663649754
112483,84691.43372920176
13899,14339.378170798964
145095,5494.596793352657
149278,92760.03616193112
8962,126450.82212776682
126432,44126.97965082047
148556,14415.252212214862
95466,3512.787776378234
20496,32909.262133674245
39374,10146.823718871725
136608,21433.307643514814
32492,2023.877783322481
145046,18134.275242751097
136769,17763.946881511056
38463,5840.271212650078
88944,9072.25366757805
92172,30151.939476315994
92043,11443.72007805379
15651,40937.58185657744
58482,40307.00482551947
46858,11904.23634691298
136752,4878.476008042912
21795,18702.29588043837
10311,7222.641055940887
45300,7023.384225830758
144489,1285.4297651959223
113811,50609.16001809173
139672,3099.1325659296162
147075,6697.631200945718
106047,59083.12677317738
75138,36867.975680048476
16452,14563.069472176783
89667,2020.279553646013
47785,235190.45184115157
3424,30356.725763986018
12670,8350.35261992154
96946,5376.116302248496
129416,66523.65250383671
16742,9752.059854892763
127059,15685.79036291006
136465,10860.603381343468
121529,29495.21198434384
13729,40290.08962512531
52977,9051.53875905009
92240,152704.57798130793
86964,23644.569904388307
124299,5896.931996363041
70910,53339.549010870716
36850,84852.2105217729
107120,7467.448253472696
23452,8062.967302276005
66274,92122.29937056008
48364,17344.750113512277
93003,1487.8929794631251
4818,3268.0093314634105
109558,3302.959409377969
145903,90128.33664560848
115656,20435.53729291551
135483,9966.92687223128
137613,68844.08659111084
2966,14338.1874876947
132449,2626.55174587404
28581,14452.57306210638
5732,102664.87237696936
140920,6646.822564642305
122114,234723.64996938923
98364,23397.875401127
24754,6591.300480051239
94459,3738.3643745315235
3296,24520.855641257174
48916,9792.936023059961
19099,68770.97307396118
41101,21587.648886475035
148100,11249.908858949635
119389,12122.31867746897
116792,15491.886418250062
364,68183.97358463929
52510,17835.40607220716
116813,18807.026361744982
102963,92995.70152246337
143011,6314.805128918665
52726,11596.793408267713
146895,98162.88667807689
98839,14702.1389062297
18848,46239.39053433425
116297,14064.713325920919
21440,20663.316652271773
38328,9898.182698391662
61648,29385.3363057381
57035,6671.522187084611
115690,13545.634525200097
128463,40782.09323585103
105152,2075.3613969820517
77850,30847.341518687717
36515,37852.041632080305
59723,6721.615778810798
16939,19412.686929218362
79515,124220.97696981933
113798,74884.90239750348
29429,17160.54465063585
41215,66984.43989398416
125827,82060.98149135718
3056,7015.834245089672
146409,3031.1072644045325
34283,129181.40829954167
112892,44627.578230737796
66638,6750.277358053622
119456,84696.89117604673
16721,24278.996769951867
149658,53050.23786412265
51898,217366.28434822755
111203,108237.66813069819
143153,17496.1759393914
35915,9605.00174067855
78885,26163.372707048038
27105,8140.283225054797
58726,54964.47792850709
13623,88005.09433561121
43023,11428.934731334948
1022,43708.21412170351
18993,22047.601127593443
66960,135986.21334784382
15531,80931.33093469153
4374,70825.67135643505
144790,72319.43983805136
21863,35546.71487715824
72998,5001.149640239157
137785,3658.1292861731754
142341,50781.62465037787
51389,6648.965398032565
71912,20365.172015963937
99683,18537.809244460565
43097,15314.069002295702
8068,33613.57585742739
54028,178971.7096905305
19201,15048.187065337615
140128,6568.11261389682
6770,2853.327891752581
26150,3912.5023389013477
34520,40309.451461374854
87289,11361.940293539472
21387,3586.4651707016446
67835,34964.04473590329
11121,22108.943606993416
54160,99930.0050965388
129608,56214.58771245543
117552,28162.258289470654
93840,13665.82148053114
31409,25708.03075072053
98433,34600.688683850596
108769,19153.646825893244
127322,4611.120661892262
73953,38124.64472232983
146354,17814.89756455402
110941,72063.21431106556
143608,16857.598126654775
66940,18605.93069680449
113503,5633.178755347743
6653,6389.282479291369
83544,8567.671022142582
119678,75057.86074665432
52916,16921.51066391995
88841,33823.00969034641
124225,18052.091778988135
112409,74044.83186760664
33872,55511.60427678522
4001,5040.826152651838
78758,9350.469735441751
99485,6646.1694308459055
126762,65428.02242738586
101370,38804.04792291658
126332,144878.80165616702
110103,4929.600162436401
106131,2836.7250101208133
80343,53175.95153165917
136272,141879.90771246463
77724,5990.248579208561
67674,41587.29470696068
130104,18785.56546406961
53344,97468.60853593452
101107,13833.138984941546
55566,30091.33309080318
78927,83802.5907123255
132481,15736.203590583924
141632,25127.750662100272
142693,93544.48012136779
141458,9494.331794878382
49361,92157.25613050268
89863,22286.013989353065
148226,40685.71560626215
89367,30843.714740967975
131410,1907.9315043352287
97493,2477.996300712084
7010,111923.36037927287
80553,37997.083109814535
92601,18187.199620226213
64089,58212.01494845969
65912,7103.1143134849035
20227,48151.979855955076
15899,104.03734739137516
68383,10555.232947776698
131293,40076.52691183342
78648,11989.299654209348
114187,55778.384023620805
17391,54815.05470898283
135323,9084.655918302367
40335,23997.48238760991
146764,35814.70889248971
130141,7418.877244406294
5958,170528.69530965493
22313,5451.93934721471
104574,8170.334228731371
69288,4217.4593767534425
38286,101532.46793999885
87347,23013.284204550564
93213,2896.4372700235
62133,113512.52732516364
141540,22833.146183739136
74746,6324.759802444634
95010,49719.180662714614
118250,42764.78417623539
115810,27451.36741121207
70355,12994.265282262511
68227,2834.764806359803
122451,35778.85753887719
17455,21427.79623490423
144857,14385.819363708917
9217,56056.353983299916
30346,12603.794963158474
51674,7836.6147846604545
11381,32946.352472313236
47547,5051.076353763935
16645,24487.59586230144
95859,2581.744614364563
99982,4976.165789151821
61538,66408.26284423539
26822,10375.285916600198
76995,33778.192249977845
125417,14110.388059958901
41183,5584.034327139721
97134,6189.601480918174
76351,4188.694454325595
147648,90908.00425170179
87954,102829.20640753247
126885,33848.40743908097
126823,5351.204005212038
135200,3364.3553318145005
93517,34691.22653022355
127369,2939.2703947258956
126154,6102.151113650955
83661,44789.43130556241
44632,38437.37035865526
41089,75923.97871183607
43494,66461.06719518188
121989,19670.60953248975
43474,77388.79412364906
100124,16886.421378339168
128978,4174.4224340153
103111,33937.408202955055
113341,57445.4338842654
126025,18054.341878562973
64691,18311.260943503563
60534,23888.938130383118
49247,21202.53835095433
81591,5021.568867559077
52065,2290.5570001985056
80048,28985.91526294879
92250,4034.393075878538
34723,61795.203429698
111400,2652.0843648407294
15556,84732.66734756247
62331,15051.942680936438
121552,47537.96532821026
94882,44502.685269462956
28993,191652.13926054508
102560,34196.64970793135
83906,43699.74270743317
29073,8498.721018541866
1830,6094.694208799365
27306,9023.402344070162
57475,6515.1528352233045
67430,13465.29172076547
6339,10498.141265639733
959,2001.7835159179226
31582,32312.76775152201
132662,8375.844352826909
110043,6425.610612580673
135377,7211.399685995517
82161,34272.319602468815
131611,7244.3471805040335
20149,25056.513157377358
137195,12477.104966090377
31654,46132.798408616174
139613,6215.852037212495
21322,20235.709599358444
38859,16425.80649275518
111785,32709.945617117446
117171,10406.271139405528
41391,25631.73297713226
136167,73582.58038483084
113786,53449.766724876485
99172,19401.527421678897
29545,190855.97164628768
97050,54523.127260473746
47802,31666.75837321428
77370,64830.535795796764
81288,44806.66488214692
106357,68680.87469334248
145959,8474.407770599746
8444,3572.5543810140166
95052,11054.803032171847
64883,136229.86549707534
88451,15811.644600615258
55392,9462.608258965625
116644,104534.4460575778
54350,24741.02392546327
6743,12760.128292565087
35110,11573.40846067051
86856,4552.642399583326
76302,31275.881452774007
54509,59513.30340952093
11793,27272.39446799662
143758,15190.240811372523
5855,5196.402071694674
49876,20388.73386098933
51319,57436.107528413115
50615,29660.322739188327
127874,29035.06191987513
63393,31406.356821483594
23192,147495.71322966384
80317,17353.171233999718
48594,6209.939958883309
38690,113901.94412503066
22234,43988.47036773559
42084,12535.277462634524
54721,22050.66326784595
121734,247428.25570659596
58876,4004.8729177291216
14487,27162.292210501848
33024,18947.983841432382
83030,1667.4018793436576
56857,4878.991069020645
21716,35254.092591570115
56601,8109.620054271366
116549,8649.017032928676
37772,21186.63576386365
13257,28935.266188702615
35270,19577.765970383312
97150,13460.238791322294
121356,4692.721492446933
8059,11326.232176402655
45307,12282.901433047173
123812,23826.82799660862
132524,13244.588065189942
75490,140156.93264768537
31578,19261.162149952223
57835,17538.7500550451
69406,6770.011473313263
59465,32669.41607675096
110747,86102.06866136212
125106,14797.733892203738
124844,19303.885681204923
118827,17265.48382745288
106210,14890.939050747547
41416,57567.99837105088
17688,78228.61929121791
56032,29355.415772372922
144965,2262.7260317016903
43866,50622.18725930089
66612,95276.80592637199
82127,209145.82091649697
82437,15791.28859591745
58484,20015.69624581107
55952,13325.857679502307
58761,8240.980333811614
12565,72128.40172511485
48280,3069.512869567884
86554,10731.569574169967
110247,77949.72089042651
104716,7749.648808061371
71578,15282.65599981774
125356,45920.95421881697
36911,118414.5577845835
8540,80803.21459652553
41011,55277.768242926366
107305,9390.597999448548
74026,10230.626306234832
136758,207447.73570106144
61572,2264.9405174200674
28080,8827.817030335413
32487,88402.33750703797
51346,23648.128415168107
46318,21995.172205314975
45424,225237.5154009029
104711,9230.92115652576
140219,8988.753264901145
33624,40271.306549791436
126571,7192.369744631399
84410,6845.628654464332
120558,1552.897815903177
90984,25075.59587388342
146061,28866.197269310458
43184,41442.539947331716
16787,39381.42308095997
106648,92845.33230080926
54282,208632.6344255904
115217,12874.393738990057
123943,11327.543352343426
96842,2803.9095913484043
10849,24013.47067747744
76032,46176.135197739146
70453,40706.421878055226
53822,8560.158621459075
40251,1830.0482355810739
40769,3363.382962099392
83814,52756.559318754196
94893,6744.006529257247
83131,5250.628890777677
88442,15153.179229725849
1592,33128.937290442984
147911,55304.841474680645
94167,175556.7148273826
106143,11549.050283665347
19193,48396.964924554784
27576,67814.06771990299
28145,31708.47579071543
139952,99897.07669218373
93259,3003.786695873456
79484,13262.920822853028
77804,75771.59390566655
88615,61044.875575944134
73289,5613.411062714991
125269,118626.40834887864
1826,90054.3374982344
49379,7794.30657292256
146922,3975.1326782976184
14821,9052.013349641247
100433,20309.06285898274
77398,1539.6732723755915
66633,27445.837499780457
88997,53746.888972669665
4748,23790.613978629695
56952,1548.8921201997166
55227,52385.68849828571
71176,4767.78553217282
97631,10983.74918781567
135436,1645.8578577615003
94740,13510.377317519618
58255,72405.30256674487
27086,17312.625444101403
67377,434811.1887494298
123381,18870.18749993948
146989,43997.406421832
27466,19186.437987863468
144503,67356.37459154897
142195,27642.146114403884
87145,70304.72416398756
145029,20299.475911277066
119370,53183.40705147716
147788,35133.50518954777
34207,7263.4516752642
180,59029.3925618253
26961,5440.495845138287
125089,4315.335258282496
24496,94021.52747945627
34948,5030.763953153168
90202,36412.97464759488
64324,11407.46887666948
144832,12318.585121617598
63458,1091.4559078513182
98611,94814.77560222166
2940,10022.931525458875
133166,19693.93574649876
41076,13890.831115687623
79371,76708.19382617733
49508,39708.76061018074
35389,28855.920761678666
123697,39761.04126418883
33416,2829.333303773841
42167,17704.306339254683
74009,9634.48922749404
115828,33115.20712930426
39288,7409.666750957959
81743,11902.693960257346
140129,21007.39316413972
141631,9349.739003568391
110783,6005.910395810864
113718,45445.496853897705
89483,9588.641551504463
124112,1863.1844630732737
69491,21134.464061674676
21806,7805.143558369743
114030,35396.54246735858
136097,40553.693536492145
26935,21734.632725484487
111015,6826.361512383393
96600,7910.066416270841
95147,117153.05435004976
40718,55976.37017217765
91024,6758.757025812664
140449,8873.046234368248
10268,27368.190422432403
146913,98495.33941734038
77190,1167.7406428531062
42840,106140.8544384212
105708,30315.75701940368
55800,12904.46798482681
27315,4946.111481499234
147315,29078.204053818612
133550,3878.7006952239735
137382,31567.566497304084
125687,10878.600651435627
58430,74733.45666192276
98683,64493.68826441282
126836,20981.026863181407
133729,11957.630825786293
135583,23794.928682481048
22611,61749.71159217306
107929,64719.258660994594
20377,7951.46525244389
111346,5069.52019498715
59938,12596.107236534172
79713,4596.074100397644
37731,45894.96030980813
96017,19330.759268342674
141286,17042.010663613182
12071,18889.89219971743
86626,611.9532723652778
70643,53376.294954030185
67715,18217.070623147785
10686,25875.68003765012
61239,105903.18129451366
144488,10353.304407929529
70307,35058.62500221022
148631,2381.053340323644
137947,56410.80709683114
60315,16627.792663605527
125304,9734.732623122989
45583,2269.986615454586
111792,55735.84835993395
91051,40981.49507750532
80148,4726.251220369988
134865,9457.131732745132
22136,70554.95438166521
146463,14403.001745468671
65503,48660.698934710956
133422,51814.425463012194
47858,1733.2156417976448
72329,9669.077369660507
64141,5340.027865627547
106772,26706.571259003926
24681,59149.45225188395
120387,8765.999685898169
105704,54515.44979536307
133689,4532.75315013932
131649,55960.654225291284
105032,81290.64608946213
102249,23041.018691888043
120289,50972.819355760956
82261,48126.65559014698
92599,85644.26440232662
65255,57179.73035366884
114624,44705.70007300726
115245,130192.62781548515
85236,27324.898068493127
90637,17861.462335926866
93172,8152.669728410776
103239,6652.1567812092135
71823,51433.071568286134
95653,32986.187240481595
34481,3787.4387370057584
19416,6194.309226033463
116035,10475.945482756275
90893,20911.962140097872
138120,21352.664394351526
44049,39481.38740450859
61465,4047.854737412009
74868,45808.68583333454
38601,3615.6197556356
52444,429274.12271315727
109233,109446.32891004387
37990,23771.2662044248
5632,4924.6024013264305
93875,7126.053969667031
127370,57457.959399874126
90832,12541.67175592945
27606,948.7633135067063
16635,69329.56994843516
127772,5549.303832605364
81380,6755.7929767933565
47631,23628.997782769693
36973,9030.525820820156
86306,27770.413955521926
96810,95382.49873385226
129886,15659.593713582595
20814,3637.8992637129522
19910,54170.67021309293
129057,4693.0819119032
148551,65625.62363149379
98427,23501.385570625986
11174,58757.08283251847
142451,7778.783269219561
41880,125368.34036382158
133723,6449.516460883237
155,54318.442450169816
24950,2805.143809287352
25514,52093.779927483716
114536,291558.6763193141
10382,97079.71951461693
107052,77058.11068064095
111643,63840.52380179958
84823,4569.042057849681
146834,95245.35108197376
136537,63177.04414743711
4153,3625.479886850528
149079,39602.664978300534
46676,30547.804783039242
74962,9590.951023321497
32586,47971.721287891036
66833,1789.4336907873528
8941,34658.56639439042
12103,26508.83044459203
31114,19223.805173323315
73096,291810.5899005174
6332,89560.71516002707
27363,13093.208667937011
79008,40245.91602622415
52736,12672.153063913598
84407,18055.96339268973
83183,20049.777309049583
98615,65063.817911249505
47830,221232.1462181923
146765,6270.872644931155
85971,159682.92390262862
7061,57667.37824421413
95919,60836.502123946004
50623,24340.600841064468
121147,44188.32326521128
144388,7072.948876410095
114330,51311.50850476043
20504,10413.037742772987
19373,32970.31227090356
94194,3232.9204913873937
122425,18062.124476454264
83090,44977.43186250773
114239,54128.56493577518
24571,20909.746236998377
54503,28985.7226089024
47442,39584.27690115957
126077,14555.954495139113
62791,16613.91747910222
23519,53867.862353112316
22023,107181.99007762296
108882,40770.93951874987
114295,29708.27830526193
20176,6443.530769134103
11800,25085.118423506163
106160,138920.9004314762
137838,9264.393852622461
10124,23362.021595604143
83614,39466.05998624989
65105,81328.41155066641
122920,2981.0025422921954
109438,11227.778130958251
4560,102076.2546809549
9854,11628.355964141949
40876,40662.31758708271
101437,6656.700199744094
82057,21991.258339482098
127529,8671.619055018242
17409,192797.4748073287
63097,16486.214192455085
60147,84850.05074527743
55761,4955.844305196583
89279,2866.5796219450967
11255,15736.222227563792
56886,34906.83704887372
138351,137363.08636110893
133274,84107.2751542755
116571,5052.615373348774
53227,30369.292929858584
117261,149960.12383535694
35102,28500.199688328597
59053,1592.070468922647
11194,6018.305229136291
35659,27048.747303152042
52741,2127.202567864835
55871,16083.920563148104
114230,7763.105449343893
75165,18915.302279425425
112371,65645.1165999851
6678,12421.88206564069
88165,3522.7267416263903
126978,77030.60809671134
147853,6319.708480952341
2926,13092.096562401273
80277,19719.883150437512
71660,93123.05408551815
49035,13279.085650674773
131338,31192.219564295163
109084,18519.949975018793
148180,34449.53768620179
48969,176602.08776838583
24805,14186.868144221036
130170,4310.453346182377
88455,109404.63719855105
72274,182894.9298500087
31744,38229.74813733247
143232,46177.92505568099
108083,36962.686847233424
112846,46505.72248074222
62379,64263.764195180804
19538,69323.96352202806
69328,28187.388898209767
52254,28833.02374932392
32339,44723.88100155254
144476,61738.912361081006
125489,189657.4935112164
127254,16599.862722131198
87269,68933.88154012639
29287,47460.26245601555
52907,11756.64403773093
26731,9209.2667851384
59665,49699.82338683328
105479,18249.51972460896
146980,4752.082600637232
111478,1598.4310451771626
52179,44540.70731157762
17039,28483.15661833321
124447,15750.990457401804
122744,29509.960023193038
47237,55414.710150593746
9898,143405.13386942004
74378,38944.66456380409
51332,191929.76725948157
34638,7780.0903598534105
32774,9007.733791590677
43522,13945.275638846144
99098,14495.143849441056
47586,124131.31759237176
15978,80580.78650678205
147974,27054.40382933443
45955,28810.29719821787
66874,5126.045723830157
28005,1580.9557608171513
49386,13640.489549121405
63823,3126.2595801538023
94349,8522.374994417218
15166,24368.3655322721
9401,3730.468108795437
62854,12532.53255401627
29012,7569.959105322891
21845,104319.75076478111
117628,83146.78247862312
120960,16468.34600198035
84951,148114.5375557503
125823,18600.627548453394
33253,59028.64951719524
87267,69401.85689642906
130108,7866.809486065858
15444,897.0544260150135
92239,5711.92059212891
137817,9805.891426794435
35215,25838.52827386213
69868,10307.939725090771
54126,26647.54006872579
103415,10411.902806979337
109581,5247.0130975474185
149836,28613.760891033617
140416,9708.282483419636
70441,74767.17405205706
81887,18144.747481769824
82264,21788.384888981313
5748,31395.207183791237
91788,5977.004580793774
125534,34128.72575381797
61345,78463.10614791431
112138,69334.97576146152
62383,27870.61239660024
121894,6920.454110152157
140066,43896.35614996743
9935,7082.6876265620995
6668,58190.950447225136
56349,5664.621340172991
87484,129185.02593550898
25517,203712.82427029224
121176,57086.6032977399
34008,29861.32868057022
60500,123307.31575336403
83215,26117.194642504484
113350,37026.65943625767
86764,57257.792862288916
133985,97726.22671490155
145841,7453.218146759077
124059,22970.65399765048
34270,65295.65828784325
59926,10887.272609070562
128249,9384.877338348655
149087,57754.20648355069
34616,20702.65173170651
147222,7217.747745711642
35843,5093.1818764604
131746,8095.1369772443995
3830,2810.7991245537705
4644,55645.826661800405
139430,38106.25674032753
26050,35319.88556161402
10597,7392.044066436657
96269,8620.40440494176
29654,60903.27092056336
1364,41063.5417430654
44216,4456.701516640864
86611,6246.236243263355
149601,21552.83403500327
23376,8022.907193087284
104503,33354.7205917387
83654,23982.106476041074
99882,21771.77141756169
54664,10405.923244767171
30638,5829.254351372449
54542,109057.97337852395
96358,1896.3359691169787
27399,19150.84279284072
41078,79413.68699113197
98835,43989.31129453439
89958,20083.917600106717
143411,12388.457813669349
139960,27061.463922252213
84552,31767.52547913533
3341,18640.239949809435
67241,22930.15300912375
34457,4499.883368463385
143976,24542.08901523181
1106,61995.097459784374
6276,65130.6764517814
76943,28802.060412959072
35824,6059.612171531356
70897,76141.0040606953
85461,5767.55667663245
54093,52273.81380640378
39204,221779.61498486137
144616,66764.9075972443
32710,67538.37606809892
130116,47997.49971928625
65773,40857.089311216005
85632,113718.01080863476
84581,10834.160158220508
38190,114832.88886048755
118337,9093.486558245655
84070,9086.25424188612
108430,54673.67427825948
36547,6595.696342831054
74459,5977.280567417327
93073,5444.064047793162
108409,54870.872357599146
54171,60725.27269774348
124438,4713.298575162915
30020,4634.651788205529
134772,2016.2943527202608
64829,2080.1961268436025
138722,57686.05309351867
23365,5049.011751237949
37897,62170.1340672348
148861,45347.627149701744
116265,25566.961930559763
4875,109966.6364678911
52176,38790.99843110542
146828,31986.039230110728
64174,3685.6624792775583
27415,2134.706911799714
115566,7773.907251550538
51084,52257.87003562565
45853,17288.055947330362
46814,10490.39976851577
102665,20780.02547113446
130476,1405.7874753953395
27088,14971.019717093495
126102,9254.327514707289
70998,90523.14326318717
51315,103704.52168327702
5451,8829.34709052542
127494,3614.841534676542
58685,21381.481416383707
109631,58206.00821998267
47710,63303.979776099535
140679,96957.13834284148
130947,28357.61261835367
111311,4778.92556493417
27182,8776.76745334861
48354,29602.184359649113
67168,15523.421529196055
93086,150712.45379898316
15405,2038.6768835465866
60074,30492.312707924248
71039,19106.615972166794
95189,19949.30257713057
117608,7499.738497872658
69047,5375.192644781247
117145,14803.764637256441
134825,52265.18829312224
65344,12792.993782829957
100133,7687.638206930703
142956,4105.890753202057
140657,3030.613340140617
93007,19504.48290501362
89619,67661.07039760437
21462,61370.97591768227
58764,6271.713896412588
7276,24877.94322619578
116304,29368.282047389388
38073,61436.03544882465
93626,77340.89826775384
82280,78341.95422509125
117069,35083.38110448375
125782,9353.495077587073
64417,10008.254693002596
122228,11235.621706391157
137991,58352.97186546638
104935,7171.265148909223
109207,1660.6638241153057
37009,9453.883706362274
3848,77117.70974915056
109985,3604.497191575557
89406,12995.772888528974
94434,69048.67687428398
117003,36750.358344910106
121851,27461.343630567746
578,6793.075693535076
48910,127042.08078828291
9894,17005.305285102797
6435,19274.507266376313
137925,4230.3509470158215
97157,13641.261558994931
44764,27380.0061612793
83355,52794.90274825455
27773,172511.2948810472
25254,40159.13964383085
4305,11025.332834677407
56093,18875.992613350343
131407,42202.066836709644
84884,5720.276243997147
36434,18456.588139550393
20021,53197.820709415166
119636,2745.6261871252905
94051,49568.59541285417
126043,9628.45944938122
26661,33537.29280776891
138381,2720.5471813865834
76822,27204.143769925402
143028,33637.289290731744
51348,54419.34206151336
114226,5224.005820653912
120566,99983.14100193861
79093,1621.2171907289585
66767,116670.31374855917
109228,6883.419909976574
24101,46387.0671746772
4955,15186.250692434338
25048,26206.583095890077
103484,20734.002522757037
37436,116553.57612675382
56380,13089.803111044666
124846,64473.673409976764
71856,59574.01211021126
8071,22525.200503765172
107853,6370.850984262495
130460,6045.106231809074
78599,2912.7419417874535
7319,8653.33864560631
81339,5352.354526136309
74588,54714.07845417342
10689,69390.04234545109
98357,5273.564079932424
36395,41934.01848990346
52963,72385.74617316484
31861,9467.36991222046
144391,13306.479652520484
107196,43771.87211512998
37191,6184.022369363677
16644,20495.523708171
2372,14193.279153959205
97271,26468.53916378302
58954,27768.420173398223
92790,23298.8803233436
124854,110185.67714170415
51251,26498.231349796777
6823,42056.265596175115
61558,29323.89716885665
125300,148544.1410061707
105363,68832.17174384906
620,83090.94366781123
82798,14364.9308794841
30395,5840.479505090659
35851,16104.816524953112
102028,7440.483127970284
34919,32462.714499455793
104766,2897.0884551810414
120735,12907.644670053904
84964,20050.116580646067
131305,25584.55722154864
117441,2053.7226627205646
105480,15879.150816018942
35990,12057.046937276107
81862,100191.94818279179
55493,25568.250693529917
108838,3398.1905830223377
63290,3919.476161510048
18243,3085.2394128469714
64015,33586.70234462596
83017,49964.33992330319
72864,5188.505135605902
129771,2875.9761743661484
145063,76475.85119006466
50627,37941.16970745024
36645,34021.36969409197
105237,12047.069480015212
49851,18718.58009614356
118815,1090.4469874924575
124715,13309.04084340337
98923,7301.209787786379
8858,151899.0792011669
107782,10821.328760498343
45030,113443.14287350337
92344,3641.782694947221
142355,17343.187038564956
119607,4473.777908508998
12423,76655.89657820362
52267,3171.217426077529
8361,7560.231106128893
1016,10128.475466703876
37364,45609.124390097175
142233,71172.93455763794
65579,28445.374697836163
3582,46593.13827481694
2839,1764.188260018963
117913,41847.44968059683
74117,20327.99962257095
55744,84719.82396261964
19124,7311.842209109267
57059,11456.072482350568
92294,32538.800648755045
47050,30956.39995836789
109204,43459.42343683918
139917,18247.411491695348
78658,36573.99309164529
6711,4033.903350455393
19040,27497.787380440557
141036,27313.750801994356
83597,18187.041032973517
16693,62701.74806476382
17777,387.9472373910094
101943,4717.331565909106
14288,9249.222356394455
78094,16169.294973601054
76930,30291.25833761618
123464,14790.44464959554
36821,230224.60207128394
113085,33025.14676179067
50654,18948.10587977744
107654,24690.076547102697
22845,6699.266246705818
37268,12668.042311801957
58122,92097.05546159798
58316,16608.949339781742
82063,368.04333493892443
857,9746.799809942899
48823,6899.07280412942
24794,29416.305979424207
49999,7098.037602414219
112492,29215.25989345859
71197,11684.591881253025
19731,9736.92958730125
38456,13385.56755954267
95834,8090.238203407928
104310,41651.37563067872
46184,19111.250081938222
72988,107335.49866413837
78032,36048.00341020702
106786,11564.568273441851
122715,3747.0071314203833
142373,10860.972257051575
78418,7917.606765438245
126649,2000.9896795467034
53499,7625.730413903384
54053,73900.22200562576
23397,4294.050355135966
148777,204368.07372061975
71827,40955.227767781085
97895,23634.550976435898
106432,91780.05015527937
54520,2230.750361037026
8130,69100.20234840713
136706,186807.96612559262
58814,93506.76899696521
87359,21631.464285751892
105376,38544.48128713575
112219,4993.191709441488
136169,10486.229506923093
30398,132948.92771603336
74985,11127.847561091115
21208,86764.7617049462
56319,617.8321700139576
110850,99658.03166773228
70981,29035.252497687823
42252,136989.62339092005
13172,7043.699755030713
91710,68807.29749077813
101500,16107.19609800886
100529,84558.88471437606
58719,9423.95477722703
36326,25260.783903797597
34411,64117.659698109426
110665,52662.319950032404
81370,5797.3340730069485
3549,6249.360736657267
2637,32102.36070887534
53681,11765.550194153746
143293,18566.975192476973
71294,62500.44391085469
130548,29917.541962667074
141027,123564.56481834539
63318,3844.7819375208087
107321,24523.768937642395
3347,81854.39477855669
143042,12764.548202921429
65412,15760.647996546199
141229,139966.06062610028
27215,4276.9476824097865
147472,1816.8559384342602
50436,1379.503154013578
117207,22225.46323512547
29728,52877.51726493165
137950,17345.096141775633
123516,33706.7601339869
14862,24066.57843579499
145567,54980.61797249146
123661,16279.80907511735
63498,3257.300053458709
50952,4757.132127792265
114000,5112.162424614999
32749,74191.96230958027
106542,362278.5916907006
5489,3675.887408509713
57774,84313.54730154236
94238,41637.14127412268
35073,10942.232677648437
18132,5162.954510753869
118710,22543.17254923109
14391,13306.477359008983
18514,38735.01741371662
48948,27351.00747302743
75540,57358.779345477684
58369,100923.55966144978
18098,6399.41853980186
88500,-2591.7221916402405
53521,13156.04235116037
143587,9324.881357193386
16597,43679.14542850669
59433,162602.83483670375
115093,58420.24139468365
93422,3104.3049122715247
50754,101397.03882816689
133131,51490.94365366137
14651,79179.08137306225
121035,57140.75580982093
26425,17060.472787665472
64326,70316.9436961623
137096,147749.1634513299
127176,45375.497382787216
16256,3938.367420090096
51749,57076.308333125286
35498,5673.818711290614
95277,53862.63085100519
115101,54106.42641280302
16248,43662.70795845377
60277,48004.30631281348
47980,25645.100748325945
8643,25085.67847769216
141706,18741.84181642278
108141,162462.47939138467
146072,53441.82281132869
30097,71195.99126045822
16001,16404.152868008903
8426,42154.80264839856
80436,133371.8831675337
54560,12444.842371626992
112800,38131.71743799583
137418,9048.933520445205
120315,44496.32322595156
106389,14892.672119984425
51546,7194.211923652183
21400,6286.510628871286
58709,49275.93662088624
58128,5678.811636312832
103339,1703.5300408538449
12838,73282.45955591474
108263,15546.69359685603
121112,66519.64260300045
141109,9531.940227512358
880,6975.257435147549
123156,8427.464141149792
113177,11391.933661756882
34250,128512.56221204574
42954,111348.47679093786
58520,8411.247832092962
143227,294622.32749577734
121708,4253.341883827953
83107,24845.37654903264
145085,6029.85178900872
120615,10048.756549794864
145291,4532.615436274924
148457,16818.6955939986
36484,73907.25651328462
130235,13042.357292179579
25516,12142.381273678631
122208,53647.07224689462
38462,71201.33651030512
9620,49234.08308221999
64987,20424.802060950115
146701,10291.185222502221
24984,28954.892550384688
52139,1951.0429233559098
78150,24534.843326955634
111496,29217.19250277436
4268,18099.15624891738
108230,35017.04498212985
13922,42679.2198648518
142046,69547.86484237608
62667,80258.60356466105
115721,2728.9449544918116
133495,24045.189054867707
7325,34481.84969988839
9982,19590.20572284559
123139,22490.782082684284
62544,2465.917024069295
109969,29368.84128666181
53185,90957.75031061453
107907,24968.649772965167
95084,88527.88047931442
96839,111456.78052330614
61300,3999.764229277763
53625,2553.284116515047
2690,4231.75872260239
120008,14182.658692749957
124971,91316.63288721253
106900,19125.02697746824
105874,82345.34289544192
119728,36618.6368007712
148190,67171.06360005058
67339,7761.72318715284
58010,31878.932158718388
72053,10764.077618379666
40643,29200.79372718944
40648,10319.347790803185
20129,1516.2630220284434
131286,8683.90696821364
97959,90331.38344564471
123740,45970.309370160925
38047,10746.055728774447
22393,5825.756664843823
86534,15166.74487623999
96916,25165.98892467552
58175,94527.85781661354
75616,16740.822757582628
110786,15448.75600666946
135611,9855.927194909273
47646,82409.8021613158
108029,12940.796603896368
22212,11554.692545148067
109772,21444.786845898387
4026,15779.624338983404
38345,2507.320362433142
88738,22878.860779129885
49451,142753.28707619567
122663,22862.03540608916
64069,72755.78875342649
10395,15831.61419690458
8703,8259.487361134317
80602,8534.846272683113
53787,19466.875297883376
67016,3734.0688393526943
9789,6825.259274136133
147709,4796.168144785081
112389,30070.62130281031
78474,60513.26111936628
76643,21402.79140630568
20664,160813.13603748096
15192,360918.3908365302
95974,72924.16438639972
142111,55017.504497559006
93920,35241.893423174995
14437,8466.279909974504
126473,9141.29611372867
136409,49683.47056562443
1405,12256.95771073227
57327,41683.918974949134
103131,14901.308347268225
98210,10073.052927770206
132869,14817.455913983347
9067,9057.478756531276
90921,50527.3669036857
67128,79504.23293480434
72308,11677.573692608466
434,13535.606822786256
145442,107859.52085453029
143797,57868.10458182508
23276,18894.512316850036
101252,6303.605606751959
121699,6722.173907728496
135467,10928.72685231507
133893,65435.65391439931
17330,16756.59654733657
74946,23160.25228629409
10206,21020.414984879008
119675,77405.52112645612
66453,58217.62325941501
133046,80864.82866649331
8985,32953.1082808904
101684,3017.7433288466054
120753,9571.652000044074
17724,6674.458073328765
127569,20195.00846096506
88152,77977.9062240859
86997,30741.428901487576
123863,176962.93776017526
109039,23956.981817874
9364,100632.30288158996
127040,5467.5273381760435
74679,10146.454249485521
33820,53979.61285894946
139435,25911.86998312463
16005,111423.65013814929
30761,37717.86199296461
83724,23499.39819407988
37862,18684.41814474696
123674,8787.555545324309
67146,289752.82594816096
17230,41517.0182566678
88521,112564.8362964002
71682,11124.624754367247
108365,79804.88062924721
66910,5020.55293109948
27426,40342.52591000718
101416,5921.018767784961
44271,51583.556340549636
25016,50881.678775373926
15617,9554.439578405729
50190,39120.5149025766
88037,6190.982966009117
30008,64919.86260436595
113926,56054.389010120256
133346,10814.773754164496
142096,10376.006346019516
20332,47826.7442667313
136536,2605.472258422059
88278,40066.04258158295
49845,26422.380584441627
131429,12080.756141459573
110295,34424.4171236676
63288,24455.792127872162
60683,14198.77398728867
44802,23004.45157734771
43875,4781.615692079756
10330,12152.783807326325
119163,4139.061862405293
72192,13565.343710012796
122119,69753.6647007202
79128,28861.060307309595
60278,8552.379789780034
85308,26095.973329055378
144628,11005.597057568288
18463,12661.660358524558
77310,17200.15901265265
94157,83147.17312025891
41985,18229.72774727324
56256,9106.557550198897
81533,26376.251826638392
86636,21662.66676270096
89990,3611.2079087462625
58571,964.1713953583356
128237,3384.6524790940935
141849,66529.9132260666
59392,24021.68765134998
18595,145360.54934372235
122506,22262.69509146444
45632,178.16288592570322
85659,3577.4938195915315
51164,15235.156651477104
95264,5197.608721485164
81394,5579.561521251954
90561,43865.99671384794
79411,14294.211184945554
144359,11440.668710302949
100981,56543.915581906636
68242,126387.52590330737
89494,16074.205669022263
28858,25433.737810828938
42048,6230.179492741641
119677,40283.24546457498
48476,66398.87121227497
75449,117593.09294979605
139742,40517.90783417436
111616,10930.407163907339
87524,56487.593861373476
125172,17455.32615442886
86176,109277.20669886081
62359,170860.95718547908
52321,6053.1104734721075
14759,9443.175071975209
1254,35831.22778550143
95641,4094.857475777534
2296,55653.052632718274
59396,151341.20589581507
116718,39261.03936976277
30455,13341.722941653608
58922,31967.164005520044
124552,12604.147728193206
84458,5058.117376153173
128575,138315.97802345586
135408,83635.3870198022
120162,7777.6057615451555
65815,46419.21298826144
113512,59880.45742300308
9413,61449.16581317998
36635,41994.45800988091
124030,39892.720258627814
70750,7579.630977783536
17634,17042.143059167305
18596,23321.336994464364
100014,7632.382135544214
34432,3065.2769477720412
80002,11874.033554053056
89656,13287.872460139632
148984,2172.3365585938905
29302,9424.419475186622
67776,23372.45857399925
105312,3998.7230715432133
37298,15412.818193970528
98019,70796.11862127755
133068,235352.8972371932
34203,8047.43582895729
77986,22391.932043828812
118376,14715.331067600686
112529,9568.394008361936
60461,9358.556228156707
54555,82692.77232246351
70288,51649.368386481765
78218,50224.924961523066
58426,49730.33886381356
142909,22871.834341419803
140422,29382.32333177612
52768,64669.352897355326
109020,42598.40184639508
653,14552.431715512397
69788,27449.204573855037
138369,20217.594067723632
50447,20477.011519764896
20258,6552.559902594098
19111,46451.51994530382
84125,30426.440063605613
30749,4053.881406413056
39439,9235.975214431708
47880,10694.40299480912
116033,27687.68627712544
136168,72156.43863141314
29194,11719.2428934729
145972,48740.99971245022
73874,74763.42159160846
6549,26551.841970024092
1574,81845.78591895309
144310,38635.277767806154
52997,160009.04551516913
112057,32338.80384091432
148899,13719.33841746338
90362,8389.66904301274
24097,126287.50572139099
51800,5570.487469748226
16494,36239.0303046692
132486,9480.351965344513
63718,14941.36518331964
24436,86893.01579227037
88727,22099.962153769433
45973,344.70630462552464
102861,6180.247972076858
86105,86482.12220764946
74580,9511.0107838986
107258,4324.087946110796
45567,135152.07657710713
73912,6665.873839753014
9776,40983.52629369406
13833,27671.742126789013
8937,67324.37648745757
42187,1229.6082606404998
76463,6249.899418424304
108830,9829.753074324322
79414,4152.428912750166
139167,4851.486900509641
84544,21507.68704981746
142413,15745.925564464153
70905,6953.557919176211
25289,32610.890384908816
135227,24783.459364077884
839,61391.0201627509
108449,4290.8709835717955
75507,2801.7669580383313
37589,26586.842532375867
131963,29476.37148637518
26570,13167.877829522307
20177,17820.427126868453
111024,1642.924979825381
16149,23998.05737832797
28444,6448.971146737022
77163,98254.17656803702
77541,113156.99620473402
124186,68199.62430523438
43858,31123.185154580016
73567,18267.619400968622
67623,3577.336473968742
127140,15944.285100623321
130461,22744.31175866901
68452,37990.90935459214
116840,21110.017208584064
17142,9481.421000392558
6569,1529.0917144099672
105323,13139.214542541638
78144,8431.486242085326
37086,22889.83598295987
51461,24154.54778662118
7874,4554.3070564172
146673,34324.56690524833
133751,3927.4222315461966
80377,6593.288589629008
99146,39947.64281217941
59095,30062.898290599172
74690,35393.86945536281
90471,74438.68137139588
46138,5107.4419449901
92093,9050.784240868868
109821,5866.368561222667
109182,35216.24502184588
124233,14010.25505908279
69231,60321.337111173896
138437,9795.901515464893
24449,55011.233839495224
142245,91801.83486681822
141592,15114.397128301625
42581,11867.828271956638
46764,15884.669809778134
59361,44758.451079024955
142497,33998.040367948764
109319,65661.91748873475
52604,2681.960512541116
22942,6897.345313692404
119848,17931.754852984264
123316,3882.0229181551076
130471,2141.8825450914583
90729,43848.88460191454
64426,46853.063089205476
65087,34083.61743917041
26433,2357.6323352621216
10200,12908.385304500614
41100,4986.400636374857
4893,18832.306831614285
131381,11392.793545502413
141746,40186.323656072156
55454,21169.32130951725
36627,41673.398235268
111337,78143.06854931108
131184,327120.4848871725
20394,148325.55650932965
105084,52516.639036894136
43671,33633.432985817206
56961,5974.612609537417
27820,8487.313407203885
67509,8022.736247408631
37100,28977.110558185224
113761,2729.1967209252703
121231,104418.48263248797
131428,35345.08862396694
127083,2558.217779823928
61517,10995.327142164675
73691,12859.443942851027
121139,4857.487958284817
118624,30689.350262224823
24299,49936.69507757503
113897,90079.99448005653
65765,13287.472532443895
68655,5506.183500074727
126857,7717.978648594481
106454,30135.493176892174
30220,52151.7296734867
126314,34707.684368255395
4702,13796.996608313772
98112,9944.567519112064
90990,8296.815789741331
68319,26410.371752495612
68212,1912.735112290196
83063,14601.810581489117
46244,6539.221590335083
62637,79394.31008536817
129922,7996.175114312031
42490,24246.961735909324
87914,30496.63832230497
54719,1840.6572233458587
50958,19865.27255871419
94940,96940.77816363744
147968,3760.1059433493515
25792,12029.029159959162
1679,6612.423389566121
31030,21719.252108777186
32333,38745.811371879565
40055,95173.90156043865
79368,58613.054333237465
71767,271017.6123833469
9574,47770.92709725355
90881,18167.144102675033
148279,6359.036893087453
133378,37745.53385419268
90668,2050.2100476844716
24250,27831.34889871189
92141,24829.055389580062
75358,91468.5973113641
6375,9118.281421147582
51300,24448.582012186234
100576,10404.6294819065
78960,11212.90677250737
57350,146517.16996454095
40567,30134.814730650498
88140,5058.21210165653
122590,9993.514115348255
140107,10292.191132395408
148782,6818.312559200422
15014,129314.42056260396
101506,9069.076961321542
82691,8773.663123591761
97421,7457.400444542463
102326,11154.45982230646
568,44153.60830589416
47659,21984.929584436548
83752,58150.75800462984
51132,18420.610616585338
15554,73402.06908878221
47581,19603.803229714977
77797,12619.211223475726
112349,58577.45511707376
82433,97024.92171653175
84703,10348.699256244923
119248,13638.519742355249
59614,5501.678872747654
100791,41063.342080071256
123450,69126.95784820178
52788,47585.51458544338
34710,292895.236733039
95774,22465.418081896198
146515,18826.689748616565
146142,45623.6554711377
53304,13333.667989631314
35029,49736.63226547131
18473,123588.21821184873
68286,57545.31632303323
54309,53023.59480499621
74192,37462.60227443472
111806,14237.052253190439
93836,8018.089358491658
60196,30482.056180192463
23504,4138.783329986765
37416,29175.28803759625
60405,12123.940172730883
56282,13724.869303707857
34993,43884.6480388399
79602,36379.63655698573
108507,17087.303844063616
10907,19624.88754394508
10889,3295.996837040717
16064,68736.38186798527
10522,8743.292080514073
148558,38414.78401770218
35610,28490.453172113892
6652,38012.80928012975
19997,10856.491319963603
45037,339915.05149498634
11391,25575.825936559435
77170,5263.96566929443
57417,3604.307289565385
97845,198772.03107475405
79005,19892.30379405876
55503,78614.94751694397
109855,4037.295469557049
63194,8334.770263402192
66458,13248.057321516335
60006,47406.749810488676
1041,182741.27334078884
76196,17279.529929429398
45755,81622.90695090275
57786,5335.897401911914
77019,1727.2114704364924
15231,14077.752289603595
107813,10387.269130530303
88640,18630.876075861925
99435,20638.048444585427
53773,119018.15984807577
67052,5812.323304940323
21783,3689.2719511190217
42171,83839.3451797074
117103,1721.5556825856302
73088,46292.32355185145
127917,33089.82842510975
89776,48221.23363194348
72965,27210.881050200038
32293,14308.795160513826
30286,170181.96314652584
140543,67262.04815650466
29892,43264.1660229895
41523,43987.98557980018
109016,320132.66516075155
144589,1472.832597856006
16708,11960.463181366647
149672,40268.04343880563
32748,51248.470582636626
51784,21069.90955243805
46570,4906.200885778415
4685,3197.8103087041904
116137,87131.63454055638
135411,88220.37375521821
45484,52452.12919897781
124324,20386.552914972635
51030,2164.0683124433212
50793,19654.924130763222
140740,2061.7084079323326
139055,31551.080051189503
50345,21512.844980839025
83334,21203.127201094325
30698,13446.714016181884
40800,7629.789547486242
12959,49311.50792739866
103290,11910.16125452362
147445,8876.211083874532
7508,61513.49410396753
65884,18476.503929488426
138144,11542.74466433684
83442,15894.744246026208
140929,5803.712468862461
8271,5481.975348653568
54015,2835.3430763332985
52190,6828.277198078692
142555,76005.20207273375
46749,76916.9061786921
118846,43368.50934260635
34059,53306.72804949333
54289,10721.415396861286
53708,155475.75275862194
149928,3172.792671355026
39339,32399.62711439289
69409,1407.746302972652
102913,55625.49320977319
60241,1446.7016918542274
12699,11062.22512460676
80044,127209.6039028702
1171,20342.94083522068
109393,27091.506733540635
117527,33117.33283238912
119929,7338.389518604401
30210,53298.06000799725
4162,52242.61971839149
98429,22229.42032322308
125315,3016.211530936069
98119,2555.522049247022
34658,21151.880685131466
35453,3653.8728980175056
127787,10720.730455576797
76807,22244.4815861092
13787,3803.993280832145
37978,96484.24202843031
45957,31581.795687334794
26501,22968.111774248267
79736,10106.834393251862
125173,78256.6965714317
92914,14047.660772818519
23423,13572.224361112792
784,1563.6819467068765
74346,3609.4222495694294
56487,30769.372783186733
90357,22262.04517831161
51444,42771.748431985674
67299,146809.89511139045
144048,14356.813459073177
60845,14217.944841239645
109454,31563.041594178278
91374,3429.5239242717294
105337,107922.01335709232
58959,5354.0531922680875
116592,8798.92727182679
140555,90409.8178400154
86787,43399.25033879515
38696,37806.57748667549
8188,8324.18331047526
13443,129413.72926383256
27617,32283.407453725926
103657,20249.95524832495
41168,10535.988297685286
22245,113230.41656230573
97028,23723.55360669858
99041,53817.01753330671
133291,14461.274005214369
87875,10319.426832910796
59733,11542.176968619216
6914,35571.66525847619
126648,6969.728434367742
51498,126404.23928748438
41371,31283.59361652178
121693,4460.977711048457
76068,122229.67488898715
113054,12200.671941263226
33604,21020.69361197212
68834,14707.261366226996
122140,30168.922774884533
72734,31699.611617605267
93561,1906.526685829196
29368,93336.98666501346
103407,9947.115687352558
26582,2868.6641035097637
69279,4023.306735120896
29295,15912.018437686429
23219,2900.9363749880736
41343,166907.51493935613
76222,23257.42339099253
100277,17940.563321401583
43160,24193.33313166432
28740,36289.473119932125
125939,48242.92911189018
71303,140916.64184607562
125409,4938.252006282447
71259,34056.221584258696
127540,79974.67257890431
27998,41505.68428477476
137533,6229.954690839134
63990,906.9612822341992
13479,4839.487527489655
104179,28408.389713663833
107091,13713.045262469901
70332,13542.209170205111
136966,6569.327986317703
99550,36902.79539231679
2495,62869.66422708817
72003,36871.12017962631
47277,3342.6384069950645
92486,20307.157102456677
147528,14407.927142653603
8450,12201.456807784487
98511,34480.556087729194
69055,25976.369107246675
1641,6051.908125926188
127257,9479.96082923954
107618,1801.1069732972453
120035,16202.110502401905
112451,42168.98838111614
143184,2220.8405318559007
4334,24030.90331396558
39058,13591.443808699594
86797,75096.29279555043
105577,5265.154555975121
18721,12353.806067671238
90594,39904.99907142297
54994,32921.18843554737
132827,28785.0905188009
8767,982.3719455657617
78616,5511.790508993145
147363,59107.94231771076
113956,8090.354581585148
138861,34348.71025571812
114867,15955.728357386804
19629,60142.1660115782
133940,4550.25750287279
143899,7867.931111626243
37194,41739.327294219955
145318,431.9602489564171
84274,29909.048899906713
6776,60783.038390717236
71248,1859.7452585913436
60004,4140.769251160471
56953,2615.4539859630945
113280,70518.87383038046
127510,10371.37505277334
48052,16143.753983883995
13419,30805.10280743623
82499,12559.37202830601
69619,48472.16435537909
141756,3387.2418846325218
132219,12595.024755726166
108678,70928.12086822296
9694,76642.6257006663
123723,31230.127404505176
17596,30456.695816860192
124343,88250.74677415416
30599,2002.2466323247081
120681,7589.856317766069
24183,36791.27497465208
94358,36542.10643623743
12494,22110.70679572608
134118,31587.549411141634
1567,27705.34797571614
109672,5384.22428709681
101862,37381.0043940481
13574,3755.0825087690946
92494,31411.94078306426
28933,7935.963395348135
16268,61867.31588541433
89677,17494.74992433207
124910,19193.967412448164
145391,102850.06421708042
6850,42479.81878270142
129463,68386.59388657637
37443,50919.20081535439
144749,17128.763928577624
14257,15466.193034660375
126031,1307.2386196993434
107465,31639.015338673526
69567,22046.974740644095
26736,36108.099186600215
63296,4042.4273966420196
117639,87864.95475608952
67482,21280.881677750287
88067,27758.475638145042
40078,3487.502886347693
95039,357244.2759361349
12354,37431.97760057595
148182,3794.2940975772285
42806,31522.788521785027
68072,21847.260429438546
93734,13782.335037399806
134433,23576.188087132858
16743,8087.480197873831
32714,6957.797981111449
20907,45139.46668567891
48806,3674.7776431008188
60709,4398.099793507214
14668,180344.90191740962
37193,7448.324809543922
32882,7367.321758872687
114344,18668.494873168835
114516,188356.7153511046
30306,32353.41306182184
24814,22754.522315675502
19704,10474.290757952647
1465,72723.96862817838
141832,34751.37934311086
144787,14783.79357787973
55244,68890.69146283666
65367,14145.251394880968
74654,11324.02260824987
94288,8635.972208039151
120181,15534.595114126438
133172,27981.01987924624
106545,168301.632715828
37985,34479.717354469
47706,11957.597397893624
42438,1612.6787367941356
60033,36470.49949605604
83152,13058.089440955322
129944,15916.293192829131
25420,60103.01548001528
11337,192729.20202592266
40103,69323.7616311736
137384,15943.40493813818
79965,21388.607152511362
56581,225977.3142347522
67649,7502.7377720930435
129207,65129.11914796641
136986,22577.39448611081
33438,14936.149513832888
138481,11113.982757912045
138138,13755.962376848096
1822,36317.38544840576
99201,32167.75642269445
66723,30917.8918739823
110361,5603.174731750247
87393,2668.3928528094693
61455,3659.6228388568575
125436,102142.78951861044
15629,7281.016415398007
144090,14047.140233028795
102199,3220.158710836965
110928,59800.68676720997
145844,4181.98676122212
85527,3446.3342972681216
11215,48758.4107510845
52377,34593.8262309756
88926,24017.292225119032
60166,75345.27047596902
4433,7211.961793539833
65299,16255.726857760143
20790,19290.85530354754
47324,4313.65077828605
108885,4176.375285236009
140442,9775.604770009852
3629,44011.99301135123
141126,6585.660422690539
53927,7429.437525188638
124279,47812.707735830154
31992,23271.926546432034
30762,19004.087669717053
17050,24699.909728118415
85510,25377.479050491518
94455,12559.65691145953
129564,14584.474885230558
131232,2470.75939303417
91955,209902.7519959714
85421,1991.2331115131105
3527,4278.203361212007
1369,8566.248672484335
29895,162680.9239490359
11195,6592.201755353109
40328,7796.9959599833
83349,48662.147355347624
3193,5735.786826571784
46809,25214.434361121435
19296,38522.26127790972
38820,64979.83562962901
126046,3784.422485841742
55168,75792.96009928602
9161,36248.6925448219
77630,76867.28844229275
6416,13348.887822879802
48130,91801.80612007287
11234,40998.98168894297
115568,20507.941130711002
105641,13103.052571812203
108104,97956.5988943954
84890,20516.50831813162
52213,1979.771045097871
48698,38385.04003603101
101352,12044.25963056375
134035,155380.9446300211
21487,84460.56455140629
127594,10369.817421180347
89936,69250.6785815946
20284,3633.2381307004525
35048,15744.84447454931
36594,5505.961864372124
36990,8135.717915503486
83586,5915.909654738281
141868,11495.024869116503
15019,79387.66841324941
13808,4969.937164680103
45103,99455.14598790358
43123,1942.9574771591524
102349,11432.595459097878
13381,15758.622374204344
733,41769.7686642418
69992,31164.12639285263
124463,35746.11999717235
61806,12163.408240338413
148682,29855.8065383324
86766,30055.35387877476
19318,44028.822714597954
108685,137667.72189395377
71652,14373.424352587226
135803,25706.83555104627
96854,12088.792095318628
77544,7979.40898086433
4743,38907.24479089968
33452,31804.352430857907
45521,17165.22343958222
89344,67584.82943633095
13104,21611.11034306445
102864,14106.963628458543
10926,17988.720497143488
125394,562.9442496665548
121883,9702.081984239167
126427,27864.99609710471
111085,7898.342312997138
112986,13071.305145616665
4091,72962.2722203624
2096,49429.89377689031
69139,29867.875411693036
32237,53803.58042264882
7764,6511.810109496959
51173,3432.4918113910426
79315,117089.94279964612
28084,65854.76158022699
149335,6117.12183816369
70101,30946.75819029578
86373,31611.555854918923
24424,21821.621759947368
69017,37131.440709603594
51501,45865.037795725024
87821,4989.208191829611
68461,31742.299483927054
61634,3189.7466152946854
138357,25906.072191302337
50866,20960.437195025468
120764,55698.21263254147
118772,94254.28144949701
39036,6312.59549492461
66934,10012.474054147817
43221,11925.845798636285
14117,106194.66310028311
129787,51580.82676394521
51206,13088.341221066963
121571,30595.616399331913
130968,112901.65134403891
17867,70374.8646126755
11249,3849.638411118296
19896,77748.82750507988
137809,17481.82806283963
51850,39767.787319810865
116538,69391.46365008013
103286,86926.79837737349
21811,3771.5884286555656
140712,1692.6994037747659
131775,9509.796058397353
48658,87100.01744845258
80085,10794.132022114236
22762,3175.6451768890083
98383,19566.51162162436
72379,16820.36413392551
47938,133402.73119629058
127333,17718.819806777414
1087,127914.49283201917
47164,37045.83207593267
22317,3393.2569123652597
103978,6037.1941641439935
45912,72402.4964585143
77172,15721.59926027677
47141,9149.281352018168
137906,43325.747085704556
19588,4024.1647965516913
87778,56940.40330318414
93870,2196.549838161439
103013,7210.452515428774
144786,31513.305873250418
62275,1802.99801382272
31843,26283.95849799197
24834,19428.293210998047
82039,82382.87595520809
19306,2947.876656539847
141342,5752.371130844229
45530,55848.88434248371
33626,48990.056967264056
69997,54725.74218343233
31993,33520.34628547217
4104,4576.4566014063685
54296,9169.316131375434
61445,16700.69130339513
111306,108231.261242173
61264,10875.293674438002
120113,18673.976325133997
36726,22392.072868642364
3393,12961.298935779574
17143,162911.69538699786
100299,2944.4255512165955
69135,42004.61272904879
99340,8800.615640071945
76992,126496.62762950317
89328,36105.17814018582
49515,4904.173783460992
33729,61479.32303785433
13127,3685.633515335764
37565,34031.520858506374
79024,15725.789012214173
16705,16257.243432017645
49669,12828.70614564086
119895,50589.49339471265
79988,58720.8574850734
113069,3304.007726751352
30711,19308.34886085529
43008,72857.10678287002
123071,32940.66414799263
83341,35904.88260369322
80717,8408.792872000562
147728,37896.58689040661
147202,38442.79171139524
131630,5630.261571599685
102206,11948.870349294382
56686,19907.794484290698
22037,11736.224790943816
14158,61890.22108989267
66812,30224.77920039332
59824,1420.3900198124384
63483,4297.4928517685075
62560,18979.998820832647
141595,59209.90639171295
21589,16382.809182846326
96822,34470.56535302825
85409,12806.032003857632
39805,155325.4296036057
22148,5694.698671546882
148919,11870.730071527134
82595,4624.160231550223
80889,6955.880589111529
146413,51065.38164305378
83081,153150.34731378497
71374,42052.245622264294
79725,10420.747383088816
99158,3148.249357651873
75073,50071.5827537181
76764,93669.72550243618
68720,44519.33209090338
24731,38680.39526175111
44405,1374.7748590540841
71459,14168.698940624901
93993,1752.6104137451957
128581,37614.7311031934
83840,6377.255769531626
78403,36020.56053083145
88312,18029.81520395086
133351,7929.325170923057
113190,21196.876352899795
134733,166524.75940159688
148241,2249.3393731190968
73027,9536.561418429874
135392,67610.76513180902
12938,3850.1363146402496
97348,51924.548929659155
147636,1290.3068183629275
103238,226516.12805652272
113167,37528.54569741996
75898,57684.8373552209
7064,5724.94896515287
23383,183011.69767817695
97625,29148.426856339167
64346,52886.099912770835
53836,4823.535638470325
111005,50327.5035004488
46944,6707.912220936001
73526,66738.72077753037
53033,38595.418377923605
38927,11678.224679160063
51774,82529.56736462671
35266,16454.12952992162
3684,13084.750214627866
82350,44542.074723083235
90895,64993.09317794302
69429,7042.948849420884
127318,63835.40592481086
34246,6462.220103268865
137514,58915.141527945496
112549,124208.21827770708
24503,16230.3368531257
136746,28338.737620309
66309,337552.5236081581
82888,16859.358183302676
3662,31166.66593438542
70310,9310.013463118332
120172,1169.3021001001812
81913,45011.49899333302
74601,34340.08586861087
139356,17737.49232109419
129799,13123.717762868353
78087,28031.68231551857
48830,44661.87037327331
61701,16765.703838555084
937,4488.136301224595
46968,1100.3713968097236
133852,2353.3587504189372
75673,4830.265455523853
56825,24039.782658595766
5276,83483.90114807471
78413,37198.92230457722
99062,10012.361672452467
101682,1675.0301690994595
65755,99647.96671984135
44828,16077.102128992106
74704,56492.30695192862
16020,54437.60821699517
98970,41596.30507250119
149578,10728.637371546985
142848,73655.68770443815
118398,17145.16318709722
14431,227314.93599047232
129850,30540.848228969997
59655,61229.728846512466
112472,3875.1442404140053
127757,129757.00389108235
69309,12028.340986094807
144166,17626.45097115399
64606,23566.883589730667
114930,3993.7051749453913
54989,4304.361994810864
5752,59394.09307935601
142372,3665.731461279215
42871,18101.284252558104
71143,36936.11985597729
15073,9275.914868746024
22253,18207.071073897823
104453,1394.7390218705896
40901,6981.563517388409
18451,19124.835805174393
43361,45847.40934634373
54232,6394.74410785756
18708,4715.837660236688
24498,21878.049996455768
33114,262362.3713409805
28497,12327.273419730933
123465,59596.25349530155
143112,34563.990248407135
34823,15610.431313002311
126032,48426.926775368454
136101,21670.0838431196
9635,9702.196288519874
147320,5659.343090363558
20473,89814.04304812875
111976,2309.267340397636
116701,964.3462914820209
114308,5769.9702944249875
42625,3043.0128954774154
86981,6673.880850157415
71651,8955.287388693923
56002,152530.51514581824
83508,3666.0484927415355
24160,266114.913703335
47345,154595.14919812867
20675,12722.220430037094
148208,59846.02627996981
117259,99091.07962318447
11445,20466.813165256786
118731,9472.041938199334
108703,4141.547755969857
18981,61492.271371853174
75624,72203.78798256312
20097,93616.17495399757
106258,48483.81097505266
71659,53835.23901122005
23935,44612.636209200515
36336,228812.37871640298
123113,12195.240752239783
142521,38751.96812488165
115941,1948.6890891124585
15817,3855.4967225745777
108118,59018.201957540674
39575,41868.550877629365
149592,33611.80306560037
47280,18941.795674741446
107108,43705.22703002317
5199,55264.646362390005
100957,43966.29412729641
39480,29106.09342692045
65264,33587.36751370906
134285,1085.2112911979723
48500,4417.861065682748
25088,6854.692591810936
137011,35562.24515142161
139922,64418.846775272905
130215,14266.221388455118
18353,3773.648109962832
37811,9231.668039007036
51896,41549.40137445464
140844,40148.591816404994
100955,31235.385582149203
89760,3447.682923712926
125639,17658.21876542703
143640,8415.28288745436
115316,57444.84739135059
78923,252760.18698340768
71121,1837.162949380589
74940,30980.011403666103
84678,4126.722036158581
113148,1405.3003483829564
8943,77129.66853706478
85291,21030.113585726373
132947,85445.39974270485
43391,16190.253517442456
30930,117468.77490665451
115388,47876.61836550323
137002,9248.376542721768
13154,29174.585034305754
76990,42902.811515659734
132726,9636.389759510286
128307,1947.8951154978104
62300,43964.204046801344
128265,49396.458261608794
80719,40934.060250609895
69775,32577.839719752963
127166,24274.149462228812
128374,5142.636734724194
56131,7813.535714606771
122232,5327.19181885588
137270,27718.446505806915
95590,7054.828517804082
23543,86650.1396948929
148953,6588.944442226633
76362,12253.148435465433
135518,22157.457676147602
110753,26669.0102131557
14798,5744.971593137645
53147,19941.7619547814
42526,135683.95848212295
140576,93425.32606011152
107549,214545.29764392058
52634,5037.665100096006
63361,52297.037737279534
11364,86512.75007669238
66356,5158.648213661005
7161,12234.132546396482
107482,28868.840477981226
125830,5768.849418703355
30849,11772.953186202392
59011,44523.897492680306
52843,7326.111425170378
64166,2585.714285766687
102904,30220.27247092824
88557,29065.51209026539
78100,39929.57250188604
65796,44.69796206180149
117920,16065.171230118021
133255,12978.97538644998
71564,83489.08686033357
40500,5892.349942574689
45687,20982.924483423674
122428,16174.376769005117
119444,2708.696910751941
124360,36336.711235275434
72473,30844.66660558475
25025,9922.642893537526
82498,38234.394578099746
72539,10917.206569087808
54442,9849.662125753983
146482,650.4907239238755
40146,6154.435035426192
50708,75885.76902862778
37759,79749.44993048723
68717,4346.571354090534
112797,8558.891259028624
39141,11535.420553303802
135012,3818.050029374532
4363,57618.59769500964
131406,11930.181436796247
143951,36909.39735764692
77380,35328.849907653464
22335,74063.9448796692
101000,10591.249745004281
128819,18046.893666901295
146767,12270.272664004313
318,27858.526794319834
82295,20044.45494842701
103285,71527.56091210841
116578,18188.276144800333
141367,69510.89083345744
38736,52459.91854866495
1936,6612.050622994455
99305,57566.49584481648
104755,68112.9249077679
31522,21499.94647226208
133112,2786.121431313993
94363,6167.77073789545
31012,52274.47128373015
145749,58957.58304642397
8721,2179.5617358638974
139958,4063.2310527382897
116183,41064.03486128802
96882,9131.483841693915
80891,4929.414766136882
80037,27812.895518456542
49584,28526.63652230899
135305,45478.79211849776
44026,27727.924894511918
131972,31119.307294781014
94737,7736.77718824126
56677,283335.4226941187
148463,14647.417135240266
86730,23807.540060840398
110553,16312.907358470418
62601,14585.434141685326
62075,6439.84761864658
93824,12891.843688857738
61739,57297.18574395362
48048,63853.901576360266
104174,8678.219259826197
113833,129952.8516002691
71444,26825.409458391772
13227,11248.082565090152
52814,45847.38544644809
10950,22412.00838054057
114721,61582.7289851764
82590,122314.61065050446
116627,3829.5810479529027
51002,14530.408353479346
42341,32454.432354957764
22688,9293.20955756486
92058,79466.11070130314
117481,78137.77108861922
71977,7227.908264040832
22277,933.6768480934412
113475,3549.109206625336
142769,3024.1034084450957
67213,71204.25379817432
54995,4649.565586712688
142293,10629.714633308406
142136,45610.265846257105
13970,37455.198926256184
77809,23213.197051984032
85268,11005.705833183369
5792,12727.369130156374
126756,171093.0740411742
119822,18676.580317357824
58272,2397.0222939099312
25583,24715.758534788554
109627,45011.916969075624
25868,5416.29963308219
73961,599.7468396523527
67992,5557.908686300525
26865,40728.7049294266
123504,1065.0009579831246
111161,10033.949962627616
42675,37501.41963494657
65081,56793.94457268292
1548,13142.990084348352
103046,60001.4224668658
60662,15318.518063991636
145119,18313.5205433472
91282,26701.85492344325
103470,9730.106042292815
105809,3340.3444267888854
143718,35505.30748021124
61471,75607.65073968083
30697,47658.861350253326
85153,69750.52439663274
145975,4536.773694977009
46656,39872.77812282717
50753,8343.264592969932
5449,14415.530786972362
124872,70737.84633431167
21268,57681.87029972137
92802,22443.728676678355
147777,49082.37971734952
49763,6690.5654184065315
68494,7216.603030898222
33230,8329.008815957179
136214,40211.64095296296
134447,67203.18406583098
30738,3868.1765932514168
96553,5598.543762711259
87426,23637.129538544006
115733,186266.596593025
55935,62210.39962017956
24811,12852.052137180139
124015,18689.26794142036
119367,60848.23478003462
70598,38089.519532901904
3531,14599.327762519899
126131,3845.216081188092
6738,7301.068335834421
130546,1733.6563297061232
23860,18876.555385361
82118,44027.6222240014
20079,73857.27642585589
108378,18372.006058554416
117240,43427.61049741271
24333,11751.707182162947
38612,8989.22333406188
109017,9245.47122321171
104604,38707.56288301424
87871,70633.7113475416
27752,6543.528399288965
124261,35779.30959948703
124638,26244.65323863533
22422,22053.86647243275
106260,40128.37398534299
79844,3349.5539339241855
56034,24494.484375005923
146365,513846.6674182233
17059,2862.6127259015334
29091,47183.57497150793
88044,3039.0229096583435
68991,4192.664077478705
34731,23120.545756033356
61495,20888.14200679654
91991,47547.30143625244
81276,7016.205207859278
34149,51210.71899106348
99033,35697.74796839829
88102,213392.79945937288
114564,19666.914777138558
65359,10316.82777167908
133954,249463.97729889484
61705,64006.99473449704
1495,101882.36212285553
57049,39148.85140998653
28935,32812.62545068835
65548,7012.5134020325795
125589,3843.976754403058
147338,5021.645193401547
107966,9134.398850919195
76360,4612.829976024661
92268,7383.307557574475
148048,65934.91594837428
84929,23396.745134511402
24244,18668.49549052919
9226,43821.676246128074
121815,3859.6281903158683
137027,56143.54417374798
148474,16235.433805949351
145736,17820.013794997532
58818,1385.1719854244104
13255,15423.602013909509
140754,2430.6621750774375
71079,22970.04420753196
103520,9456.982332902071
48288,7544.855806898746
14122,8732.827513367723
96639,5844.891516549508
84958,107638.52488195269
12026,13336.961662574373
117342,17306.647276374675
31318,25703.14707250046
73924,69885.2604069303
133202,36392.89461018202
125314,43533.924182341296
10513,97092.9833668064
50822,5197.814404146094
41149,2062.974852802324
4913,41660.944239568256
69570,26932.204740577763
137642,7958.853101911529
112341,20133.832392659097
45552,98806.32363882012
23454,94829.32951490257
58309,47420.42850032034
56666,148436.23276437537
11297,3739.485171159292
27490,2846.899658753049
104834,22101.58998200043
69781,100594.60557984895
9346,21613.932399678262
64692,53117.92701220335
66191,6514.942616502249
91971,20006.67804639649
17181,20945.356995830243
41178,62692.33413100077
29814,27706.98667730602
63502,5685.560382045578
88154,6415.589014325961
41633,8913.349452452381
139517,35771.214513561565
71375,10117.066993927072
149103,14972.1801993929
67706,27370.974440283935
54625,17106.40817867052
118987,20281.785514751693
52144,48623.474210128814
51401,49466.03247567504
145746,10641.028883944358
60736,22109.59008179837
90456,16772.747273303787
103077,6292.427554239768
66281,8801.435272003851
15427,28507.38528239578
4941,49044.51363345953
61308,27610.406484659692
82984,14884.753661541328
52278,14756.412863650354
35134,111764.35168166317
132493,41947.68993789515
14599,12681.238115031574
71190,35432.26551472745
111647,72394.97105341632
69097,23730.640099479173
56182,12545.81389767143
136938,7464.8777970839255
3297,1569.0646207746918
76159,24891.735640695035
140579,12241.01345840854
54546,23720.51045526698
112551,60110.05157346945
39126,14314.789846466958
123090,2791.0136857307393
70189,17432.034976147155
65831,51779.551074332696
70280,9621.912918614158
69937,29812.98407008202
142103,55121.10061093388
67145,66414.4255123579
109673,189100.03280664206
139942,31935.797608828256
486,12689.596446656706
73341,183865.9482028864
52152,6349.924401781431
101323,7194.351172886236
86613,10302.7918139821
37120,4883.273119148166
65019,36629.56239084851
40436,53289.59401259221
125292,4159.097175390101
71537,5846.80070671857
68241,24754.68137489797
141363,45243.52846906777
126760,8578.451952110856
15946,8682.680166588561
40327,5150.74678044356
91357,1111.3385860129938
148186,27917.233345570665
143155,10349.198272335158
130778,10150.006232011563
118809,20681.069192267245
15561,112886.01291715875
4050,26984.745968146708
99917,23830.675176882614
11469,39015.27003704694
93386,17547.81467705933
139326,48980.02567818021
33321,9057.009864657597
79457,55022.97267564174
41301,182871.11277773342
87762,10412.693481466493
124554,78539.53605332403
130401,121331.18817323551
119384,157569.82000911518
36869,72309.3105877307
35706,69535.46344268601
98893,2980.241033596216
38070,5155.595323967381
2245,130012.9887321261
126910,100956.51902571501
128917,10248.662167549815
147830,6762.101463453767
136104,21041.226702861502
4776,86954.8204448976
27967,2217.143180730659
77043,3596.2650295424805
16269,53967.8096111805
32486,4949.641502393997
38767,13206.655976391254
121558,8556.947532697483
105595,13498.334853775716
57220,1813.4036201258448
113917,13068.0451006638
100363,16683.801424699923
146209,42255.479622199164
6457,37383.26146979155
8596,18148.958297599347
62790,19180.037985706615
125946,8085.622597369578
50782,7989.389643506352
115689,12917.841993434888
109174,1237.6019831717538
80154,23227.798069403805
69690,14488.326456026385
41235,30192.466108579938
140248,15378.775793867364
140958,8760.639587126243
96384,26739.402378791146
55947,38786.840925869576
149505,93312.1837641167
31780,10226.402965929165
4516,19549.304576597435
75268,16966.286444581343
116488,159774.69552073185
113684,31473.751377511675
39982,43542.70707749664
90415,48002.92580371764
21614,7382.337852958886
70483,43052.40587002064
85555,5075.202577359849
50682,10020.462856150483
136362,8026.8362813263
21045,54577.73721602193
95519,264732.65798760013
146151,92131.66602631722
1504,64570.27459376048
66622,75882.04468394718
120922,49783.94234607396
89045,19212.946207506902
99638,18949.778529275092
25553,14473.658371606003
88101,16689.78725102895
59182,4936.6139116382965
109460,14278.45089712096
39041,8089.6532743353155
49294,23673.671932680696
89302,47151.163220279275
78746,73656.08420545605
144235,46589.450482107415
5144,5161.64261757489
6817,43125.339055069286
102633,80457.86284236822
49003,16816.759009944602
77596,14360.118857753034
120005,23653.126641432944
70776,5806.9046493706455
140569,193140.4760948274
121690,52485.81600193826
26209,86930.71589926546
38185,6572.747882315059
106707,7776.875551279733
85657,7522.527681512782
48873,14100.778939810847
82049,31676.518829779914
40892,9822.281347151786
84578,11771.300604638047
2809,6613.918587529415
121211,1457.9378846324962
112789,15617.850034621395
131631,9318.276920913499
126071,91866.86886135023
125978,9543.096873019005
9125,6159.868738059148
35795,90918.42051833717
144960,9861.622989619154
80338,10489.52850854211
59652,25750.62438786417
50551,12070.333410213636
95076,12634.441654438388
39819,10907.27913247899
29695,87572.82928866893
108593,30221.042498071503
133971,20677.389006323712
51658,16073.399866707536
15343,9171.073308169214
118843,51282.98968519341
12357,2316.217186308564
117194,51045.86855161831
65186,4103.735058297388
93959,7446.5745915753305
108451,3130.5859667744153
23937,8211.449194184788
126845,83412.27208273535
79605,6727.495890017749
79011,11548.186308401755
128363,103801.09046798306
29740,63703.796139974176
69704,70755.81168133812
32925,9185.821361135473
24577,2343.576897948438
27562,20826.417189831394
122111,1878.693215498985
37101,4829.119338040044
5832,17102.333338068893
102162,147699.74611980806
19804,64117.059867704396
99335,30236.45790373402
31768,6603.018130077432
13494,7301.756189404579
134687,78319.94580944761
41590,59422.17979798037
90258,5884.585827491843
125081,19686.493407935348
82043,20412.91971041663
56917,4317.908287666224
110299,18051.079878015786
46421,2347.443132280464
37094,26876.398959115
3934,39588.26717677385
68029,8135.520296581033
52236,103575.27326050903
64914,6597.630225206417
88722,4753.98310485265
4206,10957.708798964992
38407,57062.95590138229
88381,9701.034813776958
53503,4134.236448828891
131530,28249.08304532905
118980,110532.51255153945
126968,9729.759603615741
61363,9381.176363761891
14877,175882.06729652314
142891,56667.3512647857
11196,58407.455836285444
76446,102755.02500451813
104009,342869.7193934525
58700,340428.50007153954
58101,3876.8479189974732
104089,3957.203058082735
13445,20952.642479586495
7740,6932.363297489699
24850,21359.94587396097
42721,6476.878184519034
106004,46264.184144131534
126177,7396.879382806966
94968,3594.1454010967614
9134,12932.588463892034
128658,8393.976457390092
2179,16190.880088796297
39587,64442.11248090774
76909,-44.57154774244041
114115,3651.06546266442
17493,115715.58550873263
68635,35306.086109305055
125990,7084.396691247321
114206,35641.970373870274
30865,6742.43504155119
137842,16563.276964470613
107385,99395.36218568622
66566,20458.59961894889
16295,28884.884699571274
63774,46205.70394573097
61411,60311.12346955736
128748,105931.62373737847
49066,142843.44021398653
53269,5645.8883456935055
115478,86550.77084959715
22952,28405.956899059893
117670,11536.16865807496
33990,94642.86900419697
55586,4538.552011682409
78808,35721.13216048186
139838,14707.155433516691
86484,12441.04335545711
67302,63613.791074946945
75408,20178.943339945396
6414,12484.944013988217
48230,14732.133537008987
130678,34353.463875158755
143460,33874.99501830986
112375,10171.19762270885
125703,6931.376406052413
79136,124534.43582408341
113201,10347.917589941775
142988,37012.06497733381
60748,66378.25700144155
45809,15869.996415445397
60530,2851.0852986304244
71583,24743.073370772872
111207,14077.025351156855
88463,68371.04930294918
108414,91875.88089095659
109066,203564.11853515595
41322,24816.395561729983
75234,96490.5778763086
114944,92836.56730319542
42317,11713.71190773593
3526,66053.1306494227
13584,23938.08380013646
64111,5465.864271122016
122515,5559.262233226829
119886,31934.307960485556
26593,63294.58925006076
127582,12472.835206012123
146400,2008.1170072722816
130718,5845.369776194612
112596,70137.23228558732
59124,7563.626395159086
10440,38736.100887284556
125070,70057.24891115064
91518,15304.370695059562
10248,191524.08384585776
38860,20536.66822899048
9228,71585.98969302684
26966,25322.037539702724
125351,79131.66991494285
72738,8631.817226303381
143137,39161.51197139936
32249,2672.837975878544
143728,39612.22217338002
104192,1869.4319738794593
34025,68824.62998399202
128695,2283.0026932872015
128110,6198.855820363143
37674,102359.28563691658
104277,4507.451996668056
139183,50991.25311469613
13016,8909.479444073599
136467,2995.65916775152
20933,55644.33076216261
117076,8498.845036064293
29501,10127.946235596335
45881,190174.29213989776
128801,14967.126951212931
43712,79380.98676688064
107946,3287.0213579234555
9192,105692.36362142062
59112,58859.6376306478
148323,33926.32057790237
88863,101129.13921596837
28252,11365.75774891413
8874,15652.641598450151
18030,7093.852986711906
64810,30796.286469246028
10087,4448.3814736739405
145613,33319.63083108678
86858,18898.79244916757
82196,318713.6909214305
96646,169023.75103751718
31495,9886.280901257067
57695,19394.56536826637
133668,5091.021839928948
325,70269.42005160307
3925,21072.283786502634
73113,25079.62286748432
83693,28021.397879411554
54670,23701.416380356466
18950,25644.51758796972
94612,10770.429567834211
146682,200332.29134640112
145679,106302.22569354897
95578,43974.11156728549
105995,11595.001834579863
128372,53600.211433272445
137675,32917.45650285768
31015,91036.58131376137
54214,3880.4760220130065
113334,52638.210207878474
92288,187190.53225947512
55960,15588.533756984727
125088,22331.631836912224
95690,82545.5612524438
91588,116303.10740541064
135190,74213.9425303879
97595,10740.146433546077
145488,40727.77112491436
87262,4529.328835951167
50256,69814.25196367962
87965,21373.171377434788
79580,15757.200641530773
126594,11415.536134650552
46820,27537.07963704533
111898,16976.469711810878
31634,164984.771265673
126950,38174.13776456914
57728,7394.036610295849
133969,59343.47627265684
5660,27008.09078052486
107458,35212.15356495737
62770,11124.825088980615
21151,13882.258189126987
82370,75995.69001983227
51267,5319.591627227477
44901,13035.370510118952
57189,71433.47687498273
117691,14585.02714302311
73857,4572.542752490776
18936,40668.49588289036
125893,3466.4380200947303
48472,18371.959050081703
38004,18895.900843607174
62721,24172.20124041024
89083,9925.835434279697
124792,50463.52190472941
47360,67331.78473819017
29081,52206.37993014355
35053,8051.719063403487
122886,316159.2625824392
102024,133445.21302121106
11686,149593.0079606257
117306,14388.612656701698
61170,26602.840908847968
95390,12667.728000587947
82184,79791.64533806944
24605,12253.190117226099
54831,33883.60859517474
56264,52313.474595574815
21394,236971.33263654867
104616,27935.579435610416
140212,2189.717897904704
80066,13457.741979531924
106509,44145.53459954892
62920,36264.15091002172
96823,4529.8781887176165
12230,2580.6830269945494
13447,16510.50544795856
104662,3441.3499653231374
78945,66431.3873686593
17114,18016.44888222072
80820,159250.8483870938
71298,25082.43876104123
59847,75014.75633172065
4714,39049.38222190968
97795,21749.437444407507
29258,4295.685731242303
30579,41731.762751349466
32552,3609.9783573297245
140311,2346.658305238128
112392,33878.51628011279
98265,801.0219048305668
101618,38660.668209108335
20770,40718.04079841457
41398,110791.36642032764
36834,7024.3513737065
69817,22175.96005694832
8083,78985.69313543211
1710,5100.416649133683
47824,50746.993941490255
120683,31960.17596759899
45020,2036.7733156714726
124442,7670.203218284921
110836,2059.7751303536998
100118,1879.4073685462058
120901,4725.253145753992
22626,3371.240846065443
31352,27737.928423642403
10506,13645.273956137273
22947,23740.812361613025
50809,32845.47071225346
72964,10528.917294138973
6047,144855.96422160475
144226,17324.485414193437
9120,11519.10805861949
122095,32640.8028053846
11425,6892.232988157716
81804,28525.184236785964
102182,36620.916522060834
69928,32898.06473722366
48352,74780.35526589621
132638,11696.797077219042
23582,265387.7381067865
70443,2972.3030075384145
103073,16197.79867479788
39248,577810.0847571293
56905,2510.303722125335
115016,35490.838085231
114273,150.8409524738803
57477,203394.99002987353
30146,9106.708503128624
110560,65784.13154948763
23055,317297.0310500125
86428,5770.252997462687
57998,1802.9575307666862
111187,9683.243551641166
103183,4644.610166385698
95654,27231.49773303542
9599,10090.221919404477
48486,15514.666007028998
75466,6798.365827725107
105698,47435.608711915964
81889,54348.15808633455
60917,124393.84559509715
43876,1574.224158639504
128339,34739.45747464866
17715,9340.672881712628
54336,4313.587175205668
36843,4543.405104767943
20879,10842.610104958563
145304,8402.654001395287
137402,8221.253597889114
87848,37052.960307071335
58023,14293.879440045168
66737,22567.471576775635
32053,10981.85491737167
85578,12708.359995875793
79174,11307.99292574462
28678,6387.12733673946
99599,4929.0197831920605
41001,64039.28523175041
59797,4398.549622250244
42285,91620.90257787373
117228,38456.03583779769
115330,35465.347888762844
61269,6134.715388808068
58613,48266.224053582155
32988,3263.127618135434
28139,43860.22713364846
77744,22071.53168475355
21494,2858.43993015084
34364,41745.261889502784
6591,9574.303067180459
80135,34552.71070331339
98837,55846.5916498988
102507,8362.208446073599
115424,45582.85246537078
96554,29000.241123535496
145697,91438.73300087509
35911,45837.5703321985
83996,5466.328759585394
117503,219876.37072657025
33982,20736.291659059454
79092,58439.40908493636
144251,4151.522034804743
93260,5339.14983816897
35303,26718.875784601154
82509,22234.058144581275
58995,87640.41061799134
72287,17473.545511579006
18272,7674.514466408821
26521,48827.6787245471
102698,6064.089996356113
7647,65005.05491218163
124199,4591.130918026482
49727,14072.042077134894
85561,19511.86174858492
99030,27230.39188708098
129278,25402.518941534992
3456,75745.58474901223
64843,2273.0859305219315
22704,16328.703325256229
60539,11831.407497582386
17137,22254.86978654105
38535,6937.040725696308
15998,4442.458443393507
96043,11351.792724262717
104329,15244.510295340444
88810,15011.462992483199
75006,2133.0137549770798
119771,9653.168981232971
92037,13745.867468701892
81716,13224.67487205838
120523,214849.32462154076
59680,95521.92201296128
23814,2795.5465386179553
65247,40326.40774430703
74835,11190.689117851161
127762,60403.11664391755
41392,83717.2490427135
44213,14862.818243889522
19785,7692.500518721912
37477,103465.01849219017
126215,27428.759283814346
75145,28722.824346232555
55,16345.495756584756
23263,74306.61897177235
137971,9346.176127484681
71026,18279.052727641425
31690,21938.479550118856
144840,10714.64995570124
64650,40643.68550292496
84892,83434.49744841554
41583,11032.350197375792
1231,883.1848075545776
112784,1986.6049208021561
143133,157269.38868649013
26527,5898.691926129097
123950,10528.732823918132
141624,57430.34576222672
117902,49255.384823799934
90396,5904.818805390291
105007,456440.5288617242
84202,47912.8887665067
41068,6061.935261281889
65066,8324.34943119934
47917,26591.868995564368
69515,125768.3830574962
68252,38218.162950577935
135882,3646.3669871356583
97554,19890.660302650595
143459,35899.622631642036
93743,47525.29207325011
95086,50122.51337026312
7534,82487.10017632994
77907,1398.8395574751687
99207,64247.60014868032
70242,9720.357032142065
110373,6045.3413438797215
128585,29928.09834974942
21182,64469.16931223738
130781,207433.7050590311
83317,18925.00159284431
138920,21900.439992165666
55814,18242.397526256493
14553,1120.39278317424
141898,9066.77423632562
140111,94545.71675859878
92842,79740.11185607893
57047,42002.06160182848
40429,3219.3148970166494
55179,10379.36450965098
55983,29210.490284757514
20267,42410.36078129071
83430,95520.24207934596
28017,193917.3550625129
123353,64135.32581378991
58365,58357.92910693698
82500,37645.649072414046
122362,14268.33337900805
65045,15308.949236174249
64540,17662.765606527137
108742,31162.595959067174
105354,142052.45992871147
128169,16826.209397152405
12440,54113.915946220564
60803,12384.990934176913
71522,30251.076097655925
129903,26955.023546191973
128344,7105.275238257216
49468,8444.931482294722
68738,162019.92555301322
121275,27292.19982528849
118680,17460.039563664224
6224,10817.89326949426
112700,7326.411047792101
136212,7560.366583294534
107613,21043.54881165087
15140,45749.91964765883
100674,27379.556411362417
35612,4459.527973810234
130934,43361.0574283984
141546,268371.86146179197
11167,3100.9654044787335
71515,5419.664133015423
85286,6151.43611348469
78880,54913.31198978174
96515,53887.82056742927
74827,575.1564255004539
20380,2961.4313110831154
7808,105502.69573200379
22022,13099.449863470365
2126,42317.69267294914
126272,15226.240744013407
99865,32635.590401888967
13878,4539.554029725813
132312,14189.289599570213
87118,34064.87030529261
48272,24085.84170163285
115263,3141.8092795021716
8076,27072.435151011297
77874,26373.074067686743
25874,4525.447601931663
135592,3668.9823316951056
124403,202914.1866219834
149490,10170.052498261954
101973,66773.30415126977
77473,67951.38472592534
128766,40853.04485759977
114840,21446.605710098305
95788,1965.4329333262822
73465,7958.277581029651
104814,7988.391865842991
51171,4384.065477464794
94915,12548.574061997711
138706,90348.36336741588
112540,42802.803843105474
22843,8020.612076929611
112671,107715.81601004818
124969,98027.81907200042
121107,38791.73545607379
10438,14716.159316687425
75104,67512.75286734937
51386,51421.36000672933
93660,112492.95674162793
81926,90094.30069340227
124665,66575.80248669881
64320,10584.435090503182
18093,8227.134540641167
31605,39409.55227860375
143116,4218.183432703252
1244,87583.30652182014
72846,9620.286130514894
59880,3386.6710384021085
51690,53551.480244722115
116900,91727.54585481314
141680,57209.44990900464
70337,53722.41299383237
95865,179593.33468668116
34107,24211.25139264317
84529,1586.9782610064362
80494,192799.12132422993
11865,25839.42250429571
35130,6400.472775399778
117761,70298.4273277646
53733,8050.732240266332
91163,10573.006756517903
87152,26069.81566272904
23618,215863.53950324567
104248,10114.143950776965
116051,31986.480696636725
101232,103415.00903356285
89644,26986.26621276593
81744,25431.603591215575
56090,30806.317069267905
57833,101511.11900270605
20875,19516.151569505968
148815,44673.85872073681
87438,43884.608983085884
67075,155715.36195478917
15189,29472.46919998779
43189,4067.9827604696125
36496,8600.191895581293
135426,168023.28365725704
66277,41856.60344906994
50030,20870.104220084086
149962,16927.139544661193
87457,10180.825611663355
110268,9277.975173456987
149259,10079.337777811808
60111,48783.762723161744
46977,100569.40960280914
30503,35888.05668159945
146357,1133.171452737677
113621,12581.031913564038
143958,8925.877950722026
17913,10100.481215538577
71081,92898.06963601182
36130,83635.2803434992
86378,6900.963934570914
48235,46925.89196203464
101785,82084.10053416164
32994,1867.1537701220213
41912,20578.047569329432
20758,3717.647319908425
46641,969.9377117988867
97512,4557.185097712142
75142,4834.765696839938
6089,25715.266626469893
2915,26105.08393098625
112360,11344.013849057315
65103,1014.8306859652378
11936,8301.76065962838
59872,96391.54975115664
68204,30325.444784504285
91407,42457.74070874562
80896,46341.68528112796
58269,63974.82033848221
47142,162985.66118965004
139385,3629.155591458181
127247,29215.440884891905
143075,25466.40592599384
66645,8981.188319855419
135237,24119.11551644352
108815,8618.69762476861
146974,9237.987592216476
102367,26052.237404705415
76778,9368.768515988451
141762,98440.1273161883
111947,10502.650018944938
121893,83519.95178150266
46982,30814.506908990206
103610,19204.436841455194
66410,23415.31262839371
34744,8409.304180557865
73342,104285.78595702305
109402,1457.2372093823258
57516,10465.404507189269
679,24838.795066178373
58360,40089.26247757594
132755,41337.89372714277
88795,17260.509913156522
139593,29294.168352471497
141556,3483.1347650819043
116283,4764.778940375945
10834,7305.495182873371
56429,9859.957833677825
113472,7463.506629271042
90064,15734.006426403701
134023,23626.44213130893
127334,8374.837484245763
25953,133643.8040916025
121394,18810.21864277848
133354,4605.9348064380265
108001,36215.1260909071
4158,10178.216252764036
57114,36343.34403915929
6240,43914.828533586195
16292,21824.456262752527
144319,43437.90141191185
17661,62086.66138377882
80633,8767.973800865508
78855,7848.360992132545
100704,36155.492321010024
71905,23090.352466620032
72971,63263.20043370661
37658,9828.051161812638
76531,50096.11916782091
736,54571.12832908364
44471,53963.04572545288
12953,59252.227217234606
5476,92146.06373515735
147244,1205.3911208070958
13496,49759.564562213214
23072,48250.932538481946
86203,66124.03644678171
92342,32815.26510237882
140557,152812.76582742383
20331,14123.728232194695
142283,19525.351874938053
140761,19250.39520614312
124534,85211.94417039401
123238,18365.67456793472
103501,19205.90865041399
18906,3281.4675955407
143525,46980.285299650095
29804,54054.190801254226
114183,77102.57184709156
77715,31344.3861839456
98639,28209.151983020172
93134,40506.66032165568
45747,60648.48569010673
73442,17880.011236332433
114076,8774.92355966047
47784,72987.99455717254
132576,1799.6305377160315
82228,55535.633754318
139447,18866.8141143206
72063,27923.619370649652
19584,13681.890695371596
93576,34119.04494189671
50813,6827.987298182725
82906,93092.80367631439
49039,7086.676969935716
21309,13306.510205897985
145892,12300.287654101225
30155,12330.826039270534
131614,2933.3173727425497
146011,6014.551895391459
96995,15637.833843803564
35960,49838.85446601368
87355,6071.939109364654
87469,44513.25662245411
149821,7221.517891944763
33324,23327.722457439108
110365,44777.55470550241
133339,23713.76039921119
99470,35615.94950930381
64517,12056.361886789244
29282,36728.71495461234
140350,3615.117072542905
78138,20838.634562893552
58450,109799.68537992451
60162,12381.999457655644
26154,6311.779068510976
81989,9156.314743110252
3589,9198.183613049641
24518,11015.746316115396
12293,22178.070152884146
130179,89094.67578622268
77592,4685.527370088003
141676,-456.0345478444002
35800,14113.06338783454
141459,2441.86834347162
8173,10172.480754873191
43326,1752.8645674112809
120279,31700.261224893366
120319,8097.556053202792
14315,44094.61719165354
8292,69436.22725354886
106908,17734.054720288557
137837,20264.383453833587
123350,46581.08109503054
72346,12702.346662383969
12654,7864.772972392962
92691,13867.761617284985
147215,12456.341184806532
20300,10908.591199816845
86862,6484.896460827837
42339,16579.739704957516
44445,1216.1969379307493
47419,12256.548981680779
136968,3418.795176421795
76828,84666.74454597282
43599,9355.128204411003
69871,5281.521153245323
75312,9154.058925320664
29841,9157.926149564135
131127,31154.937174592167
94775,10024.123340984443
1281,33791.569403961454
126052,141756.752267847
63289,11734.835157571335
119277,16955.36456933098
98001,30667.628901121792
47506,15566.71461835054
68102,5266.188724747466
149165,11017.300335029096
124803,13365.329542574374
58780,20063.074276053663
62772,6309.227111132181
53644,7445.8933789884895
86460,23440.58104885839
141420,111831.62211661006
61326,55073.92617444495
148191,13033.296920098535
22006,2169.991138290173
103085,42059.609571699504
15911,15131.662034205354
43364,22364.45465033982
34527,24834.063165005107
147748,59692.555183076256
18914,69566.14918314623
70019,6574.148896921739
56375,15137.174725618119
40634,1242.0870872621501
60203,11293.33660441343
56179,58426.58614832704
82940,3349.0465645149284
25828,4552.656018214601
89693,11277.997873821907
133556,108081.32079454203
100368,51893.12874111436
17096,14790.73319472281
111657,5130.215780517725
29098,70973.44428503909
82990,88723.55900473738
40991,19388.77069414446
50578,34862.137610182996
51654,31456.85779253135
31077,106541.53584959393
82742,10223.701147304526
129827,23675.317562510652
145422,11749.761404649336
32912,42678.64450268663
81655,6972.564248489875
33070,18999.550826269624
16559,-14.3122693262451
70224,36699.09143919383
80222,23904.283762675073
49258,6474.390200857208
38685,40327.723708092424
44261,1984.9175342782753
95424,11588.820857496012
145933,7802.3115447295595
49567,1889.2450399334261
9864,18466.277477620322
42301,3060.0789805572467
145938,9734.512512158764
27767,128775.41076179825
114111,13078.66233111589
56387,176706.9161155249
128116,18293.871806472867
120801,21930.058106773402
24294,43754.69720123917
146353,23342.75336176199
49601,47845.127766859216
50882,10872.146424404544
130911,8208.392594089168
95045,54558.56512598955
129379,7013.176093694221
22156,38874.656829468666
9962,204750.5192821517
79975,33377.31836551488
102276,29940.760853018473
110058,12409.176155406862
30962,2093.645788552797
30044,1912.0586208432924
52049,59972.087451249005
128453,17585.920740522903
93797,19983.213871771997
45272,2803.4871446969887
13424,20502.044878848075
102677,29309.83471666685
101364,58445.48595251488
34611,21171.842120830057
118016,3685.425379778376
34173,1085.5760031491777
139770,36681.768305390826
65470,5254.4686620537705
101861,8597.688354298392
55525,4478.932511570881
123326,25913.965436701874
23282,14339.222514120866
135679,86763.53551366628
3535,134718.206369035
71234,5250.841255913363
63636,5835.34263101773
133195,44909.9392951892
4233,38878.94433644507
111212,18402.896852677914
107858,4255.98238027756
59321,99797.03161258933
42483,39982.29540312821
126521,96170.49202843031
132580,9537.256216782465
146227,11319.00071135522
62117,7670.148618667199
78913,27817.11680939422
99156,18769.085046764147
107598,1140.241236817539
82059,69232.50474155036
40156,3870.6575913420265
48360,20203.672917832806
118667,41580.043438302964
30098,7817.029622985116
98492,38349.089138631105
24985,81120.91569080806
94548,20572.54086320769
149231,95953.05081851844
110221,26063.17252276365
42190,46314.76862390399
135607,35863.19169824614
51826,50186.2599820723
49135,2181.813450689361
132641,191388.48979675368
88988,43959.12437854652
139530,89462.54279115798
127060,37249.871483361465
10486,63615.2315293207
78886,26233.069802231774
7806,117139.7448403134
36875,43077.82660140413
59026,11130.902095053487
136396,167090.89750739554
94208,23129.404182864833
74165,94862.84747431723
136903,97747.76886652912
122955,57979.05217209768
133245,13959.656922475384
115908,11017.65713676123
90771,6739.074395241447
34761,4183.677647581688
51460,16735.728751508897
103181,4849.710173407628
132254,41469.014500251484
122131,40617.998586634465
69464,10863.393036643354
107763,78545.66069178021
43807,5509.901310624962
132368,56782.29339964979
86423,20139.860045971836
106467,16143.860598623814
70297,489082.28919884004
21538,4885.271706841831
95180,20343.475432887433
144899,38547.4272663921
146550,60628.39996564553
4020,19537.508275684664
68604,78265.29792163458
36769,64846.11617266429
46633,14049.217622583716
46416,32892.78466580718
22934,10892.222930717759
15871,22933.255212281536
140417,5776.955283670022
64849,114641.66019149766
105861,34998.42714473512
70807,10785.371131549076
122442,8696.627115353516
52404,4682.337602398491
7787,21865.010115425423
132795,14626.752612862965
125904,3026.775543494156
139486,45320.3335458364
145876,10446.667179283984
64558,8314.425337160115
40226,51796.046859104375
126239,92739.79832727826
133223,5604.218825955685
92246,2223.456836716029
107863,62302.966481540236
82724,16615.32643655461
3377,17999.404788123084
42052,21126.167068352785
144927,90988.69231476192
83909,43410.170395941925
33536,8477.43558655824
77050,8883.910429188152
84099,131482.17929612543
72200,5352.167253287638
85963,3619.798264867068
95760,3276.2046720225076
106040,16564.5561856065
83801,11460.492535957488
45935,10767.457280618988
91727,40248.76726950372
124118,58029.6629217852
43553,15195.474455046266
40415,5500.418038364643
74217,18006.406573210043
148199,10136.216541763528
54150,6690.983244883222
113733,19054.423807247495
60654,124453.6942703114
10724,8916.312077448709
34477,14631.887749341124
47582,5480.069265661552
142859,13492.799998929644
58052,63772.2433398626
44528,322.57173206564204
78157,126882.85708372385
113251,47033.13888725921
73915,5843.561688402044
93152,7975.5059136938435
129860,22807.56475042594
99614,5329.1943409912055
12690,7188.440895570249
15470,2035.5175746955435
62027,11232.152087787023
88386,153043.85182025173
120675,35751.11356465781
38694,15560.00336676934
146726,15110.397426019386
133847,22543.382213039728
77900,3828.2304495640487
115209,42723.78417863633
28013,18745.76310166797
19850,21034.8304737219
114380,10537.460875726134
34202,8461.444486893983
78222,45719.479987611005
45448,3549.3807357182477
105287,26138.744376849667
28605,12501.947216045306
24050,22559.10794550102
7801,58290.16602997364
48838,61156.976087964395
108282,19530.140100226177
21114,12684.192039962185
98278,8151.37607398528
19264,55268.186815122695
121485,20907.805531663587
28428,6346.36494788345
85624,39655.0707285604
126750,24786.412466921367
142827,119054.21782162634
139668,16594.329080451414
30940,3703.4467608181603
78827,21498.701532038685
31994,7651.487228888775
52082,28888.902849473212
108487,185469.58525707375
77118,2432.329069944692
1185,61257.35124179901
101664,22490.028247293303
124746,98141.50916916986
133066,6758.321912843678
45044,11124.765298588978
116843,2219.888684895865
23884,5256.922304588701
126550,27171.699641578616
119920,18120.12553767083
61396,225373.9387270749
82626,9565.779766465208
28312,36540.08621066313
149050,15497.719287375741
107275,53462.685711912745
47067,4339.113998196715
29416,49827.75126384573
137923,11292.999114464068
126338,31805.178199939535
112263,188894.70638630143
16107,266898.16858333256
82607,17262.403927765783
102011,69821.13957972349
103381,65088.083847066104
34383,14302.132062427847
119923,145779.10994724586
31941,10214.856493693773
54677,27895.120684923102
31617,87438.28131018912
70327,35320.00587901609
114638,11480.336784223391
8477,4665.710677259585
132914,15678.527010877595
89859,10738.199366319162
146328,12671.275542158595
26305,11337.993608942548
21417,7712.953057121487
17830,115160.64005026978
79891,56255.6439241892
30429,44303.30179630361
54606,8014.314176257025
7660,19757.23584283962
147653,84467.15219766417
37916,2922.0561273836797
58434,36553.149681798226
100315,25483.89565003649
32174,60285.18069613587
80189,1881.6711166932864
123069,7481.098832675864
99637,26759.742084733047
65443,38541.450083535994
16770,10755.702274187655
136280,41796.60400296955
79849,75149.67818700874
54816,8594.242214652697
60167,23892.515064395906
117959,147375.79399545706
111688,56272.3489859914
127200,16149.637162016628
106852,8308.353402930627
78937,27575.337974873037
107286,43891.54495999599
19455,7969.044559220474
50616,24833.42552170375
50025,3581.4162377529083
54835,6262.020970307597
2604,3685.689787515586
104959,33884.55349741779
100293,10675.627223826821
50069,8096.383151314165
45765,22183.139922332262
33464,17298.82372773368
5010,12072.327425170482
85869,6839.678455145202
25560,42521.09551242046
79972,164244.56898431713
106209,40204.137553623696
27084,33199.07618414235
144423,25310.09838634678
66681,5196.496022251741
130247,104349.71749706684
145577,6559.332052125814
36051,15445.097393467924
7786,4058.2232732645157
109812,37718.52637442028
146320,72506.8981151918
145356,5816.628741502969
105638,20876.814908248718
104145,12116.743670088636
115677,5243.180122780898
7820,1624.3758037745042
85817,5515.83684431184
13995,235657.6503828861
115004,46705.32760294856
52790,14443.097100281127
111493,9409.183332373483
85822,22075.540040974825
28425,89279.67156198548
56102,44613.31408395986
35703,61139.86428531875
126262,25728.143045495675
84955,8487.096735768375
33608,56385.82989338503
59785,93349.89634488357
130228,79315.96172437782
71838,64016.78510603965
73764,3589.667270574732
5772,96563.93860734403
74616,23613.431661826395
39274,29900.04219260336
130912,4253.827232130191
32960,24171.147703773146
22291,16697.859066506207
135810,149040.19171839886
28200,11731.338732379929
41405,11652.334255286298
73009,6485.288034959032
129230,11566.146422801894
139943,24541.024773063964
49944,17413.914085777935
90048,1009.1822834364485
79599,8662.741615068038
10987,5201.735167502077
105300,83794.9851350034
132123,14744.142729032901
31870,31628.286998906446
148871,6034.699728525617
18201,16269.640393761447
76132,53567.30030156248
6563,7049.718634337295
123615,26724.7850230969
149206,43819.86851314343
121000,137580.76714351447
23904,3969.4940446357214
92002,17826.713284151327
140601,58849.63452411695
3704,43702.60282193902
101671,90148.63354915915
50239,23562.345153142494
31025,54253.10275635671
3750,33312.63046177567
12258,2981.662320216149
47408,3381.530959536025
15275,101560.57192623823
30266,4274.792477111481
15702,14894.712995078251
110061,11097.468288093109
58549,14957.880456282848
104848,40246.51072981781
1051,79212.61673972766
149497,22887.01254854069
117673,26850.595926895956
17957,62387.859196596466
15570,11121.724711803658
91913,25002.805050231666
125280,22869.48690037983
110937,24006.780879827784
56733,25318.463602798176
142072,7417.648189506637
128358,3393.6169776851093
48110,21339.902497480845
40177,12392.16980648358
12024,25791.576719168865
79873,14329.877123413555
35565,5236.518495718712
79755,6307.237341776971
59126,102740.00896886588
79038,213212.71819659896
105196,131914.0589314452
54895,24154.492728867735
91446,7917.524572555446
146948,78466.87619479628
100667,101946.17308223169
69003,52744.96359238407
116081,7704.820261310371
57988,19902.828336804807
147629,2249.428988596006
92031,10081.6076051651
32817,3515.4260357731073
2586,17380.153830234885
142698,13998.231388295511
149959,109786.88047106664
59228,136971.2122560565
32879,8023.5138592758085
91803,14061.069991673281
39299,3934.292042205715
112949,17402.25267045906
47437,1187.4545392725954
136742,41326.6249118187
17395,7652.356156358679
103171,6509.639802518166
24171,77291.02938196681
65800,72789.55457282664
132406,64061.156956973784
114710,6605.605453382419
110261,9813.52690535492
71634,13904.036611711235
55376,3174.7701029218065
146757,279644.66811487556
117055,29409.885050139605
36287,62989.58794906648
118905,1877.0483967799137
126916,14322.110256736803
16735,17759.359681050744
19121,126279.85761391874
129617,12462.049859908351
126041,38847.141520031924
24169,107549.28262000064
5196,30133.74016724374
43146,150177.33311935642
74924,4749.9089645095655
43829,45271.10484695222
28750,20089.687726947024
2401,4546.957105979158
129324,21599.178862500805
70796,4677.471409697199
114263,1580.9074012207102
14540,7335.6642388942055
106604,154222.69352135176
147921,9525.99655495356
20557,3023.139780311718
65142,20175.532725893303
117619,33034.80023934617
124443,17720.053432775836
20039,91975.13318510778
85988,19287.31858901752
119092,110492.2725993805
27152,37426.45315725703
31618,5930.187634938605
71387,23024.34071408207
85087,105626.14214872669
61860,44909.434418423654
115337,3896.0996710108793
77508,5884.211484031809
100512,13967.875771629517
38098,7624.377855499335
43313,28054.013825031398
146549,8647.993507642062
79398,51243.299946385814
105047,5905.883451132472
87676,9943.054787132289
144635,65164.722996548786
49658,7138.557359715254
29307,221528.9955674404
59022,15163.097437798406
60760,28039.715422271864
104590,16839.30384160557
97329,1063.3728534993784
129616,55986.67054725649
134440,3580.100712667474
97446,31927.566066311294
15572,19985.59839739184
2579,14489.801586675203
117721,56741.57370607104
4988,86511.5452281741
38708,20677.63687177634
147904,5210.206254219613
79752,199130.5229435654
146170,7674.28949156711
18035,72219.48592063614
143256,4105.3321585261565
128740,36272.666962295116
987,52995.49015991394
95564,10331.841006760995
102497,64141.50784986899
119883,164560.9855760406
133305,12335.010850878558
124045,3683.215469880422
36682,6493.734394598063
103081,285197.26836046716
124401,79334.2740365939
149851,4887.388468867614
122120,8663.987586848909
60896,150360.8773413079
110821,136061.21685339225
31277,17295.162418802767
68750,192181.03837271038
108290,46921.436317995394
125942,26099.07610182345
13548,3049.8992399954814
16674,72097.18767307214
122729,44654.41277941964
32213,54717.732158004656
149361,20173.48137761049
92649,19063.531925290255
70228,4232.376601135596
2438,13930.686282765575
131970,33641.19434531465
47556,69791.89367582442
143359,22116.65517030357
101899,10177.653840806026
127449,61806.331311787144
91286,7701.543828485306
43893,68631.11439897165
34436,66083.69048977856
120426,3551.8029201831887
71684,7861.184213904813
112939,23993.273712888556
57594,35191.62034250476
35629,6722.120339605005
137292,5014.191845056135
121931,97363.74597752656
67410,11543.858540848256
127020,4087.1381930765037
122781,4399.356014482985
14894,32253.548084010556
69983,21968.088953816252
36519,10950.913265804527
112543,2997.6472195448473
39908,10903.323168118734
127608,25723.52524968608
124693,172268.72533681066
116922,25297.65187817855
77348,64089.739282843744
140834,38281.652513201625
77707,11326.94405778193
52072,25691.30742676782
144825,107656.05031784995
127367,12107.43665255048
142943,12752.440387925966
130714,53105.956469687255
91299,4631.0157859668425
141480,994.0853254787534
7483,110491.56953191049
51596,57337.60866611524
117280,46525.08541863042
132327,15180.945879724895
71413,17790.58403157665
136914,12083.349724651867
90558,88470.35993496442
69826,23533.27472129772
8344,2014.692625646327
115758,11640.602497685297
90496,4493.958956425062
12801,3395.1597622083264
105882,9309.664023021234
115625,103821.41610667293
133773,92729.60128596971
118527,11144.789130818037
29639,3179.1173755612053
114618,19875.83645051663
111398,5924.636483059581
83269,45270.55635797116
144286,74464.67368311502
104518,16815.018899962568
3037,71657.74969464712
135627,69940.6901348906
45263,9871.703405045526
111453,27866.79607153485
82585,44534.866524361234
145343,14118.228131671154
93424,146690.26966130256
86355,24557.07636029961
45287,14177.888121022497
76268,10962.391006894979
18566,5522.171946814021
64773,17747.090870303706
98155,280458.96485651896
16536,21699.643652205617
36462,2063.270106479795
28088,6809.70345966459
138611,18614.80844232165
95468,45897.983100881975
10340,105971.36399443992
39305,16343.90775709215
61966,146747.72544352006
50853,13762.274904315458
50876,29555.192088168278
109428,202785.4530398958
29917,13629.595734223625
36591,10442.48602220352
104726,9392.149098990087
52522,5990.725200923605
119768,25513.609816716755
48735,28875.2532567135
129885,10710.390348826044
112964,59102.64055356214
29658,61616.40138125197
81741,8439.689261210777
144492,36528.07264795402
97505,19393.548872031497
56484,21879.93471213831
142822,19530.351862865107
39077,37154.384891514965
61423,11687.006067021804
46557,25144.06098756376
128977,130796.29767799562
31745,2806.9346708661656
25626,115165.27236617486
90056,27856.16551438922
78550,6542.893595568095
104630,172607.35557378066
50575,31735.510983681048
26436,114981.5440081839
134369,6633.0984222669795
59019,12326.63248353123
141352,11038.712017294478
44769,5134.836048262512
95058,42319.90990502184
61980,369235.88187507173
1160,91131.03437909663
79081,12020.597400578448
17993,73325.67710692041
21751,115344.50536439025
45411,19310.307496352354
39297,39652.76392602999
91029,82379.07893377324
75626,80344.66842607503
82418,41672.1310915305
36557,34084.316473849256
127441,217281.9402816649
51834,39469.88887064313
74905,55263.603362484064
14112,30447.004670481787
126851,60543.51510031307
116810,42935.0424492273
5206,10822.055590434375
82069,14947.480557440911
4903,14228.70196695092
35630,83894.02411943006
66465,46172.13023906061
100628,24192.954237628514
14417,24771.20231725403
132061,30567.893775497425
119977,10683.309592566471
51769,285048.74029111664
99772,30745.05388612891
5676,1357.7193555854822
81429,18876.8704353184
76023,4370.234461920938
135956,70808.51360033297
30383,51326.38615321933
102778,47571.160875592264
24746,38914.33930090655
76190,61297.65536943195
57654,7131.423048266977
81751,16708.109190363608
13040,2745.793466085792
83044,9280.38645682972
55787,23114.76621393327
57860,31711.79810299987
13090,44148.133272268584
18080,6093.156898036365
144720,162959.1504292769
127156,9192.015120075646
93304,9656.01947705543
61434,14977.266951650854
98888,2944.7129252235886
125388,9816.614667202997
45834,21395.49063553036
116073,61560.931651798644
147604,37239.0332638563
15755,9531.655293504822
138196,15342.179820041732
80373,1969.1814932660752
59376,7106.41305401929
5717,115226.1063340242
90734,130706.31122600164
89541,61005.92024802381
28845,468575.39730189636
113700,6957.766419662982
75024,3972.1686145688286
64090,10456.46050287445
22744,95804.16640964049
6951,5908.3208234328795
11393,6280.077483826215
133092,55795.99397709921
14070,3854.5492817859567
94285,143002.08214104944
64800,23284.759214415695
63747,2306.5083905954825
96754,27707.44301982887
52443,67289.67116424034
83326,28984.071638318295
32736,4178.909653786435
38491,7469.764252948763
122527,120.75043130387877
19446,125191.81128329306
114821,19775.602479474626
123843,19735.660856572347
89227,79736.156574049
116536,5092.957835244469
81063,56196.49115463215
104074,23684.751879496427
15655,41670.91476541536
12079,30530.590160556134
13516,31064.546564350247
54936,6678.288798026171
110581,5476.122797098161
131718,47787.07892663476
111625,14245.26915240687
99774,5015.9083536953485
145447,62842.28904627991
116047,48351.549395370705
135033,37884.9858752147
56639,14078.08861347492
67573,18171.213515707615
96930,44089.907062528604
14377,53876.84820795723
102082,97560.83347989409
62814,3611.679295482079
45879,28195.121103487483
3345,1953.1348132638395
65999,99341.25093994185
135768,112232.14316908208
125923,20147.506722414175
25362,7997.818545974458
127427,1786.3527888732376
149378,98696.01965903796
22484,76835.83941176992
129178,35927.92462111011
75019,8724.493438766596
144798,8027.590391956188
2700,36179.246175009255
25486,10353.14410692022
125169,23386.30141266654
59276,72343.76963662567
32006,32213.432754684123
120953,21464.818754247368
117622,79200.44720098698
111913,6803.521308602599
72869,2008.6720215502273
100334,17782.342733508485
46554,31776.303481838644
270,24423.412132550766
60762,6325.347827669557
56608,8571.634886713928
125549,31735.91282988226
59064,28470.453138843513
92442,47115.691412304295
24654,1841.195832141077
16312,10438.475482301066
144396,41166.81458842119
75233,162283.96352027266
22792,43308.757534192395
64005,96237.30909701642
69001,44915.91958097762
1652,4920.556611940319
16561,62191.30248232874
132707,6457.041339020632
115295,43693.210023094405
114648,6111.795876752624
3434,30345.81277765377
114047,11496.49566094833
8488,18333.538318078943
17459,51454.294758979006
38159,9901.081074682654
49460,8799.951059195972
59845,15692.703991975397
127856,17535.144562868485
48613,17128.54813545247
120691,20967.768059695016
83912,11831.540579979393
9809,108629.24927223855
32762,39988.90739179188
20783,26034.504882369205
41340,125561.5094166594
122897,10686.95736635381
3606,65787.42200097676
10424,131918.46578577303
75558,8649.447627868929
142516,929.8984123552369
61733,71745.27072580914
34519,8506.050076259993
54385,1083.6432032146895
97802,80692.51742800468
70258,13262.615141540291
126339,45496.710629667345
49614,17620.627849537846
88601,26822.897718897046
87038,19189.617913002996
48047,45300.918456641106
73839,13317.516918230674
4987,16111.104148001723
115981,55184.70490014517
85137,11457.958099418478
39763,77382.46219725456
94231,6907.913557494857
112467,73716.9878183626
54556,26748.761994630393
123060,17327.366007850498
6170,4504.282307991833
114449,34222.208437981884
58124,3899.3653966814036
105653,24044.07624885187
94559,9078.322692520398
125679,48251.4024010251
17834,49334.752486396574
43849,10096.687503776677
135557,7754.83427998106
95845,37484.072284053516
26699,29721.990618034877
6066,10092.803794014128
31193,147127.6899951225
145890,102588.61234186031
142039,51288.17085591295
102596,3910.311083570305
42130,36256.46582818574
107262,1741.455166054314
2128,37827.89399337734
27949,143573.99095533366
2725,82251.72267496261
114044,45112.3517987209
50797,49180.149310196546
44429,9521.854993384337
18700,27662.766758659367
6789,14246.76894612721
137815,9967.089567318473
68197,32318.72126330734
93139,86920.67482062109
148133,68253.07781557651
93447,22200.69983390613
100983,64108.950256005264
90685,9836.219285072373
140659,40078.01955707277
29440,31492.092091713715
105205,6494.694820113066
76067,15779.953628958727
146411,1882.6388226898443
116448,20825.745679768144
112914,77215.21442953727
61614,10626.845978445093
76780,18661.772842948252
110063,52041.79585861246
4043,63951.58794147683
76477,29255.811828040598
32610,8072.802598898757
117491,5976.502421954423
104177,662.7067534879762
50302,31036.336457869464
72116,70685.54966755531
67120,58465.26566535288
102652,18385.75264686998
142483,5822.684284292708
143247,103602.68677522175
105679,13550.053644433703
46754,118927.50487209654
121020,20405.344208203325
91508,3733.1850973558658
91639,3333.9239801046465
63644,20057.276347921696
62202,45318.215174138495
27372,52673.36989134375
13341,16140.767328082911
65421,87528.20488388395
126322,15502.020207861338
78193,31116.852558562197
26412,28371.09618184882
70610,7874.799517118321
130795,21431.14804996949
81934,29129.400296935833
64721,15043.312182527832
106910,3630.8071838677024
109225,10743.447513082332
111740,93305.35902816165
1806,9494.067625943455
16893,54155.77817085419
51067,42698.10263006014
149774,51535.25387616352
20996,25468.927878165676
41020,8640.87820603914
41537,75277.54953879498
68734,86130.98409338202
118396,12927.678310082165
129574,8361.760506439852
115525,44717.155817958715
132292,8056.292653067691
17016,59061.58596329031
1875,200426.20653846854
57870,7905.1288809384405
135298,23016.83830839223
122161,14786.825169610242
60971,41284.925346029784
135577,42102.02609478704
79017,38684.996209743265
93629,18830.467022266203
117237,12711.841186887803
137170,39125.293617496
66735,193576.40177973488
39528,5785.071598865283
61043,14391.553910495772
95926,16072.016348276913
65638,32421.72588334854
104548,39445.24491824968
113925,67272.19832861383
63401,137182.77413274185
82088,52102.713540133795
141771,19798.876714628925
95153,375651.1170871538
134539,11487.286465283618
89484,85870.21748427542
110321,895.0687252212914
40000,8036.857456655078
120254,8684.620166550823
30450,33965.76166068921
103736,11876.865370120951
14450,12985.345851567527
33198,203843.52174093894
133844,11846.58413471621
18748,87506.18280449699
72161,29665.379636341844
90540,18432.39628805587
40531,21767.289659402635
10561,137506.908266161
94710,14780.238798057268
61462,25794.600839989387
145289,28745.230839781107
18019,30921.327148514483
10167,40016.79506411664
93598,3908.9602201398216
18332,3884.2268871248366
82752,24735.112105768876
146399,4881.2528913346005
43521,75690.3341204737
27881,99055.54621258774
90611,28597.404318882967
18577,7614.322610724728
11486,13713.42156834928
145974,163672.50426846917
4024,1323.446423286458
121737,6400.284426827516
111607,2188.634418695281
129920,3052.094112039541
30953,65083.746008083945
52518,94304.55758960643
33402,23033.430229070458
81733,26709.0920254554
117248,127695.2537697126
85786,49118.13165526063
131265,93593.5091849027
29102,121501.9022517167
119952,4990.965626932252
136501,67609.1529176029
26701,114661.06944492865
132191,85452.82544451032
83198,72433.32133187258
84163,33380.49969641291
85082,20969.010984921537
135469,100738.1580498725
68463,16719.919609431785
49295,25792.23749638641
99248,18885.591971432492
70803,20863.88204915668
50201,1509.9450840128497
85689,14232.879571306277
46425,31522.83090917711
128454,25370.77732198379
136667,22979.792459584765
70663,20951.989381279407
50022,24845.77562537481
78271,12813.289288723643
21886,14863.64571064123
45540,38103.63198663996
76980,2347.1914054843833
139433,34088.56104886097
136881,2832.4075061506824
124724,105610.68334574805
35242,44835.832533103385
30496,76359.36002939915
95521,82544.04908371509
43838,13461.152690321298
770,22845.08883091269
108134,8200.829744447106
95375,1855.0027591195424
3230,59629.27484095903
86699,5481.349049949538
36029,6218.993543152138
55486,35469.814976731795
132803,2255.7409151502998
24638,106212.07010897022
4694,6075.074748980081
15222,130867.77395327031
84733,16384.97782562916
117933,62650.75906882106
71271,10348.575857264954
112412,8243.166315714187
61237,15358.701115936292
33371,89730.08188567116
90492,102308.08739766004
81939,57951.70001999289
46470,112991.70640167754
43150,23931.397225003442
110070,1987.3546856211244
97630,14097.69102242528
39290,15673.146297279854
111008,66837.5614325852
102999,5000.918974029645
135685,15911.029975017605
94373,36673.038439410564
47575,51343.24731858085
123966,10948.533511062224
113950,64645.73213091072
42539,5659.875431543882
129318,77468.36623829902
71066,118024.78566352445
46737,16875.403812393903
32957,99396.35414711572
93874,21133.102046289583
85262,10589.310063973811
84907,33671.32942327148
22293,14298.870713822216
149031,14026.782804609858
142274,1752.8952187597542
73936,59515.805766969446
147551,21010.862052721746
52036,71369.18774215884
104527,176776.5178730822
29320,47846.43653972253
140045,52170.38009755389
40594,20974.3947001922
147850,7129.665770349383
80939,6349.197868302778
149228,83770.71111815945
88543,123298.70333225746
50459,45191.45138537289
90478,37136.18172513795
27997,9975.12821378469
70037,12921.308606337689
586,10993.10864109729
63422,96963.09348522927
121944,43755.46465895178
61082,50319.70165913565
82041,66401.94613830592
88512,52863.059356014746
120112,41577.883131389346
144145,95437.30120385463
91996,12298.869344431962
89486,14391.474736577948
24769,22100.33687439894
37852,16681.519513175466
61646,19788.22742972817
102294,8902.779881297542
76757,23214.509141285766
19478,10531.345548375357
76645,2200.391900779507
115460,7927.031081822617
55402,70113.63909951116
120046,11224.142076490061
34154,15543.466855705705
27952,759.7179345826897
88042,1558.708527692779
69546,6149.127501328348
47488,25550.880779871797
87474,52413.99931340449
73470,39648.02890507066
129213,5009.091321116571
57039,60775.947894330326
21652,24422.05675457052
133301,25773.811164332732
62471,30047.023439732904
85398,4294.658598393129
110653,15814.025514764933
66406,52939.31623682101
114182,4183.921591531508
32633,43760.27306783025
119287,15742.906248386334
121525,57591.80101450024
41687,10137.524563121051
103907,195446.7128764107
69184,4185.396787882917
14345,90596.7677438054
52899,148324.31977006764
104806,22254.967808829275
80673,31775.211561838656
38087,1507.2320211038812
114483,318.5997282333093
129803,19290.167225115314
58424,181997.35542029294
144231,17200.067918728942
18460,6990.058013854735
62352,141471.14021368884
91922,35293.5618108357
63803,150566.83938054353
106705,19180.312687493533
133032,3052.3419901723537
111682,8788.952122020943
110487,16908.278952842156
43592,2443.686580341899
37793,19046.410976163603
107195,30392.802213464343
88806,46179.29150630145
35962,51177.88885433993
70410,15367.455981658475
98986,6539.6956942243605
119753,34193.436306934476
143087,66571.45078672386
128220,7909.038559302588
96636,38592.33314052664
127975,44791.909306286085
88787,31283.55448019128
55239,77132.79039429074
145003,28179.493574364984
57190,6140.512508471757
48514,23065.822996097275
148421,105332.66172195513
57395,31647.37727003016
32109,13288.60165191255
135082,45339.42481727309
103468,34817.546479676865
73375,48804.047215980434
47707,40519.664800497456
60658,870.9626948391863
47432,6028.248476657878
37779,16767.741721989245
117068,3911.2849738434834
99336,34213.20664745275
47617,4865.275037897417
14958,7061.941243254981
55820,5176.409350330625
4952,13324.740611298663
113478,91990.84525344239
127558,7894.447932285853
7846,34346.91630712582
49013,127400.18641751817
21195,42649.15305314353
73923,21985.332971828375
102293,17222.51775739746
54957,13982.730082595908
47395,1452.7636345295905
27246,132089.38301023233
48771,5431.058009065755
146902,39419.99426814653
37473,25713.599888048157
3346,33490.19375654444
36879,3394.061976049877
74342,62583.07140269346
141539,40934.74281117559
60953,40705.80847472177
140186,7318.189722759889
108710,19766.437657590606
59802,111284.83902399873
25110,31110.99132732334
78837,10638.050392044746
6752,6304.422954123011
30129,23519.415184118527
23212,26940.258168166518
86364,98582.63003553958
26197,53661.755328505795
110607,25852.34211253756
30571,64256.646705081774
91628,37459.05942082467
119669,85597.73180426576
104634,63198.19599064669
136950,6054.006980011925
50405,5654.573992906098
90604,57135.68977127949
23268,23986.66586047535
90947,61069.95124400424
96194,3676.7380453992205
20968,13696.782630711912
114352,6064.385157420579
101395,24002.841238177512
13768,20943.6250000287
78572,1926.436162921071
123281,27514.653445926688
133815,3729.503661170275
17769,5134.8859832756825
14011,23264.44992835768
112852,39338.39266993644
76915,5439.139567709286
53510,3855.7732369061755
147390,13143.280532053783
482,24772.997486281252
1373,2887.1273603878667
60378,10341.633300459029
22659,66641.68263751168
24303,16762.433656681966
65618,24018.61617008908
106606,16854.913479649236
25500,13203.557895729155
32377,5033.384210657432
124627,30362.071760251376
2418,76686.20100248892
49837,4433.154292625829
53695,3603.5242008775604
108913,55037.202602019635
93258,11416.092738923675
33532,108102.84746835167
83244,4239.568542255142
6516,5731.324308241781
36214,89473.36309071188
31383,19447.105001763535
131820,120162.03655909593
72071,5954.33073578432
123886,44377.258580458045
102343,28339.461513581984
93135,41908.831934624395
107070,47705.44396795312
65637,40386.39359764906
40454,3417.2131224362442
125648,12196.711876628586
103406,1512.8604782871325
63790,23237.07771106313
42544,33816.36455049108
6682,10112.432553785431
43791,21200.954282418337
85062,136836.20620680045
41562,94619.14025510653
109112,21787.12989396009
107577,9461.296791380992
16719,4951.4913468436725
68274,4910.813473969678
60617,59782.29169555728
33911,7719.764479893701
115234,6998.690894141172
28688,4093.447829034454
45036,16655.334557129398
35115,85741.69736685936
108795,18461.630672436786
43847,10162.555047053313
130844,37460.780889941314
103509,141657.95137562905
131864,21893.41962707021
138221,98704.0069726712
142259,1933.3454787957994
681,12111.789351255833
144954,5260.545987612099
30329,28905.191514980328
7033,11866.839588532375
2131,2185.9018610513995
63542,2607.8541600822477
93918,32130.70985261485
5608,2690.6910241688533
105646,3537.4683372170157
57007,15200.172610214897
136230,2400.7656256695445
67162,8294.725037996028
44431,30108.821868605693
53334,14739.757968506796
118832,17223.69263449874
146404,39755.77744750659
49867,52050.32873486945
19481,23712.150842348907
113817,51794.911491556995
7659,51667.16375066896
47849,263940.60790958075
113714,4893.240864849686
85570,34855.29126174284
6829,57910.18323402262
142815,18736.651703401003
148583,12386.395135519422
109369,18974.80342817037
73986,26329.3920347947
45986,11632.279484950901
70930,71555.88379746373
144640,21959.513916131087
82314,170623.54947584574
132371,7537.544801849028
82893,3095.635776592397
8632,96955.307182932
118727,226013.57843052092
81509,5444.1197634797545
57779,32522.325550839883
11441,116630.73995833243
24469,9373.18747457598
124008,109699.32787409583
66402,42658.04332635251
106793,54733.137565526245
91416,13035.4668318179
130722,52498.013312822324
44899,10203.240881564969
110932,11741.22992726564
22995,124833.97482483472
139714,14689.016116531555
16918,52116.3591629183
33868,33802.401662945114
65594,57270.098986753976
46659,13752.463813457278
62821,39945.015852119555
133566,6161.162049127311
66180,86595.28855835985
77821,32738.02436366298
34521,31548.107378670295
96503,63968.83572265999
109893,27763.799603251377
84271,40756.49574114791
96701,3098.244872438672
105472,65189.364439856865
26610,10617.792508667619
11854,14842.058552525108
119240,61610.473407986254
111557,7751.788131951263
41956,61199.51933832116
114409,4731.434316967351
101755,35438.3877334215
60964,19799.229739188628
65451,4432.677337434601
30591,35179.65503029135
96018,148161.770531189
147214,7647.348796765263
63381,7098.386689869569
143072,3702.595649719314
128301,11630.237750076101
1645,132094.65119026555
57940,54304.87268644338
60019,27731.750277042185
62825,98819.23821550346
147685,33933.32683893228
128192,76085.48100742407
39099,52771.63101235983
142165,17429.81135306277
44653,34949.29252168186
56892,4582.8801259658485
29286,5281.937868988274
138553,1959.9380608540246
66354,36904.74584205738
66299,32557.813107959042
131562,162535.6004925152
69965,19251.112406801556
78383,155397.67101776585
90642,16071.157344499954
106038,13603.128469161315
37970,4494.609930963385
33556,20202.835702372522
53617,8638.731923765294
107209,10057.345411821298
149540,27682.647255910684
54898,2580.2473543825176
142181,83356.33442483156
71642,7011.778444758267
127678,6855.409579487487
25184,11552.977118634517
30694,2866.2551547802004
91802,89178.13636606245
121044,12274.64971694862
21765,60075.3799262084
65527,58770.33795203855
50381,22437.6426079081
34273,226859.07726383745
58616,54055.031682170986
19137,9714.488985312273
99889,40033.85062708739
1352,27048.492458995577
94812,142135.6552663811
28218,26242.045185302944
52347,19369.59654145012
41685,18200.24892744646
97550,32146.48688365527
1953,95553.44716533346
121578,3866.2057493544835
130701,11433.70232021808
73746,45412.559636016325
73783,119301.86277807727
65567,12511.767378702752
128043,29226.05660657452
3950,13096.393657684697
117640,91642.47549824177
63278,41443.40092066081
129294,103589.89827574257
39814,31821.361357409845
43696,46243.91122526095
20650,4213.335949871684
29246,5574.840503496259
12533,42400.49752654416
122904,13014.746026087081
6676,56695.89405734822
23575,11550.607828397999
69407,11540.432180207285
101172,41844.73354995195
112769,14214.385282649599
18497,6201.600052146836
142641,6350.094642308942
57038,6451.8197178002265
133058,6037.841596689593
22200,65378.652049032185
127508,11073.738238196056
73668,49108.552381311405
128527,6521.125553353806
106294,28184.447481261013
96254,8136.21222622074
18345,8114.341413275341
20472,29038.5173264685
9251,31123.84354411452
30326,27174.240210694592
141386,20898.39744614589
9209,25087.78831751065
85711,87324.17077633299
73716,36911.33857666973
65855,17110.169154572184
24084,14277.170440239446
30167,10663.920584537407
22223,85652.26504762685
68206,33258.57791450622
44360,2028.6254841756233
146356,136043.88392047677
63529,16098.682043629507
48423,43090.18693653239
99952,6028.3086155513765
84500,9501.345313200527
11264,28370.55857892144
732,54718.93797441265
16681,45031.5139915693
42146,30655.243581699386
46915,23544.47541144544
90650,98867.71482603389
62087,5051.975720198521
39919,23352.38076449121
31889,7784.617294356932
110075,14698.260234858408
44159,3245.4937775353033
147675,9134.027650228125
127983,19684.428027030175
136954,69508.3352662134
87576,19131.458666590217
833,14633.275930029793
148166,1194.8917776577691
95324,1880.7603400134572
10785,47809.5682590949
80801,165364.88644774765
143972,2433.196083741501
16788,11516.715938142963
56972,65334.976435243334
91461,9094.133610283281
83374,1461.778334412815
136540,9002.949202465334
144938,41797.882450461926
130600,12121.417760536551
15633,12180.473125731642
21859,79838.40576024973
106226,3199.344535929805
22121,39237.97368217162
117633,33482.79867054658
6083,152060.89239752732
65119,2866.440788128516
89135,2516.6745642693713
106409,104838.9572360925
39057,5259.426916408706
39084,14872.814985717632
43668,9464.359042846512
6873,5872.1416726392345
113484,84862.79375809123
71005,9256.340342916164
51504,36635.34984714934
55001,14041.516776746563
90369,15775.460087803294
148319,33355.73752467098
2573,10583.048237957031
66992,9378.524960125378
28129,24231.88260018852
127687,16405.484324000085
61225,10989.218004050837
54795,204183.38075216667
101201,33847.923979590894
4650,65516.53533887488
64390,17531.636711627227
120902,26718.659792593968
85533,55768.01429529352
126646,3040.154540160547
38129,127230.56826386029
17052,206139.16219599335
13959,43498.69355823025
50960,29270.299721675165
60314,188220.7624237348
121359,22350.009690803196
106144,14591.017114030932
15036,32175.6236732758
100810,109050.63530912137
105417,48736.7924969995
29770,38796.77292517393
48394,9785.78205671109
22720,3328.986110935094
129660,4066.306448215868
128907,10443.200196278758
104631,14527.749349971502
54382,58859.68860425888
114290,10385.703365699426
12185,40467.52602853957
21257,227185.84939461737
105772,6420.381248094453
120114,116130.1770448958
32279,14866.547685194724
131055,50010.86623623696
88950,2816.847250781877
40877,436284.99262902566
116767,52763.94235225634
74602,73558.95967394373
2225,37184.295298471196
75011,9932.898451476169
77205,4650.314224568367
1589,14271.796903458488
66347,16501.749332532807
3637,37837.194337262365
58744,33167.6918728577
53082,28698.62251357013
79089,7547.865199708533
58234,11269.000607092294
64253,183770.10051094575
40592,39736.34545041931
109864,41187.69900700806
104761,26836.90553124466
130814,14076.091175515769
66527,23001.31203591104
27045,140162.24723646377
78406,55333.86558121417
67698,103510.98596397511
49540,32054.420032173148
121053,22106.42908122409
66038,32648.110671046554
1803,30779.81041424333
119493,20868.99931148215
31981,4618.565116178182
42595,94998.13433564606
127387,190366.09496179846
60580,29972.1614114271
56080,109174.85847905533
9467,82549.98919286081
116019,25992.460450728053
124583,20756.6002015063
62695,1962.2263481138152
85754,150315.34914189918
45693,21662.36644488263
24252,12694.002209187882
141914,27059.050093595768
4977,67429.0745365912
16951,15707.675796315287
106525,93858.44903536735
95139,52011.33693158419
24326,29792.728725028246
117067,16135.438907083644
110507,42462.97247088069
44149,76571.50276728767
43747,27499.140543006448
137289,20194.606083733444
134441,9180.145731375398
103670,24598.308773673954
105284,58613.921916790554
80300,24225.50550510833
100863,12213.744006403802
2448,103150.94505108322
22825,10834.64560921352
146361,35565.01899716627
106982,61856.34671938649
128544,46727.196805734406
147179,33690.06432776029
145212,30485.709210208865
91476,89480.76454796451
136333,3651.6482892741697
47530,19479.829583683546
93879,31982.68877371691
71956,15680.545780097074
37572,20469.270606097758
71414,4873.077839395618
39520,59606.55531812265
73163,67366.64815448452
45578,8439.582681476284
48655,18044.310409459395
95697,27575.243529932486
33258,23527.337810584155
51245,12752.106424012096
105935,33863.69671005634
131412,182519.41896082042
65216,10221.677783001565
104648,8329.663287236413
141854,12249.081863207299
119147,33024.968059935214
122700,16666.434086623405
40362,6736.275558024958
106206,69862.00322593923
145231,10656.136941193967
119160,7031.372582961205
30282,29598.246184905147
98926,193452.4420029877
71987,45327.47051985207
11826,24094.055088140867
104854,7868.643878818928
100734,11133.576151867968
98733,98138.68433461206
127932,103057.43545879479
76801,9887.80813342256
40374,50247.05176111228
110015,20849.373460475657
107679,37111.69648626221
25969,22100.186783182402
85280,9093.084645928291
68521,10034.737559509917
38232,34385.058070581086
99189,134327.96038042783
103466,19233.281830439166
132023,21224.540993307113
142970,3477.4534601779155
64585,45889.32813295786
23614,10509.128794923818
124269,15699.48755664647
83210,10811.665644331053
39860,174111.21386043826
95352,30693.813816883012
147327,48291.42769932883
111382,86295.11058918438
91986,1567.2970056308563
40495,17213.837635954522
134116,12570.387853051741
11018,315.6258673223037
60848,2230.9484379683836
55007,6479.169083986889
125128,51731.926092651025
33665,82897.89600452816
54273,37118.05881276824
78368,42475.038037769
135604,63690.888209988814
119573,15908.166621917853
105765,19231.102224322593
43412,34333.675939224035
123922,28750.558702670474
47607,21959.166996387383
100612,12645.803848992644
99559,65294.18609531212
76638,81353.73102859827
123131,194968.47669891882
3673,6474.784077653007
146734,3510.242178455813
21445,132759.6851723786
142168,7609.197181747854
147377,6223.486339235375
68010,5990.811458347901
27133,11500.385190930534
3832,100927.68877329378
9471,167749.27542928618
100846,5610.338457240028
21092,88076.33273339126
14963,29953.53213328627
27573,3229.301817726054
82482,73085.667407517
52201,4827.775849084494
108971,23730.559635508223
49322,106704.69090590508
114985,40971.34814122895
129397,31500.66104510078
78036,5297.525263782302
67438,18739.055276328203
20927,9088.61213888487
105022,3533.5534695372203
71315,1212.6478283235865
113294,4205.342193628209
91542,22588.436494825994
149242,11390.082229889686
30975,17950.557735591847
44319,51993.0889695239
132498,6289.9040530642205
124156,38426.41654068994
138042,14941.417499060526
9147,105721.79515553583
146548,156473.7753481237
57507,9059.934382354126
42333,6180.315791365677
25733,10835.607403517299
148389,28724.704783141733
45857,12436.31144349257
71445,19457.944976278686
92545,108625.93818143176
125997,21023.156737554844
16862,6288.731761279501
112141,13714.800536293893
52137,31224.12053818537
103234,89420.72052171678
98845,11550.483280069331
13083,23252.69395749015
18584,77769.2290377788
15004,9006.886135753808
5397,117969.09910798684
137391,58122.01577051582
62756,6466.670024087321
6542,7016.588273283818
96806,16094.95496388122
126037,18875.61311777547
51553,9188.224475422769
148696,9899.791850063184
81371,53467.64426198727
45993,79065.72219663765
17767,115337.17590511464
84323,111234.30076971209
139171,30500.561386469984
56464,5727.6745449017835
125229,72898.32783698826
111156,9976.019701084992
95870,32093.454991602866
116715,5411.791543615637
35719,113626.82249642588
10225,100113.81945126526
26397,17793.988310750632
43327,17943.959341655074
43968,126701.61560025258
52670,3029.1067501180055
49815,42464.82628273231
86100,37059.83316651222
11509,2390.141922968765
103549,29180.365834334356
13944,15613.492069930464
102398,150127.5028506945
144210,3238.1877349213037
44293,18232.68655885455
31939,6863.994956858347
148961,2707.4188883506836
51288,23437.448620235682
133739,11745.61598006719
61186,23353.36857180037
6577,21836.813877126533
99339,25712.004210164505
72126,9128.736370483599
19722,3838.9745636556245
17141,31693.315738299305
55163,12345.295133370151
4359,12137.950590847557
73047,27752.29315306778
130199,189532.8081643541
5267,37618.12865535
10025,178165.38975785556
110546,15752.834559838737
100519,7856.916656340753
111176,17904.42605303825
131519,16867.146310536617
56247,5130.679435580061
74757,12799.309618385152
107335,80516.19265733467
130,21980.945635986016
93254,49079.60681099459
99723,3512.9123981710254
40128,60319.239959154824
100158,42364.484921608346
148161,49487.77905972758
117702,2924.256724958857
115419,5665.386099976839
9878,6979.807148804875
123676,4581.554755570624
28667,9001.361004225733
81435,2648.8210681296787
134044,23965.100730331324
106766,16513.02130524428
99632,46884.81383035641
118791,44361.313147505636
20669,34008.55583642491
80491,4817.753122994176
38454,7937.977702900445
96557,29162.384368710293
130345,4177.17040177476
48096,214859.78331076383
65487,8032.426201561714
128479,40742.67019064585
21418,64047.98658934266
46199,27655.629928871655
66152,90828.17117318645
90403,20697.797928287997
60458,59802.42597188515
104683,16160.76321212513
26930,4045.1241523685594
105341,86764.5268335579
80061,37053.595439332
97633,69949.48008736274
86432,4659.098345254269
13656,8979.0006365594
98350,11965.808173529836
120516,12301.556114285417
141741,7277.726776783449
61074,15822.08997660153
125633,6293.045377157852
101070,22504.672811379918
68687,8909.144216269262
140190,6321.98558080853
36751,32543.26580872234
76394,10937.24164510022
103024,40404.51779261877
8301,28007.135591871673
59840,18951.464667625627
52008,5655.842918673515
19592,12280.571299474683
115997,168424.3926816176
25746,15942.938314695499
123154,13446.156302387208
57894,5640.721805504367
98015,41592.12114640171
69032,142464.9307849779
56083,20559.320986991195
146107,8482.103183307207
133834,71008.0764376527
46141,22350.034462949956
108305,66276.6995549025
48684,23027.850224236678
6625,26986.615272670388
74343,-190.0852132419572
70638,4753.826596342057
118145,155712.60160150623
68405,101206.0918034721
147883,21405.195235360923
127880,10542.832230589687
87882,16562.934589286513
18287,7355.937195418788
46508,137599.2406156699
118828,131722.73730477013
71405,103585.02881349142
42590,15363.606306237847
52104,847.9882360908186
123328,163712.59270966618
55710,15029.196777583233
99916,2684.2182560034207
79811,52506.08187597885
113649,12229.173134516506
8692,9858.808805518474
83717,6151.20166526566
13552,32162.143961260143
4636,95238.23621818592
90978,74992.35612425982
23023,94951.14589997879
102278,5286.272973864932
60051,49001.37502913812
145689,16094.384066995233
130450,18830.000974259725
92347,14920.883508362269
97539,13808.894654612488
81083,8182.0402677868115
38505,19896.15290228189
45896,1624.5307840627581
143961,5937.356284317375
149538,96142.93150259052
13949,117349.16003771941
3753,39886.028050005174
120920,118701.00105657321
123738,11515.309526088102
104370,22849.967265581254
90598,49537.49993739239
28061,60540.22878915645
136434,1687.9312935404632
51054,53881.097076679565
135430,16221.338778050544
85300,6233.280753990845
116324,1649.8983702858732
69709,3906.0707773211548
108324,9655.456799519567
113081,2443.849068469756
147083,22088.579898509015
45890,38163.37909505253
25523,168236.91648721404
15564,56884.44132772561
86631,106971.64595176387
111777,33490.63300475507
105564,20779.124379250185
78249,46602.67513797632
60667,3844.086151063142
61158,4034.2865500463795
36711,12356.495777893939
29450,34355.33263946151
25462,8439.54322140331
49227,64168.53489822394
79322,7482.003794400318
22924,47402.21841648842
63998,8241.659065700258
56984,1813.420131177126
147496,25280.710412674474
112267,10703.13376856003
26347,14863.969538567515
133389,19609.103153521548
147575,5045.349342631238
46401,1902.338274506054
65748,14698.688069224456
97583,241964.703037571
66338,26437.43629910482
29775,4263.195991910665
76631,24073.100341786114
94482,39531.65592640034
136730,19930.607718383697
9486,54890.324247721146
110765,57103.793897184594
83615,56600.148551723025
42550,196682.00026794855
93765,27432.11378132603
98887,16421.41174778073
99710,82486.33169623082
11349,26820.131537794376
78812,20053.135007576733
103326,22981.368853848595
137103,5465.844494816497
96816,7596.408783528486
145601,58660.27858149836
7225,43007.56994674513
60877,11976.558857058251
118230,107457.11233829548
55307,65931.10882763893
84001,147462.0892407405
7726,16153.087155871977
130422,26218.11841965738
137482,6378.535671652238
111888,110738.92163406461
133474,137133.39809393717
149865,17022.522891715733
101604,63524.14865986453
115003,33673.95341615672
126383,3524.8384258977594
122638,71684.34603964466
91874,29140.778639298085
57208,49321.37906901314
76495,54257.913126066924
50366,46532.330315718544
85314,3824.6118096340842
115700,76427.95241851795
112869,6887.2118772081885
19745,39387.40241940293
30078,1794.208916611552
97468,79614.23323248037
58952,24772.232734345627
21188,16192.21820779229
20196,24726.166190161388
63847,3497.4053647680057
114359,4821.19832307523
87843,75900.72871356073
60755,9890.200052174696
95994,187611.1200666275
56674,17298.624913543903
61019,135323.8433482788
33089,21997.467698511387
7794,19853.06093746525
121278,10229.87838441699
77906,57637.39482202016
86704,8609.712522778234
5638,23788.8032674009
60309,36196.52265235977
21900,46870.76646513437
58917,3245.8064355397205
88470,18391.321909615
19389,151260.62419095036
87649,16936.71233579872
105150,115121.6434817354
146233,55847.507273855445
74419,42904.478070192534
53198,35449.36661879647
6366,10602.494802908262
9719,60442.812690361054
59156,11145.162807117797
141127,7641.296037406682
36521,818.7953248075924
7863,16892.83716021794
80722,10255.106985982698
75940,10038.823441687251
107680,2603.350362069649
2722,21651.299174600448
137432,7068.704583859588
114428,22805.93511282094
32386,19062.220992645536
7467,1746.7266636323839
72432,21256.146622643268
18975,10729.676986402523
121438,564.4161404694115
105634,7852.722520461356
92935,139644.57538611122
8397,69529.58400827332
23574,6126.131782670094
136838,6954.674834450933
9449,2088.05374963133
110419,1056.0001557872679
37322,28121.07636631304
55251,49484.569755915116
25445,160424.34842078562
66847,35251.06488280694
104570,9707.902635924629
56022,16343.224004225109
77031,5313.2913356489535
64789,40032.29587140335
23077,66980.36657748226
100231,6245.816434115302
32364,63132.23015989118
117966,12658.879337463435
108800,38304.73277021959
9587,85173.14444793625
95823,17854.085222257465
957,5119.9375907148005
146706,66662.11898084708
132828,33407.75671384173
81378,72314.51153862798
90944,45972.91585612812
82070,1911.02650644041
136139,94011.78421965722
12595,14041.879801498057
40173,9056.204117017378
145953,84582.33161634623
139510,3643.774341036149
99469,86991.04481112075
45982,76119.78830640254
76171,18739.910974374394
136351,3199.084120928533
73666,170711.47227955173
21091,29322.10082369423
36459,15782.26815718815
105729,11078.559104125568
15260,21782.98234167251
54219,2555.4156014715336
102591,126562.33551031617
127670,11591.57260703458
18070,11566.167424925585
145048,8165.190352116868
106771,8570.580139030939
145996,78185.25362302338
121184,138758.44664980407
5704,80220.9810177545
51066,42846.52908145137
17479,13231.926980234257
81671,80582.69370989429
36166,1665.6510516944093
29799,73402.13309566464
132231,55543.002522895804
55162,49493.94045306056
129526,30649.14035149527
138482,102134.08507600134
122321,4087.8528948857816
43983,3868.7364456171554
50207,11243.837381413949
123152,12417.432975725762
87282,9522.512656882856
45318,22063.624213695482
55080,49472.157297618476
56965,23775.674518906417
40307,12308.001508541245
96424,5720.5311536939635
99028,8628.333300329898
30059,47347.26878097899
126275,43862.06714437464
11541,1309.563988731968
103634,51099.96114988069
141006,62679.41602152012
118106,58235.61429539742
111704,80566.8399762506
53176,89560.71516002707
107053,107529.49969469462
51182,4603.994758125323
98621,7609.086305585646
123755,62720.79285964732
65429,94516.82523307992
8108,4252.8923774446375
73266,25625.275869571986
134761,19791.01287426134
140852,65196.83995216927
15482,76360.02543571682
69758,11662.870960006123
121917,8212.425351742713
79392,4534.720487266811
142329,10712.141534226077
26484,23784.452750051856
31826,116520.80158451735
19333,28070.659505296837
50559,4483.81193124669
90782,8566.415300882185
131778,29125.168869371846
38424,120895.64628724217
20958,131888.42071847018
133994,33521.728390667064
130204,56539.333006621695
116215,34166.59902930865
7233,4954.986996420824
65366,7037.0034172359965
41029,30694.416201653352
78592,32834.4797144858
28956,64460.725618005206
149693,24232.170251355557
125437,92181.61810985366
43143,2499.8796940647085
33971,102348.26995885918
130393,16728.877410460733
119985,12907.814250929838
57457,66486.96477030517
107037,90105.61499718102
82859,4440.535817458942
70669,80722.42522576834
103621,31933.221744082293
9264,141969.18667458618
71600,2972.8511287582523
68562,55728.73305285837
19062,22592.58534634905
104542,2322.337157049637
134553,44691.55894055131
27154,8266.407727908501
64160,32141.787820791757
29218,360279.398023129
105910,8821.845105979564
70736,5984.288200370684
137900,3346.453049382668
70623,4527.31872459401
117287,77775.2954433965
36597,5950.475000623479
5289,44544.41090903258
17891,88577.61089101824
26882,4787.10578340891
9477,2092.325341616599
89381,10037.678288690195
15332,3996.0456280642743
11902,53085.07619681943
94477,22754.32574589646
33790,25706.883816961046
82939,59744.67666383818
116789,14333.993435359786
11136,9439.732169441464
11896,16731.372651939455
68322,99253.07586132947
56786,54290.79606851697
21189,3422.3463264798834
59850,13817.881128081866
101247,143277.26013352908
144095,3225.4982430479026
37571,10105.011011147124
13836,22151.58102746732
40656,125604.87464551472
18002,3449.2876759791056
127675,26506.737887649717
33118,10473.79672003159
85985,37433.28331072307
127568,17373.16327786611
57204,24252.002175893715
102128,3756.613469120728
118540,38472.07639533063
99729,11131.126452909375
60237,4313.561415817644
67466,136449.2054375341
26937,46372.743562578195
72774,4524.578928235706
56424,9271.840222886394
131165,38465.383862458984
100802,13226.237407344885
52473,33316.864967607966
36338,27656.155650564666
79063,88294.05139187298
148281,22274.430852928454
31869,2060.291483612513
136650,12261.901371563665
141688,21809.052902589814
3601,70875.71738700755
45341,10027.189765387015
86854,31449.255375986868
41059,186968.1598066975
34830,163082.38562862
83392,12568.417540816714
15744,40687.89523522818
141461,29912.19606167772
149014,10487.212569148202
134300,35644.32424310644
110770,20937.14850447151
66971,20017.264015570494
133520,18800.083126401016
97535,17210.516869343017
40568,37188.13388058457
134611,39062.833296540186
30381,39050.43840142268
94875,7912.387680324759
15533,15316.592092487377
91328,4061.7895645137987
11877,553.1867573167101
118253,85113.2268747889
129003,15883.768155681673
106579,3532.938361562612
12573,3392.79755079606
110601,23009.763693536705
147230,39900.80793453937
138116,2085.146196156221
111622,40243.31284952312
16554,15696.772714794175
70612,2342.4185959350234
91839,10261.51969753196
11152,174314.0372405164
148334,9213.043421133598
13391,12516.398015265833
102401,11959.433856113656
53190,15540.24486879868
9392,23137.85343137662
128765,84699.32806418717
126729,23751.72143552795
142320,15567.395707244488
110057,44653.464623370724
56903,1922.149517468342
139419,9522.315432867366
111012,10808.465442183899
18837,51028.64029761928
117205,6626.089725630268
1514,27207.434277662287
84655,-949.5229687673017
35167,318600.21708709747
118590,4979.795533126856
12270,6558.697397558838
139511,14077.873972235444
29647,15362.137100682095
115075,5229.3814012374705
101849,14938.742636635376
142467,24335.071351844515
101515,12186.257346571167
83700,65914.36310991053
123780,68562.93439315824
76565,5093.001280482521
113024,72141.43520795855
67819,28986.803169258295
67878,28236.82151204684
3496,16729.90513385572
116660,3854.1450319463734
92449,2646.3755041507934
134841,39245.37527455024
117723,5833.598124184789
133144,64222.06385101128
116030,18409.53480499485
96644,27570.44868791093
10726,36108.72237677584
39328,42408.44474024368
96409,6449.194582503424
109945,21881.096759196676
133027,58166.1224460939
121128,11073.977441683524
143907,35230.267949832385
135476,9063.027876242306
38945,226401.51455793245
31276,32652.455055675317
19445,8828.781198681934
13535,34549.47428392636
76946,81735.05566694807
53107,23624.87477215919
24400,8747.63525852506
137746,6460.823157899099
146825,75550.12958557319
2905,7162.55309596517
87814,5873.363536032791
143901,6908.533849146761
100640,6033.083566159691
59316,34964.9316676367
94595,4455.422150826842
16187,26060.389971384764
25995,11467.933485223413
69964,67113.57224825528
126286,10731.445426373864
76839,3413.3106258640037
120903,77724.34668664784
80094,5353.322552920503
11708,41766.05982071368
34232,14797.2995250824
93848,4134.044888613138
148868,10280.878142844009
16391,28015.577701426355
94658,20275.103438583552
84396,5764.273364241165
57548,197507.06992618032
128737,177528.1456565565
77538,5010.303491797691
123546,100407.84747210647
68434,18717.464979143817
66312,18324.07897900748
42222,9391.240855342056
16496,66925.736594002
5236,76836.38476185953
28617,3535.9771793823884
17630,1622.913463254042
34711,9912.999068984618
912,25833.280996392008
146838,13874.126628880113
69557,32116.498343494644
50326,949.8339939255117
68594,28065.364693786887
75706,5002.5349386165935
146662,59407.181701178364
73589,12175.295385354262
97066,72039.85949520915
90679,37320.34133217214
29064,13037.730611628314
18620,12526.67231632823
115618,15994.717418861454
25280,33584.51711075181
118042,27798.81554335689
94225,17172.481493285646
375,1989.7500562938271
44887,5795.1023546902225
92365,8880.069049237427
86919,21137.157009872306
62972,18100.356945642652
72252,6610.96818528472
114820,1384.5314773138361
63474,70480.82896054503
54468,9084.627089719048
130006,20330.550371659025
143522,24977.634759514145
54291,4833.705469785281
86887,68398.8657155687
36069,53633.438896581785
45758,172820.46934840595
93060,14161.907251553183
12170,70907.85883911702
138739,40995.07885665955
90020,15422.03645313426
66547,18120.12553767083
104859,12330.659293511193
72176,28639.323651061775
122418,29230.988569974776
67067,31745.874054138505
126705,11646.293361060758
111917,10717.856514188637
75249,7338.086700999971
12516,48660.095425443666
111499,25935.320521525988
1613,11616.231835488481
11709,8138.815133425296
62109,78242.34266346908
50218,82421.86080388557
49611,7797.940281333773
123402,17354.42040883534
120865,10589.566210464358
18777,28794.460185259937
63626,20386.614761758807
115666,67756.02877641708
87115,9504.117934267453
92324,3000.2462926827193
67836,45850.269164809106
145472,40569.577701443835
82601,38058.820420489516
120294,69077.23133310293
69416,25248.51437533036
63569,31326.067739619997
83113,11530.26249571209
136745,10316.71163258563
126311,1410.3529114258376
33285,2403.187819488048
143770,74233.5025884714
53766,64162.1255118042
82556,4034.71779160947
127533,60330.927081748625
57044,6578.447812265808
66908,69878.3088309736
68746,13658.074247328164
115281,66213.38113535321
100691,102176.71422124677
18193,42960.251482956905
143479,51057.85050472403
61656,7980.446443875211
8164,86941.81545672484
127339,13596.778048857579
89566,39955.635324257055
12167,33912.83219405283
28071,1320.1543437750936
146820,14235.138074057799
126591,26774.96781788634
88228,3970.2446977077384
72233,12851.311911600238
47663,4822.341567405952
118740,53846.74861903179
3332,52329.445387717744
127421,8523.282821241944
119166,9127.360657191672
42622,17922.943837390383
141530,278914.86637224565
149522,70879.58488534906
117370,29325.2651673487
136044,5352.20524224263
92421,11713.217836814229
52765,8335.937807552353
46995,28678.626169944648
63193,8418.516324575858
91313,53554.59914892205
48458,20229.282608984922
60370,36006.58211254073
133681,16379.09154907888
133338,20791.00458190217
123495,5386.423169925529
145388,81579.8706280192
82828,86361.78528507038
86890,4326.215988396282
54061,83137.09642132407
55537,49048.178217424946
68105,2493.0653079196554
105134,7538.621931377267
52822,75248.21078793498
142349,9695.80226596286
135962,5503.8741684625065
26898,16407.778729080273
129301,57913.54571235047
10476,28226.78208285917
134309,122231.84497883433
141953,4587.454977460473
111343,114582.90551754343
99492,6149.272669884741
61800,105491.10485294163
47481,5637.541397364714
2317,7762.593747440797
56638,4015.605448338122
111583,4924.14923455044
75794,5769.133763206698
29359,11692.595043201125
148655,24617.8463612795
92922,9315.265064648034
139283,30469.184385767843
112679,6300.3152558494985
40678,22737.411315093024
46203,19458.636890001457
135256,94788.1082079788
16832,15493.61072611559
133315,52230.480995592836
117796,40025.73034210493
1966,57414.855406040835
132140,53145.313008684025
139978,33370.0596332516
36666,7459.67447473111
130302,23592.41228584817
119087,64796.330592361905
28049,12974.190943261163
41249,49691.494930715446
27113,87844.00945471693
58552,174285.2390482905
32753,24303.72073555616
99539,9252.007401134277
70672,30953.891708237894
110699,32738.462373610353
66590,179477.58121895415
112648,50028.05554144787
141064,112231.71955540977
149291,5022.133088838642
99123,6264.951835839988
7486,40996.21037908281
34557,23917.615249214443
26279,100137.8094787269
148440,19265.456784143462
47912,85729.15407771754
131618,12513.364034385131
7394,6785.658065668996
38523,5689.93396418357
76384,42758.987417747325
99634,10654.983029259249
97324,7353.022372008778
106631,27195.244989251027
110825,134921.7866050515
67316,4643.154233174879
91875,8902.872648178894
119983,394738.5873521932
127515,200862.63005482894
1340,10335.691181636075
143280,99982.39918608722
135616,17433.367361794837
86752,2089.1043114253685
70215,2402.932091016093
87655,19941.322192773932
123211,15112.258167801025
41866,10850.721420855381
67280,12445.465397516697
47121,8413.01339153178
96584,86938.64935219125
31067,88059.86083900735
109176,13110.112680835293
90733,5719.958904963242
453,139042.81912343303
70630,30313.391563985566
111240,21153.333121898824
79152,10591.436181454335
58123,43548.30044431879
129943,15485.488139586381
57545,15147.039984374007
63695,22130.206521306038
79966,7149.829836142187
20568,5231.547237180834
72032,44507.92929623567
717,30130.096496336817
129152,6911.257473333826
34787,37618.007892784466
89046,8536.544026506546
99369,54794.17078903465
72632,31968.331454213934
82622,17833.374731581844
95082,10256.87512944209
38692,37242.49875959304
101532,50569.656779021825
1793,65509.77406148256
72845,28784.735211818675
32241,67650.38266897334
111993,18493.501866976927
133634,36338.84755251887
68098,94495.97827536456
35532,41038.169563420255
96634,8417.236101795366
118697,335.36476060723766
98405,7800.351993150922
140945,29047.55633875703
80566,38226.48612328603
88086,2693.398261325993
30311,75584.50622018849
143635,3913.32233368252
123931,52886.540470610635
64049,1447.518899613238
137137,8529.567342824721
96353,35297.583204953364
75733,37527.332527768725
119672,27969.733378359448
90926,2835.4383700939434
9526,26352.027188735927
64917,1281.7799911157508
37255,14033.225445022481
41188,13367.97358731899
92027,23938.70440409254
135712,7653.221623727481
94598,26259.509327649845
84400,221695.90734048496
131740,17111.599064974434
105758,11595.650172842934
4069,5198.556288858757
51297,6236.872235382525
135966,18654.183884895105
105602,167025.23742862436
39702,48968.82037830564
110256,25192.48651255388
141673,22261.776967012396
7002,18486.49457732179
107992,76890.9752176697
16666,31330.72812058737
37841,5151.908566012906
33147,40519.367207507385
92345,74331.3691713295
130777,69019.91042629616
122320,24985.7106879231
74124,10490.07204136026
3442,6766.870350742198
132921,42982.09509818626
118813,6822.355294127944
60835,1678.7010249802124
40491,3651.2293089427976
79043,2847.192697641046
73174,9016.128624262683
83160,72395.66017858262
60714,4076.9960615777127
92611,59685.50781791164
40230,27993.734737627154
49975,24038.589759356866
50084,13515.19318261195
88431,40995.42186265606
92085,68309.69330616071
2792,8271.940413573142
88435,66894.3018181145
66466,109285.5302370102
53460,12745.50369544583
144281,27430.58725759523
129244,95843.87558897329
92292,46131.82177139184
125769,48297.56589445164
107795,24490.717639465784
57639,32651.228106581555
22415,9114.466026237376
128511,21492.621388461874
121500,1351.3030925932167
83259,28633.110775685873
2032,154077.6972231598
115121,18435.94226625221
83501,30783.56803762344
120402,2483.7492493752184
91537,6249.7882661227795
66530,33834.67265742012
112070,37906.70739760054
55372,12270.009507207675
113346,131936.53716279767
65662,27837.48231392648
121396,14438.210884718601
17948,86739.5648249627
114519,18181.59010934712
47812,13430.92431239475
100239,11425.473992131292
144698,3850.391027322462
112829,101199.78700383726
23457,119866.27210284093
34330,157006.0414028769
148635,29722.01320413445
15295,30057.621256201164
55694,6075.522548685916
111997,5742.129333505767
148806,55502.126957967004
46730,130845.29423512661
94083,4688.881082506472
27085,17018.762139806484
10528,4035.878269513045
52754,61400.95363775918
57887,64646.3495119093
84430,21348.73879142184
37973,31097.019944871092
42835,14651.39033206126
117358,3405.8160599219327
53664,161626.16579757864
80860,26064.632441857637
137183,60280.59216536151
126069,7741.783752950959
97161,20533.95933327828
21121,20669.04780625961
123094,82451.05753576197
80990,24084.128060928233
119227,105169.04939812837
64488,159796.63686937455
64975,23512.542817590238
147908,113114.82793085504
135595,49745.4165581497
110359,10854.463483788319
76273,17397.792769114403
45839,105027.44202852476
73189,73476.50381469734
91778,47601.88940682799
94341,3521.0726436798377
115942,2256.8418485533466
112793,127644.6873764664
10034,53890.991114531535
124780,6369.756045698825
26880,2223.2351408157006
16971,1571.072980134389
18411,6930.069993512592
149807,5765.58726741863
33294,3066.8131794577203
132490,2878.6616112651823
101068,47198.119199812834
57194,94798.28953720408
30979,4756.90533166389
62846,24750.756184545047
57424,36762.790442515216
94031,25660.690435756955
10363,34363.40515645022
96255,44241.44615570793
120885,5264.698775801616
116802,21232.169810574498
125558,12772.556437093112
79628,10448.304180827723
136569,15975.981105849907
94354,4872.079159878384
33100,17193.50385020469
130411,197661.35688010204
57311,40185.67777649092
85813,13130.283182372852
62251,71806.61215614411
142010,56373.656230901484
14135,96157.37642782708
29583,81595.23921428769
36157,24712.3401140118
29606,25411.845147493856
77271,10562.786454559173
13717,13065.844292208429
36335,15328.180561959143
145421,17097.63453929349
111999,23219.773724908475
76341,139239.09109453796
123193,23285.325175983715
96106,4356.393725595211
52273,14034.390779688583
115517,5709.783536572141
149345,5523.954239605402
81594,9616.590790600247
120326,19462.202272265673
104414,16335.800216366166
130032,21512.733163038574
129158,3562.2221319443306
137790,193.594336836455
39005,38637.98215154548
138128,9547.314372053672
69,13764.771454139844
81082,52136.67923207418
28811,50202.7603210567
139465,10889.658476406115
138520,8378.422511882472
89911,37760.622083181064
2434,33509.12722187376
58640,25599.37156309773
67110,34135.786667299464
62226,107693.77833142539
2255,17858.728774838484
68691,16805.316556400863
10295,7727.234828566025
23999,5728.450974661549
21802,71092.937032923
116241,6573.603182990253
1272,1824.0116474667427
50923,51071.35641323109
112067,194301.07491442954
135645,5880.875314450192
131196,41549.897615875474
42855,5546.985958360483
61511,443.5036180549003
106125,35377.31909566049
137357,39151.30162058642
147887,27874.08403833788
119208,42782.15600060951
81277,7597.991745713947
66637,7446.717608365428
72369,13514.433206312377
52338,16416.441113141387
35478,36355.78174025284
70519,57791.578658861756
25225,94870.5088623455
130627,10977.550583531238
81552,112898.49562147591
100112,28988.07731448573
68951,6216.89595386755
122209,113959.48742885361
85568,10274.012540142001
46312,35225.900192357265
38947,44174.220104725566
111353,106098.17837006353
21435,25324.922214845727
35867,16917.14083452752
65953,17614.232569225864
110722,4475.903859636203
96326,76440.28161003733
147739,9472.579548927053
137248,5796.789470829646
49244,17985.336902811738
19102,291608.496565062
75923,7505.024999596237
94403,18231.526275234664
100034,2073.1159031739994
76385,74812.40052072727
94758,14081.540172873718
58772,4063.6933314057837
9557,28826.68059663013
103781,42841.934982209365
75888,5747.055030267063
107230,22900.711037346442
57981,66310.47730288873
85961,79287.92245707096
146949,20832.088652915285
64533,3529.0071840211067
114898,90243.14392422809
26949,21091.23017461337
4675,23681.838752108695
47137,19385.817414377296
113916,5772.972653587713
84176,23060.370691323544
87453,15225.729567138796
17968,93021.31003559935
124851,134981.4205796671
70548,58958.220752616784
98614,8907.512471507916
86154,44951.718845547424
130018,9074.891393950309
37333,137239.34830876766
66858,2987.531516676059
85397,16252.220391832136
362,35557.3394629502
52393,6590.381712579448
77566,22447.57477059892
117501,157894.5964649016
62042,13474.934277647151
64677,3906.4186990719054
33845,44887.81084308637
107593,12382.089838932698
144676,24319.85846732212
129358,45405.307776612266
70933,4514.05670768736
137531,8006.660718245552
43504,34347.96613082317
97653,14067.22857881465
104358,41506.57344209325
128718,9390.81733929564
51560,93947.62757892442
133309,32075.238333782356
66287,13091.174832294879
130524,3026.525876941265
112645,20891.38970779541
122393,16226.912825949006
35696,10410.598461258282
30377,37406.07755516564
78002,4768.222166406751
134576,14271.677050989414
25605,23740.38206330219
42014,5350.64276917538
3011,89299.17461684925
16689,18999.0279716013
47103,13846.425841718521
57754,67222.07436665561
113858,179020.98961357033
132985,19339.433035784023
119941,87452.24530554329
49260,22857.053712518624
12707,103024.14153603502
13081,5224.716526356436
121735,25823.4210250015
43241,76295.97252220093
132879,64979.45065800658
61054,29443.646774983426
10631,7970.992512171395
115527,111109.03130074873
136530,40059.078269478705
47307,12998.710097493327
134277,74479.3845306409
19747,100652.16335719831
22936,5997.734226246018
28477,59517.516302538905
65033,9355.997870264257
53949,20846.93678609858
9016,37724.98845227471
139609,104263.47931676419
4809,17184.39626675257
47605,13435.843221014838
9856,3786.8496597427393
135478,12913.403837198694
108722,173756.82995441963
91833,4350.494112439708
55487,63825.9698500965
20533,60998.79278509268
66155,2210.6316190416987
5173,77495.77176090456
112421,108272.82374689492
143925,46471.51940077407
136211,-1721.0414170199413
34775,1277.364858628251
64822,34673.3718877328
137901,16228.969007104968
2095,20652.446938858688
141038,8658.355868306706
139863,41288.03981283869
8693,4778.315323525589
10236,13066.593348245755
106670,111790.39562171826
53994,29507.58951554267
23497,15137.28255421904
11205,26483.706435620687
95120,130633.23884236428
75328,38523.87076085256
38724,32729.34452398816
6536,15825.44330994046
125102,9073.753964428604
21510,6017.952480592061
113597,48335.96627794061
58579,15182.738461466302
18668,29896.814287006837
85445,102830.92370082847
17073,3633.508664025941
115068,25235.487435124825
97690,4019.4131581081183
86474,10248.78877553604
13894,2113.8215165651254
138474,94142.82416062782
125479,40488.96342125286
32124,11866.892201397637
75465,3380.5338788480467
30689,103213.69011704544
126185,50767.62783246563
147210,23828.894110906356
131893,6678.339941022451
53803,227884.9471229632
105970,19800.55983645348
56964,472768.48825745744
143807,46270.556909322
141616,43938.852439751296
107391,49781.55337074601
78956,181965.03549931024
132112,1970.3130633507471
21558,3821.480908797362
22885,7630.588841468436
35385,8968.994706743553
142674,62862.7519901708
7544,12276.179519107834
145207,83606.61715428624
51939,26595.46121911781
54519,13933.465566519584
131386,10982.909231497242
132732,39215.34632793466
129471,40488.399306447885
94833,71230.54477416843
148237,74187.50469172315
91970,32430.275806146066
127067,8277.692289585853
92512,12109.37880266337
143493,9653.430103365015
116956,2533.710312559842
25422,1545.1643817291426
79767,15662.525145704927
62207,52950.91702232435
49418,13603.930811174592
91840,20434.844470184413
37928,201110.0982337367
36480,11707.196480300128
63908,15269.490837277614
65543,10793.000421362287
86440,11341.89210710352
30350,7481.331185595471
62982,26121.925105076247
44089,49533.27599483221
128360,10429.000320801473
46350,38421.79417633534
92909,4683.231336949544
75526,74379.57736820912
66526,35128.7094866962
54303,15559.320441085238
143749,113779.0508043881
68775,30956.150880836816
63308,251772.17419188365
53141,16414.921956497703
8132,12311.59122389271
44524,49035.44900965497
86413,35358.86585927466
116978,5824.998185755431
94783,9923.292983265754
142837,33725.76625098384
112656,17044.70652317302
119559,4415.108896770635
99318,15898.455973827757
84501,25922.161777530528
12161,3766.030156172767
42025,15924.017146055392
27173,46588.04804461607
143788,23003.567577179365
143944,99833.45678207399
44428,11591.309606556713
81401,227771.73870290123
76227,8110.914510353725
110429,3447.0554942915373
93040,46180.93862625658
101453,2520.8108907752935
137647,34217.221179393106
66860,47773.80529557544
49820,104501.39360143708
36782,24196.113541451166
48937,151961.03905797028
6636,24645.950971471993
121095,6255.334791393657
85146,14990.989199269836
70055,34081.76107333295
68502,58622.8125691828
75667,176012.48889668897
148444,2265.4918335698767
45807,6394.255693869936
125042,27193.139606786826
142717,47844.78044951088
37313,8836.346098530072
12643,51558.20654508177
9010,8626.910689407792
43473,36854.79447533737
108517,6443.479652354747
20645,17169.277430587234
96824,14663.534711538105
69164,19654.5481220193
95133,29833.914974172003
110958,13421.355175828965
72131,66330.0578114453
15894,22948.261408337323
98586,9563.94341759589
43338,37460.9319917011
18511,162053.0153955467
103299,12660.571966585192
126250,13585.492227255101
127942,24223.694442862572
34541,42196.81986779282
8475,13319.356918202622
43168,7177.376365359783
104618,73218.66251204524
76499,71566.2705247853
34060,21969.286065862365
30010,11871.104832676112
21372,26427.42002977805
93316,32921.37649868535
58868,28958.147222221127
43679,9310.136422508947
60341,47866.17841463319
100222,46943.22754914816
11396,35593.36172375995
132243,6954.626461647857
89010,30772.185490962787
113800,31965.659169657894
32414,8478.688573601728
117141,14332.406010225517
45880,66200.99146731383
87760,12279.254555298843
79611,2250.5952949721027
69333,42742.0480040603
95130,104055.28683188767
48729,3817.3687794246207
83038,2122.1933312262227
34400,29686.617838769387
117200,3856.6710446618745
25732,19567.590501850467
25077,90271.68724748303
96725,6843.843168240736
125846,4917.259203742511
47772,9859.94026617714
86957,22675.939636128565
53307,16200.221563800578
98372,8570.213227558343
127079,11610.241383172064
129262,20803.18366789493
118494,152051.51093007228
78119,33076.30605738006
69956,12172.046582418658
54331,101684.42850091794
32405,7236.931961580365
74314,20247.58491211594
108914,17863.335117637565
80000,41751.542629465395
149997,48686.67274584673
58173,25082.45730914962
10136,10983.899493575165
47694,24391.8809839305
25841,57466.7782853439
89748,49635.509195861225
81561,166886.51533119642
9666,51817.747971444616
146460,8498.291874402636
104555,17635.012809867458
134942,109299.86804974184
31638,13536.535467933323
122439,3376.786264369987
77895,19030.776162891703
75668,29325.09262982229
121819,8573.425480747495
124837,41385.27742410239
97752,11132.602057723969
27128,4929.241948991784
42375,13485.131675307586
95433,85440.74592473767
61078,121903.93212886402
109894,47162.81921905829
4366,45820.24478253804
72613,10528.621534057593
75375,5474.087494062767
7028,120199.56454735037
78286,8533.976553184235
53194,24981.58334786351
49560,21881.697689553188
29006,21725.498632185587
52633,177543.77793255844
71988,11248.522367802198
120547,23329.465787666704
12039,11677.341840895657
98117,11321.77559636574
43661,13203.016932752547
19899,55582.416327224986
17643,18834.068996464743
91553,1924.496970546234
110397,80731.57542432318
112,3944.4949550524216
67096,19579.227328896442
67750,12057.52425976113
64986,5142.5523240121265
809,27215.450195855712
129691,44793.11820638955
2795,50312.82018715678
85856,23037.596577733028
54257,12395.944220063859
98578,68162.87582078874
76367,22060.354585133868
145660,63967.84058102606
93657,11434.308476171946
64576,8205.85768533581
128742,9403.599530988113
142281,79656.9417217474
62459,43512.84892695002
74997,20408.84690393902
53658,5250.5972143641375
11522,88996.06823534833
60025,15177.130269542437
33179,5743.568520142601
118510,35453.11554730797
30641,178651.15110004577
50354,15282.746020329334
126011,4389.290264017076
23801,4884.285446244555
60258,3296.763184887792
77024,3198.8618441528924
88702,10028.412395667632
70626,39756.44539391457
15280,63114.28481509115
18071,71995.28425868672
99797,20537.92695735997
58199,76223.96461625696
98402,15476.735049261533
125026,5570.448411646189
66480,12984.909823187918
10887,65457.25575548643
134480,2070.301110388568
73612,8643.818929658726
146259,20333.552515604886
127413,57836.93941837172
131589,3734.368246139079
57909,-476.9302160597301
16817,9241.472105897044
3057,8433.655952309731
60943,23785.691611423455
16444,41815.48924245382
3118,8543.072253250453
49554,3934.1842799101105
32378,51851.731570717726
64571,40255.69454090587
27833,52676.28588254985
134833,18565.276216281138
2162,4776.836453675309
38360,2650.1259506196216
65202,16830.878024000052
45930,40954.71725493914
138489,21566.60669166534
72429,3421.11777626352
119273,80262.74078190609
76799,16081.321200456343
136677,28939.160106828094
47778,3862.1584623584313
53179,50942.32139815645
10760,55719.24221397776
147357,162884.19615014558
55428,112806.55853177475
9563,8708.371673995569
131603,28635.666752100664
58040,9905.40417192813
47015,13849.944520093053
76119,4053.692402944472
38393,30602.576247393787
99677,12775.679329234932
134335,3743.516746743991
93563,2998.806170761155
131414,15706.659188352558
32081,15150.279786900915
119468,3595.9878601497962
34982,95562.93512046032
43909,124026.59514103395
68128,1973.2126449993461
103611,10100.609093619341
113563,1022.6632333473032
24975,10992.077320299644
142800,3701.6367928569935
71758,3303.6221180036273
140482,12731.341339915303
93667,22070.238438024913
85243,25593.990953877128
66495,20515.414784817447
94565,6372.302453606835
120933,10402.774117893445
121644,152409.69092480186
49731,4753.1918591577805
10184,36379.210937077565
103807,61505.32090144484
7921,12899.081448740268
111403,22349.97279037097
143109,51252.239246680736
148507,2610.7560123999133
135223,26006.970045083952
69176,1798.870911530149
12391,31699.3197442881
143210,77027.50636078542
96459,7918.359558010519
113335,12167.835808379336
39242,126436.15611693807
76156,498011.4763833132
140856,7572.317953640867
18320,3035.9525315382602
64869,59156.09258487116
69869,51246.57228514044
139121,5428.047444545242
116547,13044.140308467839
67731,44021.549587876274
90808,27389.71594969464
131238,106862.16858216168
12881,28986.04672422645
62627,9087.944858361807
358,22404.648501697506
46112,15709.077726985906
120163,3762.253748193847
78206,49053.246885992034
108696,89559.57721928174
145664,54781.793779134445
15288,21257.581512162273
25620,16551.08850161524
48767,12067.745776381147
4289,22330.24849949676
56708,30209.10790247759
8233,170131.95378099132
51075,8412.35584907782
1605,9218.958713947137
123228,1526.3974219810063
76538,3944.3120156977434
80240,118904.4503148254
97374,34053.53560228572
33338,81261.10731600382
16357,17427.529724735516
34343,34867.09524938718
5317,24870.447092577888
94419,20444.29785332657
145170,30118.377272563426
130095,32623.831354924198
58540,54732.91175333735
125471,46136.83781602328
34354,74366.90300240961
5455,128129.33071070636
124586,9273.054677920665
44425,94512.1642702736
82865,25719.7894260538
67389,8073.059789080335
106581,185998.15217632998
73104,34883.44019411693
145279,64317.21385155403
136263,14243.641416132634
126592,312628.6587262807
136580,84763.66402487419
127919,22094.34178779503
28246,4938.129155133014
119863,7588.238201597596
129622,16141.891714440379
9546,39172.62630975385
134642,13249.821543901335
32730,10672.430888091209
31667,20569.23307427876
118279,2038.8878249665788
13382,4542.546982212041
98102,19095.56499105633
126529,9463.393358189402
48142,8146.262478973707
23358,50420.179392216545
47286,12824.902647190673
136094,32940.83470492357
138561,149626.8815294936
36606,15008.419061748029
129904,27620.90112246514
112629,42343.510200253506
64371,14308.062211340948
132328,7321.140590367764
42499,23609.998724679834
108370,3266.22561709773
116464,32588.21726657836
114138,2643.470015729257
133631,40337.17850960003
121804,5397.843631272695
3091,27495.239380002073
84447,2149.4560117498777
54195,53610.055559681605
15228,10917.460830538124
38311,2011.9193994712734
101669,79972.79289468235
144261,49620.16808742673
59453,48196.29296785109
93673,44270.93542459006
46711,1967.8645974847577
109808,6252.076737886363
18841,3596.6050549273004
58400,104863.87953220261
144356,14994.145086004652
18710,25528.830890990474
128502,30588.620539925043
19726,81341.59088396768
66336,3997.8481269724944
13620,159712.1833293758
139678,3374.436850557245
27078,6902.934780634578
120136,5425.232011233966
74739,55062.08759337757
124954,11410.941615570919
24747,4721.892441614651
63971,9458.008191568866
64040,14401.244179654212
67436,20844.705836991052
136733,5383.034102431143
76285,89928.92999575965
64956,7253.090804007565
61811,82044.33069199027
121460,15758.590053553062
120216,8915.520582736921
129188,13835.90499879926
84337,43029.55293621905
1317,140858.4347038378
25093,169044.1266953666
120316,44420.738933555505
92028,9083.342906216454
2213,5442.375756783116
15094,6137.806123926862
136398,2437.5807309471643
142232,32802.53093401742
97736,31999.211435443995
90509,8829.493904430688
69371,25829.180010815617
132483,15624.913292638332
54780,9612.517238215873
88938,12245.551101226667
128075,7239.942902602981
2686,27443.255549916823
31807,64960.621101766286
109769,66255.2585054091
65718,10753.841325291225
97481,23781.86814002859
82979,44873.89058120404
4492,10234.690610783355
32460,5636.707891626149
53202,70946.78768291199
147254,12911.914226602497
16914,13829.621641427111
111549,87176.67579879251
147437,8537.788656207764
53775,21586.54897092199
41616,71491.12294947916
11488,10611.546412851629
43532,96750.19261225358
105233,17298.053760076753
110088,11351.290535898763
109559,174743.30722504735
127843,11680.954765082179
6272,10300.069932545268
78776,29167.422136316316
131008,10367.744661966362
104931,127431.6992792259
85601,17006.204877273143
98193,68569.8882382611
68135,16164.0475147116
37730,75120.2888664326
57133,43178.50716546882
81183,12546.858856461547
13586,1423.9612408716262
131169,8342.406420596772
44176,3203.870791590291
48927,65957.83061808665
76279,24755.697537132382
59676,52093.993464074236
145394,117241.4402172435
53862,133213.97066693794
98395,19815.200663360534
101299,161047.01264782084
22084,25727.69895513474
70509,69048.96579328987
86219,14860.01870313734
96158,47738.10343689868
74185,16112.35574118383
55594,36903.34140905159
117405,7994.015958690879
117984,59399.6195834587
44556,8327.471062013788
116454,91511.450553605
5381,2957.7864935001708
66939,70790.44672018454
105130,100308.2493185822
83789,6378.493842858257
18664,32422.656620598937
80267,33271.44810455543
106894,9029.319437621212
54758,9175.320576417016
104077,23952.827834247502
26352,7458.499566502256
134938,62418.67553639562
41175,23278.52637956763
81954,21405.05202047017
94462,54389.8623418417
148893,25473.641283000696
124188,6099.0143504245
138461,111602.62997220486
3828,7528.614212740693
7354,12752.213942776227
106133,6864.4497674356735
3198,20981.012750259797
119638,9333.247061017973
127045,9054.943991890961
72404,3535.4451845672847
46560,9069.987864098153
52006,63456.103525512015
382,21171.446101749705
70815,80126.37697247035
102640,17250.52097543439
2132,61478.87973468583
135698,50072.00456899036
117353,11700.16432523303
125879,9900.023031907085
147735,7691.313574643477
63479,11860.269548929833
106829,25828.14157104377
52796,35933.078625705064
62118,6976.32709851194
105388,462519.85987408203
142336,9757.667324847302
82265,51187.982804532236
104723,13799.306665458487
14222,2875.1072955296077
93944,72081.22863411922
79488,11056.266767637204
30339,12634.169758491238
126970,29115.44696022079
37109,97584.67638593537
69261,20881.111127836186
147461,42975.016127934534
106075,45181.95740540487
52857,46267.26097664103
34910,15461.103707894927
45073,15311.8205448922
81787,112318.62580869984
41757,15913.490327545367
75991,143491.61639097845
25435,16683.62262885432
84625,120210.21477403809
100875,4166.249071401855
51707,58502.5542880408
26188,19525.318363099737
46126,54049.40073817236
102767,14689.934507441858
66159,24778.956488057553
124415,21692.457719216887
61698,3426.882750980207
27420,12478.604426531434
31752,63566.90884371105
85186,17380.439544515888
103787,47325.62705915488
87973,78278.60435134871
8960,59418.50932864252
94716,106567.1374372113
53284,38460.23386579714
59132,25350.918601653182
24842,101744.75259134082
53714,31279.358712655612
15577,7462.696711510105
5722,3975.282736307276
127620,79791.68302629882
24872,17153.779009255813
53789,69623.83253525276
54881,39644.8126265858
136393,49224.02632758258
143810,15910.76136320137
130021,160475.50454793157
22490,7067.654209838821
125516,7106.851211599936
109612,7971.512318992747
27671,15359.493287092097
113155,4580.921612212395
143295,6997.30227764721
30062,30673.412928096055
72516,35213.44670626406
53354,8781.370547663153
44950,19063.111311746645
61032,16641.70418980915
129800,137973.7130563667
63706,10656.513132210097
54166,5513.90159674891
16796,18600.17487310616
98972,24167.49258096099
9948,20417.977121670025
101644,1327.592660153285
44714,108007.22043906248
46070,69181.81886654045
106646,489591.6717571967
124153,1501.0539435234864
21279,49929.51992709168
77999,1732.4358327247405
47533,24970.242992682754
30617,85756.33518242133
149598,24176.102414202862
132319,4686.958229452927
140287,127719.96657619099
47144,10660.634284771257
142570,4002.3036616330346
148259,114535.58863556825
49825,16895.73077033611
6143,15465.530375710096
45032,14488.103330870978
5998,69653.63392067695
114407,1411.7870899164873
34562,26477.189891414284
26432,8711.894525489737
9080,28543.504261741393
18106,73439.57310597866
145789,12702.08644613345
87228,31240.652500328077
51244,34371.956933928246
127482,1898.1035344464094
111560,8902.160159729892
112381,51029.6114814344
65866,6254.897636661282
18012,18615.12889214686
47839,1934.2144374158129
84560,10224.992079212529
28536,64513.81075494986
72449,65939.91060271728
22494,14673.180573816553
76186,132489.99144685396
7922,20832.790951852563
12078,135670.83197287086
33503,20642.281446963505
76051,55417.88372512704
139259,13080.571556361225
42437,18553.903480415604
2187,237207.30430213278
69470,33348.059550572376
3742,5268.966808607922
146306,8788.654412938897
145192,10571.62926812629
96369,44943.073726841365
71704,3022.2614556867434
55830,63843.96361115996
31756,81975.74586566628
28958,21098.998035933135
39550,13936.571734624089
102623,31018.81537885728
82681,8434.976978689461
141186,21631.53671781376
141498,6901.400781507868
136337,24145.107023503322
24517,93051.14634982002
145774,13263.876687439208
96592,7381.4631492934095
26512,39396.89121567062
58736,10174.849068294336
77948,3850.3360951908517
110145,2764.927237817659
145987,21728.102478449797
45380,32173.801207253193
77536,5115.000936093367
775,35038.52332163952
89555,30904.81168811836
31353,5975.6915572272665
12963,18626.476253314348
70300,45935.039618085895
10242,26002.867214118112
44013,6311.998482286535
3880,46656.69972725809
4612,13365.31704235341
131482,7000.351354381461
86329,65700.2294745533
6091,47057.95232853433
113846,143398.68904976104
136995,30217.77075572615
42638,86495.19299615917
81131,73022.74649979836
122112,155971.90067497583
27127,21307.835368706277
126278,187024.48847625894
100180,26827.178256890005
131629,1738.6664278331905
118256,43803.89533911633
93687,42278.815497340765
100565,24622.73985468273
24369,54213.921471703055
89827,19062.756136594304
101086,128157.09612959984
11652,11526.882852676648
139891,10478.744009751612
23766,51127.404895279025
68560,21816.04147832747
59279,23517.8635823304
11213,20186.003840164307
129764,7662.0975155847445
16477,3003.6974245134015
130702,22888.98031321282
138524,7013.938859762367
75161,37182.24283951884
130628,15586.109205840557
61312,10015.85783844921
120354,98007.48591111095
104823,30785.02021845025
130536,89909.09344210182
142129,59221.26260597942
143882,114396.82309447133
19732,11732.481700102966
44289,28563.440388974224
108694,58825.90748007421
108294,4410.93126824856
59292,11788.36600264049
71418,12263.573617384336
85823,20830.79093459965
52930,7247.347879406712
40250,64605.509727183206
52978,12864.407367845104
119421,13456.569729258408
10845,5485.043797870747
66086,25054.739972368545
29891,8732.878491722198
88083,21897.06664566812
43885,12456.131548062816
89829,38923.273756215815
77727,40983.19599441376
1834,3971.57269123169
54437,3550.356787216119
140847,3675.5168734377507
136291,20185.955165341842
55720,4603.500813139817
51577,1758.3278763457781
95898,10733.30887840557
149200,16352.152069519685
125148,36346.55238198013
87176,22842.487825685388
5992,81740.47567602823
41843,4211.199963867921
70918,28733.936601508558
97300,24498.56147667073
10099,5225.191977414874
60559,4296.8641358776
39196,61380.14016465429
69202,60525.95908988954
122588,9547.390394905078
92929,24871.068014437245
43601,34442.83867136449
36115,50489.08107163177
44699,30818.812946764832
109626,4617.31888563437
101952,57574.90753221199
53015,80012.95534428813
44082,64733.784751149615
122417,15812.695588788958
79923,16787.40153703388
53893,22657.29730620732
21620,50038.657502650065
73640,69817.44855331468
67185,11964.768952211958
128671,37413.191968707186
70597,37797.88596180882
108862,67816.4741664935
54021,5513.564510583436
60389,53628.12088262069
112546,5815.469590209608
145278,84306.32813467752
89248,180952.5500894099
91567,37088.29803910505
25992,14068.385963868071
5413,45250.53267937397
71372,33049.76346542541
111092,191167.02429853223
8910,20714.39879924091
85665,41950.48907712301
137492,11676.540520478537
99700,8058.641173518063
92981,78953.37832644291
59968,7103.889990859723
117834,84275.93211023188
38509,6682.501467602813
60103,12307.730009556872
7905,21156.306107582852
92297,18888.39594234043
134808,12975.167403297088
83402,19715.394076000397
24267,4584.21981175365
149141,3260.8597234127437
30552,4710.473941326267
4315,39573.0892044705
17659,4410.687516764763
86077,74161.66912265008
110370,33180.10750456467
55308,61849.2096457766
8117,18661.07524990202
94664,30915.064821981352
34839,18691.23394047405
132426,12268.190538023597
85404,37997.358474729495
74506,106620.5211816691
83012,18099.635571737774
59893,5577.037218742571
41086,70939.00305699097
126481,32521.895272434194
88649,53146.2703987039
79624,15296.763491641792
148490,35642.952959248374
74372,5132.75204617827
105647,70274.15502908574
5052,36528.12076562171
137835,6144.012540819193
95880,72370.25280103524
124070,19589.0711521049
90965,7429.009742042954
25676,32323.589314748075
33922,2336.904631464126
108932,28387.683852337716
48756,6481.864340524628
54715,75432.23906907615
69538,9763.959579751296
120068,39073.603416454236
145449,55849.0858080922
123953,39307.07932267458
109321,68447.25632219468
11667,168824.87819652876
74101,62842.92501923478
16878,26128.88433190735
10729,9466.247668394048
15363,64890.89192612648
72035,36077.711086806
54912,18883.102613956708
98037,41506.07870295384
108455,5823.079137671288
79103,16000.17506192104
124824,21165.67474982522
37935,10643.386749812656
86682,35474.041186982635
131881,82806.99435712598
128101,6474.120874517639
53377,40832.595403285595
128669,4275.050402893455
62184,35891.07895819892
76498,5225.167084191619
128204,9355.460556448703
113719,2776.351930296223
91182,2026.7853658602735
48255,63828.88552118206
19260,83666.38129467821
101316,9207.569516156414
34643,71504.71346495309
53792,8534.952363664042
134144,7034.9791201349
103395,90214.35471445034
127357,1230.6687682596678
128692,28795.07345806501
84305,23696.45821351725
29845,82559.85448857202
131301,49953.71372458356
124940,5576.503080142
86094,259735.66299290318
72622,25879.09230241804
49063,27376.172410400104
32867,9642.883764926264
104990,33184.623775413704
62520,67559.47833982162
50709,65496.84732337419
35694,28871.722655810623
64648,45258.45475876375
148949,25429.333022812098
86171,14728.325753092247
40384,11389.485475904186
90372,17343.377948118294
39301,3500.9852443650207
78795,31444.491247534756
20418,58830.881793403634
138744,8882.464197200312
10063,66511.30948062983
20711,73376.61461208589
66098,13514.05879520673
28450,6202.073928764139
130263,14609.96371860049
15393,8241.828497918903
97852,8094.047522153049
65377,58318.05067922856
11241,39917.277162868835
68622,7724.201549055314
100822,3876.6559213944943
86336,4304.914961794364
144853,17322.424894854583
73472,74704.17570741531
92739,62647.57272238475
36002,120593.04291972678
24015,20639.190126697067
135643,88162.55045284024
110036,6806.474614955635
82693,5510.201658786731
27107,12501.947216045306
141255,8148.1046901205245
226,19826.9992307786
133178,15255.135061396977
57317,35234.475354036884
45059,24286.46913488227
76644,50116.29548654372
139226,159252.35750059527
31726,16823.592137686883
70363,61726.34055117669
8144,7408.903865176403
34824,84793.18994536002
118564,6368.704764377249
80067,48115.301259024796
17696,28770.263792207894
132840,9967.234037403867
125886,33357.2630442562
8490,43557.32887751883
18418,194162.45802286314
126676,45300.35541536281
54023,20957.4581933106
148841,27465.317215112125
108239,17091.09570377607
139193,11370.115672966676
44739,9898.145130696032
42924,53431.98193184465
132076,5651.79087994328
64527,4762.174773848574
102159,25831.900649358096
105017,18665.89657408472
106114,19116.196633404845
28367,76865.29680550145
103881,77852.95464128265
71080,97139.05817866682
17712,7772.7613848065
20489,2888.7217899187035
62974,3081.459596047018
92987,88026.67362472959
133607,4257.311071297967
71680,28058.925805548934
131572,50355.8169379971
82022,46968.679238954865
91137,38034.58254347676
48724,8766.29667999894
58416,13530.860116525622
124963,112379.49241107464
97591,6954.295580340386
43137,5126.156178887388
11786,17904.65699964974
94679,23438.847574896405
122678,24824.06554028561
9906,83853.1591144977
33648,177546.329280188
131559,30327.344791958007
86909,5789.968402275995
136983,30069.183508159746
138924,2496.5243980923797
125307,14937.679103145418
64663,14200.648641867894
115581,49168.003594600836
92087,7525.140120823684
14090,34783.112070458614
82224,4450.546509775509
38883,25076.14406743884
77122,14535.767068529594
16052,10012.060521015446
50926,93145.73000578169
51213,23979.878439460088
49748,4255.193366490737
38,59516.509856696684
118168,38957.194322324474
145907,104745.74232851107
20246,9257.44722845292
66968,26714.643419540516
93587,27150.975838676142
46575,23521.08006401099
114614,22980.095374732402
76703,88925.52576609075
8446,3854.116748342888
22268,18910.834945075367
111142,9638.148410738782
142531,4128.674603270013
48464,5007.583361376885
53745,6256.975894784538
92099,80079.67341719195
59578,5781.183248390631
110474,8016.31966541675
11049,8456.770966974065
2118,23451.240455819207
35269,2139.658616125718
12364,194883.8431561604
53929,12051.169794627443
105753,10420.871191961258
3158,14161.99005369814
147957,2576.2878181327205
63946,16998.42342710666
16416,113372.30623835122
126801,18656.043750909168
86298,58950.02979532794
119993,10678.424757928276
116008,5614.54682763883
50693,4232.376601135596
149260,22269.60475865656
125814,117089.84408609597
52301,8245.394069622309
80947,66951.27903651416
120763,35956.40938139777
53843,88240.23353318399
122383,38945.4130838392
23415,8080.284442491249
144152,39490.430423108875
36188,31953.70605290778
33127,28729.564557592596
136183,213110.55042918696
135591,62902.8550364026
138589,60714.16457817571
93362,27746.75929798598
127760,27312.70244834717
141056,22655.195925109787
30433,152691.52072293026
13032,107889.30941779053
4545,14887.559770554006
39209,5784.848562749891
88287,27920.410381646176
60451,2380.367796312438
14762,29558.574229878574
13788,77930.61705521858
53077,107174.59813009555
11651,12125.300685938006
54073,5507.07409929473
107500,18293.00667742289
26861,9076.580699842936
88746,84586.2866290422
104532,20516.83856352531
92499,5472.619044743681
18249,2721.0714402849662
16668,22132.376308383977
70719,5256.634329031006
59752,53251.381107739646
93044,12030.370149263521
67273,136170.03950751323
41257,8601.020207851427
143548,11438.940622540336
148497,12723.652036579937
92544,12180.232667830312
47196,21442.252876963077
38765,47073.20958377838
146477,2152.482294462143
50881,5187.867144742833
136711,5953.7870500843255
66852,77956.38501319246
137643,22018.236374025473
127756,46221.48036693594
120825,9957.020958370076
37207,21117.837248392425
43870,58309.05023018984
113679,82715.4974169313
46271,24999.885401451975
22410,1428.1807864093637
82488,29787.053814811334
72602,9352.069721801989
12697,120922.10992590312
17720,71089.57289978297
56257,3618.9388137638903
56121,60907.649007430795
6840,50575.0132891566
100776,5401.379471766458
3240,31453.7027764124
47890,11651.212692688536
131367,9036.304706879939
49355,43633.97347351286
112923,7875.25457705443
51062,57495.76871795872
126984,9302.674344597704
144940,5373.302607043871
57370,13104.79670466249
59337,2980.4590311602124
27822,286853.68010399985
105606,42613.05429534641
11476,4398.549622250244
6929,3092.3526730067733
53101,16179.10306897297
90494,87793.72442941858
145481,23941.771998544078
51414,52647.09810347304
54363,4472.557242631694
57394,46441.38274833182
47900,59224.88726133139
135919,54473.23061847876
75863,18690.95389879529
144043,139574.50248993994
125248,65656.73369078913
87302,1266.7888229622915
13774,11516.17903794524
127744,7846.916158874196
123325,5399.761337740405
93799,15322.016800680465
98399,8485.348473001719
123208,82538.38904665255
44536,39271.026391371444
72670,6653.763191055896
40790,34434.47042387778
80129,10671.45612179965
97001,63622.922969157546
127286,29404.77243281065
128520,7604.08210062533
99957,5309.8787944566775
61891,15286.348677229656
141054,3598.533504463663
14475,49807.83150190608
95417,11447.498691032277
70476,35476.675344930154
69839,128918.23569944974
93393,14644.718987787724
7767,145800.51105585304
112124,12439.074617650074
127225,6107.026111852296
24929,82443.88513788272
138113,20107.483539762157
27884,32934.68930819019
34578,119018.48887399369
64642,453276.05793933757
80624,32192.037524127467
139148,77100.83549959646
101015,3189.493498221831
128604,152485.247824255
34260,9106.044292289182
64756,43370.385098237915
66729,20153.703109449125
66643,5814.235285900815
82532,52308.995647380594
99415,90795.01504418277
87169,2429.7588245606294
110186,50110.60440964425
92090,10257.59051411638
86353,14433.536877786148
79543,17853.877468028768
97964,3801.7779488673814
23159,15150.178478967126
127506,31955.793980997394
39314,5188.657012278619
17063,36585.75824770128
118713,5840.032956642175
131015,75364.71148276556
50064,23916.152472256792
110442,4463.469350467568
26259,25877.574124299987
99595,163546.12592646404
85485,38105.52796088967
73204,101459.60473173193
52688,5773.653156787033
134557,65873.26248966265
3905,5955.342121053093
30971,12221.604246574372
57210,37916.990700000046
24768,13919.300017295385
89076,37036.17410516864
64430,45025.899248997914
32344,12633.509704670865
90898,112165.28586667402
37423,21666.520153690206
24483,37016.0021840606
123532,34707.570578792336
108114,9112.590436270239
95279,40387.847000681104
97714,50693.518137101295
139984,5696.201463226933
104328,6640.395293274408
36620,7837.144961744909
2894,2774.27678249187
42876,44014.801664721424
147251,8314.439612388698
132847,14658.335143933371
15233,11953.273060964513
120481,50013.00288527569
9084,50709.789663465584
120536,6270.038493263016
54576,10314.257690790555
144972,1319.3322432137006
47807,38759.781061183436
125848,24895.19830282768
47229,307262.18889303046
45756,50802.539916622954
1433,5782.618609300734
148632,27777.540223986132
93308,96314.69535169972
53688,7287.820570984444
13659,14691.324074841345
67321,22672.87159009375
75157,29626.62454581248
48291,8499.365865499738
64826,15002.403873560166
23410,14814.244935722305
86196,38848.75340066811
107132,24603.139857602917
51442,5168.855108248454
26657,49841.62812923438
109235,4828.6977470530455
19781,56642.037254386785
72486,8866.873698293395
132048,5040.416796772813
90489,5448.600582433659
58380,61577.1047603816
221,159757.48456037027
117060,14443.668239436303
82060,52446.50707983001
33047,15382.015059167847
86792,14275.461119093017
16421,22343.309667622398
92673,24744.26484133918
112753,15823.060623211935
107626,10519.963465989309
133100,9391.553554731983
6520,26247.982379746478
21333,9575.580465533365
44444,215673.76864802357
141295,226023.8490271337
38001,9688.521353512966
129406,53043.63432184819
146130,1217.0467342190072
6832,8437.958767504066
60363,11094.261874439464
147135,15836.629502445801
127102,7493.334875740759
130978,114504.87541916536
55116,178468.40782658418
124771,16562.384110979307
59859,19225.3320029605
14281,263042.1841146732
61577,1442.5917401129136
1673,8220.44775000144
30471,3542.665565367771
64848,43358.46104291814
59123,11021.442708339215
27312,15678.527010877595
41490,75448.96204509251
7729,140131.53000214932
31052,77982.80608774954
50724,30426.344164029193
96248,17165.123328329304
57143,4935.313114953251
60765,118953.79065218917
107378,110981.39863674178
80991,5024.377008864239
29187,73319.68417138167
146124,30874.965815984564
66608,14916.177817848267
129926,25803.896407804332
52400,5655.276240573977
115301,9827.624010265912
83096,49294.95445843542
73094,16798.485035172365
136130,22981.367770503308
22282,24319.466473223816
29684,279892.5740172339
32096,66116.28167535954
96332,15532.408677087285
25750,21841.96673437974
154,1328.7421357360968
61087,72123.90503737415
130148,22729.20119614855
17637,5871.819607022716
91578,8597.6634147894
68254,16583.047645008788
81648,36189.40997089999
135310,13359.644039618273
115910,7531.659565200885
128537,8141.653349161745
5759,51421.21966258355
32568,26848.78019680701
36182,197673.90450245014
67085,7129.638176627421
6955,1920.193768434345
29080,3296.330013509769
107594,70178.03976604804
148707,20685.08412950468
114672,64873.22859464893
142587,12435.163989473582
94639,84602.45815481848
7476,99361.93086444243
77483,11954.90253347752
17434,36667.19514104418
72678,710.8092071617762
21623,34033.54133281883
140599,22838.614853362098
64982,33938.9777246743
5568,23034.043376886337
59262,33606.642999244614
4754,18820.880208397066
73655,3328.3507926233347
142220,2706.5052162348047
25390,10019.677723992943
116944,51948.47586031122
93822,45411.545664073325
139887,16047.887657199948
79247,43235.09932815777
146555,19748.824336619622
111626,40227.82088144583
1258,27440.75282186833
22578,4598.604719925392
96045,10863.775643608838
139111,138629.18507990276
110069,28783.276247690716
82000,5164.355171341585
51511,36701.27127451294
33813,2568.9379627057992
29631,43435.875504793185
66912,11041.474621086256
30192,5189.274595760312
124271,37669.81129214278
142919,999.7395904131525
125167,18358.958797312313
48304,37286.547270781084
125515,121542.55624405832
104759,44337.06694407403
67833,139179.506817985
140995,56431.73998239245
117571,20126.190235612296
103091,5657.7451224465285
140047,10385.979259614527
31985,63624.319010339175
133764,43536.15734071516
137246,21280.88156822794
84735,7624.685017896637
102842,36092.451129801375
2548,20416.811968067133
10582,49517.011590407696
73949,59495.82409604202
57841,4873.552408033991
55790,40693.48756490027
26446,58876.650957379636
126284,51067.4061684411
34063,68134.96137134559
39673,12887.680718988724
116362,229452.1704910375
27286,9417.762114928682
105106,38935.07479792329
18292,3075.8098657254204
66117,28064.976837443908
121928,11674.596170007982
87386,2786.634772786182
3993,64424.040665937224
123324,33458.952555933385
17775,96248.34836333441
106253,9074.693047175277
19444,1286.9923357257828
91354,32028.08563722857
146543,49191.68063215224
67040,44203.42541495234
131130,1185.3229450921924
72477,5497.87400961285
109921,35414.26045909128
19350,45810.348843828826
80489,165655.37922381892
147297,76977.02519203525
42389,21905.634171571313
129266,7768.309797703703
25267,51639.76261078798
3737,184101.87634523655
20343,16206.459364692291
134496,35759.567800724595
118371,3986.4479450530357
26778,11000.63792919102
15344,2519.239947001567
127062,29018.836835243463
102417,1659.8910950533227
79346,2762.851870998942
70585,19707.90218443602
120171,8670.639990171894
15832,48728.581438122084
62138,16923.782626855613
113728,58665.05889805712
93221,41525.96135009155
99733,12947.284080210313
62431,27747.217667799934
143708,2354.3618913393766
46336,2173.1338312791095
75538,18420.542026370153
111750,9692.254133309438
81691,116721.1175883956
130464,2591.7244743134506
81423,125252.02645262053
80606,97866.40974095537
79231,24825.447765036995
116022,22399.412326807495
78685,19224.872365704556
105556,159633.87961599827
77829,40550.442957901185
85023,8991.851901164955
124801,49877.10222019536
45210,3164.7308201238975
130870,21410.870358883047
119561,18932.784054767817
21936,1188.448959833862
115497,8597.117915057377
48402,22153.527024644518
77216,41451.04219320888
27633,13548.67448222734
108586,2326.830463250775
119402,20212.849004331296
26745,35565.098734499945
63158,10921.10008201873
145791,23849.60198265362
142981,184840.08690021455
83479,19062.061753165202
135584,2263.616132542073
18028,19387.33713028811
92286,464484.52713403944
5927,8810.5591339435
148651,23421.460932709146
71118,5207.265140587129
119828,101437.52055469844
20661,21705.231916395936
12962,7118.955081714101
35027,3672.264935512073
70891,58171.29431576959
77106,2011.2280160972714
6686,43073.782035968616
54029,9863.674140537576
54863,9953.940789902235
99571,28955.171962976223
122919,8911.63970198839
98472,121695.01672334556
133426,22955.58935913851
58567,15623.273867172415
134685,13048.642903671363
16296,9174.511663468556
30017,16629.342415549625
134667,32822.91199323484
17745,97265.23595829752
44318,4862.394340601359
26456,5189.335382145206
56066,31765.52093893797
33334,11826.493023160438
143566,7113.089522067455
65321,39963.37744123392
135926,81889.10743847651
45352,33474.650277460416
48959,20514.62881421648
79307,18639.55808754788
119726,90442.75854209579
77674,5143.464911006355
40485,7709.857705164192
94762,24841.498846513787
27392,41965.26602303305
68001,8015.620788739535
106764,140215.25422343638
38801,71121.96555447322
65642,140063.33786767785
47736,61239.470682088264
1990,35760.86914434855
11578,13585.918053666413
22365,14829.333347982429
133402,89340.06880697943
55202,72010.67640160522
80542,13457.955806456273
48016,10753.629303521893
18008,1356.3825539594266
10494,87413.66003939157
78263,47621.23879297828
141292,10186.037455828875
104744,6301.980852376872
63548,85731.63204288155
117672,31711.501799033842
108692,83491.13510135756
29040,31075.078116909644
117744,15969.7338789743
39546,28811.26963868833
71442,6942.72156326534
31551,2953.1005829701603
136549,4764.502896913999
2564,26025.69375955571
90191,21586.98155972059
118037,126153.71204720452
139652,4086.112649505568
68470,64974.73733602368
29840,20715.834267200833
137361,8951.956803913112
34904,40390.78781086739
125642,62523.84123510524
70403,9108.87575019353
62142,20289.17365262808
138050,3399.6766561115273
33985,10075.032733897311
88656,4579.832481915134
28042,8594.268167120717
103409,37168.717488496884
78721,44139.73749250712
12210,58681.61759848971
22620,5825.561737606483
93100,50330.497700953376
56392,8670.970964581058
133211,56525.96056352994
41185,3726.2709406416006
4060,16516.75575828189
29408,10000.944959841183
26459,77247.64796067218
28487,115748.59682376924
105076,4895.799162377518
3103,24946.918756268195
58172,5681.314422680142
76771,56423.28094755937
12321,12433.638936374095
132489,2525.5815369386714
101246,43266.51801014269
110382,43998.02441763534
42049,16701.823801030478
142224,8128.430405818042
86812,9063.575260513751
146727,2325.13076586406
144682,19281.071455828194
42393,29197.77089419872
55245,90202.9135600403
49189,15418.562405959368
26530,10433.038878236455
65175,14042.441868841855
149919,62030.901815189325
32760,6874.578363607758
41462,7231.665822645872
3140,46760.233456016605
61429,17777.590678840166
132598,1612.8851797970694
36091,21039.091911778374
108662,6241.782353416264
99063,124390.21360487258
89662,68059.73911001181
55495,55577.07968352594
135182,78421.4349236564
128210,59400.15243589887
142211,8435.188979103488
1800,37212.94087518747
117833,26734.77956127694
73996,11338.687073206864
97044,4887.339428735284
1286,76351.17201053178
78426,8861.980583134558
41518,3126.3434465317505
49438,2718.8866306875134
71125,7551.123894435425
46158,6441.3064581092995
138223,17103.09011220454
42446,9990.248190487264
128039,10407.236400880718
41862,28259.7580607981
144175,10867.091440603548
142000,12851.642642105122
136048,7128.466680978113
27614,23447.251142089226
53891,32509.5383270041
21654,6057.374573080472
81116,8260.231159098686
24915,35397.05787538139
99725,1165.5035342378085
132806,11471.602077078434
107614,19764.87814640274
73867,76505.77208713365
42,10248.724813135497
91951,1185.275784294383
113529,6981.664496559299
8492,576540.8769353543
132537,19809.550834389338
122363,51190.960132617314
110349,85163.61486854724
16759,12044.616344511069
40720,7787.560997078477
13183,23082.66323090934
24064,6589.498987653879
70082,15210.55099307415
6564,2287.0009903421847
46364,41550.08506971527
58915,12631.93572795453
139781,216006.82385113215
109598,81146.77470363896
99225,23216.7597587897
35880,34465.411405299565
31686,62181.04376779749
146446,42662.79699212233
15845,2380.7799248881765
122597,5976.808424827061
108422,40126.322290638156
63234,13908.689800035132
45932,37047.353933532635
116258,30248.228416603582
136840,18014.78452140085
56812,6273.662765602782
5122,12614.707057971003
141988,10204.954777379711
69022,12775.26922586112
52784,3988.923293082019
65340,143969.09641606707
107709,18949.90677314943
78914,124049.59654346314
35796,8061.76836159891
8986,60750.83325027501
23862,58187.31543080705
68943,17369.025790730248
116291,35583.3237214213
21411,85541.11225417994
55747,26595.046255251254
114196,102439.09307495791
5506,57434.65235176205
139991,1056.7110036676686
83642,2380.2016938501047
44191,16831.625937953107
57628,2421.773712676995
93505,72090.6894829541
42538,7494.494745289772
40697,10358.897378753043
89570,1468.76896784513
131143,23476.74866748478
81397,27582.914189303247
119307,17759.094279523517
92221,36463.765372078335
30612,112881.87497751252
60176,119482.37386215873
44791,4059.1425490658726
117462,34295.28923059
67038,87330.83578682195
59356,9102.174966021556
87363,34543.37404862925
36814,5791.2121832168605
130258,77177.41127437798
20528,10167.920954527406
138663,20965.562425672302
89237,10394.219715787502
52720,16635.66184096125
41491,3875.646639062436
71366,7450.957695602329
47166,14956.752063623531
24958,22145.260060816963
84970,10792.506539114303
85707,62797.96725658861
21566,22296.668511628
92480,148095.47664140805
86269,38452.79575784929
34843,5023.193778624078
41373,31348.365713398798
129758,396908.989015484
109123,17668.776763515805
131162,24088.447619098504
125762,12304.477799707061
99267,58553.95998828508
47730,24098.03176021592
132269,57217.473700004186
12343,4015.248253251577
66,7764.982264704896
80504,131339.9152638798
103789,22652.39653239878
105661,6903.668799621451
117680,29264.82240481529
17187,11083.940260171408
25548,5891.6443824310345
135251,10305.851263316612
140854,52840.76794715514
40966,28152.145862377143
51934,19317.415429819233
39370,12458.649840171327
122455,114964.54300811092
9801,11003.551938332352
15688,83946.39543472862
69158,84329.69994149356
149572,5518.818191824107
146192,8413.650018618931
66572,30743.950342277356
66425,11464.740218553578
41911,16257.300814091523
63465,9159.110622009512
92901,13059.11445040791
71664,8737.896761514927
135071,25870.92631918339
100171,9692.909043224989
32117,10832.71195188445
127152,123606.6245715387
91391,29563.558883179063
144041,20853.38221772018
40409,12930.016983066216
31223,4172.839503269504
146650,56413.61034553651
134124,8269.17825016067
59142,11761.699974041412
47599,64172.841703021426
131783,18261.759984143646
91004,9795.426369178882
5574,13075.872269346115
113636,8071.935200239469
121493,4913.965946715158
69912,117074.40259940644
34851,9688.577961166873
138156,56473.40634561376
23101,11033.955957085807
114327,21614.437932671426
147253,2902.0402949985173
66550,4887.818339937529
77469,89505.24962436942
47825,40739.87688810375
83885,18568.706443550098
5273,53435.202706864955
110757,56621.53121994733
103934,62744.07745068042
48274,6598.4715910757495
16694,4647.0938910296845
73363,23828.944042990177
65679,1564.2499199818599
133504,153995.6133577522
29747,38496.17631997094
50593,62337.685298120356
41295,43394.42070176389
4111,152690.7659843836
51766,12110.431512051608
75373,132338.01434613683
4310,11403.985768923365
133496,65213.670597729404
39951,17031.518319856987
74609,11725.564544409674
83972,107523.57488377536
104058,142930.4892878716
18212,1157.5759531116578
136215,33214.74057490553
82008,64240.65497475126
14669,8500.455036786636
81258,1181.1301657353679
42912,15517.540133078404
87101,68415.17442315094
46171,50086.235464144534
94580,6293.099972816943
64968,70442.5843886821
48596,58292.477204089715
124711,66420.2230127186
141896,45662.004335271384
130741,224053.40517303
89117,11621.857746022906
38766,17513.481797321347
84357,10617.05362789406
89547,127691.06539502593
146582,4368.846638440333
128091,18204.348895443054
143397,8130.87773139002
94449,11749.497834537196
69630,7503.056428532829
3206,13823.515806263782
117696,37189.1645865763
88622,101549.65932614658
68774,1454.5086468104555
51423,6124.247836739162
96751,1144.422581572313
126999,113009.19058517838
74854,7935.44289672428
119275,29829.74985941556
92453,17819.477712635755
43862,6312.6870883231
117387,5265.054704596003
111895,5588.404717949913
86542,8418.066288644313
37025,46446.31262538341
124498,26779.4519552341
22432,3047.217438583798
113229,3922.2240178261227
98407,69025.5139288243
65297,18058.177457824637
123236,7913.692020854425
22559,24875.664415805033
16291,37729.83048288822
109281,67389.60338810268
98457,7155.724710479212
31240,4788.2803507494045
145180,2703.4079472828544
83576,9204.268932699066
74187,16294.873555194805
57447,81090.97883140825
19929,4491.167698011137
56498,5915.315480391882
44619,60612.1827580466
126307,119760.16818915811
59761,22470.10791299085
114609,11336.47500798458
46919,25969.247699268875
85650,10416.499375330452
22507,25532.458293467775
66942,36500.44750585653
107011,12563.906177229708
115505,6057.8882046721965
119334,74970.83915756743
144713,29204.921304907817
110811,3316.9528238570247
44005,100604.73435379648
117133,58664.002857039784
104790,11872.326677048683
14710,21560.52577783615
22002,35456.47649569913
75271,1938.6468510527873
95918,24220.20807288847
148233,9903.799293413596
68167,4594.033419638041
126744,170430.64018877002
149976,8068.3061572022425
37180,46253.40299410661
64687,1308.6403334495405
5124,23332.94837687584
63721,28891.60172673952
115785,53628.939573811644
86128,3030.609055845057
79480,21386.80725310329
17811,2476.4773796319764
5363,70034.15879593723
4578,42907.151830387185
16587,6454.024406577102
146544,44331.41134338496
24961,4861.970686050141
85998,5530.3184125451335
22506,23139.64302222695
54318,5982.2221620942155
32148,115411.58066182489
977,14351.00744034112
138158,17352.642922905212
42136,17671.824142480145
30524,1200.9649383153967
106317,53973.29376436097
81812,13941.531833357563
88149,101735.83618528905
99538,70453.54752190344
166,107517.55266883518
82749,114495.13206598736
13380,8924.925147194635
54364,4100.157211535816
97228,170469.51208291153
131809,26775.35184217067
72358,7557.724692309797
77791,10504.122905809367
63597,19150.902505553848
84868,32174.767388994078
96778,10935.426195332606
66057,10284.161196240937
25794,89539.8161402042
10821,13719.860761249542
141128,12738.768508472376
127600,68958.40878251762
61794,30950.143065740784
53029,36694.37477832268
19973,8158.466426195162
104864,54337.271522850766
113395,131882.26211879303
69878,107872.88714036095
13173,13848.903865238235
29177,26713.37603232465
69753,3883.1828466609504
73252,79379.92860725799
41652,108202.22263289618
106300,5831.27706553043
113793,4072.163907182119
138747,95622.21383494727
52863,12842.927450224888
1749,9421.338908872824
48951,17129.604302564574
58851,40891.451567670236
62267,61334.16668988443
130114,29442.42815626899
122854,38989.88306465877
94608,78304.4558669766
106671,15239.792971954379
117337,5081.31564892278
84095,37704.11767673098
95691,5938.914224418573
108341,59262.46955170152
60338,9010.655721004538
146292,11785.108923136086
99375,63617.20821347413
10646,46516.386791018944
79338,134265.74656759552
126179,6753.525440131686
80314,98890.48588473139
54266,9345.245023442742
112418,1515.8165181711515
124549,97649.82063587864
144471,14661.425884390374
48957,52976.83881478058
130852,47952.2010302673
120406,39738.49523481761
51456,11368.8807873587
109257,44381.84410450883
24286,70454.20027861233
115180,205340.71501710275
41097,80108.43021617885
74963,35666.449908323506
56987,14740.763623784938
123695,47228.977125838
56130,7256.601069297304
59714,93800.84961696641
93894,4651.383426023798
141544,11116.572541571955
138462,22917.690264971803
62225,15948.85139298496
104887,71878.35438215194
34739,29176.37686025894
140512,37374.42168709965
96786,13657.862438713393
144710,13042.589309126535
57950,8692.82632217046
96884,124318.39518868779
115007,17196.28375278141
135022,185033.4966981973
83638,18255.904451615694
1429,6107.0642597963515
124612,9715.108090680678
36011,42396.37685186024
124294,96564.6889681014
39891,11672.879423612087
137430,8591.15364054443
135605,7932.097581724099
119405,44966.50154257905
128899,22928.076618996467
74233,18760.260857170168
14167,24074.380096068307
103927,46479.755137913475
89550,75503.26807495995
90333,2213.085819038163
52851,4300.568609652377
93045,118822.42258469402
43704,13714.252256699852
59477,12102.195353124966
23158,72314.10769545798
21354,50456.04867630126
127902,15942.148104857699
124966,7547.084965265513
71985,10077.486905927064
39459,130240.08064637792
54657,52112.66735127463
57228,41725.315776826785
68217,14647.293515114476
67412,26391.8998681077
50476,43155.528203858514
59390,4995.288493221827
76936,3144.8248550857897
104398,44919.78022315947
111498,10267.872184498068
75805,24249.979299498802
11025,11859.994472572247
22092,22022.57687849425
95127,33503.353507561544
115088,126146.27896250933
104638,7766.8981022705775
63995,21836.10910927667
120067,65523.820099000615
119025,4024.0569693706575
11072,18248.308832806706
72894,1688.9430004407657
112072,5152.331479155547
11273,42012.83759399611
103591,122912.40626181403
28938,3714.1155307654744
56055,102541.89440253896
16136,9292.526866608505
72364,53550.72704801726
52353,11442.43827602405
126312,31316.375664116546
33653,179640.08321395545
95884,78383.0357932091
116699,78974.46062610453
93538,8316.819266348954
126461,33074.60532738481
70361,10427.05402097128
96992,91494.52836446361
60287,38306.378186387425
90817,11283.561785331334
15710,11205.541368451517
62366,1383.0210954530958
44329,3155.4365977954885
81876,6432.501508328097
28299,17350.414892522567
55490,31081.71903963924
2694,44940.77821318983
62845,247652.46374944062
9109,13883.068483428884
12141,4343.040189747347
7372,5001.494142680214
10556,206475.5080883238
55274,14723.063359270383
129929,25395.213303761197
64972,9786.00650297264
80714,97631.3009290001
95276,2482.147090547337
19497,66714.75627554019
93515,151671.32049435965
31204,19429.68838811006
134762,2330.152340433572
98072,10125.235242476096
40443,6760.592749201397
145840,53087.728219721
38722,46338.41850137711
11117,27057.913958348643
108311,144416.86671336557
55255,56861.28469862895
68799,53603.918002850456
21162,99219.63189044352
334,7695.549203272119
145405,87491.55100746053
37522,87132.92579794934
48591,22705.789942297237
97549,32198.042681596733
120362,18507.71335067555
52405,38415.429115163475
10487,35075.36204611424
129653,4248.135509722757
45095,57376.653296218494
131467,15989.979973563451
118996,20068.10103352831
89931,149267.30825605677
54946,20329.71051613448
50987,188390.44024347077
42612,87608.73974267358
15664,69111.9291289523
1362,5101.769255397103
137336,22693.289762860004
106656,47615.1019825839
70057,40523.49767952336
7792,104013.30569512883
114423,22489.976265060028
138112,53855.29581033188
15887,15927.587246073252
24677,8509.455079796591
100169,13887.464197505094
99145,9289.955977089277
138423,18510.042506221813
74518,20018.36233181278
93697,15828.877375121378
2444,3259.23719178979
1610,99204.7320339685
35815,11775.399567295019
108008,21937.092322572975
131011,11793.135751729276
132907,39923.60435335778
32527,11784.444169402534
130432,28085.036633047752
10690,20459.2291913427
78274,38274.484804894666
15421,103835.25515406238
55970,17004.235054312954
143123,106664.9582078835
140310,17917.463018448154
108128,13940.616260383904
47870,94912.69620109198
109183,104115.56191026542
38645,25233.29437629233
12091,20466.594684095835
58373,65543.42619155387
80231,30811.535353506093
51751,149923.55506980664
133879,30320.778193472095
6107,14603.455792411705
19187,16280.55162268513
24230,26635.271915937643
111419,88523.33046852711
27187,2264.164016755501
138877,7651.491474006064
74184,9932.887853925296
33110,33026.76235188697
39624,9536.485770778288
78397,19427.835135629768
20025,3136.5679863283995
18881,11998.514112304894
78209,17810.593238601938
77506,22854.408389651966
65195,20374.479868337912
144593,80436.52678342891
100515,127438.05176206179
50927,85837.37373981588
65327,9067.759968471595
143142,10295.468402277453
143099,18555.789558137636
2629,12514.154971155158
114663,10925.723843127107
99451,17163.85888413283
19894,8617.142817601609
33876,146376.0365253626
45537,10546.793401404426
35482,71085.61439662505
115023,11540.256527044752
3898,5661.7514242250245
94523,3168.3989293230693
65113,6969.439980345681
95386,111551.91252120095
36361,33111.07377047129
143817,26350.408619655384
18571,13205.46540681786
75245,113738.22184424923
50272,22510.122867453974
61161,7543.896417321408
21728,48931.32831355954
6533,44551.84840148724
102283,59379.387273010405
84588,6215.121057142735
128690,5775.288303510093
96469,5519.447438282294
10684,9517.200406802478
72581,10576.93615417044
97825,165341.88189649614
94450,6782.216222387761
22226,56272.840622699645
132398,19202.117530227482
48511,8918.528209523283
56899,116125.53305061316
10663,229990.4247859791
110366,62669.06285524982
86003,18468.102081767367
97269,71031.41397002948
138375,32307.226698480525
74876,234500.8076925828
63113,10187.179012426508
30622,31777.449468680763
49072,137482.52113339264
43465,5138.812178850798
101978,23920.10906453541
81546,50600.53483321258
133754,68271.6198645035
108688,41777.182054318546
9278,9379.20509863504
90193,4156.7169036661835
52807,27270.052643557945
132990,56665.081007763205
100652,92772.8443596039
124336,6585.69935565774
11149,61310.86183845284
114830,56140.815455857926
44281,4265.204198669864
138560,20790.5057800719
4211,109786.44979822688
92183,9852.276592957236
13138,31552.2859941193
133336,1250.1938179243573
29058,8646.177540772946
84932,9643.936144961535
51928,43734.222502865785
7497,74243.46641741713
31063,43969.14387834373
3621,10355.394256897618
148734,6100.167265207665
120432,7108.537369694852
97808,20868.688156986696
4461,43619.09012082065
17188,8075.2612954711185
115714,9059.552728349063
84472,129959.77069404349
27210,64298.423674545
29675,11834.851555565478
127324,113672.14193306823
116860,47513.56942011737
118887,101528.80423318667
79147,376767.33861737786
132817,13741.135069356387
128525,2852.691650303563
112125,18251.523645593305
20367,8420.11119778686
43839,6978.685873448339
140531,29214.30761150136
102936,11995.120227482494
144269,37077.56573443001
97928,35018.01704528623
101620,17686.252319635805
4624,19204.975425029217
59169,105683.41034549667
34212,47300.568149885694
110605,11673.623866394082
144119,177174.48564985304
77606,1152.4352842998517
101448,30800.535803595907
56865,7264.543542704646
15030,8098.43654735874
80294,62286.83900249825
22643,126279.9744533409
89005,10487.305490142602
56030,22766.55583329862
96465,18970.748740399053
59364,5507.086510263745
131306,23754.514673116362
132375,5161.037817332973
16164,25677.562380236686
97898,23725.457073446083
97259,26903.8601029742
133234,19432.077232554017
123348,23634.679896819216
93460,93586.04975383596
79162,32883.52834534427
88123,20480.79838616472
41772,16306.99853530027
80713,12729.026194851998
97010,4145.912997410326
26751,2376.1020688018484
125575,13391.869751083266
88499,30678.286857722363
31564,6170.245854800666
28479,42631.76137113272
103084,253309.74454065712
110529,17883.237435305717
29293,32077.24970709754
42545,6367.642803942064
58810,9612.566724407254
107877,5501.641129067753
13486,196109.7840188103
39296,9263.636329630797
77229,88568.2895195644
85005,7507.5465997223055
146573,47213.059514712746
13240,14278.574486288619
123066,8075.761765703526
58312,60217.44505328605
50562,30841.51813206312
20098,29025.47847409768
137004,8359.83466725423
39840,17755.5005611757
13078,5607.749768988555
13021,29867.663889874777
42516,12157.56176769452
94793,36737.646928370195
54571,75237.90313593447
111883,26492.890165282104
61009,55781.79541446407
94992,32316.915127968074
124680,274803.8502198001
564,47771.14284836396
129098,25518.049491122732
137536,142483.54162431162
123622,247205.15309474926
132145,3257.4349669531775
96130,4561.616677718542
74701,14694.07761988769
106119,4829.340808484244
67749,4555.607097027196
145807,6950.309041513175
65286,26746.398377495265
76698,23578.721934449368
116688,82934.66662857392
114195,62247.951101795785
105227,18112.964076053337
126437,8336.035576649976
19400,9809.42998765282
86777,9202.817417513706
11766,16536.843516695964
56437,7798.339077828039
143329,41782.543734356375
68548,18661.16905208143
75890,4004.248031032941
47639,35107.36659473383
105418,22174.01034705404
148384,30437.67490363671
149782,7284.676130561965
77779,12480.71113350782
86356,33491.07749154482
109996,40829.00007748729
48990,2179.189279403459
69332,37978.76115512283
39743,69305.68612578398
32972,3027.5634388206918
134051,21397.44120016168
76796,31389.721829098788
80080,7824.5471036109
129061,4165.608632974568
95334,7888.5026969635965
126789,8461.359545377649
44291,26416.34340020817
65288,12418.557041801165
3929,26249.49839171328
127005,15977.61187882642
146183,7356.088959783317
1348,54127.01072597735
45428,56567.203335866805
76746,10364.54698681098
78366,51955.802075091204
113878,31219.26171367626
121375,70473.02699963728
15480,91081.91219348217
48410,9950.91793828738
78983,34034.23614457379
142450,8485.60470979439
105154,413.0064328788427
16146,26217.157604588298
51101,143702.84672776455
44300,130849.4257554762
116244,8604.811934377587
109823,5157.042328918855
115619,23698.106724104677
33857,31861.386632370173
77736,113263.70009519129
41681,4581.266703741161
128789,7923.948991572022
105439,41038.820468410566
61946,164698.25062808782
108792,4041.480726589857
132456,57651.818001111955
146833,5420.639935726626
32408,31728.724721326373
105722,1984.4166348620777
21185,16369.555123817232
134444,40481.77872223922
20981,68627.56961653894
130999,49775.34639257636
17924,44840.34701654158
9336,24855.501296674047
111523,11324.660464367673
149767,36701.00710050458
6902,84018.80041837278
26849,17420.14689724306
39657,22180.79346624163
130248,104263.8646596265
58188,36972.86469300431
47874,7175.04621333969
52980,29603.180271543988
81071,51306.51908339028
102256,52627.770741955035
112559,3508.4860962053153
27705,38347.09256139395
49769,14909.593213703387
20339,24053.43941176856
26167,166004.9394079082
137297,4577.771490621199
89118,16571.380615163926
109552,6708.451950299033
68169,7869.994812586348
94298,28135.842278844113
147168,44261.86725363459
98268,91854.45965539433
81259,3768.0658782125056
37791,19682.444593357795
105919,120349.69766966303
137960,10311.490638320709
129272,42791.49704637825
73311,106837.97000514771
130717,4903.9808592532145
112378,108760.20898002523
94243,27357.79912271508
41841,41358.3724404568
32761,55328.932203739714
97453,105450.14321651349
144576,76712.65739167819
71338,126975.07776443148
124119,1048.2562295056396
67032,7633.014095715089
94081,20876.56505250042
142093,28802.05322917564
102376,4786.444442248641
129395,59955.42040663037
75109,3887.45270243806
89230,40398.32255590598
85299,11052.973570335602
149698,30118.400700217266
56306,42692.14614027389
37546,18751.406188625384
127471,33554.07970018152
26836,81799.1085052762
91216,73057.63543473359
43156,106200.6061976933
142468,28824.728865166948
17544,37349.57664350135
112782,4558.616054711995
50265,103394.91219307524
70541,49484.666391702056
14414,14176.734326562344
91873,161308.6467070996
145735,31446.081419845144
105508,62498.71895403703
134592,9740.11149611083
49713,2025.6622146336597
2282,14865.835184616079
55845,15360.110643906559
89178,76584.23089775168
76579,20688.76135138464
9657,42449.49174061897
47615,21715.616083841596
63941,18927.08422946611
60923,5703.420330515025
51130,24413.063960693133
137690,40719.49813255662
66710,34744.00881958281
102785,1483.8656749370161
111878,8624.490554897136
34549,236876.27442177292
29494,11850.333807249855
66017,21262.807418779583
54860,11789.44447845636
1431,128267.59502415717
140044,87291.19786237086
81720,11594.715119876857
119188,16446.452522171963
119859,112589.35623577802
19625,3172.030687072237
32099,1356.7168371982114
121155,8774.907096840865
77248,59496.77590953573
48779,53935.262646481766
142533,1092.1438663836097
56367,83358.66766101765
118814,19353.292487019957
56426,11433.546465940775
63743,9185.433136959247
19435,33343.9804373566
131177,66945.83097733103
39433,59281.995430021176
139360,157864.04709582072
145782,137267.13296106522
33019,78140.7186474005
17635,15810.216304502981
28947,6615.17499603269
37566,26086.846207928873
50378,155315.63207661436
123832,52475.86603273715
16919,71045.15616856673
143801,72983.8769511161
138614,16280.707686497652
63618,25899.405827828377
5350,21407.57918606487
128341,72396.04059013346
21965,5502.869066754014
102045,47962.91379767573
12587,62441.498707891136
113195,33180.293676991954
2823,27366.916507116784
105905,18937.699649895272
49786,38680.45509784703
63389,85908.88037657735
31719,7575.63543733657
30713,61169.26202318973
91044,57520.975586158784
114992,118553.50119803738
149897,18544.27215129074
89371,18439.43614115821
32002,24120.440600674316
112295,15650.410459750708
137660,25521.92079950419
125564,79071.6785283816
147306,23961.55908568854
25276,11809.586641736614
115858,4387.752439023439
56997,91208.61984281061
113207,27938.36382973107
2705,49794.9416492218
96041,17806.88069595166
81158,92087.14176662042
17072,28214.967159155498
91977,810.707678087957
126807,7866.821732142388
87869,24244.795116041903
74061,6105.618190542252
90925,8630.803188904241
148744,203280.07466687865
141714,17416.23629625711
11893,31032.779437797446
43993,18159.011712236083
99535,7412.792888689604
28534,7080.685916078397
51050,3441.519248086407
104108,1021.8836463525922
123360,20848.742041347796
130943,23805.026942401702
74608,6822.205065747954
19195,2403.2977120109203
97459,6806.915921067786
122560,17055.40761194237
28991,87952.43755199341
67834,37213.536324252294
126331,22753.40773143388
20382,3391.9933228949185
23489,53892.4471581478
71102,8309.43595768463
117422,63932.036292037854
139043,14002.845728307906
122382,116976.80065865393
47208,2998.204081984014
27093,26167.85575247529
101767,11973.590647957284
17357,19460.7571150022
121315,15386.99935065156
79673,2016.045026712476
142323,17145.61141926684
1140,4538.170547813061
63858,106371.96516095448
144649,165158.47126698273
13370,84372.00213010743
77708,175718.31622440336
69853,24090.61451193809
108456,56181.08177104196
46133,8149.229000401616
114342,17478.007624376944
121898,18536.273468764168
21550,53497.12141335666
34426,7646.98272732349
147991,26633.08154131585
119330,7042.09518201868
11518,44359.888985560036
1112,8149.433628461613
35358,26281.604393818598
120576,95960.94105781903
133164,5434.917922333707
25702,2918.6891803833178
6804,51036.77684188505
61689,11808.576368327784
62752,10083.60696328309
144726,3534.4489963994984
147004,12282.810504329356
12109,5709.1359399979565
103229,81586.85975783679
31776,99427.36009908223
77165,37060.23030086546
29541,11615.800974014419
15722,17170.359282513084
21320,102733.17802687369
100980,11208.691669686774
87902,13332.904488049384
23043,40681.68963900227
138102,11953.796839724044
133091,98023.35632543138
144451,4403.945239921747
79621,142860.59038275032
11961,17664.203518705846
90556,42405.53995928129
19429,15957.512576103061
49183,17912.888470079703
139635,6565.290539226766
101634,61510.45640057839
27904,5385.71909561649
54787,73822.94175502312
76187,486288.1118777428
42667,17058.945794261694
6750,2526.7052756815956
42812,4027.1891108014343
102383,34351.37735325769
146850,7312.947434030255
74557,39888.91940673336
3901,14279.856982289177
64812,53725.34497817399
145496,81894.22835759947
116886,5057.981922233579
17559,2181.101598096477
25857,83521.96998680165
140916,9392.983451490763
61229,4257.336512303442
112664,13542.426930545042
115924,67593.31653297856
31682,8799.677151484726
20590,113494.7741706949
77795,27536.882164803726
118799,18319.97108535622
6205,10482.080258478818
52015,42696.49859675295
146128,7805.8611857005235
78186,47865.53162841499
108322,87218.66046029418
28693,89380.74042096625
46665,74887.92442030433
59366,7845.904979380537
139697,131164.0913412825
131136,26192.41568193873
115285,341024.6884476608
60100,34250.333631798196
132434,35288.58805215538
76325,14079.226278233775
129446,72086.12376042716
84548,237614.70778982528
147013,10394.544015518422
117820,47601.112823037896
133928,6685.840897626169
32383,26353.958647538486
19794,5840.761718005872
89030,23577.03191641398
19103,300.30062305667997
89232,6680.610713036831
145967,6301.086886062592
42422,91924.01031914032
55399,11897.998117492136
38759,121195.91998202674
10265,25862.613058196846
74684,11416.559451003088
66128,8949.688496888271
30905,125131.38562606118
56317,7388.535704021575
28686,22791.071066008622
8512,40465.305611410186
102003,30118.60752628121
57977,125954.67367538254
18397,7202.907044599038
138848,5360.286889823261
110874,91246.48119885816
109051,43716.39664247977
88837,13117.784519525201
129994,37980.918797755796
21857,20713.705973838867
515,10128.36270302256
79796,31473.620385333066
72592,73028.14227501035
53064,30233.790303102884
57716,31810.047060333494
142375,107697.80233330402
29016,3019.085467457877
14331,19583.670281178536
80876,7025.349318893015
25855,60962.58082916515
126671,1926.703229980317
98902,74023.08282305035
134332,3016.528451834025
56094,50522.993642724774
92965,24087.636145461744
20393,23512.882783539186
80156,85932.85260763858
143508,82363.92483263048
11730,5328.897948276139
74675,33818.81618696938
53647,41469.89785393799
43217,359147.5291347039
125763,36160.659790840735
32591,34006.975149599995
141937,91414.36319619772
46975,27096.875086176005
59769,11768.16789450729
17093,6496.506468931392
5025,55996.489339615924
46061,85182.39608616645
138624,7569.330489187806
9655,7082.477803921753
22157,12956.892964166736
4713,5149.742453236612
89818,919.9632154229153
15721,7806.268247069371
96213,31100.846176978805
72644,90083.30247201724
147069,4393.89524882209
65490,5983.867816797855
34892,18271.789276776333
74245,108266.24181910562
64386,25993.979585615423
111530,4355.789203653485
10095,37314.73792596637
23280,380524.3019158887
125503,18903.287278848264
48316,6024.214667549134
72651,9379.355249660914
106950,8602.765282653021
129930,4390.8764401295
9804,16747.47849956731
13095,159267.72869298293
109796,33323.847114311124
104402,102026.4375238395
13684,9728.129730074379
19668,6366.225463774361
52266,17817.358669023037
3254,65501.14264602951
9463,3203.1327970408215
58468,37479.69023613235
121426,25549.534062733328
10505,10827.055261768759
84083,12763.5486095379
16018,15107.566295721965
56630,37315.80044289701
12234,9564.193568958579
81257,122030.44941112274
118743,2299.1659066675716
45368,66345.29042845483
119829,4562.2632501265825
92693,84862.90619572328
63241,8176.188802406921
9852,7416.302120355898
138424,47445.029858981565
1464,1456.252671844909
1549,76725.50399221631
107536,5695.339037045596
120937,7946.3084812211855
49180,10461.022662138079
112759,8406.673584800228
119282,8067.069103300875
77632,9063.010951501366
65550,104765.54554492491
115384,4948.3501352064995
8283,13792.901057604911
48662,13792.8220958079
36735,33183.090634378816
131924,5435.783553223062
88052,27010.591731460205
133777,56677.6960573046
46715,109019.53758050398
58276,63154.27355082134
78747,138288.46701503606
71245,8877.349637278037
25275,7584.201816023742
35674,5266.835969605985
113104,14304.399171193898
71108,46086.18826561482
136847,86272.07570658464
81843,94377.08790898684
58247,6180.668076486369
37448,145011.34126469467
58014,90729.69955315861
132892,76630.54780621856
75518,19883.386488328862
45923,7329.697438888363
42664,71721.9144119242
110408,65081.02685547791
85088,10542.608770938075
36234,124696.48585101412
122220,1762.3908510073375
71056,53100.11595082694
67538,35217.872686360715
21818,2227.2764626424
105005,15407.192671098994
24824,131289.1581118483
61037,7680.158574023527
142242,6625.813779262899
52257,54413.659574731355
105886,2132.754017658041
57849,24510.44280878313
84632,25093.264948277487
14907,87309.11265620784
94602,186651.74780552954
24089,37283.906776520074
143524,67327.95659470191
40186,7000.742523136947
31093,27925.41692129342
47213,36362.3084036882
25467,11755.468852756125
38359,151376.8662784818
61969,13755.805934493219
29411,5819.876691534407
1731,10033.03426647974
79130,35167.52616318622
113273,4743.867529642345
67709,5328.879148033119
33855,40059.53635154121
139135,13748.120467713994
122830,4640.678958965068
82508,34475.051796366126
49819,89694.4753253939
57094,14939.709076594094
90109,1212.9181473893318
90655,65075.34465633533
85073,174565.52500701364
42552,4456.604358948904
39110,137040.28127195168
77093,9036.78680336062
61049,28500.050269308507
106972,47187.55567901318
93338,48896.76654622321
48800,93123.7190306725
89558,10775.672931221696
23682,3389.198098029008
117225,23187.339899638697
149679,8421.378737854198
99608,3770.8453130636913
124548,5282.165706135849
105915,3226.069100267986
99107,26735.773816432822
10636,3517.3620093733794
137490,118483.36021000484
117595,112981.51846912778
52348,4120.670192093539
32666,144025.2028541176
95336,28517.437717426787
140478,15565.106151836424
63087,15754.44228674897
128970,30997.58518589598
103644,11632.679748517277
14413,21851.49286189065
45164,8453.131302976224
83193,1527.2540826137813
41431,84514.12494780318
132163,40797.10831030449
95406,10193.44219493783
55053,46573.122839614116
20385,28801.175508909913
36702,4879.385198448987
135527,10145.253849587501
134305,41991.080912158126
93674,84198.3258065827
86388,8439.089777445133
121798,64974.29902090637
6114,17180.55048489349
92133,93487.8755306687
24797,99858.19969021787
12576,23448.86715588003
105978,3130.538778964064
123770,75351.74490374191
97477,127371.15528968528
136181,37454.587491816346
14453,28731.863454576087
60686,7972.561598513976
112185,18843.22776559352
25977,23630.096532372616
85084,36558.147935139415
114968,165157.70146297605
85574,3681.7787302548313
11511,14023.14041720804
9821,96384.10050059023
116750,81215.660897625
37071,3891.7039888953523
47373,6223.869797916704
51952,105276.73668801496
64512,864.9172778037995
94952,12840.985510204315
14344,45038.26593996653
95853,9395.514243429403
59562,12980.535613094766
7396,28308.152989556158
40578,10611.966875824535
87740,9095.077930923264
12606,19703.238601572768
37622,39266.94209018484
11066,3386.624995247189
27795,30141.07607880632
56800,2678.925375164176
50019,11487.988661946809
29182,48566.73169684162
144344,18566.308437554228
81760,26127.354014456963
34105,47556.868686810274
88717,24317.49194711908
149062,288605.3296209071
27188,48090.22695835633
34067,13176.56176356535
4449,113129.91717480967
83805,49179.348948169114
46509,31464.6952932144
96776,3021.1000774300437
25802,17686.1243194226
102381,2906.003714035327
139501,111276.70404508855
145973,3059.3645157372093
84793,10975.775542921147
12825,10106.181011664787
102087,40994.68410935697
112523,6254.881457407504
76358,29334.701182043456
78842,24379.273775677728
123017,161162.39423091535
65931,8135.602170905861
84896,16009.790144019
19492,16671.91922298432
129541,12873.128056492691
82881,8071.336037914217
94227,86634.72653284046
18754,22325.431431045763
18289,38197.136755675456
134924,8966.686996338716
36659,126419.52147582859
73395,160016.80468308867
21957,14543.926939176183
140507,84179.56501953992
149771,2964.8414446279335
139739,11839.41606173509
3857,29837.381071956508
80303,5535.259198139763
60329,10053.04088309549
149264,173991.5326383425
64099,9092.717256716815
3342,817.6344498815581
111983,13703.801440665422
36348,6601.20148406483
26801,6986.2199707974905
63793,49175.68088040516
124109,1597.0107012163862
95432,14605.43704122024
223,9961.01476151586
65431,30563.694101927096
68778,2891.8732639077034
56830,23322.687914397167
47466,16430.991358543582
89685,45126.75274093085
121487,57878.048196069256
17562,43564.70921141296
2817,5406.043980642443
28514,2462.594947621539
13869,10018.138106613369
117035,13590.799754204922
125047,5729.813527045799
61191,53215.54700160046
18467,8293.99468231031
135708,5761.250971212286
46726,2059.355875891037
2589,60470.524130439335
42853,152678.15400968833
139287,59587.82997051521
133643,33912.53347504474
57917,14283.376896929884
107689,3609.84822710311
54530,7532.99993981795
81616,41696.67417134197
80516,19951.86702237803
38718,129701.60819826103
116021,155458.58196899312
143480,12306.211080763424
31231,6590.422589410044
142714,70679.79334037243
59432,36056.44925972445
112183,86682.00087565658
90904,57546.617792804325
136522,6399.914177411106
73241,43345.80113659725
28687,12095.011510018901
24051,2406.329645662846
80120,25717.314870808914
16683,19469.955972899104
12305,37730.86521452079
93156,48699.61875309466
115779,53908.28280670908
127543,47047.82416829647
109922,16713.21492694647
146338,14467.085095350747
80173,30054.672573988923
146433,3501.4838313595296
63157,3150.8771371501134
98995,9623.307607610344
72061,28692.93121321788
134928,108159.8433812863
43752,66601.5444987471
103832,7431.758630318596
63934,27857.326222646516
108384,18910.49764488316
89704,15122.616459339728
63190,31092.516307082347
2022,13143.039120119993
87789,3945.329736172277
87379,6830.524974367612
21723,12923.919139042642
25359,15535.154657211006
144664,15674.251364921625
33793,22776.969239901737
50028,1501.261504340752
23639,158940.69143661103
65287,89460.10360421086
126704,8556.264987280634
116908,29138.15773490414
110640,24218.990829815393
29597,15755.07334257428
99425,71622.88634949352
113473,63700.983902498105
148626,40055.600048600514
94028,6404.324341031714
112364,12977.09977583668
93053,41354.852642849815
63277,49257.32822074605
123524,76338.49222578254
48017,63715.677334385095
18859,34662.47256867873
802,186883.4242536241
138511,10025.234810114493
140705,14770.853794608167
77685,22396.26804246309
98818,91171.7519726917
97754,111482.99723772849
23838,12917.327054014455
125844,50824.47854300478
123797,6617.433681986434
131680,7690.100668307553
99928,44135.81721401863
132664,38000.83298439279
93914,6630.22741996775
77183,21423.442139773222
22060,16503.439944015252
42968,13978.104134617275
15964,5799.041271329933
16652,100326.29829630343
80807,65930.00679356634
55170,4212.862839371382
79284,13477.778569152786
145561,91855.03223430915
36943,4805.088066266313
8251,35107.77602459745
36407,3550.844122323071
99304,14292.589489849768
50710,39629.01475147316
123109,6205.637486308382
81352,13196.16321212057
32764,27860.5781219373
65379,8457.01995359858
12831,27924.23962534349
81386,9411.826291149815
44170,9344.353621281436
74662,7737.445715044383
47773,13475.920444287245
100452,32412.861704814084
87136,23047.28989552043
72731,11263.952516423527
93745,23366.800808044165
144542,50163.291271394344
87636,59243.861198243845
128674,23187.172595094875
62069,6267.83024387878
6327,30326.243301872106
144693,7844.681270050361
55875,8508.243923795648
90507,5940.223670125935
112817,8724.1275143456
77192,4185.514687415787
36634,32798.28591271976
146517,363781.26517099276
14788,10582.980914954984
146143,12512.536391218675
9385,8459.020957781362
128011,75072.27291291035
146667,80973.35519411229
94754,79585.62826476303
138688,20707.304212737705
90595,54813.15808361547
113952,56996.82583291725
92197,4144.404579711097
75000,6289.724427943115
47201,73646.1476656061
101215,20157.93370909294
87117,108258.08905963357
39978,40719.77545440149
121520,9861.570776723138
75784,46767.25815545921
74436,38884.61430817483
116023,34950.7174132731
128234,28628.74223119887
61527,35674.25858740409
93989,42416.9607472881
80775,65592.46434615766
64980,60261.1867465853
105024,106522.09765797504
23613,27227.562733495568
124664,3038.310816632764
1851,25148.312821172305
65816,8499.022299397971
94829,8035.986942354078
139458,22115.613737370688
102123,1248.0117483710198
120766,14112.78376960706
131053,50300.88840330016
79839,129866.25019324644
121969,2055.7060950349337
55505,98164.12484479892
16813,4938.772690319109
126846,40645.21673596357
103333,43331.11950857481
64586,126728.57129777201
122156,31506.286279129377
50792,5788.465145698466
67788,57031.21495504451
112663,15885.551365718442
22345,10722.016716186234
87904,7693.699308578534
6723,7768.936423228758
111594,31921.787299808013
146527,8855.677552791853
98589,12012.85704541484
2807,238602.9810221475
63172,143555.82797363517
138655,11243.901196787016
135889,29005.748329501443
62906,8235.557612455668
53794,32263.70862896765
56877,23750.34065679677
700,83329.68721902344
14482,4364.084978933255
64162,62473.06225831651
101797,2092.090069456237
91547,3191.6375483559314
74933,14808.99379706981
140982,2375.8189525132398
73586,8109.548120210373
41028,114030.88744576156
114688,11298.198575617444
98551,42296.64386304395
105012,24029.987153978567
12885,28302.588778449965
54903,27827.6842288635
132925,66197.5643743886
69505,43286.77647237634
145281,1573.1194019569707
79741,20584.311880637782
101499,6358.292909130806
86477,35940.916291137626
47108,12945.580279331465
47401,195817.13913386952
89181,53898.91710140614
84597,52473.427807611806
133779,130690.02165522668
18804,87002.53546159474
63306,62383.47355847513
37490,376326.1504433446
122752,82342.15411633837
116269,93818.29411819774
117458,3403.1077472863726
102748,35377.009076558636
50759,36436.04342014597
85164,10100.90244332843
42334,25790.40619267735
43581,58124.81324470082
76080,6365.969652991369
91066,111502.21196594072
54186,69007.6256809162
135818,75634.24317736713
55036,111528.66861521864
88705,4057.952859298665
33721,25302.438541022526
32919,42645.27497581385
43082,62588.50347351484
3515,52269.50476869447
124903,12560.004922320244
29107,66575.57265450581
114769,3599.973819994457
55418,106003.04700667094
141901,7169.772736263678
53417,42239.18378658771
70653,14900.192333024883
42408,12573.940474807248
86409,235175.23803036296
68666,25162.1321736677
124053,66765.89670153239
27432,18376.546970010084
12969,39100.54347473504
69475,2136.25110080882
29662,100610.84046524733
98255,46504.728843181336
75997,6229.978801882471
76944,11846.648347477198
80840,9237.203261315743
134520,24308.23369343682
145112,6523.2026609769
82733,148289.57853687863
90653,26807.187737884964
74765,58956.488380615774
90381,1840.7415435768967
109988,32204.897943224703
8667,1890.856714443279
105784,35204.905965744096
31147,4535.776871766228
105107,40166.81088500019
67829,48899.73975047305
78384,44733.805943425024
140456,44510.28355945562
4426,16460.07837531791
120531,29775.340714903487
58107,34261.160956395164
140819,13034.30123205413
144686,115428.90636091662
135148,4606.020023833374
43354,34232.67094702674
134368,57619.68103342224
44413,10088.7905940657
142553,6913.888320943436
27511,6668.424299175436
50795,61597.26185448619
30460,54092.20534601661
3265,49329.01985067918
129521,31424.006840950933
117549,10292.595830260914
73083,2456.924000270538
75265,31025.98522284591
87697,14397.726201850466
74258,10116.017154747775
10990,8533.465753531587
86814,10530.878766511672
117301,12961.475033956382
34256,8822.60151671722
92755,6160.765650005401
23584,9559.010080071319
23698,286775.6266603338
110600,47551.70431110992
124539,5910.78103020582
125132,15858.50637567769
38487,10004.181920379126
145708,55516.410463491746
122424,12267.024806736481
112318,4629.577268919901
10771,3240.2557578914266
41221,19274.04987109778
34213,125494.48325541793
63727,15232.012248128707
26475,73144.46835580388
15339,3890.1461294250407
46003,21431.96338262941
140065,29180.169651105505
51327,13594.93549543987
110664,33384.12280613352
80988,39849.67061795446
63083,3044.517640991097
125189,389729.022715783
98424,52437.56571079066
57321,95877.8696750741
57042,18898.220735779265
11626,1395.2913690634489
4669,24215.66905549679
17510,6022.210931341009
36393,10771.579854984282
43404,3894.9062226512947
16223,6537.931939644614
12542,19648.5841919076
31965,5714.810001747675
27321,16427.26446728103
99512,171881.4241934198
33658,45783.194512678165
128683,27063.85228865672
72024,40195.174470200174
47960,9996.126652071951
100777,8556.782276001783
53364,34994.90050867272
115430,162116.15715816146
99519,25663.302856207596
99015,2899.643443215801
141911,79065.46353538912
38993,14688.099941598563
80512,5117.760723425279
118129,76785.48670590077
71601,15291.061938132636
78056,16919.24126974115
82286,10408.4010637098
94579,8385.923675821745
40602,29824.087343775696
79104,12707.76548939926
137428,8710.944170450817
111914,28701.62464297489
33733,12983.02763724298
136705,1246.9512509971528
81376,13626.347304927378
143538,13707.4623919753
96790,10137.579895013298
90061,16524.17517572574
81018,19934.618944195667
117390,34465.61152453857
84889,36896.56381341709
14108,7379.7194470947015
85241,22077.74229374137
97811,19295.940313243245
146575,129888.47163370876
63476,6012.192357499699
4554,34172.439099958
21523,11742.681309583106
95765,17868.915904134657
143966,10566.748311615502
8037,22571.347300719375
44946,9917.213053451931
75020,9717.201009994094
2776,79235.43493278218
39877,10154.190197209706
26844,23413.556663497162
42823,8486.562016191176
28842,4068.1094400375723
144702,10954.890310247052
145353,560392.497054695
135189,58584.81329367636
103152,23746.436893010894
142825,118964.78757636058
103156,18804.89604032838
20231,17016.153442003575
143447,5224.441142491083
51229,3900.731370008908
71434,5487.121688366196
98494,95074.92865088224
115729,3834.3525167140774
83008,45467.225727272344
59701,30152.885755913256
90307,6049.730796741426
18554,2268.404861240606
62475,14532.315415662219
79360,16226.295978137301
147197,57888.88796287977
67184,2767.939638958628
16401,12551.287762794393
132427,20144.093467548897
126834,232072.51461567846
76229,52262.8576474616
7728,27533.84235146531
90493,56069.32372120372
58553,84604.39524464801
39590,15231.961787270873
146126,56113.56391879034
58687,8314.82943071017
24569,10310.396085473152
88520,103446.66472266335
100051,18876.614932958495
55813,111114.22629402444
13721,106941.2146449382
22042,17953.836783967094
64681,17540.902910657118
73001,42020.79994748307
110723,74885.69326588801
1674,68324.46529527524
49161,5144.945706435505
12330,50769.81686381578
5439,10840.550445034281
112345,75207.19100674345
71562,200127.7574947812
46776,20969.935617357303
74630,125639.30137281993
96690,8429.450042128918
98659,140804.15302742503
114025,210643.4629162565
117683,12356.512639422637
130577,16127.726342925289
26616,21421.82283114755
131957,75104.54884793275
136072,54619.49883777586
139166,1992.042230344342
69978,23828.042741807432
27219,33563.783676517654
38083,2944.6693610628263
11915,20500.52679842664
51580,95238.25921690135
1874,15959.48018272442
81203,23009.813952117904
23033,11323.19579976801
30790,6157.963228107856
127722,19596.701327056657
48726,126908.14725013306
84268,66199.53111989565
10532,6668.690118138515
87680,147593.0588846848
98532,1704.2089062793837
139053,1243.983353842601
30082,6430.839739723878
65880,39931.80137070593
74897,85660.6359975781
84491,1216.5951119149345
136134,8653.326742591904
41734,60703.80802621147
101806,5671.497310046744
63966,7654.35671327708
5799,7694.912717851941
124433,4465.855507261024
39711,125529.52413635368
132403,7521.5409851044005
9580,87653.63387256901
22581,16135.48263082576
19742,87006.77577337244
144109,42531.0197617198
61612,8943.952753944804
98692,39228.318387119405
9629,118084.90816741777
148902,18026.352125331356
43475,40767.731565897964
93132,43328.61195366592
112994,5315.77710689149
115197,48801.409349892405
11805,4512.5303151610005
547,46821.91619844933
597,25247.330764858616
59116,12394.195529889254
121361,15314.18444584468
98649,7263.17037602662
75089,13097.404941752886
100093,17742.542068721516
16968,3328.4893163498546
118866,1970.588187494678
8089,7146.049052076547
63525,17754.886843237276
45903,17272.796080233165
45181,18491.8872590419
96548,47951.90737556119
62879,22341.324557458393
1295,30055.273678807782
117340,214864.14954751235
46028,6860.805100079726
137106,17254.88389106917
83185,13607.595600708752
130880,80950.22295729432
2671,289919.35344188934
67374,18388.581315434745
90783,68899.12859173244
94979,2002.2042246342112
48563,249922.55745827197
8831,8890.796036195723
130802,62778.919350907745
106765,72550.84476459619
138812,8232.678593794613
100,18463.53842902783
15764,13822.881960202047
68280,19294.618371389945
134237,29381.4635435188
135329,38529.35566432882
4647,16411.05353145454
4047,8782.645202166263
134610,32357.60710894683
44535,14117.442163908694
29240,24200.74175774605
114324,1855.3378048458164
110682,31466.467598349383
120421,5688.9540416802565
139124,9993.859437999385
106438,94851.37940123474
95750,18992.070249126777
50683,4474.373304489937
46228,3298.54594155188
131241,96553.27149973402
47518,13655.442975172748
6849,9946.13150983718
113322,5144.023116892078
17579,81845.79523474793
118421,9054.867961712116
50769,9193.909285025476
15984,44356.97548896762
111084,5586.679832753212
44058,69588.71778528646
114605,92311.05163335643
104429,83492.03745013794
67590,24161.460712320106
74390,12252.819241228224
1144,11527.252988587079
3079,18335.387163971325
141017,9068.631190042395
144602,20737.603487998666
48498,10886.039532685172
33478,20030.969094145912
82769,4264.484026855862
115613,64252.08121787401
40145,11444.568401480607
136568,29553.316643378093
47545,37204.27256231172
20975,45455.363027851614
88082,57104.10586659661
43636,7324.918295408238
96798,4499.61997064337
90586,28293.139460682098
79170,31703.0894746981
83172,3285.5588593303382
38853,13538.00046340009
50854,18287.499143542096
22641,7019.807531591235
97062,6634.602780347402
139271,11300.6838556559
90200,17265.898183303387
66810,57263.69004058151
133713,24233.634725451684
122736,15649.684320195101
32240,127734.4615933903
58437,4779.221782626782
47795,7148.701208171795
37504,106404.63215312833
41959,7634.888074575396
61693,59651.02837232387
30533,25367.593923702007
20262,299317.8709698402
7482,3171.2906399971407
99286,21206.402888378412
42372,69661.02718430148
26118,29108.968829890913
132857,46600.00061506074
54361,52199.540643674474
102210,3282.9191526558006
89506,43150.48023348302
97863,79421.44238083359
4592,53266.154281322655
42838,1325.453257231907
67941,4568.984449697668
133543,10272.135033986222
99091,96798.47499712295
63143,48914.3665099239
119684,77542.5613453103
131017,17513.826994556046
56614,20778.545914589904
128010,5486.735746352399
17185,3028.7892149599998
102097,43031.78211735093
86894,26873.39967388524
144032,2580.2473543825176
13945,12056.424415484795
71614,1583.6842978431616
40043,7351.495039345726
68747,4352.693792344087
62671,52459.65433884673
5345,16483.211675254868
1949,20374.08125514526
113655,58927.83392394803
3854,7000.20095004828
79963,33260.38269259818
73262,6380.499301240093
59749,3066.1081587667777
139554,5399.576331418732
119670,11910.78155697442
116144,13958.968432560501
4664,47532.379309898286
94433,24083.29554035863
96342,12658.749738718907
92734,35307.690378977975
31212,6171.989587211193
59429,1707.5735276081953
49596,105375.99564562755
112119,15774.037207165908
100835,114850.44555936052
103202,36546.3438527406
142250,18224.31370205442
54322,13599.966932122608
51436,8673.389932334092
20107,59559.40568001979
21847,19501.75785325513
143648,9170.74197915054
102730,11939.363455953115
37461,12943.764443219665
1141,4953.458934363807
101094,33158.13105168096
48001,8350.610682976574
48543,30724.63965107702
27291,1517.512438293181
44037,18381.84204506441
130925,42289.420713668595
39165,109846.02231717581
31829,8834.189276395724
144867,7021.767635294158
131118,81780.26889582252
142074,36510.45640071521
40611,98810.6017462296
6360,9873.040860329122
107862,42206.9884016841
54161,4909.282211030106
132079,61540.89885481993
69942,9631.419833584408
72012,43925.47154519252
127864,49232.8976167192
84012,82557.78593669484
25307,15798.081730937933
39232,10564.429771509202
141108,12021.670902498754
54002,43853.2822259621
72677,11441.054961268212
105128,62828.653689109575
40444,62615.89087369499
125683,24591.22560880058
69592,33836.407051394344
97670,202385.0698731956
142284,8247.944662665304
20775,3945.1355903350045
106842,9525.065623454006
32688,20952.37364668497
68741,118034.62102372834
44823,10733.910940730188
68096,85235.72183811113
12028,37706.10015108602
71543,63224.8685161861
142819,189281.80166197362
76168,20547.88593170644
65074,6532.010745821363
26519,9010.42944102051
85125,124186.74548985208
36005,5745.814617964518
144125,6525.892330822654
130493,23799.405614254654
95360,106598.29878100527
34934,62887.19918101678
87563,26939.40135632719
110634,1851.3624500523124
10037,58736.20366079796
46876,12977.939040514819
109904,9368.963591637144
58951,20451.45476873897
33165,48967.66042791235
139097,21037.410069470076
106166,46960.383539682174
47516,52717.6023224392
134809,30315.140734826764
128390,1397.2357102374556
102578,59189.87747863528
142171,12836.132906461968
47968,34006.2568341018
101941,11271.044889890969
42210,20517.95857392267
3674,12594.351909482111
1323,16623.33556693548
10900,107549.74451578777
50798,30130.57758564488
115032,123064.84826411706
34365,1224.967959482142
137280,14399.886905628879
27136,1296.0631292072705
21327,15746.169628856731
39382,15310.767662628039
35957,53260.874782975836
51038,8772.883148558078
93325,9585.53266771965
143575,1493.516360172041
87310,46238.42177744259
86169,18315.019605321704
74004,9923.75514044071
30016,10475.849592650278
69914,10656.938953638684
19208,15611.746872507818
29722,8082.171971383567
38037,3647.6411399644417
112842,32724.332418930855
128785,3390.6233567288195
104121,9471.89433837755
28372,20517.21540668084
93014,16462.897485693455
32932,53688.895546011656
67061,18566.394856578354
81334,91942.06958318524
12511,47359.22801557369
49279,11693.10963840973
71027,4128.550611735183
26480,27691.52700991356
21361,17975.42450154829
3580,9603.086403403493
120789,10696.684024554275
125817,10775.378097539138
73210,10541.220969347421
44055,103094.57821443403
144395,4219.119378399039
143236,13127.622901768986
143864,106524.57453548654
102631,6380.912482709063
8824,4276.752120718463
115097,154969.03751697042
120109,27967.66358371453
77078,29066.16143615113
118451,155793.999705067
93584,22296.805216835295
46891,77522.53399161459
149783,96286.04934320741
56559,1418.1658946242892
146720,7082.245972512956
110843,4921.469375659142
97568,21858.594890607495
13453,7240.0826814051525
16204,2375.451528119061
136765,10323.757093373508
60042,104696.5301613641
44158,16622.320485895558
81769,20952.3353198834
1193,2600.6395268344677
131817,56368.36964048812
76632,5742.9056647135
41006,120796.44600735477
148792,11490.283675548002
35146,47007.37049975607
120517,65984.71978927344
68698,78479.88362880614
12806,13943.201092135227
8371,7274.869203824923
96442,3324.4565290835694
133984,41967.26644314983
139393,101329.34375940202
108130,20380.33618461724
9939,45796.54131830012
70092,18654.7254826574
22043,18196.95855582711
139311,12167.598895008243
58392,86434.46944047033
21832,14783.568066291842
106121,379906.2598503125
54796,25512.13920094173
85070,11368.947057454276
31753,14220.195776165296
146768,42112.732764174354
16634,25015.29330882622
7946,37979.61150434446
12854,11953.360070486397
76951,61035.59422752407
68477,7419.457148592717
116216,88692.50225977338
69249,22267.337501899896
97317,23562.63459221215
58580,30472.802096255422
19440,15675.923791111847
36754,9338.772042644145
26066,17329.056282905138
69228,12989.644704430331
103300,26490.29564229001
18257,9739.67405476496
36837,2567.644543069913
109301,48360.16889350809
11795,120038.72963218435
119214,33494.69621785567
13897,36033.54350709962
131886,61694.00488983124
84795,6261.391330260368
132699,68079.61565567854
142162,116079.94194714622
72170,19550.050510566125
121296,1473.5606078339852
70746,5364.926306920501
40073,78778.43025908642
81034,34971.28119153145
61444,33054.942785031155
121225,38268.632597747215
115769,10542.136100127856
62058,17268.66869611805
36640,21850.176042269642
6076,28472.179152025565
101150,4435.155396885019
13823,23527.808243616153
89726,4100.035018923574
149988,49798.90675751697
62603,12195.600919208913
134482,58012.739234233304
88930,37505.6990501776
99986,12818.617533908899
68563,9919.867276850564
10577,86135.77350186261
77845,16968.44178282177
145737,19433.630453427104
136976,45198.95073539604
126243,116336.87203396278
42549,52401.94315588628
935,4006.932598765316
315,131371.5909849042
115437,12707.619989745142
16111,7912.164481266298
109724,53823.924050054025
13361,10124.767410978904
75329,2350.6959909890948
9592,57632.794869017314
63753,4593.316821560741
102141,57812.94927355116
21490,15616.908888285316
120475,61008.77547028131
131840,11609.603955470186
31348,5205.326075706848
58672,9552.178222453142
89034,64359.5435450519
21150,4620.044765668245
101879,47756.20282757025
52942,28408.826634012567
85352,87404.65752151252
79119,27912.89487277153
64294,57604.419698242855
62436,121367.06590230112
3038,1092.368696675334
93472,58739.93971821593
126088,5230.080998575359
123467,16335.060475599934
35247,205375.1046843724
55861,37072.34627868791
119973,52633.994093465575
72551,55387.13425097948
134151,15710.95692659413
149263,6682.521138481863
32252,33456.09130639627
10110,3915.7384208343838
23769,154446.45643518245
110179,51462.29272467492
106757,26451.533413693105
60262,23199.006438413646
44909,179710.11026661255
34706,11937.435270578912
111815,2400.4051251046144
41646,7838.715010147686
106575,22507.45524595114
52812,8968.416129596533
56397,69959.3789527275
138272,14100.553838594351
43865,84956.13924581956
122931,73602.56209092264
88349,19997.41098656904
82009,25080.246780369864
99540,22088.987313306672
31920,58949.88263998313
24702,20038.034567094473
141719,32691.328436813346
138673,9028.98999362355
34863,9302.954877264536
33168,85163.6948079313
70341,10149.352553462306
90261,8638.304694027918
24507,5919.895893693836
49788,9851.534955879413
17214,61774.05692865723
32059,74988.96035421398
53153,57421.95426481504
37911,129884.09933383553
131298,1233.594778101383
54966,44614.43285408304
92425,25510.79271666364
134625,16702.948798887297
144814,11956.978426098081
64479,19883.714369497444
40278,54601.23598193483
140792,6904.532307102164
41306,5283.98720747152
19741,47869.78637455068
15576,863.7145670012815
11057,49452.10094270885
113260,16675.615665422716
63879,5080.323343994778
51474,10056.119770291154
128285,25391.653378915074
92732,70457.48071866993
90500,27554.182283266262
100717,996.3373601130078
115676,61852.14059545018
142344,85800.17341589424
115880,58535.25376046148
16152,48874.07684760626
50758,7712.324953595497
8715,7386.898630789448
36657,104946.0638052591
527,35111.79363603303
98501,20712.36355309584
86080,7688.122469280406
47250,13506.155326506265
88413,18275.620814485024
143284,3037.866064839697
9462,55724.798427607675
27985,21115.99559145659
6510,76752.97814068847
30623,38405.02286641405
47655,93446.23115244499
102536,2389.9596401980693
13568,29566.21610256849
492,29195.749507194418
149192,8800.125097235006
72716,108980.16907768919
124745,52791.50877733736
5323,43409.716237937406
82109,26022.561249695664
84399,20769.676764287433
36665,24110.773996116313
6703,60039.055748030325
109210,72460.03740911667
62691,36697.15047202687
14810,61018.92674780008
4413,85098.15813933322
109872,40657.49190739375
90032,12702.915568083059
136402,6321.964596557172
34954,6579.225632420966
88244,45345.623676166215
126150,58010.82705067772
20162,6434.696053017676
149169,17640.267984383492
34964,43079.24627236083
14712,24278.731948548848
128840,8472.219153875729
66148,16318.06713789792
146786,21580.057830772166
136248,39570.06963763465
145158,17292.252240514164
108155,25145.319253658374
144882,30671.349101332555
77086,11225.438958505887
88824,52908.17371159269
46309,120338.97391564964
128515,2374.3618416789145
19155,3189.1208621935584
43367,11745.58208738182
40236,18341.69619610786
55600,7231.01469390907
63919,118070.95559698486
49432,1026.9082648748129
143096,13491.552516735228
12730,38127.67390115579
6643,10202.820580409549
118100,55778.81166001299
103534,23109.246315589186
132734,15429.983088097044
105220,123383.67466350345
139812,37048.10743683493
113777,27592.065654610928
77392,76342.00939109274
80150,11931.264470470183
148239,7412.067322617943
125941,110526.4884891986
109532,35217.65499804529
92190,35817.942019244605
6766,35870.97873144861
83550,84062.8129412373
61456,24486.367654504033
4174,12450.732089235209
31058,76826.58352599948
50535,41960.61989388063
127959,9719.807165017264
31335,29966.04456675164
84856,21273.919344734994
62367,66370.52103422601
49370,16803.08955612789
148654,37830.77593832489
116354,67672.53003406624
97892,17886.159989833068
137118,28342.96921662075
33305,270899.0105726545
94868,9702.135558294596
63703,5376.454390036161
73434,5624.074210338495
10461,6334.3241179596425
44265,60844.154842512005
91722,22838.979776754077
34738,343009.98278271663
99978,80475.0080016427
120455,24432.991126979137
94543,88819.78602213514
23827,37961.226818588555
64590,73593.04813037466
62018,41616.175589022256
17525,7776.601259239906
48975,7101.637861953578
135598,16637.91867487855
148933,7943.946842416932
104531,74072.77970179939
91652,96558.94272112132
138247,19474.64370432355
22930,12248.320708339772
48326,88167.89887635651
58632,9069.418531796338
105264,13516.565242488723
131792,27417.18711681634
1214,14900.834555290037
24253,1889.298346379996
24894,3797.773499675264
23593,19660.99349509603
100247,10558.680051241921
70739,17499.38164692129
67642,205262.36507124032
14892,25912.343305753893
41320,7780.933041357465
72038,160044.67903103042
68068,45867.815541946715
21734,13428.55557477723
99101,11458.06066280297
71732,7488.490211930064
69345,100867.85466543137
86614,35974.79569312489
89068,145686.2656295448
106512,17047.652869181427
132110,21794.150041196783
7175,-295.1244640286319
142215,13098.500138563635
16771,773.4515915520437
112373,11304.914411294383
76371,85868.36301872693
2435,7858.3246347456225
132848,5606.484100246236
144387,13935.01673783319
10866,14353.218104023566
100968,64699.11048646229
33817,16058.818509884186
2994,10859.447203201951
75260,4281.276885087659
127625,17116.720604510247
95835,17109.185254164106
68479,25683.105322983924
119041,2644.5272203563995
126525,19374.607311855525
28167,17866.26424764402
18456,36759.63129491024
147771,7653.154933316762
141886,95149.39571951819
84327,14531.254613690744
15358,23831.539983736
111255,107088.41062963539
24291,52600.31114351383
28998,24477.999305436257
73386,40506.77584378146
23892,13253.020253360124
90310,17657.106173139902
126273,9297.916029040238
122665,1973.2276117236147
126252,10019.908228390235
130604,33841.14290113561
106474,157355.3214212429
115227,24160.99657001464
66245,18578.467547779124
42528,39797.95474104959
39761,1082.6799008905432
49637,1711.6510464397375
75426,28088.981600136885
92281,44915.869390384185
94581,73226.48129836228
144600,8924.111005381741
80305,71023.91267672514
73433,6577.532893477408
104444,9449.97675763278
15202,88736.44976315799
68821,16736.513239540553
379,158538.76774222258
142603,13873.802614443452
3313,6125.284148032646
126769,4641.104979260205
136063,24905.320442329325
44164,5623.781008916164
62713,15343.971490898166
85310,15556.998998666631
40960,47178.53389870443
113272,4572.167337626662
114892,17678.865904747734
27129,49760.330756137
23481,25100.396027943756
19603,38643.94727826816
78866,2966.2263228930387
34801,23377.690908515317
6814,40155.513525305665
8904,12340.958254239024
10093,78518.5170008044
72698,33314.214069197165
49708,34206.47571852818
118283,131219.63832432366
137593,134890.7423960181
54491,24736.47631111457
29882,13549.262316701303
59889,24818.747991717762
89867,67530.59063210068
51160,108680.36078872881
13062,168573.30901534986
48892,13161.766165602132
67873,3157.822743695344
95064,95488.87546421197
34776,7766.293095238584
39199,28511.451888996908
139470,6620.223545439266
102819,20923.824042577042
53844,16307.512873435397
68393,201539.16611008818
114754,13077.913976541044
25143,31521.410653842264
62125,7244.554019381104
72254,6287.241192069633
58990,7748.459507052457
121083,40969.4135238524
46385,124297.81758477158
6045,20188.767197222718
9362,62552.17837986565
77569,25290.314613695184
28338,624.1868897663529
48644,20095.27801782652
140476,87720.37199330264
131950,60600.08165196945
74344,21641.753988778484
21225,6776.534734987005
86924,6600.967925166999
64671,9634.570697060673
6842,37883.71629593808
82996,56029.32248643464
117937,4639.705927629062
141970,5612.956558214517
70235,65266.96212197248
133073,14595.14409048856
99896,29400.755294236205
10824,15898.103448036629
131937,15126.102278762635
64727,38121.013432102634
65788,9257.91450361405
95907,5450.261321011404
33043,12781.755908281802
51739,23670.40839556611
38528,148682.9259861687
135555,45930.50691923128
51270,26511.77662622947
138106,21518.874999800835
134776,10249.296853483112
124005,115107.6852375273
8112,30493.234725993276
126903,87097.87323855748
36257,4908.440276874158
5510,50951.008192402245
32861,8949.65993304752
95289,94479.2125842196
27119,3856.5348141931245
29676,7140.024180873755
146115,150313.52325843828
102577,9128.772350051364
88501,2512.6812117926183
53243,2813.5704562366836
23825,14035.127718904718
138161,67211.58299915308
3403,4765.615381248212
15037,61595.589470585546
149393,17112.06314445551
5300,34172.58750046507
125937,7888.080167144167
36715,42275.54302028861
135160,5435.458102744544
36759,5859.457710009515
23251,21015.601994858953
147500,24480.634318639102
7470,13481.769694751612
36379,122524.63464144686
143317,16962.104283248013
93554,5670.618426075246
79817,69885.35181278734
39345,47990.65623545683
58756,7337.336713864459
116174,227093.53038089012
66678,6121.272510678594
121820,39910.74392527477
124377,17459.15337707254
136721,47913.81332635576
62998,-4.730868691592583
6291,26640.654310251583
31206,7044.730940646034
183,38648.348112084845
86961,107817.14158847401
80241,24005.642894230827
122550,23697.402240919953
105660,19143.64824025631
104717,38022.99300547219
38023,256396.65659747767
92791,16153.227541379278
78370,137908.8587193358
145156,4339.153156528404
24585,32007.550854804398
127848,54897.972106859124
119235,4687.511230525215
48378,1397.5623870352456
58933,35526.962888617956
9480,92186.31336738048
56193,53890.70652448029
122006,11414.528626042516
110662,158810.48797810695
7181,81135.69811988517
109792,144928.58286504718
36654,11198.936919078937
126931,101406.18665101875
65593,94416.22646560911
116950,8753.239823211072
126707,56565.463934426065
67480,14309.35302304649
24461,33826.64462326238
73985,70548.63166795293
109810,114634.86594897017
126368,2007.7240896580047
109676,47549.68090122398
111233,9756.091156076147
12208,25945.08854659211
28334,17227.04840850084
30127,30574.783507980108
107728,29836.66294691463
435,479864.5049501598
56157,109831.76493500729
15738,4453.106609563334
88559,45830.07842198477
120342,10195.02939107964
88087,4887.180289075052
4603,25619.740011210175
139569,229407.40141971834
41827,6246.8428606753205
89756,6985.719337178127
51310,61879.52969794707
48597,34818.73171885045
103305,8639.184249282267
3334,29262.15410447507
22074,41402.980996306105
2733,11579.43320092822
99396,12039.462960930749
99987,41839.53985362843
132910,45167.491335177474
82110,23962.712008446448
141725,49787.033096874555
23699,8422.534006784601
149208,15826.70090241429
94862,47136.323653159285
124309,5632.4506359729985
102925,40465.310051891836
139094,1281.091225504478
53347,16586.674649398723
57816,48598.96511373996
66170,127870.83190460394
57366,35667.40701658794
59911,54252.115780733824
113764,4825.383333757734
55291,101137.6395173134
3611,71963.66249816999
137708,2860.0368895781694
116336,9473.533994381774
31848,11329.72792210822
110467,18366.32738141455
38780,46424.10392956775
71475,5887.381367624558
52760,23120.891922613715
34068,24488.217585645496
137520,123627.31186891257
39994,83393.0688195381
10680,73226.39271213443
124553,20767.034578548086
71173,27869.457652483186
67229,17804.378574566996
100664,7632.7875410027245
71989,25975.684450198693
71179,99280.7880359449
47661,18079.115884120816
130660,9069.60258290932
58116,18717.86940358939
29944,66344.30604095913
139954,3407.9986044192538
90673,31319.91494392336
76005,25231.894804757576
2058,29045.872263262674
48051,24263.133629786567
108850,6780.884298787702
68784,38671.10556448885
53005,3031.4028970615527
17853,57416.14393885291
6699,5779.2151603757975
62574,21472.1922011406
89502,23626.466844819202
144346,38985.613335029
102228,19084.068100384044
105019,9862.742914813258
86648,12719.65143131314
109800,17478.765737263973
114387,29531.49463747343
21952,35298.600824576686
88465,41040.09538887895
21998,28546.28000469284
65592,25679.33671256848
87666,3104.923116457731
56422,14824.737981974711
28923,12602.190172297154
130051,6569.0426004263945
132939,16278.445963060942
25926,12322.896233942847
64490,91354.28143763215
38688,41087.91916065451
62944,7861.547404376294
65110,20714.39879924091
42963,2029.711563522768
79223,24652.90493400796
24531,46976.576592391706
46029,54343.19867604744
56415,19454.614013960192
22005,5807.665955439596
137240,9331.949876366329
89635,22436.523154658484
131752,32353.27093951559
54269,11079.49798876213
52721,40255.52301428652
4380,76337.22714229798
70835,15517.747221343763
25643,46928.2856908654
13449,13185.133175068979
40704,5699.14265540949
149562,1868.0700945063766
139247,123915.59676959942
87996,57315.17944630822
374,46700.13245507117
13924,2774.4897704654622
28948,9636.526106993864
75803,40541.820457622736
28160,72693.32052449005
37363,4631.359985511404
119043,110508.28890319067
24912,3860.371455102262
88883,7030.103413989821
149494,5017.753315244383
118296,27216.274078954302
96142,88162.91614439874
19462,26962.81449037229
143206,12378.552093715647
137290,15133.697109918114
18615,54685.03214957754
72406,50744.03988989174
29487,9838.26670398712
50501,52344.25011105479
72763,28429.83701133579
87879,11653.832852625404
118506,71522.00312951842
48150,51215.94508949948
138911,2273.020516208349
65531,32584.592610934247
118991,2922.364990889436
8193,36825.33305406723
82431,10288.274200839256
63469,30370.685808423998
28124,16639.43744311654
50158,7324.092329035723
47094,105353.30360052598
57252,25791.915005121962
28893,8554.931429233462
80234,36446.11989913853
106977,2787.682051670294
15557,11510.123367980053
109693,8394.74975192004
25468,171618.29442133594
62479,40870.1131074544
109722,6551.4498378283315
68809,11297.56919047598
128357,24272.85783411565
36293,20128.014466283395
55016,6168.192444530235
81781,8397.383747806796
70164,7040.254359756747
16672,23000.253140489014
11449,8446.62612926377
112419,69528.35521505537
67270,57372.46007924572
135739,8314.042907729807
145587,61446.42137009112
78515,72254.83532554202
145827,120304.48761611847
127961,7563.932579311536
109032,202397.80184682432
97614,2236.254797563346
33392,29849.821315695088
122234,32600.825029365747
54876,51706.11078815822
50392,10163.428901631627
21873,14223.475148157591
26040,23321.420962768574
102043,1803.926224774924
62341,118859.72110852998
128260,53150.21730829316
37373,104345.06672743965
121368,18544.366262936543
123049,82061.83499977372
5116,4999.501462576623
53992,42253.33680763152
91556,14288.398924023051
95265,2945.6598143957126
55014,5479.4710686842855
109911,4250.376515149268
28804,11237.99943631734
140437,2796.8262149988304
102973,49491.86756161209
41998,22737.84819172312
36093,11001.56995509865
89661,30014.67433026859
96521,7900.269562411231
147438,9042.132034185219
73757,13599.164265937708
119000,4011.973564622851
117906,40242.01717370503
142666,43063.79532536592
62362,27022.687027948534
22853,11027.57929692757
116395,5318.286403461172
12594,6839.158753123117
94468,93368.61858521447
122519,44296.12343383316
110312,73581.61110715347
10641,146024.81314833116
53036,73687.79928160367
60142,10261.023042131266
71920,6657.1560627353565
78308,67041.0877712456
36465,35485.18621784823
50188,40367.90820482071
107585,15982.14482525918
70745,33225.29613219324
101069,10042.395089101366
18724,34949.39385064482
19004,24670.162133511094
29366,20558.95105616552
145406,10517.015419499476
20812,20050.84831300426
111080,102419.63683238624
120526,44099.40242009858
52368,13616.415450494638
42202,64556.073250523834
61684,69910.06120070865
9851,199659.26046082887
92228,21303.809965955155
40393,28145.61798354422
4749,214463.34283245675
143781,16803.766379149718
86436,58219.15065832358
104692,6029.052764580906
118293,3662.9219927034446
136374,9396.548088514324
77676,36277.11088367444
70459,8972.111625063906
24302,66758.69349154335
111206,42205.36927662586
131439,19230.978145703983
66580,82354.86850941367
54476,139290.8527634294
120214,15323.814868640988
49714,7379.582899094979
57882,61320.676968643915
25222,5724.200437421415
99564,6955.389377579522
84259,10391.227591283527
2775,17936.085252657453
87757,17302.842524750267
118053,36997.061228341656
129052,9599.010271029922
59630,157610.9584599355
143405,9213.254508857062
118140,41171.29865214802
115697,12844.625415933602
135146,35476.30254242609
48712,4390.582675283622
137356,10856.432898300953
88842,10301.021959270256
56845,22054.978506122294
65422,66445.97209097538
55263,3776.2890828093728
33154,27984.45550367464
113949,14960.604729151062
129667,9805.631127044671
66625,6158.61555799236
116540,175305.9379494441
31129,35462.95636312736
71947,35556.9629512518
126830,53256.645388769684
77084,8000.908511775806
89430,24444.957817903567
134657,11899.48459027937
44892,23206.641989967007
57675,6957.840719457041
3218,10326.118906275617
109578,24344.824692013888
126351,20169.619496013634
128909,574.5899458390545
61561,55991.31303408902
5750,6201.482551455771
67830,7887.834593103659
55142,31778.7149609422
77257,81003.78090628645
136385,2127.2193910426577
56446,9008.591838384122
142234,14486.404128662016
23666,87685.19011760403
103898,8761.487964811415
46420,187001.4218153802
34253,86783.60428419325
101823,9633.222823922946
34095,41927.493907468095
49040,37523.29697349118
145919,42668.19470808758
141613,92627.53634449985
84478,4517.468351297499
75994,33492.817392167824
16189,32761.30579337691
122940,102258.83693262129
45902,13033.465707493524
115833,56066.262173304545
37923,117660.8664953478
50975,6870.619847552756
107806,9087.591420384217
64543,41678.31309583345
127836,44108.35691685286
147894,4228.694828293447
76413,5790.284075888278
82128,49176.07616968339
49424,1675.0440298102512
96395,19405.674214520324
86969,130522.74894826979
77449,7810.276042512658
92269,51771.260269749546
28575,53413.5138055119
91958,44723.49743534359
114445,34042.87888950405
145464,74265.35572127186
105780,45524.15969625517
37327,139048.26465836167
23380,24111.47543627347
133884,9493.367219979009
58725,6194.074538843654
119201,62858.26391440946
132429,73429.81128541034
142306,23611.32179337067
16639,3358.1169864726544
93373,73160.94386026704
45433,28100.42520868765
74306,79354.78146663128
43202,60063.744366982326
144358,14289.66571870096
52817,17962.144376687087
90521,20751.82523781512
8044,3481.3326041998585
95718,17627.779177389806
118196,30160.72869497384
45960,17675.880539526708
38946,6246.476023175451
138257,2988.7692016712813
58808,4904.121721511423
56210,76853.73872829604
112048,67332.02987886006
87860,30724.181032545217
67073,22588.28370217363
36760,16152.707345892635
72384,12973.019376009055
17026,48967.06765636211
74412,56377.74749572671
22522,40868.529628740616
61436,18592.69395537351
129972,85180.52749278919
114397,29417.557286948013
42991,5283.423855960586
69038,13180.878782255737
38934,11048.336522161893
40418,7701.46094163073
136004,94069.43335105624
65300,81311.93914233334
136319,9019.800000952699
115086,26754.254107342345
133892,161619.96083292787
82740,5187.124642331156
116566,10914.667060922779
125119,13244.934811506075
59809,213432.14381172013
62188,12198.760036022173
60659,79975.63442230565
128009,17055.40761194237
38289,36277.39322311809
4139,32188.989443462677
74310,32554.5827766105
75012,7356.185274523965
78682,4328.177250416089
85155,11919.94940004008
136069,69706.62962465838
2217,7029.95893321789
116005,3223.306810995309
124672,9933.86789728113
84898,10204.682289562774
11839,9663.081435975146
75045,14129.277383084973
133357,69215.60300306971
42181,116041.95964676875
17954,23898.92235224208
76189,37252.24707569389
18220,9073.664151225894
44614,55339.466469292965
103490,34918.15160958798
123021,5200.953092050733
34470,33631.67892462366
92559,16879.49067851569
10880,105432.02583254759
75065,19038.363326262202
7043,20897.651100010342
105724,70297.93009723371
5902,12957.057322002867
149340,9972.475644110998
36346,66328.12822518277
75611,5631.146753527586
88331,20166.932019182022
85628,24597.990924106285
126091,48866.05103811105
44298,47838.35847094771
9324,90147.19028383162
123164,5328.77856918275
17490,11853.264423523005
35229,3598.7837435618667
139168,23817.22268513459
87193,17102.874023639117
100997,1962.588948163777
48510,8595.573720608338
92296,21868.295849334812
19976,7998.9536149916485
79808,73194.33243693765
20668,105123.46408959328
57374,47560.72750641788
119461,7691.38869859525
106086,14898.479853794934
139862,7129.29732938212
139317,105240.50606746631
84387,26653.282990980064
66664,87449.21625605998
128513,46650.020443098154
137441,12062.967356417781
75071,119649.84816028217
149371,12708.93268201578
58007,5221.9895735090795
118223,54209.265328706686
12340,283843.01269320474
142253,41056.71742180234
137415,6960.486030077394
47962,17652.262557022146
898,20452.424628963166
149187,3404.5777974970297
31237,8681.335780029181
33752,4197.7513287844695
112398,42457.31469571732
110834,37696.84023774673
16983,58285.30313017468
2611,19719.855286405593
92869,21575.52579512548
124187,529491.5397967774
37022,11738.104751489904
16936,16856.007218962935
504,41647.2756206511
96654,14041.538658658177
13580,25017.5346304748
71358,9869.859184708272
445,26286.04523396072
23302,85689.7115990557
110027,68139.15173536862
126696,42244.10356961355
117321,11413.31469598455
117168,8340.241151439335
121451,375149.07855976326
147588,54536.22617894198
70974,91420.39931326454
83925,9341.950834676909
148512,8039.90009627769
15210,27358.24062745103
8035,30634.70341257649
146295,26991.409837808384
29458,5194.282929152114
14293,62012.213089983314
120515,3101.5113001911805
135061,17964.00655814293
74943,5233.482744777167
59725,45122.118033790975
60643,38765.429073923595
54938,82579.98285736595
2432,143286.4873588673
147049,17566.77162861296
84849,9541.508750119232
125445,19867.359861258097
17295,2313.4335839734376
101225,36680.58082105328
44468,10805.430904496267
32064,111707.19631947772
100812,41955.402179313314
90141,7748.682231623052
20139,4716.914267242761
1401,98045.31778782618
88860,46126.52061295957
119541,7070.975234418523
92217,9704.180583681693
78613,131684.70525379005
116796,10164.317740139082
65797,7475.737688432716
1976,48918.264758787416
52398,7535.20680365942
20157,65446.967459820284
78642,74666.68713781095
33012,112183.2482012375
90527,17826.369814373076
86561,18806.457962836972
84801,10521.466170661914
115045,38476.094922719974
114991,67223.37427904272
129220,57640.14185423046
20830,73837.75649098422
149420,16569.57252142707
87235,16458.952309654745
110064,48102.60931858984
42614,11002.374867812938
69131,100187.508492329
88762,12478.196222370512
65809,17044.96556521509
30498,54370.48333888233
83999,9874.024792557133
112060,26367.637487345535
128828,113453.41649777704
148701,28171.598364867892
65407,5856.520603355501
71427,88231.98972763625
137545,47434.77700443513
1371,11463.191869173448
92374,85933.48350380553
73910,168679.98713837727
69918,22632.96382701306
112344,101864.72054622241
50607,61792.80004857092
116015,31850.082755269235
6702,21344.55702141939
3054,13401.184678481211
17134,25331.027583996893
125952,14489.22667090622
20833,11194.023206687345
103604,5959.564943084155
101198,14231.685598605123
137414,34784.225818584724
78265,6631.001388290826
33413,2108.0179779177647
126897,21894.575497095186
18605,5304.937048558124
29504,65097.88284974928
18982,2032.5390818438507
44778,17505.29302463692
70805,8710.744859956794
79032,3181.66575839564
15599,57490.28294100893
134916,46919.10121384838
33744,8277.001437035784
97471,32605.935148507393
127984,13664.586228313
128926,71815.3538798165
99125,1609.8848468424899
140748,143033.12377701802
63379,18051.57514584081
101451,6395.724838124137
14551,13440.792102373201
47450,95655.3269561039
11485,78987.38807360416
55321,64560.38217978077
81531,9140.74026044473
63300,198352.5552872493
71852,18732.061505848953
23044,108942.30575110446
89375,10433.187218899795
50301,12218.098042715348
34858,132407.39763704964
71461,69705.65574934236
119488,4669.876557681864
139712,7381.601750774978
143049,21534.829538434045
1860,72622.15709834493
123757,25723.249892121323
87603,15141.433137964676
38099,11516.588477682157
71436,145129.20328082764
131586,31945.078697987938
85331,54924.9905709047
19016,39767.58030043358
145502,34136.36847776759
76608,40395.38634367065
59147,3214.965772211276
70112,56172.49693086645
52341,17655.267325998062
36421,13089.82985427736
14511,13656.402768571108
123061,25157.22999083686
116996,106974.64792403727
93485,154563.98048288218
118893,19173.943673793565
64703,65717.12875834765
103367,35110.985485390454
147441,21144.41918205994
83494,113719.30048358634
108799,3286.8086503765953
144208,7008.503079755349
10815,8756.434502819118
127542,94108.90876264512
125239,42102.218208120605
71212,4570.627364277544
47011,5670.514014759852
98861,7040.0385329224655
42534,11528.421376565422
36741,61538.715447473856
67705,36885.26543123662
111009,38335.26347238244
107503,25540.6877502033
19990,89883.14890446523
90100,37745.06989628581
7865,19880.38278480665
114486,149624.03130058706
76843,4897.309378946117
132629,124522.91808352343
147460,8632.857218675323
98133,8168.564907818137
121021,22896.20678415292
19938,39788.15045301572
110586,18200.86907730491
17011,26384.367636817566
48660,30915.845470265554
92257,12196.58810556377
23515,6180.081363390638
26439,14176.992478291988
14811,6717.569955811128
75531,5631.291971301494
57046,3572.9950767208466
107562,35188.83611092908
119281,6710.588224597437
100418,74260.95072324696
116772,4734.336688077855
32140,142100.04092563447
45214,41838.54138316952
49402,55903.14542297488
54165,12822.864251217901
141891,10708.84568731351
36867,18947.674960771896
92340,70768.80131493698
48911,77086.59688044275
19175,19034.171589085294
144381,6380.476606901547
9829,28718.446523959552
30519,6142.5331957925555
50996,6067.949976432337
35355,-3105.662505304474
50045,8853.523429110486
117036,2692.499384173819
39295,29317.116366766553
13122,49329.1173716653
41197,78005.90065344251
26207,18084.444877405433
125690,18464.467849552642
89823,21723.042281275015
115892,42324.67569982546
59595,5339.32938056887
124168,65690.76947067135
50702,73620.02199116677
92504,28075.67200469657
10372,31084.731246392992
59702,12033.237837121975
49630,41585.23050657254
138421,5926.65378675984
130494,5519.446156706335
87024,22167.132984180193
96516,141688.52774414895
30064,17833.8533466904
53270,11754.187735230911
143659,23477.37967102109
59059,63529.97107867986
13038,14442.258755446608
33504,7275.50805180988
82018,35071.849185673236
20591,4075.994978454074
46498,22682.813591628164
86830,71692.90632093196
93725,7877.478087991947
73862,71109.32543694947
86180,102065.99423491041
2420,7264.225115415742
136482,22833.266832351732
108461,5725.161512609091
2956,7747.730245262334
18883,27440.041623286812
102023,3479.2712647848116
4789,48257.03321243667
107402,48784.36943229006
20002,20257.124058005324
106875,22852.206834425553
132616,138925.13842788676
8773,112928.75633048147
88026,24635.62741826544
62162,3974.2163476455326
6270,13446.18380013611
30518,12618.332761716358
95754,5340.044024386836
100091,20327.80994881494
70193,18999.234610664058
38410,8831.298989216486
75378,4479.875848511323
107646,6843.995587951553
22631,81639.23411726006
94417,1514.5859366713419
143965,14535.547793728256
93889,36745.45443014841
86489,8440.734528664809
144986,15191.938940038388
6561,30861.137886990746
113724,26237.224954682875
61091,3141.193896137752
54518,15710.643949678813
103496,3070.779999536603
126702,9812.069821260666
90924,50417.71955402227
11834,3659.831847129404
40314,62698.826022122186
29877,43421.4830474496
116926,145220.87791750525
12762,19239.319931977174
40979,20400.625736217775
73860,1262.214599273912
36747,22133.726502783145
127,86168.18343283661
4520,94861.71812540646
82056,112472.53743942385
108571,2305.6449056935708
13368,113102.06215941107
78067,745.1264477827235
140922,9310.446799296338
23404,5812.519520564661
78264,9640.166967407631
2546,9017.748096903446
41061,55961.243869052596
123151,27614.9129734343
141256,34754.46752250276
49403,108029.50079058006
135691,12799.934992290546
106775,15822.2766857121
31385,13898.560110085586
70646,89910.38245020328
77533,6583.346061188948
120174,20919.638557034283
60473,4253.098907732317
60384,8914.891146095008
90272,8523.254381769417
121695,14484.029949031657
30615,23338.287867793304
121790,33688.99810156699
92799,5278.917566163474
113642,103023.06612887737
106664,17891.008003160165
71391,41474.454157221815
63980,24407.414091465573
111317,87625.73482408514
50457,16908.755961967316
40360,24228.040029500575
79240,58604.99149438723
79697,196909.04550875255
144679,79014.68449669243
42059,161694.1689305581
27764,75573.47766348309
58570,14617.86009408736
16137,443766.7639088887
85962,37030.50891584481
47656,32981.2304111816
12873,238252.7990470149
117733,2802.624952389111
15574,25053.95843064879
55176,40870.58940785435
144966,44824.7897962295
64638,7500.127428180414
106264,178996.8637667626
52046,67009.39984867745
45495,3532.054737947741
128950,127213.00725085831
98573,75384.28526026041
14554,100763.54943789152
39270,62104.21270721414
73237,18074.77234748542
99713,67356.53084154897
75013,5200.634294048101
108354,321746.79576474824
122659,25946.70978541812
60809,4406.33701657441
114272,54491.33056383968
127989,1095.3972177137803
149806,4652.864839860217
27801,51222.660329592494
10353,9014.75385425448
76175,103873.50447080054
48688,15032.152498716283
97888,135478.9593884838
22257,48433.89872759662
128458,64476.05027257539
143671,38130.95351582088
17901,14359.682895850256
89920,53640.235594844984
36082,6012.203143105921
57737,4928.127912999062
47066,6333.778588808956
62599,30891.00944290872
34959,112851.43755143374
29002,8664.80689953409
70624,7894.008307258963
37983,2532.1625024299483
40369,40644.98511916765
53256,2590.1070327943785
96460,8658.056032453074
80578,32638.556228454545
72099,4627.129157345636
124795,35060.781194614916
100792,5847.73042512791
109129,15285.785673260005
11529,10537.228934384926
82789,28448.57322451364
90019,90309.64440121273
135552,18451.87128273943
21007,65233.01657557112
135746,26431.995286211855
148563,69011.71419490648
137747,30920.113685351964
35398,14737.611237229921
326,18843.011728092435
58045,83371.12600411975
18743,14526.11025411521
44394,4034.499673818715
124395,5841.610799542841
104399,1010.2414543691959
146382,39135.56191496159
65658,1224.816918306288
127681,11113.130505104691
86860,21312.61973819362
148697,10329.225193824926
137020,15049.652755283074
68978,18332.42466204624
40920,118052.05612408785
43782,5345.713289727618
135728,20909.13017898432
110863,3567.2003877147513
17175,81911.94421487272
97726,44842.73766878677
81025,30043.662366486387
74829,26964.397529500708
63621,116682.30755974122
16566,14030.945651287202
102122,56486.56334159487
41730,20033.74978201235
52419,29201.986555700125
62421,64174.88507759843
41472,69979.43804262631
78998,17144.003368351074
28836,17463.174017670284
146428,123888.55366852415
8609,54642.84173127087
107107,6695.29972580573
102076,31288.950601617104
8187,13743.440970021153
23548,17587.06211948097
83530,57683.650555121036
45116,9267.808397238508
96885,22340.792110611736
58294,12079.20502557348
148261,19110.55024405949
35916,122389.98296649354
77994,6430.93759126745
65622,25792.697676261392
78163,11824.670623521022
11992,17519.328649613002
109965,33449.67763907769
147396,310744.31760075584
51314,8061.107057636495
235,87162.23721595864
12284,106638.71591438152
79679,20714.054769470655
86623,9637.267804605404
121404,89921.45410636708
53096,55041.13315618555
99778,2794.869879118855
77550,1092.7557620927455
54327,7043.510847229421
132480,71473.74649649764
12562,47160.17734207547
139744,62745.52804892071
140747,11206.256946038071
36828,494728.63618730375
7570,80206.2274476188
120934,10449.889588320371
141735,39154.29702237433
32008,27436.02300618861
107507,33763.55433758488
133505,3871.776208383183
3808,21346.082630847814
91487,27494.555300550324
120938,27646.091557033502
23897,76167.15755446673
45560,142479.77524256345
106272,19135.20329236859
5985,5244.102539895721
133175,1796.941484377272
144839,2649.621056049639
21097,6978.629561851294
12856,27732.59854062486
102068,23099.76764293368
32206,3581.295443821113
105917,4039.210102284824
64915,59881.26206283908
15934,3250.4263266206335
62838,154778.29382726515
87158,9935.525733273633
132897,4916.981543984618
33736,83123.64615259568
46060,23567.452384261822
105416,9671.527356865128
45848,76850.15352399446
67222,45732.32503243422
41553,7261.804765501023
24913,8496.346192174242
13226,10609.354779914807
15813,162495.0266423692
73232,3558.3201341647396
53945,11679.553815568832
117653,5518.639860974092
89357,41061.412014126145
136258,22200.857721138276
136188,40167.29777152487
8334,12076.686248599253
65528,161654.8227586176
97640,48208.38484206535
137112,8534.277197205607
14863,36078.88963980543
139556,8077.326096985014
135265,11884.609144633378
27566,22179.345623506004
89158,6903.869997453709
16118,39057.80095919464
45327,76117.09076070291
137803,21766.752736959104
94663,17681.62420925635
65876,41964.73861402245
92634,21297.882431707345
46679,13771.167757294574
126536,24028.346755070255
115315,75795.23520121495
5986,10195.263894181993
95414,26544.582315628762
86761,30148.694702242603
121070,5637.792735579937
8909,41102.10508792334
55664,18922.06106539663
60772,12529.366842622534
31311,46814.99316204806
96985,8112.109093831569
71024,150565.35287105915
98332,111032.49076461718
4511,41575.73243641306
86934,95094.1909467564
101173,15869.004756527354
86465,14850.028956248156
40246,152774.27050692026
141833,22505.09533469384
29497,12482.163674308855
54471,18477.572353326654
149391,35784.668073745066
142166,6316.358675947183
144029,8705.142975945773
139723,38348.32288577359
88245,20358.748330927752
149081,47180.86165881343
137104,46290.75622468904
127771,26559.17964020798
129335,7243.994982786623
110620,78002.25683632058
78870,68499.93753450297
45954,43406.15945664132
68937,22833.24988354157
87711,24998.47768563868
45883,30733.4357262931
58157,199344.44468632655
111611,7936.6849140842605
21434,3688.570820427641
229,24491.76562295944
3916,120282.77208700373
106928,9891.250150445521
121295,17784.290798680537
112947,3205.771305225609
127213,6696.198348988646
59925,12743.06219877824
89950,117290.8148193377
141155,18625.398293616494
44427,28260.661265336625
145201,43340.398965379936
72467,16586.812513062163
6353,16390.005308430074
9952,44142.58372137587
113038,102092.07988186722
113544,13306.205154804184
5234,40168.43572845105
54176,81031.0733623869
105964,5499.558554751273
126192,13826.335824919304
144454,37285.25076857234
27620,15479.916441351801
146039,17706.573229865546
74976,5668.356622049369
90967,37663.09734222823
58899,7624.78400293411
48329,8956.146938302361
93651,12440.431697811147
100300,2945.7681445738867
112539,15919.24941049264
125414,51363.49751157699
34977,2373.128403959274
35468,29948.236608006067
62452,18496.53117397792
144979,17429.020571747584
134025,180536.6461115967
74917,65156.149640291485
135210,52704.73084625737
61723,5694.415290707703
40975,7466.714914590237
110009,30566.03093779678
53728,46841.231942705475
88330,10000.2054193445
145325,23296.634907081956
127586,167852.21429882725
80909,23307.454406792873
117239,57984.80413933147
35526,49418.413477245485
145064,67493.06504071833
110194,8522.853950749388
125657,4138.087607218279
147118,38786.92727369825
140376,21404.57911915326
134785,38396.73774946516
94378,1374.4481958125757
29514,9674.795884163914
33897,51734.77539375445
42133,6922.365260912166
461,10914.27027900509
27924,173536.30449310187
4968,24757.44884988629
128286,138128.62762745656
68582,34748.46336546306
73463,133873.01955537222
74569,184685.3007093934
19630,16855.872294654724
19602,31226.263834767517
135020,9543.474100027057
106748,3216.075877585159
141476,74353.82140677694
19061,266557.6134861835
105969,5381.4003320650745
37596,94745.54484195347
87154,19979.273167842766
88753,35542.612466984356
95452,5144.639619753515
81490,9982.981305963242
89833,17611.687817960366
110818,64883.13436145369
140540,143328.98682400174
98176,34508.204033375834
90065,56321.016352945655
75746,76210.65134836754
27227,77069.93001507374
9628,9642.004157457135
100157,21680.52075160038
62485,7834.544234593489
38608,27044.951744322076
29794,15274.490728385483
100468,128485.30165306901
83271,59604.22561713276
93866,2548.7533178928607
113011,31110.749592373795
18757,4034.0133301164747
6104,13091.348842745727
14473,9500.698010899012
73593,6174.46646702778
79693,12792.658955593051
36857,16315.049745695915
133744,81289.42037476716
71648,38172.64874900314
64017,16168.3213664168
3555,26599.118939311316
3239,7590.156159869643
45109,54383.262439937
76838,33325.259106783415
75055,73096.1281165466
23847,83571.06322883166
106868,3619.6948600239793
144211,31534.974535980957
80866,96391.159665614
71420,21025.004985817184
28843,16009.056134643786
72007,96552.61479203889
116852,2474.5367484337517
84859,15079.57375927658
64230,44804.977593367745
121953,71910.85716333227
105849,6832.62672302947
135414,27037.828936438025
94040,188794.01229771329
73367,6741.805793257968
72909,452186.39774622826
75167,11498.061800440108
39097,78079.53151210738
132723,5541.152499176102
24464,34133.05216824295
104743,2638.7401964052597
75866,57251.02803124976
54982,34860.53185552312
86537,27067.860697883396
57937,7501.262420104203
101085,10015.638993281218
12090,48967.07987864771
58013,31334.474223462625
21509,5284.245388985068
72338,39261.415720183686
75597,17488.39161650804
81921,30641.46055503972
55905,110852.19476738221
22642,10465.036796365557
29202,20405.853891300696
106323,12022.231784187612
5808,126060.87341299385
79151,155203.84013789342
20957,9220.065393491219
54397,7346.701744086608
93948,14248.738583476865
42388,41549.25556231214
121986,62036.08850527656
144811,26984.82188740103
76038,8471.246467278324
29503,67194.76842861358
105290,26125.71320014677
67115,39742.52780094863
59582,7137.031718049289
23294,40828.400202048
86312,10621.486559563169
80394,52300.61223767398
80310,30730.54021237832
122857,15433.130213288743
85567,257313.77524323403
4751,14750.552234189452
96684,19375.899070217813
45816,1618.117431855607
23846,9724.603688161687
57580,14212.411030795785
95849,1232.7561404332353
29486,40106.70578395455
120131,2171.1184664867174
128576,5424.753037442191
74769,17477.505309995373
104539,46058.0560019054
19028,10371.541598191181
35873,11996.918841595812
106271,3867.1933690161295
21988,61824.283073882856
91699,100111.97298906193
38428,3297.8742820110574
79040,45583.80300062068
42413,24750.537498237074
16502,68751.83419667913
103619,112637.51576905102
87736,32064.4003955601
79401,11700.321801811766
124092,36376.89506405956
21724,58433.39051439773
27860,14221.395165804293
118332,6449.995666029494
8178,7200.572769627444
135407,14116.834519590919
139420,137061.3328473543
120498,276473.85711369885
59346,2815.899880856201
33079,-146.70691497193332
99122,142690.40503918013
85457,123740.1733131198
107978,38432.19026224466
20404,32025.337624279193
12756,6166.8757086959495
102192,7714.567920133395
115446,9604.44506572412
122009,88002.16708530934
127414,75576.13627838933
65885,20933.125063193274
100064,47290.00674551839
16002,59465.3977876005
103446,5570.1832581263425
63365,42100.36858097239
41634,31746.03013486175
7887,74465.61412864178
60053,8018.802135724927
4828,28441.26441892889
29908,5890.4657433443845
33767,45773.32643464848
23652,24725.515133472745
122106,10049.081745599178
104313,24376.3270831341
110260,32969.35331045698
27980,12870.591098372215
66137,96091.08940583322
72607,22313.77527174249
59150,28166.397471542055
21080,3034.3358845700295
27394,39692.06225030031
136300,7062.900909092238
145381,68327.96215703452
54253,8347.751344004177
129924,82318.73827065804
26803,3568.412994038416
57836,9127.580377366754
74979,60149.31262596054
53047,25391.845688886922
4278,11530.690672639352
131158,82289.67284342184
101433,3409.0387690218868
28838,13458.640759915095
129090,18881.027704868844
85496,8147.768479672906
37,48684.58684808333
103001,9079.850529988205
136889,1812.8457111553346
24946,66150.16225489535
21938,6340.786930360494
25837,20419.026582917595
122050,40991.16444759773
75369,5321.037041361431
29554,4207.863407731047
18196,9237.069714590054
120822,12094.353523122787
40147,11016.888445095108
120970,9399.297523536476
30038,65775.58585892408
1587,40013.88752120244
147238,12138.230885831625
84077,80126.1785733072
55298,13522.284279968291
65891,8545.046349355094
36504,42285.47071022945
61201,25884.86663060161
93946,6465.415751531626
130965,21006.515111471548
18829,43939.03085977983
19001,49190.059270642654
26910,38123.05387304668
21450,4214.4330904043145
35794,16777.8045116361
77830,18909.738507543654
66174,8543.816748303683
16116,11911.796101304426
40054,22878.727009756756
18617,69897.28201438044
115155,3069.1094421801226
44809,3550.316955248792
56427,7984.303060271897
58612,106405.57375628938
92469,134718.206369035
56183,9767.795428454092
43659,17297.61930808919
8314,6668.685456013103
108441,19799.229739188628
14118,4955.559243183813
68043,446873.9830941904
92152,34211.435797054815
8260,1729.5045585863509
124184,111859.43993332246
103087,12210.845579382805
49595,91501.12856877106
842,98970.16060741391
45811,6818.1343749641255
134021,65238.15298050049
115906,290588.4044484896
132647,3135.064126569325
25341,10082.851492884562
105243,16257.619935147344
123870,153989.6261127668
49522,21853.798686993418
38488,23726.401811292082
37472,51485.82860523347
130298,83130.6737740096
75694,12916.367314605439
127535,26659.834401629865
1422,19280.373781265822
15381,33032.07252096013
98052,17540.716866695788
72251,10189.384255304352
27613,5570.331005081009
67968,96612.07779311249
33573,25860.758300927384
145870,58332.59202309219
124096,3767.4726978514786
78152,74589.96011237019
79221,17120.853181450566
106599,24698.810884158553
16270,12943.316595156784
1277,125262.50623295423
133229,2944.677967881211
280,47449.167530821585
43024,11162.484226716086
98940,27547.834882800074
106592,51670.18557368522
36174,29027.513385811697
112130,25788.790877188025
137030,21555.056882180106
74470,8580.606512059074
10890,40457.85809972318
56335,11105.135723895202
118879,40956.64130313047
97383,19445.72154007319
70422,19050.942322919724
20416,3681.0048116846665
15569,18401.19960396735
53085,24909.482843686517
40618,17648.866063721358
146052,14157.73512741761
5798,53774.69468915619
147936,24034.857437452134
88854,7169.44854012925
103150,9994.598262448402
37588,38026.402180347905
18897,11144.02975436799
25810,54181.77212567894
13093,5209.60071524631
64583,49103.2914767159
75421,17169.798170290345
74929,13735.30793078735
57468,69004.54962216415
64639,10250.310971792878
51720,7845.754458891764
69969,59463.40158878375
48681,255026.917584187
141184,226535.6204490976
12908,89759.07694617112
72566,82638.46991269616
111807,39944.20445444785
44078,6488.832342290131
68932,11585.801575516054
75352,63001.78799852035
33877,7813.293281813591
76532,37606.61183369239
143161,175535.1757680099
42197,118202.57650930734
64343,45405.5379258687
143193,94718.24975916054
63012,5294.982952996916
19483,35885.9717183466
106587,1211.3563512363564
77496,33166.441032866336
55798,7484.32495795469
139078,14928.620084661648
140882,17084.908722398795
146598,946.8576575531835
119352,110076.20776559672
101820,8768.451007394815
114973,3128.184095054671
57401,12764.397907218809
47986,6052.302332256737
128990,42107.742319424426
43609,100480.77923233794
29723,92664.33777641022
37530,27552.643443810965
5836,26864.779113101336
67295,202747.47356552648
42012,6633.644667409603
15682,13523.62350561592
67008,9869.764140062385
11039,6698.669282385191
75700,12580.581136600023
74063,24762.88701628882
63107,256615.52685855064
47878,13359.744671299426
36986,41624.80818127239
49649,38672.5363087181
18313,17301.52849481584
105451,72054.46531315637
71319,16866.78605816753
65494,22469.094052165718
114990,68912.64880317012
2313,71692.82676592795
50282,5364.8546543800585
91948,35020.82311729691
31631,2605.8388039900874
133683,32888.47901810376
31394,24103.233070484326
16977,24758.920119811286
144904,47633.08619514583
22029,24171.887165638323
92940,33738.35440285256
138062,20722.45448159703
62966,2414.8228793144153
93047,6444.855758708112
84038,15464.093703228755
81318,16522.070520197303
5580,43951.74184741515
143338,9962.332687142081
40627,36490.75602646399
65280,29915.759622082092
6398,63760.0346918015
71630,8137.484527628007
124170,26375.432235781256
58781,41197.07726138049
52270,15293.209225941997
112792,65369.580688077156
56776,5620.741997394161
22582,66455.70451307455
142462,12465.252381419241
20936,21404.778620936093
55091,8633.725210784285
20449,24207.15522346848
30033,5013.681234365698
94347,2947.6261884416954
129957,10792.980274437381
119125,15526.698100662627
71667,10019.72847624401
24448,1240.1891986443568
15950,3875.4195320029908
30680,25305.703214810503
75060,15561.843027435665
125302,35621.82597413041
5264,2122.142932255071
97794,40577.916198233856
52990,109294.29910845499
32113,15881.022233591812
79615,45692.73183466685
134947,7072.801997585162
12274,5672.636454476526
99356,69737.21057340788
106746,75841.82518964601
41217,62803.03914170916
78315,36717.74544830949
30768,3608.649846582472
14736,123019.89513710895
1620,6993.242436358016
32171,90838.47757681143
79501,5006.072644534642
20401,16337.658804576302
18065,5279.126978825154
31070,37364.16691506651
146557,51360.223572978386
106904,16280.909414996588
121074,255114.30915387033
82240,145353.54379154896
95593,162830.28334720293
119141,5073.586505053757
26182,2936.3065646180876
78925,1612.0584167009176
128657,45062.13356660685
119865,11070.174704979263
85661,17688.47438613517
81426,6038.183521624704
149764,13640.972421790053
132388,27149.885231360742
76902,6779.708031904294
63367,3756.3895563326278
50244,22965.517880292697
70492,9714.67131458032
48381,37874.517828758406
85717,29730.591279932596
1179,86273.57961563936
144808,14750.754948728862
89478,16311.922470615853
55578,3552.0954185558567
123955,121947.53354711506
98374,24514.343586651434
80514,86714.23246562202
140452,23613.24871357715
117176,46473.02289423589
30486,26191.893514778596
66941,36105.14754861485
102462,6455.578613433676
108489,49966.2489464663
59372,2985.4292408716024
136219,78767.64584980528
32332,3459.462454585404
29274,47096.55216746697
104100,17002.573309068943
28818,13987.713320799043
75223,1912.21133879543
118046,99147.14001332948
134312,31340.80828090961
121378,13967.734867996242
37601,28856.589976002077
103263,21809.219906511647
10591,294952.012435524
120879,65484.77243001354
43129,39044.58700912802
41679,6642.22332966119
765,3624.9837377432195
136994,5466.556060311123
60973,139762.1613689686
47713,116706.70808204282
148847,3850.6507579408017
124160,165592.06613751448
8006,20310.506108075413
59395,21059.87603606686
51937,9769.931115473972
52500,2650.8406454977576
139071,13782.747503335257
63933,92177.39543479035
101783,18848.104603518077
130629,83014.82826197743
139830,2591.4067430696336
148383,39669.29599251457
3692,9801.920087445204
69185,27054.46886102081
120236,69433.99458600131
49621,55122.79721536979
103410,65166.92401393114
69866,17507.790893780657
142642,52447.46454699091
97482,46351.024842612795
84130,305745.79142690776
97160,90616.89233552813
117532,15735.753024359217
6852,11320.084307043833
86030,26661.899574241124
88582,15717.843193149807
42618,65922.21337628743
124245,58965.40471390319
123731,7909.337977732206
70283,184194.2464513579
113675,48937.1625833512
61867,35256.33275981864
137702,35625.26772533201
107392,6807.806775422698
27012,8212.028132759784
10481,43204.826974657626
55041,2475.1769019185613
43428,20968.3696708146
73418,9901.006396937393
141039,7849.873545705883
121682,18948.395273314436
54507,36985.755273121074
18331,7651.057634761365
17262,106855.57983839794
68264,2903.1903650740355
45141,75277.6878617527
35209,9549.665684390235
64861,4760.164572729076
32480,51252.425716625905
20969,6874.4553136949435
145142,13287.294969144821
70017,12127.790765046808
132198,8351.715723595627
111266,41178.89619387288
41713,3848.5250349571447
116103,5117.251781070343
110344,24906.089945851716
415,26852.592670537313
20211,41315.91968027718
20044,30612.74492358105
20024,7693.417325854968
36187,7357.401793193747
70702,48574.873233062244
8574,38635.17560076686
40854,146627.51937067782
20322,9570.776740075988
63132,100154.75155488405
95214,96750.19261225358
46356,23055.17529396211
146988,18998.717238447436
25790,11626.365981865705
99402,17373.85483837195
48240,4212.612641398854
52854,2853.8960090666037
131659,23971.353397970368
105078,96247.05571725094
41151,10585.230343124858
109286,106788.19980527138
85684,25710.94541712422
59485,77326.72323529058
87830,16574.73393870535
17370,10047.104154884775
24012,66670.49698043156
25586,1179.299214534589
147572,25734.51148328394
800,80302.84356172313
143,9858.191987553742
29143,175027.059782083
112037,16644.25830436233
76836,9031.939748517314
135934,2602.5022981123384
110769,16326.78376307415
29157,1011.8976777342001
13273,66210.82976528331
65597,188546.1289562352
74794,17465.634672699303
108319,3765.384147723611
124811,10591.272987983155
44682,260328.27588113313
95044,55335.49552761464
104779,4760.392359798162
122574,6089.2002749746425
115509,7601.121862310591
21624,17105.131484655114
48836,2245.1835527321305
14726,90014.4111726924
139587,57473.363260466715
18750,22833.91201475897
83702,17652.87858557751
44863,17345.331239095485
8523,24462.490288304998
144941,3476.182984075959
135658,12653.879429261928
7620,2593.645638108085
87061,101788.39979533205
15347,82036.32861370285
112187,8295.808877970314
91002,47835.24161042191
123529,141175.7854558132
56495,231972.98530679732
133534,19819.131751530065
15760,21980.556974752602
98250,39338.69433729445
145189,9644.660968542326
31047,22096.801908652356
96419,61388.67683341575
129076,20396.476910743975
52206,5879.643013692961
128946,34814.42688880883
107224,162119.7244430439
233,83720.54767890676
127379,12784.546453297837
44581,41343.29799708228
4055,148820.43618457773
23828,165338.48362911295
96878,49904.53050664527
38321,7002.278642420384
104876,11559.63838884646
17935,63520.879107137574
1625,1408.6007902192796
147864,2099.534294187598
56453,41187.536520218564
121536,9285.149838035646
143800,25146.409019595405
51366,50184.11356516312
107937,124651.19955587838
23850,43692.4498907158
124374,10031.434549755262
55546,4382.14975187315
32040,4253.631351413513
82545,45751.24436059757
18136,3630.057910588392
143906,37566.67611039647
143275,10926.304669071147
11993,6670.264539333521
2970,40356.66044947266
21274,8434.448673606816
129315,24122.588276559436
28027,12981.865163301387
37005,9177.970192341028
82731,51323.88222522386
143885,63540.14246258081
135161,24785.30342321906
65580,13888.026943966626
127869,59656.46368320501
40275,15480.501926240555
126394,85431.12125411694
68798,179938.2208838694
14206,104952.52915524921
147937,13284.572858747768
89710,42164.97137015707
38955,9159.64801983424
111533,10233.768306089398
99732,53483.40196671609
59098,20894.74927421257
51170,25835.772313909965
139591,60738.554512878334
139813,22469.809642324268
36101,2124.005488107725
71106,21419.97848380428
25776,102390.51865809664
1314,17902.941978676965
15507,177479.96027004175
78090,35463.97629254086
49979,17099.503210145398
97607,28367.939497105268
3613,67373.17177074475
97167,8609.381615582419
55616,41900.503986692434
10479,24916.43435760703
36800,70759.54887990588
49863,5113.988091256918
94129,122871.5973360721
68172,43770.364012561346
60472,5466.622501974931
3584,3186.15076697455
35135,6390.8882034679
66462,2784.942689330261
130894,15546.003493021573
124508,34682.98385221335
130818,12423.81019890615
19701,53525.35754723896
68681,60367.88111816143
95829,183203.68384570844
53110,29868.472765437036
94977,151958.28240787712
21629,2831.1278616345526
70973,124334.59198891412
38846,69920.14873214423
89955,5787.945927719356
26660,32065.64199522671
98950,7285.165933158474
137086,7841.891102199843
21997,52961.63056054826
40615,3605.367414700261
117406,41466.15923693059
83207,81864.57072786638
145125,11847.733043582166
4822,19346.634475748186
81345,87624.318313049
85579,4947.163910979919
79298,10398.685758549416
108519,31130.999342086885
134568,79546.42293671369
52678,56283.363991502076
39,52162.49686185169
141837,29538.91258949909
96422,3502.077895695829
110227,50955.79198831952
78947,29202.41524666088
28325,16623.613527555757
124741,4452.199092784232
75440,6248.973901123463
94568,49571.939881003884
127407,17682.560314838523
141885,52257.00263963879
37649,67960.39044167547
85183,52143.38018978709
12739,30699.21454271986
65532,82653.84583206537
31749,80080.46448706569
55998,74410.6656432595
17679,9171.730180197032
70600,122912.93757879904
26682,11044.218986014068
133463,68775.21808308768
51927,22359.1175457114
77641,122690.72098098285
73130,24478.696369001213
38912,26022.712239216296
48082,10530.782477686389
33909,9684.586131661272
3761,43974.885522956116
46906,5798.31855915212
75625,64427.38370062395
147034,44217.93754028536
131432,51696.91393089941
7082,10276.64152201049
20151,11733.627027940905
6883,35445.2126890274
21170,24682.00890897343
101542,23671.07594375014
75832,97332.17261548211
39502,2636.954497451047
136175,25726.47647003329
6967,99614.87351038272
65901,70452.56104635599
17067,31752.360129295383
77843,44460.87165500717
44292,76156.66809242441
142352,6852.4660245323785
74627,53528.65063621214
24847,9302.585388992622
103357,4844.791558779135
118378,116122.7939196011
88775,11945.929804953494
119887,62676.54293703605
82098,15720.631275974472
113734,100045.03073437567
67677,26907.51863512741
45413,7642.250019484922
26926,119396.0220965955
94435,46164.57296158954
49252,10594.403277436119
48914,157562.71475892895
3499,41898.66125123836
107902,123888.85722744756
13046,22518.89250265248
116542,35451.372133226105
48495,62512.24414061241
132884,34463.98012913357
94506,479302.5436973861
105518,70276.37959157252
91115,6728.610919700137
119852,1192.6518396236243
76490,3866.671656500169
75498,3796.796494391392
19783,3812.7474237867027
1805,18088.284533808623
31238,48146.783858479066
64530,19834.95903647207
131877,12129.079022246917
105236,42108.72779646411
32436,54782.71682867717
121664,31202.917694446536
135106,127427.30199439144
88967,8167.285955663196
121333,26215.787323619144
21893,1715.287626685535
128105,16278.907980857019
91872,19897.571790723734
62956,4566.933866875016
46578,8314.648622786734
74001,41348.51220816543
144177,50400.833158374866
95106,234325.5938797373
43840,14843.887974704663
98289,39488.309138486875
113825,23402.958575648936
59119,38293.04910640451
50411,14727.675450394165
124768,4316.824677835602
56313,13208.097543461528
94863,11148.42955924629
139412,33470.04065691381
41632,20472.66495352913
101305,14335.041266961798
36832,22292.739120497085
27727,65895.2074014168
132702,9415.245975074453
76730,10997.576938416187
60425,37809.73018252586
78035,6705.166219506306
100328,31360.912108327382
13589,6561.173797914109
149799,121441.7914238744
62268,51474.634725257376
73742,17184.827109200436
131928,1125.0509555228082
64199,55771.752447344305
75199,75811.46445603318
78942,37503.89044529946
107240,66054.35649031107
5287,4135.0264293531445
27667,22089.139330584723
136561,75400.70166799366
56195,20256.82276763334
137668,73668.55263723886
104451,114533.28872335728
97745,21114.159767828412
126960,5496.425128861211
91995,40011.18870280225
104400,2146.085808999035
61922,1599.1683729842493
8171,108294.09113386701
89112,9486.046418755393
59334,40837.74051010802
43531,8255.169042581525
102275,15921.85378256022
103717,3649.1677935103407
100131,115152.68004046887
23440,30049.285373938994
94814,7777.935315514483
109687,9043.381867201319
144982,34366.43946895202
44304,7327.249423717189
115673,26079.06712955146
117579,15439.386738265306
53168,12909.15164109662
72009,11138.129616115424
55625,4089.105314346305
75934,2343.593188414368
23778,183138.9287342003
60092,15726.280321372567
120212,26453.615819643936
80597,76174.91646288578
37283,210422.48964757187
115829,13964.704339433709
84718,8708.399634627134
93645,108649.29520274354
148274,5862.695020552608
88479,12098.755125210926
85857,21385.372445794976
96215,13518.053008835741
109400,149545.15279632492
136632,42330.205133188625
16385,149551.99224089287
95534,25897.428504599153
20955,39030.99519428877
112147,35989.61725167089
124034,39523.13885310874
98115,9853.756911345714
86640,125674.44081166558
112196,6301.461435389956
117115,13271.204410769633
72457,5502.575649488081
145612,15637.033370571104
6021,20379.879533054595
46476,20793.088880042375
6905,95619.5271068855
71731,38008.82593951935
40524,261535.4491844643
17789,4569.933414484509
48322,239202.98954417263
90165,57315.24246617662
75054,3016.1925335612605
80392,74895.97448847868
139800,18209.7794341747
135564,31632.570786262055
66701,26217.97870441745
132438,15553.964042601368
143164,52690.37332084219
20573,22664.751662312385
143149,54280.80496102435
84482,12606.144180846517
113108,86283.44378531518
20033,1884.504103746329
12618,11603.958042005053
24045,9841.640165798695
52333,16711.116026301108
743,6967.691383471574
146247,7096.085267819468
74809,25024.45150116859
231,5747.628732796817
20375,9865.822070791963
61812,42929.09425396996
123860,1710.163486345324
38414,35191.402355668084
9347,43309.14576089082
14563,44458.74045468802
85399,17710.023697701832
4773,20567.321393083526
71153,26284.021124921797
91110,7525.03917902981
35411,99896.93078113584
128152,48589.86256932437
92360,20014.59638561219
15418,26509.714381980633
85966,19345.925321231385
31635,28400.015740996343
1600,7430.119611088805
53860,2662.1276061157278
13842,43476.453480982454
128595,49926.668837651894
15824,17693.567621953745
116763,2563.821701085761
33698,76961.00582324858
64899,21448.744177937304
74612,20454.515455890396
28475,3689.1167015861192
43351,13437.30070223353
65333,81461.41833811098
117252,24861.33250515606
141216,31300.80157813507
126605,34171.56880179413
60932,53909.19263878632
53257,50531.889176372475
81043,2613.3285960708145
122789,53927.534692974834
65428,89488.0171099878
56958,44075.444108491065
21964,27950.338699355594
70385,6884.277964679398
114331,5158.450576639946
134265,8746.269477712036
47149,134015.84376997087
23450,10819.68045605741
470,20253.646570184952
116164,40039.598252928554
78347,1373.8890211037951
67370,66596.7297649967
106057,37246.1103434856
21983,40729.49253953309
13885,97313.32562615149
68164,15953.09052066594
38080,39275.337520315676
102270,11825.459120907653
122488,11200.161578048685
100367,4385.391559511526
46822,35703.44578670825
110926,24793.06145727663
46517,50141.079201153436
49653,14351.598950918045
43822,25376.361535414093
145284,32927.598461224334
119622,7429.775790359579
145686,98179.416724931
72395,20301.205672237345
89706,82327.38812174964
18454,22723.028640494464
27590,7457.1449050320925
116383,14723.574270276224
38434,13898.843427312715
101804,17902.759721901468
143775,173035.42033804132
115206,16843.98823159083
60269,2590.958513628302
71998,48459.85262517199
48357,54462.22109147074
56702,5287.040023894899
54067,60416.262711914125
128332,69495.4277933552
96773,76178.86870692427
60154,22849.618577123532
39398,2692.204436368186
108811,34676.021696183
43588,2046.651108180417
55839,22348.19738848293
144802,6933.774482097401
42616,14996.561104268574
97853,34579.28161697039
116673,25788.419662238735
27817,27484.56454983602
129802,409098.0653051366
147454,3324.8275799811872
87065,64423.55658970591
112801,8271.939584812053
45033,11397.676479493226
69985,25977.18969900807
55342,9910.460965809187
95440,19854.79684487303
120023,1491.8046273714353
52926,10834.233251277297
4966,148471.6744481512
43330,5353.155192389155
73813,17212.201829320053
73898,61756.25299266289
128006,21300.307305260318
2983,3977.339953843546
78431,3119.0017265050874
17669,13439.373928321305
28674,230059.02953422238
33488,34745.03874182238
12097,13272.258376597523
74926,24767.567133619475
123991,3576.507375985948
81739,25583.586455036537
98890,51751.10536751551
137045,62067.25595619896
29115,8415.95029192521
115451,107215.04071412742
92018,12414.995101389013
20142,11410.950855722202
140904,24440.608443373574
143299,37382.481989519525
25708,7555.8700621152375
95361,20145.58319520112
23915,15784.993576643272
119382,124832.13242033598
4594,4917.726623657324
94005,20503.709725148947
91364,2237.721463710961
108858,25311.94778519056
148368,2223.9257210499377
6372,15495.29873287159
50776,8567.890635559168
80679,7802.937214690666
149015,39623.39197761806
52541,17453.630900872922
117053,11668.03467045078
8042,116014.53910936663
140757,12392.558856687885
58931,124442.05160756422
120821,5218.0111731638535
60669,8825.765155665285
24931,3368.7503747189853
100894,12706.336784641542
49574,3135.522278831333
23993,17265.783774182935
126182,107456.1476641211
23743,2249.7555161379387
18167,36685.078945254754
3583,25455.905488498196
33270,121139.39529004884
109954,55997.99014568562
60588,10769.466497385125
124723,49367.54154698381
101465,7199.153186256794
138132,9772.652437480592
100075,3746.597923177013
130731,94761.0203615872
143647,8234.712851460847
11731,25483.20371316536
103153,10440.858756282123
146892,16539.399621234035
9501,112229.2770539874
104888,20589.827567029035
55209,25485.28182743019
26857,93267.21710291522
122607,55031.00198395927
74280,19683.23689804555
132075,1193.3730721176714
4280,9398.365050083032
130497,54722.54836279149
22875,70603.70345300628
18111,75665.52231778803
128803,13688.202125616
47321,112012.14330732051
131480,135205.16892146016
115556,119552.69404382366
107810,5455.818382499167
8249,6700.628068266544
19530,3107.2414879426237
117459,4697.86540214244
137832,67025.5485108429
4138,59377.50780773429
141468,21050.960618076457
128874,66517.1782253338
140054,3251.2557726126433
124138,38430.80274380652
48286,1529.687256074224
115481,101611.46770737617
14240,24355.576415930867
123709,3101.392516633426
67467,18101.7655284723
131444,22634.579112071835
101827,22079.728741053408
1850,13781.911326167059
62472,71729.95613321128
75,46933.59877977033
135198,7156.233967123868
10344,15774.823658385158
113943,7729.872857047903
79702,3121.560214657238
64516,49137.509847685695
59537,16924.394518558827
34604,40900.79638552034
47474,5001.729262568095
33881,13529.023056425445
113778,6253.193427287991
1780,142122.066168884
81726,26994.72670122306
76050,81914.93591078056
125067,4800.518335891936
76642,19491.26763829151
101780,25613.903929274013
112512,47528.04007236704
87459,170881.67128133352
113671,28270.715658090823
100600,52329.04800444477
111034,36291.31154038787
40381,58277.830435459255
10364,122124.1558989306
121846,5965.377880854983
45482,170605.26369756417
98540,15004.390293501114
1204,4004.6025219004714
117522,8894.32304301563
98742,7653.382845389395
34534,88123.20647293805
71753,23437.325667157686
67528,61644.96314081446
81942,27465.118403665936
118431,36530.91927797097
72227,306580.61414857744
145857,6455.759388619618
20785,9367.12514822339
13734,6554.020063704409
6370,8842.103139211122
44398,159875.6809833459
134765,123654.56214406577
86863,39023.63512043025
36299,4861.44894691306
93196,10540.680664265465
142081,25937.47864153779
91681,62099.32551138676
69170,16098.222657124415
13133,11891.656232650112
44380,5223.235627157215
144362,65226.89310221779
20172,102995.42543614496
30084,44179.69518041228
137148,45348.95156969693
97096,14098.966944809945
149933,16363.085590566054
104162,8549.851668647265
126458,75076.53225312043
136046,3147.1833898032946
95949,82444.87821373157
80319,12145.73711297553
90934,5408.595414749728
58518,33798.00867149886
130459,14450.959853045268
80998,10782.514650358047
77681,72651.19857388988
61755,7863.829014668941
101895,10327.722308027574
60044,29193.388656483286
123285,11967.230390908682
9626,76917.88603013191
47296,5479.059400898941
82632,2834.9438395468924
62859,13509.427955271763
37346,32533.321657114786
111936,145669.1925201894
51894,20858.51414950637
119441,73444.82565823043
83605,37919.502503184085
22134,2980.4373058437827
50026,13463.62989248204
67856,4471.853206704713
11789,7734.100502422156
142057,6813.428486503596
91673,30028.857424195343
97657,4959.1827871222895
35500,5671.139632260807
16236,22121.29008414586
41927,4972.184961926032
14525,9239.775379086052
4115,37005.45240216346
8207,9087.067006159987
1984,141603.59008459156
114443,12365.4718073453
42943,26622.006143408562
120357,123078.65561182931
147425,29126.1030033366
34872,41812.7019357708
77694,10776.263731329906
133325,10707.643660631764
54086,26962.89203865015
37670,14074.119777423051
74250,66004.46589571187
66745,25824.054387812706
49585,5218.019269989595
11537,5886.203600633737
47398,28070.669396006702
40391,17545.601083443205
96817,8340.971801841974
47418,115291.08180616269
6126,70898.19670727983
24650,15261.786219963436
60980,11993.276069188609
4528,8061.12433705631
41853,10657.203031329424
84551,3121.585599033472
131505,15010.329780166923
5633,64456.60457889238
55015,5209.081293305982
103161,8671.29005534905
110031,6489.696051217248
102055,37490.41592344335
128439,30344.40110973506
82234,15562.774337305284
264,2738.1972910023806
16476,3362.351505157611
56026,5005.350260799952
34115,7727.419262759595
86798,44622.37672884841
61725,3832.397130013465
143713,9162.05066855221
93804,51287.264161677056
56244,10537.473617548365
5370,2760.932419558342
129586,27725.891552764613
41515,5204.121079360633
69149,165876.6908953212
105477,10118.251353074373
71808,2643.3659544535067
115368,22665.106776224056
88468,72496.66603011347
34027,2798.5544223834977
113151,5653.536809999889
148613,48797.07570663863
55702,21515.528850463277
105895,20142.255276446052
9638,1174.7347002175693
75889,18229.48355725762
9015,41134.17804898691
9517,38214.42080765957
135526,36394.33274216342
53804,818.0647218728964
100593,2694.66188770908
124705,40583.034099624885
137044,8858.838065429649
73505,11913.68729767716
80455,16436.530193470873
47268,2393.4826565836893
2159,82893.38826354526
35786,12969.20919854498
128717,27541.51536681931
102091,13604.804399966457
90930,3972.2952391700846
48547,42290.27559554154
135965,30163.048645712206
100035,21562.400535422243
11438,6959.357137713887
118127,94044.79415761249
74761,38402.25258608826
93266,13440.269011622926
96073,26738.38720568693
26802,43741.61674597357
90340,7848.879095483761
73772,11546.803700669614
126304,38069.4880553353
5258,169692.53939048125
16510,8119.976338244297
98450,29052.111534894007
25065,37845.85272928687
95862,4967.462186377902
20035,26469.475547110233
73283,23669.230520022116
29035,4676.060808742516
87369,76467.8266536635
147662,31608.27658901032
57554,7059.085508153193
131352,47000.91700452052
652,7159.888859885471
13117,388216.5281964594
42957,21351.97541548971
148246,4106.886380916243
136148,2754.708752934557
149404,137703.46692458016
135649,26741.22923472911
117798,33123.62610757113
1562,56392.376780808125
14639,35621.03002087701
14699,2892.368099464415
15161,212538.12606752932
15125,17705.276450228994
54026,58410.36084614397
70370,26588.752077109606
102450,60735.891858943454
129108,120598.14869173006
3216,59088.3570933901
99848,92769.30021480408
74157,10207.445916457684
96030,44391.04594288171
29521,16629.976590744427
145399,3166.0561265303413
41319,114774.86172035095
81583,11062.028111235955
16485,3077.486520415137
14603,81905.351014341
30672,26195.303355600576
31524,14914.586935747253
474,33975.767368457426
25724,14269.526046757535
69913,94936.49807570573
574,4057.777178672857
43345,98079.6387077726
84584,18007.33817371997
61781,155150.26181690767
145134,6277.366912402499
123815,48635.22351881293
142158,54678.801490563754
126335,19193.447491808125
12632,6895.897057409489
4155,15995.96041487424
51567,9027.524886737028
103315,66391.14025229843
103739,45194.33993361343
58239,3251.9963716479488
18356,90109.95475357963
22073,79419.8173282962
11967,85983.55267264764
72115,17323.400316410105
6969,1886.4785461774568
121169,6881.492590303284
85365,22772.33933689913
44659,3783.9882738582205
56781,15040.164367941954
73866,21078.648480280313
75810,2456.2719527616814
104699,24623.89861751873
9426,25039.841754920835
60924,6869.438988308926
73726,16410.65935695101
6064,164175.56365340686
76690,11187.628909171917
139000,147182.80675124555
48523,39370.0381865209
58093,44464.91789545991
106476,27934.890196947294
84693,9728.255709555096
110905,1715.051966826927
131857,63876.34714261034
965,168399.58973879725
9746,8348.949183898874
132369,9820.162068367032
101311,10560.876175692263
86321,66877.24060140437
34898,41522.707741667415
103868,97369.78817907836
88719,6225.140783159792
21606,25558.0319334927
37107,53303.47969288371
24541,801.6770823402496
8307,5077.157160847386
4042,171988.30057037974
72459,24639.711286520593
148304,56727.82913930256
142654,10625.129534720965
74209,114507.07569426372
8901,56615.39946814167
29538,44894.084555064386
43278,85218.62563638158
96318,7669.508084531584
8940,106541.99863506472
66037,52793.51467337244
89437,53348.82764158903
30780,7719.074149018606
125498,72074.03990519111
20005,19174.889609173442
24597,38964.987019328306
34416,70614.65072919645
6157,3266.8540918776807
12281,1134.050802608705
22341,35651.080715360156
147462,123277.03219508157
94384,4934.579324344103
43770,12663.055652153991
132594,8615.528571147728
122377,36333.6362338504
142033,24136.37306708724
96565,40612.41808718236
76782,5334.4836547202685
112952,2041.5260104655424
48366,20409.415382900617
38060,14299.578048826646
116928,40456.5729467981
106,18430.999220336915
7077,7511.74473694119
28341,7247.209042729492
55475,40136.94182459654
122317,7625.551622285426
90680,30776.627782826818
42636,96686.18441363744
57798,5642.733355805348
95134,180368.8015423851
1581,20464.845581632835
133401,12973.246734787863
17207,6618.761711339017
32491,14407.927142653603
145238,169730.97230914654
38378,35664.79606261103
35983,20774.245723803186
69668,2681.7363903342894
93181,11665.160700245184
104804,18194.8854272484
83936,5776.862002405824
67372,12543.901389038003
77909,75933.39477432711
13185,30997.845528213038
102856,6580.527395467272
43449,134394.9496763479
106411,5856.294182190757
41875,65675.40795342742
85713,5912.407924440868
117756,3395.004373355028
50722,53582.676238314445
94688,8185.9472954193
137819,59346.172570857496
23468,64387.21375239095
88473,31306.938899668996
13383,61489.73634208137
25476,18146.411227060904
23098,4816.809948216798
42461,1845.5328974069794
105552,96938.05245242247
77200,14415.658682136263
113744,16585.673224813145
23104,28056.814520518234
128128,-363.30653807695217
17333,28295.287184796987
147221,15674.382317215812
83095,193769.581534478
16651,21309.008959257844
112069,6901.826916749816
47762,38633.650208647414
52178,44067.39303297044
124687,2134.8179225386216
122092,17830.386317718243
73222,32529.64244083179
48431,48771.68473004379
44970,93259.51327732
44115,47308.62482608497
24232,6947.255463536079
101597,23286.513344585976
140513,42944.766099358065
147096,24613.556260822912
22194,26699.94527116135
92114,2186.3765327195665
105163,61123.58225933717
70059,11011.134769689466
52810,4681.592273536402
48774,68391.52319526197
69895,8553.565864877986
76895,11675.219977766728
62096,53290.3928744844
13730,63517.10316515075
61984,1827.3103410920812
64033,11996.396170699925
50929,146898.23319965968
45097,27155.266960107616
129826,15484.985716039635
54411,5006.901912602962
147842,38889.70452005459
48704,12016.234547902675
1948,8266.353846880065
22419,4652.586816086209
96197,42568.030584396896
5118,6657.833702977654
62843,18779.03481407272
131716,17578.93905156896
134658,3569.5487819755945
48680,8661.62663513816
102112,3236.4913055775655
81079,52133.17916528991
39577,5757.3044171254405
12407,2155.3578968623697
63388,65831.19311522055
9224,9435.284548955926
78516,22866.657951424837
44041,1464.3740710155516
82993,10393.027364749669
148175,8976.361151555657
85575,3665.5386586887435
109891,9468.146495037954
26651,15205.362697818471
12729,4976.2057386742035
49373,34043.69940579806
32271,54623.9999418421
70921,128318.33467592456
112788,12494.466887911178
47515,22067.22291739752
145751,6407.139504205096
128041,39641.09451100218
107102,19314.266588227278
16079,33410.64156436062
53414,18966.03435369177
39757,7420.163170819508
4852,36175.79005002699
61668,11915.679530344558
119870,6226.121499947461
38668,62785.370282614014
138697,45408.611144680086
59391,43555.54993578329
35552,11169.671532537059
146016,31275.01575292591
6106,21433.885495253722
34344,2484.9763888384477
140106,64407.65429032588
15626,47688.29252493605
84869,340643.0650420181
92495,21443.45342993303
131128,4772.6223041666235
143849,111341.00425029584
96594,88818.5841616735
137632,90109.09447416323
128103,28852.904522419514
10450,6777.189419229282
31592,57359.494520934546
131337,7099.9433362145455
102439,3643.30602167123
137238,48665.00398285748
20161,47377.47616336462
51241,25531.834396898164
78715,113665.1500656403
20556,42956.94962565246
108373,17824.155330606285
60270,7819.947840941412
59362,16227.902285188986
116941,52693.68360243155
137562,6353.315648798318
107242,95724.14082774936
38332,1908.6054796857607
110721,12755.142215283584
34742,4084.426420438365
90070,53529.188251528394
123197,6341.101868060439
132531,6308.433357055558
127827,11713.27525658745
44223,22369.88901848093
12223,3047.9141009931736
1282,8643.892993352023
134211,5032.403732836188
44851,20470.599521154367
44839,56579.233582928355
72483,88295.5983462657
17569,33684.89944045075
96421,16136.445267014942
142929,24254.0462688259
78748,82938.16679843978
74982,116397.74859076705
115257,97773.38925215187
74831,1354.1242608854534
93581,22633.29945332522
52502,54404.1691433147
147537,29052.029624434013
143440,4836.888517359857
14674,29823.300516778272
53422,147108.59296942406
131991,96740.34780512126
16756,14401.8285208538
143702,5030.573958267909
62602,16345.617914019474
10758,15186.237945190163
68289,26606.045616544066
108977,236872.23894269313
15739,121249.11594628298
68088,3218.6244054999615
85025,14347.774690327764
133519,9253.696751491927
119543,26578.559829775626
50169,36639.45746883543
25406,17838.258051548844
15241,79070.47643215611
14111,187813.02351992106
100711,24842.534755863326
88984,73694.20584926047
136981,16450.017019606366
148125,17734.78796010118
98207,47582.862086331894
119417,8880.733752041326
71168,22781.545830456394
61609,108353.08489349633
49027,13542.305220328886
141665,15790.11498546581
54899,10791.121621481132
8915,47240.22330408507
23736,28622.535990510038
117997,77105.31199641274
49823,16850.973093876208
13947,12017.730144980045
57272,18373.574787251342
7231,47156.21985360454
88619,-538.2491896515935
32266,7988.34114484296
14080,2432.504618456951
37210,43126.931326448976
123838,9352.179581758412
92262,92629.8866241326
62028,3310.621758473469
52265,31532.66446909064
142435,69597.09422147826
26674,13689.895157047762
102709,9469.942418159695
78699,8707.78105269884
73906,16673.415704174342
33002,68115.84743631969
63592,41039.07874430656
54458,10286.66096739702
87304,3963.042758721075
52755,7465.147380984894
131173,22713.026258416543
113991,29890.865076845657
48109,12900.544350363909
64855,34620.39367889313
85,35825.741276582696
64249,16662.00977984104
148101,37935.08335986935
60345,1979.8664747493058
2277,3964.498615114119
46866,3530.5806212241587
10416,8314.011569372778
53813,84223.4830007158
51837,11071.364522809246
48931,112931.29385824615
4745,222351.526474536
34214,85028.31800598712
3747,12571.15712583192
60793,3633.1403712363012
50719,8103.059823971392
139540,19030.58004614053
101258,26866.069505146446
83509,1917.171397017892
122905,572104.2647588291
140771,58627.05786424161
123502,18702.471105669174
19401,19611.625465980007
104972,7681.373988458076
9021,8372.355875894224
86602,6469.306535340107
2232,16327.28157294847
102656,66698.15426848429
137018,21241.26532488737
63632,6111.351717438754
10790,82983.39254805684
101466,22649.783502654234
52352,37478.46042828481
136295,80564.23737127388
54858,26257.00061267192
123365,9130.574779968298
94294,39005.07120776545
59577,41875.95936871205
10139,25704.413281101388
129869,77257.370644835
149432,74269.77086140672
67408,13803.44121359504
103329,71225.81845445366
137653,22500.772587447555
81356,18497.739391441846
118199,40313.87715916463
4101,3524.0245631423372
107927,15642.350608652048
144955,42449.23104634905
2268,1304.0988998441435
127164,16815.64671523564
52102,14790.624937598392
77309,10204.454473598837
28822,10225.837769475705
57989,6362.833066381035
149743,45610.336575151
65896,23764.37261046106
92870,166403.5181499889
76265,47739.03959186322
32388,2116.7444261330916
142021,99553.0865519786
19265,25687.628841647784
98844,13579.88699359766
143628,96044.00708003902
114318,2323.594254378998
26059,2177.6202870313036
100956,8186.876874510579
45404,5676.643356354436
75975,24062.76870853814
79477,37681.138413079265
78287,119219.15598758066
89015,150222.64429724324
71550,10528.476893469633
74968,52744.40297614083
84314,6277.737679941169
26877,3708.6311742902803
42700,1883.5585764122457
11934,32777.589802319795
142892,58184.67505965871
134450,5980.185351967184
39354,115936.08651513825
113965,7217.881542413581
116664,84676.12733308837
118364,95756.56814701867
18426,50808.26605702426
55670,6366.267813475947
29621,4502.59210869776
3599,56293.44643436983
99624,29657.955051577126
91945,17750.671913173068
6527,5934.995367910474
61515,61403.75256192463
35323,84614.89423587764
28727,30015.279377954856
99679,4068.9868620657094
52445,10940.341080856826
135228,1093.5608803759653
89197,9043.45018578005
124093,10032.273275012962
42209,3060.5920113391003
92685,17084.276250083985
148451,22000.190297028494
81342,6775.802616724604
1681,4223.989708966583
104812,77484.33683850562
12427,5867.815193273131
129536,21860.784783777133
7757,16270.366429908918
129065,26165.489323681468
134060,108433.08232088383
140367,46917.45764068968
52033,10920.34589115317
15735,43750.11753283189
62256,124256.33238916255
21529,10073.837186659646
87927,12363.009659446981
93475,10526.096311791223
70091,13259.877044715306
123159,37659.54400889273
64448,4041.657251293384
17692,3129.2328952264024
134737,43293.838033293156
18223,47898.38428217878
38132,17630.917989941012
136718,44533.72636912674
93091,28333.675079487068
133622,56857.82491412139
91483,23172.71041411526
88715,6767.108834865653
130152,5149.3775740321735
62296,23761.16294522848
105560,11393.605225436306
110744,27183.771552431022
95698,13764.39481133931
3154,19331.757178674867
98463,22278.050494701172
116607,18696.199029476084
11347,23388.750590525317
29248,3600.9824930689592
5621,8441.53149260544
17573,37173.112215549874
19848,89776.61323648586
84358,2443.8627258743577
42627,8204.074031506621
43300,62787.33931089727
22691,16645.396926588775
20268,62754.27834061671
93844,46982.290313782454
11610,8038.804356177013
47371,104859.689794573
83538,6298.424677735606
71468,34762.860395737145
145647,13480.904621571639
148187,15838.07000427359
122933,19797.90336289485
121433,39724.792330226264
127015,3543.3358504299104
115886,2843.073569740547
148003,23358.49531293497
143531,23211.87586233504
93021,37711.489714569754
149570,6147.186510510674
35893,25575.265831537694
32022,8643.949049930821
15384,22682.0053370855
15873,64129.06491396802
47832,48849.682299193395
27450,7337.662144015749
34654,47740.458313786556
36270,16259.717578447016
110163,106321.25277203819
99872,4132.365088697744
101018,14724.366887153572
108823,5821.933005406495
107470,25429.902100314095
140994,6802.875435680175
9350,24913.655955645758
48908,34068.00329268705
34110,15572.79177686683
87156,34233.09127615887
57391,5307.285554028812
148030,77004.28065319825
76802,12522.119535766844
4935,11949.568099729657
30543,56057.338422607754
15490,22334.584860333576
135318,23536.826961439692
56309,112965.1044277369
20386,52727.38352624427
78821,27761.4198672664
109549,41515.59075332438
131290,23730.41028101666
88844,10174.595152091835
88298,25107.143485012697
30179,19235.364647631694
11419,18733.597859900656
40423,79714.79051429845
13103,10693.639304212373
37483,13951.223586590088
119926,74058.19444382009
63048,113216.92087648207
74311,47765.358953582545
36249,27733.687592195958
44759,4607.957092019592
69437,10285.510542065324
63182,14801.904954724365
109383,55746.224345498864
121932,9055.386824965415
2357,53826.50478106674
114883,19106.629260092126
145682,61440.466799212794
31452,8296.434830058199
133570,5103.270614061768
4219,46312.734480303014
121534,44184.49653698361
27710,8329.59311983826
87039,38606.136740255126
22844,21493.74406826115
18765,13031.703793367822
75395,17807.101004992834
66293,35026.912121957466
4894,137973.38894708327
76296,17055.097268925063
21325,76064.45224472122
7575,82096.20994715951
86576,9499.740323118776
56381,13936.82576062462
12549,11034.538164310765
58583,100856.97277547236
1103,41399.3846426694
61795,16932.964723669458
144871,54769.02122588113
104051,21780.249474279313
40127,155040.1936913409
32316,19926.603694254525
147599,26830.525728243236
57896,347194.8750373372
73564,127345.05252332646
12910,69223.39415297682
66343,45492.816078955
95062,2621.819728397927
74894,57495.00078095788
55987,18628.561044959824
114874,124317.7885880996
121098,18615.95550346099
22913,22474.72585272741
74874,33395.123317447054
106183,80173.86189444542
113094,21961.445954900784
126256,4165.126876183975
11188,10110.132435017316
105689,89254.69147586112
78606,61741.996608756446
128418,101416.67380083
20697,45080.80172062972
97296,9163.057525932612
103609,74542.71247611527
89786,10577.637945522185
107950,138215.14239218863
144258,1298.8150473243693
83659,75605.064492141
138072,33661.85070864999
95693,106712.73691655361
89342,94049.22686538973
5519,4989.097702435123
1913,37440.12916627415
85429,27115.106941881597
42874,11336.227224890234
51488,33949.7555617777
70510,9374.333881708506
39406,5792.530217651647
61710,5372.638470583975
96523,54713.87035749939
21890,19752.312842188774
89442,1226.0760516978567
113742,103158.67586161211
51011,16602.40590083697
138258,15862.006886065743
33245,19577.923232077992
39770,5184.523922921695
91324,15968.250356431963
62231,46968.63952997715
64024,9271.5712401881
102476,59598.94415617942
22199,8800.966590847214
13619,232592.40418182433
63404,98197.33194045127
53612,216057.288314907
83774,8154.385053323815
69667,35118.96028977818
60439,38318.34084795151
87476,2859.1851503685775
37433,2361.810463914744
140984,8611.00697618772
134513,38741.183376103705
143220,5696.6016156151545
72944,4355.094921702754
134640,33990.35825619521
103089,87572.33255161533
5868,57178.197527094904
12991,11434.236767020648
11080,85719.52620823591
76339,14022.156365052757
25916,2868.060983719015
143044,36219.11706370497
147340,8470.971916997978
49509,181515.34223001564
57775,14646.055886712136
84385,36491.49457793272
136276,18409.698024443936
125231,65958.54025940721
94782,12234.675103217494
117521,46088.48184767089
29249,91858.7837103203
101030,56965.53862974763
41614,6713.98824547959
66349,23367.007856319848
17280,35076.97636574099
32659,14544.938626691684
78250,33590.42981417946
84538,8034.980711472898
104562,13380.256726590473
134185,4307.355551591603
148895,12256.311735982239
23335,19743.457937592677
63614,91773.78680344696
47717,11716.24662869885
73125,113416.1779070014
44169,14027.329603768443
77767,115086.13985206091
64121,5009.259967780921
25768,30163.15995851166
91515,55644.91501148375
92740,52158.26890244263
125123,136192.32798456107
108728,6288.722425413285
49475,12468.469295634672
133782,113267.46893285218
108207,6775.948189007462
19154,16615.116506679195
105174,17364.466838590244
21159,8147.058054273436
9926,7727.463912352575
3919,137172.3872461313
6633,11960.990951292157
94463,12204.888666960105
128764,98402.90252818522
41439,4968.5710982492255
5758,22599.32498844848
107139,24993.62775630382
59512,3442.143992780614
130507,4202.138434738001
95822,48763.73155697694
43635,2865.3327575988865
107835,19634.131631907236
105756,12338.571569014186
64519,99456.81411730623
58476,51770.350023558
140797,73016.8501086304
18091,3025.1043473705895
138678,8491.952811509895
13228,28536.46813609676
73957,44819.59851396859
75450,28001.54774098836
35658,165793.9462296284
22884,74405.28117318032
74240,6248.911289226387
60366,54107.72010734325
113588,28520.935293659368
112223,55804.06992794187
111981,20579.967793003707
113501,29815.91952603626
20769,6618.526930547132
1129,25173.476643645205
77478,77696.6717365246
144740,305323.27127830137
83348,9554.552533990227
97153,141789.08774096635
145050,11011.336911968385
76114,27935.275998559002
5151,41153.92321934542
82064,17726.274812872332
89614,76787.60833315531
69653,17965.86756281522
126715,32242.431340622166
43660,51407.32389819433
34302,6724.131975192673
66897,93327.63211280576
107028,7001.956838909946
56951,15101.348339287691
79973,24884.141614015352
12268,37566.50788346906
67605,80105.5906652661
89161,63627.15464567388
48404,9485.14442674732
62325,2607.646281483808
114045,15704.505777959328
98669,12767.776742010801
93244,164328.71604916142
22865,7266.642895176277
136934,146751.32955767127
99562,15372.084833450788
111554,24257.86546507793
31735,35969.82258585347
102663,12091.579960316421
11810,6776.569719170732
115060,19973.397138552937
106282,2648.5102655100563
32375,21370.50607634273
42913,29517.662124801805
16704,10766.35238131401
79614,9016.432704938097
64735,63389.9104200218
140264,16606.816929932138
64405,35692.346009312445
119627,25583.023204755053
78905,-3151.2883221949905
71373,13370.44771099239
102812,5315.665602665644
42518,12992.679368784069
12531,18264.954705357515
35792,69345.94257582555
3462,20336.56003175326
102952,6179.2824582786725
1782,23068.179503061852
145352,4578.585817677326
136345,17707.200699124445
115964,40693.82623624794
62941,10891.290740056698
139264,4271.1541835880325
16638,9188.24285685203
62203,64342.11886056106
116975,8956.007582780441
49127,314585.4589385494
64967,27712.302907865662
128229,208263.54611397075
88940,18268.037347768495
27784,37746.58474716708
108367,5397.506463534127
105082,98393.62837025156
85093,79679.21584965111
117909,4135.458761484539
38568,52658.416001446276
2960,138308.06551028768
6175,16245.99013054196
140222,14338.870908664187
38818,32921.68208189802
26665,65669.16876700697
110411,40466.264847466155
86802,14861.343659843436
118486,4579.481705066293
133958,368454.0112586377
90480,62106.390719046
95958,14328.90037158131
48782,3893.260661473547
111854,5384.079642352455
71329,36003.03825708468
112890,16005.277717644776
40407,26299.798319684574
117450,24100.34529781544
65677,5683.8695928087645
62101,44621.48497440505
92847,38323.256072142045
113174,3212.152378929645
88586,18449.393124898106
39632,10714.987628382883
128648,33479.903790468474
131366,15224.999887300413
33933,6748.219649249364
142309,2252.698038559728
89987,111445.88058776323
83916,3893.031038351478
7110,3334.734563743049
21551,130272.82730289907
144234,17080.77155211995
77547,3303.455524456423
73138,726.1749133781641
31064,35040.156582443946
60743,26411.012612384988
119149,17393.469553066694
144499,33156.138442036274
122521,11105.93286266762
115320,4654.357018275856
78970,18329.607701575867
10233,12296.876608975646
60843,3137.7626937548894
113531,40676.3702751503
121180,65829.95256004053
132405,53705.32332200148
9171,19709.296722049403
43606,156032.76984051176
53682,6807.522506058309
121844,11768.899896976804
113343,19654.04959618832
142100,11923.466563866721
40431,33350.27015965857
121951,1496.36418670703
42275,5326.659666617689
84223,1575.757926184025
109671,21074.94528677983
125186,3713.7403274413637
113627,11865.735216909803
22514,106354.87303124477
74161,2945.1487396180505
55661,75405.77514868099
102129,13676.665990021393
73731,3222.5229149948473
90304,2795.161753809315
10231,31753.72413783605
112126,66728.3650369441
144692,17662.667353479614
134758,70629.5807917687
111808,7389.128687672359
21821,20786.2567090478
58139,4534.1097975065495
84616,11485.912801399256
131599,7670.949574566441
89242,47574.9969829091
49800,14318.23833306212
29138,7449.168254952016
137780,13078.817548534027
2143,4221.54047640899
123988,6320.720828553256
45046,137377.23904157162
79662,6768.356992949311
8354,6793.941761878099
80348,166848.34237427698
51281,2883.922707264025
90582,72926.59007362847
143023,21818.028597712833
60197,22083.79493316837
95973,4301.923437004956
19305,47652.79575528284
68547,28619.463022134645
36134,21712.002204415414
33229,15508.26381593505
41638,4277.5158774896645
44652,125439.45462881302
38154,41454.57523162423
85686,32696.884415030625
95284,8870.07069468645
27375,55848.67474493618
121531,12680.353381778563
38763,14088.245551704546
25211,20519.25650831991
149586,204863.57942820148
61251,42617.66761667503
91733,14865.552045901904
93104,86312.07724759997
35402,857.8755988581632
139188,12515.2786355961
35699,19038.102911524293
2278,54428.70484529338
135686,10911.241071759308
8974,13832.742824610412
130154,51198.63484066717
15369,314096.9345006514
80481,5263.376073808433
104056,12706.121402221328
20190,61171.72912301423
85329,12642.540188926503
121059,10238.808701820995
59778,4292.732810702179
91582,8632.831355434942
65978,74000.05636378861
27918,36851.48995289914
113782,8701.291334614361
100969,3456.9498536430906
3305,1529.4902795271416
64977,243317.53764416798
53272,6024.359481208166
56831,117134.443382633
101600,93606.61914268695
35819,14005.24838428088
7567,10100.244644590362
2099,28690.97163438289
129340,10771.94953253333
131282,103479.49544650795
20708,24605.33734805655
61291,9982.600873181187
24110,58347.38210017759
137678,118679.53720830222
138850,9544.954641708866
44215,47652.60041875269
113405,12457.988508153805
130355,9171.423806469693
69098,6681.019154454898
34590,28349.840217809906
493,12352.845433713388
22113,6809.029013085724
46693,61371.081770847326
92397,188763.08818046242
78631,29523.170638609572
126152,107177.64370497817
102312,5793.621464632848
57818,49472.94281251804
64425,250851.29397999687
59631,45070.609571070294
93513,52432.62746912831
117457,1397.7129634209984
95380,11901.074549663963
78520,7032.02858954397
29151,11694.210912187023
111590,13233.165290121862
73821,2867.733297082554
32497,23881.191069980057
2389,3751.2944893046224
114538,5077.264897117061
77617,3304.1949922514477
4641,37321.504971683455
145559,15549.318772451217
129546,14181.874189138245
52260,57398.398354248995
38970,190377.19693553433
102764,65053.65609441069
85080,11704.747359091953
27358,9508.287359451213
86041,6905.827221189282
96764,23475.809387481528
139439,68427.26056147389
52225,15381.789217221341
10685,50510.552179441154
36794,8777.287389877327
22347,11207.947630335428
1683,3101.5293591057134
29801,19824.58854117022
47969,137265.41935071565
18253,30364.739077482922
37408,54450.75105122051
72975,5745.538156448737
14905,97142.43980007379
68100,75667.89908711874
65092,166676.48098431574
101097,12455.079775302565
127623,5499.1700580922125
64751,78975.6599762239
51710,174675.53831911733
117063,1384.1719741900738
30255,79358.76877087544
140396,1474.938000569605
77138,8985.773877481208
99224,5928.298578328064
108121,163279.2080076824
115967,58733.40763042026
80550,32425.867170330064
21199,5249.146400636288
43063,108574.74008976205
76397,40250.4373724697
50339,21736.18555674746
66605,30929.793696456953
89738,7786.002037111995
57021,72444.10252325513
54522,4241.255416981623
122310,30906.449565016206
124190,6132.431251563392
74892,360504.6638500248
144648,12262.916514086679
31923,24830.85952792077
19907,65633.87536237041
81689,5106.301831948387
111979,134246.9072532363
65020,6462.924973498108
32335,14551.893020908
135333,7169.816416057886
128619,30316.92012314636
67658,71332.20402502557
124476,11258.822571005509
92924,50233.03048134489
55070,42825.33036695278
137203,3694.4045493346093
9051,22160.411584977217
84881,15111.36770933347
18800,5907.13879481126
50725,131611.34572595652
64096,5739.825258691985
132409,53526.45773249338
136122,8764.514808333357
67556,72183.01353913076
2741,18466.089817135915
76869,5842.738373082735
110446,94085.70987677271
67148,52792.80234660118
132234,28759.669543667398
93867,31261.627185987025
99192,19581.12646711603
125004,27337.150353519777
9961,23291.606749846276
59301,17477.257476395975
14997,16645.228631615515
132849,29908.03452739842
93110,66994.61055495961
49086,2837.3752883663283
70788,36720.39151610461
15118,14876.538372228775
61259,708.040008553796
22904,45707.826286119394
25177,184850.97752521455
62865,22782.251356311426
100062,56182.27342068483
42155,20466.78188967164
59922,33251.03006633904
29998,144285.32746704953
105559,3019.730681836967
4613,17531.344117145407
88217,5127.270658949766
48747,6644.917793346553
44072,132856.05052667804
5084,53532.48176435338
73914,6792.804780554391
84940,4191.969837232676
36859,7383.109434574815
98746,16614.35494563776
121881,12300.582034725776
1552,45617.611405859665
19507,123085.09076396324
47199,78136.5398804948
45607,18692.564037783362
26288,79468.3208573126
7493,5204.473389464226
96767,274720.4636672566
14369,5171.198175240317
10668,2950.4301237324626
68863,10326.989632767029
61653,114771.9523768733
47344,17824.381819533442
65240,94827.98885758592
83217,23124.80126133583
113012,137493.50035539706
79643,6893.506386956754
52704,7772.799767407061
112397,5246.540985696601
141179,108784.47355023636
85993,7325.067934571829
20848,50567.8160267703
19614,166188.68474504023
89165,64732.23533575414
64733,32227.572727389655
97251,25973.848109404946
84356,16289.460409109408
9650,90445.4788380223
35614,2314.265023748768
143632,81619.8797727264
77074,2471.6271861651953
68189,14112.16526753023
77588,21719.95972792028
124135,22478.5383599184
104105,47222.34990326403
43976,27046.544837711823
144424,4172.902986108733
26829,9180.508032867418
103248,35113.771352027456
17301,90466.68640500428
88352,16513.9525500313
74100,7848.950142976318
67176,12794.44434667538
2316,7764.126953143207
21594,92178.56155935497
133119,72750.86220269528
123858,24264.81885951764
30550,32528.354976366107
118420,96206.86676161426
100279,84882.68335523533
98279,1948.646393124187
137502,19281.49598457191
36278,34792.45993034882
72183,27415.42183576859
103362,72842.67020218058
124609,2621.4292044466647
125160,4495.143469570755
91062,5924.636483059581
124144,97793.13099260376
135521,2865.504495622504
127642,17302.017254034396
46673,20029.314741992504
132742,66936.30283698134
121048,17084.066990478415
3101,186738.21720431032
53621,12752.396861948386
146315,10138.490101816886
9605,6741.037471829018
92890,3128.833277421948
107295,78011.06179397186
67806,1869.866419959223
135827,24387.07985873552
28164,114846.68513858676
108007,46989.88541515181
31819,18601.819469953174
75819,54433.88541670161
12530,8964.360384977934
52160,29095.087199039623
57573,53517.56878701713
135196,3533.6778879711633
69402,14449.065126963787
6070,27048.946950184058
97105,15436.472522368675
123287,54342.63812285503
111736,80192.49916774592
9923,25655.491414563112
17759,77664.93128455117
3954,63741.47533375368
138938,6694.588901640549
6381,9532.367554425113
136832,21614.789921029984
77967,8317.142159772817
148053,48365.79033041703
61375,28296.016877496848
61770,30766.971547163583
47560,53120.06804255477
122247,19607.631237970847
33625,10093.53566644679
55822,3124.290437718454
141967,58448.76414062605
15910,4971.0186458389035
31943,88024.26172316284
54872,14876.820198671547
70263,60842.59206567998
111631,6377.656652537188
28223,43352.025773732734
7320,4720.31847335794
147475,11405.656988807801
7454,124250.04869930982
122167,10805.045320867137
59211,20656.68826241817
120177,18472.05865536679
60501,16974.930720337874
52913,1861.3459522391229
133636,10327.453676728366
89643,4288.799511335755
84090,23155.67457417802
95614,23437.851291217226
91604,6058.730251329553
28405,9230.538610289703
54241,60147.74702338639
16842,45878.62452604532
60358,4278.5412100559
80001,7791.528052877019
50544,4486.028949705707
39240,17505.993578016234
16710,121893.52108458616
98426,60880.01072395756
92478,58160.8636686315
52345,77164.02749919846
115038,19272.380706198626
18042,40871.509701786854
44606,959.2509944322272
86808,60232.76287465991
76688,59217.90393240073
7598,4207.921318922214
134271,21435.296755742056
17755,40186.23276836058
81031,7737.427679227415
17812,36639.216859876724
74718,11599.010052008272
63223,2807.2874248577646
35159,3262.9542742817557
47254,102161.93982267438
66202,25326.81472159293
99427,27895.466283512884
134157,37375.20868594151
113065,77095.48142817455
132868,42513.564154707
64312,25569.221425046482
55293,13483.931011227685
89173,31222.611533882704
57435,38009.48966179862
129483,29496.584133613684
83799,21472.648229779214
34680,20083.492447374963
56611,70405.74075300922
41133,40865.156724590044
142917,8159.851065505065
39932,31809.05643285976
22178,110398.54753844604
90085,67934.44257493255
63337,20225.89235229134
37701,2875.4046208332743
8956,16635.53055659847
48524,73669.23394535165
144935,12171.672717313728
61754,22930.688860892362
73290,12074.507934896159
16369,10938.371118548654
68240,1823.1158611041146
49482,12036.381767381168
124584,2110.482861611398
45852,23382.22927562816
32184,7447.665697805349
2085,3561.9024910616563
71240,72556.52190587731
24446,11041.54708347433
15921,2832.5931682519717
63339,23378.8181162147
68885,1395.230098598483
13556,7789.337445530585
109720,39253.75942807216
95981,1800.4133729612377
64607,99045.49648500813
64686,6790.443009511671
139516,121160.02088611323
144475,27648.3437873202
117598,32103.42223294955
137182,61582.61474093166
26763,3876.832917327454
133081,38478.883570573176
115145,14880.187879790912
138559,46433.88271288977
62692,3359.389095485574
147914,4948.935570828689
53410,34661.67668303701
47261,75792.26167665701
113142,4258.929398007644
4534,17833.150559928188
87961,7795.145323156994
40734,27986.469561267993
123485,50470.75266012533
24283,16642.50730336129
58196,47867.982018919836
100192,26667.678344563534
7685,78674.07246844766
8737,25326.152942818666
122036,33375.83348373479
27558,53218.968718143806
14098,293212.1937874642
101958,18036.39532728443
65681,5046.1347573067
60670,18692.602234905287
105561,48780.28420331437
54405,1152.846940951094
143523,1932.6664309361863
36168,8145.4988751952005
119783,6752.356094707007
118679,22144.784242334885
135763,47123.91887428916
135868,33755.177623113465
130415,88673.41770325188
81080,3729.8223923061296
7450,45537.2377694447
98637,55905.65921918647
109775,59581.36954388906
49044,8920.97948121993
84865,60738.27422363676
14729,8256.276826632704
31614,76113.19432580667
78556,68652.48826491044
134161,11854.029454412072
70588,14943.562046056972
17657,31022.654526958184
137682,16481.21800885464
50937,6024.4047201532185
5321,28489.9519266307
16729,7806.805510196857
35853,2125.3045883789273
138737,51804.575022644014
62617,9426.162350347424
51817,6062.896746964654
82101,5932.803631404663
48400,4238.614314088458
53588,4086.276244928003
114485,184604.96310904293
68800,114968.42202354436
138003,31395.272674129475
29704,33315.864935107704
76242,9625.922119377748
24688,8904.229893542695
88918,30141.024625442926
36333,41927.902885955315
96787,12553.598956558337
70460,17308.39119614132
16275,7855.424123974194
139716,17416.508003128612
145922,40600.19204859437
138676,39369.33844005041
20317,95047.90763347363
29393,104146.13655843794
10765,173262.25567304564
76920,17514.72305935444
92916,4229.062150736239
104032,1599.085490965606
100808,881.0137375438763
102825,4153.309321548026
143569,40162.683849736844
115141,31172.224910547047
71488,182449.32596945646
17169,77695.53411620637
9354,15864.628837873168
121120,5154.819991592163
87966,10391.788478063652
56746,8897.390516733252
24775,51812.68888163664
55526,4442.102560379925
126492,123793.8705629686
114360,3107.95191761576
25785,909.4697689799558
103464,5558.807064988582
16760,48985.85807607403
98455,26836.04595118681
131728,7643.427626632876
97763,13580.137293760417
28914,12746.903963336626
35184,7576.15135300043
124915,15161.01642998622
128060,25415.256008863416
113540,18949.359508811514
117251,41423.50197578597
97071,89272.37853984084
43646,32697.50360321938
83156,11447.93932712527
148028,5036.665356056246
58011,76428.71886154282
86993,14594.503762469643
24022,671.9486094069333
121138,28410.14573780293
110231,153557.83268270173
47012,477800.6568973377
63014,11219.32300063884
71330,5612.651240227363
54076,3283.444989591411
62302,48442.92329110842
90759,6812.978451636578
136172,9170.60541572412
79139,196659.58110979243
71938,221924.481866904
138319,21205.432918140315
122876,2015.776537648813
89531,4567.290437104352
50383,24462.666378560294
120616,4330.651277969624
47976,24187.776953608824
137468,9615.394668866946
95646,22077.89547790573
136751,99798.96471194418
16633,67042.84522983033
117550,1697.692343983566
29732,21289.98288512542
67434,21745.168848100897
53536,3225.3334968455406
47130,2098.011895439169
7813,42915.432427016094
114040,17733.198103669827
37126,4492.004991077593
92511,52716.94532121646
63240,12782.813480892457
51059,8228.010782789619
97023,5502.626001991405
41128,11709.140238191156
118372,21578.632573630945
4062,12653.000644538446
15678,5180.845412494895
133471,53168.848024304636
63121,15718.4529720054
34473,279804.4641917444
86649,36429.13620442506
28768,5217.684005011778
63147,29102.01210979766
36084,26898.669374654135
107044,29499.51250246969
78946,161187.19574669056
135036,5360.765680248777
124158,21028.66599360994
45278,4713.493394519106
116193,17889.261720496634
43841,26680.286531468457
38002,106535.03150831313
18067,46866.31305469679
66145,3967.27452353805
130000,13147.595737318907
22489,22529.50978647499
38118,15808.935688218287
148131,8490.876840257073
5976,319246.26399461203
45956,88353.6652312856
50219,3295.616349701671
75521,145927.74880481296
51985,4345.7386323543515
54354,22889.83598295987
97639,21838.39765679864
24009,155618.27924185302
72635,6472.314549693472
993,25352.06140273928
10945,19078.577987164208
132444,9962.29755760943
138544,8975.413532128869
146049,73449.29580568857
145321,13557.377445914706
20292,27300.604544821177
78386,9189.697656002081
5905,20394.12461597277
138194,26621.54951298627
86570,7819.205791952905
131570,176682.196223689
115572,14259.43351046196
82615,228171.97428204032
34921,3237.6783891139808
79191,11734.505703149713
119751,2050.1194627980453
87173,4066.442743783594
72031,52107.0231234686
96537,10540.185362324282
40480,6916.951081146191
86904,9415.20824538131
78379,7295.415845475324
45130,26536.13167440592
138889,12285.9308832556
112615,132527.08355443538
42858,11232.61956363788
68627,82352.79191490196
115878,17140.39753862406
119213,9013.972465283705
79459,7774.899577807758
111680,18999.242047138705
124009,35441.98796064229
132724,8452.685788927965
31872,10482.021217574336
53859,66569.55539960798
79552,3563.2503780353895
37534,4988.131280797977
16442,3536.02076053756
14346,98827.83239817436
64836,16242.882190363987
115628,5108.164591168647
15435,208460.0452766475
3713,179777.517189875
58526,38434.197853269885
132017,16219.788493129634
69000,3722.3179374905317
122245,129719.59569337522
135172,6790.316837326786
24066,76481.59218146722
86185,7330.381116407309
58207,5593.398583576695
90985,44453.018063426345
113543,42332.58370929269
145880,14301.99256032456
19643,10071.419288448478
101405,7023.063078007858
117514,14774.095494807812
121291,4749.05796851018
104116,26392.14266899653
123432,157176.45769594016
126902,7504.102337889605
11358,40498.90031332435
72900,16186.16789307426
63494,13301.508599774885
65376,2009.0880395619852
5060,78320.46380164659
39926,294143.70476388675
103114,11170.073892193339
59188,6739.919590379357
27190,9503.918654451765
111019,2430.4455221381754
83350,35249.26857028538
83237,2164.5136020291375
86191,13445.027485060771
147108,16170.16887839775
147706,35132.50424052227
142113,13153.887780803585
10183,20684.90833805003
47664,3670.4053916713765
110575,3266.2254302382944
139404,82616.10663369151
102282,20309.809324402995
135789,34159.4972777026
109924,52588.23007673963
76900,8254.570158254943
56403,80591.52591240064
17539,33814.71103986181
119012,13680.387109867479
10655,29468.85755668966
24778,41364.26488532779
64811,30929.836807446263
16525,83356.41960673952
122989,28611.838097844535
67044,5338.1687234216215
10503,67402.01245395008
39956,2674.8632741580695
83877,46894.2138303784
80498,13270.720901995348
113402,69437.32082475998
97697,8698.073881490129
125646,3204.744075065598
139941,6434.908339650545
80062,37719.256700933496
141357,45081.14134287573
67864,3690.1849960335903
63917,21597.872261210123
65372,6374.731816458983
113669,25327.222465860574
77028,301.3967679141847
97504,6395.299934976352
107419,20331.32692021125
129673,2670.9041985749554
86493,41240.757572503244
26186,17174.21528862854
32577,29949.33289387981
40961,8581.974439434378
26697,2109.476678358848
145295,44532.89546403304
68630,99215.21697341643
33751,22390.354551533022
121209,4083.006036188939
149330,5608.250536240972
92774,35540.497427905866
111321,29743.680853989405
143624,18420.58464052755
39236,32669.83276574617
76183,3984.603052821065
76967,87294.85802858157
142982,7108.111249814574
126907,10292.566816467257
87746,37220.65228700817
88789,11923.589045455994
85178,8291.496739118455
134062,81288.10543576507
94912,33646.915554091625
79827,9138.025793241288
118503,150565.2484586798
133524,52704.3252141679
18677,49168.55900584931
99724,20863.186621618574
136189,24795.556580110602
22322,43451.56383716226
5193,41516.75172793513
83340,11542.736445430903
129073,163716.93558747403
72563,39084.457344731796
85133,15103.58016031667
217,16088.95547525046
16455,98278.04667706908
115427,5125.702374630895
95952,23434.13475099833
37858,45533.10436933313
146641,25463.988035158498
95848,7812.222977979019
92883,6642.219545335894
70329,6830.107795080125
28764,77401.69943540958
68246,150386.40314900895
141258,22872.035741059713
37653,3303.840267301167
113170,42318.020598388095
2759,15506.070147095528
75277,8901.883032379983
37182,8264.45994593176
48814,7904.532919949474
33795,11365.424581105684
113904,98195.64441545913
77058,13100.024327916646
27527,4976.807124177948
76070,7227.872594517128
90213,19998.204325512663
105612,122749.30848398583
82745,10535.735637000562
33957,5388.497344360553
9102,17309.96687983939
7402,14338.169947539165
18667,81130.44085310014
142157,21852.84424598737
63544,4722.308121580801
137435,7586.157871072445
123793,5752.691163938606
144678,18263.664173055575
93033,29117.369012767434
121801,6133.316730824898
127698,79502.64753314553
20150,18194.486235147266
57770,6628.476816221473
126047,11472.562027129752
147295,195218.3770252548
60047,27296.428990132015
126469,41392.687249865645
88243,29113.96611254278
41386,2560.3686817520415
82617,201917.8989396127
136559,59210.9399317612
101751,24014.60429794366
147028,4202.34223184464
128610,4264.057926982774
26568,31123.69720792303
57807,51947.12031755826
131806,5412.374192932077
130253,4286.949926489488
54901,8484.594692979654
108875,161348.80441382437
12007,53015.71180519881
119463,69977.24209184507
47064,2675.181014101464
16961,12734.142109443737
110603,76488.8819443408
136083,11639.875690259489
100915,117305.42826585194
16588,59113.939921838595
132422,3542.7126157349344
57474,9762.773125586096
20013,43350.808578804106
66061,8141.002691078884
119101,16957.35688863255
18327,19009.68089499304
45613,107224.90215252804
121925,15158.849998159112
24272,50003.67780225322
45927,34352.34647893603
84238,29418.981897313904
10607,29860.22774651933
27803,12242.302042801171
91126,3642.261107935484
101088,13096.95259514319
61995,39272.827867364555
10654,25291.284124736274
77824,67499.19492077091
13651,15886.448178910767
27827,49545.656596135406
19084,29435.43662817805
43598,22706.715749849012
97047,49.9112284547833
137125,10026.04361651095
134578,113023.62302864096
122824,42024.089478295034
71804,26611.89279755892
29213,9141.64540693257
915,18495.663166122424
17121,41983.96917332825
66135,8410.781527801502
111645,5176.884695889929
16017,27810.370557009053
60453,4370.249779319986
26617,22471.968886559283
145224,98031.87657333439
24870,9018.412469278515
101350,41198.8768134167
16360,10032.53699372433
49936,92232.8808016366
9600,7768.481463993723
51598,16465.335878938986
3870,215505.58452777017
44853,2054.0744310582627
97910,20126.92247702545
18737,67876.87111062596
48442,6030.054933238531
132813,44748.36790455623
11625,166000.1683579423
26642,72027.98586914441
86246,93420.3509415641
125921,13415.449359206637
30997,46903.56709957451
13009,3136.851600453933
19299,29402.720047740433
22557,81723.76032094492
114730,14764.467697078358
115986,97426.92943924127
8022,29430.553405946637
47635,14409.315227707228
55621,41838.436417204764
18699,16337.225230739963
38224,22782.4254931705
62350,41536.68435796035
30333,25392.006286221535
62014,49293.44522159942
32880,2839.882254057508
115914,28558.99685856452
91378,5464.370223617532
99287,13948.200149817825
5117,65265.06771070079
18501,3397.989571995542
72817,212610.13412871922
106188,17886.76221533721
134298,15904.249879297047
10240,2522.659874989701
81112,32938.998008504226
72536,65844.71075699956
95091,53230.58031620831
122874,35139.73944753716
131737,21150.128774072808
47658,5091.468806068457
90329,48882.73378816852
40827,1961.1964280909185
147951,78753.7452942109
144156,73444.49164554896
129450,5614.4580786911065
100538,70310.3838482533
3157,1339.697529505126
103812,8306.45780693537
25405,8003.207589306086
14498,25439.84552949712
118652,108860.45287426052
37531,10034.657447073332
87487,124015.9145842875
121168,83696.94165060992
121245,1421.4616479213519
140999,9140.26594436352
12220,10400.57118118687
99129,41401.664619689196
98629,17498.068848506344
89014,42343.15900715809
119061,8449.440968517252
120791,12035.217051405776
146166,31504.49741937275
91061,45896.74932863259
19744,4064.8684128134205
96299,206068.24022844413
147456,41814.21425637308
15853,68590.78816496581
25650,12608.506166861873
114677,39253.63459299699
93818,4224.812671479505
7966,37102.64939606542
63454,894.9291666970895
104522,12987.16954132055
13274,38760.968262753006
79215,3838.02446615134
83646,84837.59843271645
30725,71898.20654969732
72655,211966.50200195282
72167,18509.158083280017
78526,3233.0348291190967
141604,8424.802493686726
30126,8837.767181989087
85441,174502.9380960658
113258,3016.476132015684
13950,18777.93164007562
39585,12802.780139590313
115930,29786.041316917985
52878,12110.906318445419
25652,129124.96003438381
32909,51803.629630937845
14719,949.7579690854752
47271,9663.750891864596
147169,58087.973980271076
26907,549809.1425185037
12409,53715.03198823989
2717,11028.250136953026
88199,7715.3471100193965
104119,14489.457104793473
56724,62935.298070974444
15522,25156.628428033884
71167,24033.9931931088
75585,10349.05691673202
17949,3018.688984118993
88210,15810.42260345937
68789,3117.7394000003455
140586,83630.38022571203
121481,6964.314003250625
30101,52106.41588458281
40686,23428.928856830724
69344,56101.64526170849
112756,5637.992156955921
42599,35392.14844892599
15216,34714.61396889263
76732,29003.245361299345
74352,19920.505750759105
139876,17260.800714115812
81420,28791.536485761546
62140,116373.53448424328
114247,147687.11548699372
62303,1335.2725415435846
62288,23246.032541107397
149411,23710.317548963976
129245,14309.787429528807
55542,3179.4000867445056
4215,33954.87864689509
122990,47256.359757804814
148539,15502.45733987262
70674,34055.8458276182
18517,2259.5022334722184
57232,39274.94351869715
116207,99690.25150007603
135226,36314.2997942699
107000,32889.978759206046
106168,34226.515257176005
60584,31356.985141624446
80534,1346.221811716217
479,167346.04316059448
138834,6565.6568542031555
144019,66216.70615291271
11853,11830.296754132241
61061,84846.14115891099
132336,40229.36025906161
67909,7298.6872839362295
86702,34582.51189047577
43960,72939.48366443742
125936,92492.94038836891
114188,353639.3878607757
36025,200399.90574722528
110643,29295.71031829055
57177,196621.56147164936
66227,12367.178040620922
52014,2673.385015070012
28577,49487.8147582391
49242,4770.0627042208625
101052,79972.05926444462
7209,31487.255562266782
68298,77299.6053412948
47410,1395.4374101846263
125724,83611.6379934099
80587,18486.49457732179
140385,36601.22121888587
67879,3287.1788763556465
127999,11334.011564736758
9750,9474.643499713311
86972,120993.47490736311
134979,35097.22915521634
8939,3875.221798995659
25366,83881.50086866258
49557,8895.365081641794
89208,7739.976796195968
23659,5183.220649128313
31560,159298.63955706413
121348,80366.98549168634
92195,15305.544186610805
44039,33829.78414859554
140971,4291.246440587339
125874,45777.3144032463
94632,52650.849479624216
17633,3868.703215130423
66602,6239.839481788448
42180,34631.517561246306
85253,47672.15672235671
66250,24927.982116230487
89134,37333.2219112711
19975,7523.073794629139
129036,8320.203140032698
123629,21900.959675915
47600,49468.94196819769
65446,97483.54755013844
67395,17559.55974798273
56545,40138.29165548425
40773,1290.5666313401973
52662,3439.666641411629
149753,32668.94088116639
38320,57804.123399557
31375,11735.451477145341
52129,32788.662644020864
65230,45593.45370150072
147174,4993.720366471909
9586,19573.87607814686
105320,16192.724675247056
124527,12952.821156158083
115902,14708.792062998216
51897,33972.19881284123
144773,6492.917671029451
127046,168036.7488763837
12920,8526.85328242622
14440,27788.06438537992
27877,11580.808845931711
81311,84594.70090635236
146091,6106.895304920148
60134,14252.11244545093
48759,17478.695178826078
55132,1991.047002964253
145168,24648.532296595546
74408,8176.214247517401
55810,64575.8260557979
88412,31295.723377038397
116937,42005.00100440305
15093,157431.35775910362
55793,37756.03101555605
144180,43896.94660658292
14153,17603.48685946563
55514,5394.89825021786
129317,24883.692061593403
14914,3579.383523076244
46369,72146.00037953127
82917,12287.390892468202
144837,97580.65851863995
37677,50718.75676665592
44773,11637.92996617728
42743,15065.295120914547
114823,5690.237578079788
114395,7302.153566461674
49620,23998.866754656567
84999,21320.036566182585
84168,7970.920072313653
144151,72281.75166919477
79546,19122.794777680785
65231,10258.588477842952
140386,468912.78596992744
52320,109033.78602591355
133935,5684.269314057181
145409,64674.24371630466
94541,41606.78649485076
141161,8167.975541578041
96322,22274.356796227832
136681,84730.63648638944
18475,8716.37741015129
147594,23057.04367453142
129022,7584.68026628326
10358,45647.456496301544
10773,15038.144796916453
114024,19550.408604855653
97907,70185.56276331267
147414,28544.833395088866
9098,42990.763107209365
21905,3916.0383939026347
75924,693.9625152687785
49091,63527.54415170835
27848,2555.9296364505644
116310,55335.38130093898
87597,20001.219354094766
22014,1298.7660676511182
106723,5645.493918975435
91442,261441.26244609535
46955,170379.3281181635
138758,8323.706566609111
8303,11540.378796645276
26587,11422.030303204752
132808,28279.20905832952
49132,90483.94997849388
83132,8105.246910699614
36308,88131.50178621091
128521,8180.211388618742
48015,40734.88373478136
41507,13502.513992522046
45470,4050.3266935857228
2012,12838.245192175076
24024,132804.79838461915
124661,4893.3927877799815
90259,46565.23337110352
55996,3707.2950438834923
92904,2235.370595254508
65521,1931.7976011031856
105800,3543.878635061764
38469,49623.14913152864
13698,111417.225667875
33141,43399.11015945628
37884,449895.7767869294
111464,103318.29076184389
51142,6212.384085950454
33534,31340.78543314568
50485,11766.269079522433
98681,66889.18349804681
15693,14485.954507310733
139599,1286.7811282361326
134664,19730.690472717193
99958,76764.77428269324
49803,10497.171365243292
90215,15819.279662680558
101120,7004.796258298537
136796,10938.249076276776
139794,33197.80748996504
65263,65965.60078003653
89892,2680.5820850823243
138202,54325.467894092224
1619,10642.366115424786
51052,60624.109993033184
38835,166146.05316477414
59384,92782.94964230635
51948,10062.346531815669
78241,6301.216670830792
80949,16864.70934450713
29145,99246.00771864195
136077,2553.092357613468
38211,23081.55368167103
11226,18747.105096252915
91081,20335.054804968622
44513,61991.668822078835
47470,8734.858597563836
26927,216373.85340464953
35712,6345.199616985047
142839,11957.844649106006
96403,2962.64523502713
131497,12336.628014413343
101575,11101.74853141639
58727,3171.5911523273307
129030,2467.826588293393
44612,56623.49268820366
82421,22006.39553657588
34042,37769.290517385976
6875,30462.6649993269
117222,124267.26575005702
89289,26260.45726121274
54325,20484.493106859012
49910,6121.510439370117
96551,25586.98368634339
138413,67606.82524051903
11312,8077.5765927478415
78066,23915.976007814934
97926,6508.376497531093
146235,73256.71657053215
59439,16168.091111889962
120786,117015.25520902377
87401,53693.26432346263
24033,173959.30119030952
144308,1666.3138911302972
45162,40323.76466013098
14188,9311.136474950352
114643,11629.36601991588
57358,19324.527009791203
116138,30277.59599205572
94361,115975.06886149985
4971,80293.80001081385
117232,12250.428945054751
97860,8248.001322144879
23245,21491.313926488325
68419,9321.82880224975
82954,13658.45467805971
100722,35918.613951544845
145969,168060.20691307238
74582,25871.70674761213
146342,3776.992485626711
137711,7988.76511085399
119062,33261.66872139662
9484,7858.547459891641
120418,28206.029463738316
18516,2534.037935942309
113584,132518.51931366432
77782,25887.178211687686
42564,4734.262085225503
137510,99794.83380329066
75787,9786.523522148993
13297,12385.60965786396
49926,97565.80817575842
82308,49363.73143612185
52520,2040.52253532214
147933,20167.08588393155
33601,10132.449395549285
113602,72395.63337404648
134479,18444.870388801715
34785,33726.96909881302
47794,117909.48590753693
66220,3611.2854174199542
143577,240563.18083573622
16492,98429.61750457674
18069,141840.65485102916
101053,19917.60264758464
86753,39895.687339818876
141096,33943.18114527427
109162,9795.775438576668
144557,53089.18100934908
47774,4761.35958074195
60407,18506.08570460169
23684,9566.390954141181
62449,30997.004494827732
5203,283719.98484068556
144851,65850.57457996048
112034,55946.46226169211
67476,1356.6323680315681
17349,60874.28769887632
974,1730.6311192123962
120266,32406.50504240403
113257,20975.690636457402
21026,110127.45807672417
44867,44440.692314810185
3251,9900.732789549123
27749,9114.04523487818
96510,3494.383295855852
131513,125674.95753594644
9949,56605.86829130968
8845,69428.34959169482
60417,101863.93049614623
62693,78988.49290564994
4465,38106.23474129763
135390,11151.618852979947
133243,23930.465913245527
132807,134873.37569773747
53057,53205.21209355526
92406,75278.80136776654
113944,11008.064490861394
10469,38925.750514362124
65296,81349.99541569436
24981,6588.118803599747
42958,62691.72002018606
30088,18280.97060506216
123520,13145.056571019884
54812,15326.231732942008
105430,69832.02931997308
39751,5908.8014021081835
93761,44306.02794881451
71324,21654.40432570434
14797,21301.316584262637
146882,10070.981692043533
57763,141819.72945427147
33688,18774.985422936486
12395,1830.5395167535207
47259,7217.403355778315
7452,47125.76129315571
138695,61927.506686748515
54612,16798.058450205775
33304,5549.732132193298
141323,27736.043453821087
39824,12128.06848339705
64601,76150.2255417838
59454,11663.850489149318
139321,17446.983329482395
28643,82946.30736068492
109132,21460.49217916806
5590,19145.925047955152
28173,36058.16635742648
17600,7620.462754179277
90785,19313.54295255513
91753,27240.559333358877
14772,47899.12595922167
10931,27314.05458376545
138285,10374.184614199938
91431,14763.452415070074
3670,6235.122383905643
27824,33352.13758408052
94722,34689.34207691136
42362,26361.4403910563
134406,30367.219397630066
92855,14359.446607582311
144684,9171.967592613652
104474,8113.387687553477
49058,36047.397387174875
71560,96178.43621716756
123145,11459.213386631354
127405,68545.17800152616
39642,26661.323587180228
42674,63986.63031023204
91920,28689.676632135644
74477,17796.39107520796
113301,4439.766844775563
109424,5274.800095757309
36988,30745.747536854047
96678,7861.416179862762
92610,29780.333229175776
115062,9196.982317333774
45679,27580.549868336788
98422,46495.15002136569
19925,10297.715026194162
80031,47471.36843046983
91914,7215.0153507633995
143765,15577.528743419238
118201,8123.61982203431
116708,19124.836345269483
101880,9157.120849069803
31501,22639.576076587244
25668,12462.883165811583
18719,55262.12478815714
77171,190586.25080482868
104067,44938.42395992637
9844,19205.39107001296
23079,5997.935133511391
11951,29290.41525921918
90952,13506.63496005932
6402,7867.229754475598
95893,95962.36680126014
126013,73866.13056286174
136377,49699.695927338995
101769,81940.53131536729
108386,13148.662043668986
76461,33365.78947346308
61314,8608.136066440267
86832,35910.104707945175
57805,13480.898215557003
5390,28366.894033787787
92639,17389.660826785675
132382,6537.831849103511
111951,14005.463623166117
56626,9208.860604955671
8495,23383.16403101702
58475,21044.89881774087
99099,15490.544117260506
120645,13865.873339845315
72208,14931.461251395649
17809,5478.030479497972
57826,4150.614107538957
115305,41444.48216688837
133020,13926.646642445035
29475,21149.130706863667
128842,131291.37539843266
24919,16862.138512815025
112770,2531.8281730582503
60071,4576.013828357327
45393,151411.3788480796
14902,6644.9976918616285
18802,21553.691890618556
23015,38491.86355233635
44639,105988.20895007078
109521,5702.686910116751
69803,1201.1065387043327
131446,62621.59819871128
58061,5890.173720005806
141124,46550.38589395241
62927,61857.764265116464
68429,51323.58688847812
21536,24710.872135023867
97839,39604.38373385114
44150,48756.439200620305
111952,35615.82828242866
32938,9235.315615518537
137149,103810.0842088888
144318,5179.375213880349
24280,82882.73173486907
101881,16462.74069447121
17054,53195.084165027794
89088,38892.012647962336
17667,18802.647896309594
134187,137938.12758608992
134929,49566.10187576629
104247,7595.9746695057565
72062,71683.90693783868
134570,258280.2267584172
28259,30565.365707179637
112767,15685.840637881118
81142,67708.83185842982
2329,9080.899300340876
101452,21204.702183034937
136103,38570.4684533347
39187,19080.662422548434
120405,4426.313297332181
29441,8699.204902639658
64292,5930.892092184778
35412,17519.57807530679
64619,9608.172828629184
80128,47219.85432025914
97525,64399.114697970224
122244,64470.25469133753
72901,11439.731889486748
35492,44172.563688824506
115593,9781.333271137535
87942,-2833.5053373674796
98259,73886.47155902145
36248,50885.76819489612
96915,29405.503105126114
133810,58776.20913020775
2412,22289.627450642292
70321,39487.255140901805
40235,51828.508037911946
105029,6801.252643541011
30406,9328.404470516074
45271,57367.10165962664
90021,20237.707734177577
69927,118294.22956471427
94153,51732.429573327885
73485,24016.119489805402
31866,40885.137936460276
132376,2839.294282787036
22375,115525.1958647136
12915,6738.523460505782
86707,3318.6218812277193
60043,14129.010041492866
133837,13092.126036074282
68034,23220.78348591384
25693,151343.15008952311
75300,39317.29226469445
144748,18594.66888484891
58202,78284.70565320404
97202,5125.500982228907
4054,26441.876761395208
88963,2934.861326648253
88674,17581.517848978147
7128,155289.7573798631
38315,80096.56314139428
45801,44342.961453712254
122523,37360.07237937826
16108,41280.519222033225
119182,46900.82236854588
113959,50914.789699760484
120296,239804.09722146028
47819,58720.47450206049
5040,48308.29240084188
46093,112286.98271355758
85058,24222.79124881232
107041,27012.987992475082
39902,76427.15994805862
66129,60700.65565930569
31867,20770.478699099334
96163,11164.04103234945
107735,15264.374176505557
124817,64953.56311756608
117253,23651.466273446822
38372,55036.437785381444
92712,84111.2718544006
61619,12186.52779581573
53403,18809.49236034444
14348,100949.04547811429
44529,32317.415743662914
77836,39939.01428390051
14305,11541.97124420865
125524,256312.3911868963
44885,5085.966464119375
112279,16164.29735248701
25191,3719.4610197767433
52708,18818.3753391774
96957,30959.10757105295
56228,61237.34310272861
43486,51479.668822326814
129091,1988.1583320272773
48271,51226.02056654077
110631,38960.564325403015
100319,15005.061899768265
144140,54657.501749712865
106854,17237.863203808392
26007,109253.5841831438
97841,6791.950874540715
41975,458854.3101587188
42249,11799.839366938631
36428,96408.0479047664
8510,4288.849420178067
123363,17604.016207540604
17327,7726.929640160831
114319,121927.24634704042
146028,28956.717500897692
29235,12944.117951502598
240,5757.027663690082
15227,9955.527357966483
145843,71297.89711838985
125451,10811.691774079383
142609,12183.15538843158
19082,41648.0019547689
74048,5948.245272613771
52580,34258.279515468785
29197,60944.30512871374
14407,51944.35381182264
47647,3545.5627913310036
82587,8998.620486634192
115144,101323.21808898613
72051,43379.542560230926
67435,4595.6452228785
58386,70176.83031840874
52284,6732.20445632635
96743,14213.318910246475
127266,38011.51581553329
110140,18278.785422474357
36602,31275.881452774007
10398,52755.352739076814
117919,12341.282339466772
12815,4097.372665994321
120020,11573.930779721886
137540,98261.57709768935
60259,1756.356855162424
56223,65706.4122461213
53197,4778.5476994654055
116581,19717.46251144533
103640,17281.49930135994
106809,25761.17584372368
17711,26640.677443354994
112310,63543.08598943248
124815,37105.96233907412
36175,18870.215433850557
108398,18467.658108556177
6689,2417.992213346147
45503,3057.2466845365543
146184,68922.06913598016
15729,15721.72758178965
107513,19199.695905756835
77649,5490.75360339119
23471,82817.52867514784
78376,11713.66666160477
85536,12398.73306159592
133118,12608.855488322546
84240,20444.44088894383
103366,2989.5935861288817
42391,12817.917166855328
34632,18890.831152048755
128875,170872.28160794108
114365,84408.66292568596
85309,66211.91498797687
75834,3328.3168210326576
80223,2723.4453107922395
37230,3347.495607722773
146883,51165.00615272245
24212,67752.84777285432
36152,3975.2155543474405
13834,243105.3843937749
20156,8356.935275520947
33828,71123.72463373798
744,26251.17560208072
102338,80363.63521376874
109657,16750.146210294897
17945,40088.92895362018
81148,66044.57475090216
114653,20491.342468138664
79556,10909.041850934813
11634,63440.987019515174
122651,7799.270990580717
34351,164919.372796111
23143,24534.169977156464
39177,23809.540121894468
133942,111742.1533308651
78901,6927.1254930939895
58005,44000.08755489894
64097,9013.018763357135
39219,28197.2114016811
36685,3470.7097200513626
113101,6296.730305327608
70304,13298.454733224573
50950,26854.39910417339
67488,49669.71961544343
125722,4300.625045169982
117697,42422.83691783455
38832,45301.831866984016
14351,151737.971007042
136303,52980.10647978997
37877,48283.46312530273
64277,18212.364778510775
97889,6004.539836846554
29602,22057.409413035075
41361,101037.68223352394
75359,31937.46518288038
45572,17721.059643128887
13767,13443.317700265212
25482,7134.472322903055
38554,1400.2525216983915
20474,2753.5465796427275
128362,36697.98585824504
125948,4455.151668709511
122707,6835.6201362117545
8509,80912.53497029167
53335,91454.11703182747
142611,77555.28054951839
88291,27608.489929115975
80522,24404.045844918124
2835,12887.590324871906
26175,47534.53214548392
118381,12334.318527659088
86637,12756.510470444757
115374,28093.711838671104
61496,4398.149506881395
140551,21012.640888278165
8385,12025.48363181358
6920,9644.94420053285
45491,57552.18890199268
37175,80572.8464798751
105775,17210.095561290625
49566,83231.55785144503
128324,51137.045577566634
28255,2871.469012657774
37400,61435.91010662006
138270,3838.2560846427255
122906,150139.59840496568
117038,2577.7789595577005
44088,3205.83437925372
27056,23542.154504634807
19292,1687.780041304279
148950,69851.18549194833
23654,57500.65903982093
95553,26801.599142646875
53358,17721.431857207674
92727,13391.015203311435
133819,31709.28711701506
31621,75724.91036065223
105982,8444.60171917178
45656,15559.173126436328
31257,16239.672317723016
43054,19618.35691992531
126301,45593.6694101
125175,16185.306911263442
20771,17855.678194229098
49208,11362.824827022112
120265,10616.077200610473
32569,23621.17237277253
40183,90786.17778719019
5898,4773.597405734364
49581,11807.372439019417
119073,50561.59153312387
11106,67464.90623947929
125037,18399.686159033405
99073,13898.88569720168
92705,34488.0761167902
99618,23667.172237477298
101098,8891.030491845118
84380,3574.4883935642465
97519,26677.12576298806
95889,90058.0801428828
125029,50409.4131133055
130438,28734.067336395463
120508,123753.29161074795
147107,74863.5278912031
9328,3412.821047880262
59405,32040.71000249617
75950,38938.666326462866
22327,36378.06614394499
41978,17757.89111374769
142247,43182.891281760174
127778,66621.00977596879
21844,12628.66504050126
69882,4054.4551658192663
98747,30494.624166095287
56326,24343.6469108032
125069,7035.533606007402
72433,18014.78452140085
14608,4805.3957314301315
107191,5104.381016840113
73402,64168.87086629982
100249,11480.047411008487
65448,1519.4687974992423
135149,25545.10172449368
17567,23982.060452235095
34906,108578.22729825403
29263,21264.529720480314
85112,68721.31767861715
56124,74437.78906901745
109692,2339.648804313183
65212,3640.352710053608
39972,64757.50164817143
83301,36499.52911647939
30095,14335.685493163748
7186,4761.158595396317
46245,9024.854052939127
86111,45816.82508929061
83423,48857.05092894428
10996,42755.93542429655
11658,17449.83460379484
143388,10014.802080348702
39863,34923.28319628022
108308,4315.69189025029
51880,8138.780221656727
42093,12788.511760278667
107353,16501.59081355773
142728,9573.643700922643
110933,2013.0273336789123
132565,105350.42629438447
48455,24162.760479373435
34206,11756.9798723141
68752,17633.269868941028
33463,9190.708253210452
42546,56162.5875953489
114177,90354.49857364297
139004,130855.05593831668
24866,719.4235253424658
123490,8052.958357265607
116766,108072.00515362741
40476,53553.045072300265
100006,26636.232359192818
66898,66638.82603177728
149069,16213.010585917445
2674,26334.72683213338
149004,6002.6861874092365
112940,116111.45369262216
111683,6427.917301745237
23926,1983.6586493387474
9221,4307.520539120869
69359,90074.0776337568
117597,102716.79520446746
82558,21673.2584802272
95422,16292.974749393712
59767,37447.735444886916
80555,75145.5009814126
11842,6329.713864197515
118178,8160.37300300741
92948,20803.55454110788
38090,59190.34354041479
21459,99641.668822563
10047,19378.007572727063
68209,35628.34780018385
111940,17073.024605456332
16969,89684.19505415235
145034,2637.0162138490623
130065,8465.609801845703
121414,29320.87375493827
109102,58615.00130579008
22498,19825.598427101046
40541,6840.620807802933
97678,26011.884519640415
96509,4557.801100244512
58694,10643.060378148628
31014,865.9357969535818
96811,161678.8819531575
124087,56307.117446828575
124182,19862.260872795297
119585,26890.98470468453
121557,76119.81853240421
48757,93900.45787713194
129431,57412.793353107976
124907,20568.613585409836
78784,6303.142587794595
144147,17279.173620338057
139513,34335.739373724966
36805,28163.048767422293
50116,10155.40890480881
117771,10427.911276814357
73722,26311.488255414806
54380,95839.9679692274
85847,135973.22286772187
37239,213287.56174540648
43162,8734.788066309506
21888,20652.11791393483
11521,7558.749328359907
102425,33252.9143008439
12981,16511.94354512016
74328,17360.293937725153
118952,7177.211924232506
47620,74882.07721269768
2632,17305.266529024717
92117,21704.929172224725
52523,29788.591538264613
86880,23651.49208761046
43213,46504.111202208056
39602,79394.28931523436
4917,7090.318370664922
104749,3834.7968386406064
141740,8044.482047583777
113318,15439.113937336793
131149,3736.910836063128
93986,167461.0540853222
117646,103315.30706628173
99648,38941.9377505523
5473,17188.221481110533
97629,4324.005158729338
148007,41297.17523445257
134692,10702.550963597892
122538,28866.84218319911
113164,6662.000805344636
97015,7458.281797103764
50633,54153.211643372684
110978,36154.79130645308
108178,23833.553754623405
114796,59749.838705098286
133061,34979.015479615984
9791,16540.138277817965
47385,2833.135527161502
47266,43542.975632831585
58507,9907.16945940692
112246,79427.96148159716
121687,2306.8239830227453
18938,45717.23037560311
20898,9185.121512936505
52608,3556.363111208523
35066,4187.440579047421
93263,4258.705119034601
136946,10618.962812403133
70529,14549.156641690155
7738,243964.25810680282
126559,5276.641867239305
74254,16550.562740991783
36112,14330.404109368725
124970,55376.31151601093
91900,20431.24287282449
120733,41941.56842569955
145957,40157.51665580663
82220,6658.220290362826
69779,9327.113146310989
3661,10919.33469351093
61430,83742.42010324201
138362,56690.14888002976
34719,20253.864001883587
106564,52315.96128558964
48849,56732.15654850364
52219,28345.1197794587
117393,129110.44901048686
133506,70896.71027955117
75133,3520.1286828716916
12867,12758.70511845082
112401,43665.37517008738
37848,18819.39178239267
121452,6606.630074893944
62539,11468.387591548115
73507,21066.911702176614
140261,30983.72524172163
6052,37884.64061816015
136462,10729.988241337593
115599,38668.65641601354
15931,11520.535582141414
82942,3965.8837785447936
41021,79635.31173142832
112447,40332.463928396755
69132,9930.224606981032
35206,48886.20217710198
141141,7858.03895403891
99668,6927.271356586267
20803,38559.41493311704
148925,5853.4918782665445
52696,87816.52472311928
39728,59048.110568243355
16186,8862.268356642382
106051,20450.75845075324
76244,12021.432508796413
126366,5225.754833256867
17192,3249.2150742343624
41428,5769.691234735983
73922,1595.6199522675356
34072,23277.1609291253
126973,1661.8881924442517
33568,7885.716263137589
92661,28316.828586481904
52121,58714.16058089402
38093,36784.308328735155
114104,7472.499646531189
101724,9634.17373420881
97783,15798.977859842045
14957,4201.258451518501
84576,91820.35952486773
145025,2638.7027488373815
88163,9006.361187144203
79791,33854.702817846875
65595,1276.1390581491953
74194,26290.307998682598
103141,126045.5947678354
9040,8416.546935084922
35502,10145.059352386179
111097,57256.32601016413
108737,3534.6355197692487
2234,16706.82308177428
118299,236015.1012122876
44932,17204.58905945917
14586,64877.40705674839
118128,43431.87815800932
94283,19076.5856517069
111709,4700.705256182325
93664,77424.54502402828
41115,26553.540333885103
132093,122586.84056867649
96400,7765.345498894117
50540,69767.91014015659
66594,27590.136732672752
52381,6946.439072271385
57498,43836.65470662437
133025,22738.224845550038
12243,13102.349905773624
44230,19333.749848561238
108053,164556.3555975707
82461,62307.32225164432
108522,23044.90099493588
6610,8378.979371994694
129665,42627.80970031648
4323,7527.133039902195
46702,14275.909666118625
39615,51818.06331295456
136871,144678.3157913905
34103,8597.164596891223
85922,25708.080805129648
136576,44736.95876571229
5587,11595.46196606349
95460,21794.193857471237
40528,17485.23220362999
20846,39288.88470419685
30029,8647.801729274262
26360,8690.327263078092
15534,8510.038524496937
23945,12829.045539564953
125673,4341.092803281889
19267,58473.49254534907
26099,21283.437921625045
126783,5433.068168181025
91077,34516.25499821392
37445,81015.24300081092
10492,46016.08717631528
24404,16748.24335419084
89912,55627.40391944258
136271,5644.755487793955
84915,34999.67874360301
99184,75826.09256687516
121381,1580.7449881050707
13630,43331.61871782139
134633,9258.677849637275
86549,3823.393926822667
21141,57936.414487003356
9950,15196.843984363873
54088,6128.15539554446
59051,49769.07831730114
60441,22955.824651996663
110094,100837.834900824
143427,16553.02394087228
42092,5601.168136614571
1365,7634.943674833101
38939,23069.607695454193
1753,11385.920926534127
19058,80283.41519438454
24399,34683.95394683859
17516,58931.53736768317
130683,5187.801264334616
113525,6840.989063610057
130404,25554.560290700578
7872,19719.1847745529
109691,10801.008021794476
148036,57661.20746013108
39169,2807.699130085171
57051,37061.05190606539
70149,18830.4815580359
147654,1376.118578685715
132911,172450.80776127242
108801,2023.9952810348616
17728,106040.68791363579
95660,27791.30497375998
23243,64386.265585712434
116509,25444.80708677457
19664,7355.02311039843
129683,32364.970394317803
127144,87759.22458979975
79802,11381.581236043843
67046,96050.38516826763
125928,136028.01461707603
134842,28740.635702233692
79769,16555.159750246774
49766,12290.047902110266
136225,36793.0949935126
127660,126562.42850665424
20034,39126.21468238537
72510,66555.21299522414
80864,2464.659067885451
113644,15324.448541372802
113906,23557.84415082986
94605,14524.2395714036
43279,15989.032665426532
48572,174940.9585919193
31909,18465.756895915234
30596,26236.943621792503
34313,6998.864139127934
146491,7888.1488896402625
61735,14804.185564100551
75573,8720.976481270876
98632,16460.01732169417
45085,46445.71140432804
126827,52010.308109108504
65290,5133.031491978978
118298,31791.12529263055
83363,16425.40577564405
100314,1577.5185028079445
111328,10348.590957708588
11211,9394.514715924435
25404,5199.587387683593
49477,4227.420730636053
113929,10728.985483629473
13252,10025.48719690074
2166,107195.4891831635
65361,23622.972761261353
109840,47098.79209431993
133493,17907.778845471745
69701,47166.75315468213
115069,46861.81600274588
56876,46405.84275615364
136452,94514.02030719233
805,102016.18283763844
62535,28446.77087162429
147014,4190.846826265799
65670,45437.962439871124
81607,19433.630453427104
68704,11307.125870322332
58458,57367.03723514335
244,68971.66863431115
85667,24669.921199205015
32228,59305.84129231367
32200,21222.390641805254
84463,55853.26988493675
117140,173046.4697191714
75847,21375.95732731114
28662,4684.663194737642
40257,3585.389265220044
133621,18142.087988646428
48971,7382.380819699838
141570,94141.98512296294
127743,5509.699025699817
112266,25258.284229969195
28528,5243.783810959546
39767,7179.356754075653
83648,22599.382580293626
22214,15332.33587040663
148836,13432.794604553834
110270,19424.14578204992
123998,23117.725153759304
70899,9090.060718862618
121660,20645.934635650876
84257,48341.05030649673
71672,28944.985141141424
1304,32258.330321712445
72351,110699.00476253759
139899,9653.317748359843
146253,19532.972936561935
71878,148230.34271932166
26962,2513.7456210642704
60222,23614.04091744499
34160,27758.018648840844
8662,55213.970124916115
67958,11807.954607232932
141552,82822.4149382103
36236,8557.233494853539
85602,28911.362616498838
102130,12390.433719092709
45170,13676.880514311557
32840,66745.04474089955
108328,61146.683404720796
74729,1562.5231216625502
45989,100293.18366021964
43758,61601.69547333826
78411,72564.56145900502
68464,12463.022255844864
51570,23724.711056627017
118358,48226.53508786333
136596,4692.405096236989
47394,3418.8029395707144
91209,19699.916621251075
48297,43773.530338951925
55283,29584.268883151057
147488,6642.192115509563
42790,93215.2257585197
48034,24561.679390414225
3615,43127.83806331104
130823,119332.41220866804
42273,258413.39318491018
123530,27138.292933599063
137409,6803.031671860694
75042,5042.664157006206
42555,11591.25033337322
70642,14465.183724019693
85995,36538.48834782733
140702,47222.257867949935
41116,38572.6690026985
7449,72636.91240515742
103426,294.46979371311454
141730,9224.097248059632
135301,18519.803098855464
126641,29209.319659387613
44442,16218.41862406579
13851,5565.551830376132
85876,5930.292116688538
47815,6150.774358639827
47078,1498.3235441175855
107264,12650.14001505047
72220,13400.90180535479
125785,5913.282571982121
126061,10942.5803566137
42928,198224.42234954998
69502,9576.136261232705
69248,6923.675051232927
5586,12872.840262905538
25298,53199.53959266111
35319,20968.79191452313
37253,17715.07646865935
46291,45450.51255739056
22542,8960.80916104708
45220,1742.274989906051
39246,41060.60980643463
2411,88979.98701219396
12353,1042.4568797588788
118356,14318.871086111767
12563,7253.620810378488
86429,40827.04327695521
144687,1066.6269599187938
97899,21406.457972623408
120549,5458.12713971509
140720,9595.436381603056
56494,189317.29380948318
36076,4392.11454552671
134552,3945.8416163468073
3597,4835.585528874001
44990,16635.04038118296
53896,93167.94331098163
67712,1445.194771543753
136293,62794.70720780253
103941,17347.365674001318
72854,30459.710775865893
115627,63625.1883235079
115033,10308.967518709687
99190,1786.8761278035756
53781,18392.087873791213
107723,5851.466388325605
51278,64741.791422223774
70201,15500.43431037564
93092,9155.220030404038
53811,47011.8724127706
20124,59078.824978205404
56694,97025.57902817079
30747,4185.033621803406
34504,59477.32466252432
144543,25079.881812257645
75893,39923.13272762625
109636,6044.359585376957
148225,40566.06384784819
41195,9267.776804512487
128714,18740.19985001917
68348,11920.429352356065
98421,84361.03266415033
26454,57353.19900050392
34452,14151.681707482243
96900,2741.5621596130245
30704,15300.744113879557
114871,3907.040769157883
141802,24823.691695360525
103010,12987.942196706206
758,28262.998147991817
77265,65783.12480007681
102416,38798.12206901537
80523,100118.74562119516
43537,15049.125983354541
125979,6013.409970062801
90137,29923.625191884938
106375,11008.74133180379
12194,6311.459359387279
41520,56940.76826413685
49167,51307.72719473177
119968,40530.76141668801
528,13362.19614634489
131194,62604.70952517234
81548,20990.222501536562
44048,13721.27508519914
143808,19102.580366943217
93275,72300.76766077128
126212,41447.89001335577
117112,6043.134251574912
113709,31521.577165241502
124533,172088.31496805308
87766,107751.71998130335
148185,73939.67417998308
116040,48166.54381438714
68341,59339.23592716508
149091,101087.17664168436
69691,10587.466164088673
44008,13982.06452716891
89429,3219.073138274003
149951,23596.03939313871
92158,47261.42649921026
2975,13469.148447294168
55396,56034.844914411515
90376,20507.31698518716
78869,55903.306546769476
123241,18263.893931680966
140299,2136.3103889214
115863,26536.40189878285
60523,14640.373120799008
110943,78160.44506424475
102244,4887.827739560899
142812,88308.01732923914
110494,32788.91532669726
111415,36512.362434316216
72881,106187.45047102952
132299,27443.3028029679
133457,19592.82348339196
36687,13501.540506339365
38873,43537.42311623195
80328,7922.947929456503
100132,68368.63734642972
124306,45538.178444843616
40601,15378.925880913546
7312,3320.9405294777252
68380,10856.737429741166
66164,52193.5782491592
86480,67489.93032702834
66172,4151.38485317409
44467,16186.140387073585
139495,123806.3844844996
141120,5341.11231810678
53301,12241.57969025776
13403,6748.401067807034
17386,37040.11574081669
16679,13661.52412530407
109024,6503.575743478065
3253,26100.941598207653
71238,46174.99406915313
98612,6209.167776037246
997,40057.25474788312
1680,36654.74979796533
50333,60415.40020522161
15766,19226.311912622357
77291,30663.019125406736
99,21760.172442443294
147608,7632.414910769944
105845,80750.47371714505
61406,156540.61986905342
88495,19217.60919713784
132793,9887.941822615332
77491,11090.060136916829
133130,7504.733092347813
59348,26946.449602808298
147580,33227.374211802206
54554,3665.63449248513
62311,32320.98595426216
47633,8893.48802542477
50751,15633.776712797675
96598,7641.941536821858
122903,115672.64333086219
98294,32739.452735161085
95722,35292.65148699437
129624,34941.924977954324
68067,38800.34391769796
144448,9010.41097119826
36801,45050.328705124615
316,176693.51256628433
125060,7187.0569793658315
93614,42482.344726309595
103504,94699.52805145005
30191,34375.584598858746
2286,36679.08808786711
61241,2964.2305342055633
107026,42916.658208004024
83496,21880.50029494919
116250,7074.483914121814
55158,22969.468713181388
51047,5975.055096328206
75120,27758.72120969073
126669,4723.254025825632
117234,28771.565175035277
62242,2469.4179245711316
29929,118936.92304863661
108492,36697.10706283698
31781,21560.027852152063
141205,96643.57235812768
12500,41608.41125528229
104945,39258.55392991362
32921,6584.986665074944
59197,25141.568311040057
20888,39443.87784691039
83540,21347.502676063144
117734,7856.6685576909795
27706,33724.457315888154
98013,68951.3280895434
62171,9330.143011141516
43624,50459.383239813615
56116,101560.40698084077
36955,25845.864515672354
17761,94063.98109682064
144759,104777.4806757788
75853,180301.38338889263
5690,18161.361529576185
80496,25279.73336923674
116346,11271.516737090833
35881,5196.88785653309
41002,108917.07063103718
143276,25075.384441087597
107917,58878.9589568285
128398,6941.910249453272
116823,3298.4783560554633
128721,16847.660981844856
64649,2226.8295632393656
120659,221418.56020690798
93792,29384.460765228774
102721,54686.72594669841
26998,20647.886685042922
12055,46662.007046613915
107670,32044.224379002444
145848,7521.018362173922
88664,62591.05765048825
45697,20236.85225568029
134323,84083.31591883005
20754,11757.484335001534
40341,4062.8395944443055
87077,9666.48658619315
110730,4798.4513780431735
110995,172793.30233731453
27781,12370.443963506965
134643,20254.912990249162
138949,12802.390179639686
32875,92886.6401151944
144249,6274.0203215925385
144010,12695.503385707336
108129,103180.99582468861
43656,12794.301473807363
83171,47236.86854065745
118976,6026.248341419453
137758,8691.14234199928
73690,3046.401795378011
51663,133061.3850785758
148896,8625.634144937214
137618,60250.45223084587
31506,25117.227429050057
71229,12159.009746287298
123134,14445.107150168697
118248,99701.6104813574
81886,100095.45457425584
110700,13074.338819154
88208,103626.82186078254
102250,51965.30534504185
69746,27408.17700046041
120819,183288.7982806681
140331,11064.862512993554
125824,22021.414813981206
89966,85713.37031092597
54147,167505.1316877994
115175,43393.517720793156
88605,68167.91376380282
80826,10055.976023036848
128168,-1477.3220606435877
29991,55272.15802019398
25220,95213.26069381242
131365,17945.563894297542
59483,3229.2008304793135
49903,22076.744388942505
86012,52660.98103113876
48686,15015.745437075959
74754,3944.904299196157
17194,24561.238422100807
114298,198598.59107057436
78199,80000.91750760107
128036,39174.75949779039
15366,22383.796218265248
109750,2614.140380760311
129742,7454.759227234096
136173,91270.0390570129
134920,110777.99022403738
43390,97795.49002869296
66746,61311.672776805426
103473,23922.929714095695
44787,23116.657461757735
90998,53031.14254690461
68920,133320.90685891427
109136,69485.98049599852
9836,-265.73531998337603
81761,53362.07317191566
4217,22638.779237162667
22891,13300.39562784636
1752,8361.265309668153
131114,6314.929072309868
143177,33200.89735723997
133106,12946.374032428062
110399,16291.8535453576
60598,153094.6951992061
26683,5969.985589380965
142807,6126.078588231798
60440,2510.653880848466
144311,29506.65744144205
57451,7908.179544240398
29459,23208.322972781112
141768,59365.9866809058
87341,1131.017923686237
97270,71257.29100111217
103628,2517.9657431097985
60476,1433.0167011360184
127442,9853.242335496763
92095,13528.633022103348
114514,86930.8806750337
19547,11533.195916661078
94044,66156.94773057845
91754,5947.4880542292285
147796,39962.6511407528
42298,28852.993157094246
22593,25109.21763400808
52373,26851.89199104051
51619,67777.92548094
146218,54930.00901195749
97684,11996.910883851715
146993,18940.02480551153
146570,1580.3212782212236
39684,145134.07667362786
35822,106447.011933785
137454,16498.342682719725
43055,224830.90986608173
59793,35509.889166064204
60730,13026.050909013411
74930,99836.62755061318
37591,67553.44714453557
57513,49600.371383301055
87554,86153.04514254717
80370,26345.676280265838
54879,3992.1279376241437
106795,60653.06016250534
54939,7191.316398789272
97541,31667.457483813647
44069,75056.39625207304
68751,88114.09692623997
3772,20607.895383008854
26479,26541.322640263134
28622,43721.379463397316
57301,93965.98390411964
61262,90314.86579729064
99856,17040.434766437742
33823,10464.641964606422
58299,8194.01012474495
147878,44998.417056101825
114577,69429.34936111835
92086,6101.488814004309
133694,25091.480512369013
31372,53745.70400748249
83833,42612.643235355776
17440,24854.151043879225
10708,42927.40343760062
117448,10649.151206166418
111220,19879.110491911277
135169,9441.940960065407
119451,79300.70845362889
61943,12533.622890428192
114077,5610.450801175313
36689,87604.92764448147
98361,723.9596618361696
142763,27283.381927954717
110565,45306.35512902319
107815,51871.30413355599
77645,74148.54088754862
126679,68555.15291246616
143139,11005.560414845586
141247,9454.040134825587
112737,16552.976295773304
11239,37367.94194480064
52544,9385.588294701649
7837,5954.580423087157
33695,14301.533504884257
34568,134482.82227279118
139828,23730.07214978031
32404,9582.550874337816
74766,1172.6728141106353
47113,32559.603458152167
27806,8573.285557882198
69286,31381.83019429312
6858,2498.719783991174
19631,10672.008807925862
44218,3530.798098774346
91292,27949.462459372437
142758,497.7549264257
27828,9766.553800398044
92980,40332.3116064478
20673,48062.21788289166
9787,18365.373604739005
138057,32324.36232356209
5582,51702.18383103926
64135,80341.1155368798
93423,62658.05286942624
56171,8017.500150178128
59673,30021.564756754367
64243,42750.912824040504
146736,10605.196960850433
58910,68782.8487000635
35817,24589.809624470356
34449,6495.661899288134
97247,9810.819342032655
90484,21979.756180484805
68984,13490.370638882905
112064,19605.24599810835
82398,4335.009456010999
88598,5840.760779455429
130031,27581.44140916274
86694,22055.480241624726
25383,16266.695557430325
58184,45192.158361821566
81451,96158.55017006746
38910,8164.7084532638055
56185,2258.998499904829
107913,13770.991030730698
43608,15530.31821310433
40024,22234.782433713164
131592,13015.960120658574
2238,102847.5648002225
99790,65021.733232368555
64360,2532.460571313621
99360,8128.850276446914
91858,34374.971479084736
61324,7510.164843131113
71215,35878.326414331845
119009,17416.592704149203
47302,18783.942268640596
142120,82435.07165398472
109679,49058.522482918306
99744,110217.9638105589
137003,9483.659996531493
12148,42095.363925801124
135495,86555.85541528389
53907,9608.013992680862
110062,1260.6194783181766
27504,7812.387505116941
98409,7917.107549980219
49617,9275.011075663706
11706,23730.3971147106
3892,44596.78108550814
94164,4826.642990369824
43394,67327.18566521516
18976,6458.591248045123
49278,6378.492179766127
89259,3514.7304277170324
49351,9006.792087581904
110602,4913.4943829759295
105541,3270.5348648068575
90033,22717.20128953467
131311,5325.0669693882
110125,74615.77537756396
116523,17592.490135164564
69382,28789.34243314697
55182,82219.60217195278
43804,30248.67797943166
144458,5154.424956223417
149518,93681.64210082445
93975,18855.63620237521
37386,3541.6192067608076
37411,157487.92155831077
95296,16343.336134011748
121056,22493.97014769216
138209,13600.328392670874
21580,8005.033471301704
74623,12110.711065545293
136699,13083.226240598387
8751,107067.55180293933
111103,48849.837594631834
89973,54330.176845665585
120876,37502.91454996226
71141,6978.481466003845
101031,64813.88268034471
83838,23039.35807147763
136470,6498.198894380314
4325,16674.406148445632
52272,28852.421760925485
84509,2997.9503370065067
55806,76024.48753019886
59303,5555.26208477035
88924,204783.45572334717
81993,132151.7082556156
35933,88727.76514385449
56305,5500.417486175429
100408,13645.207614718402
142083,17650.397342882337
8165,5086.763087878562
88907,24338.16999120581
115637,177653.8790259987
96685,92861.94328865486
71467,19096.215286787945
11639,20190.119127441525
100474,8678.206779549295
96901,20172.528840760555
126387,58726.23436109267
27075,20374.457485365434
34113,93866.35445027864
95345,105725.04125519443
138051,17619.364340653592
66078,15598.161231107482
135117,88050.69313991268
76447,5554.711695029417
60034,38897.86947313605
133006,69931.61263356025
41737,109003.87972292921
91906,3063.489548464139
129109,25811.88970497148
82378,30958.33610588895
97094,32838.17144332904
21791,11472.939818043367
111122,20749.77778493645
144932,5154.414213595236
131658,3347.6409499889633
83670,22888.969501923722
91009,55440.485747568564
34155,35163.359012966364
51195,14466.788682697324
59664,28513.04694920615
6975,10990.862800379195
61069,-36.47794270328815
59493,6732.22615623114
131134,8228.115998482484
9752,8244.943476191696
11671,80773.44169627738
143494,22601.734946846074
56224,103290.21736128641
129442,23234.206091417458
47743,40383.865370956984
117701,44149.93343199643
21608,26268.25217777629
115764,388101.23682632553
126100,14905.918603721682
88915,2088.0611358637416
65628,42829.88055794749
116834,51517.26374002762
5609,6394.544396650872
39158,13179.405805359618
137438,15163.856012872706
76503,25874.413874339167
82525,33353.80697385176
67518,28664.878453810747
91723,3860.3971850802736
100974,2257.3751673656343
61697,3269.4297735559376
82683,5296.448625098418
109334,45592.77381046687
123271,6255.051535845228
111689,3435.795371179187
56177,26492.754053575016
21013,15318.40551981006
101401,21825.069377741875
133350,2348.6620654013072
51041,19061.09004097894
47771,6612.408034874487
145026,189351.5513466043
138136,59441.38747720138
2199,5172.627916795004
73023,18402.484481454558
45313,114347.41256705287
51481,18328.546711128365
20370,21720.61039390347
13281,30006.533864110374
103405,10080.372660694253
67126,49818.06606029212
52689,43034.78753846371
80123,5961.737380073593
133158,14927.307543721625
94920,17339.033877651695
35127,3929.6145775872646
40861,1224.3768526866156
47069,3477.9878137196656
116500,4680.194041041204
126871,6658.804254208652
94924,27311.207432674062
144578,8844.521527712688
131609,37384.60111659078
61594,30087.728988141997
139522,11418.870697147015
62181,5149.478180205008
27718,30251.960030290513
132004,11263.875959747696
71699,18235.85895183667
135327,13508.733530176029
80920,42894.929816238044
111137,23576.98578779338
126697,6188.7231314059045
71530,12997.726421897098
110849,11102.726761241878
68579,1502.3750614642763
20884,3958.438543367189
93774,10476.69376555062
85098,149012.34865299362
84085,6661.379536396331
143421,44596.1605403983
125800,7469.230514778153
72461,29916.522081143776
116676,10252.64483402115
35931,30238.39692922158
135391,74634.65280311504
73993,24753.386698972557
106609,135598.76316962295
58880,3739.9818721119946
47531,47240.50179889933
21745,13354.32876976396
51094,5006.17795025086
35572,52724.43500600107
108202,96422.01468650461
101103,22813.387913959687
15973,3387.5066263788062
133488,13901.527685042533
130540,70036.45922565607
91065,42776.65912290713
89977,22717.481039373968
21552,10336.806369869693
92184,15063.573477002417
25145,17754.251107603075
17,23806.44040803799
51728,22566.452054964433
87492,9505.529965655078
8244,87021.83596499948
64936,124301.9710976447
17689,31767.155253728233
67166,33531.65862194223
20437,20751.16194132144
44162,26188.728154601406
104608,2411.9319917822004
70359,13034.498155302648
149901,148529.41502433224
19286,4836.119474785695
33046,29174.129816896937
109871,23447.66827415997
17080,20121.144119145763
54175,18628.558020762073
26765,32939.548095086604
119645,69280.51192345389
3142,20906.155237861465
72890,44507.160117141124
76014,10728.98420255281
62932,3914.4022991316288
115335,78084.22702775217
105587,94007.69982296934
106348,98992.09569284148
111062,10011.115677530226
38365,58296.75963026157
26120,6941.169730258258
28258,22705.11364910181
77609,8892.18206252891
48504,4339.229606521103
147704,35713.94145782921
125024,26178.000650140733
46101,12785.752059138822
41958,80584.41572708872
30110,29244.975312306586
104927,2627.471408482706
3984,5430.983182622946
103099,90168.02897336776
35592,10642.607830227267
29219,13496.653024516476
110016,9805.655829000032
111641,9308.270027392393
34274,7270.494795606309
144051,8951.753625625042
112815,4993.594490658928
45464,19766.7101691737
56531,5958.709550033821
130989,19301.27883298393
140933,84931.76504434217
143841,43640.32208193622
7653,185083.89678269238
103281,4148.371781947703
91140,31066.89054108234
17552,35411.873296542384
94060,21064.738114910666
47387,29075.779730219325
24645,374618.7962965881
47211,6801.231844057729
11132,30344.479407103638
102757,30243.054820606885
128632,128855.6563964559
11833,72064.59120537285
93430,50707.25320252154
5624,1748.9428099919733
90949,41940.69236091081
54009,13000.17321992771
72163,5850.23022837994
25489,67414.36304673979
132238,8933.814530116693
28802,30443.86019874901
53788,76224.88899211251
140266,3783.58688114614
148798,5179.417587631109
22068,119115.66444152976
106860,3200.6687720317323
75782,11871.650261028955
15605,23253.929621966985
131757,38908.2707572266
32567,13555.990272105566
3025,324837.71604992636
48539,1103.2753604800728
124166,13783.742122540536
113988,3206.406591090254
128993,18356.129485077883
103570,55923.95969261662
87432,127261.93672477742
68531,131482.47642352944
79720,18566.651959250456
56557,12310.817918283192
52756,27889.286771933435
147198,42341.84807525342
134071,9051.504610613762
74196,127288.42544859613
90942,6323.389129600254
27277,43397.60177459047
130171,9663.557214155353
141975,17676.95768764146
74060,9243.431820784532
20202,73292.51478342696
100639,16249.732195607794
41308,8123.009939694926
107781,6291.069850753129
51940,58492.75575211624
20529,2778.031941009637
692,36535.32816107924
82375,34967.91471271106
47511,9073.022656776364
62391,299564.18318657845
139009,11481.292591506297
47460,7031.752462271161
100039,22559.393803918814
77835,51615.27618983888
138312,11969.554779494538
56818,30665.830225231202
109993,79695.94475789262
16048,198881.1824967888
99382,19098.080774936654
40828,89791.21474150712
80511,95880.43283664699
142387,47871.80053139105
104064,43570.28220805327
113780,6149.25938542811
43500,45969.564858060956
116043,42167.554565019986
123125,25357.42672249357
100611,15820.291124587664
43812,24360.678859812477
46882,29983.42047399438
79942,177315.18851313103
41940,7351.800286185042
67862,115527.43053573594
116970,35480.087398894306
10224,88579.13629961816
120147,9327.755221908625
145858,93207.39885728902
158,14150.83355518998
32260,128471.33833079237
56761,10416.04149457514
127784,10078.607137995901
36215,36019.791310422916
120756,101506.2826687605
66695,2094.766283065966
143556,6258.787246628541
49051,8384.523798489221
129443,19082.62154355607
16099,11875.151107853751
105438,74652.76499242296
122429,66847.02509070665
103247,8459.000606947247
108654,4081.750370208029
126868,1398.6653123359772
24327,76298.67858052436
100302,25934.97390668497
38030,24926.83181516047
146251,29539.59218247465
143889,40371.03292810346
83977,54062.848847073095
139655,22374.756012605816
72268,10830.089047981786
63049,13489.807874335067
136932,13568.54585389699
90257,28309.452918857554
126808,78070.83369503634
83696,12776.550129711895
83671,13063.102556709944
27913,123277.9031331702
22107,10134.857348899319
56803,74903.37008884654
57588,22982.92394755546
36220,66592.08497284605
115817,10642.566014400321
143984,11322.828900649743
29527,24269.16938139043
130634,71379.4666472858
149664,14663.331333222437
127725,4334.269460185602
118403,2356.5548984468633
70251,18151.25362265941
53266,32072.10041618858
145649,52241.60874694577
56920,29858.37793000003
16417,90632.6963043148
110830,12017.072007046656
101268,3674.0756209264764
14968,21846.986156619474
127094,119859.85693897505
97379,7248.191796429664
28144,2298.8216915249327
149311,11282.18082292661
40896,57339.64382887054
99431,11363.667178834134
143738,21262.609404191455
33715,31455.661061461942
48302,6491.006510067943
90438,1909.0253813212134
89671,9283.991909001208
122557,37659.078571999446
139570,195252.97652745718
40810,4581.402824467742
55234,34493.91006770771
140388,40373.11775790332
123895,14012.445192494895
68832,96051.98169481855
86457,599.6070881607183
104565,7323.488804456198
103462,6740.278352647013
139546,25057.72818680316
106456,577416.7926517623
8689,8683.956612550392
16110,30251.48437406204
9455,11852.208916426072
112270,54777.56865841229
149048,16139.89978522578
58335,22869.91030903152
60874,21324.753168497275
143404,85451.89273604137
46326,67139.975062483
27453,193328.66456990232
136724,17100.120665708586
27202,22782.49433484564
90534,199575.55155668512
5272,3296.858231815142
99333,100306.23212536669
125972,7434.8425675004955
46606,8818.57865554201
38123,1338.4458282588078
147113,3451.288457292636
134471,30489.67425097781
20948,107423.4618738457
111825,26807.187737884964
131664,19906.238643830027
33918,13591.025220256593
75766,47880.34741646574
19101,18662.94401427033
77768,4175.844835218448
83753,6492.501424063537
127707,55608.201379029175
88857,22760.967429509154
86481,64806.75819955758
99654,1619.1305655075091
139255,32981.64797652958
95021,1842.4790854762205
40241,12967.440465158008
115477,90120.5954710239
5427,4826.369027920386
116871,64965.46485113418
29386,26790.6807663756
93740,1519.1281203520095
7404,16290.429738016752
52446,185759.1167427313
55585,23041.520094303458
22855,25826.6062970048
84151,15254.888763344672
52749,24436.389475333843
101908,15054.236706676413
38874,48903.095692238596
124571,47313.63513545316
97210,102285.30623043375
46496,6020.0840858550455
22678,74086.23418788568
79915,5344.411440183398
72352,10044.716656186232
2064,375419.3227011655
53132,10387.144767698557
59952,697.4033488806951
146623,2588.8606473652762
38341,6487.811150868716
60712,23083.387344690258
29417,3043.586236571049
93457,42026.25024069747
89961,87543.4071152411
88069,10125.598727267581
138048,92598.46053551449
81486,16948.41800681294
124113,7728.666220977664
132928,16330.648324911885
144603,8605.747112332037
42869,16030.211968457734
43610,5183.197419250071
35535,4295.328068772427
102669,105736.57724812627
88203,128311.48216556436
62592,9327.149785851141
26887,14776.928480921606
3685,2366.2732507583214
61784,80420.96267634649
88183,38513.152278252004
65842,11860.270697447937
95927,62178.92229277983
123804,11773.187642271503
146603,39353.45320529501
136830,18702.93564630997
86986,23681.035014119865
50497,14841.518643018842
3904,17045.80256970975
109284,4883.831428852988
130167,31181.82992720284
124308,8449.287934288232
34932,31725.03653149478
3811,1700.0548875731672
51057,70944.98324095242
111545,48644.99686602884
10766,14887.900610243916
82641,5419.722162179989
50130,17337.69071705098
114325,18213.959523164314
59451,6486.101382541444
115480,106005.99982701198
26303,31147.675549562136
33296,34203.44010467855
93933,21984.61199522527
15944,289704.12491487677
86002,86702.15348586888
87925,1474.0976663091128
53419,3517.0212880621366
4071,10047.760397581736
11383,69779.78467866157
101254,112848.27505207105
130180,41087.212662656755
130239,10887.596360845124
138710,5829.200081707551
29984,647.3933018978432
21948,166954.2456360711
115555,5310.744415232118
21854,40108.2936805594
31657,43261.22612075137
137724,26146.316112981727
112586,19141.649667332073
68570,2908.561027350994
119967,58846.288776064786
47906,10086.363731853146
128051,33845.12564882527
61740,57447.77984703151
95383,28965.198995675513
141786,56857.36378516714
120853,11388.847747552694
80178,45683.37740061201
146350,141667.45187349222
128480,49063.64111431801
7462,9962.943226965761
118675,5848.134051967947
62797,44135.18943256783
107352,8204.958117641978
79073,19852.5513714364
93234,37319.37536964823
7316,9373.52059034427
126019,23995.68299504939
94045,42935.14392713674
34988,91429.92773005947
98299,40703.219975590284
130456,6769.355564598879
55568,22890.81128358636
58149,356050.97401297366
110579,43654.19674995628
14978,9906.255701043827
94395,8426.003549209257
139865,44011.08123639705
13123,179833.43548323476
52938,4558.804519023629
130236,31657.508271529397
20327,45603.84529032652
67997,7265.771864576116
40771,39168.36909047615
43179,75236.87933435742
54252,117762.39741920418
136334,111624.4464148035
90649,4321.246251717237
149544,10703.368082841624
63414,7835.2339262657215
68221,81070.25341457789
147434,28983.64033900204
32311,18171.47667321305
113172,52848.69185609714
138525,10707.332642279607
23941,28515.573151800527
78744,12339.375854089856
34592,53150.17039942462
38136,43489.687411660416
121777,65364.04393493617
22612,49538.791486909475
108498,101380.07689624737
54918,66035.34060029882
46862,17164.007836202134
32247,6466.859595809885
72362,142832.8262272628
31221,14465.69295856432
113620,70891.6362091588
14105,2558.4764266666994
89041,128299.48010380294
72302,6168.774449792691
136729,9835.46947625731
116025,49395.68265382387
63268,239233.0423129462
121794,21702.44113181016
110689,20461.1395305527
54874,23179.955903733375
111215,10650.996981109107
114152,119643.58683892647
86051,51172.5077792049
122667,21273.90066128078
64464,125503.4974129268
113040,9528.483865220405
28880,14122.557981307113
83316,31178.044046106632
35742,177705.80288165665
52826,93381.14038608634
118911,23849.00969188283
115610,16588.996198836634
143666,16323.431538630324
131763,6780.2250982009655
84232,86728.3350858801
85524,166893.41771111326
58230,29315.930592730063
6002,16516.973711123377
140043,7564.134302832752
8000,96693.79796310082
136918,18965.215570628996
53072,295885.2769390577
96352,6496.839248321134
3558,27638.443404157304
45645,85476.83476620514
128322,108429.4080220929
36583,94059.68069574548
41683,78539.49279990628
141086,11334.590324908337
89681,32259.766011798107
40631,7831.440192958016
48361,128613.09236866
132860,3393.7700571510877
136739,16167.740584365083
43917,663.1271088566828
35343,36263.125619441336
68471,5953.939808744048
66443,28449.007098030503
110646,16321.621396877794
87026,4536.150768843826
62618,9541.391281861679
21262,52684.58726784379
123712,2649.4599343425734
3911,23092.16212458273
125152,52928.784091546186
21474,8943.222889730007
116416,97109.65476105156
20390,309401.7963528282
2048,69937.92946309735
25745,103077.43699763848
32084,37878.209181819715
41821,20681.501630641455
136753,69965.8176439285
97935,61235.946260848745
59587,40633.03977807881
1122,67923.01457463729
51960,88409.53070018667
39411,1825.7963820572131
23334,162470.22826976035
111746,87627.40895554164
146408,6383.147328680391
128131,5068.304827546541
35133,26665.962827530526
80815,6152.125415388611
32657,33762.83278424518
10932,52061.323838451586
81078,54776.67432066172
108277,12081.345026723366
4410,75013.78334420822
32755,28036.114282577295
73143,23643.77719462328
128388,32790.96994831716
118665,36608.988358057875
15407,19406.053739228548
91775,67991.0920168251
123056,8782.503878787702
50604,28165.619710236104
82238,44891.05075640713
108946,95207.84928678584
52243,113829.6445445974
116752,101152.42739909914
73122,6825.889448042747
75240,9531.25254160671
50783,12349.412706232626
62787,89655.24839184547
47936,11683.240760827182
132208,13141.255667775644
16947,88397.82568605985
108661,27461.7474294852
82146,31123.69720792303
41484,58528.721291418806
73013,12361.555651629533
68071,11706.5323647903
148349,20918.651649861415
122369,2782.0725705144623
28166,17273.760741702885
29906,6613.5288108105415
44591,112841.7735221402
28035,10858.936028893453
135267,22414.838340107435
111559,4625.4828201422515
128805,5626.865109206892
88159,128183.82559416554
96161,39746.74962950762
124845,67896.92215420195
122397,8110.519709681421
49677,8320.321808295457
1166,12524.193916754171
55994,30919.955154282507
129226,22831.62032525964
99411,11894.617464337143
109966,26784.984083041443
71378,71741.42878506012
104135,96062.06291908878
37274,15393.70490944291
131777,4039.2174880070543
14622,3562.833451170653
100462,8136.80851487017
68318,33880.88313233943
140944,44771.47013779427
85606,133062.43866004763
76092,51949.50919911709
22285,24710.820085034746
149460,3057.2969659879664
118961,12993.92476060772
15826,31588.739857134857
67383,12252.960130451089
33775,3427.878906046116
73776,147126.39830386484
105364,210734.3115895667
47665,144627.80747649667
96050,25916.045522807835
72475,2730.0242878179274
74091,36643.22959697503
30347,24247.38784060796
138975,5076.028213368049
10499,22183.55516895714
33689,33660.43993026389
26336,73599.0339745425
54281,18989.122964949842
77403,3267.1240769219453
48139,3648.207282062086
141362,13085.791097073849
105839,36972.92563379678
44316,45759.53541852568
65138,154676.89454097045
21899,12980.689646290237
97679,19975.37885052082
1775,4844.731163200515
14282,19876.302946995
11178,2446.952717563449
45449,36488.610556134365
67810,72569.89605445846
3619,4205.3039342739685
14564,8610.897847291877
67259,40093.1797714962
331,1563.8037928025321
89190,37227.07335069569
134894,25818.729889537157
86354,4511.1973915089075
6495,13211.465313351071
5035,26715.90409665642
148724,5664.973653708928
109079,8809.836510647936
67746,77770.73287536178
32296,8055.488075974248
21230,39259.22464262852
114169,53031.75759725929
108048,31159.6557909134
115364,73103.7510861181
149674,75266.14884104428
131524,3455.9449309841275
113434,16509.602491021207
95869,21572.75334428168
121509,268023.91094786336
115918,13487.73255742851
127131,23837.34833661671
90393,8671.265867003749
80043,32876.24685143515
57185,3896.7477993780417
84745,86818.9623182544
134273,2055.6111298894166
145441,38199.49435534217
32511,15005.565938480593
15730,14127.20567679534
99552,1740.7235244108192
97297,12602.837308666938
14701,16519.317718263246
48824,16776.22533483323
23068,48988.37570490569
24524,5768.591101262516
39881,4805.563354049536
67239,16848.56190442623
62708,53152.61674410713
24422,6434.89891463448
134295,88601.20432121193
37092,46438.91713783478
44029,29551.069015563822
136165,21602.42544745934
80652,15889.902756495296
27917,11832.111639605711
64509,24739.85559897542
26839,105115.61270591037
13534,16651.78899775106
35841,97669.80602055955
145501,18863.90906835739
56340,4395.63807916427
129982,13923.21302903266
80429,51795.16770476997
59621,25067.80806371643
75568,3014.211595228892
148712,8100.646631365118
9026,5172.914984060157
33496,9274.54007952844
101476,10336.884561435623
76293,4636.480289710938
47134,48100.338106645875
71401,18457.270831235553
38431,37579.66891080961
94165,21780.76636895306
123378,15546.094806483827
48195,32361.86175531995
122411,10458.154094180036
65917,24227.968943828026
106344,42725.812797852595
24855,2295.543332097145
34217,6550.677220063026
29651,114943.46729788995
128942,68447.57608304046
147656,3821.5319903044224
67633,5666.101374876341
32713,23423.258156551365
86518,18809.368633495083
104237,37161.627024387584
19298,21988.979867420305
63384,35433.50275837775
127513,10538.52340936917
103121,174671.15075583535
97442,18205.680422016983
31597,4343.669483138035
9022,18373.444363975486
19488,40579.224497906434
31175,5200.025764972934
81938,161517.50704428385
58194,12486.237614734253
106429,15187.21533069088
20543,10443.704294402149
99420,58554.09022286137
40937,50977.50894780014
77939,28816.335774932617
128898,7066.626474302951
141822,8321.14749701458
14343,36894.50832020753
77109,43133.72160625567
107895,17252.331639387037
31426,14380.625114619683
59531,8858.39572767572
74484,94314.21567561667
148533,30092.710751824205
25519,880.985796104264
67940,137746.30974788035
112452,9036.652155444182
1111,12745.132603771273
437,5581.460022711814
59255,13064.898420797837
100897,2464.523129738632
91881,8091.670995999933
91656,8632.181366014875
81773,23258.694425186397
13292,4969.191291714456
116278,81581.78681074512
65857,10512.916179488691
9273,11877.222109538625
146802,4324.510666326796
28623,9583.681940322986
103718,80435.23758317647
67899,2999.560269253692
113407,10882.843994674824
138129,46104.80936908386
65634,79020.99804158905
107820,52106.08057166488
83672,39630.02000418847
143081,51183.920482163456
80097,4955.4880359141625
131911,13277.678494263742
39854,30907.33573480831
17015,38947.639966756404
125779,7261.098960013897
25464,13913.077528874846
148686,60450.8207874654
127962,40403.00574757177
30388,10638.242236540453
65501,16855.695116022733
107590,69161.07195970365
92892,12997.117861781477
21627,3096.740160824636
107684,44821.83335371467
48283,15487.470875955783
34215,6201.3917836214505
48829,1742.5619756514225
1837,55101.62288741574
76479,31205.632171634683
102984,10124.623125248927
94241,15111.53062083144
10567,105871.82097307686
135181,38367.69633654979
5170,11782.36288538157
83414,3069.382419750116
72484,63923.075396894164
111025,9421.587932116248
34009,71953.55133603878
71909,62557.15740070547
21677,16062.766938790417
121524,1556.0076950519738
117720,9815.263134256587
102810,14604.170719350732
136353,24131.960104295515
64398,18855.196276895305
676,979.2397910397874
346,6584.147703056582
55254,17612.852827949726
86162,15792.353448752234
96339,16953.882208857885
107649,142034.3043982042
80506,9528.210262448458
98317,5961.953080835083
96827,1638.8153415730494
90714,33742.28205017415
108870,3040.9237836168586
2642,19316.4648488256
38363,266080.2658498044
17995,4445.126973944472
98672,25402.928829001896
71396,80598.1844838859
82024,43703.49306724087
74337,4315.6303489928905
95028,3784.151469843313
10488,29725.02101663445
39867,9664.388426878744
128044,3050.169187375197
90706,89815.47974337878
48610,36828.221121945244
137189,24547.488689483387
29342,20848.71875719815
61950,49862.43646155208
36423,55734.84909969712
46985,44223.96576886759
43265,62441.24301006344
78358,10024.435883168275
122475,55340.94923489685
43995,130764.18471415712
145241,32935.28231571871
10178,40197.27350532774
91330,88946.0051353608
37428,11348.902468291279
114018,4742.792135859496
46290,9055.768600780017
121716,26417.2071475084
110098,103234.95468437357
128542,10649.686486371498
28680,15903.228094779974
23771,61824.05000814933
9070,2542.6021366764708
54421,1240.2391890944784
137388,22433.178918259146
140769,16751.95260832437
110421,282464.6790933902
613,267583.70864902256
37675,16494.830062732846
72249,4943.648918630658
37527,92157.97740156327
92062,63069.67408568851
77014,11050.53659735012
6550,12568.326940407775
49457,5278.964768882048
43214,9089.781767901284
55863,38643.97225627821
137505,11982.960511834242
62023,1500.141823713766
17336,73521.37362856683
147045,5601.413750681079
82994,63526.24121812314
54484,4869.274593367658
42062,11276.41111283563
113215,40311.06022360523
88209,39783.15352247643
81518,50161.49008989311
122556,20345.91322141986
27320,71817.0470329352
94509,16848.341408890523
142900,49839.637146502304
17687,85521.88722828151
24648,114416.05439688255
41464,18662.878770112762
91523,14095.383494535901
57065,11723.43828955662
54037,7923.326711690463
35568,1025.82284776943
67683,7081.330669737498
54270,20069.74077698721
132151,29654.509151042883
38334,106616.12080522704
85529,6471.073762650629
47331,29750.62405791821
97858,34072.267438778865
89021,176304.89286885186
83129,19252.884695604436
124836,14711.949062318912
104141,7026.149716096088
64000,6958.422591376017
73669,41262.350638936274
15208,10217.533353416005
117082,31543.463082529343
111069,18660.608123619626
67931,20991.538153195797
147765,28912.021617531555
85755,85901.33471242133
107692,70486.82769520768
145059,3688.453830955105
120823,5857.532144746903
8729,116579.95240759039
43315,86200.60138877845
110148,74960.32892245441
140950,88980.15107469396
114717,2517.981419996495
7275,19598.354757669615
24209,48104.49706040544
131059,29853.620507552136
10573,16014.724142287929
50342,37585.12918573172
15877,81647.40635878759
149078,16706.561674255445
97573,71952.81807034007
77057,37183.977596805
145014,53178.94588488885
126922,21207.991498046213
94305,5966.152831630881
139246,32895.70031360448
95517,43595.43799105307
3507,50288.99337278011
42305,25693.756768206935
118195,37708.32525603675
86900,13120.111161516776
12809,6166.4914758653085
42540,17680.05566980224
74696,112979.20290317391
27865,10791.198070690378
78817,25100.543049798616
25343,3080.652264573023
94300,7841.4022514454155
41370,33462.45181812282
56346,167797.25708223268
124470,1209.2190742167513
142715,5991.316927054269
26645,6143.497628704954
129768,4713.531603123848
96441,22320.064200320416
145599,9929.410714461097
141715,161985.0899788297
46790,11698.624040860344
130750,40025.720181288096
100542,76014.09558662208
95176,28705.011280718005
56435,27284.86895366566
123597,18662.71134159643
73256,15938.233109113566
149624,33654.8616029386
104528,12464.335287638563
28328,804.6297758199931
103276,52395.278503647525
99341,33326.58089345468
26835,20652.268592513745
109852,14756.354044626618
137293,20585.37428450112
8811,9265.904154226311
49627,16626.132411583356
55482,123709.11896794522
11596,10303.927884137607
125461,110079.46253852082
110731,12765.360995927365
132984,29088.062444930936
149111,35809.70742372525
2273,9145.560117698353
14918,7104.013325472752
138948,66541.93457693578
100931,43219.85717934743
92795,54007.013979986994
56295,58482.58416063038
35657,36187.740892460155
58832,78835.85039453994
132411,94954.78033800141
15205,156386.14229365237
119007,21042.159308518112
145861,53829.5234302336
20403,10703.762784573122
3339,83755.46006113003
27243,34896.33467761641
128856,12238.136845743571
42240,90658.87518052911
44382,30506.077852764287
491,8568.805579180882
62722,19140.82094866613
53634,18718.067913037772
23985,75198.98394616674
500,132516.712823099
113071,121682.37768295224
68225,150774.44692323572
83574,108475.49383186606
101420,37939.432350636074
94916,9728.48558748672
33565,9414.633855821163
122166,16922.841650093753
63978,47456.33860604289
108848,18004.770414112147
124229,5911.243567889204
82885,44071.504935681856
55950,9031.178002617511
13943,15963.674733348773
51799,75479.11661120766
30688,7352.019402187404
146079,30220.677519203167
85349,39024.70483158103
141415,46021.69319917832
142663,13168.32249626447
120844,44764.76704899763
47179,3356.170448577901
44977,9189.479469043777
74028,17649.724246158465
45507,15122.696920492457
18613,51521.37211448493
18402,157590.54145088597
44438,9806.996190583886
141248,81449.81492750724
68849,121357.76340014997
21758,24464.51632451784
68459,7600.090579951562
129614,56458.244011302726
24979,13045.043027065452
50548,205869.8396970814
70186,40233.559821868024
142605,16329.908898922045
137253,15154.210044566407
23808,15792.820745659736
12782,11428.384122063637
147015,16014.773057370629
128664,8298.162700402996
3266,31243.782419207688
141071,12058.732205102015
74595,56132.46698722592
103989,4733.04414642935
143733,15444.450197362752
16082,2001.0192998114608
89488,6579.999300595144
114357,61046.26902000215
133159,10834.331273050759
72799,18236.05384217678
123876,130584.50391891497
119496,32588.564003657815
74237,5699.569906647395
121729,31217.075472785702
66679,28436.105389022123
11271,15120.837883737882
115712,83286.17972641686
127805,5286.905182875455
94949,18168.27699478922
128400,95705.68060135446
111860,5530.160722748062
14329,9265.461411381733
3405,14299.804050384875
60858,85875.78976595704
133165,58298.77456776678
19479,13715.340045250938
122706,148936.3786352378
106011,117410.89597361106
99185,27332.630515335695
127024,31758.849223120156
20916,78572.57632601602
128423,16078.297491203632
28752,62004.83826997844
127706,7418.963698636175
104967,149848.1040149739
20993,69357.20818288258
80141,33173.67913416829
37789,38113.225465103416
144781,21921.51986121952
79819,8625.54111531298
125374,15786.268217314993
89283,3471.8195065436944
109984,44438.38907063099
48960,31074.70082938827
25097,23851.06862422591
123984,49535.11287917334
86831,87602.85734916263
28457,55052.578080085885
54577,8133.737059226991
99824,178095.1581714002
32221,85785.21469455727
144597,36658.98127591191
77969,21062.792498454808
65245,17253.710205546762
6865,37218.48217420875
32037,4070.4100635769955
83206,41299.119988023296
132317,8398.19783535054
31157,1059.5127057002856
72549,268437.4457621259
116662,12127.063881620636
126686,6977.879283462349
128656,23320.942805004008
15502,48695.47646469384
36195,59074.50086671185
124071,13232.360213018144
28314,15137.757578899902
129847,6264.543661521709
5735,14486.414036432256
80773,19909.92547794435
91306,25100.40446756896
144334,34960.42377319695
32956,31268.554746243004
63163,8599.365267558718
140322,27999.70317311962
51117,11242.273979791553
74363,53564.42652294887
23019,2945.3379155510947
31708,95914.9608980185
133802,3429.6326737085587
67230,30370.392194794247
70924,56488.07800683212
138531,46466.95648289669
123192,23939.311395365996
95756,13072.066162406669
4297,166164.78159706024
88177,57535.140272761724
118306,16481.332530147192
92861,2005.7383937574932
79548,37606.88429455168
147200,9252.418716049126
111561,68163.95918898626
41363,6585.827124634821
5093,5365.864860469821
49353,189339.91824496372
5133,53873.62260514351
16732,69283.21411370662
93124,7093.65342466362
89292,18553.352106082013
98766,39058.00391817858
55111,17899.422304481017
135418,60517.16627386169
46068,129332.18780354863
56286,119933.22322626761
99773,34893.07995833301
26302,6393.938233262534
65600,7936.6849140842605
142102,3957.6701259053084
88250,7398.804096535537
74276,31670.65310131503
97080,4175.093063816851
33941,53398.96100234202
148435,36328.22847151777
130118,9762.707086784678
1811,2163.7439452307062
45465,5406.113527387724
65933,31433.931052264008
30720,9570.528902150747
10810,9354.393994973101
98218,14878.05882077893
76978,11163.507347067814
115182,29783.772242905266
94707,8196.125767004889
112912,13982.270582578132
70154,22604.252717011997
73017,232225.18042934366
65695,117980.3627534056
71766,7102.170556299805
20852,27640.495642795297
22360,100649.0076029009
134504,9561.712824000579
39159,29841.70242060942
123073,13702.167092906935
112027,3963.286385436081
73913,6354.000037739151
30234,2414.179648794618
125528,54945.08490916491
38651,27031.693879456037
142393,57112.22277503461
91329,67419.34633530615
95125,13534.593441461597
17918,31138.911011317818
126398,7519.794589641058
7841,7610.917272160836
105880,14369.767544832712
15259,23589.81492086644
22011,4486.75492841668
21036,26381.57787258181
59625,37853.2261846038
99237,12110.881390979328
39413,66853.2371971347
17817,194599.43683921095
13677,5550.955308134431
42423,4079.327905721025
111941,29632.344985310378
65098,9154.025901628065
136776,13346.906629498537
62867,23550.449916829013
147129,2206.4833257279265
23386,63582.52018662356
98670,9707.134012028047
71582,23659.845753387017
66958,21871.44782857302
34229,41443.90045837785
22372,22366.763351142465
80015,29549.02685734556
44931,7292.596538783311
144865,12964.347924465848
122951,24401.11677126679
39451,33525.520979234796
40245,64480.84276753492
144509,9958.092276760928
64421,97023.78887022208
6621,50414.28068973416
36412,51412.88825723044
87336,8549.273383401203
111329,301719.6296169146
31964,36568.520849423694
26164,15268.685740425957
88955,5747.934459509893
110199,10511.858886146103
31722,150107.81167107556
117212,14019.26146536913
12622,24232.806227637044
50931,29541.240762493104
22619,41339.74999391748
45918,52307.91471657439
18956,5779.740024288565
96439,16854.650865436564
39930,48076.21794119425
147011,52207.02560101859
101518,12488.627208009566
69894,17194.749835682633
36385,12543.757974392463
93943,19615.989206976887
79373,24195.64762360196
14532,58860.848534104836
13052,1392.8236152107088
20628,46450.38268843103
11295,229606.86760963494
127401,81869.16949832733
88756,4782.412632821139
96225,83799.39761460484
64231,15179.54043512201
108151,8576.865167739028
32400,27764.7398445234
54925,65967.3457435145
18805,40303.80713954138
109762,38637.98662584543
90599,56322.207392415694
146312,8466.974877077479
2947,863.3498327735449
83184,32071.472092534204
48056,30461.963442860022
43828,55157.90078220305
96892,69332.47192062133
139206,6641.53554551994
93387,48829.09285857103
118668,19941.705303072682
139215,3384.7096448091957
25460,41164.13778478072
31650,108771.89159457525
133207,31926.388035303688
133859,7609.475394782088
95832,290445.1209762489
10622,17091.213714872083
92323,9848.994427820668
56454,83470.99362317198
6029,1641.8551090430715
106987,40406.78917105406
135351,7334.78577708315
17654,8660.58105720735
22827,35443.398096759935
29578,68867.87707000996
125350,32030.01869521813
16953,171983.30589994916
145233,88016.03538999728
14306,14045.950485109242
72954,39254.596392640524
38540,57392.121226168616
108634,5759.005164220731
66598,115086.3286564711
47245,21768.01716775206
127049,3410.676911556721
8411,20324.184827583544
39946,28195.377848259464
108325,9815.875107004795
35755,25558.601065037245
60181,19786.64919679817
23478,16735.127322267203
112716,65446.873340354236
70817,18469.171429204252
102160,12969.635576297242
95730,23512.708589099184
55590,140173.08309604187
19141,56076.313053156686
107632,5858.39279843105
115373,55282.67485653469
120951,5236.832586951632
56855,16690.15581494289
104053,38796.98653701253
143830,54577.054646111574
23651,30998.08039498629
90467,4143.144434136396
129739,5215.35231481859
26981,73086.3133320954
67473,6042.267626455829
81036,85613.28767666733
83674,50003.5979043567
27524,27668.62312694473
145187,19780.075540627993
124619,112194.20707559207
15008,21182.48948027959
46816,33154.066674354035
130578,7630.519810814998
21198,70894.96695415245
114893,51592.71575633494
104679,17556.349947332
115740,20124.901899290755
6010,52356.925568444705
40957,59938.66473818757
110686,29175.483100485144
10362,61511.556072038526
3416,9297.969173452835
124719,15985.861166133316
133186,3419.436992482926
131297,23082.56171629742
45303,8778.475959756415
24713,90728.6776272461
19956,30027.827921586988
91584,20792.080520549443
45563,8959.532008776183
97451,16428.645654332042
51049,12985.665716874268
33526,35924.96151958828
143475,31765.793472129088
105115,7248.776836487716
59521,17432.468307847757
91519,9971.48765961703
146815,102586.48928545424
114958,5848.077330435734
127115,8890.625342162975
18379,7197.379324312838
23070,44341.768585796985
39104,15136.049890678185
47534,35476.82089328002
26788,143268.29861946934
59726,75679.08810013096
146236,22370.599025613763
66757,9647.084801130908
49406,78461.11763044943
8699,18491.27790619527
23087,6384.314074436625
43441,13773.75594881008
129067,6302.121090927244
4629,37850.60496781308
146133,19815.447833098842
131037,70602.7661090569
3953,60873.58005601448
42091,8600.917869086548
26052,162244.1348011724
136951,25950.505745265826
97737,33043.3838087119
12812,13625.051242572372
77282,149169.5030076452
62533,12599.37055114279
56281,52433.894350882605
34440,13897.334705361674
6300,8632.726595851873
107088,12850.013279207269
15176,45990.68343029388
136092,51242.17159730206
19770,22103.4681377557
99468,108575.57944337183
115172,3793.8207213534083
93644,5912.366772561276
149880,7604.473906877973
137908,12067.874540346713
116525,35474.86247588094
75909,6298.734793103697
51309,126455.66809472158
61976,13094.041857865133
100244,38793.65424799209
95850,1906.7520761271626
120431,185991.6048610201
4858,105334.7565632005
128682,69504.91625373118
18630,94538.77407608776
2688,15773.355849304053
41811,4140.6013226433315
6836,8888.163383220915
48593,74407.0934034958
33241,3708.2137126610314
131350,5997.205579446734
33400,197933.21299577807
50515,86626.10039464179
131415,6488.0460919574725
58750,23599.97595331166
110852,50647.7790759672
61125,83968.30408173245
42027,11349.841177136626
144178,34999.58807477808
95995,22256.744775577572
129440,65025.1998972165
15368,3251.547372137078
91463,6070.026457636062
111791,54682.21437073982
58053,6341.006237207523
40478,6546.138728549902
125462,13950.248193590036
118967,78806.55576835088
22243,1441.5031909184268
16940,2195.5950288602194
8786,31356.2228017745
23843,3205.7940741376315
88176,39862.79732035096
144338,1151.1411618458133
84307,86614.54084518946
55701,96971.13796970926
24152,112955.40481952616
88959,34780.129389589696
88607,11656.97938045812
119096,3581.1337045068344
25851,6735.249802624817
16619,9418.227974626663
72120,5451.9832744428
11003,23350.975468284385
133586,6939.487744624008
11483,2618.848079938113
144998,53717.29972951431
27621,23648.482315324094
49572,40194.7505753625
92059,24372.831972775086
82213,2799.0500260161757
96336,4666.34771933215
121304,91631.68492073564
111058,6220.243455462417
66855,42985.37959639194
107453,76447.83018315825
39375,27649.25704301273
130826,50541.190433065836
53418,18925.987060959655
102382,3441.8547767229647
88354,15137.837588718558
21632,5546.760512688573
67373,28654.26944703291
113555,50059.593829629914
18716,39966.500835997576
49151,57090.20820561849
25165,11129.16881630486
101256,22218.284429422252
88614,3316.906087042517
30094,1385.3240287081705
14073,3483.247814523659
82924,13810.84558355282
6299,111643.50025142086
58584,319153.93863269954
110422,11452.493305448728
82102,62753.01786229706
74152,34202.44852838249
107772,16678.872905091364
145243,34709.23962754381
108620,12300.567321520937
111268,14447.461669889952
83748,9946.858415146551
59106,61948.04763514944
97837,13632.739883637045
33500,139308.3433945736
147961,94550.97899687168
15452,74900.49890277002
119455,14155.822260337667
82553,815.2814202572923
114096,7324.700017296069
73937,48042.48592053279
74717,25821.490224884015
67811,6178.855400227013
103561,7024.863896088154
96626,136639.06088719147
178,61183.9835848603
35049,16286.600421135461
47657,8842.480158812705
25257,22855.800004222692
31547,119775.91777878546
96216,74303.98298882233
14682,6993.617668211204
66430,25303.541509116523
63356,32330.402843252446
134465,29232.567349262987
128340,54639.573786292705
25550,14201.989633398529
121766,23704.817042401086
104308,13623.443675094375
124885,67756.56440527708
119108,63652.43145616834
127616,5928.682625980024
89079,23634.87998805781
58183,17784.146404152336
74879,9760.734571831528
24119,34122.636313854695
130300,5720.05383933992
618,6995.862380022003
142734,4714.63543055587
19836,109563.04454034887
2250,201576.19729377303
100994,11725.564544409674
137604,21743.63154131393
84619,6183.690995516923
52834,7991.486828936859
139467,6004.118371901124
140053,13049.581570559087
8412,29007.04899806097
75894,80469.634871084
49673,5886.121288764818
53592,27486.97172965286
107248,29870.554238261553
110930,1522.1190701239498
136714,45837.43506765291
41656,21986.980735577083
87418,70826.99713408996
141117,2680.5241555696284
119658,30071.53644778357
33552,4559.500416742627
99216,7743.471320030296
17378,83427.05475208268
99886,6141.6839889570965
114572,3210.1586583900917
17248,61183.5446459866
40392,52885.70427713686
139066,44842.57783309375
18371,8637.28923742291
89224,41370.635579808004
126161,6004.889624105161
115622,8000.835305471845
3043,20341.390430810236
27337,39192.53956613467
71072,112129.72567277397
131930,27946.234192502438
54680,6066.379585437566
60520,259377.8088186584
39079,5752.326286716933
83907,14535.32816552539
120273,27906.186760851553
13235,18473.14626170764
129556,9688.870530089805
83025,26199.700978492227
42220,2018.735438201164
46640,126541.48100406044
129081,50853.114826788405
112910,8520.112003870567
142934,61831.124378848355
38445,26800.216348592876
138946,5578.905744339339
52584,17674.059828823814
72258,10150.417098924394
5007,15463.661455896014
47228,6053.006984932499
138367,35874.27883161316
84831,55102.25974842847
135951,18222.85243520096
112332,18840.33184232532
90185,50442.46651161897
66490,43873.85783860555
143234,29066.011395657766
71775,2276.9735991274965
2305,19154.783725168167
49687,25516.999584678542
133109,54644.27275057081
77695,3361.6268736397938
7545,39434.67006956887
31162,6543.61346443906
108034,59081.67495238483
94199,12524.5596275692
63149,22146.256285693158
89692,32100.01529227487
115946,8813.163122552802
35431,13256.851983666242
51798,14865.931869150227
15706,3306.939867639584
107061,59330.92915054573
129611,49034.447123093705
100125,7640.719047151065
92606,92356.38702551756
136013,112260.313330973
22379,1761.512997459428
54084,36700.32300890713
77868,6069.442807288462
4161,2377.641931631578
46198,29126.06497637005
131673,4123.427046494833
104138,40879.486780439656
123297,15037.39236651413
147569,9186.461644895486
44680,174958.22418059935
69506,86467.02749919848
14573,160901.9005894665
39347,63621.22896589273
42430,18516.081704021264
37020,8042.700655241086
64862,20240.637040697882
37257,2774.5652983297487
40123,3360.215219476005
18593,9578.791128341489
114137,45762.715791531446
125263,19997.18348663676
110462,1838.184508831283
22408,15066.881778212875
31666,42040.13028013755
65463,24043.11240523559
86274,101698.81087827412
74682,3197.4284940530274
126048,96712.83072689992
99280,14144.576459806445
13230,15941.559968901096
98173,26248.923039281453
79914,27784.063972513497
84142,78757.30756993515
110271,190720.93223907863
28394,4088.107788620144
141310,5822.02098999459
147073,26738.436781479304
80902,26138.44860233701
50418,35732.102112552675
107074,9419.107397820966
144793,45318.38868891975
97349,27928.72593634347
142420,99930.9890995003
78159,55342.81980452576
137972,9379.712756431176
34598,38344.82779780695
53392,21622.67287341853
25617,23048.314132562533
11741,104793.84449772893
114706,2553.570381781878
2791,110893.03177425446
108579,23970.271885087215
114374,64244.588126127775
134238,6516.7364812484475
29154,56631.2242807939
44975,19992.629783563985
55816,9706.358006590952
75206,8997.058785302288
51279,28842.098688050268
81834,11479.744251612077
52492,156856.8346588841
63755,27272.421924824142
81971,14355.673397616949
102692,6331.450367289988
11453,9796.620465718575
21507,83167.26973137411
125265,3340.572269930363
146299,15705.044737150685
27970,70646.48975756986
76942,9662.697771468342
133716,139252.44177868727
60362,10904.116955760888
118735,75955.77214094113
125693,29289.589621021274
21101,12774.809794020064
101668,10841.162894918249
85981,127337.5585471573
55516,160625.49965925043
54497,24953.252137739426
115808,8566.625368948484
56119,100100.68816986865
143946,63709.83321718497
147890,3309.4456569598697
148612,3626.9902543826784
97881,5099.0972989252705
67311,6674.568862042343
99947,15436.887532951863
76829,132313.56117630005
109918,10592.604977716343
53983,4437.054785713232
71826,4845.425636036569
27488,8782.485782824475
88320,85717.28194135826
43274,254133.73399091343
131389,5406.471209317925
14072,9891.195409746795
118373,11560.196641508126
119762,18591.753607231545
69486,51663.494536689424
64333,19269.303547950145
49205,8224.59234237485
16986,13227.80010401117
135644,5095.697708826235
112621,34862.87535329103
7415,75575.04564404336
1170,33907.28422557343
148816,83199.55260214141
102110,41193.47835321475
6290,717.0580048991537
79439,62045.60294309781
42151,62613.137142367406
117152,16685.638002506385
483,18787.51730081952
123099,6139.898977075204
144232,63719.93135461665
20354,58636.907732467545
53718,98665.66681439015
56573,8126.469059845547
135517,68408.16341570219
81540,51560.39099915097
54479,57407.46493390969
24144,2679.461877455239
123810,9557.16390315852
116814,5684.517155748509
78859,4544.443569770581
7308,2570.7146137052396
9454,37593.68405158634
62681,16992.165931101725
63827,148720.09565833805
137031,85420.30614924434
58203,9947.896249837419
37929,32478.39107739181
94492,32205.734252129507
14032,20706.28810120451
9727,1576.9356145302509
31250,132614.35790962505
52495,17597.149536406512
54196,10403.542398971298
90416,60366.33936372189
42731,49975.27550310082
109495,3015.0305129027643
142832,1581.778956652232
120742,84445.10413656075
76913,11904.534313801556
132569,2338.4884165184644
79278,16659.77150461979
131711,119006.01275179238
16449,33646.43362232119
143934,11561.461802293397
65330,6411.873369971452
32183,58358.926397380776
107637,498.3866862769074
114440,65637.1178504765
70609,25463.70785941368
142104,35496.80094172592
34254,7548.209890321018
92520,176087.74231646143
131219,13628.225581397039
107238,89657.07072436415
122604,22722.28572717088
27869,86120.01019575317
125443,42781.733873343226
143607,80251.77352423524
101758,37066.79984512543
55442,65566.75363268662
64757,17800.964258408232
81918,939.9258032214427
144782,73824.74674763982
80605,10141.715475047924
76551,3165.00745393293
68057,17216.709770457433
72212,89943.4217915235
98823,134626.1101018761
96440,73585.39612927556
132953,36839.950132795144
12736,2917.9487738134776
131869,3872.7124807936075
148345,22424.520665391294
104095,992.3178840733881
31534,135077.24406784913
104809,29178.2724922157
123962,61551.611556853255
66496,38074.96513243617
3337,84322.46130565715
142580,200529.1442524033
104773,64713.778548609414
9645,1616.4798718149943
7381,9989.136911283504
37919,10161.008228637647
7638,46209.939828893024
12306,72381.93475016742
38380,33676.139363000206
57837,12022.346491156448
72109,7022.467413228935
63631,61400.061510942454
100550,8883.975948287174
101971,16452.006417871442
106319,11683.6309996897
30528,102285.5620021931
23756,17310.692838461044
24692,38596.493256144575
31946,86661.9335213679
105675,17979.171101336695
104186,34608.56956730917
136329,54486.659053936506
11467,105391.0102193511
30219,12973.398934325316
143598,36127.402224016936
103451,7918.562227991864
81880,13698.698804520205
141153,15835.080450301271
137674,12922.648603288228
109298,12239.499808064777
62600,7449.277873502771
109646,6410.276379876537
14935,109226.3890640506
26963,15578.291953379168
4390,3592.1556519787664
91010,279058.8782999935
114671,23071.341008792726
132009,156888.47621293602
145926,35462.134412729574
89407,3541.9657218751468
36762,26503.015405116137
87218,19871.72188293185
14770,13178.287252710517
144479,20906.862010015986
95762,899.080980650414
20159,129543.62042283479
149063,83303.83019283648
30045,99980.07039528678
94562,6278.955114434305
44338,13853.978369183731
49298,36904.22025668186
121439,17472.593943953012
41635,7243.9899738999275
30647,23420.826697503955
17907,161257.15305365427
132056,38813.23586964009
18846,105048.39708086548
35970,105081.59894568827
137303,11855.820882998227
125731,1706.2216407803085
6514,6624.125705949027
42164,73393.32651044389
118613,41191.251045899044
11318,39832.67574381828
109382,31560.146269708996
100772,1715.5088269556518
122259,10549.702796367756
13195,30282.654156040877
39855,19160.524689114576
58960,42607.91733009026
95885,8952.446204910852
14952,15136.011444260093
119345,9186.156152766189
79090,13930.656580232264
146059,58336.32652375653
113250,59153.4812271451
65144,79424.39413477946
67449,50653.78625281184
82644,12789.123378064502
136049,11914.944294006598
99406,3803.0562361747106
46970,26298.017607147463
100672,42719.554917029855
147527,5343.653793383955
130233,19178.51987846557
97445,4408.188247081099
32380,92796.17410141049
6470,106812.79654870614
122344,20593.000996252274
40849,13735.547171618527
85354,3937.611688284097
56079,48052.96520822987
94504,74949.97454445274
44548,9798.85811302932
70721,8773.280041160548
39002,69236.8663945912
51156,10300.24349518356
14338,6913.505046489217
140303,43534.76052246112
42257,20659.78036841627
11329,341540.0823747023
113534,31679.950045771377
75290,29744.91535936579
112832,13243.650278032545
39508,300056.0707726445
2872,199805.76648282836
103485,10251.202229101726
15657,16690.82591280771
130885,74491.11730817563
26123,60364.61462203263
112610,52135.574377750854
34516,8240.84328722519
34331,46856.6593256061
42196,46051.43873117709
131179,16454.404598409543
40129,24094.185406311404
128485,47705.001144506685
95248,158037.22018593195
141466,32021.589246142303
47197,48001.158801201695
56327,114513.4195150196
106403,5744.7440300632625
113066,3244.297476595565
136767,9541.507506423794
117748,22464.250105611805
138472,61350.387533928195
73277,18122.69625214766
112133,5078.533809467115
17833,28014.283318133806
148808,41509.030306060995
7223,86111.06751367854
90772,2251.083922829749
25175,7616.48995366437
23151,46716.95092858984
35462,88716.2200248273
61940,4309.701024199056
146903,5135.804767978153
123981,29336.005766959126
116697,17442.52200680518
45882,29108.94800863247
103751,42224.54353792366
118310,130953.92056948516
131569,11405.349560465276
91086,5838.915693308159
109963,121059.53289334972
58140,38796.41212426503
32630,207822.04393862604
107,34649.648823642456
38573,90735.59530185205
143231,96518.70711015315
129001,22342.462973976704
122611,3215.692338513656
117727,209312.0229703951
44356,11997.111235246482
2948,3220.942564041441
147519,77689.70358400726
108713,45634.49631967808
34885,27892.433187220515
29330,23077.377913119337
70557,105009.87947568504
111766,3795.2848292565577
30806,111262.91661215227
97006,17218.299544576803
45854,50802.61184236115
17521,16213.695644576419
116266,26365.663182146494
93988,98203.92847460805
117379,67219.0767153189
133981,8366.834163568954
128355,37783.69347918634
4421,21906.95524446229
126426,23325.362318648757
148540,16926.216676221942
104936,35239.492577381796
50784,130393.60270611275
90628,25096.995655137973
58174,23303.155281959796
106913,12671.304244562914
83580,50323.062220896696
104269,67467.54225039313
98486,21637.3506097609
45783,12075.342947107918
526,8360.052188419148
80025,19376.46845891043
113445,27636.353417291335
140758,13217.546014309757
23218,22635.669546621764
38451,35873.73787760214
138052,6825.786443363463
130760,36898.92169233688
26406,38341.28292776069
80099,4727.5855543921325
8429,6439.326166215996
23700,13912.602994622292
2101,38523.25663149125
125235,1105.423750237744
68847,17662.9446626404
101934,51848.779880998896
78936,23841.627762477987
94626,6776.497043465055
102685,12306.107414115391
99782,5336.171509596723
33140,20262.73153718956
25174,1686.612787233022
43889,92315.18590779847
128279,34820.648394147625
57407,112370.6268300761
123642,18157.737397639
102787,40842.501831653324
115736,71372.81357330909
35609,11857.618106756216
44521,7546.12763069019
32896,29922.129968126737
94515,9613.21937375739
58897,29250.349447197987
98334,24898.765430419546
104509,30517.61673134084
149468,9726.393506684964
98069,15012.760339162662
60885,16513.76396688881
28146,37462.06299651325
134846,33773.017463118354
48348,46102.85578557165
128261,19944.545651571065
148458,73143.46036613098
85046,28098.884935433027
55107,173636.64259812754
38076,37109.90515966245
130508,6520.939208295944
11138,42636.25723971024
117303,27904.16042791657
128533,41198.26079895314
98194,16463.289162112247
98959,37881.62128230642
129404,23231.69725711837
68538,8687.963064734933
139654,34885.55924537297
133659,42925.26073132979
101991,9071.209813467785
4532,7176.809797602948
121227,31796.575158327858
111046,43193.38519832506
9790,27061.205474049944
4581,38933.628950393264
92104,116091.86484681263
88794,1775.2933493809119
95597,2094.624457004672
100403,57955.774723478826
127879,24904.80861392322
85701,7249.262767021274
30646,9126.99866892039
141882,9184.75113470494
79490,41872.871970876266
6199,44343.43870794292
97517,89226.42180056236
146390,11002.487024377802
52486,25061.014291153373
22298,23232.566011941035
73052,111435.60037706171
3826,26586.37807439189
36180,15981.44783709079
56414,37835.5838204796
13140,43966.946540038494
25073,23962.122426769678
48340,11682.585310505663
866,112064.58438322123
116962,4782.60015666051
90435,34947.17544449335
105806,140526.1235846651
120367,19406.641797356286
17649,51544.645862214136
149724,75276.44189648298
13377,31227.775939978754
111738,19728.031334263098
26916,51751.654490728055
109335,26742.987251405615
91471,3663.924829872331
102057,27107.274784116
18303,1677.3227151695296
142231,10849.913411471949
28576,8291.204240694115
11862,42638.453835815
69896,147522.13539590972
97747,6234.1393842190555
26988,18995.879938875732
129880,12116.133786723101
118440,31017.144215712404
66905,37441.87254581318
109935,107316.01331627215
104427,1622.2754864445787
138352,107103.33817408583
92597,2030.8433176562278
69604,41839.707836920024
49157,28332.66687907826
62587,3685.7921594784116
102218,14574.446062673556
75646,4381.308768687347
12960,5367.692867551844
131575,8376.497517512245
95515,260003.12102531458
6560,15398.864911756711
2322,3231.3307227654664
117027,25183.68953847938
110387,105424.78411579787
132967,55404.27022507895
77151,9046.702672380692
141875,31293.602610758917
611,79416.2836577102
43113,4493.481487120021
73211,6541.417712796557
44713,51772.25781339235
121575,14501.65387945088
139490,99836.46526751443
72648,81927.83038707827
119525,33608.83190110003
13454,21537.48427706858
108727,7700.992027961737
48624,45660.97256208085
30593,37566.67611039647
98593,88238.6012161902
101497,114101.6724706724
95887,108655.00011944008
123878,4425.219565536889
113982,123105.82797611866
82565,98272.99643705026
78099,53721.70969487621
40543,5379.3522900563685
42860,17003.38398177288
44331,16247.261009075497
105044,11625.619482467699
108937,65209.91010035821
109338,141973.09374474996
132615,46818.489684759785
41436,9574.584423428008
18836,48083.16424135771
54402,44283.0754439723
37249,43445.24004088502
142680,41619.048662864865
30060,31255.26924459703
131402,107545.79512017804
138278,4121.470309445616
57261,10334.72966356731
122230,17026.59436995513
50121,19304.205475887797
20283,3438.983264444678
36942,1937.8964915301658
140709,56572.03992957413
15274,52420.39874026137
115014,9447.761173692903
59297,6393.385762865424
116045,8798.83965681578
67463,303656.0290640595
107096,34538.8954482816
59544,58161.549640131365
24658,38166.85242926596
81598,3354.181336099465
31806,12346.022565190058
45622,4476.681339551148
105529,5821.89857645678
84607,151164.55289712737
125228,102257.85395853693
88771,4982.13187395039
129701,2589.553015678668
126570,9448.620535757454
105742,57825.61038163014
73872,98343.04891424402
12215,64642.08825707778
55052,63598.81230080674
121704,21847.865914069473
110678,47265.170587398716
44747,19389.76861362561
108204,28449.614766283237
137862,27518.12556157777
65004,25134.72879618186
111071,31666.572865583978
81750,20263.727541650416
14964,25109.118778861477
49329,31458.508392227937
7619,9665.338832583715
92212,57116.98493183564
117433,54543.3743967294
34014,50224.26650334108
119899,53428.553439221934
30597,127244.71608837263
25973,17716.499273190457
102065,15330.827984112155
6979,124564.60836117223
115449,7221.09322213023
63974,32085.462901060982
38553,89318.11637349508
72092,76790.81025155046
66868,51391.23922055779
86113,4448.3197555571005
82623,9138.9684132479
56262,94778.51696030138
58563,64625.93762202493
128770,24511.229413059686
49792,3877.3992468936785
23537,10205.862083736518
42037,13349.83101379886
30148,13061.98254371454
33555,15093.178099801087
102651,10133.112800070092
94629,61432.63960605504
1081,6459.494472022336
44276,20171.321728758205
80540,16071.027820405503
100928,13364.26559725874
66705,12556.201406747645
13685,3832.3608043393065
73814,8718.666675748915
60622,135545.22545741842
21626,75428.55395993937
65826,32586.214294028643
47328,5569.413798450446
136774,7474.459840777825
123460,41828.75282149484
136035,89646.09327981182
30964,34589.10404670341
26899,103200.30872501658
89479,12423.289532122737
88006,22454.122907894827
58670,25454.86358226573
139441,81422.87392387526
13056,4711.480129339501
20109,115799.4112492789
117566,12682.690081423829
91161,100005.40402128396
144073,137038.9272780189
131814,66862.41467488414
14297,1762.0279169525907
65879,36264.2631562909
100859,16794.636057944816
48287,26574.73819451104
124351,20999.488575944863
141183,6852.6120250270405
54632,10577.986632028893
103452,188600.89590664537
114100,12885.303942186585
105015,34364.9001496902
49699,12831.27947878505
122958,23767.465182830423
101731,205195.03798303157
129276,31240.609917371577
84188,14071.91117991779
89138,212277.49484317406
118409,4689.95662038681
33016,21258.648033559344
146620,93764.05695759771
12817,62797.05903310724
78414,35644.31732152044
74340,60532.7419723763
112942,17150.39955586919
131326,133045.53817295254
11224,43840.18807384596
52326,4295.815977896281
38319,16137.14510198219
33984,5673.818711290614
17033,32913.663599967644
129629,2410.5621510528354
107410,18747.639793135568
17317,30651.595147960645
79757,9680.589459676266
108896,33391.014026334626
65564,7179.817280186913
141635,12207.276098075603
149171,38107.68919828368
136098,14300.134228102832
54928,25944.12264552104
133733,114675.7229536158
10260,9532.897224031052
69342,53686.91763595789
123163,6497.4187514827645
97426,29117.390437092712
56491,24989.2853197843
46771,90725.26105175093
79347,108162.59186176461
91380,17203.95706650715
63011,10842.716200870518
66283,13505.190903451774
92879,32931.66355032032
126926,38360.94274568233
76410,10589.359920257877
52886,35966.35346121918
60925,17831.387496740575
54119,18029.871908211975
27514,9932.918172761656
142600,36080.558331843036
24112,36524.621046440036
132535,40822.43107651502
113653,73157.63745993265
58297,55808.06275302775
53800,7649.519793190739
70686,21315.363511638363
130030,113243.92579864802
145039,14451.461271590617
136292,4175.987076695395
7344,29440.057053538127
101074,16761.31259376902
98376,1590.9477951771073
121462,3230.609516051303
1029,87597.65328863487
132650,61500.176483803545
47741,64155.77384958233
39303,47175.10871554204
86607,60835.83445488049
58887,2562.7764900015036
33999,25906.040209157563
94756,7094.4216603164205
10422,26435.716887849863
60408,6700.220224314836
81358,37864.43987757683
116519,2884.3677461441275
107567,34970.16034484214
72857,14026.479344970643
84265,16402.716028189723
66435,-126.79118185570675
34367,31404.14728186646
2175,6740.166572829931
68041,110190.25124931606
46779,4769.7732385525305
67679,22669.439544678506
37686,8454.07035629937
47312,3191.5232167173895
114616,93041.91977291959
24492,17096.82395810798
125962,206076.60114834332
118882,121186.7215056909
59735,8806.7200007121
106208,12638.578487862535
95412,52298.86821444887
14970,107523.87957406577
43750,25788.63161791524
4666,32993.380158059146
88268,24918.56891846023
46025,36856.513926708154
40599,47671.13862807475
101156,34839.99921859275
138833,17744.47985350363
57107,1346.277915789851
80753,25521.89652190098
99833,23016.979390952805
143684,5181.531096452888
75413,29403.274561177634
64248,39762.2544405957
23194,83041.05857263511
111796,43757.489553049
88700,22037.207753295577
125155,23137.50322465155
27530,7137.665680136595
68255,43330.98969069839
115387,16843.31369795873
38831,5526.903939778294
68927,115457.20143082652
70987,8515.797579004164
67329,59280.96818657575
46678,7279.578077378303
146033,56598.054162240864
105370,129329.94539376881
76036,144337.36349486126
10894,58476.011939569
148793,49689.96788055715
113941,27070.759107556914
36500,13527.92777855643
18217,6153.506823956309
30658,28414.141961494068
27678,114725.46066179241
50003,72455.95970586402
54413,14830.879512681007
2105,16600.706932198133
100504,5766.960920411182
71158,9165.300249258373
29834,3837.49601098726
74147,911.26159908581
114054,44245.93241241495
111299,3921.2969853952154
24121,11134.666059348518
14705,4248.761477856024
11203,16802.536274167345
19652,87401.4711874304
134178,37616.98314904515
131166,16152.93213246504
94302,99996.09112923563
40262,10921.93922711446
9106,17991.391407673374
54549,799.895559393048
2421,33472.18328734247
32060,68522.0785873168
127782,13390.365349633968
4700,6995.345713820185
114772,72778.58734583454
107621,106511.42107562933
8090,32558.799837954335
37657,13798.524988922372
39463,4206.229989144011
93433,31563.625721357275
2665,103611.93265469762
2660,10577.72061275438
22922,104947.47402553292
19285,42011.53893922847
126852,5408.357585216123
61235,6735.575832753784
132584,97754.7103058456
15325,126512.0488779071
42934,34725.62732005694
44476,36468.12373299632
46136,24062.104410258606
116220,26226.54940878653
41367,33503.497489747744
32681,54631.25827864259
21160,31310.35508509331
45740,10676.092298134781
105457,4371.772960883545
143103,31525.172038036206
117677,7958.866656171346
81974,38627.416354458845
100509,11994.77399465882
15431,43539.14097226168
57289,5694.217532243905
3463,40758.34661768023
79365,2925.8353365493344
58998,57100.94607110408
74045,9364.973274873202
92040,5576.028148147202
117191,24012.207701047642
46597,8752.496176176614
15422,18810.44684816194
140137,110415.76628426305
127916,29752.515798964327
26179,42787.83684683792
23784,69175.9194278609
78518,7026.031571229026
23900,19167.580181131114
126749,5102.471560956667
128979,64130.893172880955
69372,19910.604271283082
65649,2510.3494082871434
27476,13253.091431962795
141178,23722.047832873737
61905,3734.1482694118413
141274,12775.4697635988
45419,38785.64304668256
115848,6577.113286358133
39074,2355.0827695115445
29051,95794.92688369483
62448,10843.8777002407
5711,27422.718905066624
111272,3226.41614695126
15532,95275.57112519164
68056,8957.389436186264
34327,17514.311518138922
72907,55208.154552257896
39556,4132.86442640891
83205,105495.20229970742
81543,91169.79213292798
90154,96640.68254759323
59146,25932.286995265826
96361,36498.330208940075
30163,9620.002981539692
94213,18767.771048205177
45777,15091.992523564059
122150,4776.477481798444
96608,131551.50033327512
115871,12735.064339395212
61629,9845.279135940025
45362,47796.0193967531
86673,205213.6115516927
74417,9294.893126741013
138068,14783.099744685163
101428,152235.74664361583
141887,35235.41283869976
99643,9113.49953108598
107931,2159.17485691195
63417,41512.02647806998
14192,5876.262873586918
65082,27804.29006025244
28566,26888.366637372827
72946,3411.048236707051
143873,82408.43586225646
86140,3964.7011065847937
40821,109357.2040272597
62271,169977.28732024098
70499,64337.3478374328
123434,33976.06822946858
130772,45770.38872405226
131644,9419.846126839158
42486,24359.665381439358
48738,48430.80552071822
50992,3070.370530404922
78774,109580.25351666639
39243,4692.335992969342
77159,15023.512310796581
54102,4890.345830239744
13375,6072.519243157067
12077,9406.756235586623
110334,6807.714336262195
129475,19903.61781088491
132495,4712.110723632009
28329,32725.72017785282
41163,3430.772766172766
29132,25993.832893971463
78935,20559.27637419402
63102,18676.820777867357
69811,54663.62929461071
121853,25651.502793567022
101832,81786.59794169459
90203,121424.28652481358
133813,183546.67896103283
9029,12565.968081520623
99133,4347.600503328727
44693,14131.702410000586
4953,121972.62646798235
124881,56228.117661978606
49771,5645.1669833373135
12467,25262.512311675047
64082,111744.32413035791
67198,96219.5147222593
109613,5989.912931971439
28517,14500.65813953129
122022,21918.19876260072
52122,5205.347756856249
79238,10191.826940639254
34015,12655.325087427183
48601,9146.387032264685
109505,8953.403033442763
53462,21021.997568250128
28618,13366.707260576472
136075,5480.000475987399
70463,74624.56068259389
9730,57683.93757745755
15732,4499.785393480398
43760,23261.533600128714
107510,16504.658954628583
22340,8006.725139537474
103440,38382.50060892549
16281,3273.512544090935
86199,15532.663427304458
122583,9824.299630797048
94452,24897.607418485408
22486,62863.24385482363
132142,101718.70888464211
72500,20078.883523654622
110287,8554.321117541707
136084,49208.963403253816
33996,6852.892768938028
89872,14775.654418090799
126700,55342.805000070075
7441,75843.74748861147
51859,33508.23959317877
133511,11019.498868915653
26544,14024.748490680802
49042,80137.74443137253
23379,10369.385121286636
72504,19283.67714190507
139033,2446.9802383065808
46593,12652.614644390575
116652,4799.7558049272
79542,15332.101488603714
17554,17194.610927406033
57801,14060.931516245582
105816,13178.335804364347
119139,71828.3305839077
23648,17370.461321129238
75168,108953.92900221063
58595,4229.7352028541645
104090,23245.039641682328
120790,19782.244959236006
107398,24702.100538704733
114110,13456.845419954185
76816,21184.53398894341
27622,95883.37772721783
101922,17826.80598820561
52674,88834.88004433991
9450,93750.96577001244
20789,62778.1782500328
116624,66830.8896590347
111937,31438.69503708615
148772,64430.923117897284
149450,971.4968869586363
11069,34561.89290442686
70747,68594.35320357754
140134,122003.42701187925
43010,9396.285710648754
75201,8248.435212705583
92473,60135.7154393235
110372,49730.734532381495
59736,10037.462630035534
123539,4459.357368603981
114281,9483.997579750463
109218,14413.17436896213
123525,66607.11080572903
77144,9481.657380116185
104084,17024.970746014038
147303,6084.212755712154
45840,175349.19824654434
112565,79964.01535002897
97918,9395.174892770126
93101,118444.54092263954
82181,-357.4717027271265
121158,15044.74374343615
114217,67754.67329118324
65133,134649.39501873887
14538,2491.350871347597
53687,33327.434107057335
80102,64614.51025024109
97844,1593.3114113497645
58024,103767.37165125564
31403,29470.04706100621
80194,11280.221847002194
52727,43131.05085340848
46414,124245.05116388708
131463,6660.418001187075
26492,78574.00901550424
97608,9174.641501579066
145111,27774.690347007636
139190,89330.9800789204
5099,6416.072779445076
73046,4367.638340007739
115293,166508.48575624297
9344,11186.70783507996
146731,17595.83334895032
79065,23858.339801079266
56661,72709.60930473499
124652,4990.0848802430355
71728,33702.988079349234
95000,95803.79510819868
38920,45480.81987283606
101208,60158.246756892215
100580,6069.271128333033
138004,37819.67982024132
24564,20252.08537624028
89843,17063.239795433703
51447,22519.725560190374
133930,16781.20836906543
140197,7005.922945115036
118854,3988.5945055574603
21694,109430.9490475708
26213,90956.62006863774
140604,24424.278937397678
103709,17770.47637562492
10976,91802.96100334628
48928,58055.357407082774
71323,62769.09747574269
4064,33393.92815376484
96505,17967.676822333116
63564,6369.908090269253
69026,4767.280008256162
71687,12884.173523771988
123322,41528.577267678374
131285,37047.093418109405
94872,4928.510071063262
24170,19982.86385066497
84668,24262.38748496871
122529,4519.726336718581
88957,6734.37008428083
95067,84592.72352046806
37669,23168.123167094058
131829,6329.986626315381
40540,23077.72661935985
65781,5782.103374101456
62555,6112.072999273248
62872,28845.18194422434
117203,141300.23573557078
32115,20543.391275053174
134008,2929.8092697628754
92204,15383.606193278087
30663,16412.26894608839
106619,13404.292446510255
44882,26848.78019680701
99465,67529.35635043311
12261,21591.795597656266
82242,12741.078408262187
93833,16759.310849900474
15404,6370.656811961792
58462,18162.445803413615
102565,27858.887326673706
2125,5732.63288697504
117951,773.131669438593
110218,8127.037003282374
64816,21735.694555159975
85640,46306.88733383226
139140,29852.387184718573
19337,6949.58772303007
52820,65919.95412751475
25577,98197.8906389348
43648,47571.099308341996
42051,11169.796867882711
95505,120821.09478952273
63848,36223.85309593893
97487,8236.091297943272
98779,21652.55727762028
99860,7990.539042695398
109731,11758.678882744638
130113,79777.97174956306
124883,41900.97384735607
66477,49775.691303964326
91272,1682.5164043377176
29476,8264.715787648493
322,23375.318658129065
84019,80029.66974177779
66544,9462.633435057694
47441,15741.2707904106
11701,34193.878248859044
58597,1747.263374482659
57479,16300.670131166542
128030,95305.43996621824
48552,25043.346156422835
82645,40248.26540554091
27176,17407.838392500733
78848,14508.052551456394
28138,16577.53673510534
88091,4108.386492332368
36962,15157.879243326417
71399,7799.398315270105
93908,26518.316482847586
64863,118267.95517082512
139340,411.5509426164854
14812,4777.557486209585
146969,17308.570337062392
124720,14643.38433279295
106831,29313.887585609278
53579,7626.768836629151
98014,16742.583635578307
26049,4079.5098944128495
111832,16166.46137734844
7224,32844.778418042246
51578,12427.978142922118
75670,14887.582453636918
22427,25221.42586147547
60218,27211.72712465016
129761,8935.04243639062
42723,20134.44934354435
29336,38152.10617262269
127125,100216.52039541441
118448,6022.282429163094
9775,33828.50794804855
66456,40121.31175721544
90384,5719.53578621373
110223,8322.384956790582
76149,10203.114009075993
92111,12355.139118502238
65089,6062.845026510169
94196,5665.617610643127
113367,6601.795758916418
41488,33485.32991733395
141666,35506.27509909989
148455,4881.840078745224
35023,129463.86490975988
127480,4730.424005122634
135815,66728.56096304019
2930,147628.07310297168
135541,77922.54064398321
80951,153644.92784245205
143739,22166.155346530562
46221,131415.8533543414
31254,22937.7656737168
65915,10831.087272946192
81899,129677.37837077683
140619,41140.74778928736
95307,158083.410981171
63719,49693.88934174054
365,8623.079634884129
21514,235257.52055451513
56736,4770.8233398096545
89245,40989.1604186918
130312,5594.932615708156
128162,7632.452302624019
95584,9561.106383500046
50127,14927.981916099256
18020,16648.04651080362
109684,41776.77732844836
128492,5847.510963407831
59766,156475.14891984727
70278,4209.267231410538
40154,41456.362541654526
27283,9139.456389957126
43900,173357.93354479028
1120,10615.23034329301
38369,24447.697372330862
108640,13645.27152178403
55028,23951.7893547763
16516,10238.457504103051
22196,9312.230677902746
94751,10986.652315925592
73235,2140.2534593006962
119078,2831.414100205022
78102,77118.84405512853
122883,62078.269863668414
134722,106961.99237330034
109212,13331.984782529356
86442,65419.910440621155
44784,8030.105512262828
140121,3777.4883838757924
105909,12332.680721773933
83491,11745.512200074558
67515,29375.371491565034
134909,21045.18284388184
39251,24299.618700029965
129722,12679.121207794296
84641,20618.108751834123
117690,60339.43750504927
140302,48901.56953966478
16981,5902.051790599726
7347,9920.798051675312
106421,14399.405891438822
14883,7211.696944595955
109663,11022.997541661794
97836,9803.467455391681
47671,12235.338650763373
144502,34277.77153963018
21178,231536.48458957137
21935,84467.89585101699
113625,81370.9038293853
112849,9349.504015514001
140683,36961.538500521216
26559,50861.141074194515
58679,16015.154693700715
143201,27287.661489835595
66126,52041.320511394675
119501,150866.9562712023
124285,19408.025469535918
144636,4568.391603903664
19624,45522.2092167905
89017,21483.080032597798
58581,5631.4366290430535
9786,17118.501101376638
18452,19544.334678237086
39198,18063.450594126083
72019,5890.6006301365505
130063,86978.59441693866
113325,34961.62401362491
67056,36095.55881064556
52690,52155.93554709912
61177,14447.086280734755
110250,13573.85163177005
75226,39274.171228208106
101912,54610.20790581226
10721,10677.293348153602
134311,85.77163089075002
41703,255283.79486353372
111687,3838.101654825455
38041,4793.669290764855
90596,16722.124033497188
90591,20069.145901670876
121547,5366.633546530231
21140,408903.3634758585
34084,12438.040753070509
93832,12131.081719501128
93560,33694.860165279686
128859,47304.55486656201
21280,14994.38110270919
100687,11584.634609163979
18745,11959.759342518337
146556,78431.146811041
19489,43906.69116998337
145771,16244.489095216792
53357,19303.072325801473
107671,26098.270391038306
140646,4011.053091798445
79481,5578.716945451051
14690,7095.108211789352
43081,96539.81119231918
106493,3474.890153904844
34249,90851.30401127103
40837,6837.614386971238
116058,21839.599338140688
113169,6246.007548495663
96211,16175.44033064252
48000,4480.315945946797
108990,5666.082080962551
28889,11368.15635642871
66736,10895.762331077109
17722,17050.462110958964
2007,15225.327126536024
50056,22953.832404476456
134835,38564.61865704357
86672,5425.759385568913
106939,81404.62019676619
20902,5139.270259028502
119329,49236.63896845088
138509,10454.285602549198
113015,138566.59590790494
109201,39727.563454233234
6388,3397.657006436922
73139,6288.213973679642
65192,40051.10613578555
66743,96652.31441252075
44800,21564.845102645613
81309,52036.07936842091
16040,1949.3548744008322
114702,59076.965488908485
609,7528.511672362267
47919,47820.87433218788
29159,73368.0895305222
33461,34870.708618306984
94430,32286.863314677044
83677,6093.900208285902
122207,25254.425749222537
20237,33356.775351551165
113113,13988.810769806014
96122,14595.770751463439
67426,17079.929672641458
122848,45689.53625375718
9674,120137.05142682898
24321,8994.365692276768
78223,21483.18112835558
23949,5542.368324080535
45358,98683.41340008774
113624,159943.80436807958
20479,5269.476017585944
112795,107903.03004350411
20701,64382.30666915861
129899,38482.63680822525
51618,44556.29958092639
142437,32303.21550648428
64782,8549.447259625134
79959,13789.566385598968
68632,15902.182148653272
87147,12308.041102997235
140714,3871.1002774404437
9643,3652.72840521309
3121,4611.4834653068865
75825,28183.734107447417
8651,3842.0645601068068
87670,34675.966801088034
9731,21048.61566094525
137825,18547.22186027708
117449,1182.6665967910656
73959,10351.317920610369
37718,16206.060914989275
427,28083.28967427618
57330,56180.60333559486
148370,97810.59438251975
54803,38069.37529577047
67114,292054.72611893155
13167,75421.72320466285
95142,6961.307439920196
66436,22329.98204066942
25498,85218.72576076105
20305,13635.955407736585
67397,14562.041568001685
48227,24256.604848652274
6556,14021.079990306063
40651,9964.714254886483
128069,2803.8980401094263
96452,17052.11366100757
133977,20926.379285004325
45436,13267.427915432216
21103,469.16289920167065
17036,71269.36104713318
31339,12858.521740347347
94426,8215.21471701029
66846,15003.57513336795
59382,11405.908184966333
77012,2313.62452461119
36181,7232.4566573891925
138168,145337.45913814343
113337,2588.9151163026245
72124,14788.690748265017
107736,11620.485552980554
133968,67110.49192309623
136960,87005.18895545867
105254,17841.5016679055
128187,25533.454216900544
64628,6950.989205571492
91572,29878.947923992768
92756,3670.2988356496858
139916,28834.647515733835
89770,33034.313990144554
29656,119047.68931414581
10820,155293.2639136318
20776,47030.83054197596
27244,54122.79159494558
18885,28461.583699705123
100520,2960.2971346526824
110990,8932.486149280578
12864,6638.908021697996
65607,15277.053546388062
122834,4880.763143963589
140250,4504.645674039515
77644,24438.537705489485
108303,17369.987259364825
66785,15145.100834754921
27839,11154.644662695593
80723,13671.587794619238
138660,57576.3997929447
107227,4855.320945769694
12371,27880.204227591596
107547,15396.93115016254
66088,57995.194380974994
73827,26776.48952654227
39621,92296.6465272278
106830,16633.311696198536
62849,17103.606884109337
75346,12040.468517140464
90560,9855.333211407695
119246,51336.312413599844
22839,27544.565045714713
30774,20898.074396842207
104187,280404.9551839456
26253,129199.34355592683
14619,140764.72715120044
58288,51513.26009613541
104561,105082.39685885949
49203,17741.069147030976
76511,96683.54387363854
120765,2060.0761938481255
105599,103989.17206795665
109848,26779.59005010946
46226,32763.002466172256
137756,92134.30811796278
110776,5268.788275373763
120309,66872.04044429003
1631,8163.753022115505
147876,72001.789844788
113375,10730.75870332603
67946,7264.336985886728
7463,17254.429104084997
116879,16318.931522027638
31183,45779.95963662706
38916,53806.39502808463
133492,12614.094955615548
16923,10438.401342655712
79131,15941.740519520652
22370,168523.3373046884
94323,8827.525773893833
50845,8988.843696779059
137939,39069.08344388882
70256,5106.057376751718
140960,30644.4066128574
125219,36281.754436428346
113206,33512.71324490041
98247,58512.25521586597
106994,14395.183651192237
109409,64721.238549739566
135836,9431.696694726614
126782,52868.13375141623
145776,36248.60359040484
47236,15399.58855568448
73667,15935.440750800028
140394,36871.256997574426
58486,22337.85066496958
119569,2674.1112719482485
12946,15690.136214587006
149496,28625.18838997638
9762,19733.64604931036
26089,20687.389613272182
131154,42676.09088554424
69438,70163.34935938581
41220,17673.888591601055
20643,30603.63342794642
136017,163130.03485699854
15408,14470.518660826348
128420,39460.974806035134
97181,45052.680351821284
105682,13197.77062119398
26325,11805.069425334617
115682,5216.103046410917
24320,29312.888734854452
7670,75196.85674260245
53903,118127.89864146888
69672,7037.1273831708095
88723,5827.896436690595
13191,24449.306664770585
48632,2139.90353208728
132468,7933.355168463252
46264,23085.89713378989
59971,13978.323410198587
53182,12112.546351865898
27995,24411.82726461001
119344,7543.92549420838
32396,20170.388287379214
85081,24875.843234952863
94650,10083.808683090056
82897,1284.6671918977454
129352,48497.16185142687
8326,27118.562893813905
16195,69930.83079701506
96473,5741.441402084051
16155,33313.54603690893
23921,65009.61124868566
125012,7943.135340444266
52697,2765.8615748333928
115562,136513.88154021013
30440,67323.1028327196
16244,248870.2240742186
15889,72437.07497386145
51467,191046.74651858883
50948,184550.7607315276
78369,11762.00449673443
113721,22044.225702983695
64286,292456.12221218494
16646,14079.626179437364
119138,17578.427262890105
15745,13854.656329446301
42768,13230.465385200278
145120,17391.91706899115
80908,16079.740403292337
78125,129994.63243778207
105760,79483.99665205873
132291,5858.250133567874
14805,4818.758919718515
77705,10994.912217449903
1437,100251.7512878103
100982,17822.366844465683
49143,28433.465280486733
130112,47113.90577769491
97843,21259.867154379026
80023,186497.64583316975
100023,32291.143949180416
10293,14954.068185644637
139967,7976.480511448349
30565,36805.019135497816
115201,51103.47515266544
71751,17578.949413018825
78178,5984.7880013673985
122952,2648.2135504110665
32025,11169.45797769512
114833,77622.02049855086
99923,77138.37446258817
36208,4540.589624419953
118700,18706.07161822379
110077,24693.14516377995
96276,11169.51244183045
39011,12847.32668572282
7133,50557.43904501492
75081,5737.634392504051
20873,40976.964282137866
125289,17849.011991571533
83441,5374.968079176246
126054,7400.873268075754
103219,6268.830715691873
16675,9188.939636301566
144342,1134.480977403453
146865,55532.712166574005
138035,10070.964557020248
91084,12201.194226277923
72104,9793.8206662597
111091,2087.721256969996
98366,58729.241395025565
126816,35367.73421579501
149525,199950.23746202665
74603,35217.11526836839
51248,19325.095591425175
90174,44064.812851409195
444,12560.601729017544
31490,20882.72138656684
9891,90910.8109534075
49022,11968.638671877608
117965,23012.036536229185
67794,11744.500186991128
63146,80971.36200869294
12577,6200.688032931231
84203,130747.78461124175
49983,90459.81609305026
138546,11891.755580303292
30951,35428.446304826044
15954,16666.639568879575
82922,29818.08211022367
138798,18321.70185261246
29786,1604.9855859431505
141628,14524.516813848375
104405,18592.715871549215
60545,43320.29368635155
61178,24553.95322785178
63785,3750.056293854521
97932,1983.8221065964797
10246,99783.97392156128
98732,92654.23878552475
30634,67980.06688103288
86006,24027.988617315525
57915,17041.239236988455
76079,158346.40227963374
17112,55168.660396016654
8464,49913.90420290097
20307,47244.495039258334
24922,54787.600160773545
14245,5445.501107167542
50514,67003.9704819993
142733,6580.949400445918
107435,4394.156734467122
58544,19128.734494027492
130688,20552.014201093338
15451,12722.101012250514
73868,49113.71408980456
111039,56523.66982708756
31670,57373.69586421305
94623,20477.21179301422
19375,5619.60043336668
18248,37902.60523094591
57001,4140.814841867967
78745,5114.6807820837585
107208,15908.685232815562
78336,75591.20039354064
139316,2807.464426358115
84091,6350.592870911059
96031,27628.33102333866
70342,2701.588263017702
29436,34122.317449915325
12515,48493.64311973642
138558,82741.79677419072
96838,5906.425640071879
120360,32169.289550111476
33708,104347.01558943276
25670,237503.1981788208
95332,4532.830198692364
117964,17304.66167294154
2802,7640.991134333959
77305,15911.452948387509
122465,6738.792330873419
135579,49174.68404101141
27785,27613.085764067953
84737,17873.26221457697
86781,49199.90126627528
58991,33597.92763341484
119689,49026.17545200306
53394,62528.00776593272
81842,72491.3987712079
14954,16952.164832841358
29773,38040.919349928394
46910,16587.999087817203
144316,17723.633414913464
97456,135964.08518699347
96457,77880.89697618515
80849,82877.61829738613
101625,33758.65171134654
43549,10904.882675967508
8468,16270.93353810834
132012,62387.62224527035
17530,14030.151977174379
55177,16154.583064211856
49094,4253.6604667532665
143750,47853.58746680223
84905,8350.252393601939
130342,39484.333052049944
29590,10441.905174129457
54988,18983.936529197803
24675,40116.54924296782
22478,33269.64978566297
110781,15396.932571517118
43513,10476.432780497713
95226,74178.64102682186
23749,6438.120590255568
124123,79212.07816825267
35545,9912.373473259497
32152,21013.167322226956
104966,59037.34844840938
10610,79988.84737011539
78252,71002.17580641867
91579,1840.631270708179
97055,84908.82510161138
49394,55498.624715439124
63016,3524.9561087539587
41362,9289.372503095336
34373,3539.3389421408433
34740,15476.655477718796
117617,25928.847562470863
136572,10084.205588813347
19106,1623.9461460203927
119123,134562.9172091335
41033,16616.405143120857
117928,108340.91833156248
30364,19199.670722361774
72578,31587.6824568238
47126,33679.799300898245
53651,2142.0791414583355
130503,132388.02924552397
137716,19548.048991157015
137820,60220.746070562134
104092,14872.354401928553
75276,6350.729156969576
134555,63808.82503989037
82936,11433.92355559131
10851,60272.7140229204
107077,43655.80323545638
138402,10285.951594971768
32331,6594.465927144096
69496,4383.203575783866
40501,56933.421431022194
28152,40276.808203762965
4813,2194.1623929077236
10549,53342.94426895764
136547,14119.620288229862
2862,8325.748979055377
138762,23981.649780061503
46170,8840.750045435734
113083,68251.87555867048
89070,102094.04336921338
13416,77147.39930733693
126637,26297.707140558992
42309,6425.128475402894
142043,5471.844141944966
41237,98573.3028637124
77013,8687.053260289122
23627,22789.048902628496
25158,9486.877432618196
81602,21613.79997581951
629,105012.50421684975
46031,31371.15599472213
28302,112981.64458206846
32711,12803.902230693238
106529,41440.865641932534
35672,8741.542394146825
46038,62839.355697114835
12006,45469.052541998106
143922,42859.911452600645
116565,2661.5567957685507
141797,43691.07606907791
59644,121784.10398467226
129295,26496.34028393381
15114,159526.2987048397
43778,88476.97806297633
91757,64880.12373229026
116330,62892.05722805117
118290,11777.37286750189
29960,2704.182483002485
84153,8413.917891326917
31360,28602.203125765758
112554,27192.32322353575
70572,8360.298904454501
34035,2691.4691436799044
27554,141905.3586574852
83111,5083.157594586672
14627,6412.422242756498
19529,8109.8118180386455
110572,48083.95799579792
133094,10733.561001287686
21315,24223.0513524811
144663,11187.276641670767
131199,4014.379173441909
125707,49039.81347888817
89883,25476.369433406453
140138,13141.361497266487
110535,116258.54948068991
118291,2781.968277156121
107639,38297.90710784188
135304,22543.729586738496
143019,18899.760638941396
25200,14664.5895528349
40016,159853.7773806605
98945,32406.36525000631
135942,27658.292941362717
98829,5499.122072279042
142692,47690.325572785856
109652,15810.44524248549
115338,6570.697975334162
36752,34094.687025997504
123869,58202.02614102326
4477,31094.02207699184
8775,7191.695501288663
40297,5902.03514520429
59420,31696.94624027421
88142,25800.350781389963
54829,31307.062231960015
96372,12004.50860805481
115166,3101.637325035866
60647,36764.70872371524
17022,7454.626117031899
35295,9019.921982558
86230,44891.7965025793
139118,6854.094131352949
127755,68658.54438250262
63957,9529.436650560341
65349,11040.45708231032
12638,313020.6041578065
144074,22162.944185201486
130444,23006.403545923684
49755,251024.88184013742
6918,53367.941627290194
41331,45676.49824341862
137048,28373.142842317036
60304,20372.8865114418
146702,41831.13582697395
47335,79224.77167572612
28637,7229.038894779875
17739,44054.57233823103
4157,8966.516332317557
126442,18368.971144300638
89928,87459.00217464485
74606,342222.36108944134
5871,52303.34509239763
110884,1291.943619547646
6426,18261.380688760208
1302,25868.073181989846
11640,4183.36820996782
129511,13205.494673136414
45914,6187.187764992878
29506,119635.88794887385
27816,58163.08589727561
19959,98183.61669146176
70328,15301.021759601179
52247,1458.2281134359762
84467,9971.22605171539
61879,59422.00001498462
67981,58735.03892316115
134171,61596.1027462229
75376,19689.440330160938
64219,97739.86548245074
2148,94054.50362888743
52371,52337.320124973005
14938,64461.23151762558
54482,24658.664103150295
107962,7891.327869570724
95607,15261.081270492243
920,24877.320631914823
133701,8337.515442804002
139633,97037.90695175581
69421,3589.997169173793
54762,3011.070364765324
124006,12708.31394622696
73045,22181.06191214191
118932,15097.75957474593
94936,2831.4830518344825
38740,121185.6318581583
123482,6480.310893911596
71386,105135.78858768418
43038,35547.84218796381
108888,22773.99043934059
100950,38539.68789669755
1636,2539.959661035756
6874,6264.646096422866
78921,36843.64769428468
122511,11372.433942568365
53330,36305.64810269223
135735,15538.717116006508
97661,133291.06101734712
6262,153623.2311784545
13335,2043.0167506900073
32159,74581.916924503
110342,90285.82345887567
83623,16690.507009569035
79201,4562.104105435926
40157,47146.18003452539
74810,26103.829755889426
18573,8345.988927799566
68556,31102.99576617987
63517,8736.797377132183
25459,20638.00366006484
26600,22072.50158809947
25286,34396.74297188847
48466,8108.206202838675
34128,9400.049367334828
107412,65758.00368476596
43386,171164.50637496336
101524,16256.97376983886
91555,1883.0294474264565
4927,7530.56069563094
34307,83572.2750345337
141585,39527.14159734989
13938,7323.144308180561
82970,23084.7303845312
119190,7465.35502910524
33616,17350.828544827647
12133,10303.48553426785
101214,10269.656079201828
83749,152341.06242180173
134501,23184.393841237314
128496,5707.197087772971
63302,12851.349023335133
19474,105440.81289505455
132500,4058.798611053183
25833,76964.26805158803
111516,9765.04858376114
126511,36827.83879993186
94114,1065.8069899127438
144981,102387.99723308705
143641,13156.144592670575
64880,133195.15059154024
18706,8839.794037580728
137911,1389.7479752961121
137300,18935.422362522677
631,27964.95818900148
51469,18270.10121463526
132223,10556.029225657809
60702,179097.64284211586
17411,24049.84439072339
37735,56550.071173075274
12389,14018.520911925658
119598,37727.881950045514
63902,114924.62964295322
17791,13410.903124392897
36154,302264.09603868576
91370,3065.710926744596
48763,133878.1539937429
87650,54207.09446318982
18125,20252.39609384491
148721,35803.10880274191
119319,7159.882547939812
67880,5528.8624487540765
135125,51746.20072000634
127705,13764.172473111645
80520,8815.577473183586
148064,7601.7419231244285
13987,3291.202061297313
66741,52248.35287215204
19636,13386.177052891224
144747,14563.709309216907
128393,62794.421689444054
115076,110071.74744047454
90284,39651.22155615669
78126,5993.416366367535
61624,59852.36573879003
52687,30464.08544083575
130495,21958.950859469882
110329,10790.487176293238
145750,3544.424378606179
125138,39621.11908075697
109868,42597.48552749134
41419,26272.535176608002
134032,91956.01842902586
111855,71795.51168007887
15640,30323.867105384248
137230,24413.591632089432
75588,4063.7096499722647
37948,76905.6196178219
86331,57379.984329780076
20244,76157.20887339847
30717,35617.24513072176
129300,5385.718773784805
65746,5677.924184632614
16852,54841.85731688916
42666,77757.98225474592
7963,5966.000971478234
97,16250.039771638414
104424,11759.266371492971
95943,21732.480024129723
86267,77548.97577051376
37514,6357.831300092894
144744,5387.31024071599
4288,61894.34791795653
27276,16163.942335508373
73284,47842.314434208
20297,46845.99422741551
94501,13683.89334166867
99660,1905.3041275310195
85828,59062.48234653538
69439,6319.149527528004
69495,60958.78470013975
136993,37668.68326252944
3576,12055.928120187096
88158,25236.04570006486
99853,7864.230550816703
106823,7462.070561113903
54300,10565.634305547148
122795,128260.13378635966
67033,11950.522121079895
28987,234238.83822713082
149614,16562.475537979026
51703,38484.618333346945
75697,23706.311802933164
121280,4482.787063515786
65049,91208.07382536994
28079,36300.00217259406
82633,11235.877154609036
42443,94483.76373658731
63675,27752.251562024263
144741,8105.910496084554
131580,143783.3228953147
131198,8445.905906473046
15261,25617.990360616128
108381,72687.89744047454
103983,38202.26762140076
137890,29005.46145695935
50826,22742.468754136447
105897,53517.36472794999
143491,1245.7469344025087
78809,3314.323635952848
11926,9628.516537250089
12390,7806.317927697919
64712,26669.422883466
64456,235711.1787249879
132443,38496.17631997094
59795,12704.15035525935
73357,58393.67026650171
46466,32504.53104332253
44132,4632.296050050082
3650,27636.863941346488
101871,37064.313631977784
9052,3241.165121547259
149778,6151.258693368305
123809,23135.06962380639
58292,22422.307864626047
37986,14651.257462618481
124589,33730.43918159751
13751,15419.919840669207
13594,57590.77118614153
37671,22498.206156126478
47625,5668.069231262976
111809,35448.10639555599
125656,8651.499291361342
93317,11385.583837706205
107030,12296.740142240586
94587,90821.84644372624
87052,18091.952064285986
40912,18460.43323608251
6809,24226.614576916236
124052,21805.78080898179
4286,2894.6205274181275
114377,11413.68263793347
68612,99828.60821310508
33077,20423.792295203548
57831,25402.96092172592
6611,24132.979621718343
133035,22312.30183784592
148607,104304.67279548864
144469,12396.358733144985
37543,7123.993340785708
8084,10799.705596562711
162,46205.30467206124
86952,8114.069665415154
118530,25780.758836073303
112004,10024.648891778266
22198,15966.496760088705
56579,50579.35061731022
93786,151304.32250709843
6478,12151.45295115599
100412,103723.25326364284
107675,90863.71648278524
140799,64217.90075766772
51523,6399.074458301426
44586,65726.8947391232
1283,132139.80353475263
33628,23358.30323457795
91090,134063.62433462468
80111,28561.686259053655
116505,50235.367856793484
26138,118220.98696348653
144881,58127.302733279415
77480,17384.813069054253
123602,76321.20745251919
91032,5911.974745831495
92539,22098.930247116255
21012,80010.13440810842
93539,1322.2819589183084
36841,17396.55621353595
102839,24545.849636648185
45863,67134.33667955345
13444,73902.10377692062
72798,84446.81244102088
124989,8818.018078719
108810,22450.08637795131
96508,27729.106156804544
30407,4397.512777316524
58405,26298.963869899413
27389,95109.15366779799
131964,13230.665402544802
123463,51634.97105347645
26283,12059.985907843069
39108,44396.37386542029
90264,17575.96426793168
26342,10394.006325368995
93953,29078.491266719826
112893,9028.633498258192
11889,10798.5823852309
55595,6100.347453941997
15285,7424.365187225987
115667,30887.48582026599
126609,4685.225067796536
131520,35077.083338205484
36836,96056.7149005576
36804,7885.542542175808
140337,2604.621409931441
59779,528249.2841364698
30636,22280.572433933885
4088,33757.28563973991
47754,68220.30701981862
111358,12291.56417145232
14735,20419.146117212393
66470,63935.79252660238
81745,41606.160889674866
53286,8432.828421112068
97244,19637.966460594787
119917,7516.6200375102435
67531,35954.036485607605
51126,58316.30852958202
88467,5076.906550798792
91113,36023.49110292639
111723,26056.17000591763
139460,7781.128867048115
52804,2140.6177174490317
78201,5176.255119767546
72980,33533.74301805926
117949,10630.62065342593
27382,9013.15734861059
129058,56613.90546020502
70254,12320.700245295384
62925,185264.92862435765
114527,8179.001144056299
114900,31189.998436116868
54540,9855.669921956192
100916,6763.786979738517
62916,32504.304792391962
87509,79976.95947522766
88486,11173.248438342986
67340,7526.0193035323255
82430,150865.2308126089
107386,36199.981687276544
75279,29807.74435512758
37695,12215.053920219669
103796,58837.9736044146
31979,21582.38892910926
53014,14894.712995078251
39335,76599.9939811858
85906,90673.92392209895
92485,8819.787861834187
124579,8515.783194170865
87661,46515.79854754999
129222,98550.6349036445
88110,14966.855613101281
68366,9136.211951010286
13387,17087.248326610472
93239,122275.99167099565
36244,10340.36067157315
38516,9717.909554834525
107150,4087.7513010433686
15046,15752.534064812404
101274,51317.735330381205
8642,42764.53522813543
61223,28127.006365627305
102178,30001.559987413446
50542,23153.571193582193
117101,8159.661438035508
148096,9249.243332849619
76267,68149.36893085831
35070,10244.650921938068
93737,9229.357513736722
134353,36767.2028094227
99542,47898.166356822854
87794,3716.9620869195405
23620,65936.33887087871
107829,26587.183787105212
85396,7213.467927559441
21053,4279.284125005393
14478,63406.728005613826
26750,160484.37426249002
134266,23934.088085376454
67689,13374.353372328846
79234,8667.369924979828
95777,53874.719935411544
91410,13637.293157576383
61416,7043.7414775818
30348,48616.36267692303
130190,60004.07866089848
43312,7638.349315496185
29769,62265.05158026794
112787,5301.657327167571
2834,18386.147129046716
91590,25310.097508610485
83617,82730.72249153181
21144,114679.92915103739
137393,9554.782470133507
89884,13357.167981342645
47269,2320.244511125127
115240,4407.898688107931
145311,25188.27086368139
1792,31190.124362321534
63771,4048.365152223465
20917,66097.61017524789
70551,173876.3018186076
90475,31141.986243113843
83435,5290.020253326649
136929,2963.7958825868236
39247,17192.837778592933
103159,86771.21144104915
671,5965.66673514229
106111,7474.240123203729
123898,20548.911265702132
78349,22101.70091927696
3233,338010.3521961302
73704,10498.977050131347
147635,34340.27956502313
48370,12839.447409800414
96513,131052.47215416114
66532,58266.507220412546
65654,8253.403056378247
52845,3508.0240987218112
30085,1726.5444469932515
28040,150792.80144504018
67263,16979.176676884577
132464,36541.875672720606
54216,43298.64894169727
93076,33553.57279896448
129729,39598.46568840068
145181,79747.9757560443
45282,11381.923891758257
68875,10519.884348743206
60161,127124.45087530356
105956,79226.85395487484
60864,93872.76588319908
60745,6926.5176952538695
106074,15248.918816959347
97356,77210.96074274884
142448,19421.501973192426
139305,129985.35813402859
38157,165544.41581821602
20978,3018.430703109641
75837,7331.690891763996
7756,66844.82756468587
141403,11009.751939660813
949,8819.01024496654
74779,16981.840006461567
106613,2510.4754387093676
140062,7145.73881501072
14035,4794.398428606299
43418,5186.916769310403
131774,42248.97128177587
142436,4848.05995098364
15854,954.2705710566033
11052,96729.36844843547
128869,2386.9606491266245
35287,48264.430657287936
89691,15032.225986250596
7492,150008.82331326217
56008,20944.56552512816
120055,8328.41560162587
35422,14579.910853303241
1685,20521.615232013177
78789,18376.78293295708
56445,13416.395476955422
46603,121265.50256544405
89261,141769.1396177237
147801,6575.457658378924
139052,19213.22326944699
109326,16407.844410339858
140921,2172.3079387319553
79345,2297.241274913573
77952,8113.67499252062
51510,8116.378697575315
25884,181003.15982786918
111391,9133.372924391351
72184,2053.5227910887393
31043,1908.5322104870395
75128,69998.6779847556
79395,129621.3303264209
68723,24283.423337849174
86417,139357.70452040702
65795,53591.664220903454
142878,1526.6057713561697
107113,20852.458444365722
71340,115886.9943376286
100297,6190.649416000244
45917,131289.11616556812
139451,13917.997160990526
109266,45983.64742060145
53323,5886.160756840024
28240,43166.40950323046
96650,9490.3961234118
95492,6228.336216389114
126441,4551.008298790246
129950,20645.739813100703
85493,29829.151350906162
60564,78959.87702956797
75177,78539.15009163992
8812,118091.44948737726
119013,4664.303814314186
1510,6972.975527770801
41558,4778.968974289432
24555,65411.008677918144
42364,99219.45287773115
43957,8292.496783238243
40003,24232.231044326407
5023,19248.580945898433
108420,65344.11494765915
84055,114254.15817774727
40571,33765.94912849885
32603,18826.051671582412
64075,6036.165795996723
136235,7861.601033344374
91692,19028.636558789723
88517,26040.612378819424
77747,50733.71698719279
75064,87788.75233178171
81122,187750.99200171
2540,5262.183928457813
92903,7939.537179020785
7784,4128.472058110663
103034,21522.113126370925
103287,138796.4567794099
146607,12493.522107284847
137742,103126.62554945544
47173,3408.9848896837757
75214,13077.474172333803
43176,17900.28518307645
139815,17262.607500840324
36939,100283.21486041982
3116,4193.509086857585
149920,35643.07349982785
143214,41959.32659892873
109605,39606.677558691445
45584,16644.454781969987
88314,7551.416824997836
36232,22932.403583371917
57103,43342.228838965435
8494,11814.3442670127
17881,17071.84579163841
66617,50745.65173932201
68248,507570.06840391125
3722,4120.409857738879
50496,30597.148796808782
77090,26502.19378713204
39414,12504.24154049556
147536,29722.01320413445
138406,65717.02019240607
56806,12005.537765750074
25805,8136.676767671259
128092,77704.34635387988
134388,60838.56783968567
27296,112719.22153928349
54271,48808.271921185944
120931,4013.3279882205425
81214,185408.8012577235
127076,82384.23869835825
29294,9761.223753893011
14545,117232.9160387149
84319,4501.079074846014
85263,67821.45847884593
39817,14504.970940148982
31913,49183.637853401386
117847,32555.816697000264
116360,21083.046761333528
14683,13752.367674229696
64985,14252.244504956154
59731,16426.418245717265
67159,4525.454582796702
138818,36398.48252849442
85502,5888.9234259349505
28323,31599.864766125895
70823,8183.738355219379
132457,17586.641613871914
38514,112783.7540116956
29412,2299.8667177504844
2223,33732.12341057538
128878,98252.22339101754
68296,32833.25201467137
66804,94853.56834326233
90339,22122.408977956726
36405,95888.04101043458
119944,75734.04060285824
89192,43556.09818199136
43095,89061.2612025695
9074,19602.60166669093
44367,96400.55831649185
38385,16895.0313708708
82106,19268.519618470207
83564,9529.86928840968
122637,5629.4327774332805
63024,10667.284732547243
40813,132374.68615345392
24732,124935.87716861801
27192,24558.604203909796
82707,7091.493565857769
12786,4945.248578961479
97031,10290.809689304144
74429,53475.09761931745
32889,6889.492360410015
33679,6324.35522704979
47364,2561.4124598848252
41007,15879.903817097738
110352,10849.353300775589
46013,12225.06022641565
21454,25768.515541201967
2582,14970.97370125192
79784,13381.688695886762
40265,3226.313943978786
134095,7262.8703568871815
80458,32120.815908944085
146393,46557.043998197216
146776,53594.79418444944
115597,13196.625154420422
28399,3258.0478234274824
43432,35981.897216124366
15656,5477.693407563089
103327,18973.667723954404
49219,52597.71224036309
68473,46202.74042461237
59759,7393.908167905203
7566,3306.3339876751206
63127,127105.24118377188
37535,5108.152299863753
138021,98406.87605706163
53639,43307.322833761034
109430,19435.974833033797
53092,80139.69372096536
99791,28976.134983820306
81411,2993.5846480290347
47160,85259.18142180034
37119,10576.667885625753
130903,34037.001674265586
125258,30777.230257142517
70433,105731.97589611373
100511,9085.513626197117
87324,8888.212373304626
137481,49599.56642545719
76998,118856.96408422163
82229,91907.97162014243
100547,13458.217684932288
13307,10218.75116295828
50254,24950.4840473564
143763,11359.884845414148
141964,95005.28310079634
118189,19446.228056272586
67053,41860.11331255107
29251,92083.65286035486
71352,19488.511717993882
123343,111138.35042772291
109350,19324.506247248002
70229,37006.435869159875
94047,5651.403350395606
29938,34448.34291092862
91037,15851.601148986827
124667,34474.794496318675
78334,21925.794037640033
18894,55374.660103259564
63352,6193.50171435495
80536,10398.105316615653
1001,31464.489021622565
136647,44154.27192232694
42652,4627.00818417045
123519,18453.7554172291
107197,6109.131603574308
60859,2286.7575294744165
48923,6808.37841028074
6587,7500.942251231485
31517,63750.828154492185
144526,80330.02463504963
35946,6066.666203538517
58964,2115.77772031481
63472,6943.391626773087
39773,5615.451067681329
31473,6715.7091166602595
124505,46701.308440546876
119260,13174.153026139562
52952,128879.84268008724
101124,8202.02888836265
75726,21740.726474402396
103313,26939.585866281795
122056,40011.18870280225
47966,34236.856696837785
66974,56954.07290658095
71629,13415.58894795172
803,2722.1610159775323
143187,7733.956659524191
7936,10299.970874624423
141269,4905.205565388862
50104,29936.589044625503
112134,42673.25811308832
111977,2084.6237401828457
67625,42537.33844147802
56470,19617.79806063642
18314,58677.110230384744
137200,47413.6725217478
61057,67946.66239346722
33829,44840.12808914733
102919,10319.68840559935
34301,2251.3548444251123
140320,1480.9083713388422
133581,13229.047976449647
28855,101957.41436277136
147372,19678.699636104182
9814,5792.945526625691
44104,4003.324507618627
131894,1459.6186542244905
81767,31493.70784848223
126114,26149.121385343067
50738,45443.7240661472
147730,82872.45953330175
61029,122410.3935345604
76788,37259.030080370736
103649,93020.85201793181
83279,69446.21671317398
91915,33555.795011302565
76442,17635.30659423393
57690,18750.496441502553
94712,37611.35659557211
143084,4310.286415118385
82825,35334.28649908
69104,75040.99748519926
63311,92610.54778125432
134198,8581.963550482938
120984,25307.817850477597
7130,10578.808437847492
72825,100118.22030079878
62947,5018.225625645385
50216,1553.4108834169451
101458,56853.13730145943
107936,135133.50978167835
28177,32859.766509706526
39853,20606.15887606279
94488,5782.545913026788
86349,11574.649348314219
54975,18454.817142591688
138255,29742.80446985379
55436,25173.76844518561
79902,12984.341349287024
116861,8336.807270631221
84429,7984.379553618951
45309,75692.59367438566
51468,14094.560566474447
144324,110074.47327055589
143452,42266.906610995204
20054,224407.04525489832
102734,28413.862422880382
11154,18959.956940284334
2648,11399.877904880677
81839,52701.54281120526
143419,13940.597215129097
62399,117734.91189711957
98958,11995.300520745832
34211,8529.041041821838
134307,919.8651804771728
7025,92925.70278106832
80695,14857.838849593503
28645,33191.770603261386
97314,13307.42604818621
2556,137709.70185306703
2911,94351.75474302444
117570,32024.615490935117
93074,1912.6323306019099
108042,6067.6308094168535
50897,9396.98465608735
82877,55770.736311218665
4976,51003.13928138638
16308,39787.43282732148
26817,12655.10426948531
38870,6494.616776262696
64238,12262.710692583822
119544,8533.119881613282
44017,14981.760648310872
16585,1605.1704233597816
103309,5325.779546362795
11493,103488.43564653082
109614,11452.21345702466
128983,19829.405595826305
7814,33629.92017152489
40958,22056.085677816438
79415,23906.81561889235
145868,51267.957407409165
95228,6481.829615768658
121341,38431.84437136198
86360,10400.490894786046
48208,36615.72263139601
44911,64029.34429213519
12557,19442.421416612266
24049,3796.8407762481615
8900,5259.228707085241
89904,88984.91295522693
7751,10609.75886708479
127061,37326.047528397554
143311,15256.403879863185
122037,24592.44583882815
108612,7939.829258290036
106876,24463.368531702916
86647,34455.30395985762
67086,10044.847754851242
145276,7673.399274489389
84368,44676.19898967656
6072,27949.468871265308
108412,11232.515220936046
113517,128557.54350365016
138696,59888.310005479856
94223,6263.79978220276
130198,9544.579056166618
133959,26557.14943733559
16548,64993.8158833029
129225,1340.1929236381884
99814,8589.33110889978
18013,44789.97183638085
50195,11532.513907248504
16353,89191.8248297628
120974,16910.54570630223
79500,6148.670708059371
63482,8316.005296811067
21671,58593.441988843384
51298,2161.890214890333
13747,27073.68853904834
51462,12615.727916618967
62694,30498.080354345115
104312,42824.842833926275
128744,15682.825748313651
122129,22783.35883146858
103925,4961.7290661309435
146983,137478.29773427948
76160,22002.027399236686
33073,61019.26073999939
139210,59898.978903892836
59783,18820.81831462614
97373,24758.132520833697
93085,10792.08638807697
3420,4687.652292289425
98526,22515.583871786584
53882,19522.002243411473
110877,17773.70052709202
68496,79494.45294615526
39352,7953.215485058188
144951,4804.1936469515595
79834,3461.5688060460625
110925,101051.07874898297
118132,11027.568654014189
114674,93488.01275636116
93795,60475.90620956401
111141,5889.695986353852
57872,54383.53644275805
8757,75925.1326661832
144820,29831.169588286128
13460,12029.463252608979
78303,16039.775138363193
12300,44605.459370375625
69684,19932.913909988605
118553,54609.619448822195
40286,11240.215654136477
91714,15849.739050109241
59472,7837.687444707815
7505,5064.532851691492
99980,49943.45272063161
54280,120070.99003829072
31602,61319.32011849353
9119,46981.48387661464
100735,13688.053301639618
83180,24867.65954585784
43497,62141.73932474313
76381,2347.39255592292
111925,5382.684480445212
56631,29646.10335749599
81980,7543.288712683717
10284,125234.29014448292
11719,150290.12750276702
131376,12342.257270909931
49215,111423.7365625946
130551,44218.02485364035
52672,27008.70251419177
1621,11767.232738163006
80133,131471.1646525899
146887,26786.490401659947
75578,28878.953388026523
14915,37439.20957713703
140412,1286.8129472095195
102990,29452.386733207888
125059,32269.014273322624
17991,3899.7415683009076
31368,142710.49509294378
74883,87224.94625118116
67648,7114.1143666502285
34991,8566.683007022166
134922,60815.102289296636
122255,3033.966093292428
57542,227122.53911148192
123892,1484.7262282554445
40701,16897.97632082288
11751,7977.722104108856
104639,75912.19727763742
119545,64427.03754410098
95274,164140.6178719138
90567,45323.29134783098
113358,26698.304748057933
45901,12670.122105751137
140079,22926.472776209976
1809,12210.094977173754
93521,14480.741547819114
98982,14067.705880024878
90308,29774.975166002285
124404,5691.825249404879
77021,12837.427471723386
73796,51677.015273898825
29479,2302.5186868630817
117150,7617.7171727950745
90821,11738.09639539745
9793,19428.567667141713
13758,9342.527369136445
92986,7259.294147768252
966,1102.8217702501306
107062,17479.54136508827
57078,89541.76670514062
92966,92548.11752905023
17332,21286.95121065089
120226,5676.74845891842
36579,103466.28947546898
149895,5029.815385763192
70828,63797.096851912065
4975,106329.5288868582
17309,19150.553281207598
42314,21825.725396962396
134963,36158.028194988365
131622,26219.50587698186
9497,21379.555413957496
144370,30959.448755259327
28556,16721.38359553915
133205,60594.54584314851
91157,97499.25071218089
25709,11970.553130958031
75772,38188.57750505068
36227,8077.938170805757
54818,17483.55228478357
149151,3153.0602178642657
120219,56718.64332240494
125484,24448.58431729987
30590,14459.599657855648
120599,40829.003808054964
12469,3464.3069863905894
90289,27622.809663274293
90864,45074.28736196576
121630,51946.501370808095
2371,20872.772789775485
104800,32340.47960475729
92370,4032.426532994442
104782,6376.418586885883
68147,8940.860405773397
146514,5817.828502253571
83940,5320.298573297588
64377,5578.794862118952
140297,179815.68319903026
124991,14150.805306255945
137578,32321.787394084327
111427,15327.36196205158
112600,40948.406426956746
94314,5900.936914536535
102322,22589.66036710578
79115,32135.690739827864
149495,86491.30690399041
22728,3303.0378198812095
62047,12869.047244682668
918,22752.24075680642
32477,77623.55358441327
28147,4156.56783821876
144031,3174.47555603374
79211,100082.84659942526
80792,30276.817282305354
121866,17387.69547691358
62424,8852.950067132762
102120,156806.45939916646
99021,9130.647274431843
111761,8322.80054792614
108493,24330.336594093715
80689,7697.973390715412
80337,163902.31578332974
92390,30759.016224768297
3639,36307.69010814343
78162,75194.99535060444
104673,13587.797407977825
73822,6173.814857172717
108101,12322.067219691762
126735,212744.19129961953
34518,107040.5136724515
100778,83162.55098137411
120070,31765.043752285826
71525,11504.189758486356
106956,5186.7182175962635
100594,777.2364053119087
66207,11351.056014748889
99711,30642.330123558702
80228,5971.257698182877
104225,2580.397799659078
13519,15584.10251747963
10936,119730.31611454362
44247,38786.83978283482
29324,7061.0057928432225
108479,34148.885983020285
121764,4933.125218080847
135762,69045.70765776516
10696,56458.35940184993
34811,38760.96402213935
133290,7927.29606308305
130416,49359.88883349522
131900,144278.67820666928
67572,7867.618349033541
14291,4967.601084350597
22979,77412.0803878635
123621,24873.175176780132
101171,61545.37161188615
38781,9837.38684178782
65150,183923.78647215394
66774,20600.132987233334
27247,2220.5772666198814
76580,3692.731506231943
138141,17646.218475997604
89384,8922.467927074778
48084,9606.859158535308
79325,13371.902227654655
118245,18762.52214062651
6568,4122.678349059962
109791,9784.452021194214
37734,286815.8513088527
98440,1075.4672632351978
10967,60635.83593735495
122610,904.7827567440085
95213,7676.736155097259
40496,100882.94278046775
149640,89659.19317695983
89433,7292.59907151022
133481,37623.166762948305
762,68621.50425565912
57942,52408.26300658354
93801,105836.23188143235
40747,38208.11183464829
85459,3463.2179087465556
72065,7391.026067758689
106990,26971.55840381773
37393,20806.82835175747
8882,52406.00124550983
48374,55307.58960607511
12941,2370.0159448135814
67084,7344.05236095367
26680,104832.84005576937
58278,54945.02681989346
124320,53806.73038285238
61058,22889.702373824242
26953,40843.889630883576
23558,18933.615540110244
86746,21781.7482934334
68851,16645.661414790808
99194,78378.1536394716
26215,33419.985346088215
26015,27276.62849371421
100898,46161.25005221195
128087,42004.5902976894
12386,26641.502460044416
115780,39785.04923092017
14277,19780.855000437135
146190,5548.234650976834
133181,46018.09962399787
7686,14206.688096307196
74170,8177.368131157713
84262,8206.367618466938
10098,3726.662890958666
26269,7176.084519357341
69065,11988.284489993202
126133,73612.02923828302
146193,110867.76712504905
109425,106808.71186082475
124136,82617.32687967636
61311,62118.09621657437
110430,7562.735716395422
142544,27265.7572304221
125955,70236.7473152203
6439,11393.439657382512
138715,36764.90594351923
36398,74562.61500862478
70,3481.5753383056767
44790,13487.202498519293
35169,9028.88002745449
35547,50635.94996287017
17319,66799.09221407867
57354,5540.870286664711
41041,24233.516957445045
91268,5853.617847258953
128517,5534.686439786634
35904,3355.9469284761676
15398,16811.309929454754
96950,7993.3876583706
129678,13917.201472678702
48641,22305.63230174239
38541,1152.5450949087615
78882,94704.00236883904
34375,67488.16243199218
50128,21677.622391214096
103489,46187.91489394842
28699,181892.67872941203
80808,5580.036914489558
46335,114186.58384098737
112311,12191.277251130292
105991,35170.94533373196
2304,17764.763057402793
103256,55143.15639157682
86968,36706.624171175514
4869,35215.92219732034
81155,77382.14347434882
109159,12785.042104186015
142557,35979.077159634435
111144,4735.6881012316735
22530,14157.846732511063
142920,46725.73335764293
70735,6945.609568881962
84963,4335.196511968721
112835,24277.735241935745
100493,60393.99928540877
2699,133596.0640257685
39260,18701.02410627414
63078,108208.65890299862
18321,7509.294092947034
57727,8189.392299320078
102060,97435.11119560583
115966,22606.579259853574
92955,117355.69923946935
95445,5174.414415033625
22552,60410.39831839575
81165,5135.084693078643
49287,93491.87385826316
126683,16344.24115369723
29133,113508.44851284899
102749,107637.97827304405
80192,164074.23422055735
70822,39222.2163282479
85338,6526.189579686147
9145,176963.06206501697
7341,18944.89893778169
107380,158627.8190565747
101852,23628.963200457383
85683,22411.820330354407
5408,2678.2505527674957
38053,50311.69578106012
70940,11919.87792325605
12373,51960.89634859409
356,5154.245399805691
85604,7897.264564011077
55064,14705.78573906958
18357,77574.23207833292
37395,33925.032378578704
12917,16235.633510462532
112464,1465.909609330572
123408,10006.682324719648
29345,282450.3900920133
9293,9202.309920520456
59214,61223.49739376892
75935,7887.369087460452
113951,3891.8944678367634
22667,112727.21956761891
78331,188595.21711986174
114752,2296.1183875207043
101455,26540.52426255951
17189,12347.536306102587
50437,7183.632824645346
35814,41831.895054427754
23349,33952.266112446596
64036,41178.40784093366
79544,36218.09302577993
66647,9673.884019445039
140143,15157.054644650943
138769,95840.92529367818
147470,2561.877142455613
104314,167445.80714218895
148171,48161.94954757801
114832,14392.298835192127
124296,69380.85141393406
12932,6196.936610213095
75088,9568.640509120904
83102,32274.792756361872
131582,16695.93598414125
75085,98248.48636047187
45967,29012.514204024796
104942,23913.424978492487
119242,47325.36918039612
25084,56969.18243363756
22899,23181.400389901268
116841,9203.154962179007
131112,1153.1602231154545
104014,14822.107954671375
21404,23408.406683773883
53404,135044.4438519679
28472,60084.64387173579
77134,26145.59376476891
29669,13096.758119459271
81027,17921.433113341667
145786,17607.128175695485
25807,751.8043804864699
51572,130306.67602836147
71074,18516.154638718486
63509,7179.500328352033
122416,35496.91299034403
197,3983.381700110925
111007,26730.435039304168
65101,12972.910401794654
104016,24821.204076637197
105551,130353.21631485394
38658,169320.99424671126
147893,51946.04476950424
88695,6272.757906014578
43293,28945.52880388549
55139,11451.414721644363
108237,77538.69635287236
138933,18987.59857268324
5252,35995.290412214825
84332,15738.280828687482
140296,9168.642023227663
130183,9118.435601054729
136236,109183.95889082337
80731,32735.97567720862
83166,58089.91009550521
10508,67082.75929233033
88600,121975.81204746132
62907,8675.115781147819
142365,37798.75698003817
98898,17532.34897709258
4458,4932.7090936221175
115009,13041.305470266983
72321,14261.837696028782
143514,34776.43070000084
132986,28304.4652284131
12896,49050.45255406267
101858,25781.133550349292
105289,7495.639379085658
35627,45659.72233780077
128114,39736.129723966296
116084,32347.62813512474
119134,8330.079469882292
50543,13543.748841356846
98608,26581.155966587263
128974,11117.07282106166
140003,130832.85752156333
88491,28987.467420960802
35589,6218.507582083481
138972,128352.73250201123
132852,5235.531759884452
65784,19008.807076859193
9343,24651.360987662338
144643,5775.146527420187
70045,25699.69687346829
30643,16233.57533701524
143249,16802.39816556939
52603,9369.74506833342
79167,2453.4874437663984
76714,29674.93922312421
621,53301.12813463443
78624,155500.93522406212
26262,167888.7429949114
6453,118605.19205378712
148979,26092.528016584743
145336,4991.7767165137875
23947,30029.608143431356
120193,16571.85300343654
140523,21967.25354287563
123001,25674.295825329868
65191,12860.431600752574
108291,2917.0737680166003
79763,38067.85575647852
119904,16000.093925347273
40834,156211.4187221253
47837,24283.49985381698
104383,21297.358176087033
6642,33581.53433415095
85456,11395.025737364773
2462,103694.4513415406
129476,10282.37226012971
147124,79047.05081091588
52103,1683.8306872655041
58332,7614.064043640783
19461,32972.48884644477
91792,28186.19201306197
135812,60606.845280438356
84620,9364.407947682519
80145,8755.668190454024
118148,6676.6463423242685
56768,63018.65950012356
121484,8523.130677338238
36993,32491.12074258495
5414,144805.3955581228
69071,12012.920624150736
128145,6268.42289168191
132260,151961.03905797028
119085,61667.58843312934
43992,10244.093266828695
100629,63843.303744801
99416,11568.126604143414
141013,155273.28873040064
125392,4002.577955121819
38682,3199.656118873704
99812,8724.435988439953
109154,21474.77435941934
101233,19225.550769415004
53511,17443.7440335526
135011,22172.313373315694
67553,27866.147516600668
126450,32235.076258326626
93881,23621.17237277253
111345,12986.870463184043
6773,9699.13925627652
57853,25163.78105704417
85182,30648.513905177733
52653,25993.595042203575
118485,55600.50395793737
78944,50221.48312840733
4041,35174.07253850158
31079,25544.146950680413
127104,52807.6378567159
34800,12071.427649887553
147133,35973.08618707372
31888,11039.271229407139
98080,12603.697925743983
110181,6855.17969107458
97077,107342.01277379815
68478,11864.214683412252
107257,17087.24414910956
58769,11229.684620713924
31734,3176.908261758728
110554,31486.920027669614
134939,7369.780097487504
134921,12418.140311812018
42066,4622.830177386621
25071,6688.3442263027355
91400,60119.663664528256
76529,3046.2276725985976
50786,64242.47197141681
13401,9316.84447721005
65986,202301.04503738985
32566,19775.902225044763
59065,17271.375505071268
49291,8185.008788213948
36111,1319.5015326808225
122401,20016.33316629677
79206,4000.598544511353
50353,5884.979806743032
17476,4166.655483564749
63456,28052.079691702096
113370,6009.278953018571
93031,31867.233013908208
42766,57268.364247862904
98212,44028.805738798066
80165,17172.90702382787
76261,49758.99028893945
68312,5763.850265100373
10875,8528.936379856717
131413,43234.26242253648
88745,51915.90232423721
133688,21923.635195967086
139541,15146.874476586465
51262,2143.0814066880876
26098,40897.38830773065
8534,25802.807015618004
93621,28036.694540412132
46978,27308.792469476964
4028,16991.151051324694
22152,20153.743322954993
47883,53169.6794086648
129752,21360.758054647158
148983,6303.315554379056
21739,29413.795321127625
126781,55612.46780510807
140791,51508.82443566341
70281,7608.838131108418
119718,65005.32289975544
114750,7399.528703792959
68964,32304.37167766247
140889,8123.582456361842
116288,11373.605931831606
7745,62604.539774328354
121339,71470.10137381172
896,18252.532071829548
81977,15293.517524156257
98698,20326.254969839654
63742,9683.78054276061
65114,4858.507315931037
15966,1934.2319398565874
139920,683.2853365596866
52576,8942.064528590592
71589,18023.079325013627
103998,29958.686703896074
115269,10005.00163569844
97973,10030.66648228876
24826,871.0323295245408
134713,6070.05518571914
47295,4880.9178679832885
99852,33279.23750653997
102077,65696.15381595358
43285,17004.01472755357
147245,8259.068430650375
122000,8179.326335217439
148356,3950.8430753060975
116778,35798.01868747249
135473,2451.511348959371
57461,35634.1706399372
29831,13768.80522307886
46299,6809.136994673205
140423,30613.23947396659
35765,2573.779136718492
93174,4710.932741380391
124822,45680.85443545102
121054,70762.965686469
54404,25306.181717040185
23983,3216.1561587442593
22055,12185.326468966858
76831,120841.91301704562
82479,125981.23452232417
86148,10476.097520154979
22413,42462.672957424074
77494,32479.87577244411
7311,102292.50446756823
124707,12668.503378025845
29870,101683.15555000068
11165,15515.16121799438
71936,5905.613794920872
111439,117757.9928470827
135647,129338.25112782005
133093,1891.26501676425
6395,6554.844131168128
30808,22744.71600224405
17078,67657.5788214213
50904,85585.76653523983
75796,30836.80329902801
111500,43365.699671733004
107920,4987.251810376305
11474,106033.97985204025
141668,14801.689343822141
91271,1872.95394567107
99554,16351.456414475815
110135,5471.79867598709
101993,2121.1052781871063
16596,3854.0376538657993
37294,31366.30710315232
84731,15085.366463224724
78228,120206.63195702565
103580,21774.29948873722
35966,27490.85339675165
29310,2882.5059074736455
148661,16177.087870009884
26328,10372.256910414966
84553,90975.64172256461
18508,579.4500939916394
78156,53588.15125469212
3333,38772.52217117528
89037,19992.644830970406
119471,57203.76003759199
11820,8886.533960311672
67305,122562.54831979828
97267,20633.195615456098
139235,28222.887731867744
58412,58996.75083785694
148314,10108.500014518497
68842,47833.75956236325
141045,14038.449711788604
55150,22588.494018116264
137283,16668.471516713
5458,165481.14152649953
112234,40430.81816843684
24549,112721.39363965132
16288,66753.4052302751
119289,32467.44942549451
116006,11609.262067341195
68536,7890.229634206074
37169,10674.987788242981
47217,6471.472970622548
91745,17543.574498264486
58425,3074.2783318371257
122054,45602.73508612118
6162,2804.916610297014
69887,11236.65571808075
37370,19656.622646524083
1836,8591.197112933172
68109,30937.529550679126
63736,28784.012759573387
10965,59225.87942688819
139443,224352.8092464791
73931,20924.99723504228
20217,32549.48210011323
149818,99954.95742865137
16167,1179.9761762865533
92557,489849.2020715889
29242,59971.86025652973
129788,24294.618721717317
14373,17228.416708941048
77053,51384.47038068937
104581,42064.30113993949
45014,2214.312483430354
62159,93463.55326941865
45605,5074.521652938155
62198,23002.65861252208
122977,11259.639963030173
63561,5686.893305057537
8109,12081.4052550248
144100,19220.187410654427
35928,17070.87861876892
134622,21311.94456512123
21100,46983.64259629509
111818,479453.1613139726
66446,24060.82993822714
114065,26508.219894290123
131923,11128.135780645425
132440,95815.52751055542
17014,29449.82461703466
79214,65043.05437147421
61599,54344.86227386448
9718,91541.09461453697
53700,3538.120142139006
112904,1910.2369621931534
78392,7786.663689134357
113522,7940.375432548737
35591,4990.797126424427
78575,22544.09318044837
47939,22960.401465248407
67282,7459.393939580699
69687,13536.26049204592
96602,126290.73165422381
120883,149802.1635408358
69283,37511.36244522766
39861,63817.730897738846
134296,37889.243776122865
4620,40563.99515800618
107058,12088.438518558522
93727,3382.424566751328
14461,12779.865114781494
19875,4493.633869852677
72101,9597.489905119994
82535,14804.927543085692
138324,229143.62907887352
126036,8723.869787258034
49479,49765.74749976851
34743,37066.513396043156
141634,10082.108850789577
106152,27322.522882657297
5177,56152.58606461104
143330,83052.49420730639
70927,82878.58449636647
79249,61723.69937986913
83245,17700.75420289027
72583,27293.78348608061
51576,18111.129653424126
118079,257532.95380968135
15983,1092.6380740592008
3437,20122.106274762165
69043,42640.705471032525
4683,56729.834618340305
38542,43800.0033759115
11551,9290.36787581045
97787,41090.211937688095
30733,10105.385533956614
59556,79498.60860644339
104006,4513.023985881656
121434,34935.468993099756
8543,4221.405771326319
115230,16044.686692959043
48690,50843.36954476141
9139,23363.75983874494
106352,47058.76074806764
97132,174980.66369374847
10079,13404.70430686454
22244,83859.17758196051
54869,9936.993003754636
25112,2336.629016283806
128633,10786.547486075553
95615,10337.609444752483
75152,85797.16002346131
641,14533.135863479185
103157,31911.847643787147
50990,44765.674609759146
93416,35213.87422330225
149013,20955.751509416612
74964,95256.45868463212
131075,99177.5250959871
85541,5177.628308372423
74824,5909.260671106593
117513,57154.61496037642
107206,5093.633826831938
125851,218445.14838581215
7388,43343.81933572892
56777,10920.505948714652
119042,3077.2813079597786
76897,79530.39092356915
38703,49290.28661979636
75094,41201.36943082031
52133,11813.771572222791
144995,71193.55799953688
10324,5856.311809755211
13087,108716.33659750194
100194,168144.6254611289
1933,42078.08599657932
56168,44386.72167578265
120608,44957.25811651001
123555,1642.6593315286573
148160,50930.98996979374
19723,4198.585890037983
21814,23772.225932883706
119410,70373.69859998517
125635,17116.695718729654
130477,28978.54293156306
49184,109614.81471354277
42074,28727.86215881359
138012,1309.5326454813562
68652,10248.031736009629
107690,11251.134408781814
21910,54489.20524500547
34157,26839.96330021839
45322,24962.324724809667
46257,12061.823700699926
88297,79873.62537151972
44118,48053.00118636804
65669,124167.24068607479
116878,3769.0571486517465
3074,3090.962970088311
72142,50702.29838721673
114190,28023.163429858814
49551,2988.4272973161724
29267,39797.481029329414
22798,3345.120106561023
112971,14744.41957331486
36453,39596.97111146383
25820,19502.061595504405
98854,28625.417332658773
75571,29402.80706667638
21210,9696.459702057102
52010,135138.89728481075
74120,1508.8555013691443
72860,14224.043017738897
75237,176129.14090320593
95935,4145.30918192844
77220,4475.178974260336
13285,14428.627363680076
105481,10456.017902548476
119067,10589.057976928574
69084,37152.151789498625
148468,11708.166617514215
125313,4956.481732080984
133881,2429.983747157611
103015,93664.17889469923
126821,17280.989595022354
1310,17925.528061170684
115162,29773.827577754193
124521,52080.38434997809
35003,1438.8315212555792
8621,4540.158008445016
2430,6600.643969404682
70679,52920.74614749596
95234,71879.46166911525
1742,8829.620956708863
137693,1495.395333934824
53086,37847.85811308607
97491,8426.42871555107
52575,53624.236806999594
129819,64058.95335667598
127271,23354.701364225934
4332,26292.21376015848
127693,27378.17873143342
70890,20164.882489635955
93534,27149.92255602186
130651,10857.985538998899
46440,17800.48477464616
116575,22462.29617259538
47752,46055.663657374214
37716,93884.07589000984
74639,116339.82970868457
19564,95039.5099217376
114353,2968.009809604083
132748,13151.728024195405
75511,83997.78137145514
72246,45563.32976677755
117669,31844.327975676642
30227,8166.021171049556
42469,69011.71419490648
14771,21075.83764961109
143574,47700.64696310876
116665,49652.9941314418
72017,7966.932691873428
90094,17382.606156741545
46778,4104.16953723866
90080,2936.9311518386558
71707,10809.318918563666
79331,73059.32517109516
140486,6832.75791329362
56753,14241.512096343087
11566,85652.05663035852
111250,25091.001737582443
25447,8134.915692262355
40652,37097.86212667521
12479,114140.702035018
128302,147664.00766739907
47051,15945.146745133727
101638,9016.535955206484
116681,10327.389709621402
119325,70475.45830320843
110504,7661.714019116583
10578,18221.130402034243
847,8957.652511048862
8502,38058.81405434908
138976,4471.651210753936
108958,18494.345797534254
132220,237941.78774936142
128188,11926.867672603581
91667,24283.593117603614
38629,11013.287723940104
13879,33555.65983323081
60531,74873.23460863688
99423,19014.136337635762
60801,173156.78555682325
56882,22902.920476595
96603,86038.51500722917
110406,3281.593003874381
113494,10509.048477481545
24367,7829.3588253845965
103414,2749.969026092478
52668,77255.37303075202
43550,14808.210012515818
15028,30705.49409548704
3687,17695.07716466939
139553,24048.45625013735
125540,39834.48390694831
20943,18999.234610664058
141284,38776.173532583125
29668,2703.1121598446953
115464,55562.437437259825
36474,30640.217188081828
3133,18314.339392936126
109539,53437.64650334059
49953,16085.320026384663
148051,8289.070782852614
140735,6824.007629120984
96483,96426.91792346585
143106,39950.475406165235
20330,2635.879494859198
84862,39328.07044827058
50120,34790.00930521612
1167,12603.499889700995
32424,20210.546874124564
50174,5180.902522013737
89579,37181.330404552435
111788,33014.450704619165
105379,10022.38449996238
108768,7591.201814781737
1296,3876.5904226969124
143877,20397.572045627785
23394,4731.930943254919
97206,17214.967075588
58414,12143.649786603934
21111,31585.14905546037
132783,13258.009296905797
43107,50341.964492523046
115492,11295.52476865863
38082,9161.336144666542
85641,89041.33878315781
45920,1829.9108206412313
116146,8528.726614296902
106372,10270.21559556684
107921,48359.015764111275
28068,24988.354006854643
65427,15426.548305395878
58740,6161.613055633747
8469,2129.876808209559
62924,117364.12912175425
129221,28763.359190144056
142883,3785.0769671138796
731,15396.426662370972
5431,66368.82014196449
36526,14444.486235299888
119267,107509.03501086362
52476,24862.594951898536
73825,61817.075435123086
7906,16647.155907762004
71835,23254.606172468168
102772,6551.3635727426345
103547,6279.916666221187
135220,13313.514694477652
108735,14184.720938723218
63230,32292.897733909405
132977,29566.21461185676
67855,34728.258620102664
6000,24141.773103215208
10701,49384.08488569335
30288,26852.392521218393
46484,37372.71597473888
29604,19057.85401384211
83725,41528.0952605112
145566,1456.3663394976745
73286,65535.34839281293
51610,12107.856689179165
3123,5348.413114490186
53395,117009.45505602205
98983,11497.656676308878
103943,2770.6179472863637
89013,22376.483959583304
143059,205840.85006941896
26274,10705.317852437256
136109,12899.718478167068
115654,57394.44762054493
19793,9389.017583409066
92361,7054.994770043573
144327,13991.293398588361
138584,127967.41918097393
65313,4402.774162876618
46956,16286.067233020884
57186,30003.718325754005
73124,94517.17820705385
122878,33038.94136654415
132711,26224.00532566575
102558,41285.75738221466
53554,3051.8372225268336
131627,50601.08506760259
60673,1397.6734520259938
108825,34878.481788299796
15191,43143.04875434239
112574,122531.8442958306
147491,170834.92520727045
111535,87642.46363410218
124069,8250.868080022337
82455,8101.135040215161
1918,40631.27138191617
70956,53076.2474308513
116694,79092.74843065471
116776,99321.14938459411
15003,233293.158306889
27362,49245.80997001132
93541,74292.22763451908
22361,19916.884195492996
15733,3497.7261982344207
55432,251231.87692003304
29244,8195.202442656253
21862,60657.01260761476
39716,3078.178101906393
27937,3141.7781504058353
63244,25734.750804361833
1256,7561.034462967627
113983,115076.83236998461
4811,6596.990682337145
62915,23962.66549162502
63943,26960.091948651287
35930,59942.74982771083
104660,10278.261289407683
81936,2381.582898022276
25402,2755.964570037798
67210,14188.09232516788
105120,48413.961719131585
26318,40784.872414929196
3179,63564.887470545174
47751,28630.92957167906
117174,7186.034627575049
123590,20801.000233537514
69982,37476.48043705591
145598,18145.444125360187
24898,116829.46137138338
60970,16756.569029713417
67101,26487.732875797028
65388,23719.579294396626
27417,90901.644039924
86584,21724.042950989835
17889,100349.41125482034
113432,3844.941887848569
146162,4197.740808247369
101303,10053.926069437268
41592,26575.74123174473
71019,50150.77570184785
53823,20454.94237339802
71970,7741.515012920958
113639,1776.624838476861
67405,12826.586577775854
73062,28228.84301683627
56399,102414.86804739878
16786,51849.496437908994
31442,4199.855843050999
88171,36360.23000316299
114279,22746.713487539262
5773,3357.4241131314616
87084,49547.35615969577
54512,5566.898123630194
77166,3196.1782573464716
22001,32864.66319621318
20207,49460.231231683974
113458,8378.308285904737
138386,3437.9459553381917
138126,7640.540106139486
100797,13373.407915370699
20795,162101.44734770764
136450,66512.96311223981
90425,25302.785514026964
145865,17416.993195678
88274,3475.5013609310417
50847,21217.944969642485
100914,10776.748250408347
11094,17402.360812825176
110680,53030.30900260125
49408,6631.165531570442
13372,3844.63196746011
149316,3138.978766236596
124559,58723.531219523175
146785,145148.18367490883
62016,26664.33687739153
96107,9391.509568093305
107210,33353.33009096014
113107,4083.208476374092
77847,14268.54460833108
114386,2707.7366516039924
149516,4625.855681278192
76627,43014.89479904932
131234,3267.7726985922877
149434,8095.597727467982
13794,79203.37761855932
108622,14192.229549653677
123475,11739.656432644886
87003,36885.340799514524
108651,9846.18240901337
42496,6881.143453517834
85475,17439.141043444786
107175,72469.02099144623
35531,140363.27149185745
21364,21297.759747410313
98655,33127.90045612299
31102,26464.470907466894
44388,64979.414735116596
102277,32242.354012239146
73065,74856.31454635882
51340,1877.39806462236
112961,12982.434175740334
20808,44588.69602307806
61431,12582.848304246332
32473,179770.69026061366
8814,236080.3042559745
62856,10183.247769463842
27796,115625.12032744277
109527,8071.330854566555
53242,19586.35617612317
68625,32729.508431190792
56360,62950.127277194035
17537,2829.6509601553817
82462,6376.997735092133
56436,5532.321291006912
7548,12070.060176581212
99673,34858.91298689442
110816,18660.770201670515
69967,1523.794871594147
53212,9994.794660060083
44249,24215.305293049776
7299,23232.892483013362
47019,36211.19742272953
38264,9647.974500348748
80595,25790.781410166066
36250,53998.862045324015
52792,16096.047419666902
110245,24142.111257398727
113471,22282.7197001767
137127,17492.963346010114
76147,121569.18589631634
96691,14149.931828483874
123814,27774.09714415489
116707,15969.61110994176
84961,4968.449192933609
17076,70518.50906599151
13085,52382.470023815455
132794,4595.614372288495
97768,36420.58637999927
25412,11103.08609987208
114548,23342.995096980925
70452,53735.48083069103
92089,10328.761989385745
94572,24862.43969303288
146065,3489.2851764882944
33564,16226.912825949006
55847,23714.34174948887
21698,22406.895582792145
84158,44065.42799676978
106513,5602.815246891074
41274,214354.41214412465
94483,991.0066001166197
142383,45417.869363949656
93620,43628.02082955855
120916,46827.874424303256
58840,17167.166639026516
119836,8632.199157184437
71706,86757.77536990998
138333,74418.81335589768
86762,12913.944387022544
86504,5896.3841180399595
73393,14861.343659843436
136817,3462.190204001524
67827,7576.915719162983
102822,154957.917013151
124016,12058.812854608077
9552,40928.226130689305
5507,4973.583611631697
20892,24755.97618270779
120569,9663.95057565096
33697,52136.66287808429
3129,45171.10509873807
70076,382687.27646544995
138298,24732.007099565464
18797,6501.115851144197
13533,55177.87822583351
105456,14973.065550036217
93841,4840.429200515153
70043,17357.746030329763
62039,7756.521000689348
41945,10456.623919977223
60337,8997.31234882572
21674,3166.7736810489287
42004,2868.2611738333217
30051,59243.358174192275
98860,41277.12916107795
38107,4479.768743403375
76556,5753.167472673536
133656,8824.761464110954
88346,52057.3803765061
15578,13079.009457757518
71653,8847.716613949431
86184,5751.577155749577
48803,73886.56986956269
134334,5038.4793419106145
72666,48337.34694094996
86530,139741.9551027168
67355,11913.995022466534
77759,39382.79315492604
77523,100143.03485606029
60548,27039.682918963135
86019,5493.289114488468
10994,14218.988685755447
28502,5369.045780941219
93805,2785.475753574062
10038,28211.20885460476
68476,23147.256816071582
117806,65287.09122793812
57433,12000.763450591603
71563,120954.98315106067
148213,29303.562067037383
161,20986.570403410264
46128,129924.30900514743
144071,25565.51123074883
76248,108709.00398182592
63741,10399.965911023086
113737,5476.910501225874
44775,50681.37222186755
143742,7552.9156609470265
8560,4598.467279844642
78461,19329.18847209237
21106,84728.99930758434
136294,20884.51259127934
121884,19871.548753727904
47154,36903.01993576954
91309,1731.6658422791752
87681,1139.794980369861
41403,27186.532502599937
124372,23848.352803969006
141325,5589.665264610747
84902,8035.9040405115375
131560,14900.679617537293
75253,38936.89849794871
71112,5524.699170230259
71058,69824.48795224269
76814,21243.385418026875
33373,8624.169082321645
135639,86551.75577437558
103565,47665.261200904206
43198,62286.926899811995
9431,9725.108240789428
71803,6965.117172215971
49310,10405.559238027095
124496,21714.65859534264
9689,4928.995665236045
136488,886.815370508103
3838,26591.77547541752
92529,69009.44957272809
13982,12178.884230491267
65201,93179.41305000984
30811,102359.7760019231
79750,47821.01092326012
129639,91513.28544007271
54394,20622.576499767387
88976,11766.47097764482
20566,38591.716766924976
100343,96772.69367766677
52229,6996.153759201862
101963,95082.24963318092
80922,13097.535813189994
87750,26154.90639606593
51956,13983.129714543444
139047,3819.356664427586
144024,10279.945678998092
56012,62800.01351514599
136160,55972.10594110259
110403,27381.465490590577
119851,19815.625789350684
32462,15532.139923250585
92607,14713.191773920043
18391,50478.63786966366
13546,45894.67897137443
101439,45135.910055701104
59248,7408.134665391471
33636,40609.892312881726
37051,65715.9204605348
75959,12774.472972170915
22772,15477.988708391274
13395,110207.35731719417
90246,4138.626647693037
66102,57016.91272230269
114879,14352.674272793243
12722,3618.3862127453854
99570,9379.941893176396
106147,1921.330638827651
11288,27223.51566034458
1172,8785.921180860314
25323,6450.4595348387875
54537,93798.35719621819
95988,61709.59019956454
131918,9815.64327188842
23214,76451.72399882002
119651,25730.914861092162
30943,14041.417117975903
64553,231418.13738739627
117839,7170.82240497168
76941,11493.702495562478
79641,20363.576151114437
133811,62870.87240419074
862,53140.71956726071
69511,25349.09390498605
1751,1140.3546043477663
34772,19469.625805021293
104956,11966.294299051415
49659,68541.42235777059
66859,12526.107885039082
6870,7591.118869483664
142038,92260.42273607157
115565,15252.74124893219
98307,183998.7189416389
49483,4367.749891297958
116157,24813.612942399577
9551,8237.300754558551
141377,31665.14608450693
12302,12328.126442223409
107807,68967.80866362323
105926,9924.918191370309
55461,6098.8041206150265
27789,6689.036328711638
93268,63112.53487650021
80765,24227.183804318105
83731,56223.63194652999
145872,30287.38933267856
85161,45056.70950156236
134831,18890.88481379614
19493,9121.650592977363
23388,12970.412985573319
59363,6787.94476411289
140886,10979.732136183762
104702,2092.0179832060617
15327,2431.4770406247917
66290,8678.967732144485
136850,4917.5523107710915
1308,185646.88599418398
109798,9616.388910911402
59758,7930.521281090038
21330,115749.44699102397
66778,10045.72989935615
17605,34724.59899030361
136256,51705.344470895296
104205,27577.90767537811
68676,33798.068375854346
14423,27814.908982252637
7211,28188.79506928359
38096,91459.29584032191
111108,80548.45366400844
85975,17307.093395197007
22876,10139.454110321094
100838,3788.590373655118
65329,107715.99848302607
96804,33612.24942674543
131672,56212.32123412706
96561,7139.722363951303
123153,5663.224784648792
113159,16392.90701181909
58575,13240.04833511544
128235,2877.3663371063717
6746,28501.39456917374
97389,4448.663260666622
53497,80269.56544116128
108847,27401.842920151987
89675,4864.9459760425825
143258,14727.916934297382
28888,16159.547882233974
103740,9987.204541585226
52999,9860.689989481334
140318,7764.739726439742
93163,27848.94146748314
35479,29853.58962108352
23964,19097.02812293131
90666,10865.945238445587
129821,19313.827916010683
4821,53002.94832327155
146213,6792.2097497974155
37344,49431.617910587775
69836,3242.685885640059
1942,2850.6424182656983
6344,6384.781243805861
11815,9696.791712503009
8041,53323.90995925597
141121,20154.98666964381
67737,8255.29756480376
47138,42937.533122801266
85222,13431.094318291087
32834,6771.278093437589
148092,28341.635198444113
28539,4240.556922622178
124242,25707.95093880641
135706,8855.175568387462
54480,20701.25122803658
79082,8368.483847950105
112040,9413.888661911873
22010,12783.42531414189
30315,11028.704384662062
10033,9992.836793976623
119161,86270.39891924325
94218,2993.821970645957
73646,143790.37465169863
146816,108444.3252861375
84839,91720.03203006435
130700,44664.311111490686
54983,24974.705288681213
2646,29290.74237414263
57028,20212.139348531473
106078,52156.99281296497
91274,27042.311197690324
138189,23468.24115209181
140309,10864.838400428802
119759,7362.64267144193
135180,32097.675599164635
16995,31110.518400125366
104196,12971.189400912526
105228,24251.66492248146
90400,27560.141272974237
52432,3575.983603896175
70501,1420.1896917051668
3909,8670.414991204208
76030,18213.083897457138
121870,5809.187772270618
128281,22231.857729168365
4663,36277.400737154305
97309,13723.428503697809
84688,7890.504951242963
31751,5860.024542672507
7746,19053.8822531226
85162,11687.869266948634
12451,10929.193783496883
94932,112936.83941868818
50799,4113.850180548247
18621,10651.840286157298
72304,11612.010894784966
63929,56979.67656068748
144807,70021.47811226315
9166,1140.7466885933127
63838,42296.96958990804
143703,45547.66866441902
64313,15547.903555645515
43139,174923.89463680732
46099,27695.172167202825
99521,11495.29874523625
56144,27531.389430060364
128775,1325.3700474781174
60273,3541.9762396054603
147554,7912.05047464796
145834,23244.13347015291
93721,13388.289446309303
9464,38392.1391090363
63671,127531.79722301736
148846,2045.8495448859383
12700,27443.270787239133
138321,16510.1635014334
102576,2910.340342965356
43842,5056.28615108598
4235,36922.1087254552
107898,23459.778508217263
2726,6128.881176950359
88593,91912.08496660968
57876,61294.49085648838
124149,145608.19798258826
92572,33176.7534698452
9883,56013.67944033885
18911,35197.18477057698
142145,8647.52297608314
139175,39750.87464506338
67576,11833.624242510083
24711,19483.54143833236
34164,2228.5088460279408
125987,168264.7038198975
69187,1374.2531910764972
34004,67153.20161330118
1629,154386.52792290127
25076,3737.224051616581
94077,51796.186776628936
34721,7022.752482950475
83013,7409.744090854485
48577,21918.11290891959
147820,1525.6933679462452
119900,10089.391965655952
40263,109117.45011878334
98994,36150.52248150207
102804,148660.861605937
78447,17192.970577062213
147555,11342.320555663326
2772,8856.093907032558
55708,3398.6488833683825
5892,10215.432883208801
63246,79908.14793164512
91564,17777.33399336763
102334,199657.4754171443
143387,23606.7078002849
89830,37823.90601041007
145719,64073.13137821505
79485,17170.78481275237
62408,28573.3772100303
125227,7401.650650240651
105198,40209.48750478688
100998,130269.48740829456
21516,57103.593976537006
74826,4774.294299503081
5622,11691.737486592292
29573,17857.384769731172
105802,6635.301341726179
18237,14272.666749333555
30559,75878.98950575
109509,18323.726241858036
147700,6033.426921418846
74418,6705.674772932245
135722,25089.171236116814
143255,6221.939512267058
64612,22217.00429114184
8148,9124.355451616348
123680,29660.375371288967
40576,4834.318966791724
136146,124619.18622292421
69924,128214.29241998933
14743,8243.252214125923
100834,5723.208299139109
71286,49921.8604756917
103647,22209.364537395057
24437,11336.735267643366
9681,20476.374710903452
87856,7412.881377762914
16235,6531.540499071865
131685,15603.954674259432
137994,4576.284061266175
103723,91077.46686279692
124804,16960.338534138456
102341,244773.00425674964
56292,93819.83927936267
129046,5529.386656667122
115466,7413.124097427325
95559,49283.07913259976
27408,54183.330724536696
32908,38375.52051703626
99653,9960.402769991188
128678,51007.07972749908
111479,26612.024258649224
28872,9153.878996855756
20535,12087.456692446003
15289,35493.56298371134
76203,7045.480736315681
66398,21714.599486252708
78803,17041.446232428647
83151,17818.851174744384
16580,20130.130713013616
122160,16348.041820981292
36040,31479.24951712992
24545,16659.724242206543
118243,52229.16976903132
58524,41612.75365248433
101020,220207.4916143259
141253,18044.083174161577
109829,85101.66243667476
142649,30900.148210127274
60330,245472.60070900997
54208,19214.68761153965
139436,2214.6729928718164
129206,19478.58179711183
126574,60381.31796941054
19232,8437.003096755534
111804,8899.721228086757
131344,19729.602046979144
145543,3313.4464607140876
122775,15637.089312832199
74664,6447.041300712226
118653,148170.7591871448
1196,29078.49871311621
19112,44961.588247656066
21685,44946.354147566606
109886,67154.68227004023
141302,5293.400144162951
98284,13422.5335259659
92720,43681.26373702305
9404,59452.29366631292
113389,2743.674456088522
87437,7622.447819589398
4420,52422.47003353709
126556,12665.958055846273
107859,4577.930776989579
46774,10805.954781110559
24761,17988.628513382882
90787,1287.3520069412534
107005,98637.08891244185
64316,17960.92261695107
77888,42559.260586281496
62440,76722.97859990185
75370,14272.171494988577
90959,17993.041511897696
50318,36138.81388130854
86294,17931.097806035774
23058,79935.36859694231
70144,6255.036681884603
137805,12262.033865520676
147233,21177.20403045563
103916,8015.334395079309
108097,44677.1844272921
120841,20258.13605977944
25418,65091.63151024452
67554,3931.5965037943956
133835,152152.10221142217
41496,1134.5395187933195
35472,90405.63834368324
141766,58588.730536188086
133908,40636.97638545953
33376,37346.34126896265
83125,37687.24733045613
138316,33302.87681648098
3248,87693.94166693556
130384,23868.151716185526
92638,15899.818113224053
9941,38364.02615687487
108143,220559.77811052813
79393,15977.740447748576
47456,1979.6034106296192
88859,54803.02311025659
70744,54940.97238041112
136738,8149.323467114875
46480,25098.557115981515
62466,41926.889888268444
10323,29266.75644950818
80446,11292.264342125973
101559,20354.545086481212
30042,1062.441211949997
24414,10783.429616301099
61821,148313.09770147016
10352,17598.768091572638
128501,7255.018940462691
109359,38781.843410343
139153,31798.62135679178
56538,44317.50357140307
131207,35466.72987224617
91752,84944.54685709428
36651,11403.145466816582
123857,31197.555312932414
81805,68467.21033044826
117511,37693.480252937465
79465,5710.279373355432
62997,5732.577917583417
106626,24570.76939412919
91791,107500.33859284059
17847,6251.5388191759885
15754,51473.79210762856
139818,15811.207117901065
31573,38956.56474575472
45363,19124.59782187578
10283,5736.789631764457
86885,36399.52553500028
17276,49984.80487593169
97913,62750.21050184031
55191,29772.201779404
108025,24680.108905260473
81473,47422.15509429102
112449,8623.97518513717
144339,35803.91179617541
123052,905.3791387183333
98107,12281.841227086969
130003,6010.504797446837
43799,187201.9007613957
36260,1664.0128762371617
17279,20243.815923217255
119126,21114.1612714068
109236,5525.940549120284
8738,6478.921310683139
114013,5851.446667812605
91284,2017.8399574898558
32549,18274.537528684617
91132,4348.962760182789
18983,9128.299834167381
4007,68791.76620360425
3241,39981.32989254182
125101,19213.20213406958
59920,7601.362030413931
49134,147357.29764869454
18355,133451.82010580276
10586,6218.437085423311
122081,1090.3216228697625
4588,21614.97349804017
135955,46125.15581722275
72211,10512.012730716235
96139,24241.3355111218
72074,60807.02921977627
128640,4939.1012538315235
33854,13630.263707188198
25308,100460.55016229987
54004,5263.973381313542
145114,22004.38259636001
23377,6192.7240094011395
98109,9844.81495088781
76230,111888.51894615131
132899,7686.745464885436
35025,79028.66223587496
89567,170644.78575734782
141526,15612.000621643356
74793,10239.924009696166
115603,28396.178619206272
62804,6439.393297912404
128127,7451.445618356385
147821,7482.536806583141
60671,21305.268684798673
13330,17043.658469059123
124869,9118.573987640051
106229,44973.56282104032
22374,32214.657566578848
49702,481612.04546417424
31996,23080.52457139257
126573,23691.825379494363
5874,98877.01012661392
72343,95496.44707674842
139345,35579.63928108209
47680,10888.10752040605
38281,59747.697885403984
34619,92504.76543573356
60217,7220.4417152215465
120729,122043.965858303
86873,4508.479533955103
27894,172288.16389161625
94203,15936.83869448938
16102,1204.258113294038
57985,37889.78879717044
6805,4255.416535315771
105549,44640.06845738462
72137,3692.731506231943
99527,23170.638002135645
25839,30919.54541592741
146699,11088.769864689959
98739,26156.578628062314
93549,17891.64472794131
23961,27514.660178342714
15066,124031.23950630389
40926,81436.44567163686
17753,16475.031028568315
37131,10276.488528446096
36493,2947.927673899289
69959,42468.961668372984
33299,8126.3189664743095
145475,1840.411559280155
15225,197829.8769980014
60691,42139.53176686347
15886,97755.51901198014
49841,4415.622757665358
67535,2602.866596535945
28964,23521.83245294109
113110,7276.265683639074
26371,3506.7289339333365
91358,8073.08205156254
40243,5581.599513377011
104609,34056.755781552965
102113,9894.296777252634
56475,31130.87478948556
129584,258840.46579344134
80785,35018.22772293886
53040,3968.6231075375144
53246,11584.039955821047
30557,6778.129187016737
77147,13149.618062401965
12852,8863.956880800433
134407,34663.16070974518
16806,16518.550894371474
74410,48787.55695882616
38968,54996.58278716466
93851,45310.969121424
5897,45749.270563040714
125480,20071.748060560174
79295,9275.178022868999
5685,24161.942023380827
41181,3704.249350435872
147036,1276.326025615832
28115,5315.229960586152
105686,11655.409969306269
62816,66103.17346514386
112781,44515.22056976246
105146,91223.51009665603
77840,6169.011388595469
83865,6051.4571749421575
30132,6854.241084444142
26548,43799.81521026496
113150,159161.5553806055
72928,9594.06250260274
144646,4757.499891622721
119089,27917.681917855258
47831,39339.35080855869
64618,2156.2065975202245
106855,21881.850799223757
37773,14223.21140192159
125398,8277.683636894557
142626,12039.567291734926
122624,39368.94050264071
60867,14645.103132617773
56401,5128.127719330778
16815,103000.41125955697
149045,54758.2041025294
45787,86566.57298308657
91075,3654.3978542175964
21023,19184.314571604642
106992,55806.75283045061
20090,6441.5286820149595
105548,14569.762151749968
40179,28953.253157159445
71020,57783.36804965719
42481,75098.43990599492
138793,107297.02329801963
24940,28256.958043036644
72372,59523.637093239566
119144,8565.551638079198
49049,5702.379144926313
101122,46240.32785577028
64569,2636.374459907827
65193,1801.423207958378
17135,72464.73355255355
33182,14036.801519980783
114718,9998.7372018293
13114,26751.804536493943
35010,2194.7337093277542
53293,20525.831300996197
54501,147386.3805783092
35782,5801.728209799706
70513,1195.4309164155127
65647,6380.1983702814605
121654,22367.655333433748
17294,28527.779762578622
56821,102034.68204332571
4538,2699.3734482752548
39344,4293.231779592288
30124,17690.071559094096
44936,2694.436027557699
54123,10947.12480161414
67985,21941.599398056987
131720,68215.22972203765
125932,120481.7121695745
79668,11996.900246481538
70034,64162.481142631616
44173,3695.388053795021
8953,11755.053812010836
1550,7084.443606562607
130015,37560.94444055985
47850,206363.14927979186
18337,60079.61830759914
101434,20063.670649526008
16574,64270.103326678975
78822,23469.005302313744
43424,16249.660005898211
108974,42255.40269389943
63473,49948.72721669811
109046,13499.590766339206
133281,9020.977099489854
99616,7351.6334505733785
87847,4680.492486640336
7744,97667.13326526931
47899,30156.487657734175
1835,86638.21789026518
63874,167922.89380411827
98003,3815.709089486788
146859,141788.21060292018
21661,26863.621018555255
74032,18736.772146055966
77897,48177.271070014016
63449,17032.85297136139
83138,15951.995377341487
129552,24968.74757444771
131619,42694.613901641795
120352,16324.423003972346
12142,50794.514128763636
143245,5556.619763946822
147279,49465.293161352376
8946,36861.554796051474
32928,4714.3307287603875
98753,6608.111399306757
86709,6491.426257776771
74583,57722.89951739312
38375,10689.036557265426
147362,8401.101628941324
35011,33312.243489022585
16591,4704.246527192112
129337,9924.036572168417
127397,103607.40400446279
69292,32787.38818740287
61953,58469.48098282212
30793,7315.608292749852
137098,115642.39841532463
101788,10634.936266633735
109520,4868.8379132711325
129711,3289.5737494663063
66628,74733.32661047815
123078,32774.065604764226
32494,8097.658110797375
8276,11924.963315349727
115489,9380.739521080473
100040,3602.7074559532093
143323,27815.71556386578
19012,71311.94742999137
105695,45488.72057770136
106961,29936.264207106953
149276,3592.653161332677
66675,27787.38869536629
105184,44968.744886036984
4946,4911.438874809957
130106,4041.5171892098165
57241,18342.70146762261
81109,5055.215763425067
59500,12557.635253875038
141769,15516.983323123775
41469,13159.350243253035
110938,10182.194361821203
89568,79122.04973496508
29038,65474.834673453195
90134,6218.7551857787585
131892,102599.33637001555
47276,16679.377328307444
27458,16024.3573244554
42063,10494.069682654728
87945,6777.750683207511
56409,3411.205994134245
74078,13113.72962491003
134966,103044.83217675798
101960,14837.006001466509
116533,32012.589468823222
66790,6080.548698323838
79981,16061.514391012233
6857,37390.13192069875
10585,50700.66270457539
50632,39117.549513912265
62801,387085.1750485942
31258,29597.499996064547
21211,152652.4221227103
142304,124071.53850334814
5171,23540.25418510537
84927,66147.45337014535
17647,16609.371142175583
149075,7448.540537629982
119516,19101.74333188351
64167,7791.583900120635
52115,41596.48892820411
25393,3900.3461537746193
86990,126658.40355279499
112213,16227.70736092228
8182,16708.109190363608
118584,55522.2351575676
111262,11145.098519313276
50461,70298.0368960897
32926,36421.869513752725
8899,122889.19073553653
139932,896.9271772088517
6443,7678.782925975352
100087,24429.075594802758
123989,4528.333168323476
54868,15832.558246421406
143058,14530.420077616402
51666,6347.662720896877
35404,13490.41717420883
98420,27821.927402847636
77814,81642.17065855052
108666,18351.56473590198
36034,31055.617035047115
37228,23156.40932188912
121340,13840.226529963937
86872,7821.592285685719
50376,132053.42627965508
11585,11640.612412752067
13595,86666.75554838544
72657,19912.40682614969
59332,10463.158299548599
123103,2573.2579239205197
110127,48532.19244992971
54717,37992.05855328293
44432,1281.258146655641
8516,6921.696579756714
23114,38975.6505900118
131770,17565.461706448834
110652,24601.46346070244
11496,2567.003770272616
134651,8691.24767023922
143839,4866.656728740059
5969,2408.954504558474
81003,134593.32752454694
48883,35630.45357573165
116168,6516.50035900197
2168,2389.4675235344926
70928,103789.52803289595
70111,22554.39525057865
74763,4478.344977866831
33807,82187.11108154622
117562,11754.773884284532
110914,6371.792451304583
71297,87626.77500096888
117190,7045.981668526475
25255,17236.374546225063
50961,147983.26126159116
45827,39466.21537482782
140016,90753.79193785992
125560,4365.1589064287955
126468,16868.722087645096
115013,32272.375354289492
131628,10234.932304945247
16640,17462.28089745502
141550,94770.6699370383
27696,83359.968479383
39959,142968.2714891568
96661,6322.7319628131
101140,76275.31700699647
125500,3375.054916294111
57948,384324.2202076891
96929,18223.136643075315
111275,52121.177676325424
103905,11387.538536430431
110146,35854.70763099653
89861,11275.647004844512
10579,8358.423899385682
35273,50313.85833280295
94781,79556.3377024128
61283,52793.615739305926
113439,12867.023328241068
45985,145208.44433367433
117630,3093.733971763385
5629,15325.625139302778
115036,24689.023716972893
52659,26934.06080151919
93109,6095.086649031645
76891,1928.9588341651079
145522,17210.418331244986
135878,17230.69928715596
108562,7524.893667725596
24885,13785.572049134338
47941,9331.893770428309
23152,9989.737678228708
13393,41663.30042397102
112683,51532.70758532551
15305,70160.26866576573
19880,40552.081276165256
71801,17156.619898609242
107429,15638.110504136857
104908,18098.601362865018
114133,18051.74002382267
147387,20631.100084978767
100851,8891.207438383386
120575,21704.131073810044
6135,47298.8811786053
132218,65120.627313892735
110175,9481.150674505114
19074,29682.010278186986
105825,29621.142408084932
16422,4830.896226251722
53388,68843.52754993815
4284,20839.055878429506
56465,32289.598451654456
16768,5751.356227795589
72285,26279.830973405686
131600,5454.066918952076
16626,11616.69526789686
40755,29384.972801639084
41546,8067.641986023127
57601,19515.431831905185
50787,168401.73574816616
54217,49205.73139311538
96533,917.2635628703107
6239,56710.80741471231
84764,61502.4490696153
9722,54253.76212194091
100480,3324.463206234669
95465,3501.6306487143793
59586,6545.248241242222
35459,38161.85904972388
38742,5947.567818504327
112935,8097.461116266658
63122,29550.393862690238
146805,86309.33643207113
63025,124860.8873097187
41347,6860.196857806462
132701,20108.193353512885
135289,93461.97048510128
133838,30123.46454177125
82697,3214.955161625775
103635,36502.48264365709
18393,13209.399854959383
63267,8548.567734529832
118458,35118.31100646709
77805,5396.263571497702
112177,55630.27196954937
130196,29420.393278454052
127001,20283.093707236356
23970,81624.14807272008
101271,241142.5575798336
17251,16799.733886718892
144717,8064.602468288955
73511,41213.303418470234
29072,26839.947187334597
74160,4550.795715686771
65319,114057.09000203891
32543,8279.97582864374
129155,4257.150439147576
77377,6230.69266365481
93781,102298.9920182259
38626,37150.94784638984
64339,33670.1338270063
21018,35446.50283777986
114005,17476.50547855388
4467,28939.164763579844
94687,43153.12121869458
24669,25668.809279514688
2035,13358.43237634662
58519,13105.11309652857
99312,50039.97256721934
81636,41016.07750671868
127472,19715.745055875945
149042,69553.24607848786
33889,36897.47263352216
82845,16161.002752103386
102911,34586.535323425254
100458,86033.54752892084
99097,5377.0217339361025
144289,38822.435208872725
102231,39200.6310498087
141103,45043.80988595188
19027,7648.301275180312
134699,26926.24178904275
41069,74706.09533458856
89250,18998.22768449354
66472,186556.8734966718
69727,19961.93185447027
21904,35564.63306981988
94097,20125.37557939938
54627,5922.075725105996
62881,102772.29177042068
65029,6455.626618152037
15079,9163.187966593705
64741,10671.54956761315
115585,15238.726496447356
124191,97099.47925314182
72692,63505.88738377212
99771,13768.912784525019
94516,31862.622481576098
116074,17797.07666123526
70272,12063.979951668334
82347,13659.865899372402
108891,35798.81694250003
120356,2065.3427388159366
34333,24797.050468204317
74146,20479.478196416567
55366,1837.2205990021614
59436,3398.9100109800297
8789,5261.885725408651
44890,20268.405526313443
118706,38146.98453949271
131071,80491.58029628391
149581,219119.88726950547
50338,114762.3367744548
50303,7277.101649629912
82486,26912.644179156676
79030,70971.24367488599
119053,24631.719043010027
120437,10067.760597315317
121305,16511.938626574407
11746,39741.89069485638
43362,71336.58928396068
132586,4251.5488828965035
112646,17004.238559960322
141508,43160.22197908738
61665,44549.5815877447
14389,30965.61733027702
121045,57956.503172692144
99044,33049.94659578371
121060,13441.715550755463
90041,181784.23723036243
133179,21843.663884373054
18126,66310.19242194822
81568,3408.6952603469726
28201,50943.21743421629
73184,24743.844137247186
24832,7774.275365988959
149833,53938.73073952002
91665,17291.08380922004
49914,65069.86627681875
114491,4539.071961798168
104059,18625.398293616494
66300,3386.356065034811
132965,26840.111073457803
65926,10312.77080279914
25683,44805.46980631843
106807,8509.10086890729
22261,6438.747136928314
83045,10092.368939149324
63580,23120.22544705037
47999,3635.4768085646556
51403,15887.499266769099
80124,19257.08699219335
118093,3047.502606188937
19658,30594.3672534512
126141,10221.490268462168
147693,6147.907733150674
51192,56771.65360113058
725,16054.992524234785
142,12980.525975109385
144930,6186.73407552459
91633,10740.582862284524
72172,2369.08054001721
82931,36683.34265771823
19458,54073.36974878916
111211,10044.520993654265
113676,5025.762570637108
101048,11067.491027849046
24331,51056.495514630675
97508,6351.470293020463
83575,192948.64851908947
86305,15535.751714036167
119216,90374.87424777758
23804,3831.984080288947
141379,1073.0467740321917
90535,143902.50531759582
130174,31752.30014632035
33549,52433.712562284825
105632,54337.26928851136
40880,1754.0755473470745
70772,11369.676620291999
2204,3426.2374155503526
112651,9763.592240761862
137403,61785.11692316376
4021,56409.582490964254
127300,27602.8864902844
114431,11359.835524583337
39756,4298.646188785237
38559,30612.76314991014
43854,8937.61796415378
30150,18304.186483280617
69036,68604.27415371804
95496,6646.94337071077
140612,8568.57124586758
79899,13608.414068191865
89846,2153.7063258481103
79997,27250.024077106053
67701,20137.95199334624
1743,1893.6036069269558
47264,3255.4404702007064
122492,44719.22833306712
133371,1138.8271535270974
87618,27479.062597557153
18817,3613.493157470185
144827,7914.700804087628
132960,60381.56438266392
147193,71379.75007597529
140325,26045.846293701165
67586,23039.769513253792
102487,9381.02932659557
41489,26634.664835774616
1532,15991.343254247357
114859,51699.947615139434
56622,35761.62861726569
43057,197061.2643671186
15952,59828.12376707988
16798,33094.022748727744
121938,8498.71077598216
87263,10214.446674638019
105071,155165.93315266428
110537,63427.807788697886
110687,30100.70330887058
3698,2575.5308443282847
122837,88147.473276578
89972,4511.287881812023
75545,226248.82688470825
100701,8895.78955377343
129894,4506.910504233432
10921,39210.79488873153
129176,59966.130109514226
67584,15310.510445509222
67544,57889.3955590562
109193,53205.52317179546
141101,13378.553595060166
82113,20011.51952745392
41447,15957.51737655004
95100,13477.062843066287
136701,75792.1893082724
1344,26423.39458573864
66734,28543.915730425284
84003,83976.1893484678
94601,17253.21619653174
10800,5586.5969805757595
120233,18495.289341399635
42794,49150.11501450233
145149,8750.156520164735
137804,9598.09751522383
134838,2526.300579172459
146202,19018.938968371003
123135,92742.70589410503
138994,37019.152173893846
7122,38920.58066110064
102722,4468.834380299428
23262,17494.603233640697
85330,123392.34165388104
83169,10188.464693346406
17639,48947.76661213339
30983,124059.27875625028
91600,111233.08467621263
1694,33823.47121230221
83710,217758.8879294038
147234,37782.137304185046
18891,5818.539035631207
105837,11105.289462230467
95119,2991.757071105962
16764,71247.12818358299
135831,27172.949425205235
31859,10978.42157407062
67111,29791.087401013523
123818,99910.53184063765
43764,14544.379304733611
7862,14376.657134164267
135271,3381.3749452349916
144606,28760.429149089123
134953,3175.960392230475
119470,68570.67496724712
99965,10784.119174995452
144763,9722.890933751192
149986,18066.08177535368
22645,52243.83128067733
99412,12887.599528143306
73365,30725.583188673732
5211,239883.66074105696
73695,13043.882017595979
6023,44951.670571949864
126990,2318.0659644134876
122679,6107.8519512432185
48635,56600.13201600053
99974,15689.969663971942
100787,10384.568833687801
59130,7886.2697255390385
112955,8858.834810696162
102714,36805.75019098529
148528,72995.57072597332
93900,1409.973967825591
46942,5258.173782915469
78048,31277.421345159615
148858,60835.99797334644
58987,111651.75823824364
66517,5777.2812114717235
24037,52844.99208379233
63550,12237.725099187233
88382,105931.41951745702
33208,27370.288944077096
108629,28780.410295838923
113252,33030.75253378586
116768,203134.10547656758
133861,96576.05587234879
114069,2161.8422800284666
90741,41297.237033864956
132780,71133.52239627777
1349,69725.3905221538
48569,63870.48453358635
104396,44071.452309941036
8331,37245.69243540472
36817,3614.7196360099206
72054,62095.15268684047
29772,7963.845017657181
13005,26923.63110293416
111656,12157.056845745363
295,52856.286798453664
107373,30634.442837623683
14948,44329.02917387633
106605,25844.88199070774
92976,5353.694610694445
121101,9976.766707018249
83281,87925.77222189032
122375,2883.9296721639994
119819,24337.54805628693
6108,21383.445152132874
120347,2607.213702543058
16643,20141.065381283213
91649,107634.82145329018
130612,70097.58717918873
12767,12391.58647040519
96233,118495.34333684173
2712,20873.128180125837
127009,38609.64916817192
112201,122184.57000856972
22248,239941.82098622652
23447,4644.0466718923235
122716,3156.7885475907697
44381,36457.37418007149
51653,16543.75606485143
127640,32579.498100774974
94159,155458.58196899312
96120,19235.940421706568
16949,35307.83995644829
103236,138923.0648373748
14092,8908.40121984707
109512,44565.87453895457
39829,13032.791303879481
74223,6432.169519764488
120540,21683.460010895986
97252,16816.14702668449
105662,15692.66280815198
106769,11943.10691323871
39348,16210.65015578644
70293,17097.889965486815
98088,12920.8035566506
1616,59458.66157717957
9803,74031.96491043721
18130,64011.8488086126
130282,141935.11318902395
63602,35421.78862950944
108318,59843.896435431125
108698,6412.984926159568
137483,12440.123371961985
85104,3128.8439596953654
29348,14111.819535276692
124366,78924.7113901538
52868,95195.99437330307
1521,4648.793249818122
83285,33513.740876715274
18175,210138.40493520122
147284,18356.38926582946
62579,7435.223738191614
64270,12250.076346062548
63350,55313.73991830212
138753,125466.04077557662
26214,12034.000207797057
3474,191564.63556566354
31154,104427.09266082027
33878,89351.66710514572
74327,26124.804584572164
48924,54210.37847177808
990,52680.655551566604
80464,27201.23105848846
79245,48555.16252675631
127617,259383.5148310031
14520,10742.381283240904
2684,27049.083160586895
87838,3531.188555206956
30214,72695.35098347408
13694,4044.825204710676
89474,6683.721348905664
37594,25900.81017954871
133013,23475.31623643086
129769,23489.259693049225
40969,20314.728612723215
52972,4529.258661842413
15843,38165.1591375594
116431,12811.25165766008
102975,18945.861656014637
8176,17620.784437679686
1818,82569.30955366124
131211,20200.827915456237
86288,33491.68316060796
11958,4573.511811504422
58653,4745.466627671427
20937,29470.321400563218
49349,25735.736388029196
148591,20046.40512167808
31942,21064.10966401855
112291,4195.4329238410255
58393,19239.63928770707
79553,2184.5833320814777
3473,8242.679769893744
76403,26438.17710191255
65899,13983.881927708439
108317,2702.1628161626495
123114,65124.28514748155
12995,13191.901183500979
77512,11278.25878281802
101146,162683.5555192526
37245,4754.261109858276
124355,54573.54306630007
4052,18723.46028775394
32839,14710.849897060876
69138,10108.764498043412
85776,11353.22581375187
38325,20058.85219047799
48600,7134.213108363147
30218,12743.674573307639
65363,70377.24917701556
45396,85646.0291195435
30601,11228.625256426
39031,105488.16519389335
121043,50336.5705710365
42343,29852.966106535285
93359,3041.578367341228
42125,4709.7723596300275
8761,18892.26510414703
123198,16783.755663502925
22680,54518.008390317416
76216,42407.614041569635
100134,48611.959640964495
67936,7218.593967360509
42337,6428.731440660681
50589,8544.142004477078
93313,7374.739565450732
138433,21885.189657344756
1707,15029.538121205764
22807,88970.68784454738
3286,6867.670390195742
16957,53745.09649793919
20144,5967.154161518159
10089,14834.590227617757
87427,12776.62302776349
136924,32447.486684218246
95964,16632.16522158349
142094,7551.112860071447
92452,3280.8309950041257
144384,56511.66709005086
104195,7688.129947277633
116391,1502.21078424439
9059,82215.71202613993
64688,32666.63697596885
122412,13229.936198250969
26591,50622.790707592285
32310,1756.778840743512
60374,10931.288540041216
127372,1754.8226806902783
40521,18528.939602452614
4777,8525.102298507541
82417,45243.05759972101
96680,12096.259179356626
110639,5331.488662827527
132000,47689.229321826235
91770,5281.852114873202
134352,3462.21134443386
134873,61477.12887965174
8644,108512.59156732098
147581,7166.619374697417
106603,5537.580062473368
92848,7600.656197446736
26315,2803.748041425294
100571,5056.903984341292
134426,54920.84916806397
49847,59374.30608631736
38799,19678.592619587256
121768,111433.96434301452
82310,20984.854588451923
33053,26834.3508357858
126661,6737.235359049542
45784,6420.738666648849
144896,17636.705413887557
141661,3244.1276546975696
88161,144527.70979325412
55771,9810.909878666735
94669,15012.440745122884
85691,132149.62704280898
140206,7370.142233467109
97336,153314.23668865918
97243,18541.616609756267
8911,53006.1557753186
74723,967.6631724101012
31704,39468.78123978812
65314,40361.61878159459
133425,25990.57790141995
118619,33130.076455488546
51393,2479.669954682115
34943,42877.64118900644
104302,40294.55313456275
128594,24836.059723110266
21882,12235.88138653197
14428,59102.248066295004
63696,21146.29660862816
119681,35260.76464964842
27381,15427.987354809662
67431,36200.07861637597
15392,22185.551609315145
39698,59050.620165315464
94229,8757.2926153882
83283,69073.95636227174
68900,11051.189804868096
86135,2852.801484809905
31548,187446.1767712888
58842,26822.913685986452
49556,71313.02975368795
49148,39245.44899667672
50834,8919.918866686086
60883,38556.099266224606
106211,4736.690089067722
122419,742.8283137746768
13217,17640.447307392402
52532,5470.588344874082
107798,4946.658732089602
123098,55095.00356133491
73296,4911.947868936907
17655,45724.64077659395
87040,13060.161357099574
89267,6261.790806417259
116803,47757.395596923794
22965,11200.897203473885
116981,84546.76255930448
76232,14534.503496590836
132624,67799.81813538738
127588,13842.083125181383
76098,48921.927163053864
47829,21877.22334077684
86248,4146.6990208976185
46582,36280.859504215696
11545,114536.74253825216
10011,11984.712858276916
117938,5901.655348790521
88045,7648.477345263098
90106,18501.69975256777
58213,23783.96127524035
29067,11759.293770952605
101982,66872.4508545929
43101,8599.167258823056
119298,10589.223659432586
84984,22995.043385366163
39688,102263.00447500998
50290,229509.66436529602
74802,7280.6685159324425
129938,203311.99424551416
119564,3721.130629562566
26281,4600.031125928473
34112,306764.8938582776
2494,2075.143245670375
95704,5025.965278860305
87288,4949.1406031571705
55593,20580.396768568495
53838,4644.543437140177
17614,4114.925546477173
121172,12520.576344416673
75809,17144.4693698036
126888,83516.00702628249
66045,58735.42048606605
44954,91312.62885661708
27830,22816.9493642298
57145,7238.996502767275
78969,16174.494929826693
71585,9264.69143213089
100500,4441.935609113965
75095,152125.20809877675
46540,243688.8006305639
27838,3499.64263455082
116150,8032.062024176809
134752,6076.814525817276
76952,63274.70156026008
119340,378654.2462233678
103396,135677.27196460633
118578,242741.75123046507
32162,4429.891810816542
1413,51040.04220604985
143878,28517.55456377949
66864,192189.97094948258
74891,50422.56830085848
67707,8736.879712362836
110673,91981.35728990335
110807,136660.99978439166
128460,5234.703045793112
146806,4795.735715570869
23031,1015.1209364670643
9715,19807.26552878185
106753,32544.38428898345
149080,55324.720037876585
119318,54938.71685765755
97988,99538.78392125703
107354,59339.25942032213
142013,6370.667748429658
72293,31775.54137181142
97164,34531.06880747651
83923,29402.720047740433
37318,25318.7989948371
149425,67017.73831954638
129999,3204.206899666279
47793,53778.52492834235
129632,23476.288697797027
111843,69999.73179371176
44563,86734.90057480887
139434,3938.9084858705273
36451,41724.409416667986
45122,39191.024952586886
40166,3761.6250502528956
140564,118636.57944726988
87504,19737.591636985573
120987,76598.9504928599
105885,16872.134287203833
145110,19178.603318507634
128291,11853.206025254016
19898,7937.601750675462
96564,18118.81690877894
71738,14972.1801993929
67780,14395.94066093379
46246,107834.63369324009
119369,8515.21436660057
14836,71087.6237397193
88904,8258.95528197069
32619,32285.219764693473
24875,23741.97486668978
104350,9922.72200052946
136471,11872.185563914556
59351,74175.03876357885
120353,215816.4244584559
92695,119400.27532720381
118582,4288.877193167121
90508,10830.610455208609
73145,2460.8819082971586
92880,11083.044982226807
67105,46623.59724646353
6821,19828.053186654888
62155,3215.9161758368477
54141,9732.824392925382
89885,44994.483457438444
79779,54276.194310983374
104606,17545.1564238297
95456,7004.908122137853
18166,21247.988041539094
66263,223958.088452907
87106,20073.12999988607
92289,109958.51692002836
97479,150397.52949450526
43298,8646.15487755362
3824,101703.69994314207
78248,89451.09406672728
20685,5369.645360705609
112052,137307.50924091536
103322,4925.711062901382
110160,125285.85459725803
123877,25808.01841648534
34907,45300.83616886921
3195,5895.676685025817
12444,19570.039257833196
109299,3289.4605927100893
62559,18405.671008141813
105709,20944.63308498966
118239,29272.38731438668
147532,4437.3373753386595
125670,55211.503200316365
29340,29089.729535605537
32291,11532.799570277486
6897,25587.098826838293
111244,15771.644844685696
29046,46781.782697336996
89520,13678.37612968143
105433,9667.22697967473
139164,139112.9386352678
74534,5891.436657802029
142995,17859.102086176947
118341,3514.139287151179
42034,10772.46493960533
55754,143026.7420071947
119807,13407.924122197835
77299,20782.382964742177
51120,8854.522560787052
12898,11986.723073812973
20240,13292.456731068325
36012,155074.0357925574
80710,9624.568910075013
51945,11409.572091194714
81955,28555.72818573742
124383,5584.239838808926
140444,42010.98710756288
51464,3412.9073632353757
55524,30239.610700681464
24810,7993.506953330174
56802,18457.762263019566
117182,57512.13768273505
48436,68435.97531263658
122930,10820.031831394726
85036,313833.659099885
49251,47672.60279694352
54629,15926.33568936823
22955,113241.75618159781
110800,4625.8083871699655
132115,52399.271667546906
118011,2545.8567655817933
41445,1545.588213851664
139156,13437.387470171348
43434,101207.85439219917
111282,47980.71737023795
91320,3142.5072856478955
120813,16085.745910043228
127073,31223.863511092524
133024,72169.83592684464
1963,120402.2079858172
148526,44390.46201029637
87108,6891.060873780853
67773,19201.22676277474
57043,10794.19144798764
142455,4993.0138325424305
100866,30549.18534255009
122873,61030.440318314926
66985,3306.819482999562
108473,76127.17090945216
82804,11138.498540049137
149274,2925.121605772808
40190,9237.233422850997
145425,43733.54728704726
29291,60928.96886242693
1493,99358.65546144718
88420,33168.296925730334
25507,40694.36802135651
88884,4969.270175080017
37663,43028.06909042869
127437,53452.85981218595
98467,39378.85432699089
85016,3885.211166237386
44793,25729.55394444909
48935,171709.53719807087
78910,51610.84961926694
85592,59215.87140074617
30829,55874.41534624631
99964,13480.05385584307
115969,75325.61526115195
18492,72382.62102483015
148993,90662.09311388787
118716,4917.552028984022
56222,17004.62364753433
28279,41012.205697192374
132555,24307.038430462508
42179,39164.230288150415
7216,5969.549240836072
64462,3378.186323080955
63202,77969.62880084146
98579,13664.636385438183
39974,3952.5860454810945
111662,6973.334718946015
120966,5723.205267932672
137363,1921.331183347751
85064,72534.65359113677
122809,32846.72663415607
18539,8710.255736705789
54304,71232.60974476826
127546,15594.214991808312
3171,12339.795491777812
110278,15411.766325489689
19212,30237.181965842232
61477,123696.2924410601
52001,29024.15392159087
112329,72821.59644507323
45913,18796.338791750914
92164,4315.349542759133
37958,6030.167164612418
90931,10670.140302710499
62496,67005.8843573398
71364,19404.281278291048
49323,60048.633189692875
106600,72073.04587084056
4880,54735.71639243182
120654,14471.942495135652
16438,8079.213812145041
133849,15791.119007226838
10035,18439.48204552931
72420,16874.259519079267
47756,42347.19659129655
67042,7344.998394971801
20185,39253.56157051123
121744,165209.76177513466
40237,141885.24898739683
97598,35853.13072439285
96982,11646.114618584012
74038,107704.04607965397
75862,8173.746113725194
83850,42477.62070451522
2456,23841.753321487944
66842,90371.74638833798
118519,69801.26736865367
68777,21140.56742218768
29949,33562.78522746258
149752,14347.480615774322
75325,5811.6648436130745
145030,41962.08995295102
101309,9463.464940003643
31700,32176.521486345424
82197,74938.54511413301
120767,172656.4393106978
89689,104862.31440769648
11770,5887.302045783908
120529,14223.22110738423
87615,9164.975576927929
67753,16262.218802723417
8542,15501.853469280466
39869,34174.63941355644
95991,126063.35427011072
39266,32014.7296867908
100095,7756.854063968221
120189,98537.24089188976
77306,5467.499650029018
95117,6609.816598962841
140330,4887.592229120179
24595,16525.17636131901
105737,1874.7107848243377
9759,26902.251091863505
18796,6252.4525250689685
63538,96891.43874540938
47797,10480.311808756775
108546,39825.15919695166
111959,2340.6851354374376
75691,85066.76330966625
129115,17902.96480492776
114085,42935.02380950166
146627,159559.24625404965
19764,21501.947805381995
40122,6643.555096998746
65507,44265.65037902209
93473,7197.334339903137
141035,92716.60550382268
1515,21889.017244459013
54024,79560.48926986009
60353,25115.421777870506
101891,100584.06485923786
106495,155421.5241661945
31936,6512.158213234488
99482,13676.625717394616
21288,11827.998556912651
138360,9299.612426905122
59756,23567.221344231624
118137,6111.258284268277
142640,8409.280961605673
127434,10822.506413118013
94407,31024.355260292155
43340,63232.084626145566
33997,36012.62494467158
103687,5805.3793745581115
108504,6835.906996491542
